episodes,autonomous_execute_count,autonomous_execution_coverage,safe_execute_count,unsafe_execute_count,unsafe_execution_rate,raw_exposure_weighted_unsafe_rate,consequence_weighted_unsafe_rate,mean_expected_policy_loss,mean_realized_normalized_loss,human_escalation_rate,gather_rate,abstention_rate,direct_execute_rate,post_gather_execute_rate,missing_t1_target_on_post_gather_execute,regime,policy,consequence_function,c_G,c_H,c_A,rho_H,beta0,tau1,beta1,tau0,sweep_family,config_label
36919,0,0.0,0,0,,,,0.14182399306590104,0.14182399306590104,0.8999160323952436,0.08952030119992416,0.10008396760475635,0.0,0.0,0,grouped_iid,ARGMAX,LOG_TRAIN_P90,0.02,0.1,0.5,0.0,,,,,reference,FROZEN_REFERENCE
36919,0,0.0,0,0,,,,0.10000000000000002,0.10000000000000002,1.0,0.0,0.0,0.0,0.0,0,grouped_iid,COST_AWARE_BLIND,UNIFORM,0.02,0.1,0.5,0.0,,,,,reference,FROZEN_REFERENCE
36919,1516,0.04106286735827081,1481,35,0.02308707124010554,0.058432818109244326,0.02308707124010554,0.09765171159934154,0.09766299195536177,0.9589371326417292,0.04106286735827081,0.0,0.0,0.04106286735827081,0,grouped_iid,VOI_BLIND,UNIFORM,0.02,0.1,0.5,0.0,0.05,0.95,0.05,,reference,FROZEN_REFERENCE
36919,5,0.00013543162057477178,0,5,1.0,,,0.09998645683794254,0.09998645683794254,0.9998645683794253,0.0,0.0,0.00013543162057477178,0.0,0,grouped_iid,RCSE_NO_GATHER,LOG_TRAIN_P90,0.02,0.1,0.5,0.0,0.05,,,,reference,FROZEN_REFERENCE
36919,1519,0.04114412633061567,1479,40,0.026333113890717578,0.06126843959834225,0.026385153559500607,0.09736093058528437,0.09746879311835792,0.9588558736693843,0.0410086947100409,0.0,0.00013543162057477178,0.0410086947100409,0,grouped_iid,RCSE_FULL,LOG_TRAIN_P90,0.02,0.1,0.5,0.0,0.05,0.95,0.05,,reference,FROZEN_REFERENCE
36919,0,0.0,0,0,,,,0.10000000000000002,0.10000000000000002,1.0,0.0,0.0,0.0,0.0,0,grouped_iid,CONFIDENCE_THRESHOLD,LOG_TRAIN_P90,0.02,0.1,0.5,0.0,,,,0.5,confidence_threshold,tau0=0.5
36919,0,0.0,0,0,,,,0.10000000000000002,0.10000000000000002,1.0,0.0,0.0,0.0,0.0,0,grouped_iid,CONFIDENCE_THRESHOLD,LOG_TRAIN_P90,0.02,0.1,0.5,0.0,,,,0.6,confidence_threshold,tau0=0.6
36919,0,0.0,0,0,,,,0.10000000000000002,0.10000000000000002,1.0,0.0,0.0,0.0,0.0,0,grouped_iid,CONFIDENCE_THRESHOLD,LOG_TRAIN_P90,0.02,0.1,0.5,0.0,,,,0.7,confidence_threshold,tau0=0.7
36919,0,0.0,0,0,,,,0.10000000000000002,0.10000000000000002,1.0,0.0,0.0,0.0,0.0,0,grouped_iid,CONFIDENCE_THRESHOLD,LOG_TRAIN_P90,0.02,0.1,0.5,0.0,,,,0.75,confidence_threshold,tau0=0.75
36919,0,0.0,0,0,,,,0.10000000000000002,0.10000000000000002,1.0,0.0,0.0,0.0,0.0,0,grouped_iid,CONFIDENCE_THRESHOLD,LOG_TRAIN_P90,0.02,0.1,0.5,0.0,,,,0.8,confidence_threshold,tau0=0.8
36919,0,0.0,0,0,,,,0.10000000000000002,0.10000000000000002,1.0,0.0,0.0,0.0,0.0,0,grouped_iid,CONFIDENCE_THRESHOLD,LOG_TRAIN_P90,0.02,0.1,0.5,0.0,,,,0.85,confidence_threshold,tau0=0.85
36919,0,0.0,0,0,,,,0.10000000000000002,0.10000000000000002,1.0,0.0,0.0,0.0,0.0,0,grouped_iid,CONFIDENCE_THRESHOLD,LOG_TRAIN_P90,0.02,0.1,0.5,0.0,,,,0.9,confidence_threshold,tau0=0.9
36919,0,0.0,0,0,,,,0.10000000000000002,0.10000000000000002,1.0,0.0,0.0,0.0,0.0,0,grouped_iid,CONFIDENCE_THRESHOLD,LOG_TRAIN_P90,0.02,0.1,0.5,0.0,,,,0.92,confidence_threshold,tau0=0.92
36919,0,0.0,0,0,,,,0.10000000000000002,0.10000000000000002,1.0,0.0,0.0,0.0,0.0,0,grouped_iid,CONFIDENCE_THRESHOLD,LOG_TRAIN_P90,0.02,0.1,0.5,0.0,,,,0.94,confidence_threshold,tau0=0.94
36919,0,0.0,0,0,,,,0.10000000000000002,0.10000000000000002,1.0,0.0,0.0,0.0,0.0,0,grouped_iid,CONFIDENCE_THRESHOLD,LOG_TRAIN_P90,0.02,0.1,0.5,0.0,,,,0.95,confidence_threshold,tau0=0.95
36919,0,0.0,0,0,,,,0.10000000000000002,0.10000000000000002,1.0,0.0,0.0,0.0,0.0,0,grouped_iid,CONFIDENCE_THRESHOLD,LOG_TRAIN_P90,0.02,0.1,0.5,0.0,,,,0.96,confidence_threshold,tau0=0.96
36919,0,0.0,0,0,,,,0.10000000000000002,0.10000000000000002,1.0,0.0,0.0,0.0,0.0,0,grouped_iid,CONFIDENCE_THRESHOLD,LOG_TRAIN_P90,0.02,0.1,0.5,0.0,,,,0.97,confidence_threshold,tau0=0.97
36919,0,0.0,0,0,,,,0.10000000000000002,0.10000000000000002,1.0,0.0,0.0,0.0,0.0,0,grouped_iid,CONFIDENCE_THRESHOLD,LOG_TRAIN_P90,0.02,0.1,0.5,0.0,,,,0.98,confidence_threshold,tau0=0.98
36919,0,0.0,0,0,,,,0.10000000000000002,0.10000000000000002,1.0,0.0,0.0,0.0,0.0,0,grouped_iid,CONFIDENCE_THRESHOLD,LOG_TRAIN_P90,0.02,0.1,0.5,0.0,,,,0.99,confidence_threshold,tau0=0.99
36919,0,0.0,0,0,,,,0.10000000000000002,0.10000000000000002,1.0,0.0,0.0,0.0,0.0,0,grouped_iid,CONFIDENCE_THRESHOLD,LOG_TRAIN_P90,0.02,0.1,0.5,0.0,,,,0.995,confidence_threshold,tau0=0.995
36919,1516,0.04106286735827081,1481,35,0.02308707124010554,0.058432818109244326,0.02308707124010554,0.09765171159934154,0.09766299195536177,0.9589371326417292,0.04106286735827081,0.0,0.0,0.04106286735827081,0,grouped_iid,VOI_BLIND,UNIFORM,0.02,0.1,0.5,0.0,0.01,0.95,0.05,,risk_budget_frontier,beta0=0.01
36919,1516,0.04106286735827081,1481,35,0.02308707124010554,0.058432818109244326,0.02308707124010554,0.09765171159934154,0.09766299195536177,0.9589371326417292,0.04106286735827081,0.0,0.0,0.04106286735827081,0,grouped_iid,VOI_BLIND,UNIFORM,0.02,0.1,0.5,0.0,0.02,0.95,0.05,,risk_budget_frontier,beta0=0.02
36919,1516,0.04106286735827081,1481,35,0.02308707124010554,0.058432818109244326,0.02308707124010554,0.09765171159934154,0.09766299195536177,0.9589371326417292,0.04106286735827081,0.0,0.0,0.04106286735827081,0,grouped_iid,VOI_BLIND,UNIFORM,0.02,0.1,0.5,0.0,0.05,0.95,0.05,,risk_budget_frontier,beta0=0.05
36919,1516,0.04106286735827081,1481,35,0.02308707124010554,0.058432818109244326,0.02308707124010554,0.09765171159934154,0.09766299195536177,0.9589371326417292,0.04106286735827081,0.0,0.0,0.04106286735827081,0,grouped_iid,VOI_BLIND,UNIFORM,0.02,0.1,0.5,0.0,0.1,0.95,0.05,,risk_budget_frontier,beta0=0.1
36919,1516,0.04106286735827081,1481,35,0.02308707124010554,0.058432818109244326,0.02308707124010554,0.09765171159934154,0.09766299195536177,0.9589371326417292,0.04106286735827081,0.0,0.0,0.04106286735827081,0,grouped_iid,VOI_BLIND,UNIFORM,0.02,0.1,0.5,0.0,0.2,0.95,0.05,,risk_budget_frontier,beta0=0.2
36919,5,0.00013543162057477178,0,5,1.0,,,0.09998645683794254,0.09998645683794254,0.9998645683794253,0.0,0.0,0.00013543162057477178,0.0,0,grouped_iid,RCSE_NO_GATHER,LOG_TRAIN_P90,0.02,0.1,0.5,0.0,0.01,,,,risk_budget_frontier,beta0=0.01
36919,5,0.00013543162057477178,0,5,1.0,,,0.09998645683794254,0.09998645683794254,0.9998645683794253,0.0,0.0,0.00013543162057477178,0.0,0,grouped_iid,RCSE_NO_GATHER,LOG_TRAIN_P90,0.02,0.1,0.5,0.0,0.02,,,,risk_budget_frontier,beta0=0.02
36919,5,0.00013543162057477178,0,5,1.0,,,0.09998645683794254,0.09998645683794254,0.9998645683794253,0.0,0.0,0.00013543162057477178,0.0,0,grouped_iid,RCSE_NO_GATHER,LOG_TRAIN_P90,0.02,0.1,0.5,0.0,0.05,,,,risk_budget_frontier,beta0=0.05
36919,23,0.0006229854546439503,4,19,0.8260869565217391,0.7666666666666667,0.7699843722140108,0.09997787312294489,0.09997845590604468,0.9993770145453561,0.0,0.0,0.0006229854546439503,0.0,0,grouped_iid,RCSE_NO_GATHER,LOG_TRAIN_P90,0.02,0.1,0.5,0.0,0.1,,,,risk_budget_frontier,beta0=0.1
36919,23,0.0006229854546439503,4,19,0.8260869565217391,0.7666666666666667,0.7699843722140108,0.09997787312294489,0.09997845590604468,0.9993770145453561,0.0,0.0,0.0006229854546439503,0.0,0,grouped_iid,RCSE_NO_GATHER,LOG_TRAIN_P90,0.02,0.1,0.5,0.0,0.2,,,,risk_budget_frontier,beta0=0.2
36919,1519,0.04114412633061567,1479,40,0.026333113890717578,0.06126843959834225,0.026385153559500607,0.09736093058528437,0.09746879311835792,0.9588558736693843,0.0410086947100409,0.0,0.00013543162057477178,0.0410086947100409,0,grouped_iid,RCSE_FULL,LOG_TRAIN_P90,0.02,0.1,0.5,0.0,0.01,0.95,0.05,,risk_budget_frontier,beta0=0.01
36919,1519,0.04114412633061567,1479,40,0.026333113890717578,0.06126843959834225,0.026385153559500607,0.09736093058528437,0.09746879311835792,0.9588558736693843,0.0410086947100409,0.0,0.00013543162057477178,0.0410086947100409,0,grouped_iid,RCSE_FULL,LOG_TRAIN_P90,0.02,0.1,0.5,0.0,0.02,0.95,0.05,,risk_budget_frontier,beta0=0.02
36919,1519,0.04114412633061567,1479,40,0.026333113890717578,0.06126843959834225,0.026385153559500607,0.09736093058528437,0.09746879311835792,0.9588558736693843,0.0410086947100409,0.0,0.00013543162057477178,0.0410086947100409,0,grouped_iid,RCSE_FULL,LOG_TRAIN_P90,0.02,0.1,0.5,0.0,0.05,0.95,0.05,,risk_budget_frontier,beta0=0.05
36919,1537,0.04163168016468485,1483,54,0.03513337670787248,0.06127457733694796,0.027743638667161355,0.09735234687028671,0.09746079218646006,0.9583683198353151,0.0410086947100409,0.0,0.0006229854546439503,0.0410086947100409,0,grouped_iid,RCSE_FULL,LOG_TRAIN_P90,0.02,0.1,0.5,0.0,0.1,0.95,0.05,,risk_budget_frontier,beta0=0.1
36919,1537,0.04163168016468485,1483,54,0.03513337670787248,0.06127457733694796,0.027743638667161355,0.09735234687028671,0.09746079218646006,0.9583683198353151,0.0410086947100409,0.0,0.0006229854546439503,0.0410086947100409,0,grouped_iid,RCSE_FULL,LOG_TRAIN_P90,0.02,0.1,0.5,0.0,0.2,0.95,0.05,,risk_budget_frontier,beta0=0.2
36919,598,0.016197621820742705,585,13,0.021739130434782608,0.055925800995074236,0.021739130434782608,0.09876609822067321,0.09905631246783501,0.9838023781792573,0.016197621820742705,0.0,0.0,0.016197621820742705,0,grouped_iid,VOI_BLIND,UNIFORM,0.02,0.1,0.5,0.0,0.05,0.9,0.01,,post_gather_gate,tau1=0.9;beta1=0.01
36919,787,0.02131693707846908,769,18,0.022871664548919948,0.07120301160837376,0.022871664548919948,0.09845563652117238,0.09878219886779166,0.978683062921531,0.02131693707846908,0.0,0.0,0.02131693707846908,0,grouped_iid,VOI_BLIND,UNIFORM,0.02,0.1,0.5,0.0,0.05,0.9,0.02,,post_gather_gate,tau1=0.9;beta1=0.02
36919,1516,0.04106286735827081,1481,35,0.02308707124010554,0.058432818109244326,0.02308707124010554,0.09765171159934154,0.09766299195536177,0.9589371326417292,0.04106286735827081,0.0,0.0,0.04106286735827081,0,grouped_iid,VOI_BLIND,UNIFORM,0.02,0.1,0.5,0.0,0.05,0.9,0.05,,post_gather_gate,tau1=0.9;beta1=0.05
36919,1626,0.04404236301091579,1588,38,0.023370233702337023,0.07639728579994273,0.023370233702337023,0.09760436081649083,0.09750589127549501,0.9559576369890842,0.04404236301091579,0.0,0.0,0.04404236301091579,0,grouped_iid,VOI_BLIND,UNIFORM,0.02,0.1,0.5,0.0,0.05,0.9,0.1,,post_gather_gate,tau1=0.9;beta1=0.1
36919,598,0.016197621820742705,585,13,0.021739130434782608,0.055925800995074236,0.021739130434782608,0.09876609822067321,0.09905631246783501,0.9838023781792573,0.016197621820742705,0.0,0.0,0.016197621820742705,0,grouped_iid,VOI_BLIND,UNIFORM,0.02,0.1,0.5,0.0,0.05,0.95,0.01,,post_gather_gate,tau1=0.95;beta1=0.01
36919,787,0.02131693707846908,769,18,0.022871664548919948,0.07120301160837376,0.022871664548919948,0.09845563652117238,0.09878219886779166,0.978683062921531,0.02131693707846908,0.0,0.0,0.02131693707846908,0,grouped_iid,VOI_BLIND,UNIFORM,0.02,0.1,0.5,0.0,0.05,0.95,0.02,,post_gather_gate,tau1=0.95;beta1=0.02
36919,1516,0.04106286735827081,1481,35,0.02308707124010554,0.058432818109244326,0.02308707124010554,0.09765171159934154,0.09766299195536177,0.9589371326417292,0.04106286735827081,0.0,0.0,0.04106286735827081,0,grouped_iid,VOI_BLIND,UNIFORM,0.02,0.1,0.5,0.0,0.05,0.95,0.05,,post_gather_gate,tau1=0.95;beta1=0.05
36919,1516,0.04106286735827081,1481,35,0.02308707124010554,0.058432818109244326,0.02308707124010554,0.09765171159934154,0.09766299195536177,0.9589371326417292,0.04106286735827081,0.0,0.0,0.04106286735827081,0,grouped_iid,VOI_BLIND,UNIFORM,0.02,0.1,0.5,0.0,0.05,0.95,0.1,,post_gather_gate,tau1=0.95;beta1=0.1
36919,598,0.016197621820742705,585,13,0.021739130434782608,0.055925800995074236,0.021739130434782608,0.09876609822067321,0.09905631246783501,0.9838023781792573,0.016197621820742705,0.0,0.0,0.016197621820742705,0,grouped_iid,VOI_BLIND,UNIFORM,0.02,0.1,0.5,0.0,0.05,0.97,0.01,,post_gather_gate,tau1=0.97;beta1=0.01
36919,787,0.02131693707846908,769,18,0.022871664548919948,0.07120301160837376,0.022871664548919948,0.09845563652117238,0.09878219886779166,0.978683062921531,0.02131693707846908,0.0,0.0,0.02131693707846908,0,grouped_iid,VOI_BLIND,UNIFORM,0.02,0.1,0.5,0.0,0.05,0.97,0.02,,post_gather_gate,tau1=0.97;beta1=0.02
36919,870,0.023565101980010293,851,19,0.021839080459770115,0.06223279893479035,0.021839080459770115,0.09834322827609532,0.09862943199978333,0.9764348980199897,0.023565101980010293,0.0,0.0,0.023565101980010293,0,grouped_iid,VOI_BLIND,UNIFORM,0.02,0.1,0.5,0.0,0.05,0.97,0.05,,post_gather_gate,tau1=0.97;beta1=0.05
36919,870,0.023565101980010293,851,19,0.021839080459770115,0.06223279893479035,0.021839080459770115,0.09834322827609532,0.09862943199978333,0.9764348980199897,0.023565101980010293,0.0,0.0,0.023565101980010293,0,grouped_iid,VOI_BLIND,UNIFORM,0.02,0.1,0.5,0.0,0.05,0.97,0.1,,post_gather_gate,tau1=0.97;beta1=0.1
36919,598,0.016197621820742705,585,13,0.021739130434782608,0.055925800995074236,0.021739130434782608,0.09876609822067321,0.09905631246783501,0.9838023781792573,0.016197621820742705,0.0,0.0,0.016197621820742705,0,grouped_iid,VOI_BLIND,UNIFORM,0.02,0.1,0.5,0.0,0.05,0.99,0.01,,post_gather_gate,tau1=0.99;beta1=0.01
36919,598,0.016197621820742705,585,13,0.021739130434782608,0.055925800995074236,0.021739130434782608,0.09876609822067321,0.09905631246783501,0.9838023781792573,0.016197621820742705,0.0,0.0,0.016197621820742705,0,grouped_iid,VOI_BLIND,UNIFORM,0.02,0.1,0.5,0.0,0.05,0.99,0.02,,post_gather_gate,tau1=0.99;beta1=0.02
36919,598,0.016197621820742705,585,13,0.021739130434782608,0.055925800995074236,0.021739130434782608,0.09876609822067321,0.09905631246783501,0.9838023781792573,0.016197621820742705,0.0,0.0,0.016197621820742705,0,grouped_iid,VOI_BLIND,UNIFORM,0.02,0.1,0.5,0.0,0.05,0.99,0.05,,post_gather_gate,tau1=0.99;beta1=0.05
36919,598,0.016197621820742705,585,13,0.021739130434782608,0.055925800995074236,0.021739130434782608,0.09876609822067321,0.09905631246783501,0.9838023781792573,0.016197621820742705,0.0,0.0,0.016197621820742705,0,grouped_iid,VOI_BLIND,UNIFORM,0.02,0.1,0.5,0.0,0.05,0.99,0.1,,post_gather_gate,tau1=0.99;beta1=0.1
36919,634,0.017172729488881065,615,19,0.02996845425867508,0.05590752066771079,0.02495771798589358,0.09867329903636027,0.09891763914487196,0.982827270511119,0.01703729786830629,0.0,0.00013543162057477178,0.01703729786830629,0,grouped_iid,RCSE_FULL,LOG_TRAIN_P90,0.02,0.1,0.5,0.0,0.05,0.9,0.01,,post_gather_gate,tau1=0.9;beta1=0.01
36919,831,0.02250873533952707,809,22,0.026474127557160047,0.05302069041976746,0.02351951053879514,0.09832583683368894,0.09855840729117941,0.977491264660473,0.0223733037189523,0.0,0.00013543162057477178,0.0223733037189523,0,grouped_iid,RCSE_FULL,LOG_TRAIN_P90,0.02,0.1,0.5,0.0,0.05,0.9,0.02,,post_gather_gate,tau1=0.9;beta1=0.02
36919,1610,0.04360898182507652,1568,42,0.02608695652173913,0.06090983846183756,0.026045805972177684,0.09726219023892896,0.09729933718368429,0.9563910181749234,0.04347355020450175,0.0,0.00013543162057477178,0.04347355020450175,0,grouped_iid,RCSE_FULL,LOG_TRAIN_P90,0.02,0.1,0.5,0.0,0.05,0.9,0.05,,post_gather_gate,tau1=0.9;beta1=0.05
36919,1722,0.04664265012595141,1672,50,0.029036004645760744,0.0769774029916059,0.029854868985012186,0.09721382025656622,0.09725158034567742,0.9533573498740486,0.04650721850537663,0.0,0.00013543162057477178,0.04650721850537663,0,grouped_iid,RCSE_FULL,LOG_TRAIN_P90,0.02,0.1,0.5,0.0,0.05,0.9,0.1,,post_gather_gate,tau1=0.9;beta1=0.1
36919,634,0.017172729488881065,615,19,0.02996845425867508,0.05590752066771079,0.02495771798589358,0.09867329903636027,0.09891763914487196,0.982827270511119,0.01703729786830629,0.0,0.00013543162057477178,0.01703729786830629,0,grouped_iid,RCSE_FULL,LOG_TRAIN_P90,0.02,0.1,0.5,0.0,0.05,0.95,0.01,,post_gather_gate,tau1=0.95;beta1=0.01
36919,831,0.02250873533952707,809,22,0.026474127557160047,0.05302069041976746,0.02351951053879514,0.09832583683368894,0.09855840729117941,0.977491264660473,0.0223733037189523,0.0,0.00013543162057477178,0.0223733037189523,0,grouped_iid,RCSE_FULL,LOG_TRAIN_P90,0.02,0.1,0.5,0.0,0.05,0.95,0.02,,post_gather_gate,tau1=0.95;beta1=0.02
36919,1519,0.04114412633061567,1479,40,0.026333113890717578,0.06126843959834225,0.026385153559500607,0.09736093058528437,0.09746879311835792,0.9588558736693843,0.0410086947100409,0.0,0.00013543162057477178,0.0410086947100409,0,grouped_iid,RCSE_FULL,LOG_TRAIN_P90,0.02,0.1,0.5,0.0,0.05,0.95,0.05,,post_gather_gate,tau1=0.95;beta1=0.05
36919,1521,0.04119829897884558,1481,40,0.026298487836949377,0.058432818109244326,0.0263221928133465,0.09735934454177635,0.09746445930649954,0.9588017010211545,0.04106286735827081,0.0,0.00013543162057477178,0.04106286735827081,0,grouped_iid,RCSE_FULL,LOG_TRAIN_P90,0.02,0.1,0.5,0.0,0.05,0.95,0.1,,post_gather_gate,tau1=0.95;beta1=0.1
36919,633,0.01714564316476611,614,19,0.030015797788309637,0.05590762457801796,0.024966680227314523,0.09867529787123862,0.09891980605080115,0.9828543568352339,0.01701021154419134,0.0,0.00013543162057477178,0.01701021154419134,0,grouped_iid,RCSE_FULL,LOG_TRAIN_P90,0.02,0.1,0.5,0.0,0.05,0.97,0.01,,post_gather_gate,tau1=0.97;beta1=0.01
36919,797,0.021587800319618624,775,22,0.027603513174404015,0.053070967326687625,0.024139880316616392,0.0983836586281158,0.09863208209277209,0.9784121996803814,0.021452368699043853,0.0,0.00013543162057477178,0.021452368699043853,0,grouped_iid,RCSE_FULL,LOG_TRAIN_P90,0.02,0.1,0.5,0.0,0.05,0.97,0.02,,post_gather_gate,tau1=0.97;beta1=0.02
36919,875,0.023700533600585064,851,24,0.027428571428571427,0.06223279893479035,0.024911645978877493,0.0982710240095733,0.0985230269925383,0.9762994663994149,0.023565101980010293,0.0,0.00013543162057477178,0.023565101980010293,0,grouped_iid,RCSE_FULL,LOG_TRAIN_P90,0.02,0.1,0.5,0.0,0.05,0.97,0.05,,post_gather_gate,tau1=0.97;beta1=0.05
36919,875,0.023700533600585064,851,24,0.027428571428571427,0.06223279893479035,0.024911645978877493,0.0982710240095733,0.0985230269925383,0.9762994663994149,0.023565101980010293,0.0,0.00013543162057477178,0.023565101980010293,0,grouped_iid,RCSE_FULL,LOG_TRAIN_P90,0.02,0.1,0.5,0.0,0.05,0.97,0.1,,post_gather_gate,tau1=0.97;beta1=0.1
36919,603,0.01633305344131748,585,18,0.029850746268656716,0.055925800995074236,0.02464868186575932,0.09873390642081054,0.09897299822369895,0.9836669465586825,0.016197621820742705,0.0,0.00013543162057477178,0.016197621820742705,0,grouped_iid,RCSE_FULL,LOG_TRAIN_P90,0.02,0.1,0.5,0.0,0.05,0.99,0.01,,post_gather_gate,tau1=0.99;beta1=0.01
36919,603,0.01633305344131748,585,18,0.029850746268656716,0.055925800995074236,0.02464868186575932,0.09873390642081054,0.09897299822369895,0.9836669465586825,0.016197621820742705,0.0,0.00013543162057477178,0.016197621820742705,0,grouped_iid,RCSE_FULL,LOG_TRAIN_P90,0.02,0.1,0.5,0.0,0.05,0.99,0.02,,post_gather_gate,tau1=0.99;beta1=0.02
36919,603,0.01633305344131748,585,18,0.029850746268656716,0.055925800995074236,0.02464868186575932,0.09873390642081054,0.09897299822369895,0.9836669465586825,0.016197621820742705,0.0,0.00013543162057477178,0.016197621820742705,0,grouped_iid,RCSE_FULL,LOG_TRAIN_P90,0.02,0.1,0.5,0.0,0.05,0.99,0.05,,post_gather_gate,tau1=0.99;beta1=0.05
36919,603,0.01633305344131748,585,18,0.029850746268656716,0.055925800995074236,0.02464868186575932,0.09873390642081054,0.09897299822369895,0.9836669465586825,0.016197621820742705,0.0,0.00013543162057477178,0.016197621820742705,0,grouped_iid,RCSE_FULL,LOG_TRAIN_P90,0.02,0.1,0.5,0.0,0.05,0.99,0.1,,post_gather_gate,tau1=0.99;beta1=0.1
36919,0,0.0,0,0,,,,0.05000000000000001,0.05000000000000001,1.0,0.0,0.0,0.0,0.0,0,grouped_iid,COST_AWARE_BLIND,UNIFORM,0.01,0.05,0.2,0.0,,,,,cost_sensitivity,cG=0.01;cH=0.05;cA=0.2
36919,0,0.0,0,0,,,,0.05000000000000001,0.05000000000000001,1.0,0.0,0.0,0.0,0.0,0,grouped_iid,COST_AWARE_BLIND,UNIFORM,0.01,0.05,0.5,0.0,,,,,cost_sensitivity,cG=0.01;cH=0.05;cA=0.5
36919,0,0.0,0,0,,,,0.05000000000000001,0.05000000000000001,1.0,0.0,0.0,0.0,0.0,0,grouped_iid,COST_AWARE_BLIND,UNIFORM,0.01,0.05,1.0,0.0,,,,,cost_sensitivity,cG=0.01;cH=0.05;cA=1.0
36919,0,0.0,0,0,,,,0.10000000000000002,0.10000000000000002,1.0,0.0,0.0,0.0,0.0,0,grouped_iid,COST_AWARE_BLIND,UNIFORM,0.01,0.1,0.2,0.0,,,,,cost_sensitivity,cG=0.01;cH=0.1;cA=0.2
36919,0,0.0,0,0,,,,0.10000000000000002,0.10000000000000002,1.0,0.0,0.0,0.0,0.0,0,grouped_iid,COST_AWARE_BLIND,UNIFORM,0.01,0.1,0.5,0.0,,,,,cost_sensitivity,cG=0.01;cH=0.1;cA=0.5
36919,0,0.0,0,0,,,,0.10000000000000002,0.10000000000000002,1.0,0.0,0.0,0.0,0.0,0,grouped_iid,COST_AWARE_BLIND,UNIFORM,0.01,0.1,1.0,0.0,,,,,cost_sensitivity,cG=0.01;cH=0.1;cA=1.0
36919,0,0.0,0,0,,,,0.20000000000000004,0.20000000000000004,1.0,0.0,0.0,0.0,0.0,0,grouped_iid,COST_AWARE_BLIND,UNIFORM,0.01,0.2,0.5,0.0,,,,,cost_sensitivity,cG=0.01;cH=0.2;cA=0.5
36919,0,0.0,0,0,,,,0.20000000000000004,0.20000000000000004,1.0,0.0,0.0,0.0,0.0,0,grouped_iid,COST_AWARE_BLIND,UNIFORM,0.01,0.2,1.0,0.0,,,,,cost_sensitivity,cG=0.01;cH=0.2;cA=1.0
36919,0,0.0,0,0,,,,0.05000000000000001,0.05000000000000001,1.0,0.0,0.0,0.0,0.0,0,grouped_iid,COST_AWARE_BLIND,UNIFORM,0.02,0.05,0.2,0.0,,,,,cost_sensitivity,cG=0.02;cH=0.05;cA=0.2
36919,0,0.0,0,0,,,,0.05000000000000001,0.05000000000000001,1.0,0.0,0.0,0.0,0.0,0,grouped_iid,COST_AWARE_BLIND,UNIFORM,0.02,0.05,0.5,0.0,,,,,cost_sensitivity,cG=0.02;cH=0.05;cA=0.5
36919,0,0.0,0,0,,,,0.05000000000000001,0.05000000000000001,1.0,0.0,0.0,0.0,0.0,0,grouped_iid,COST_AWARE_BLIND,UNIFORM,0.02,0.05,1.0,0.0,,,,,cost_sensitivity,cG=0.02;cH=0.05;cA=1.0
36919,0,0.0,0,0,,,,0.10000000000000002,0.10000000000000002,1.0,0.0,0.0,0.0,0.0,0,grouped_iid,COST_AWARE_BLIND,UNIFORM,0.02,0.1,0.2,0.0,,,,,cost_sensitivity,cG=0.02;cH=0.1;cA=0.2
36919,0,0.0,0,0,,,,0.10000000000000002,0.10000000000000002,1.0,0.0,0.0,0.0,0.0,0,grouped_iid,COST_AWARE_BLIND,UNIFORM,0.02,0.1,0.5,0.0,,,,,cost_sensitivity,cG=0.02;cH=0.1;cA=0.5
36919,0,0.0,0,0,,,,0.10000000000000002,0.10000000000000002,1.0,0.0,0.0,0.0,0.0,0,grouped_iid,COST_AWARE_BLIND,UNIFORM,0.02,0.1,1.0,0.0,,,,,cost_sensitivity,cG=0.02;cH=0.1;cA=1.0
36919,0,0.0,0,0,,,,0.20000000000000004,0.20000000000000004,1.0,0.0,0.0,0.0,0.0,0,grouped_iid,COST_AWARE_BLIND,UNIFORM,0.02,0.2,0.5,0.0,,,,,cost_sensitivity,cG=0.02;cH=0.2;cA=0.5
36919,0,0.0,0,0,,,,0.20000000000000004,0.20000000000000004,1.0,0.0,0.0,0.0,0.0,0,grouped_iid,COST_AWARE_BLIND,UNIFORM,0.02,0.2,1.0,0.0,,,,,cost_sensitivity,cG=0.02;cH=0.2;cA=1.0
36919,0,0.0,0,0,,,,0.10000000000000002,0.10000000000000002,1.0,0.0,0.0,0.0,0.0,0,grouped_iid,COST_AWARE_BLIND,UNIFORM,0.05,0.1,0.2,0.0,,,,,cost_sensitivity,cG=0.05;cH=0.1;cA=0.2
36919,0,0.0,0,0,,,,0.10000000000000002,0.10000000000000002,1.0,0.0,0.0,0.0,0.0,0,grouped_iid,COST_AWARE_BLIND,UNIFORM,0.05,0.1,0.5,0.0,,,,,cost_sensitivity,cG=0.05;cH=0.1;cA=0.5
36919,0,0.0,0,0,,,,0.10000000000000002,0.10000000000000002,1.0,0.0,0.0,0.0,0.0,0,grouped_iid,COST_AWARE_BLIND,UNIFORM,0.05,0.1,1.0,0.0,,,,,cost_sensitivity,cG=0.05;cH=0.1;cA=1.0
36919,0,0.0,0,0,,,,0.20000000000000004,0.20000000000000004,1.0,0.0,0.0,0.0,0.0,0,grouped_iid,COST_AWARE_BLIND,UNIFORM,0.05,0.2,0.5,0.0,,,,,cost_sensitivity,cG=0.05;cH=0.2;cA=0.5
36919,0,0.0,0,0,,,,0.20000000000000004,0.20000000000000004,1.0,0.0,0.0,0.0,0.0,0,grouped_iid,COST_AWARE_BLIND,UNIFORM,0.05,0.2,1.0,0.0,,,,,cost_sensitivity,cG=0.05;cH=0.2;cA=1.0
36919,0,0.0,0,0,,,,0.20000000000000004,0.20000000000000004,1.0,0.0,0.0,0.0,0.0,0,grouped_iid,COST_AWARE_BLIND,UNIFORM,0.1,0.2,0.5,0.0,,,,,cost_sensitivity,cG=0.1;cH=0.2;cA=0.5
36919,0,0.0,0,0,,,,0.20000000000000004,0.20000000000000004,1.0,0.0,0.0,0.0,0.0,0,grouped_iid,COST_AWARE_BLIND,UNIFORM,0.1,0.2,1.0,0.0,,,,,cost_sensitivity,cG=0.1;cH=0.2;cA=1.0
36919,1412,0.03824588965031556,1381,31,0.021954674220963172,0.06062744810034497,0.021954674220963172,0.04928170639274812,0.04930984046155097,0.9617541103496845,0.03824588965031556,0.0,0.0,0.03824588965031556,0,grouped_iid,VOI_BLIND,UNIFORM,0.01,0.05,0.2,0.0,0.05,0.95,0.05,,cost_sensitivity,cG=0.01;cH=0.05;cA=0.2
36919,1412,0.03824588965031556,1381,31,0.021954674220963172,0.06062744810034497,0.021954674220963172,0.04928170639274812,0.04930984046155097,0.9617541103496845,0.03824588965031556,0.0,0.0,0.03824588965031556,0,grouped_iid,VOI_BLIND,UNIFORM,0.01,0.05,0.5,0.0,0.05,0.95,0.05,,cost_sensitivity,cG=0.01;cH=0.05;cA=0.5
36919,1412,0.03824588965031556,1381,31,0.021954674220963172,0.06062744810034497,0.021954674220963172,0.04928170639274812,0.04930984046155097,0.9617541103496845,0.03824588965031556,0.0,0.0,0.03824588965031556,0,grouped_iid,VOI_BLIND,UNIFORM,0.01,0.05,1.0,0.0,0.05,0.95,0.05,,cost_sensitivity,cG=0.01;cH=0.05;cA=1.0
36919,1516,0.04106286735827081,1481,35,0.02308707124010554,0.058432818109244326,0.02308707124010554,0.09724108292575884,0.09725236328177904,0.9589371326417292,0.04106286735827081,0.0,0.0,0.04106286735827081,0,grouped_iid,VOI_BLIND,UNIFORM,0.01,0.1,0.2,0.0,0.05,0.95,0.05,,cost_sensitivity,cG=0.01;cH=0.1;cA=0.2
36919,1516,0.04106286735827081,1481,35,0.02308707124010554,0.058432818109244326,0.02308707124010554,0.09724108292575884,0.09725236328177904,0.9589371326417292,0.04106286735827081,0.0,0.0,0.04106286735827081,0,grouped_iid,VOI_BLIND,UNIFORM,0.01,0.1,0.5,0.0,0.05,0.95,0.05,,cost_sensitivity,cG=0.01;cH=0.1;cA=0.5
36919,1516,0.04106286735827081,1481,35,0.02308707124010554,0.058432818109244326,0.02308707124010554,0.09724108292575884,0.09725236328177904,0.9589371326417292,0.04106286735827081,0.0,0.0,0.04106286735827081,0,grouped_iid,VOI_BLIND,UNIFORM,0.01,0.1,1.0,0.0,0.05,0.95,0.05,,cost_sensitivity,cG=0.01;cH=0.1;cA=1.0
36919,1516,0.04106286735827081,1481,35,0.02308707124010554,0.058432818109244326,0.02308707124010554,0.1931347961899318,0.19314607654595198,0.9589371326417292,0.04106286735827081,0.0,0.0,0.04106286735827081,0,grouped_iid,VOI_BLIND,UNIFORM,0.01,0.2,0.5,0.0,0.05,0.95,0.05,,cost_sensitivity,cG=0.01;cH=0.2;cA=0.5
36919,1516,0.04106286735827081,1481,35,0.02308707124010554,0.058432818109244326,0.02308707124010554,0.1931347961899318,0.19314607654595198,0.9589371326417292,0.04106286735827081,0.0,0.0,0.04106286735827081,0,grouped_iid,VOI_BLIND,UNIFORM,0.01,0.2,1.0,0.0,0.05,0.95,0.05,,cost_sensitivity,cG=0.01;cH=0.2;cA=1.0
36919,787,0.02131693707846908,769,18,0.022871664548919948,0.07120301160837376,0.022871664548919948,0.04952148337509583,0.04984804572171512,0.978683062921531,0.02131693707846908,0.0,0.0,0.02131693707846908,0,grouped_iid,VOI_BLIND,UNIFORM,0.02,0.05,0.2,0.0,0.05,0.95,0.05,,cost_sensitivity,cG=0.02;cH=0.05;cA=0.2
36919,787,0.02131693707846908,769,18,0.022871664548919948,0.07120301160837376,0.022871664548919948,0.04952148337509583,0.04984804572171512,0.978683062921531,0.02131693707846908,0.0,0.0,0.02131693707846908,0,grouped_iid,VOI_BLIND,UNIFORM,0.02,0.05,0.5,0.0,0.05,0.95,0.05,,cost_sensitivity,cG=0.02;cH=0.05;cA=0.5
36919,787,0.02131693707846908,769,18,0.022871664548919948,0.07120301160837376,0.022871664548919948,0.04952148337509583,0.04984804572171512,0.978683062921531,0.02131693707846908,0.0,0.0,0.02131693707846908,0,grouped_iid,VOI_BLIND,UNIFORM,0.02,0.05,1.0,0.0,0.05,0.95,0.05,,cost_sensitivity,cG=0.02;cH=0.05;cA=1.0
36919,1516,0.04106286735827081,1481,35,0.02308707124010554,0.058432818109244326,0.02308707124010554,0.09765171159934154,0.09766299195536177,0.9589371326417292,0.04106286735827081,0.0,0.0,0.04106286735827081,0,grouped_iid,VOI_BLIND,UNIFORM,0.02,0.1,0.2,0.0,0.05,0.95,0.05,,cost_sensitivity,cG=0.02;cH=0.1;cA=0.2
36919,1516,0.04106286735827081,1481,35,0.02308707124010554,0.058432818109244326,0.02308707124010554,0.09765171159934154,0.09766299195536177,0.9589371326417292,0.04106286735827081,0.0,0.0,0.04106286735827081,0,grouped_iid,VOI_BLIND,UNIFORM,0.02,0.1,0.5,0.0,0.05,0.95,0.05,,cost_sensitivity,cG=0.02;cH=0.1;cA=0.5
36919,1516,0.04106286735827081,1481,35,0.02308707124010554,0.058432818109244326,0.02308707124010554,0.09765171159934154,0.09766299195536177,0.9589371326417292,0.04106286735827081,0.0,0.0,0.04106286735827081,0,grouped_iid,VOI_BLIND,UNIFORM,0.02,0.1,1.0,0.0,0.05,0.95,0.05,,cost_sensitivity,cG=0.02;cH=0.1;cA=1.0
36919,1516,0.04106286735827081,1481,35,0.02308707124010554,0.058432818109244326,0.02308707124010554,0.19354542486351448,0.1935567052195347,0.9589371326417292,0.04106286735827081,0.0,0.0,0.04106286735827081,0,grouped_iid,VOI_BLIND,UNIFORM,0.02,0.2,0.5,0.0,0.05,0.95,0.05,,cost_sensitivity,cG=0.02;cH=0.2;cA=0.5
36919,1516,0.04106286735827081,1481,35,0.02308707124010554,0.058432818109244326,0.02308707124010554,0.19354542486351448,0.1935567052195347,0.9589371326417292,0.04106286735827081,0.0,0.0,0.04106286735827081,0,grouped_iid,VOI_BLIND,UNIFORM,0.02,0.2,1.0,0.0,0.05,0.95,0.05,,cost_sensitivity,cG=0.02;cH=0.2;cA=1.0
36919,1516,0.04106286735827081,1481,35,0.02308707124010554,0.058432818109244326,0.02308707124010554,0.09888359762008966,0.09889487797610988,0.9589371326417292,0.04106286735827081,0.0,0.0,0.04106286735827081,0,grouped_iid,VOI_BLIND,UNIFORM,0.05,0.1,0.2,0.0,0.05,0.95,0.05,,cost_sensitivity,cG=0.05;cH=0.1;cA=0.2
36919,1516,0.04106286735827081,1481,35,0.02308707124010554,0.058432818109244326,0.02308707124010554,0.09888359762008966,0.09889487797610988,0.9589371326417292,0.04106286735827081,0.0,0.0,0.04106286735827081,0,grouped_iid,VOI_BLIND,UNIFORM,0.05,0.1,0.5,0.0,0.05,0.95,0.05,,cost_sensitivity,cG=0.05;cH=0.1;cA=0.5
36919,1516,0.04106286735827081,1481,35,0.02308707124010554,0.058432818109244326,0.02308707124010554,0.09888359762008966,0.09889487797610988,0.9589371326417292,0.04106286735827081,0.0,0.0,0.04106286735827081,0,grouped_iid,VOI_BLIND,UNIFORM,0.05,0.1,1.0,0.0,0.05,0.95,0.05,,cost_sensitivity,cG=0.05;cH=0.1;cA=1.0
36919,1516,0.04106286735827081,1481,35,0.02308707124010554,0.058432818109244326,0.02308707124010554,0.1947773108842626,0.19478859124028283,0.9589371326417292,0.04106286735827081,0.0,0.0,0.04106286735827081,0,grouped_iid,VOI_BLIND,UNIFORM,0.05,0.2,0.5,0.0,0.05,0.95,0.05,,cost_sensitivity,cG=0.05;cH=0.2;cA=0.5
36919,1516,0.04106286735827081,1481,35,0.02308707124010554,0.058432818109244326,0.02308707124010554,0.1947773108842626,0.19478859124028283,0.9589371326417292,0.04106286735827081,0.0,0.0,0.04106286735827081,0,grouped_iid,VOI_BLIND,UNIFORM,0.05,0.2,1.0,0.0,0.05,0.95,0.05,,cost_sensitivity,cG=0.05;cH=0.2;cA=1.0
36919,1516,0.04106286735827081,1481,35,0.02308707124010554,0.058432818109244326,0.02308707124010554,0.19683045425217616,0.19684173460819637,0.9589371326417292,0.04106286735827081,0.0,0.0,0.04106286735827081,0,grouped_iid,VOI_BLIND,UNIFORM,0.1,0.2,0.5,0.0,0.05,0.95,0.05,,cost_sensitivity,cG=0.1;cH=0.2;cA=0.5
36919,1516,0.04106286735827081,1481,35,0.02308707124010554,0.058432818109244326,0.02308707124010554,0.19683045425217616,0.19684173460819637,0.9589371326417292,0.04106286735827081,0.0,0.0,0.04106286735827081,0,grouped_iid,VOI_BLIND,UNIFORM,0.1,0.2,1.0,0.0,0.05,0.95,0.05,,cost_sensitivity,cG=0.1;cH=0.2;cA=1.0
36919,5,0.00013543162057477178,0,5,1.0,,,0.04999322841897127,0.04999322841897127,0.9998645683794253,0.0,0.0,0.00013543162057477178,0.0,0,grouped_iid,RCSE_NO_GATHER,LOG_TRAIN_P90,0.01,0.05,0.2,0.0,0.05,,,,cost_sensitivity,cG=0.01;cH=0.05;cA=0.2
36919,5,0.00013543162057477178,0,5,1.0,,,0.04999322841897127,0.04999322841897127,0.9998645683794253,0.0,0.0,0.00013543162057477178,0.0,0,grouped_iid,RCSE_NO_GATHER,LOG_TRAIN_P90,0.01,0.05,0.5,0.0,0.05,,,,cost_sensitivity,cG=0.01;cH=0.05;cA=0.5
36919,5,0.00013543162057477178,0,5,1.0,,,0.04999322841897127,0.04999322841897127,0.9998645683794253,0.0,0.0,0.00013543162057477178,0.0,0,grouped_iid,RCSE_NO_GATHER,LOG_TRAIN_P90,0.01,0.05,1.0,0.0,0.05,,,,cost_sensitivity,cG=0.01;cH=0.05;cA=1.0
36919,5,0.00013543162057477178,0,5,1.0,,,0.09998645683794254,0.09998645683794254,0.9998645683794253,0.0,0.0,0.00013543162057477178,0.0,0,grouped_iid,RCSE_NO_GATHER,LOG_TRAIN_P90,0.01,0.1,0.2,0.0,0.05,,,,cost_sensitivity,cG=0.01;cH=0.1;cA=0.2
36919,5,0.00013543162057477178,0,5,1.0,,,0.09998645683794254,0.09998645683794254,0.9998645683794253,0.0,0.0,0.00013543162057477178,0.0,0,grouped_iid,RCSE_NO_GATHER,LOG_TRAIN_P90,0.01,0.1,0.5,0.0,0.05,,,,cost_sensitivity,cG=0.01;cH=0.1;cA=0.5
36919,5,0.00013543162057477178,0,5,1.0,,,0.09998645683794254,0.09998645683794254,0.9998645683794253,0.0,0.0,0.00013543162057477178,0.0,0,grouped_iid,RCSE_NO_GATHER,LOG_TRAIN_P90,0.01,0.1,1.0,0.0,0.05,,,,cost_sensitivity,cG=0.01;cH=0.1;cA=1.0
36919,5,0.00013543162057477178,0,5,1.0,,,0.19997291367588507,0.19997291367588507,0.9998645683794253,0.0,0.0,0.00013543162057477178,0.0,0,grouped_iid,RCSE_NO_GATHER,LOG_TRAIN_P90,0.01,0.2,0.5,0.0,0.05,,,,cost_sensitivity,cG=0.01;cH=0.2;cA=0.5
36919,5,0.00013543162057477178,0,5,1.0,,,0.19997291367588507,0.19997291367588507,0.9998645683794253,0.0,0.0,0.00013543162057477178,0.0,0,grouped_iid,RCSE_NO_GATHER,LOG_TRAIN_P90,0.01,0.2,1.0,0.0,0.05,,,,cost_sensitivity,cG=0.01;cH=0.2;cA=1.0
36919,5,0.00013543162057477178,0,5,1.0,,,0.04999322841897127,0.04999322841897127,0.9998645683794253,0.0,0.0,0.00013543162057477178,0.0,0,grouped_iid,RCSE_NO_GATHER,LOG_TRAIN_P90,0.02,0.05,0.2,0.0,0.05,,,,cost_sensitivity,cG=0.02;cH=0.05;cA=0.2
36919,5,0.00013543162057477178,0,5,1.0,,,0.04999322841897127,0.04999322841897127,0.9998645683794253,0.0,0.0,0.00013543162057477178,0.0,0,grouped_iid,RCSE_NO_GATHER,LOG_TRAIN_P90,0.02,0.05,0.5,0.0,0.05,,,,cost_sensitivity,cG=0.02;cH=0.05;cA=0.5
36919,5,0.00013543162057477178,0,5,1.0,,,0.04999322841897127,0.04999322841897127,0.9998645683794253,0.0,0.0,0.00013543162057477178,0.0,0,grouped_iid,RCSE_NO_GATHER,LOG_TRAIN_P90,0.02,0.05,1.0,0.0,0.05,,,,cost_sensitivity,cG=0.02;cH=0.05;cA=1.0
36919,5,0.00013543162057477178,0,5,1.0,,,0.09998645683794254,0.09998645683794254,0.9998645683794253,0.0,0.0,0.00013543162057477178,0.0,0,grouped_iid,RCSE_NO_GATHER,LOG_TRAIN_P90,0.02,0.1,0.2,0.0,0.05,,,,cost_sensitivity,cG=0.02;cH=0.1;cA=0.2
36919,5,0.00013543162057477178,0,5,1.0,,,0.09998645683794254,0.09998645683794254,0.9998645683794253,0.0,0.0,0.00013543162057477178,0.0,0,grouped_iid,RCSE_NO_GATHER,LOG_TRAIN_P90,0.02,0.1,0.5,0.0,0.05,,,,cost_sensitivity,cG=0.02;cH=0.1;cA=0.5
36919,5,0.00013543162057477178,0,5,1.0,,,0.09998645683794254,0.09998645683794254,0.9998645683794253,0.0,0.0,0.00013543162057477178,0.0,0,grouped_iid,RCSE_NO_GATHER,LOG_TRAIN_P90,0.02,0.1,1.0,0.0,0.05,,,,cost_sensitivity,cG=0.02;cH=0.1;cA=1.0
36919,5,0.00013543162057477178,0,5,1.0,,,0.19997291367588507,0.19997291367588507,0.9998645683794253,0.0,0.0,0.00013543162057477178,0.0,0,grouped_iid,RCSE_NO_GATHER,LOG_TRAIN_P90,0.02,0.2,0.5,0.0,0.05,,,,cost_sensitivity,cG=0.02;cH=0.2;cA=0.5
36919,5,0.00013543162057477178,0,5,1.0,,,0.19997291367588507,0.19997291367588507,0.9998645683794253,0.0,0.0,0.00013543162057477178,0.0,0,grouped_iid,RCSE_NO_GATHER,LOG_TRAIN_P90,0.02,0.2,1.0,0.0,0.05,,,,cost_sensitivity,cG=0.02;cH=0.2;cA=1.0
36919,5,0.00013543162057477178,0,5,1.0,,,0.09998645683794254,0.09998645683794254,0.9998645683794253,0.0,0.0,0.00013543162057477178,0.0,0,grouped_iid,RCSE_NO_GATHER,LOG_TRAIN_P90,0.05,0.1,0.2,0.0,0.05,,,,cost_sensitivity,cG=0.05;cH=0.1;cA=0.2
36919,5,0.00013543162057477178,0,5,1.0,,,0.09998645683794254,0.09998645683794254,0.9998645683794253,0.0,0.0,0.00013543162057477178,0.0,0,grouped_iid,RCSE_NO_GATHER,LOG_TRAIN_P90,0.05,0.1,0.5,0.0,0.05,,,,cost_sensitivity,cG=0.05;cH=0.1;cA=0.5
36919,5,0.00013543162057477178,0,5,1.0,,,0.09998645683794254,0.09998645683794254,0.9998645683794253,0.0,0.0,0.00013543162057477178,0.0,0,grouped_iid,RCSE_NO_GATHER,LOG_TRAIN_P90,0.05,0.1,1.0,0.0,0.05,,,,cost_sensitivity,cG=0.05;cH=0.1;cA=1.0
36919,5,0.00013543162057477178,0,5,1.0,,,0.19997291367588507,0.19997291367588507,0.9998645683794253,0.0,0.0,0.00013543162057477178,0.0,0,grouped_iid,RCSE_NO_GATHER,LOG_TRAIN_P90,0.05,0.2,0.5,0.0,0.05,,,,cost_sensitivity,cG=0.05;cH=0.2;cA=0.5
36919,5,0.00013543162057477178,0,5,1.0,,,0.19997291367588507,0.19997291367588507,0.9998645683794253,0.0,0.0,0.00013543162057477178,0.0,0,grouped_iid,RCSE_NO_GATHER,LOG_TRAIN_P90,0.05,0.2,1.0,0.0,0.05,,,,cost_sensitivity,cG=0.05;cH=0.2;cA=1.0
36919,5,0.00013543162057477178,0,5,1.0,,,0.19997291367588507,0.19997291367588507,0.9998645683794253,0.0,0.0,0.00013543162057477178,0.0,0,grouped_iid,RCSE_NO_GATHER,LOG_TRAIN_P90,0.1,0.2,0.5,0.0,0.05,,,,cost_sensitivity,cG=0.1;cH=0.2;cA=0.5
36919,5,0.00013543162057477178,0,5,1.0,,,0.19997291367588507,0.19997291367588507,0.9998645683794253,0.0,0.0,0.00013543162057477178,0.0,0,grouped_iid,RCSE_NO_GATHER,LOG_TRAIN_P90,0.1,0.2,1.0,0.0,0.05,,,,cost_sensitivity,cG=0.1;cH=0.2;cA=1.0
36919,1478,0.040033587041902546,1440,38,0.02571041948579161,0.060036216445769126,0.025324131309024795,0.04900391417551932,0.04909982886146826,0.9599664129580975,0.03989815542132777,0.0,0.00013543162057477178,0.03989815542132777,0,grouped_iid,RCSE_FULL,LOG_TRAIN_P90,0.01,0.05,0.2,0.0,0.05,0.95,0.05,,cost_sensitivity,cG=0.01;cH=0.05;cA=0.2
36919,1478,0.040033587041902546,1440,38,0.02571041948579161,0.060036216445769126,0.025324131309024795,0.04900391417551932,0.04909982886146826,0.9599664129580975,0.03989815542132777,0.0,0.00013543162057477178,0.03989815542132777,0,grouped_iid,RCSE_FULL,LOG_TRAIN_P90,0.01,0.05,0.5,0.0,0.05,0.95,0.05,,cost_sensitivity,cG=0.01;cH=0.05;cA=0.5
36919,1478,0.040033587041902546,1440,38,0.02571041948579161,0.060036216445769126,0.025324131309024795,0.04900391417551932,0.04909982886146826,0.9599664129580975,0.03989815542132777,0.0,0.00013543162057477178,0.03989815542132777,0,grouped_iid,RCSE_FULL,LOG_TRAIN_P90,0.01,0.05,1.0,0.0,0.05,0.95,0.05,,cost_sensitivity,cG=0.01;cH=0.05;cA=1.0
36919,1519,0.04114412633061567,1479,40,0.026333113890717578,0.06126843959834225,0.026385153559500607,0.09695084363818397,0.09705870617125752,0.9588558736693843,0.0410086947100409,0.0,0.00013543162057477178,0.0410086947100409,0,grouped_iid,RCSE_FULL,LOG_TRAIN_P90,0.01,0.1,0.2,0.0,0.05,0.95,0.05,,cost_sensitivity,cG=0.01;cH=0.1;cA=0.2
36919,1519,0.04114412633061567,1479,40,0.026333113890717578,0.06126843959834225,0.026385153559500607,0.09695084363818397,0.09705870617125752,0.9588558736693843,0.0410086947100409,0.0,0.00013543162057477178,0.0410086947100409,0,grouped_iid,RCSE_FULL,LOG_TRAIN_P90,0.01,0.1,0.5,0.0,0.05,0.95,0.05,,cost_sensitivity,cG=0.01;cH=0.1;cA=0.5
36919,1519,0.04114412633061567,1479,40,0.026333113890717578,0.06126843959834225,0.026385153559500607,0.09695084363818397,0.09705870617125752,0.9588558736693843,0.0410086947100409,0.0,0.00013543162057477178,0.0410086947100409,0,grouped_iid,RCSE_FULL,LOG_TRAIN_P90,0.01,0.1,1.0,0.0,0.05,0.95,0.05,,cost_sensitivity,cG=0.01;cH=0.1;cA=1.0
36919,1519,0.04114412633061567,1479,40,0.026333113890717578,0.06126843959834225,0.026385153559500607,0.19283643100512243,0.19294429353819595,0.9588558736693843,0.0410086947100409,0.0,0.00013543162057477178,0.0410086947100409,0,grouped_iid,RCSE_FULL,LOG_TRAIN_P90,0.01,0.2,0.5,0.0,0.05,0.95,0.05,,cost_sensitivity,cG=0.01;cH=0.2;cA=0.5
36919,1519,0.04114412633061567,1479,40,0.026333113890717578,0.06126843959834225,0.026385153559500607,0.19283643100512243,0.19294429353819595,0.9588558736693843,0.0410086947100409,0.0,0.00013543162057477178,0.0410086947100409,0,grouped_iid,RCSE_FULL,LOG_TRAIN_P90,0.01,0.2,1.0,0.0,0.05,0.95,0.05,,cost_sensitivity,cG=0.01;cH=0.2;cA=1.0
36919,1303,0.03529348032178553,1273,30,0.023023791250959325,0.06354901118791355,0.021423848134195584,0.049383908308432124,0.04944533046729267,0.9647065196782145,0.03515804870121076,0.0,0.00013543162057477178,0.03515804870121076,0,grouped_iid,RCSE_FULL,LOG_TRAIN_P90,0.02,0.05,0.2,0.0,0.05,0.95,0.05,,cost_sensitivity,cG=0.02;cH=0.05;cA=0.2
36919,1303,0.03529348032178553,1273,30,0.023023791250959325,0.06354901118791355,0.021423848134195584,0.049383908308432124,0.04944533046729267,0.9647065196782145,0.03515804870121076,0.0,0.00013543162057477178,0.03515804870121076,0,grouped_iid,RCSE_FULL,LOG_TRAIN_P90,0.02,0.05,0.5,0.0,0.05,0.95,0.05,,cost_sensitivity,cG=0.02;cH=0.05;cA=0.5
36919,1303,0.03529348032178553,1273,30,0.023023791250959325,0.06354901118791355,0.021423848134195584,0.049383908308432124,0.04944533046729267,0.9647065196782145,0.03515804870121076,0.0,0.00013543162057477178,0.03515804870121076,0,grouped_iid,RCSE_FULL,LOG_TRAIN_P90,0.02,0.05,1.0,0.0,0.05,0.95,0.05,,cost_sensitivity,cG=0.02;cH=0.05;cA=1.0
36919,1519,0.04114412633061567,1479,40,0.026333113890717578,0.06126843959834225,0.026385153559500607,0.09736093058528437,0.09746879311835792,0.9588558736693843,0.0410086947100409,0.0,0.00013543162057477178,0.0410086947100409,0,grouped_iid,RCSE_FULL,LOG_TRAIN_P90,0.02,0.1,0.2,0.0,0.05,0.95,0.05,,cost_sensitivity,cG=0.02;cH=0.1;cA=0.2
36919,1519,0.04114412633061567,1479,40,0.026333113890717578,0.06126843959834225,0.026385153559500607,0.09736093058528437,0.09746879311835792,0.9588558736693843,0.0410086947100409,0.0,0.00013543162057477178,0.0410086947100409,0,grouped_iid,RCSE_FULL,LOG_TRAIN_P90,0.02,0.1,0.5,0.0,0.05,0.95,0.05,,cost_sensitivity,cG=0.02;cH=0.1;cA=0.5
36919,1519,0.04114412633061567,1479,40,0.026333113890717578,0.06126843959834225,0.026385153559500607,0.09736093058528437,0.09746879311835792,0.9588558736693843,0.0410086947100409,0.0,0.00013543162057477178,0.0410086947100409,0,grouped_iid,RCSE_FULL,LOG_TRAIN_P90,0.02,0.1,1.0,0.0,0.05,0.95,0.05,,cost_sensitivity,cG=0.02;cH=0.1;cA=1.0
36919,1519,0.04114412633061567,1479,40,0.026333113890717578,0.06126843959834225,0.026385153559500607,0.1932465179522228,0.19335438048529638,0.9588558736693843,0.0410086947100409,0.0,0.00013543162057477178,0.0410086947100409,0,grouped_iid,RCSE_FULL,LOG_TRAIN_P90,0.02,0.2,0.5,0.0,0.05,0.95,0.05,,cost_sensitivity,cG=0.02;cH=0.2;cA=0.5
36919,1519,0.04114412633061567,1479,40,0.026333113890717578,0.06126843959834225,0.026385153559500607,0.1932465179522228,0.19335438048529638,0.9588558736693843,0.0410086947100409,0.0,0.00013543162057477178,0.0410086947100409,0,grouped_iid,RCSE_FULL,LOG_TRAIN_P90,0.02,0.2,1.0,0.0,0.05,0.95,0.05,,cost_sensitivity,cG=0.02;cH=0.2;cA=1.0
36919,1519,0.04114412633061567,1479,40,0.026333113890717578,0.06126843959834225,0.026385153559500607,0.0985911914265856,0.09869905395965915,0.9588558736693843,0.0410086947100409,0.0,0.00013543162057477178,0.0410086947100409,0,grouped_iid,RCSE_FULL,LOG_TRAIN_P90,0.05,0.1,0.2,0.0,0.05,0.95,0.05,,cost_sensitivity,cG=0.05;cH=0.1;cA=0.2
36919,1519,0.04114412633061567,1479,40,0.026333113890717578,0.06126843959834225,0.026385153559500607,0.0985911914265856,0.09869905395965915,0.9588558736693843,0.0410086947100409,0.0,0.00013543162057477178,0.0410086947100409,0,grouped_iid,RCSE_FULL,LOG_TRAIN_P90,0.05,0.1,0.5,0.0,0.05,0.95,0.05,,cost_sensitivity,cG=0.05;cH=0.1;cA=0.5
36919,1519,0.04114412633061567,1479,40,0.026333113890717578,0.06126843959834225,0.026385153559500607,0.0985911914265856,0.09869905395965915,0.9588558736693843,0.0410086947100409,0.0,0.00013543162057477178,0.0410086947100409,0,grouped_iid,RCSE_FULL,LOG_TRAIN_P90,0.05,0.1,1.0,0.0,0.05,0.95,0.05,,cost_sensitivity,cG=0.05;cH=0.1;cA=1.0
36919,1519,0.04114412633061567,1479,40,0.026333113890717578,0.06126843959834225,0.026385153559500607,0.19447677879352404,0.1945846413265976,0.9588558736693843,0.0410086947100409,0.0,0.00013543162057477178,0.0410086947100409,0,grouped_iid,RCSE_FULL,LOG_TRAIN_P90,0.05,0.2,0.5,0.0,0.05,0.95,0.05,,cost_sensitivity,cG=0.05;cH=0.2;cA=0.5
36919,1519,0.04114412633061567,1479,40,0.026333113890717578,0.06126843959834225,0.026385153559500607,0.19447677879352404,0.1945846413265976,0.9588558736693843,0.0410086947100409,0.0,0.00013543162057477178,0.0410086947100409,0,grouped_iid,RCSE_FULL,LOG_TRAIN_P90,0.05,0.2,1.0,0.0,0.05,0.95,0.05,,cost_sensitivity,cG=0.05;cH=0.2;cA=1.0
36919,1519,0.04114412633061567,1479,40,0.026333113890717578,0.06126843959834225,0.026385153559500607,0.1965272135290261,0.19663507606209965,0.9588558736693843,0.0410086947100409,0.0,0.00013543162057477178,0.0410086947100409,0,grouped_iid,RCSE_FULL,LOG_TRAIN_P90,0.1,0.2,0.5,0.0,0.05,0.95,0.05,,cost_sensitivity,cG=0.1;cH=0.2;cA=0.5
36919,1519,0.04114412633061567,1479,40,0.026333113890717578,0.06126843959834225,0.026385153559500607,0.1965272135290261,0.19663507606209965,0.9588558736693843,0.0410086947100409,0.0,0.00013543162057477178,0.0410086947100409,0,grouped_iid,RCSE_FULL,LOG_TRAIN_P90,0.1,0.2,1.0,0.0,0.05,0.95,0.05,,cost_sensitivity,cG=0.1;cH=0.2;cA=1.0
36919,5,0.00013543162057477178,0,5,1.0,,,0.09998645683794254,0.09998645683794254,0.9998645683794253,0.0,0.0,0.00013543162057477178,0.0,0,grouped_iid,RCSE_NO_GATHER,LOG_TRAIN_P90,0.02,0.1,0.5,0.0,0.05,,,,consequence_sensitivity,LOG_TRAIN_P90
36919,0,0.0,0,0,,,,0.10000000000000002,0.10000000000000002,1.0,0.0,0.0,0.0,0.0,0,grouped_iid,RCSE_NO_GATHER,UNIFORM,0.02,0.1,0.5,0.0,0.05,,,,consequence_sensitivity,UNIFORM
36919,5,0.00013543162057477178,0,5,1.0,,,0.09998645683794254,0.09998645683794254,0.9998645683794253,0.0,0.0,0.00013543162057477178,0.0,0,grouped_iid,RCSE_NO_GATHER,LOG_TRAIN_P50,0.02,0.1,0.5,0.0,0.05,,,,consequence_sensitivity,LOG_TRAIN_P50
36919,10,0.00027086324114954357,1,9,0.9,0.8,0.8,0.09997938903790647,0.09997986254636061,0.9997291367588504,0.0,0.0,0.00027086324114954357,0.0,0,grouped_iid,RCSE_NO_GATHER,LOG_TRAIN_P99,0.02,0.1,0.5,0.0,0.05,,,,consequence_sensitivity,LOG_TRAIN_P99
36919,1519,0.04114412633061567,1479,40,0.026333113890717578,0.06126843959834225,0.026385153559500607,0.09736093058528437,0.09746879311835792,0.9588558736693843,0.0410086947100409,0.0,0.00013543162057477178,0.0410086947100409,0,grouped_iid,RCSE_FULL,LOG_TRAIN_P90,0.02,0.1,0.5,0.0,0.05,0.95,0.05,,consequence_sensitivity,LOG_TRAIN_P90
36919,1516,0.04106286735827081,1481,35,0.02308707124010554,0.058432818109244326,0.02308707124010554,0.09765171159934154,0.09766299195536177,0.9589371326417292,0.04106286735827081,0.0,0.0,0.04106286735827081,0,grouped_iid,RCSE_FULL,UNIFORM,0.02,0.1,0.5,0.0,0.05,0.95,0.05,,consequence_sensitivity,UNIFORM
36919,1430,0.03873344348438473,1395,35,0.024475524475524476,0.05930005625933614,0.023554190504806255,0.09767687037831327,0.09777098274578534,0.9612665565156152,0.03859801186380996,0.0,0.00013543162057477178,0.03859801186380996,0,grouped_iid,RCSE_FULL,LOG_TRAIN_P50,0.02,0.1,0.5,0.0,0.05,0.95,0.05,,consequence_sensitivity,LOG_TRAIN_P50
36919,1526,0.04133373059942035,1482,44,0.028833551769331587,0.05843384375282666,0.026604397840257258,0.09723463076194569,0.09732142285300859,0.9586662694005796,0.04106286735827081,0.0,0.00027086324114954357,0.04106286735827081,0,grouped_iid,RCSE_FULL,LOG_TRAIN_P99,0.02,0.1,0.5,0.0,0.05,0.95,0.05,,consequence_sensitivity,LOG_TRAIN_P99
37580,0,0.0,0,0,,,,0.14297658328898352,0.14297658328898352,0.8956625864821713,0.06208089409260245,0.10433741351782863,0.0,0.0,0,temporal,ARGMAX,LOG_TRAIN_P90,0.02,0.1,0.5,0.0,,,,,reference,FROZEN_REFERENCE
37580,0,0.0,0,0,,,,0.1,0.1,1.0,0.0,0.0,0.0,0.0,0,temporal,COST_AWARE_BLIND,UNIFORM,0.02,0.1,0.5,0.0,,,,,reference,FROZEN_REFERENCE
37580,680,0.018094731240021287,661,19,0.027941176470588237,0.0344567624963486,0.027941176470588237,0.09897101815747689,0.09905800957956361,0.9819052687599787,0.018094731240021287,0.0,0.0,0.018094731240021287,0,temporal,VOI_BLIND,UNIFORM,0.02,0.1,0.5,0.0,0.05,0.95,0.05,,reference,FROZEN_REFERENCE
37580,9,0.00023948908994145824,4,5,0.5555555555555556,,,0.09997605109100587,0.09997605109100587,0.9997605109100586,0.0,0.0,0.00023948908994145824,0.0,0,temporal,RCSE_NO_GATHER,LOG_TRAIN_P90,0.02,0.1,0.5,0.0,0.05,,,,reference,FROZEN_REFERENCE
37580,686,0.018254390633315593,662,24,0.03498542274052478,0.0368863499398743,0.03154545708095825,0.09883177234320714,0.09893843898603133,0.9817456093666844,0.018014901543374134,0.0,0.00023948908994145824,0.018014901543374134,0,temporal,RCSE_FULL,LOG_TRAIN_P90,0.02,0.1,0.5,0.0,0.05,0.95,0.05,,reference,FROZEN_REFERENCE
37580,0,0.0,0,0,,,,0.1,0.1,1.0,0.0,0.0,0.0,0.0,0,temporal,CONFIDENCE_THRESHOLD,LOG_TRAIN_P90,0.02,0.1,0.5,0.0,,,,0.5,confidence_threshold,tau0=0.5
37580,0,0.0,0,0,,,,0.1,0.1,1.0,0.0,0.0,0.0,0.0,0,temporal,CONFIDENCE_THRESHOLD,LOG_TRAIN_P90,0.02,0.1,0.5,0.0,,,,0.6,confidence_threshold,tau0=0.6
37580,0,0.0,0,0,,,,0.1,0.1,1.0,0.0,0.0,0.0,0.0,0,temporal,CONFIDENCE_THRESHOLD,LOG_TRAIN_P90,0.02,0.1,0.5,0.0,,,,0.7,confidence_threshold,tau0=0.7
37580,0,0.0,0,0,,,,0.1,0.1,1.0,0.0,0.0,0.0,0.0,0,temporal,CONFIDENCE_THRESHOLD,LOG_TRAIN_P90,0.02,0.1,0.5,0.0,,,,0.75,confidence_threshold,tau0=0.75
37580,0,0.0,0,0,,,,0.1,0.1,1.0,0.0,0.0,0.0,0.0,0,temporal,CONFIDENCE_THRESHOLD,LOG_TRAIN_P90,0.02,0.1,0.5,0.0,,,,0.8,confidence_threshold,tau0=0.8
37580,0,0.0,0,0,,,,0.1,0.1,1.0,0.0,0.0,0.0,0.0,0,temporal,CONFIDENCE_THRESHOLD,LOG_TRAIN_P90,0.02,0.1,0.5,0.0,,,,0.85,confidence_threshold,tau0=0.85
37580,0,0.0,0,0,,,,0.1,0.1,1.0,0.0,0.0,0.0,0.0,0,temporal,CONFIDENCE_THRESHOLD,LOG_TRAIN_P90,0.02,0.1,0.5,0.0,,,,0.9,confidence_threshold,tau0=0.9
37580,0,0.0,0,0,,,,0.1,0.1,1.0,0.0,0.0,0.0,0.0,0,temporal,CONFIDENCE_THRESHOLD,LOG_TRAIN_P90,0.02,0.1,0.5,0.0,,,,0.92,confidence_threshold,tau0=0.92
37580,0,0.0,0,0,,,,0.1,0.1,1.0,0.0,0.0,0.0,0.0,0,temporal,CONFIDENCE_THRESHOLD,LOG_TRAIN_P90,0.02,0.1,0.5,0.0,,,,0.94,confidence_threshold,tau0=0.94
37580,0,0.0,0,0,,,,0.1,0.1,1.0,0.0,0.0,0.0,0.0,0,temporal,CONFIDENCE_THRESHOLD,LOG_TRAIN_P90,0.02,0.1,0.5,0.0,,,,0.95,confidence_threshold,tau0=0.95
37580,0,0.0,0,0,,,,0.1,0.1,1.0,0.0,0.0,0.0,0.0,0,temporal,CONFIDENCE_THRESHOLD,LOG_TRAIN_P90,0.02,0.1,0.5,0.0,,,,0.96,confidence_threshold,tau0=0.96
37580,0,0.0,0,0,,,,0.1,0.1,1.0,0.0,0.0,0.0,0.0,0,temporal,CONFIDENCE_THRESHOLD,LOG_TRAIN_P90,0.02,0.1,0.5,0.0,,,,0.97,confidence_threshold,tau0=0.97
37580,0,0.0,0,0,,,,0.1,0.1,1.0,0.0,0.0,0.0,0.0,0,temporal,CONFIDENCE_THRESHOLD,LOG_TRAIN_P90,0.02,0.1,0.5,0.0,,,,0.98,confidence_threshold,tau0=0.98
37580,0,0.0,0,0,,,,0.1,0.1,1.0,0.0,0.0,0.0,0.0,0,temporal,CONFIDENCE_THRESHOLD,LOG_TRAIN_P90,0.02,0.1,0.5,0.0,,,,0.99,confidence_threshold,tau0=0.99
37580,0,0.0,0,0,,,,0.1,0.1,1.0,0.0,0.0,0.0,0.0,0,temporal,CONFIDENCE_THRESHOLD,LOG_TRAIN_P90,0.02,0.1,0.5,0.0,,,,0.995,confidence_threshold,tau0=0.995
37580,680,0.018094731240021287,661,19,0.027941176470588237,0.0344567624963486,0.027941176470588237,0.09897101815747689,0.09905800957956361,0.9819052687599787,0.018094731240021287,0.0,0.0,0.018094731240021287,0,temporal,VOI_BLIND,UNIFORM,0.02,0.1,0.5,0.0,0.01,0.95,0.05,,risk_budget_frontier,beta0=0.01
37580,680,0.018094731240021287,661,19,0.027941176470588237,0.0344567624963486,0.027941176470588237,0.09897101815747689,0.09905800957956361,0.9819052687599787,0.018094731240021287,0.0,0.0,0.018094731240021287,0,temporal,VOI_BLIND,UNIFORM,0.02,0.1,0.5,0.0,0.02,0.95,0.05,,risk_budget_frontier,beta0=0.02
37580,680,0.018094731240021287,661,19,0.027941176470588237,0.0344567624963486,0.027941176470588237,0.09897101815747689,0.09905800957956361,0.9819052687599787,0.018094731240021287,0.0,0.0,0.018094731240021287,0,temporal,VOI_BLIND,UNIFORM,0.02,0.1,0.5,0.0,0.05,0.95,0.05,,risk_budget_frontier,beta0=0.05
37580,680,0.018094731240021287,661,19,0.027941176470588237,0.0344567624963486,0.027941176470588237,0.09897101815747689,0.09905800957956361,0.9819052687599787,0.018094731240021287,0.0,0.0,0.018094731240021287,0,temporal,VOI_BLIND,UNIFORM,0.02,0.1,0.5,0.0,0.1,0.95,0.05,,risk_budget_frontier,beta0=0.1
37580,680,0.018094731240021287,661,19,0.027941176470588237,0.0344567624963486,0.027941176470588237,0.09897101815747689,0.09905800957956361,0.9819052687599787,0.018094731240021287,0.0,0.0,0.018094731240021287,0,temporal,VOI_BLIND,UNIFORM,0.02,0.1,0.5,0.0,0.2,0.95,0.05,,risk_budget_frontier,beta0=0.2
37580,9,0.00023948908994145824,4,5,0.5555555555555556,,,0.09997605109100587,0.09997605109100587,0.9997605109100586,0.0,0.0,0.00023948908994145824,0.0,0,temporal,RCSE_NO_GATHER,LOG_TRAIN_P90,0.02,0.1,0.5,0.0,0.01,,,,risk_budget_frontier,beta0=0.01
37580,9,0.00023948908994145824,4,5,0.5555555555555556,,,0.09997605109100587,0.09997605109100587,0.9997605109100586,0.0,0.0,0.00023948908994145824,0.0,0,temporal,RCSE_NO_GATHER,LOG_TRAIN_P90,0.02,0.1,0.5,0.0,0.02,,,,risk_budget_frontier,beta0=0.02
37580,9,0.00023948908994145824,4,5,0.5555555555555556,,,0.09997605109100587,0.09997605109100587,0.9997605109100586,0.0,0.0,0.00023948908994145824,0.0,0,temporal,RCSE_NO_GATHER,LOG_TRAIN_P90,0.02,0.1,0.5,0.0,0.05,,,,risk_budget_frontier,beta0=0.05
37580,38,0.0010111761575306013,9,29,0.7631578947368421,0.8285714285714286,0.8282066701483533,0.09995162646561906,0.0999548750769401,0.9989888238424695,0.0,0.0,0.0010111761575306013,0.0,0,temporal,RCSE_NO_GATHER,LOG_TRAIN_P90,0.02,0.1,0.5,0.0,0.1,,,,risk_budget_frontier,beta0=0.1
37580,38,0.0010111761575306013,9,29,0.7631578947368421,0.8285714285714286,0.8282066701483533,0.09995162646561906,0.0999548750769401,0.9989888238424695,0.0,0.0,0.0010111761575306013,0.0,0,temporal,RCSE_NO_GATHER,LOG_TRAIN_P90,0.02,0.1,0.5,0.0,0.2,,,,risk_budget_frontier,beta0=0.2
37580,686,0.018254390633315593,662,24,0.03498542274052478,0.0368863499398743,0.03154545708095825,0.09883177234320714,0.09893843898603133,0.9817456093666844,0.018014901543374134,0.0,0.00023948908994145824,0.018014901543374134,0,temporal,RCSE_FULL,LOG_TRAIN_P90,0.02,0.1,0.5,0.0,0.01,0.95,0.05,,risk_budget_frontier,beta0=0.01
37580,686,0.018254390633315593,662,24,0.03498542274052478,0.0368863499398743,0.03154545708095825,0.09883177234320714,0.09893843898603133,0.9817456093666844,0.018014901543374134,0.0,0.00023948908994145824,0.018014901543374134,0,temporal,RCSE_FULL,LOG_TRAIN_P90,0.02,0.1,0.5,0.0,0.02,0.95,0.05,,risk_budget_frontier,beta0=0.02
37580,686,0.018254390633315593,662,24,0.03498542274052478,0.0368863499398743,0.03154545708095825,0.09883177234320714,0.09893843898603133,0.9817456093666844,0.018014901543374134,0.0,0.00023948908994145824,0.018014901543374134,0,temporal,RCSE_FULL,LOG_TRAIN_P90,0.02,0.1,0.5,0.0,0.05,0.95,0.05,,risk_budget_frontier,beta0=0.05
37580,714,0.018999467802022354,667,47,0.06582633053221289,0.03690120521275762,0.03557730090058098,0.09880792911318267,0.0989178443673279,0.9810005321979777,0.018014901543374134,0.0,0.000984566258648217,0.018014901543374134,0,temporal,RCSE_FULL,LOG_TRAIN_P90,0.02,0.1,0.5,0.0,0.1,0.95,0.05,,risk_budget_frontier,beta0=0.1
37580,714,0.018999467802022354,667,47,0.06582633053221289,0.03690120521275762,0.03557730090058098,0.09880792911318267,0.0989178443673279,0.9810005321979777,0.018014901543374134,0.0,0.000984566258648217,0.018014901543374134,0,temporal,RCSE_FULL,LOG_TRAIN_P90,0.02,0.1,0.5,0.0,0.2,0.95,0.05,,risk_budget_frontier,beta0=0.2
37580,10,0.00026609898882384245,10,0,0.0,0.0,0.0,0.09997871208089411,0.09997871208089411,0.9997339010111762,0.00026609898882384245,0.0,0.0,0.00026609898882384245,0,temporal,VOI_BLIND,UNIFORM,0.02,0.1,0.5,0.0,0.05,0.9,0.01,,post_gather_gate,tau1=0.9;beta1=0.01
37580,10,0.00026609898882384245,10,0,0.0,0.0,0.0,0.09997871208089411,0.09997871208089411,0.9997339010111762,0.00026609898882384245,0.0,0.0,0.00026609898882384245,0,temporal,VOI_BLIND,UNIFORM,0.02,0.1,0.5,0.0,0.05,0.9,0.02,,post_gather_gate,tau1=0.9;beta1=0.02
37580,680,0.018094731240021287,661,19,0.027941176470588237,0.0344567624963486,0.027941176470588237,0.09897101815747689,0.09905800957956361,0.9819052687599787,0.018094731240021287,0.0,0.0,0.018094731240021287,0,temporal,VOI_BLIND,UNIFORM,0.02,0.1,0.5,0.0,0.05,0.9,0.05,,post_gather_gate,tau1=0.9;beta1=0.05
37580,680,0.018094731240021287,661,19,0.027941176470588237,0.0344567624963486,0.027941176470588237,0.09897101815747689,0.09905800957956361,0.9819052687599787,0.018094731240021287,0.0,0.0,0.018094731240021287,0,temporal,VOI_BLIND,UNIFORM,0.02,0.1,0.5,0.0,0.05,0.9,0.1,,post_gather_gate,tau1=0.9;beta1=0.1
37580,10,0.00026609898882384245,10,0,0.0,0.0,0.0,0.09997871208089411,0.09997871208089411,0.9997339010111762,0.00026609898882384245,0.0,0.0,0.00026609898882384245,0,temporal,VOI_BLIND,UNIFORM,0.02,0.1,0.5,0.0,0.05,0.95,0.01,,post_gather_gate,tau1=0.95;beta1=0.01
37580,10,0.00026609898882384245,10,0,0.0,0.0,0.0,0.09997871208089411,0.09997871208089411,0.9997339010111762,0.00026609898882384245,0.0,0.0,0.00026609898882384245,0,temporal,VOI_BLIND,UNIFORM,0.02,0.1,0.5,0.0,0.05,0.95,0.02,,post_gather_gate,tau1=0.95;beta1=0.02
37580,680,0.018094731240021287,661,19,0.027941176470588237,0.0344567624963486,0.027941176470588237,0.09897101815747689,0.09905800957956361,0.9819052687599787,0.018094731240021287,0.0,0.0,0.018094731240021287,0,temporal,VOI_BLIND,UNIFORM,0.02,0.1,0.5,0.0,0.05,0.95,0.05,,post_gather_gate,tau1=0.95;beta1=0.05
37580,680,0.018094731240021287,661,19,0.027941176470588237,0.0344567624963486,0.027941176470588237,0.09897101815747689,0.09905800957956361,0.9819052687599787,0.018094731240021287,0.0,0.0,0.018094731240021287,0,temporal,VOI_BLIND,UNIFORM,0.02,0.1,0.5,0.0,0.05,0.95,0.1,,post_gather_gate,tau1=0.95;beta1=0.1
37580,10,0.00026609898882384245,10,0,0.0,0.0,0.0,0.09997871208089411,0.09997871208089411,0.9997339010111762,0.00026609898882384245,0.0,0.0,0.00026609898882384245,0,temporal,VOI_BLIND,UNIFORM,0.02,0.1,0.5,0.0,0.05,0.97,0.01,,post_gather_gate,tau1=0.97;beta1=0.01
37580,10,0.00026609898882384245,10,0,0.0,0.0,0.0,0.09997871208089411,0.09997871208089411,0.9997339010111762,0.00026609898882384245,0.0,0.0,0.00026609898882384245,0,temporal,VOI_BLIND,UNIFORM,0.02,0.1,0.5,0.0,0.05,0.97,0.02,,post_gather_gate,tau1=0.97;beta1=0.02
37580,629,0.01673762639701969,611,18,0.028616852146263912,0.03906735246718359,0.028616852146263912,0.09901993358478509,0.09913996806812136,0.9832623736029803,0.01673762639701969,0.0,0.0,0.01673762639701969,0,temporal,VOI_BLIND,UNIFORM,0.02,0.1,0.5,0.0,0.05,0.97,0.05,,post_gather_gate,tau1=0.97;beta1=0.05
37580,629,0.01673762639701969,611,18,0.028616852146263912,0.03906735246718359,0.028616852146263912,0.09901993358478509,0.09913996806812136,0.9832623736029803,0.01673762639701969,0.0,0.0,0.01673762639701969,0,temporal,VOI_BLIND,UNIFORM,0.02,0.1,0.5,0.0,0.05,0.97,0.1,,post_gather_gate,tau1=0.97;beta1=0.1
37580,10,0.00026609898882384245,10,0,0.0,0.0,0.0,0.09997871208089411,0.09997871208089411,0.9997339010111762,0.00026609898882384245,0.0,0.0,0.00026609898882384245,0,temporal,VOI_BLIND,UNIFORM,0.02,0.1,0.5,0.0,0.05,0.99,0.01,,post_gather_gate,tau1=0.99;beta1=0.01
37580,10,0.00026609898882384245,10,0,0.0,0.0,0.0,0.09997871208089411,0.09997871208089411,0.9997339010111762,0.00026609898882384245,0.0,0.0,0.00026609898882384245,0,temporal,VOI_BLIND,UNIFORM,0.02,0.1,0.5,0.0,0.05,0.99,0.02,,post_gather_gate,tau1=0.99;beta1=0.02
37580,10,0.00026609898882384245,10,0,0.0,0.0,0.0,0.09997871208089411,0.09997871208089411,0.9997339010111762,0.00026609898882384245,0.0,0.0,0.00026609898882384245,0,temporal,VOI_BLIND,UNIFORM,0.02,0.1,0.5,0.0,0.05,0.99,0.05,,post_gather_gate,tau1=0.99;beta1=0.05
37580,10,0.00026609898882384245,10,0,0.0,0.0,0.0,0.09997871208089411,0.09997871208089411,0.9997339010111762,0.00026609898882384245,0.0,0.0,0.00026609898882384245,0,temporal,VOI_BLIND,UNIFORM,0.02,0.1,0.5,0.0,0.05,0.99,0.1,,post_gather_gate,tau1=0.99;beta1=0.1
37580,83,0.0022086216072378924,78,5,0.060240963855421686,0.0,0.0,0.09983232884335881,0.09981852048962214,0.9977913783927621,0.001969132517296434,0.0,0.00023948908994145824,0.001969132517296434,0,temporal,RCSE_FULL,LOG_TRAIN_P90,0.02,0.1,0.5,0.0,0.05,0.9,0.01,,post_gather_gate,tau1=0.9;beta1=0.01
37580,534,0.014209686003193188,515,19,0.035580524344569285,0.03856575928566999,0.03054396930691741,0.0990505835260418,0.09913098071205347,0.9857903139968068,0.01397019691325173,0.0,0.00023948908994145824,0.01397019691325173,0,temporal,RCSE_FULL,LOG_TRAIN_P90,0.02,0.1,0.5,0.0,0.05,0.9,0.02,,post_gather_gate,tau1=0.9;beta1=0.02
37580,686,0.018254390633315593,662,24,0.03498542274052478,0.0368863499398743,0.03154545708095825,0.09883177234320714,0.09893843898603133,0.9817456093666844,0.018014901543374134,0.0,0.00023948908994145824,0.018014901543374134,0,temporal,RCSE_FULL,LOG_TRAIN_P90,0.02,0.1,0.5,0.0,0.05,0.9,0.05,,post_gather_gate,tau1=0.9;beta1=0.05
37580,701,0.018653539116551356,675,26,0.037089871611982884,0.03537033631624513,0.033893942031909485,0.09882579638803002,0.09894751702485854,0.9813464608834487,0.0184140500266099,0.0,0.00023948908994145824,0.0184140500266099,0,temporal,RCSE_FULL,LOG_TRAIN_P90,0.02,0.1,0.5,0.0,0.05,0.9,0.1,,post_gather_gate,tau1=0.9;beta1=0.1
37580,83,0.0022086216072378924,78,5,0.060240963855421686,0.0,0.0,0.09983232884335881,0.09981852048962214,0.9977913783927621,0.001969132517296434,0.0,0.00023948908994145824,0.001969132517296434,0,temporal,RCSE_FULL,LOG_TRAIN_P90,0.02,0.1,0.5,0.0,0.05,0.95,0.01,,post_gather_gate,tau1=0.95;beta1=0.01
37580,534,0.014209686003193188,515,19,0.035580524344569285,0.03856575928566999,0.03054396930691741,0.0990505835260418,0.09913098071205347,0.9857903139968068,0.01397019691325173,0.0,0.00023948908994145824,0.01397019691325173,0,temporal,RCSE_FULL,LOG_TRAIN_P90,0.02,0.1,0.5,0.0,0.05,0.95,0.02,,post_gather_gate,tau1=0.95;beta1=0.02
37580,686,0.018254390633315593,662,24,0.03498542274052478,0.0368863499398743,0.03154545708095825,0.09883177234320714,0.09893843898603133,0.9817456093666844,0.018014901543374134,0.0,0.00023948908994145824,0.018014901543374134,0,temporal,RCSE_FULL,LOG_TRAIN_P90,0.02,0.1,0.5,0.0,0.05,0.95,0.05,,post_gather_gate,tau1=0.95;beta1=0.05
37580,689,0.018334220329962746,665,24,0.03483309143686502,0.0344567624963486,0.031312964604441745,0.09882956134882422,0.09893205261029954,0.9816657796700372,0.018094731240021287,0.0,0.00023948908994145824,0.018094731240021287,0,temporal,RCSE_FULL,LOG_TRAIN_P90,0.02,0.1,0.5,0.0,0.05,0.95,0.1,,post_gather_gate,tau1=0.95;beta1=0.1
37580,83,0.0022086216072378924,78,5,0.060240963855421686,0.0,0.0,0.09983232884335881,0.09981852048962214,0.9977913783927621,0.001969132517296434,0.0,0.00023948908994145824,0.001969132517296434,0,temporal,RCSE_FULL,LOG_TRAIN_P90,0.02,0.1,0.5,0.0,0.05,0.97,0.01,,post_gather_gate,tau1=0.97;beta1=0.01
37580,531,0.014129856306546035,512,19,0.035781544256120526,0.038577002040651766,0.0306488118522669,0.09905562820043648,0.09913736708778526,0.9858701436934539,0.013890367216604577,0.0,0.00023948908994145824,0.013890367216604577,0,temporal,RCSE_FULL,LOG_TRAIN_P90,0.02,0.1,0.5,0.0,0.05,0.97,0.02,,post_gather_gate,tau1=0.97;beta1=0.02
37580,638,0.01697711548696115,615,23,0.03605015673981191,0.03906735246718359,0.03245229989950121,0.09889211777585764,0.0990213352631773,0.9830228845130389,0.01673762639701969,0.0,0.00023948908994145824,0.01673762639701969,0,temporal,RCSE_FULL,LOG_TRAIN_P90,0.02,0.1,0.5,0.0,0.05,0.97,0.05,,post_gather_gate,tau1=0.97;beta1=0.05
37580,638,0.01697711548696115,615,23,0.03605015673981191,0.03906735246718359,0.03245229989950121,0.09889211777585764,0.0990213352631773,0.9830228845130389,0.01673762639701969,0.0,0.00023948908994145824,0.01673762639701969,0,temporal,RCSE_FULL,LOG_TRAIN_P90,0.02,0.1,0.5,0.0,0.05,0.97,0.1,,post_gather_gate,tau1=0.97;beta1=0.1
37580,19,0.0005055880787653007,14,5,0.2631578947368421,0.0,0.0,0.09995476317189998,0.09995476317189998,0.9994944119212347,0.00026609898882384245,0.0,0.00023948908994145824,0.00026609898882384245,0,temporal,RCSE_FULL,LOG_TRAIN_P90,0.02,0.1,0.5,0.0,0.05,0.99,0.01,,post_gather_gate,tau1=0.99;beta1=0.01
37580,19,0.0005055880787653007,14,5,0.2631578947368421,0.0,0.0,0.09995476317189998,0.09995476317189998,0.9994944119212347,0.00026609898882384245,0.0,0.00023948908994145824,0.00026609898882384245,0,temporal,RCSE_FULL,LOG_TRAIN_P90,0.02,0.1,0.5,0.0,0.05,0.99,0.02,,post_gather_gate,tau1=0.99;beta1=0.02
37580,19,0.0005055880787653007,14,5,0.2631578947368421,0.0,0.0,0.09995476317189998,0.09995476317189998,0.9994944119212347,0.00026609898882384245,0.0,0.00023948908994145824,0.00026609898882384245,0,temporal,RCSE_FULL,LOG_TRAIN_P90,0.02,0.1,0.5,0.0,0.05,0.99,0.05,,post_gather_gate,tau1=0.99;beta1=0.05
37580,19,0.0005055880787653007,14,5,0.2631578947368421,0.0,0.0,0.09995476317189998,0.09995476317189998,0.9994944119212347,0.00026609898882384245,0.0,0.00023948908994145824,0.00026609898882384245,0,temporal,RCSE_FULL,LOG_TRAIN_P90,0.02,0.1,0.5,0.0,0.05,0.99,0.1,,post_gather_gate,tau1=0.99;beta1=0.1
37580,0,0.0,0,0,,,,0.05,0.05,1.0,0.0,0.0,0.0,0.0,0,temporal,COST_AWARE_BLIND,UNIFORM,0.01,0.05,0.2,0.0,,,,,cost_sensitivity,cG=0.01;cH=0.05;cA=0.2
37580,0,0.0,0,0,,,,0.05,0.05,1.0,0.0,0.0,0.0,0.0,0,temporal,COST_AWARE_BLIND,UNIFORM,0.01,0.05,0.5,0.0,,,,,cost_sensitivity,cG=0.01;cH=0.05;cA=0.5
37580,0,0.0,0,0,,,,0.05,0.05,1.0,0.0,0.0,0.0,0.0,0,temporal,COST_AWARE_BLIND,UNIFORM,0.01,0.05,1.0,0.0,,,,,cost_sensitivity,cG=0.01;cH=0.05;cA=1.0
37580,0,0.0,0,0,,,,0.1,0.1,1.0,0.0,0.0,0.0,0.0,0,temporal,COST_AWARE_BLIND,UNIFORM,0.01,0.1,0.2,0.0,,,,,cost_sensitivity,cG=0.01;cH=0.1;cA=0.2
37580,0,0.0,0,0,,,,0.1,0.1,1.0,0.0,0.0,0.0,0.0,0,temporal,COST_AWARE_BLIND,UNIFORM,0.01,0.1,0.5,0.0,,,,,cost_sensitivity,cG=0.01;cH=0.1;cA=0.5
37580,0,0.0,0,0,,,,0.1,0.1,1.0,0.0,0.0,0.0,0.0,0,temporal,COST_AWARE_BLIND,UNIFORM,0.01,0.1,1.0,0.0,,,,,cost_sensitivity,cG=0.01;cH=0.1;cA=1.0
37580,0,0.0,0,0,,,,0.2,0.2,1.0,0.0,0.0,0.0,0.0,0,temporal,COST_AWARE_BLIND,UNIFORM,0.01,0.2,0.5,0.0,,,,,cost_sensitivity,cG=0.01;cH=0.2;cA=0.5
37580,0,0.0,0,0,,,,0.2,0.2,1.0,0.0,0.0,0.0,0.0,0,temporal,COST_AWARE_BLIND,UNIFORM,0.01,0.2,1.0,0.0,,,,,cost_sensitivity,cG=0.01;cH=0.2;cA=1.0
37580,0,0.0,0,0,,,,0.05,0.05,1.0,0.0,0.0,0.0,0.0,0,temporal,COST_AWARE_BLIND,UNIFORM,0.02,0.05,0.2,0.0,,,,,cost_sensitivity,cG=0.02;cH=0.05;cA=0.2
37580,0,0.0,0,0,,,,0.05,0.05,1.0,0.0,0.0,0.0,0.0,0,temporal,COST_AWARE_BLIND,UNIFORM,0.02,0.05,0.5,0.0,,,,,cost_sensitivity,cG=0.02;cH=0.05;cA=0.5
37580,0,0.0,0,0,,,,0.05,0.05,1.0,0.0,0.0,0.0,0.0,0,temporal,COST_AWARE_BLIND,UNIFORM,0.02,0.05,1.0,0.0,,,,,cost_sensitivity,cG=0.02;cH=0.05;cA=1.0
37580,0,0.0,0,0,,,,0.1,0.1,1.0,0.0,0.0,0.0,0.0,0,temporal,COST_AWARE_BLIND,UNIFORM,0.02,0.1,0.2,0.0,,,,,cost_sensitivity,cG=0.02;cH=0.1;cA=0.2
37580,0,0.0,0,0,,,,0.1,0.1,1.0,0.0,0.0,0.0,0.0,0,temporal,COST_AWARE_BLIND,UNIFORM,0.02,0.1,0.5,0.0,,,,,cost_sensitivity,cG=0.02;cH=0.1;cA=0.5
37580,0,0.0,0,0,,,,0.1,0.1,1.0,0.0,0.0,0.0,0.0,0,temporal,COST_AWARE_BLIND,UNIFORM,0.02,0.1,1.0,0.0,,,,,cost_sensitivity,cG=0.02;cH=0.1;cA=1.0
37580,0,0.0,0,0,,,,0.2,0.2,1.0,0.0,0.0,0.0,0.0,0,temporal,COST_AWARE_BLIND,UNIFORM,0.02,0.2,0.5,0.0,,,,,cost_sensitivity,cG=0.02;cH=0.2;cA=0.5
37580,0,0.0,0,0,,,,0.2,0.2,1.0,0.0,0.0,0.0,0.0,0,temporal,COST_AWARE_BLIND,UNIFORM,0.02,0.2,1.0,0.0,,,,,cost_sensitivity,cG=0.02;cH=0.2;cA=1.0
37580,0,0.0,0,0,,,,0.1,0.1,1.0,0.0,0.0,0.0,0.0,0,temporal,COST_AWARE_BLIND,UNIFORM,0.05,0.1,0.2,0.0,,,,,cost_sensitivity,cG=0.05;cH=0.1;cA=0.2
37580,0,0.0,0,0,,,,0.1,0.1,1.0,0.0,0.0,0.0,0.0,0,temporal,COST_AWARE_BLIND,UNIFORM,0.05,0.1,0.5,0.0,,,,,cost_sensitivity,cG=0.05;cH=0.1;cA=0.5
37580,0,0.0,0,0,,,,0.1,0.1,1.0,0.0,0.0,0.0,0.0,0,temporal,COST_AWARE_BLIND,UNIFORM,0.05,0.1,1.0,0.0,,,,,cost_sensitivity,cG=0.05;cH=0.1;cA=1.0
37580,0,0.0,0,0,,,,0.2,0.2,1.0,0.0,0.0,0.0,0.0,0,temporal,COST_AWARE_BLIND,UNIFORM,0.05,0.2,0.5,0.0,,,,,cost_sensitivity,cG=0.05;cH=0.2;cA=0.5
37580,0,0.0,0,0,,,,0.2,0.2,1.0,0.0,0.0,0.0,0.0,0,temporal,COST_AWARE_BLIND,UNIFORM,0.05,0.2,1.0,0.0,,,,,cost_sensitivity,cG=0.05;cH=0.2;cA=1.0
37580,0,0.0,0,0,,,,0.2,0.2,1.0,0.0,0.0,0.0,0.0,0,temporal,COST_AWARE_BLIND,UNIFORM,0.1,0.2,0.5,0.0,,,,,cost_sensitivity,cG=0.1;cH=0.2;cA=0.5
37580,0,0.0,0,0,,,,0.2,0.2,1.0,0.0,0.0,0.0,0.0,0,temporal,COST_AWARE_BLIND,UNIFORM,0.1,0.2,1.0,0.0,,,,,cost_sensitivity,cG=0.1;cH=0.2;cA=1.0
37580,629,0.01673762639701969,611,18,0.028616852146263912,0.03906735246718359,0.028616852146263912,0.04968943864066586,0.04980947312400214,0.9832623736029803,0.01673762639701969,0.0,0.0,0.01673762639701969,0,temporal,VOI_BLIND,UNIFORM,0.01,0.05,0.2,0.0,0.05,0.95,0.05,,cost_sensitivity,cG=0.01;cH=0.05;cA=0.2
37580,629,0.01673762639701969,611,18,0.028616852146263912,0.03906735246718359,0.028616852146263912,0.04968943864066586,0.04980947312400214,0.9832623736029803,0.01673762639701969,0.0,0.0,0.01673762639701969,0,temporal,VOI_BLIND,UNIFORM,0.01,0.05,0.5,0.0,0.05,0.95,0.05,,cost_sensitivity,cG=0.01;cH=0.05;cA=0.5
37580,629,0.01673762639701969,611,18,0.028616852146263912,0.03906735246718359,0.028616852146263912,0.04968943864066586,0.04980947312400214,0.9832623736029803,0.01673762639701969,0.0,0.0,0.01673762639701969,0,temporal,VOI_BLIND,UNIFORM,0.01,0.05,1.0,0.0,0.05,0.95,0.05,,cost_sensitivity,cG=0.01;cH=0.05;cA=1.0
37580,680,0.018094731240021287,661,19,0.027941176470588237,0.0344567624963486,0.027941176470588237,0.09879007084507668,0.0988770622671634,0.9819052687599787,0.018094731240021287,0.0,0.0,0.018094731240021287,0,temporal,VOI_BLIND,UNIFORM,0.01,0.1,0.2,0.0,0.05,0.95,0.05,,cost_sensitivity,cG=0.01;cH=0.1;cA=0.2
37580,680,0.018094731240021287,661,19,0.027941176470588237,0.0344567624963486,0.027941176470588237,0.09879007084507668,0.0988770622671634,0.9819052687599787,0.018094731240021287,0.0,0.0,0.018094731240021287,0,temporal,VOI_BLIND,UNIFORM,0.01,0.1,0.5,0.0,0.05,0.95,0.05,,cost_sensitivity,cG=0.01;cH=0.1;cA=0.5
37580,680,0.018094731240021287,661,19,0.027941176470588237,0.0344567624963486,0.027941176470588237,0.09879007084507668,0.0988770622671634,0.9819052687599787,0.018094731240021287,0.0,0.0,0.018094731240021287,0,temporal,VOI_BLIND,UNIFORM,0.01,0.1,1.0,0.0,0.05,0.95,0.05,,cost_sensitivity,cG=0.01;cH=0.1;cA=1.0
37580,680,0.018094731240021287,661,19,0.027941176470588237,0.0344567624963486,0.027941176470588237,0.19698059772107457,0.19706758914316128,0.9819052687599787,0.018094731240021287,0.0,0.0,0.018094731240021287,0,temporal,VOI_BLIND,UNIFORM,0.01,0.2,0.5,0.0,0.05,0.95,0.05,,cost_sensitivity,cG=0.01;cH=0.2;cA=0.5
37580,680,0.018094731240021287,661,19,0.027941176470588237,0.0344567624963486,0.027941176470588237,0.19698059772107457,0.19706758914316128,0.9819052687599787,0.018094731240021287,0.0,0.0,0.018094731240021287,0,temporal,VOI_BLIND,UNIFORM,0.01,0.2,1.0,0.0,0.05,0.95,0.05,,cost_sensitivity,cG=0.01;cH=0.2;cA=1.0
37580,629,0.01673762639701969,611,18,0.028616852146263912,0.03906735246718359,0.028616852146263912,0.04985681490463606,0.04997684938797233,0.9832623736029803,0.01673762639701969,0.0,0.0,0.01673762639701969,0,temporal,VOI_BLIND,UNIFORM,0.02,0.05,0.2,0.0,0.05,0.95,0.05,,cost_sensitivity,cG=0.02;cH=0.05;cA=0.2
37580,629,0.01673762639701969,611,18,0.028616852146263912,0.03906735246718359,0.028616852146263912,0.04985681490463606,0.04997684938797233,0.9832623736029803,0.01673762639701969,0.0,0.0,0.01673762639701969,0,temporal,VOI_BLIND,UNIFORM,0.02,0.05,0.5,0.0,0.05,0.95,0.05,,cost_sensitivity,cG=0.02;cH=0.05;cA=0.5
37580,629,0.01673762639701969,611,18,0.028616852146263912,0.03906735246718359,0.028616852146263912,0.04985681490463606,0.04997684938797233,0.9832623736029803,0.01673762639701969,0.0,0.0,0.01673762639701969,0,temporal,VOI_BLIND,UNIFORM,0.02,0.05,1.0,0.0,0.05,0.95,0.05,,cost_sensitivity,cG=0.02;cH=0.05;cA=1.0
37580,680,0.018094731240021287,661,19,0.027941176470588237,0.0344567624963486,0.027941176470588237,0.09897101815747689,0.09905800957956361,0.9819052687599787,0.018094731240021287,0.0,0.0,0.018094731240021287,0,temporal,VOI_BLIND,UNIFORM,0.02,0.1,0.2,0.0,0.05,0.95,0.05,,cost_sensitivity,cG=0.02;cH=0.1;cA=0.2
37580,680,0.018094731240021287,661,19,0.027941176470588237,0.0344567624963486,0.027941176470588237,0.09897101815747689,0.09905800957956361,0.9819052687599787,0.018094731240021287,0.0,0.0,0.018094731240021287,0,temporal,VOI_BLIND,UNIFORM,0.02,0.1,0.5,0.0,0.05,0.95,0.05,,cost_sensitivity,cG=0.02;cH=0.1;cA=0.5
37580,680,0.018094731240021287,661,19,0.027941176470588237,0.0344567624963486,0.027941176470588237,0.09897101815747689,0.09905800957956361,0.9819052687599787,0.018094731240021287,0.0,0.0,0.018094731240021287,0,temporal,VOI_BLIND,UNIFORM,0.02,0.1,1.0,0.0,0.05,0.95,0.05,,cost_sensitivity,cG=0.02;cH=0.1;cA=1.0
37580,680,0.018094731240021287,661,19,0.027941176470588237,0.0344567624963486,0.027941176470588237,0.19716154503347477,0.1972485364555615,0.9819052687599787,0.018094731240021287,0.0,0.0,0.018094731240021287,0,temporal,VOI_BLIND,UNIFORM,0.02,0.2,0.5,0.0,0.05,0.95,0.05,,cost_sensitivity,cG=0.02;cH=0.2;cA=0.5
37580,680,0.018094731240021287,661,19,0.027941176470588237,0.0344567624963486,0.027941176470588237,0.19716154503347477,0.1972485364555615,0.9819052687599787,0.018094731240021287,0.0,0.0,0.018094731240021287,0,temporal,VOI_BLIND,UNIFORM,0.02,0.2,1.0,0.0,0.05,0.95,0.05,,cost_sensitivity,cG=0.02;cH=0.2;cA=1.0
37580,680,0.018094731240021287,661,19,0.027941176470588237,0.0344567624963486,0.027941176470588237,0.09951386009467753,0.09960085151676425,0.9819052687599787,0.018094731240021287,0.0,0.0,0.018094731240021287,0,temporal,VOI_BLIND,UNIFORM,0.05,0.1,0.2,0.0,0.05,0.95,0.05,,cost_sensitivity,cG=0.05;cH=0.1;cA=0.2
37580,680,0.018094731240021287,661,19,0.027941176470588237,0.0344567624963486,0.027941176470588237,0.09951386009467753,0.09960085151676425,0.9819052687599787,0.018094731240021287,0.0,0.0,0.018094731240021287,0,temporal,VOI_BLIND,UNIFORM,0.05,0.1,0.5,0.0,0.05,0.95,0.05,,cost_sensitivity,cG=0.05;cH=0.1;cA=0.5
37580,680,0.018094731240021287,661,19,0.027941176470588237,0.0344567624963486,0.027941176470588237,0.09951386009467753,0.09960085151676425,0.9819052687599787,0.018094731240021287,0.0,0.0,0.018094731240021287,0,temporal,VOI_BLIND,UNIFORM,0.05,0.1,1.0,0.0,0.05,0.95,0.05,,cost_sensitivity,cG=0.05;cH=0.1;cA=1.0
37580,680,0.018094731240021287,661,19,0.027941176470588237,0.0344567624963486,0.027941176470588237,0.1977043869706754,0.19779137839276212,0.9819052687599787,0.018094731240021287,0.0,0.0,0.018094731240021287,0,temporal,VOI_BLIND,UNIFORM,0.05,0.2,0.5,0.0,0.05,0.95,0.05,,cost_sensitivity,cG=0.05;cH=0.2;cA=0.5
37580,680,0.018094731240021287,661,19,0.027941176470588237,0.0344567624963486,0.027941176470588237,0.1977043869706754,0.19779137839276212,0.9819052687599787,0.018094731240021287,0.0,0.0,0.018094731240021287,0,temporal,VOI_BLIND,UNIFORM,0.05,0.2,1.0,0.0,0.05,0.95,0.05,,cost_sensitivity,cG=0.05;cH=0.2;cA=1.0
37580,680,0.018094731240021287,661,19,0.027941176470588237,0.0344567624963486,0.027941176470588237,0.19860912353267648,0.1986961149547632,0.9819052687599787,0.018094731240021287,0.0,0.0,0.018094731240021287,0,temporal,VOI_BLIND,UNIFORM,0.1,0.2,0.5,0.0,0.05,0.95,0.05,,cost_sensitivity,cG=0.1;cH=0.2;cA=0.5
37580,680,0.018094731240021287,661,19,0.027941176470588237,0.0344567624963486,0.027941176470588237,0.19860912353267648,0.1986961149547632,0.9819052687599787,0.018094731240021287,0.0,0.0,0.018094731240021287,0,temporal,VOI_BLIND,UNIFORM,0.1,0.2,1.0,0.0,0.05,0.95,0.05,,cost_sensitivity,cG=0.1;cH=0.2;cA=1.0
37580,9,0.00023948908994145824,4,5,0.5555555555555556,,,0.04998802554550293,0.04998802554550293,0.9997605109100586,0.0,0.0,0.00023948908994145824,0.0,0,temporal,RCSE_NO_GATHER,LOG_TRAIN_P90,0.01,0.05,0.2,0.0,0.05,,,,cost_sensitivity,cG=0.01;cH=0.05;cA=0.2
37580,9,0.00023948908994145824,4,5,0.5555555555555556,,,0.04998802554550293,0.04998802554550293,0.9997605109100586,0.0,0.0,0.00023948908994145824,0.0,0,temporal,RCSE_NO_GATHER,LOG_TRAIN_P90,0.01,0.05,0.5,0.0,0.05,,,,cost_sensitivity,cG=0.01;cH=0.05;cA=0.5
37580,9,0.00023948908994145824,4,5,0.5555555555555556,,,0.04998802554550293,0.04998802554550293,0.9997605109100586,0.0,0.0,0.00023948908994145824,0.0,0,temporal,RCSE_NO_GATHER,LOG_TRAIN_P90,0.01,0.05,1.0,0.0,0.05,,,,cost_sensitivity,cG=0.01;cH=0.05;cA=1.0
37580,9,0.00023948908994145824,4,5,0.5555555555555556,,,0.09997605109100587,0.09997605109100587,0.9997605109100586,0.0,0.0,0.00023948908994145824,0.0,0,temporal,RCSE_NO_GATHER,LOG_TRAIN_P90,0.01,0.1,0.2,0.0,0.05,,,,cost_sensitivity,cG=0.01;cH=0.1;cA=0.2
37580,9,0.00023948908994145824,4,5,0.5555555555555556,,,0.09997605109100587,0.09997605109100587,0.9997605109100586,0.0,0.0,0.00023948908994145824,0.0,0,temporal,RCSE_NO_GATHER,LOG_TRAIN_P90,0.01,0.1,0.5,0.0,0.05,,,,cost_sensitivity,cG=0.01;cH=0.1;cA=0.5
37580,9,0.00023948908994145824,4,5,0.5555555555555556,,,0.09997605109100587,0.09997605109100587,0.9997605109100586,0.0,0.0,0.00023948908994145824,0.0,0,temporal,RCSE_NO_GATHER,LOG_TRAIN_P90,0.01,0.1,1.0,0.0,0.05,,,,cost_sensitivity,cG=0.01;cH=0.1;cA=1.0
37580,9,0.00023948908994145824,4,5,0.5555555555555556,,,0.19995210218201173,0.19995210218201173,0.9997605109100586,0.0,0.0,0.00023948908994145824,0.0,0,temporal,RCSE_NO_GATHER,LOG_TRAIN_P90,0.01,0.2,0.5,0.0,0.05,,,,cost_sensitivity,cG=0.01;cH=0.2;cA=0.5
37580,9,0.00023948908994145824,4,5,0.5555555555555556,,,0.19995210218201173,0.19995210218201173,0.9997605109100586,0.0,0.0,0.00023948908994145824,0.0,0,temporal,RCSE_NO_GATHER,LOG_TRAIN_P90,0.01,0.2,1.0,0.0,0.05,,,,cost_sensitivity,cG=0.01;cH=0.2;cA=1.0
37580,9,0.00023948908994145824,4,5,0.5555555555555556,,,0.04998802554550293,0.04998802554550293,0.9997605109100586,0.0,0.0,0.00023948908994145824,0.0,0,temporal,RCSE_NO_GATHER,LOG_TRAIN_P90,0.02,0.05,0.2,0.0,0.05,,,,cost_sensitivity,cG=0.02;cH=0.05;cA=0.2
37580,9,0.00023948908994145824,4,5,0.5555555555555556,,,0.04998802554550293,0.04998802554550293,0.9997605109100586,0.0,0.0,0.00023948908994145824,0.0,0,temporal,RCSE_NO_GATHER,LOG_TRAIN_P90,0.02,0.05,0.5,0.0,0.05,,,,cost_sensitivity,cG=0.02;cH=0.05;cA=0.5
37580,9,0.00023948908994145824,4,5,0.5555555555555556,,,0.04998802554550293,0.04998802554550293,0.9997605109100586,0.0,0.0,0.00023948908994145824,0.0,0,temporal,RCSE_NO_GATHER,LOG_TRAIN_P90,0.02,0.05,1.0,0.0,0.05,,,,cost_sensitivity,cG=0.02;cH=0.05;cA=1.0
37580,9,0.00023948908994145824,4,5,0.5555555555555556,,,0.09997605109100587,0.09997605109100587,0.9997605109100586,0.0,0.0,0.00023948908994145824,0.0,0,temporal,RCSE_NO_GATHER,LOG_TRAIN_P90,0.02,0.1,0.2,0.0,0.05,,,,cost_sensitivity,cG=0.02;cH=0.1;cA=0.2
37580,9,0.00023948908994145824,4,5,0.5555555555555556,,,0.09997605109100587,0.09997605109100587,0.9997605109100586,0.0,0.0,0.00023948908994145824,0.0,0,temporal,RCSE_NO_GATHER,LOG_TRAIN_P90,0.02,0.1,0.5,0.0,0.05,,,,cost_sensitivity,cG=0.02;cH=0.1;cA=0.5
37580,9,0.00023948908994145824,4,5,0.5555555555555556,,,0.09997605109100587,0.09997605109100587,0.9997605109100586,0.0,0.0,0.00023948908994145824,0.0,0,temporal,RCSE_NO_GATHER,LOG_TRAIN_P90,0.02,0.1,1.0,0.0,0.05,,,,cost_sensitivity,cG=0.02;cH=0.1;cA=1.0
37580,9,0.00023948908994145824,4,5,0.5555555555555556,,,0.19995210218201173,0.19995210218201173,0.9997605109100586,0.0,0.0,0.00023948908994145824,0.0,0,temporal,RCSE_NO_GATHER,LOG_TRAIN_P90,0.02,0.2,0.5,0.0,0.05,,,,cost_sensitivity,cG=0.02;cH=0.2;cA=0.5
37580,9,0.00023948908994145824,4,5,0.5555555555555556,,,0.19995210218201173,0.19995210218201173,0.9997605109100586,0.0,0.0,0.00023948908994145824,0.0,0,temporal,RCSE_NO_GATHER,LOG_TRAIN_P90,0.02,0.2,1.0,0.0,0.05,,,,cost_sensitivity,cG=0.02;cH=0.2;cA=1.0
37580,9,0.00023948908994145824,4,5,0.5555555555555556,,,0.09997605109100587,0.09997605109100587,0.9997605109100586,0.0,0.0,0.00023948908994145824,0.0,0,temporal,RCSE_NO_GATHER,LOG_TRAIN_P90,0.05,0.1,0.2,0.0,0.05,,,,cost_sensitivity,cG=0.05;cH=0.1;cA=0.2
37580,9,0.00023948908994145824,4,5,0.5555555555555556,,,0.09997605109100587,0.09997605109100587,0.9997605109100586,0.0,0.0,0.00023948908994145824,0.0,0,temporal,RCSE_NO_GATHER,LOG_TRAIN_P90,0.05,0.1,0.5,0.0,0.05,,,,cost_sensitivity,cG=0.05;cH=0.1;cA=0.5
37580,9,0.00023948908994145824,4,5,0.5555555555555556,,,0.09997605109100587,0.09997605109100587,0.9997605109100586,0.0,0.0,0.00023948908994145824,0.0,0,temporal,RCSE_NO_GATHER,LOG_TRAIN_P90,0.05,0.1,1.0,0.0,0.05,,,,cost_sensitivity,cG=0.05;cH=0.1;cA=1.0
37580,9,0.00023948908994145824,4,5,0.5555555555555556,,,0.19995210218201173,0.19995210218201173,0.9997605109100586,0.0,0.0,0.00023948908994145824,0.0,0,temporal,RCSE_NO_GATHER,LOG_TRAIN_P90,0.05,0.2,0.5,0.0,0.05,,,,cost_sensitivity,cG=0.05;cH=0.2;cA=0.5
37580,9,0.00023948908994145824,4,5,0.5555555555555556,,,0.19995210218201173,0.19995210218201173,0.9997605109100586,0.0,0.0,0.00023948908994145824,0.0,0,temporal,RCSE_NO_GATHER,LOG_TRAIN_P90,0.05,0.2,1.0,0.0,0.05,,,,cost_sensitivity,cG=0.05;cH=0.2;cA=1.0
37580,9,0.00023948908994145824,4,5,0.5555555555555556,,,0.19995210218201173,0.19995210218201173,0.9997605109100586,0.0,0.0,0.00023948908994145824,0.0,0,temporal,RCSE_NO_GATHER,LOG_TRAIN_P90,0.1,0.2,0.5,0.0,0.05,,,,cost_sensitivity,cG=0.1;cH=0.2;cA=0.5
37580,9,0.00023948908994145824,4,5,0.5555555555555556,,,0.19995210218201173,0.19995210218201173,0.9997605109100586,0.0,0.0,0.00023948908994145824,0.0,0,temporal,RCSE_NO_GATHER,LOG_TRAIN_P90,0.1,0.2,1.0,0.0,0.05,,,,cost_sensitivity,cG=0.1;cH=0.2;cA=1.0
37580,672,0.017881852048962213,648,24,0.03571428571428571,0.0388783414093267,0.0324694324127136,0.04956324156108331,0.04968591104563748,0.9821181479510378,0.017642362959020757,0.0,0.00023948908994145824,0.017642362959020757,0,temporal,RCSE_FULL,LOG_TRAIN_P90,0.01,0.05,0.2,0.0,0.05,0.95,0.05,,cost_sensitivity,cG=0.01;cH=0.05;cA=0.2
37580,672,0.017881852048962213,648,24,0.03571428571428571,0.0388783414093267,0.0324694324127136,0.04956324156108331,0.04968591104563748,0.9821181479510378,0.017642362959020757,0.0,0.00023948908994145824,0.017642362959020757,0,temporal,RCSE_FULL,LOG_TRAIN_P90,0.01,0.05,0.5,0.0,0.05,0.95,0.05,,cost_sensitivity,cG=0.01;cH=0.05;cA=0.5
37580,672,0.017881852048962213,648,24,0.03571428571428571,0.0388783414093267,0.0324694324127136,0.04956324156108331,0.04968591104563748,0.9821181479510378,0.017642362959020757,0.0,0.00023948908994145824,0.017642362959020757,0,temporal,RCSE_FULL,LOG_TRAIN_P90,0.01,0.05,1.0,0.0,0.05,0.95,0.05,,cost_sensitivity,cG=0.01;cH=0.05;cA=1.0
37580,686,0.018254390633315593,662,24,0.03498542274052478,0.0368863499398743,0.03154545708095825,0.09865162332777339,0.09875828997059757,0.9817456093666844,0.018014901543374134,0.0,0.00023948908994145824,0.018014901543374134,0,temporal,RCSE_FULL,LOG_TRAIN_P90,0.01,0.1,0.2,0.0,0.05,0.95,0.05,,cost_sensitivity,cG=0.01;cH=0.1;cA=0.2
37580,686,0.018254390633315593,662,24,0.03498542274052478,0.0368863499398743,0.03154545708095825,0.09865162332777339,0.09875828997059757,0.9817456093666844,0.018014901543374134,0.0,0.00023948908994145824,0.018014901543374134,0,temporal,RCSE_FULL,LOG_TRAIN_P90,0.01,0.1,0.5,0.0,0.05,0.95,0.05,,cost_sensitivity,cG=0.01;cH=0.1;cA=0.5
37580,686,0.018254390633315593,662,24,0.03498542274052478,0.0368863499398743,0.03154545708095825,0.09865162332777339,0.09875828997059757,0.9817456093666844,0.018014901543374134,0.0,0.00023948908994145824,0.018014901543374134,0,temporal,RCSE_FULL,LOG_TRAIN_P90,0.01,0.1,1.0,0.0,0.05,0.95,0.05,,cost_sensitivity,cG=0.01;cH=0.1;cA=1.0
37580,686,0.018254390633315593,662,24,0.03498542274052478,0.0368863499398743,0.03154545708095825,0.19682618426444187,0.19693285090726603,0.9817456093666844,0.018014901543374134,0.0,0.00023948908994145824,0.018014901543374134,0,temporal,RCSE_FULL,LOG_TRAIN_P90,0.01,0.2,0.5,0.0,0.05,0.95,0.05,,cost_sensitivity,cG=0.01;cH=0.2;cA=0.5
37580,686,0.018254390633315593,662,24,0.03498542274052478,0.0368863499398743,0.03154545708095825,0.19682618426444187,0.19693285090726603,0.9817456093666844,0.018014901543374134,0.0,0.00023948908994145824,0.018014901543374134,0,temporal,RCSE_FULL,LOG_TRAIN_P90,0.01,0.2,1.0,0.0,0.05,0.95,0.05,,cost_sensitivity,cG=0.01;cH=0.2;cA=1.0
37580,657,0.01748270356572645,634,23,0.0350076103500761,0.03899628660421365,0.03173066843072155,0.049737643770190736,0.0498550233951624,0.9825172964342735,0.01724321447578499,0.0,0.00023948908994145824,0.01724321447578499,0,temporal,RCSE_FULL,LOG_TRAIN_P90,0.02,0.05,0.2,0.0,0.05,0.95,0.05,,cost_sensitivity,cG=0.02;cH=0.05;cA=0.2
37580,657,0.01748270356572645,634,23,0.0350076103500761,0.03899628660421365,0.03173066843072155,0.049737643770190736,0.0498550233951624,0.9825172964342735,0.01724321447578499,0.0,0.00023948908994145824,0.01724321447578499,0,temporal,RCSE_FULL,LOG_TRAIN_P90,0.02,0.05,0.5,0.0,0.05,0.95,0.05,,cost_sensitivity,cG=0.02;cH=0.05;cA=0.5
37580,657,0.01748270356572645,634,23,0.0350076103500761,0.03899628660421365,0.03173066843072155,0.049737643770190736,0.0498550233951624,0.9825172964342735,0.01724321447578499,0.0,0.00023948908994145824,0.01724321447578499,0,temporal,RCSE_FULL,LOG_TRAIN_P90,0.02,0.05,1.0,0.0,0.05,0.95,0.05,,cost_sensitivity,cG=0.02;cH=0.05;cA=1.0
37580,686,0.018254390633315593,662,24,0.03498542274052478,0.0368863499398743,0.03154545708095825,0.09883177234320714,0.09893843898603133,0.9817456093666844,0.018014901543374134,0.0,0.00023948908994145824,0.018014901543374134,0,temporal,RCSE_FULL,LOG_TRAIN_P90,0.02,0.1,0.2,0.0,0.05,0.95,0.05,,cost_sensitivity,cG=0.02;cH=0.1;cA=0.2
37580,686,0.018254390633315593,662,24,0.03498542274052478,0.0368863499398743,0.03154545708095825,0.09883177234320714,0.09893843898603133,0.9817456093666844,0.018014901543374134,0.0,0.00023948908994145824,0.018014901543374134,0,temporal,RCSE_FULL,LOG_TRAIN_P90,0.02,0.1,0.5,0.0,0.05,0.95,0.05,,cost_sensitivity,cG=0.02;cH=0.1;cA=0.5
37580,686,0.018254390633315593,662,24,0.03498542274052478,0.0368863499398743,0.03154545708095825,0.09883177234320714,0.09893843898603133,0.9817456093666844,0.018014901543374134,0.0,0.00023948908994145824,0.018014901543374134,0,temporal,RCSE_FULL,LOG_TRAIN_P90,0.02,0.1,1.0,0.0,0.05,0.95,0.05,,cost_sensitivity,cG=0.02;cH=0.1;cA=1.0
37580,686,0.018254390633315593,662,24,0.03498542274052478,0.0368863499398743,0.03154545708095825,0.19700633327987557,0.1971129999226998,0.9817456093666844,0.018014901543374134,0.0,0.00023948908994145824,0.018014901543374134,0,temporal,RCSE_FULL,LOG_TRAIN_P90,0.02,0.2,0.5,0.0,0.05,0.95,0.05,,cost_sensitivity,cG=0.02;cH=0.2;cA=0.5
37580,686,0.018254390633315593,662,24,0.03498542274052478,0.0368863499398743,0.03154545708095825,0.19700633327987557,0.1971129999226998,0.9817456093666844,0.018014901543374134,0.0,0.00023948908994145824,0.018014901543374134,0,temporal,RCSE_FULL,LOG_TRAIN_P90,0.02,0.2,1.0,0.0,0.05,0.95,0.05,,cost_sensitivity,cG=0.02;cH=0.2;cA=1.0
37580,686,0.018254390633315593,662,24,0.03498542274052478,0.0368863499398743,0.03154545708095825,0.09937221938950835,0.09947888603233254,0.9817456093666844,0.018014901543374134,0.0,0.00023948908994145824,0.018014901543374134,0,temporal,RCSE_FULL,LOG_TRAIN_P90,0.05,0.1,0.2,0.0,0.05,0.95,0.05,,cost_sensitivity,cG=0.05;cH=0.1;cA=0.2
37580,686,0.018254390633315593,662,24,0.03498542274052478,0.0368863499398743,0.03154545708095825,0.09937221938950835,0.09947888603233254,0.9817456093666844,0.018014901543374134,0.0,0.00023948908994145824,0.018014901543374134,0,temporal,RCSE_FULL,LOG_TRAIN_P90,0.05,0.1,0.5,0.0,0.05,0.95,0.05,,cost_sensitivity,cG=0.05;cH=0.1;cA=0.5
37580,686,0.018254390633315593,662,24,0.03498542274052478,0.0368863499398743,0.03154545708095825,0.09937221938950835,0.09947888603233254,0.9817456093666844,0.018014901543374134,0.0,0.00023948908994145824,0.018014901543374134,0,temporal,RCSE_FULL,LOG_TRAIN_P90,0.05,0.1,1.0,0.0,0.05,0.95,0.05,,cost_sensitivity,cG=0.05;cH=0.1;cA=1.0
37580,686,0.018254390633315593,662,24,0.03498542274052478,0.0368863499398743,0.03154545708095825,0.19754678032617684,0.197653446969001,0.9817456093666844,0.018014901543374134,0.0,0.00023948908994145824,0.018014901543374134,0,temporal,RCSE_FULL,LOG_TRAIN_P90,0.05,0.2,0.5,0.0,0.05,0.95,0.05,,cost_sensitivity,cG=0.05;cH=0.2;cA=0.5
37580,686,0.018254390633315593,662,24,0.03498542274052478,0.0368863499398743,0.03154545708095825,0.19754678032617684,0.197653446969001,0.9817456093666844,0.018014901543374134,0.0,0.00023948908994145824,0.018014901543374134,0,temporal,RCSE_FULL,LOG_TRAIN_P90,0.05,0.2,1.0,0.0,0.05,0.95,0.05,,cost_sensitivity,cG=0.05;cH=0.2;cA=1.0
37580,686,0.018254390633315593,662,24,0.03498542274052478,0.0368863499398743,0.03154545708095825,0.19844752540334554,0.1985541920461697,0.9817456093666844,0.018014901543374134,0.0,0.00023948908994145824,0.018014901543374134,0,temporal,RCSE_FULL,LOG_TRAIN_P90,0.1,0.2,0.5,0.0,0.05,0.95,0.05,,cost_sensitivity,cG=0.1;cH=0.2;cA=0.5
37580,686,0.018254390633315593,662,24,0.03498542274052478,0.0368863499398743,0.03154545708095825,0.19844752540334554,0.1985541920461697,0.9817456093666844,0.018014901543374134,0.0,0.00023948908994145824,0.018014901543374134,0,temporal,RCSE_FULL,LOG_TRAIN_P90,0.1,0.2,1.0,0.0,0.05,0.95,0.05,,cost_sensitivity,cG=0.1;cH=0.2;cA=1.0
37580,9,0.00023948908994145824,4,5,0.5555555555555556,,,0.09997605109100587,0.09997605109100587,0.9997605109100586,0.0,0.0,0.00023948908994145824,0.0,0,temporal,RCSE_NO_GATHER,LOG_TRAIN_P90,0.02,0.1,0.5,0.0,0.05,,,,consequence_sensitivity,LOG_TRAIN_P90
37580,0,0.0,0,0,,,,0.1,0.1,1.0,0.0,0.0,0.0,0.0,0,temporal,RCSE_NO_GATHER,UNIFORM,0.02,0.1,0.5,0.0,0.05,,,,consequence_sensitivity,UNIFORM
37580,9,0.00023948908994145824,4,5,0.5555555555555556,,,0.09997605109100587,0.09997605109100587,0.9997605109100586,0.0,0.0,0.00023948908994145824,0.0,0,temporal,RCSE_NO_GATHER,LOG_TRAIN_P50,0.02,0.1,0.5,0.0,0.05,,,,consequence_sensitivity,LOG_TRAIN_P50
37580,28,0.0007450771687067589,8,20,0.7142857142857143,0.7894736842105263,0.7894736842105259,0.09994985854922515,0.09995111923253944,0.9992549228312932,0.0,0.0,0.0007450771687067589,0.0,0,temporal,RCSE_NO_GATHER,LOG_TRAIN_P99,0.02,0.1,0.5,0.0,0.05,,,,consequence_sensitivity,LOG_TRAIN_P99
37580,686,0.018254390633315593,662,24,0.03498542274052478,0.0368863499398743,0.03154545708095825,0.09883177234320714,0.09893843898603133,0.9817456093666844,0.018014901543374134,0.0,0.00023948908994145824,0.018014901543374134,0,temporal,RCSE_FULL,LOG_TRAIN_P90,0.02,0.1,0.5,0.0,0.05,0.95,0.05,,consequence_sensitivity,LOG_TRAIN_P90
37580,680,0.018094731240021287,661,19,0.027941176470588237,0.0344567624963486,0.027941176470588237,0.09897101815747689,0.09905800957956361,0.9819052687599787,0.018094731240021287,0.0,0.0,0.018094731240021287,0,temporal,RCSE_FULL,UNIFORM,0.02,0.1,0.5,0.0,0.05,0.95,0.05,,consequence_sensitivity,UNIFORM
37580,666,0.01772219265566791,642,24,0.036036036036036036,0.03919591998862073,0.03283668530203023,0.09896314452044831,0.09914390036704548,0.9822778073443321,0.01748270356572645,0.0,0.00023948908994145824,0.01748270356572645,0,temporal,RCSE_FULL,LOG_TRAIN_P50,0.02,0.1,0.5,0.0,0.05,0.95,0.05,,consequence_sensitivity,LOG_TRAIN_P50
37580,708,0.018839808408728047,669,39,0.05508474576271186,0.034464205478783955,0.03363013892212952,0.09874963552398852,0.09883509654347748,0.981160191591272,0.018094731240021287,0.0,0.0007450771687067589,0.018094731240021287,0,temporal,RCSE_FULL,LOG_TRAIN_P99,0.02,0.1,0.5,0.0,0.05,0.95,0.05,,consequence_sensitivity,LOG_TRAIN_P99
2536,88,0.03470031545741325,12,76,0.8636363636363636,0.9369303226489947,0.8657446284410318,0.14112021750466672,0.1643482970387307,0.9104889589905363,0.20623028391167192,0.05481072555205047,0.03470031545741325,0.0,0,ood_exposure,ARGMAX,LOG_TRAIN_P90,0.02,0.1,0.5,0.0,,,,,reference,FROZEN_REFERENCE
2536,7,0.0027602523659305996,0,7,1.0,1.0,1.0,0.09977875610214211,0.10248422712933752,0.9972397476340694,0.0,0.0,0.0027602523659305996,0.0,0,ood_exposure,COST_AWARE_BLIND,UNIFORM,0.02,0.1,0.5,0.0,,,,,reference,FROZEN_REFERENCE
2536,70,0.027602523659305992,52,18,0.2571428571428571,0.7610641508629628,0.2571428571428571,0.09847056276944642,0.1048422712933754,0.972397476340694,0.025236593059936908,0.0,0.002365930599369085,0.025236593059936908,0,ood_exposure,VOI_BLIND,UNIFORM,0.02,0.1,0.5,0.0,0.05,0.95,0.05,,reference,FROZEN_REFERENCE
2536,5,0.001971608832807571,0,5,1.0,1.0,1.0,0.09980324901006588,0.10311949113107466,0.9980283911671924,0.0,0.0,0.001971608832807571,0.0,0,ood_exposure,RCSE_NO_GATHER,LOG_TRAIN_P90,0.02,0.1,0.5,0.0,0.05,,,,reference,FROZEN_REFERENCE
2536,66,0.026025236593059938,49,17,0.25757575757575757,0.7786804968488608,0.27604757823713094,0.09873730402438106,0.10734624572386305,0.9739747634069401,0.024053627760252366,0.0,0.001971608832807571,0.024053627760252366,0,ood_exposure,RCSE_FULL,LOG_TRAIN_P90,0.02,0.1,0.5,0.0,0.05,0.95,0.05,,reference,FROZEN_REFERENCE
2536,58,0.022870662460567823,8,50,0.8620689655172413,0.9424258801735521,0.8648799697155447,0.10742511182123593,0.125570976963365,0.9771293375394322,0.0,0.0,0.022870662460567823,0.0,0,ood_exposure,CONFIDENCE_THRESHOLD,LOG_TRAIN_P90,0.02,0.1,0.5,0.0,,,,0.5,confidence_threshold,tau0=0.5
2536,35,0.013801261829652996,6,29,0.8285714285714286,0.9481305148787825,0.8357549845641581,0.102781199268437,0.11529181371199823,0.986198738170347,0.0,0.0,0.013801261829652996,0.0,0,ood_exposure,CONFIDENCE_THRESHOLD,LOG_TRAIN_P90,0.02,0.1,0.5,0.0,,,,0.6,confidence_threshold,tau0=0.6
2536,20,0.007886435331230283,2,18,0.9,0.9799636135052436,0.9072722194999355,0.10076085670341779,0.10990164350339339,0.9921135646687698,0.0,0.0,0.007886435331230283,0.0,0,ood_exposure,CONFIDENCE_THRESHOLD,LOG_TRAIN_P90,0.02,0.1,0.5,0.0,,,,0.7,confidence_threshold,tau0=0.7
2536,20,0.007886435331230283,2,18,0.9,0.9799636135052436,0.9072722194999355,0.10076085670341779,0.10990164350339339,0.9921135646687698,0.0,0.0,0.007886435331230283,0.0,0,ood_exposure,CONFIDENCE_THRESHOLD,LOG_TRAIN_P90,0.02,0.1,0.5,0.0,,,,0.75,confidence_threshold,tau0=0.75
2536,11,0.004337539432176656,0,11,1.0,1.0,1.0,0.10006301574059337,0.10633673862030056,0.9956624605678234,0.0,0.0,0.004337539432176656,0.0,0,ood_exposure,CONFIDENCE_THRESHOLD,LOG_TRAIN_P90,0.02,0.1,0.5,0.0,,,,0.8,confidence_threshold,tau0=0.8
2536,7,0.0027602523659305996,0,7,1.0,1.0,1.0,0.09980458475004428,0.10420663003433125,0.9972397476340694,0.0,0.0,0.0027602523659305996,0.0,0,ood_exposure,CONFIDENCE_THRESHOLD,LOG_TRAIN_P90,0.02,0.1,0.5,0.0,,,,0.85,confidence_threshold,tau0=0.85
2536,7,0.0027602523659305996,0,7,1.0,1.0,1.0,0.09980458475004428,0.10420663003433125,0.9972397476340694,0.0,0.0,0.0027602523659305996,0.0,0,ood_exposure,CONFIDENCE_THRESHOLD,LOG_TRAIN_P90,0.02,0.1,0.5,0.0,,,,0.9,confidence_threshold,tau0=0.9
2536,6,0.002365930599369085,0,6,1.0,1.0,1.0,0.09978703194137939,0.1036703270334543,0.9976340694006309,0.0,0.0,0.002365930599369085,0.0,0,ood_exposure,CONFIDENCE_THRESHOLD,LOG_TRAIN_P90,0.02,0.1,0.5,0.0,,,,0.92,confidence_threshold,tau0=0.92
2536,6,0.002365930599369085,0,6,1.0,1.0,1.0,0.09978703194137939,0.1036703270334543,0.9976340694006309,0.0,0.0,0.002365930599369085,0.0,0,ood_exposure,CONFIDENCE_THRESHOLD,LOG_TRAIN_P90,0.02,0.1,0.5,0.0,,,,0.94,confidence_threshold,tau0=0.94
2536,6,0.002365930599369085,0,6,1.0,1.0,1.0,0.09978703194137939,0.1036703270334543,0.9976340694006309,0.0,0.0,0.002365930599369085,0.0,0,ood_exposure,CONFIDENCE_THRESHOLD,LOG_TRAIN_P90,0.02,0.1,0.5,0.0,,,,0.95,confidence_threshold,tau0=0.95
2536,6,0.002365930599369085,0,6,1.0,1.0,1.0,0.09978703194137939,0.1036703270334543,0.9976340694006309,0.0,0.0,0.002365930599369085,0.0,0,ood_exposure,CONFIDENCE_THRESHOLD,LOG_TRAIN_P90,0.02,0.1,0.5,0.0,,,,0.96,confidence_threshold,tau0=0.96
2536,5,0.001971608832807571,0,5,1.0,1.0,1.0,0.09980324901006588,0.10311949113107466,0.9980283911671924,0.0,0.0,0.001971608832807571,0.0,0,ood_exposure,CONFIDENCE_THRESHOLD,LOG_TRAIN_P90,0.02,0.1,0.5,0.0,,,,0.97,confidence_threshold,tau0=0.97
2536,5,0.001971608832807571,0,5,1.0,1.0,1.0,0.09980324901006588,0.10311949113107466,0.9980283911671924,0.0,0.0,0.001971608832807571,0.0,0,ood_exposure,CONFIDENCE_THRESHOLD,LOG_TRAIN_P90,0.02,0.1,0.5,0.0,,,,0.98,confidence_threshold,tau0=0.98
2536,5,0.001971608832807571,0,5,1.0,1.0,1.0,0.09980324901006588,0.10311949113107466,0.9980283911671924,0.0,0.0,0.001971608832807571,0.0,0,ood_exposure,CONFIDENCE_THRESHOLD,LOG_TRAIN_P90,0.02,0.1,0.5,0.0,,,,0.99,confidence_threshold,tau0=0.99
2536,5,0.001971608832807571,0,5,1.0,1.0,1.0,0.09980324901006588,0.10311949113107466,0.9980283911671924,0.0,0.0,0.001971608832807571,0.0,0,ood_exposure,CONFIDENCE_THRESHOLD,LOG_TRAIN_P90,0.02,0.1,0.5,0.0,,,,0.995,confidence_threshold,tau0=0.995
2536,69,0.02720820189274448,52,17,0.2463768115942029,0.7552103935290229,0.2463768115942029,0.09849448636159558,0.10448738170347004,0.9727917981072555,0.025236593059936908,0.0,0.001971608832807571,0.025236593059936908,0,ood_exposure,VOI_BLIND,UNIFORM,0.02,0.1,0.5,0.0,0.01,0.95,0.05,,risk_budget_frontier,beta0=0.01
2536,69,0.02720820189274448,52,17,0.2463768115942029,0.7552103935290229,0.2463768115942029,0.09849448636159558,0.10448738170347004,0.9727917981072555,0.025236593059936908,0.0,0.001971608832807571,0.025236593059936908,0,ood_exposure,VOI_BLIND,UNIFORM,0.02,0.1,0.5,0.0,0.02,0.95,0.05,,risk_budget_frontier,beta0=0.02
2536,70,0.027602523659305992,52,18,0.2571428571428571,0.7610641508629628,0.2571428571428571,0.09847056276944642,0.1048422712933754,0.972397476340694,0.025236593059936908,0.0,0.002365930599369085,0.025236593059936908,0,ood_exposure,VOI_BLIND,UNIFORM,0.02,0.1,0.5,0.0,0.05,0.95,0.05,,risk_budget_frontier,beta0=0.05
2536,71,0.027996845425867507,52,19,0.2676056338028169,0.7651277839601056,0.2676056338028169,0.09847015968282358,0.10519716088328075,0.9720031545741324,0.025236593059936908,0.0,0.0027602523659305996,0.025236593059936908,0,ood_exposure,VOI_BLIND,UNIFORM,0.02,0.1,0.5,0.0,0.1,0.95,0.05,,risk_budget_frontier,beta0=0.1
2536,71,0.027996845425867507,52,19,0.2676056338028169,0.7651277839601056,0.2676056338028169,0.09847015968282358,0.10519716088328075,0.9720031545741324,0.025236593059936908,0.0,0.0027602523659305996,0.025236593059936908,0,ood_exposure,VOI_BLIND,UNIFORM,0.02,0.1,0.5,0.0,0.2,0.95,0.05,,risk_budget_frontier,beta0=0.2
2536,5,0.001971608832807571,0,5,1.0,1.0,1.0,0.09980324901006588,0.10311949113107466,0.9980283911671924,0.0,0.0,0.001971608832807571,0.0,0,ood_exposure,RCSE_NO_GATHER,LOG_TRAIN_P90,0.02,0.1,0.5,0.0,0.01,,,,risk_budget_frontier,beta0=0.01
2536,5,0.001971608832807571,0,5,1.0,1.0,1.0,0.09980324901006588,0.10311949113107466,0.9980283911671924,0.0,0.0,0.001971608832807571,0.0,0,ood_exposure,RCSE_NO_GATHER,LOG_TRAIN_P90,0.02,0.1,0.5,0.0,0.02,,,,risk_budget_frontier,beta0=0.02
2536,5,0.001971608832807571,0,5,1.0,1.0,1.0,0.09980324901006588,0.10311949113107466,0.9980283911671924,0.0,0.0,0.001971608832807571,0.0,0,ood_exposure,RCSE_NO_GATHER,LOG_TRAIN_P90,0.02,0.1,0.5,0.0,0.05,,,,risk_budget_frontier,beta0=0.05
2536,6,0.002365930599369085,0,6,1.0,1.0,1.0,0.09978703194137939,0.1036703270334543,0.9976340694006309,0.0,0.0,0.002365930599369085,0.0,0,ood_exposure,RCSE_NO_GATHER,LOG_TRAIN_P90,0.02,0.1,0.5,0.0,0.1,,,,risk_budget_frontier,beta0=0.1
2536,6,0.002365930599369085,0,6,1.0,1.0,1.0,0.09978703194137939,0.1036703270334543,0.9976340694006309,0.0,0.0,0.002365930599369085,0.0,0,ood_exposure,RCSE_NO_GATHER,LOG_TRAIN_P90,0.02,0.1,0.5,0.0,0.2,,,,risk_budget_frontier,beta0=0.2
2536,66,0.026025236593059938,49,17,0.25757575757575757,0.7786804968488608,0.27604757823713094,0.09873730402438106,0.10734624572386305,0.9739747634069401,0.024053627760252366,0.0,0.001971608832807571,0.024053627760252366,0,ood_exposure,RCSE_FULL,LOG_TRAIN_P90,0.02,0.1,0.5,0.0,0.01,0.95,0.05,,risk_budget_frontier,beta0=0.01
2536,66,0.026025236593059938,49,17,0.25757575757575757,0.7786804968488608,0.27604757823713094,0.09873730402438106,0.10734624572386305,0.9739747634069401,0.024053627760252366,0.0,0.001971608832807571,0.024053627760252366,0,ood_exposure,RCSE_FULL,LOG_TRAIN_P90,0.02,0.1,0.5,0.0,0.02,0.95,0.05,,risk_budget_frontier,beta0=0.02
2536,66,0.026025236593059938,49,17,0.25757575757575757,0.7786804968488608,0.27604757823713094,0.09873730402438106,0.10734624572386305,0.9739747634069401,0.024053627760252366,0.0,0.001971608832807571,0.024053627760252366,0,ood_exposure,RCSE_FULL,LOG_TRAIN_P90,0.02,0.1,0.5,0.0,0.05,0.95,0.05,,risk_budget_frontier,beta0=0.05
2536,67,0.02641955835962145,49,18,0.26865671641791045,0.7841334294671638,0.288296226544575,0.09872108695569459,0.10789708162624269,0.9735804416403786,0.024053627760252366,0.0,0.002365930599369085,0.024053627760252366,0,ood_exposure,RCSE_FULL,LOG_TRAIN_P90,0.02,0.1,0.5,0.0,0.1,0.95,0.05,,risk_budget_frontier,beta0=0.1
2536,67,0.02641955835962145,49,18,0.26865671641791045,0.7841334294671638,0.288296226544575,0.09872108695569459,0.10789708162624269,0.9735804416403786,0.024053627760252366,0.0,0.002365930599369085,0.024053627760252366,0,ood_exposure,RCSE_FULL,LOG_TRAIN_P90,0.02,0.1,0.5,0.0,0.2,0.95,0.05,,risk_budget_frontier,beta0=0.2
2536,8,0.0031545741324921135,2,6,0.75,0.992140406393164,0.75,0.09971606770611512,0.10206624605678233,0.9968454258675079,0.0007886435331230284,0.0,0.002365930599369085,0.0007886435331230284,0,ood_exposure,VOI_BLIND,UNIFORM,0.02,0.1,0.5,0.0,0.05,0.9,0.01,,post_gather_gate,tau1=0.9;beta1=0.01
2536,30,0.011829652996845425,18,12,0.4,0.9103047792210716,0.4,0.09919290540086004,0.10373817034700315,0.9881703470031545,0.00946372239747634,0.0,0.002365930599369085,0.00946372239747634,0,ood_exposure,VOI_BLIND,UNIFORM,0.02,0.1,0.5,0.0,0.05,0.9,0.02,,post_gather_gate,tau1=0.9;beta1=0.02
2536,70,0.027602523659305992,52,18,0.2571428571428571,0.7610641508629628,0.2571428571428571,0.09847056276944642,0.1048422712933754,0.972397476340694,0.025236593059936908,0.0,0.002365930599369085,0.025236593059936908,0,ood_exposure,VOI_BLIND,UNIFORM,0.02,0.1,0.5,0.0,0.05,0.9,0.05,,post_gather_gate,tau1=0.9;beta1=0.05
2536,80,0.031545741324921134,60,20,0.25,0.7381523168759633,0.25,0.09842256946732937,0.1053154574132492,0.9684542586750788,0.02917981072555205,0.0,0.002365930599369085,0.02917981072555205,0,ood_exposure,VOI_BLIND,UNIFORM,0.02,0.1,0.5,0.0,0.05,0.9,0.1,,post_gather_gate,tau1=0.9;beta1=0.1
2536,8,0.0031545741324921135,2,6,0.75,0.992140406393164,0.75,0.09971606770611512,0.10206624605678233,0.9968454258675079,0.0007886435331230284,0.0,0.002365930599369085,0.0007886435331230284,0,ood_exposure,VOI_BLIND,UNIFORM,0.02,0.1,0.5,0.0,0.05,0.95,0.01,,post_gather_gate,tau1=0.95;beta1=0.01
2536,30,0.011829652996845425,18,12,0.4,0.9103047792210716,0.4,0.09919290540086004,0.10373817034700315,0.9881703470031545,0.00946372239747634,0.0,0.002365930599369085,0.00946372239747634,0,ood_exposure,VOI_BLIND,UNIFORM,0.02,0.1,0.5,0.0,0.05,0.95,0.02,,post_gather_gate,tau1=0.95;beta1=0.02
2536,70,0.027602523659305992,52,18,0.2571428571428571,0.7610641508629628,0.2571428571428571,0.09847056276944642,0.1048422712933754,0.972397476340694,0.025236593059936908,0.0,0.002365930599369085,0.025236593059936908,0,ood_exposure,VOI_BLIND,UNIFORM,0.02,0.1,0.5,0.0,0.05,0.95,0.05,,post_gather_gate,tau1=0.95;beta1=0.05
2536,70,0.027602523659305992,52,18,0.2571428571428571,0.7610641508629628,0.2571428571428571,0.09847056276944642,0.1048422712933754,0.972397476340694,0.025236593059936908,0.0,0.002365930599369085,0.025236593059936908,0,ood_exposure,VOI_BLIND,UNIFORM,0.02,0.1,0.5,0.0,0.05,0.95,0.1,,post_gather_gate,tau1=0.95;beta1=0.1
2536,8,0.0031545741324921135,2,6,0.75,0.992140406393164,0.75,0.09971606770611512,0.10206624605678233,0.9968454258675079,0.0007886435331230284,0.0,0.002365930599369085,0.0007886435331230284,0,ood_exposure,VOI_BLIND,UNIFORM,0.02,0.1,0.5,0.0,0.05,0.97,0.01,,post_gather_gate,tau1=0.97;beta1=0.01
2536,30,0.011829652996845425,18,12,0.4,0.9103047792210716,0.4,0.09919290540086004,0.10373817034700315,0.9881703470031545,0.00946372239747634,0.0,0.002365930599369085,0.00946372239747634,0,ood_exposure,VOI_BLIND,UNIFORM,0.02,0.1,0.5,0.0,0.05,0.97,0.02,,post_gather_gate,tau1=0.97;beta1=0.02
2536,30,0.011829652996845425,18,12,0.4,0.9103047792210716,0.4,0.09919290540086004,0.10373817034700315,0.9881703470031545,0.00946372239747634,0.0,0.002365930599369085,0.00946372239747634,0,ood_exposure,VOI_BLIND,UNIFORM,0.02,0.1,0.5,0.0,0.05,0.97,0.05,,post_gather_gate,tau1=0.97;beta1=0.05
2536,30,0.011829652996845425,18,12,0.4,0.9103047792210716,0.4,0.09919290540086004,0.10373817034700315,0.9881703470031545,0.00946372239747634,0.0,0.002365930599369085,0.00946372239747634,0,ood_exposure,VOI_BLIND,UNIFORM,0.02,0.1,0.5,0.0,0.05,0.97,0.1,,post_gather_gate,tau1=0.97;beta1=0.1
2536,8,0.0031545741324921135,2,6,0.75,0.992140406393164,0.75,0.09971606770611512,0.10206624605678233,0.9968454258675079,0.0007886435331230284,0.0,0.002365930599369085,0.0007886435331230284,0,ood_exposure,VOI_BLIND,UNIFORM,0.02,0.1,0.5,0.0,0.05,0.99,0.01,,post_gather_gate,tau1=0.99;beta1=0.01
2536,8,0.0031545741324921135,2,6,0.75,0.992140406393164,0.75,0.09971606770611512,0.10206624605678233,0.9968454258675079,0.0007886435331230284,0.0,0.002365930599369085,0.0007886435331230284,0,ood_exposure,VOI_BLIND,UNIFORM,0.02,0.1,0.5,0.0,0.05,0.99,0.02,,post_gather_gate,tau1=0.99;beta1=0.02
2536,8,0.0031545741324921135,2,6,0.75,0.992140406393164,0.75,0.09971606770611512,0.10206624605678233,0.9968454258675079,0.0007886435331230284,0.0,0.002365930599369085,0.0007886435331230284,0,ood_exposure,VOI_BLIND,UNIFORM,0.02,0.1,0.5,0.0,0.05,0.99,0.05,,post_gather_gate,tau1=0.99;beta1=0.05
2536,8,0.0031545741324921135,2,6,0.75,0.992140406393164,0.75,0.09971606770611512,0.10206624605678233,0.9968454258675079,0.0007886435331230284,0.0,0.002365930599369085,0.0007886435331230284,0,ood_exposure,VOI_BLIND,UNIFORM,0.02,0.1,0.5,0.0,0.05,0.99,0.1,,post_gather_gate,tau1=0.99;beta1=0.1
2536,7,0.0027602523659305996,2,5,0.7142857142857143,0.9918645524546811,0.7708096933486691,0.09974015752741602,0.1030563996484248,0.9972397476340694,0.0007886435331230284,0.0,0.001971608832807571,0.0007886435331230284,0,ood_exposure,RCSE_FULL,LOG_TRAIN_P90,0.02,0.1,0.5,0.0,0.05,0.9,0.01,,post_gather_gate,tau1=0.9;beta1=0.01
2536,7,0.0027602523659305996,2,5,0.7142857142857143,0.9918645524546811,0.7708096933486691,0.09974015752741602,0.1030563996484248,0.9972397476340694,0.0007886435331230284,0.0,0.001971608832807571,0.0007886435331230284,0,ood_exposure,RCSE_FULL,LOG_TRAIN_P90,0.02,0.1,0.5,0.0,0.05,0.9,0.02,,post_gather_gate,tau1=0.9;beta1=0.02
2536,66,0.026025236593059938,49,17,0.25757575757575757,0.7786804968488608,0.27604757823713094,0.09873730402438106,0.10734624572386305,0.9739747634069401,0.024053627760252366,0.0,0.001971608832807571,0.024053627760252366,0,ood_exposure,RCSE_FULL,LOG_TRAIN_P90,0.02,0.1,0.5,0.0,0.05,0.9,0.05,,post_gather_gate,tau1=0.9;beta1=0.05
2536,69,0.02720820189274448,52,17,0.2463768115942029,0.7552103935290229,0.26348320131642405,0.09870380668853668,0.10725160849988828,0.9727917981072555,0.025236593059936908,0.0,0.001971608832807571,0.025236593059936908,0,ood_exposure,RCSE_FULL,LOG_TRAIN_P90,0.02,0.1,0.5,0.0,0.05,0.9,0.1,,post_gather_gate,tau1=0.9;beta1=0.1
2536,7,0.0027602523659305996,2,5,0.7142857142857143,0.9918645524546811,0.7708096933486691,0.09974015752741602,0.1030563996484248,0.9972397476340694,0.0007886435331230284,0.0,0.001971608832807571,0.0007886435331230284,0,ood_exposure,RCSE_FULL,LOG_TRAIN_P90,0.02,0.1,0.5,0.0,0.05,0.95,0.01,,post_gather_gate,tau1=0.95;beta1=0.01
2536,7,0.0027602523659305996,2,5,0.7142857142857143,0.9918645524546811,0.7708096933486691,0.09974015752741602,0.1030563996484248,0.9972397476340694,0.0007886435331230284,0.0,0.001971608832807571,0.0007886435331230284,0,ood_exposure,RCSE_FULL,LOG_TRAIN_P90,0.02,0.1,0.5,0.0,0.05,0.95,0.02,,post_gather_gate,tau1=0.95;beta1=0.02
2536,66,0.026025236593059938,49,17,0.25757575757575757,0.7786804968488608,0.27604757823713094,0.09873730402438106,0.10734624572386305,0.9739747634069401,0.024053627760252366,0.0,0.001971608832807571,0.024053627760252366,0,ood_exposure,RCSE_FULL,LOG_TRAIN_P90,0.02,0.1,0.5,0.0,0.05,0.95,0.05,,post_gather_gate,tau1=0.95;beta1=0.05
2536,69,0.02720820189274448,52,17,0.2463768115942029,0.7552103935290229,0.26348320131642405,0.09870380668853668,0.10725160849988828,0.9727917981072555,0.025236593059936908,0.0,0.001971608832807571,0.025236593059936908,0,ood_exposure,RCSE_FULL,LOG_TRAIN_P90,0.02,0.1,0.5,0.0,0.05,0.95,0.1,,post_gather_gate,tau1=0.95;beta1=0.1
2536,7,0.0027602523659305996,2,5,0.7142857142857143,0.9918645524546811,0.7708096933486691,0.09974015752741602,0.1030563996484248,0.9972397476340694,0.0007886435331230284,0.0,0.001971608832807571,0.0007886435331230284,0,ood_exposure,RCSE_FULL,LOG_TRAIN_P90,0.02,0.1,0.5,0.0,0.05,0.97,0.01,,post_gather_gate,tau1=0.97;beta1=0.01
2536,7,0.0027602523659305996,2,5,0.7142857142857143,0.9918645524546811,0.7708096933486691,0.09974015752741602,0.1030563996484248,0.9972397476340694,0.0007886435331230284,0.0,0.001971608832807571,0.0007886435331230284,0,ood_exposure,RCSE_FULL,LOG_TRAIN_P90,0.02,0.1,0.5,0.0,0.05,0.97,0.02,,post_gather_gate,tau1=0.97;beta1=0.02
2536,29,0.011435331230283912,18,11,0.3793103448275862,0.9075316131340455,0.41225155617354337,0.09926600085051937,0.10542174403287481,0.988564668769716,0.00946372239747634,0.0,0.001971608832807571,0.00946372239747634,0,ood_exposure,RCSE_FULL,LOG_TRAIN_P90,0.02,0.1,0.5,0.0,0.05,0.97,0.05,,post_gather_gate,tau1=0.97;beta1=0.05
2536,29,0.011435331230283912,18,11,0.3793103448275862,0.9075316131340455,0.41225155617354337,0.09926600085051937,0.10542174403287481,0.988564668769716,0.00946372239747634,0.0,0.001971608832807571,0.00946372239747634,0,ood_exposure,RCSE_FULL,LOG_TRAIN_P90,0.02,0.1,0.5,0.0,0.05,0.97,0.1,,post_gather_gate,tau1=0.97;beta1=0.1
2536,7,0.0027602523659305996,2,5,0.7142857142857143,0.9918645524546811,0.7708096933486691,0.09974015752741602,0.1030563996484248,0.9972397476340694,0.0007886435331230284,0.0,0.001971608832807571,0.0007886435331230284,0,ood_exposure,RCSE_FULL,LOG_TRAIN_P90,0.02,0.1,0.5,0.0,0.05,0.99,0.01,,post_gather_gate,tau1=0.99;beta1=0.01
2536,7,0.0027602523659305996,2,5,0.7142857142857143,0.9918645524546811,0.7708096933486691,0.09974015752741602,0.1030563996484248,0.9972397476340694,0.0007886435331230284,0.0,0.001971608832807571,0.0007886435331230284,0,ood_exposure,RCSE_FULL,LOG_TRAIN_P90,0.02,0.1,0.5,0.0,0.05,0.99,0.02,,post_gather_gate,tau1=0.99;beta1=0.02
2536,7,0.0027602523659305996,2,5,0.7142857142857143,0.9918645524546811,0.7708096933486691,0.09974015752741602,0.1030563996484248,0.9972397476340694,0.0007886435331230284,0.0,0.001971608832807571,0.0007886435331230284,0,ood_exposure,RCSE_FULL,LOG_TRAIN_P90,0.02,0.1,0.5,0.0,0.05,0.99,0.05,,post_gather_gate,tau1=0.99;beta1=0.05
2536,7,0.0027602523659305996,2,5,0.7142857142857143,0.9918645524546811,0.7708096933486691,0.09974015752741602,0.1030563996484248,0.9972397476340694,0.0007886435331230284,0.0,0.001971608832807571,0.0007886435331230284,0,ood_exposure,RCSE_FULL,LOG_TRAIN_P90,0.02,0.1,0.5,0.0,0.05,0.99,0.1,,post_gather_gate,tau1=0.99;beta1=0.1
2536,6,0.002365930599369085,0,6,1.0,1.0,1.0,0.04989745571873343,0.05224763406940063,0.9976340694006309,0.0,0.0,0.002365930599369085,0.0,0,ood_exposure,COST_AWARE_BLIND,UNIFORM,0.01,0.05,0.2,0.0,,,,,cost_sensitivity,cG=0.01;cH=0.05;cA=0.2
2536,6,0.002365930599369085,0,6,1.0,1.0,1.0,0.04989745571873343,0.05224763406940063,0.9976340694006309,0.0,0.0,0.002365930599369085,0.0,0,ood_exposure,COST_AWARE_BLIND,UNIFORM,0.01,0.05,0.5,0.0,,,,,cost_sensitivity,cG=0.01;cH=0.05;cA=0.5
2536,6,0.002365930599369085,0,6,1.0,1.0,1.0,0.04989745571873343,0.05224763406940063,0.9976340694006309,0.0,0.0,0.002365930599369085,0.0,0,ood_exposure,COST_AWARE_BLIND,UNIFORM,0.01,0.05,1.0,0.0,,,,,cost_sensitivity,cG=0.01;cH=0.05;cA=1.0
2536,7,0.0027602523659305996,0,7,1.0,1.0,1.0,0.09977875610214211,0.10248422712933752,0.9972397476340694,0.0,0.0,0.0027602523659305996,0.0,0,ood_exposure,COST_AWARE_BLIND,UNIFORM,0.01,0.1,0.2,0.0,,,,,cost_sensitivity,cG=0.01;cH=0.1;cA=0.2
2536,7,0.0027602523659305996,0,7,1.0,1.0,1.0,0.09977875610214211,0.10248422712933752,0.9972397476340694,0.0,0.0,0.0027602523659305996,0.0,0,ood_exposure,COST_AWARE_BLIND,UNIFORM,0.01,0.1,0.5,0.0,,,,,cost_sensitivity,cG=0.01;cH=0.1;cA=0.5
2536,7,0.0027602523659305996,0,7,1.0,1.0,1.0,0.09977875610214211,0.10248422712933752,0.9972397476340694,0.0,0.0,0.0027602523659305996,0.0,0,ood_exposure,COST_AWARE_BLIND,UNIFORM,0.01,0.1,1.0,0.0,,,,,cost_sensitivity,cG=0.01;cH=0.1;cA=1.0
2536,11,0.004337539432176656,0,11,1.0,1.0,1.0,0.1994741834130605,0.20347003154574128,0.9956624605678234,0.0,0.0,0.004337539432176656,0.0,0,ood_exposure,COST_AWARE_BLIND,UNIFORM,0.01,0.2,0.5,0.0,,,,,cost_sensitivity,cG=0.01;cH=0.2;cA=0.5
2536,11,0.004337539432176656,0,11,1.0,1.0,1.0,0.1994741834130605,0.20347003154574128,0.9956624605678234,0.0,0.0,0.004337539432176656,0.0,0,ood_exposure,COST_AWARE_BLIND,UNIFORM,0.01,0.2,1.0,0.0,,,,,cost_sensitivity,cG=0.01;cH=0.2;cA=1.0
2536,6,0.002365930599369085,0,6,1.0,1.0,1.0,0.04989745571873343,0.05224763406940063,0.9976340694006309,0.0,0.0,0.002365930599369085,0.0,0,ood_exposure,COST_AWARE_BLIND,UNIFORM,0.02,0.05,0.2,0.0,,,,,cost_sensitivity,cG=0.02;cH=0.05;cA=0.2
2536,6,0.002365930599369085,0,6,1.0,1.0,1.0,0.04989745571873343,0.05224763406940063,0.9976340694006309,0.0,0.0,0.002365930599369085,0.0,0,ood_exposure,COST_AWARE_BLIND,UNIFORM,0.02,0.05,0.5,0.0,,,,,cost_sensitivity,cG=0.02;cH=0.05;cA=0.5
2536,6,0.002365930599369085,0,6,1.0,1.0,1.0,0.04989745571873343,0.05224763406940063,0.9976340694006309,0.0,0.0,0.002365930599369085,0.0,0,ood_exposure,COST_AWARE_BLIND,UNIFORM,0.02,0.05,1.0,0.0,,,,,cost_sensitivity,cG=0.02;cH=0.05;cA=1.0
2536,7,0.0027602523659305996,0,7,1.0,1.0,1.0,0.09977875610214211,0.10248422712933752,0.9972397476340694,0.0,0.0,0.0027602523659305996,0.0,0,ood_exposure,COST_AWARE_BLIND,UNIFORM,0.02,0.1,0.2,0.0,,,,,cost_sensitivity,cG=0.02;cH=0.1;cA=0.2
2536,7,0.0027602523659305996,0,7,1.0,1.0,1.0,0.09977875610214211,0.10248422712933752,0.9972397476340694,0.0,0.0,0.0027602523659305996,0.0,0,ood_exposure,COST_AWARE_BLIND,UNIFORM,0.02,0.1,0.5,0.0,,,,,cost_sensitivity,cG=0.02;cH=0.1;cA=0.5
2536,7,0.0027602523659305996,0,7,1.0,1.0,1.0,0.09977875610214211,0.10248422712933752,0.9972397476340694,0.0,0.0,0.0027602523659305996,0.0,0,ood_exposure,COST_AWARE_BLIND,UNIFORM,0.02,0.1,1.0,0.0,,,,,cost_sensitivity,cG=0.02;cH=0.1;cA=1.0
2536,11,0.004337539432176656,0,11,1.0,1.0,1.0,0.1994741834130605,0.20347003154574128,0.9956624605678234,0.0,0.0,0.004337539432176656,0.0,0,ood_exposure,COST_AWARE_BLIND,UNIFORM,0.02,0.2,0.5,0.0,,,,,cost_sensitivity,cG=0.02;cH=0.2;cA=0.5
2536,11,0.004337539432176656,0,11,1.0,1.0,1.0,0.1994741834130605,0.20347003154574128,0.9956624605678234,0.0,0.0,0.004337539432176656,0.0,0,ood_exposure,COST_AWARE_BLIND,UNIFORM,0.02,0.2,1.0,0.0,,,,,cost_sensitivity,cG=0.02;cH=0.2;cA=1.0
2536,7,0.0027602523659305996,0,7,1.0,1.0,1.0,0.09977875610214211,0.10248422712933752,0.9972397476340694,0.0,0.0,0.0027602523659305996,0.0,0,ood_exposure,COST_AWARE_BLIND,UNIFORM,0.05,0.1,0.2,0.0,,,,,cost_sensitivity,cG=0.05;cH=0.1;cA=0.2
2536,7,0.0027602523659305996,0,7,1.0,1.0,1.0,0.09977875610214211,0.10248422712933752,0.9972397476340694,0.0,0.0,0.0027602523659305996,0.0,0,ood_exposure,COST_AWARE_BLIND,UNIFORM,0.05,0.1,0.5,0.0,,,,,cost_sensitivity,cG=0.05;cH=0.1;cA=0.5
2536,7,0.0027602523659305996,0,7,1.0,1.0,1.0,0.09977875610214211,0.10248422712933752,0.9972397476340694,0.0,0.0,0.0027602523659305996,0.0,0,ood_exposure,COST_AWARE_BLIND,UNIFORM,0.05,0.1,1.0,0.0,,,,,cost_sensitivity,cG=0.05;cH=0.1;cA=1.0
2536,11,0.004337539432176656,0,11,1.0,1.0,1.0,0.1994741834130605,0.20347003154574128,0.9956624605678234,0.0,0.0,0.004337539432176656,0.0,0,ood_exposure,COST_AWARE_BLIND,UNIFORM,0.05,0.2,0.5,0.0,,,,,cost_sensitivity,cG=0.05;cH=0.2;cA=0.5
2536,11,0.004337539432176656,0,11,1.0,1.0,1.0,0.1994741834130605,0.20347003154574128,0.9956624605678234,0.0,0.0,0.004337539432176656,0.0,0,ood_exposure,COST_AWARE_BLIND,UNIFORM,0.05,0.2,1.0,0.0,,,,,cost_sensitivity,cG=0.05;cH=0.2;cA=1.0
2536,11,0.004337539432176656,0,11,1.0,1.0,1.0,0.1994741834130605,0.20347003154574128,0.9956624605678234,0.0,0.0,0.004337539432176656,0.0,0,ood_exposure,COST_AWARE_BLIND,UNIFORM,0.1,0.2,0.5,0.0,,,,,cost_sensitivity,cG=0.1;cH=0.2;cA=0.5
2536,11,0.004337539432176656,0,11,1.0,1.0,1.0,0.1994741834130605,0.20347003154574128,0.9956624605678234,0.0,0.0,0.004337539432176656,0.0,0,ood_exposure,COST_AWARE_BLIND,UNIFORM,0.1,0.2,1.0,0.0,,,,,cost_sensitivity,cG=0.1;cH=0.2;cA=1.0
2536,70,0.027602523659305992,52,18,0.2571428571428571,0.7610641508629628,0.2571428571428571,0.04959832302181237,0.055970031545741324,0.972397476340694,0.025236593059936908,0.0,0.002365930599369085,0.025236593059936908,0,ood_exposure,VOI_BLIND,UNIFORM,0.01,0.05,0.2,0.0,0.05,0.95,0.05,,cost_sensitivity,cG=0.01;cH=0.05;cA=0.2
2536,70,0.027602523659305992,52,18,0.2571428571428571,0.7610641508629628,0.2571428571428571,0.04959832302181237,0.055970031545741324,0.972397476340694,0.025236593059936908,0.0,0.002365930599369085,0.025236593059936908,0,ood_exposure,VOI_BLIND,UNIFORM,0.01,0.05,0.5,0.0,0.05,0.95,0.05,,cost_sensitivity,cG=0.01;cH=0.05;cA=0.5
2536,70,0.027602523659305992,52,18,0.2571428571428571,0.7610641508629628,0.2571428571428571,0.04959832302181237,0.055970031545741324,0.972397476340694,0.025236593059936908,0.0,0.002365930599369085,0.025236593059936908,0,ood_exposure,VOI_BLIND,UNIFORM,0.01,0.05,1.0,0.0,0.05,0.95,0.05,,cost_sensitivity,cG=0.01;cH=0.05;cA=1.0
2536,70,0.027602523659305992,52,18,0.2571428571428571,0.7610641508629628,0.2571428571428571,0.09821819683884707,0.10458990536277603,0.972397476340694,0.025236593059936908,0.0,0.002365930599369085,0.025236593059936908,0,ood_exposure,VOI_BLIND,UNIFORM,0.01,0.1,0.2,0.0,0.05,0.95,0.05,,cost_sensitivity,cG=0.01;cH=0.1;cA=0.2
2536,70,0.027602523659305992,52,18,0.2571428571428571,0.7610641508629628,0.2571428571428571,0.09821819683884707,0.10458990536277603,0.972397476340694,0.025236593059936908,0.0,0.002365930599369085,0.025236593059936908,0,ood_exposure,VOI_BLIND,UNIFORM,0.01,0.1,0.5,0.0,0.05,0.95,0.05,,cost_sensitivity,cG=0.01;cH=0.1;cA=0.5
2536,70,0.027602523659305992,52,18,0.2571428571428571,0.7610641508629628,0.2571428571428571,0.09821819683884707,0.10458990536277603,0.972397476340694,0.025236593059936908,0.0,0.002365930599369085,0.025236593059936908,0,ood_exposure,VOI_BLIND,UNIFORM,0.01,0.1,1.0,0.0,0.05,0.95,0.05,,cost_sensitivity,cG=0.01;cH=0.1;cA=1.0
2536,70,0.027602523659305992,52,18,0.2571428571428571,0.7610641508629628,0.2571428571428571,0.19545794447291645,0.20182965299684538,0.972397476340694,0.025236593059936908,0.0,0.002365930599369085,0.025236593059936908,0,ood_exposure,VOI_BLIND,UNIFORM,0.01,0.2,0.5,0.0,0.05,0.95,0.05,,cost_sensitivity,cG=0.01;cH=0.2;cA=0.5
2536,70,0.027602523659305992,52,18,0.2571428571428571,0.7610641508629628,0.2571428571428571,0.19545794447291645,0.20182965299684538,0.972397476340694,0.025236593059936908,0.0,0.002365930599369085,0.025236593059936908,0,ood_exposure,VOI_BLIND,UNIFORM,0.01,0.2,1.0,0.0,0.05,0.95,0.05,,cost_sensitivity,cG=0.01;cH=0.2;cA=1.0
2536,30,0.011829652996845425,18,12,0.4,0.9103047792210716,0.4,0.04978438805070231,0.05432965299684542,0.9881703470031545,0.00946372239747634,0.0,0.002365930599369085,0.00946372239747634,0,ood_exposure,VOI_BLIND,UNIFORM,0.02,0.05,0.2,0.0,0.05,0.95,0.05,,cost_sensitivity,cG=0.02;cH=0.05;cA=0.2
2536,30,0.011829652996845425,18,12,0.4,0.9103047792210716,0.4,0.04978438805070231,0.05432965299684542,0.9881703470031545,0.00946372239747634,0.0,0.002365930599369085,0.00946372239747634,0,ood_exposure,VOI_BLIND,UNIFORM,0.02,0.05,0.5,0.0,0.05,0.95,0.05,,cost_sensitivity,cG=0.02;cH=0.05;cA=0.5
2536,30,0.011829652996845425,18,12,0.4,0.9103047792210716,0.4,0.04978438805070231,0.05432965299684542,0.9881703470031545,0.00946372239747634,0.0,0.002365930599369085,0.00946372239747634,0,ood_exposure,VOI_BLIND,UNIFORM,0.02,0.05,1.0,0.0,0.05,0.95,0.05,,cost_sensitivity,cG=0.02;cH=0.05;cA=1.0
2536,70,0.027602523659305992,52,18,0.2571428571428571,0.7610641508629628,0.2571428571428571,0.09847056276944642,0.1048422712933754,0.972397476340694,0.025236593059936908,0.0,0.002365930599369085,0.025236593059936908,0,ood_exposure,VOI_BLIND,UNIFORM,0.02,0.1,0.2,0.0,0.05,0.95,0.05,,cost_sensitivity,cG=0.02;cH=0.1;cA=0.2
2536,70,0.027602523659305992,52,18,0.2571428571428571,0.7610641508629628,0.2571428571428571,0.09847056276944642,0.1048422712933754,0.972397476340694,0.025236593059936908,0.0,0.002365930599369085,0.025236593059936908,0,ood_exposure,VOI_BLIND,UNIFORM,0.02,0.1,0.5,0.0,0.05,0.95,0.05,,cost_sensitivity,cG=0.02;cH=0.1;cA=0.5
2536,70,0.027602523659305992,52,18,0.2571428571428571,0.7610641508629628,0.2571428571428571,0.09847056276944642,0.1048422712933754,0.972397476340694,0.025236593059936908,0.0,0.002365930599369085,0.025236593059936908,0,ood_exposure,VOI_BLIND,UNIFORM,0.02,0.1,1.0,0.0,0.05,0.95,0.05,,cost_sensitivity,cG=0.02;cH=0.1;cA=1.0
2536,70,0.027602523659305992,52,18,0.2571428571428571,0.7610641508629628,0.2571428571428571,0.1957103104035158,0.2020820189274448,0.972397476340694,0.025236593059936908,0.0,0.002365930599369085,0.025236593059936908,0,ood_exposure,VOI_BLIND,UNIFORM,0.02,0.2,0.5,0.0,0.05,0.95,0.05,,cost_sensitivity,cG=0.02;cH=0.2;cA=0.5
2536,70,0.027602523659305992,52,18,0.2571428571428571,0.7610641508629628,0.2571428571428571,0.1957103104035158,0.2020820189274448,0.972397476340694,0.025236593059936908,0.0,0.002365930599369085,0.025236593059936908,0,ood_exposure,VOI_BLIND,UNIFORM,0.02,0.2,1.0,0.0,0.05,0.95,0.05,,cost_sensitivity,cG=0.02;cH=0.2;cA=1.0
2536,70,0.027602523659305992,52,18,0.2571428571428571,0.7610641508629628,0.2571428571428571,0.09922766056124455,0.10559936908517348,0.972397476340694,0.025236593059936908,0.0,0.002365930599369085,0.025236593059936908,0,ood_exposure,VOI_BLIND,UNIFORM,0.05,0.1,0.2,0.0,0.05,0.95,0.05,,cost_sensitivity,cG=0.05;cH=0.1;cA=0.2
2536,70,0.027602523659305992,52,18,0.2571428571428571,0.7610641508629628,0.2571428571428571,0.09922766056124455,0.10559936908517348,0.972397476340694,0.025236593059936908,0.0,0.002365930599369085,0.025236593059936908,0,ood_exposure,VOI_BLIND,UNIFORM,0.05,0.1,0.5,0.0,0.05,0.95,0.05,,cost_sensitivity,cG=0.05;cH=0.1;cA=0.5
2536,70,0.027602523659305992,52,18,0.2571428571428571,0.7610641508629628,0.2571428571428571,0.09922766056124455,0.10559936908517348,0.972397476340694,0.025236593059936908,0.0,0.002365930599369085,0.025236593059936908,0,ood_exposure,VOI_BLIND,UNIFORM,0.05,0.1,1.0,0.0,0.05,0.95,0.05,,cost_sensitivity,cG=0.05;cH=0.1;cA=1.0
2536,70,0.027602523659305992,52,18,0.2571428571428571,0.7610641508629628,0.2571428571428571,0.19646740819531394,0.2028391167192429,0.972397476340694,0.025236593059936908,0.0,0.002365930599369085,0.025236593059936908,0,ood_exposure,VOI_BLIND,UNIFORM,0.05,0.2,0.5,0.0,0.05,0.95,0.05,,cost_sensitivity,cG=0.05;cH=0.2;cA=0.5
2536,70,0.027602523659305992,52,18,0.2571428571428571,0.7610641508629628,0.2571428571428571,0.19646740819531394,0.2028391167192429,0.972397476340694,0.025236593059936908,0.0,0.002365930599369085,0.025236593059936908,0,ood_exposure,VOI_BLIND,UNIFORM,0.05,0.2,1.0,0.0,0.05,0.95,0.05,,cost_sensitivity,cG=0.05;cH=0.2;cA=1.0
2536,70,0.027602523659305992,52,18,0.2571428571428571,0.7610641508629628,0.2571428571428571,0.19772923784831076,0.20410094637223972,0.972397476340694,0.025236593059936908,0.0,0.002365930599369085,0.025236593059936908,0,ood_exposure,VOI_BLIND,UNIFORM,0.1,0.2,0.5,0.0,0.05,0.95,0.05,,cost_sensitivity,cG=0.1;cH=0.2;cA=0.5
2536,70,0.027602523659305992,52,18,0.2571428571428571,0.7610641508629628,0.2571428571428571,0.19772923784831076,0.20410094637223972,0.972397476340694,0.025236593059936908,0.0,0.002365930599369085,0.025236593059936908,0,ood_exposure,VOI_BLIND,UNIFORM,0.1,0.2,1.0,0.0,0.05,0.95,0.05,,cost_sensitivity,cG=0.1;cH=0.2;cA=1.0
2536,5,0.001971608832807571,0,5,1.0,1.0,1.0,0.04990182945170626,0.05321807157271504,0.9980283911671924,0.0,0.0,0.001971608832807571,0.0,0,ood_exposure,RCSE_NO_GATHER,LOG_TRAIN_P90,0.01,0.05,0.2,0.0,0.05,,,,cost_sensitivity,cG=0.01;cH=0.05;cA=0.2
2536,5,0.001971608832807571,0,5,1.0,1.0,1.0,0.04990182945170626,0.05321807157271504,0.9980283911671924,0.0,0.0,0.001971608832807571,0.0,0,ood_exposure,RCSE_NO_GATHER,LOG_TRAIN_P90,0.01,0.05,0.5,0.0,0.05,,,,cost_sensitivity,cG=0.01;cH=0.05;cA=0.5
2536,5,0.001971608832807571,0,5,1.0,1.0,1.0,0.04990182945170626,0.05321807157271504,0.9980283911671924,0.0,0.0,0.001971608832807571,0.0,0,ood_exposure,RCSE_NO_GATHER,LOG_TRAIN_P90,0.01,0.05,1.0,0.0,0.05,,,,cost_sensitivity,cG=0.01;cH=0.05;cA=1.0
2536,5,0.001971608832807571,0,5,1.0,1.0,1.0,0.09980324901006588,0.10311949113107466,0.9980283911671924,0.0,0.0,0.001971608832807571,0.0,0,ood_exposure,RCSE_NO_GATHER,LOG_TRAIN_P90,0.01,0.1,0.2,0.0,0.05,,,,cost_sensitivity,cG=0.01;cH=0.1;cA=0.2
2536,5,0.001971608832807571,0,5,1.0,1.0,1.0,0.09980324901006588,0.10311949113107466,0.9980283911671924,0.0,0.0,0.001971608832807571,0.0,0,ood_exposure,RCSE_NO_GATHER,LOG_TRAIN_P90,0.01,0.1,0.5,0.0,0.05,,,,cost_sensitivity,cG=0.01;cH=0.1;cA=0.5
2536,5,0.001971608832807571,0,5,1.0,1.0,1.0,0.09980324901006588,0.10311949113107466,0.9980283911671924,0.0,0.0,0.001971608832807571,0.0,0,ood_exposure,RCSE_NO_GATHER,LOG_TRAIN_P90,0.01,0.1,1.0,0.0,0.05,,,,cost_sensitivity,cG=0.01;cH=0.1;cA=1.0
2536,5,0.001971608832807571,0,5,1.0,1.0,1.0,0.1996060881267851,0.20292233024779388,0.9980283911671924,0.0,0.0,0.001971608832807571,0.0,0,ood_exposure,RCSE_NO_GATHER,LOG_TRAIN_P90,0.01,0.2,0.5,0.0,0.05,,,,cost_sensitivity,cG=0.01;cH=0.2;cA=0.5
2536,5,0.001971608832807571,0,5,1.0,1.0,1.0,0.1996060881267851,0.20292233024779388,0.9980283911671924,0.0,0.0,0.001971608832807571,0.0,0,ood_exposure,RCSE_NO_GATHER,LOG_TRAIN_P90,0.01,0.2,1.0,0.0,0.05,,,,cost_sensitivity,cG=0.01;cH=0.2;cA=1.0
2536,5,0.001971608832807571,0,5,1.0,1.0,1.0,0.04990182945170626,0.05321807157271504,0.9980283911671924,0.0,0.0,0.001971608832807571,0.0,0,ood_exposure,RCSE_NO_GATHER,LOG_TRAIN_P90,0.02,0.05,0.2,0.0,0.05,,,,cost_sensitivity,cG=0.02;cH=0.05;cA=0.2
2536,5,0.001971608832807571,0,5,1.0,1.0,1.0,0.04990182945170626,0.05321807157271504,0.9980283911671924,0.0,0.0,0.001971608832807571,0.0,0,ood_exposure,RCSE_NO_GATHER,LOG_TRAIN_P90,0.02,0.05,0.5,0.0,0.05,,,,cost_sensitivity,cG=0.02;cH=0.05;cA=0.5
2536,5,0.001971608832807571,0,5,1.0,1.0,1.0,0.04990182945170626,0.05321807157271504,0.9980283911671924,0.0,0.0,0.001971608832807571,0.0,0,ood_exposure,RCSE_NO_GATHER,LOG_TRAIN_P90,0.02,0.05,1.0,0.0,0.05,,,,cost_sensitivity,cG=0.02;cH=0.05;cA=1.0
2536,5,0.001971608832807571,0,5,1.0,1.0,1.0,0.09980324901006588,0.10311949113107466,0.9980283911671924,0.0,0.0,0.001971608832807571,0.0,0,ood_exposure,RCSE_NO_GATHER,LOG_TRAIN_P90,0.02,0.1,0.2,0.0,0.05,,,,cost_sensitivity,cG=0.02;cH=0.1;cA=0.2
2536,5,0.001971608832807571,0,5,1.0,1.0,1.0,0.09980324901006588,0.10311949113107466,0.9980283911671924,0.0,0.0,0.001971608832807571,0.0,0,ood_exposure,RCSE_NO_GATHER,LOG_TRAIN_P90,0.02,0.1,0.5,0.0,0.05,,,,cost_sensitivity,cG=0.02;cH=0.1;cA=0.5
2536,5,0.001971608832807571,0,5,1.0,1.0,1.0,0.09980324901006588,0.10311949113107466,0.9980283911671924,0.0,0.0,0.001971608832807571,0.0,0,ood_exposure,RCSE_NO_GATHER,LOG_TRAIN_P90,0.02,0.1,1.0,0.0,0.05,,,,cost_sensitivity,cG=0.02;cH=0.1;cA=1.0
2536,5,0.001971608832807571,0,5,1.0,1.0,1.0,0.1996060881267851,0.20292233024779388,0.9980283911671924,0.0,0.0,0.001971608832807571,0.0,0,ood_exposure,RCSE_NO_GATHER,LOG_TRAIN_P90,0.02,0.2,0.5,0.0,0.05,,,,cost_sensitivity,cG=0.02;cH=0.2;cA=0.5
2536,5,0.001971608832807571,0,5,1.0,1.0,1.0,0.1996060881267851,0.20292233024779388,0.9980283911671924,0.0,0.0,0.001971608832807571,0.0,0,ood_exposure,RCSE_NO_GATHER,LOG_TRAIN_P90,0.02,0.2,1.0,0.0,0.05,,,,cost_sensitivity,cG=0.02;cH=0.2;cA=1.0
2536,5,0.001971608832807571,0,5,1.0,1.0,1.0,0.09980324901006588,0.10311949113107466,0.9980283911671924,0.0,0.0,0.001971608832807571,0.0,0,ood_exposure,RCSE_NO_GATHER,LOG_TRAIN_P90,0.05,0.1,0.2,0.0,0.05,,,,cost_sensitivity,cG=0.05;cH=0.1;cA=0.2
2536,5,0.001971608832807571,0,5,1.0,1.0,1.0,0.09980324901006588,0.10311949113107466,0.9980283911671924,0.0,0.0,0.001971608832807571,0.0,0,ood_exposure,RCSE_NO_GATHER,LOG_TRAIN_P90,0.05,0.1,0.5,0.0,0.05,,,,cost_sensitivity,cG=0.05;cH=0.1;cA=0.5
2536,5,0.001971608832807571,0,5,1.0,1.0,1.0,0.09980324901006588,0.10311949113107466,0.9980283911671924,0.0,0.0,0.001971608832807571,0.0,0,ood_exposure,RCSE_NO_GATHER,LOG_TRAIN_P90,0.05,0.1,1.0,0.0,0.05,,,,cost_sensitivity,cG=0.05;cH=0.1;cA=1.0
2536,5,0.001971608832807571,0,5,1.0,1.0,1.0,0.1996060881267851,0.20292233024779388,0.9980283911671924,0.0,0.0,0.001971608832807571,0.0,0,ood_exposure,RCSE_NO_GATHER,LOG_TRAIN_P90,0.05,0.2,0.5,0.0,0.05,,,,cost_sensitivity,cG=0.05;cH=0.2;cA=0.5
2536,5,0.001971608832807571,0,5,1.0,1.0,1.0,0.1996060881267851,0.20292233024779388,0.9980283911671924,0.0,0.0,0.001971608832807571,0.0,0,ood_exposure,RCSE_NO_GATHER,LOG_TRAIN_P90,0.05,0.2,1.0,0.0,0.05,,,,cost_sensitivity,cG=0.05;cH=0.2;cA=1.0
2536,5,0.001971608832807571,0,5,1.0,1.0,1.0,0.1996060881267851,0.20292233024779388,0.9980283911671924,0.0,0.0,0.001971608832807571,0.0,0,ood_exposure,RCSE_NO_GATHER,LOG_TRAIN_P90,0.1,0.2,0.5,0.0,0.05,,,,cost_sensitivity,cG=0.1;cH=0.2;cA=0.5
2536,5,0.001971608832807571,0,5,1.0,1.0,1.0,0.1996060881267851,0.20292233024779388,0.9980283911671924,0.0,0.0,0.001971608832807571,0.0,0,ood_exposure,RCSE_NO_GATHER,LOG_TRAIN_P90,0.1,0.2,1.0,0.0,0.05,,,,cost_sensitivity,cG=0.1;cH=0.2;cA=1.0
2536,32,0.012618296529968454,20,12,0.375,0.9020282337979582,0.4053635482397952,0.049742589925827245,0.056338540864713425,0.9873817034700315,0.010646687697160883,0.0,0.001971608832807571,0.010646687697160883,0,ood_exposure,RCSE_FULL,LOG_TRAIN_P90,0.01,0.05,0.2,0.0,0.05,0.95,0.05,,cost_sensitivity,cG=0.01;cH=0.05;cA=0.2
2536,32,0.012618296529968454,20,12,0.375,0.9020282337979582,0.4053635482397952,0.049742589925827245,0.056338540864713425,0.9873817034700315,0.010646687697160883,0.0,0.001971608832807571,0.010646687697160883,0,ood_exposure,RCSE_FULL,LOG_TRAIN_P90,0.01,0.05,0.5,0.0,0.05,0.95,0.05,,cost_sensitivity,cG=0.01;cH=0.05;cA=0.5
2536,32,0.012618296529968454,20,12,0.375,0.9020282337979582,0.4053635482397952,0.049742589925827245,0.056338540864713425,0.9873817034700315,0.010646687697160883,0.0,0.001971608832807571,0.010646687697160883,0,ood_exposure,RCSE_FULL,LOG_TRAIN_P90,0.01,0.05,1.0,0.0,0.05,0.95,0.05,,cost_sensitivity,cG=0.01;cH=0.05;cA=1.0
2536,66,0.026025236593059938,49,17,0.25757575757575757,0.7786804968488608,0.27604757823713094,0.09849676774677855,0.10710570944626052,0.9739747634069401,0.024053627760252366,0.0,0.001971608832807571,0.024053627760252366,0,ood_exposure,RCSE_FULL,LOG_TRAIN_P90,0.01,0.1,0.2,0.0,0.05,0.95,0.05,,cost_sensitivity,cG=0.01;cH=0.1;cA=0.2
2536,66,0.026025236593059938,49,17,0.25757575757575757,0.7786804968488608,0.27604757823713094,0.09849676774677855,0.10710570944626052,0.9739747634069401,0.024053627760252366,0.0,0.001971608832807571,0.024053627760252366,0,ood_exposure,RCSE_FULL,LOG_TRAIN_P90,0.01,0.1,0.5,0.0,0.05,0.95,0.05,,cost_sensitivity,cG=0.01;cH=0.1;cA=0.5
2536,66,0.026025236593059938,49,17,0.25757575757575757,0.7786804968488608,0.27604757823713094,0.09849676774677855,0.10710570944626052,0.9739747634069401,0.024053627760252366,0.0,0.001971608832807571,0.024053627760252366,0,ood_exposure,RCSE_FULL,LOG_TRAIN_P90,0.01,0.1,1.0,0.0,0.05,0.95,0.05,,cost_sensitivity,cG=0.01;cH=0.1;cA=1.0
2536,66,0.026025236593059938,49,17,0.25757575757575757,0.7786804968488608,0.27604757823713094,0.19589424408747255,0.20450318578695453,0.9739747634069401,0.024053627760252366,0.0,0.001971608832807571,0.024053627760252366,0,ood_exposure,RCSE_FULL,LOG_TRAIN_P90,0.01,0.2,0.5,0.0,0.05,0.95,0.05,,cost_sensitivity,cG=0.01;cH=0.2;cA=0.5
2536,66,0.026025236593059938,49,17,0.25757575757575757,0.7786804968488608,0.27604757823713094,0.19589424408747255,0.20450318578695453,0.9739747634069401,0.024053627760252366,0.0,0.001971608832807571,0.024053627760252366,0,ood_exposure,RCSE_FULL,LOG_TRAIN_P90,0.01,0.2,1.0,0.0,0.05,0.95,0.05,,cost_sensitivity,cG=0.01;cH=0.2;cA=1.0
2536,29,0.011435331230283912,18,11,0.3793103448275862,0.9075316131340455,0.41225155617354337,0.04983776741203358,0.055993510594389,0.988564668769716,0.00946372239747634,0.0,0.001971608832807571,0.00946372239747634,0,ood_exposure,RCSE_FULL,LOG_TRAIN_P90,0.02,0.05,0.2,0.0,0.05,0.95,0.05,,cost_sensitivity,cG=0.02;cH=0.05;cA=0.2
2536,29,0.011435331230283912,18,11,0.3793103448275862,0.9075316131340455,0.41225155617354337,0.04983776741203358,0.055993510594389,0.988564668769716,0.00946372239747634,0.0,0.001971608832807571,0.00946372239747634,0,ood_exposure,RCSE_FULL,LOG_TRAIN_P90,0.02,0.05,0.5,0.0,0.05,0.95,0.05,,cost_sensitivity,cG=0.02;cH=0.05;cA=0.5
2536,29,0.011435331230283912,18,11,0.3793103448275862,0.9075316131340455,0.41225155617354337,0.04983776741203358,0.055993510594389,0.988564668769716,0.00946372239747634,0.0,0.001971608832807571,0.00946372239747634,0,ood_exposure,RCSE_FULL,LOG_TRAIN_P90,0.02,0.05,1.0,0.0,0.05,0.95,0.05,,cost_sensitivity,cG=0.02;cH=0.05;cA=1.0
2536,66,0.026025236593059938,49,17,0.25757575757575757,0.7786804968488608,0.27604757823713094,0.09873730402438106,0.10734624572386305,0.9739747634069401,0.024053627760252366,0.0,0.001971608832807571,0.024053627760252366,0,ood_exposure,RCSE_FULL,LOG_TRAIN_P90,0.02,0.1,0.2,0.0,0.05,0.95,0.05,,cost_sensitivity,cG=0.02;cH=0.1;cA=0.2
2536,66,0.026025236593059938,49,17,0.25757575757575757,0.7786804968488608,0.27604757823713094,0.09873730402438106,0.10734624572386305,0.9739747634069401,0.024053627760252366,0.0,0.001971608832807571,0.024053627760252366,0,ood_exposure,RCSE_FULL,LOG_TRAIN_P90,0.02,0.1,0.5,0.0,0.05,0.95,0.05,,cost_sensitivity,cG=0.02;cH=0.1;cA=0.5
2536,66,0.026025236593059938,49,17,0.25757575757575757,0.7786804968488608,0.27604757823713094,0.09873730402438106,0.10734624572386305,0.9739747634069401,0.024053627760252366,0.0,0.001971608832807571,0.024053627760252366,0,ood_exposure,RCSE_FULL,LOG_TRAIN_P90,0.02,0.1,1.0,0.0,0.05,0.95,0.05,,cost_sensitivity,cG=0.02;cH=0.1;cA=1.0
2536,66,0.026025236593059938,49,17,0.25757575757575757,0.7786804968488608,0.27604757823713094,0.19613478036507506,0.20474372206455702,0.9739747634069401,0.024053627760252366,0.0,0.001971608832807571,0.024053627760252366,0,ood_exposure,RCSE_FULL,LOG_TRAIN_P90,0.02,0.2,0.5,0.0,0.05,0.95,0.05,,cost_sensitivity,cG=0.02;cH=0.2;cA=0.5
2536,66,0.026025236593059938,49,17,0.25757575757575757,0.7786804968488608,0.27604757823713094,0.19613478036507506,0.20474372206455702,0.9739747634069401,0.024053627760252366,0.0,0.001971608832807571,0.024053627760252366,0,ood_exposure,RCSE_FULL,LOG_TRAIN_P90,0.02,0.2,1.0,0.0,0.05,0.95,0.05,,cost_sensitivity,cG=0.02;cH=0.2;cA=1.0
2536,66,0.026025236593059938,49,17,0.25757575757575757,0.7786804968488608,0.27604757823713094,0.09945891285718865,0.1080678545566706,0.9739747634069401,0.024053627760252366,0.0,0.001971608832807571,0.024053627760252366,0,ood_exposure,RCSE_FULL,LOG_TRAIN_P90,0.05,0.1,0.2,0.0,0.05,0.95,0.05,,cost_sensitivity,cG=0.05;cH=0.1;cA=0.2
2536,66,0.026025236593059938,49,17,0.25757575757575757,0.7786804968488608,0.27604757823713094,0.09945891285718865,0.1080678545566706,0.9739747634069401,0.024053627760252366,0.0,0.001971608832807571,0.024053627760252366,0,ood_exposure,RCSE_FULL,LOG_TRAIN_P90,0.05,0.1,0.5,0.0,0.05,0.95,0.05,,cost_sensitivity,cG=0.05;cH=0.1;cA=0.5
2536,66,0.026025236593059938,49,17,0.25757575757575757,0.7786804968488608,0.27604757823713094,0.09945891285718865,0.1080678545566706,0.9739747634069401,0.024053627760252366,0.0,0.001971608832807571,0.024053627760252366,0,ood_exposure,RCSE_FULL,LOG_TRAIN_P90,0.05,0.1,1.0,0.0,0.05,0.95,0.05,,cost_sensitivity,cG=0.05;cH=0.1;cA=1.0
2536,66,0.026025236593059938,49,17,0.25757575757575757,0.7786804968488608,0.27604757823713094,0.19685638919788262,0.20546533089736463,0.9739747634069401,0.024053627760252366,0.0,0.001971608832807571,0.024053627760252366,0,ood_exposure,RCSE_FULL,LOG_TRAIN_P90,0.05,0.2,0.5,0.0,0.05,0.95,0.05,,cost_sensitivity,cG=0.05;cH=0.2;cA=0.5
2536,66,0.026025236593059938,49,17,0.25757575757575757,0.7786804968488608,0.27604757823713094,0.19685638919788262,0.20546533089736463,0.9739747634069401,0.024053627760252366,0.0,0.001971608832807571,0.024053627760252366,0,ood_exposure,RCSE_FULL,LOG_TRAIN_P90,0.05,0.2,1.0,0.0,0.05,0.95,0.05,,cost_sensitivity,cG=0.05;cH=0.2;cA=1.0
2536,66,0.026025236593059938,49,17,0.25757575757575757,0.7786804968488608,0.27604757823713094,0.19805907058589525,0.20666801228537723,0.9739747634069401,0.024053627760252366,0.0,0.001971608832807571,0.024053627760252366,0,ood_exposure,RCSE_FULL,LOG_TRAIN_P90,0.1,0.2,0.5,0.0,0.05,0.95,0.05,,cost_sensitivity,cG=0.1;cH=0.2;cA=0.5
2536,66,0.026025236593059938,49,17,0.25757575757575757,0.7786804968488608,0.27604757823713094,0.19805907058589525,0.20666801228537723,0.9739747634069401,0.024053627760252366,0.0,0.001971608832807571,0.024053627760252366,0,ood_exposure,RCSE_FULL,LOG_TRAIN_P90,0.1,0.2,1.0,0.0,0.05,0.95,0.05,,cost_sensitivity,cG=0.1;cH=0.2;cA=1.0
2536,5,0.001971608832807571,0,5,1.0,1.0,1.0,0.09980324901006588,0.10311949113107466,0.9980283911671924,0.0,0.0,0.001971608832807571,0.0,0,ood_exposure,RCSE_NO_GATHER,LOG_TRAIN_P90,0.02,0.1,0.5,0.0,0.05,,,,consequence_sensitivity,LOG_TRAIN_P90
2536,6,0.002365930599369085,0,6,1.0,1.0,1.0,0.09977915918876495,0.10212933753943218,0.9976340694006309,0.0,0.0,0.002365930599369085,0.0,0,ood_exposure,RCSE_NO_GATHER,UNIFORM,0.02,0.1,0.5,0.0,0.05,,,,consequence_sensitivity,UNIFORM
2536,5,0.001971608832807571,0,5,1.0,1.0,1.0,0.0998034087510473,0.10441203528237195,0.9980283911671924,0.0,0.0,0.001971608832807571,0.0,0,ood_exposure,RCSE_NO_GATHER,LOG_TRAIN_P50,0.02,0.1,0.5,0.0,0.05,,,,consequence_sensitivity,LOG_TRAIN_P50
2536,6,0.002365930599369085,0,6,1.0,1.0,1.0,0.09978300305295708,0.10300406060999909,0.9976340694006309,0.0,0.0,0.002365930599369085,0.0,0,ood_exposure,RCSE_NO_GATHER,LOG_TRAIN_P99,0.02,0.1,0.5,0.0,0.05,,,,consequence_sensitivity,LOG_TRAIN_P99
2536,66,0.026025236593059938,49,17,0.25757575757575757,0.7786804968488608,0.27604757823713094,0.09873730402438106,0.10734624572386305,0.9739747634069401,0.024053627760252366,0.0,0.001971608832807571,0.024053627760252366,0,ood_exposure,RCSE_FULL,LOG_TRAIN_P90,0.02,0.1,0.5,0.0,0.05,0.95,0.05,,consequence_sensitivity,LOG_TRAIN_P90
2536,70,0.027602523659305992,52,18,0.2571428571428571,0.7610641508629628,0.2571428571428571,0.09847056276944642,0.1048422712933754,0.972397476340694,0.025236593059936908,0.0,0.002365930599369085,0.025236593059936908,0,ood_exposure,RCSE_FULL,UNIFORM,0.02,0.1,0.5,0.0,0.05,0.95,0.05,,consequence_sensitivity,UNIFORM
2536,29,0.011435331230283912,18,11,0.3793103448275862,0.9075316131340455,0.4122515561735433,0.09935183896689315,0.10790655853049187,0.988564668769716,0.00946372239747634,0.0,0.001971608832807571,0.00946372239747634,0,ood_exposure,RCSE_FULL,LOG_TRAIN_P50,0.02,0.1,0.5,0.0,0.05,0.95,0.05,,consequence_sensitivity,LOG_TRAIN_P50
2536,70,0.027602523659305992,52,18,0.2571428571428571,0.7610641508629628,0.2753864184645455,0.09852675638174722,0.10608720985801391,0.972397476340694,0.025236593059936908,0.0,0.002365930599369085,0.025236593059936908,0,ood_exposure,RCSE_FULL,LOG_TRAIN_P99,0.02,0.1,0.5,0.0,0.05,0.95,0.05,,consequence_sensitivity,LOG_TRAIN_P99
