source_case_id,item_category,decision_time,transaction_exposure_eur,transaction_risk_stratum,split_ood_exposure,y_t0_safety_d1,evaluation_regime,p_safe_t0_raw,p_safe_t0_cal,p_not_safe_t0_raw,p_not_safe_t0_cal,predicted_t0_safety,predictive_entropy_t0_safety
4507000977_00010,"3-way match, invoice before GR",2018-01-09 09:45:00+00:00,49806.0,R4_99_100,ood_test_r4,NOT_SAFE_TO_EXECUTE,ood_exposure,7.926008131274244e-05,0.0,0.9999207399186872,1.0,NOT_SAFE_TO_EXECUTE,5.1270463350027155e-14
4507000980_00010,"3-way match, invoice before GR",2018-01-10 11:09:00+00:00,51662.0,R4_99_100,ood_test_r4,NOT_SAFE_TO_EXECUTE,ood_exposure,0.6821109613321583,0.6206896551724138,0.3178890386678417,0.3793103448275862,SAFE_TO_EXECUTE,0.9575534837147484
4507000430_00010,"3-way match, invoice after GR",2018-01-12 10:34:00+00:00,3348498.0,R4_99_100,ood_test_r4,NOT_SAFE_TO_EXECUTE,ood_exposure,4.124587242198255e-26,0.0,1.0,1.0,NOT_SAFE_TO_EXECUTE,5.1270463350027155e-14
4507000440_00010,"3-way match, invoice after GR",2018-01-12 10:54:00+00:00,529589.0,R4_99_100,ood_test_r4,NOT_SAFE_TO_EXECUTE,ood_exposure,1.5155562975139054e-06,0.0,0.9999984844437025,1.0,NOT_SAFE_TO_EXECUTE,5.1270463350027155e-14
2000000010_00001,"3-way match, invoice after GR",2018-01-16 09:49:00+00:00,1668264.0,R4_99_100,ood_test_r4,NOT_SAFE_TO_EXECUTE,ood_exposure,1.262533012992013e-10,0.0,0.9999999998737467,1.0,NOT_SAFE_TO_EXECUTE,5.1270463350027155e-14
4507001945_00010,"3-way match, invoice before GR",2018-01-17 14:55:00+00:00,57014.0,R4_99_100,ood_test_r4,NOT_SAFE_TO_EXECUTE,ood_exposure,0.9442102461441615,0.9285714285714286,0.05578975385583851,0.0714285714285714,SAFE_TO_EXECUTE,0.3712323266408756
4507000647_00010,"3-way match, invoice after GR",2018-01-18 13:16:00+00:00,848704.0,R4_99_100,ood_test_r4,NOT_SAFE_TO_EXECUTE,ood_exposure,7.020092685704062e-09,0.0,0.9999999929799073,1.0,NOT_SAFE_TO_EXECUTE,5.1270463350027155e-14
4507001306_00010,"3-way match, invoice after GR",2018-01-18 14:57:00+00:00,173205.0,R4_99_100,ood_test_r4,NOT_SAFE_TO_EXECUTE,ood_exposure,0.0003775647130983282,0.0,0.9996224352869016,1.0,NOT_SAFE_TO_EXECUTE,5.1270463350027155e-14
4507001245_00010,"3-way match, invoice before GR",2018-01-18 15:04:00+00:00,57465.0,R4_99_100,ood_test_r4,NOT_SAFE_TO_EXECUTE,ood_exposure,0.942034700818909,0.9285714285714286,0.057965299181090946,0.0714285714285714,SAFE_TO_EXECUTE,0.3712323266408756
4507000548_00010,"3-way match, invoice before GR",2018-01-19 11:03:00+00:00,56200.0,R4_99_100,ood_test_r4,NOT_SAFE_TO_EXECUTE,ood_exposure,0.8318396483165819,0.688034188034188,0.16816035168341814,0.31196581196581197,SAFE_TO_EXECUTE,0.8954296333667611
4507000982_00010,"3-way match, invoice before GR",2018-01-22 14:31:00+00:00,52871.0,R4_99_100,ood_test_r4,SAFE_TO_EXECUTE,ood_exposure,0.7665611764548822,0.688034188034188,0.2334388235451178,0.31196581196581197,SAFE_TO_EXECUTE,0.8954296333667611
4507000444_00010,"3-way match, invoice after GR",2018-01-24 10:58:00+00:00,481965.0,R4_99_100,ood_test_r4,NOT_SAFE_TO_EXECUTE,ood_exposure,0.0025750937460363985,0.0,0.9974249062539636,1.0,NOT_SAFE_TO_EXECUTE,5.1270463350027155e-14
4507002467_00010,"3-way match, invoice after GR",2018-01-24 13:17:00+00:00,692820.0,R4_99_100,ood_test_r4,NOT_SAFE_TO_EXECUTE,ood_exposure,3.066812783890156e-05,0.0,0.9999693318721611,1.0,NOT_SAFE_TO_EXECUTE,5.1270463350027155e-14
4507004090_00010,"3-way match, invoice before GR",2018-01-24 13:32:00+00:00,49806.0,R4_99_100,ood_test_r4,NOT_SAFE_TO_EXECUTE,ood_exposure,7.919098568072639e-05,0.0,0.9999208090143192,1.0,NOT_SAFE_TO_EXECUTE,5.1270463350027155e-14
4507003965_00010,"3-way match, invoice after GR",2018-01-24 14:09:00+00:00,511592.0,R4_99_100,ood_test_r4,NOT_SAFE_TO_EXECUTE,ood_exposure,0.0006609922243398665,0.0,0.9993390077756601,1.0,NOT_SAFE_TO_EXECUTE,5.1270463350027155e-14
4507003965_00090,"3-way match, invoice after GR",2018-01-26 13:08:00+00:00,539870.0,R4_99_100,ood_test_r4,NOT_SAFE_TO_EXECUTE,ood_exposure,0.00012733017085995053,0.0,0.99987266982914,1.0,NOT_SAFE_TO_EXECUTE,5.1270463350027155e-14
4507003375_00010,"3-way match, invoice before GR",2018-01-26 16:58:00+00:00,49249.0,R4_99_100,ood_test_r4,NOT_SAFE_TO_EXECUTE,ood_exposure,0.00024886551413319747,0.0,0.9997511344858668,1.0,NOT_SAFE_TO_EXECUTE,5.1270463350027155e-14
4507000985_00010,"3-way match, invoice before GR",2018-01-29 10:29:00+00:00,51511.0,R4_99_100,ood_test_r4,SAFE_TO_EXECUTE,ood_exposure,0.6626954792259078,0.5882352941176471,0.33730452077409223,0.4117647058823529,SAFE_TO_EXECUTE,0.9774178175281716
4507001973_00010,"3-way match, invoice after GR",2018-01-29 12:34:00+00:00,2868968.0,R4_99_100,ood_test_r4,NOT_SAFE_TO_EXECUTE,ood_exposure,8.817736371477989e-25,0.0,1.0,1.0,NOT_SAFE_TO_EXECUTE,5.1270463350027155e-14
4507002866_00010,"3-way match, invoice before GR",2018-01-31 16:08:00+00:00,57190.0,R4_99_100,ood_test_r4,NOT_SAFE_TO_EXECUTE,ood_exposure,0.9421352939537352,0.9285714285714286,0.05786470604626481,0.0714285714285714,SAFE_TO_EXECUTE,0.3712323266408756
4507000449_00060,"3-way match, invoice after GR",2018-02-01 10:16:00+00:00,405212.0,R4_99_100,ood_test_r4,NOT_SAFE_TO_EXECUTE,ood_exposure,1.13778625807305e-06,0.0,0.9999988622137419,1.0,NOT_SAFE_TO_EXECUTE,5.1270463350027155e-14
4507001623_00010,"3-way match, invoice before GR",2018-02-01 10:28:00+00:00,51615.0,R4_99_100,ood_test_r4,NOT_SAFE_TO_EXECUTE,ood_exposure,3.391978671521044e-05,0.0,0.9999660802132848,1.0,NOT_SAFE_TO_EXECUTE,5.1270463350027155e-14
2000000020_00001,"3-way match, invoice after GR",2018-02-01 13:04:00+00:00,155884.0,R4_99_100,ood_test_r4,NOT_SAFE_TO_EXECUTE,ood_exposure,0.9909325903955545,0.9901960784313726,0.00906740960444552,0.009803921568627416,SAFE_TO_EXECUTE,0.07949044238393389
4507002869_00010,"3-way match, invoice before GR",2018-02-01 15:42:00+00:00,57190.0,R4_99_100,ood_test_r4,NOT_SAFE_TO_EXECUTE,ood_exposure,0.9414788005712977,0.9285714285714286,0.058521199428702264,0.0714285714285714,SAFE_TO_EXECUTE,0.3712323266408756
2000000018_00001,"3-way match, invoice after GR",2018-02-01 16:10:00+00:00,950029.0,R4_99_100,ood_test_r4,NOT_SAFE_TO_EXECUTE,ood_exposure,7.354408468312672e-05,0.0,0.9999264559153169,1.0,NOT_SAFE_TO_EXECUTE,5.1270463350027155e-14
2000000021_00001,"3-way match, invoice after GR",2018-02-01 16:11:00+00:00,277128.0,R4_99_100,ood_test_r4,NOT_SAFE_TO_EXECUTE,ood_exposure,0.8652261881288097,0.8608305274971941,0.1347738118711903,0.13916947250280587,SAFE_TO_EXECUTE,0.5820595955256006
4507002867_00010,"3-way match, invoice before GR",2018-02-01 16:25:00+00:00,57190.0,R4_99_100,ood_test_r4,NOT_SAFE_TO_EXECUTE,ood_exposure,0.9416693143551037,0.9285714285714286,0.058330685644896296,0.0714285714285714,SAFE_TO_EXECUTE,0.3712323266408756
4507001198_00010,"3-way match, invoice before GR",2018-02-02 09:26:00+00:00,53541.0,R4_99_100,ood_test_r4,SAFE_TO_EXECUTE,ood_exposure,0.9077420549722357,0.9016736401673641,0.0922579450277643,0.09832635983263593,SAFE_TO_EXECUTE,0.46366771698440906
4507003117_00010,"3-way match, invoice before GR",2018-02-02 09:38:00+00:00,52836.0,R4_99_100,ood_test_r4,SAFE_TO_EXECUTE,ood_exposure,0.5109368835749847,0.4814814814814814,0.4890631164250153,0.5185185185185186,NOT_SAFE_TO_EXECUTE,0.9990102708804812
4507003603_00010,"3-way match, invoice before GR",2018-02-02 10:04:00+00:00,65489.0,R4_99_100,ood_test_r4,SAFE_TO_EXECUTE,ood_exposure,0.15474050312924947,0.41025641025641024,0.8452594968707505,0.5897435897435898,NOT_SAFE_TO_EXECUTE,0.9766349114440102
4507000886_00010,"3-way match, invoice after GR",2018-02-02 10:15:00+00:00,1385640.0,R4_99_100,ood_test_r4,NOT_SAFE_TO_EXECUTE,ood_exposure,3.9901483462743785e-11,0.0,0.9999999999600985,1.0,NOT_SAFE_TO_EXECUTE,5.1270463350027155e-14
4507003965_00080,"3-way match, invoice after GR",2018-02-02 12:17:00+00:00,152693.0,R4_99_100,ood_test_r4,NOT_SAFE_TO_EXECUTE,ood_exposure,0.21788627944581435,0.41025641025641024,0.7821137205541857,0.5897435897435898,NOT_SAFE_TO_EXECUTE,0.9766349114440102
4507003965_00030,"3-way match, invoice after GR",2018-02-02 12:21:00+00:00,279927.0,R4_99_100,ood_test_r4,NOT_SAFE_TO_EXECUTE,ood_exposure,0.010037349999991363,0.39997729910088375,0.9899626500000086,0.6000227008991162,NOT_SAFE_TO_EXECUTE,0.9709373137310574
4507003965_00160,"3-way match, invoice after GR",2018-02-02 12:33:00+00:00,119824.0,R4_99_100,ood_test_r4,NOT_SAFE_TO_EXECUTE,ood_exposure,0.32055587492813004,0.41025641025641024,0.6794441250718699,0.5897435897435898,NOT_SAFE_TO_EXECUTE,0.9766349114440102
4507002063_00010,"3-way match, invoice before GR",2018-02-02 13:05:00+00:00,56741.0,R4_99_100,ood_test_r4,SAFE_TO_EXECUTE,ood_exposure,0.9084261369643621,0.9016736401673641,0.09157386303563786,0.09832635983263593,SAFE_TO_EXECUTE,0.46366771698440906
4507005272_00010,"3-way match, invoice before GR",2018-02-05 10:40:00+00:00,49806.0,R4_99_100,ood_test_r4,SAFE_TO_EXECUTE,ood_exposure,0.9004333390555198,0.8608305274971941,0.09956666094448019,0.13916947250280587,SAFE_TO_EXECUTE,0.5820595955256006
4507000445_00010,"3-way match, invoice after GR",2018-02-05 16:01:00+00:00,84015.0,R4_99_100,ood_test_r4,NOT_SAFE_TO_EXECUTE,ood_exposure,0.024114061583887646,0.41025641025641024,0.9758859384161124,0.5897435897435898,NOT_SAFE_TO_EXECUTE,0.9766349114440102
4507003965_00050,"3-way match, invoice after GR",2018-02-06 10:41:00+00:00,87760.0,R4_99_100,ood_test_r4,NOT_SAFE_TO_EXECUTE,ood_exposure,0.4445600297254502,0.41025641025641024,0.5554399702745498,0.5897435897435898,NOT_SAFE_TO_EXECUTE,0.9766349114440102
4507003965_00020,"3-way match, invoice after GR",2018-02-06 10:42:00+00:00,243285.0,R4_99_100,ood_test_r4,NOT_SAFE_TO_EXECUTE,ood_exposure,0.05455858828271776,0.41025641025641024,0.9454414117172822,0.5897435897435898,NOT_SAFE_TO_EXECUTE,0.9766349114440102
4507003124_00010,"3-way match, invoice before GR",2018-02-06 10:51:00+00:00,50835.0,R4_99_100,ood_test_r4,SAFE_TO_EXECUTE,ood_exposure,0.6682766798177415,0.5882352941176471,0.3317233201822585,0.4117647058823529,SAFE_TO_EXECUTE,0.9774178175281716
4507001250_00010,"3-way match, invoice before GR",2018-02-06 11:21:00+00:00,52677.0,R4_99_100,ood_test_r4,NOT_SAFE_TO_EXECUTE,ood_exposure,0.9081177212646566,0.9016736401673641,0.09188227873534338,0.09832635983263593,SAFE_TO_EXECUTE,0.46366771698440906
2000000015_00001,"3-way match, invoice after GR",2018-02-06 15:46:00+00:00,457836.0,R4_99_100,ood_test_r4,NOT_SAFE_TO_EXECUTE,ood_exposure,0.008567617995160247,0.3621891366286178,0.9914323820048397,0.6378108633713822,NOT_SAFE_TO_EXECUTE,0.9444853460495767
4507000449_00010,"3-way match, invoice after GR",2018-02-06 15:51:00+00:00,155241.0,R4_99_100,ood_test_r4,NOT_SAFE_TO_EXECUTE,ood_exposure,0.00022553676624813805,0.0,0.9997744632337519,1.0,NOT_SAFE_TO_EXECUTE,5.1270463350027155e-14
4507003653_00010,"3-way match, invoice after GR",2018-02-06 16:28:00+00:00,556871.0,R4_99_100,ood_test_r4,NOT_SAFE_TO_EXECUTE,ood_exposure,0.002454427591880861,0.0,0.9975455724081191,1.0,NOT_SAFE_TO_EXECUTE,5.1270463350027155e-14
4507003374_00020,"3-way match, invoice after GR",2018-02-07 12:37:00+00:00,258473.0,R4_99_100,ood_test_r4,NOT_SAFE_TO_EXECUTE,ood_exposure,0.00440791157042451,0.2552392561754772,0.9955920884295755,0.7447607438245227,NOT_SAFE_TO_EXECUTE,0.8194770303723146
4507003374_00060,"3-way match, invoice after GR",2018-02-07 12:39:00+00:00,123973.0,R4_99_100,ood_test_r4,NOT_SAFE_TO_EXECUTE,ood_exposure,0.12098662621544769,0.41025641025641024,0.8790133737845524,0.5897435897435898,NOT_SAFE_TO_EXECUTE,0.9766349114440102
4507003374_00010,"3-way match, invoice after GR",2018-02-07 14:58:00+00:00,203890.0,R4_99_100,ood_test_r4,NOT_SAFE_TO_EXECUTE,ood_exposure,0.03439531662050566,0.41025641025641024,0.9656046833794943,0.5897435897435898,NOT_SAFE_TO_EXECUTE,0.9766349114440102
4507001281_00010,"3-way match, invoice after GR",2018-02-07 16:04:00+00:00,121243.0,R4_99_100,ood_test_r4,NOT_SAFE_TO_EXECUTE,ood_exposure,0.04046605391675693,0.41025641025641024,0.959533946083243,0.5897435897435898,NOT_SAFE_TO_EXECUTE,0.9766349114440102
4507000449_00030,"3-way match, invoice after GR",2018-02-07 16:16:00+00:00,52200.0,R4_99_100,ood_test_r4,NOT_SAFE_TO_EXECUTE,ood_exposure,0.2922380949955839,0.41025641025641024,0.7077619050044162,0.5897435897435898,NOT_SAFE_TO_EXECUTE,0.9766349114440102
4507005728_00010,"3-way match, invoice after GR",2018-02-08 10:20:00+00:00,79096.0,R4_99_100,ood_test_r4,SAFE_TO_EXECUTE,ood_exposure,0.8117995372381347,0.688034188034188,0.1882004627618653,0.31196581196581197,SAFE_TO_EXECUTE,0.8954296333667611
4507000896_00010,"3-way match, invoice after GR",2018-02-08 11:10:00+00:00,8833459.0,R4_99_100,ood_test_r4,NOT_SAFE_TO_EXECUTE,ood_exposure,1.3226726996566101e-65,0.0,1.0,1.0,NOT_SAFE_TO_EXECUTE,5.1270463350027155e-14
4507005117_00010,"3-way match, invoice before GR",2018-02-08 13:51:00+00:00,50294.0,R4_99_100,ood_test_r4,SAFE_TO_EXECUTE,ood_exposure,0.9538445397098925,0.9556004036326943,0.04615546029010753,0.04439959636730573,SAFE_TO_EXECUTE,0.262112675977001
4507007819_00010,"3-way match, invoice after GR",2018-02-08 14:52:00+00:00,86602.0,R4_99_100,ood_test_r4,NOT_SAFE_TO_EXECUTE,ood_exposure,0.07947804874440358,0.41025641025641024,0.9205219512555964,0.5897435897435898,NOT_SAFE_TO_EXECUTE,0.9766349114440102
4507001607_00050,"3-way match, invoice after GR",2018-02-09 11:38:00+00:00,147224.0,R4_99_100,ood_test_r4,NOT_SAFE_TO_EXECUTE,ood_exposure,0.016349906674362355,0.41025641025641024,0.9836500933256377,0.5897435897435898,NOT_SAFE_TO_EXECUTE,0.9766349114440102
4507001607_00070,"3-way match, invoice after GR",2018-02-09 11:55:00+00:00,51961.0,R4_99_100,ood_test_r4,NOT_SAFE_TO_EXECUTE,ood_exposure,0.4367511114309166,0.41025641025641024,0.5632488885690834,0.5897435897435898,NOT_SAFE_TO_EXECUTE,0.9766349114440102
4507003964_00010,"3-way match, invoice after GR",2018-02-09 13:14:00+00:00,1329794.0,R4_99_100,ood_test_r4,NOT_SAFE_TO_EXECUTE,ood_exposure,1.9905206811245001e-10,0.0,0.9999999998009479,1.0,NOT_SAFE_TO_EXECUTE,5.1270463350027155e-14
4507001607_00040,"3-way match, invoice after GR",2018-02-09 13:33:00+00:00,173205.0,R4_99_100,ood_test_r4,SAFE_TO_EXECUTE,ood_exposure,0.03313418144536424,0.41025641025641024,0.9668658185546357,0.5897435897435898,NOT_SAFE_TO_EXECUTE,0.9766349114440102
4507004727_00010,"3-way match, invoice before GR",2018-02-09 14:40:00+00:00,51615.0,R4_99_100,ood_test_r4,NOT_SAFE_TO_EXECUTE,ood_exposure,3.520122706070029e-05,0.0,0.9999647987729393,1.0,NOT_SAFE_TO_EXECUTE,5.1270463350027155e-14
4507000706_00020,"3-way match, invoice before GR",2018-02-09 15:39:00+00:00,50015.0,R4_99_100,ood_test_r4,NOT_SAFE_TO_EXECUTE,ood_exposure,0.00019056314176180223,0.0,0.9998094368582382,1.0,NOT_SAFE_TO_EXECUTE,5.1270463350027155e-14
4507000890_00010,"3-way match, invoice after GR",2018-02-09 16:42:00+00:00,2078460.0,R4_99_100,ood_test_r4,NOT_SAFE_TO_EXECUTE,ood_exposure,5.536087797836502e-16,0.0,0.9999999999999994,1.0,NOT_SAFE_TO_EXECUTE,5.1270463350027155e-14
4507005068_00010,"3-way match, invoice before GR",2018-02-10 05:27:00+00:00,54391.0,R4_99_100,ood_test_r4,SAFE_TO_EXECUTE,ood_exposure,0.7649071929723366,0.688034188034188,0.23509280702766344,0.31196581196581197,SAFE_TO_EXECUTE,0.8954296333667611
4507001990_00020,"3-way match, invoice before GR",2018-02-10 05:36:00+00:00,89373.0,R4_99_100,ood_test_r4,SAFE_TO_EXECUTE,ood_exposure,0.6711342012021462,0.5882352941176471,0.3288657987978538,0.4117647058823529,SAFE_TO_EXECUTE,0.9774178175281716
4507002789_00040,"3-way match, invoice before GR",2018-02-10 07:12:00+00:00,88629.0,R4_99_100,ood_test_r4,SAFE_TO_EXECUTE,ood_exposure,0.8256623746625307,0.688034188034188,0.17433762533746933,0.31196581196581197,SAFE_TO_EXECUTE,0.8954296333667611
4507003502_00010,"3-way match, invoice before GR",2018-02-12 08:59:00+00:00,57190.0,R4_99_100,ood_test_r4,NOT_SAFE_TO_EXECUTE,ood_exposure,0.9391915257532558,0.9285714285714286,0.06080847424674418,0.0714285714285714,SAFE_TO_EXECUTE,0.3712323266408756
4507003500_00010,"3-way match, invoice before GR",2018-02-12 09:03:00+00:00,57190.0,R4_99_100,ood_test_r4,NOT_SAFE_TO_EXECUTE,ood_exposure,0.9395065407214853,0.9285714285714286,0.06049345927851468,0.0714285714285714,SAFE_TO_EXECUTE,0.3712323266408756
4507004418_00010,"3-way match, invoice before GR",2018-02-12 09:20:00+00:00,89373.0,R4_99_100,ood_test_r4,NOT_SAFE_TO_EXECUTE,ood_exposure,1.8254326575341183e-05,0.0,0.9999817456734247,1.0,NOT_SAFE_TO_EXECUTE,5.1270463350027155e-14
2000000066_00001,"3-way match, invoice after GR",2018-02-12 17:58:00+00:00,294448.0,R4_99_100,ood_test_r4,NOT_SAFE_TO_EXECUTE,ood_exposure,0.2520533405072085,0.41025641025641024,0.7479466594927915,0.5897435897435898,NOT_SAFE_TO_EXECUTE,0.9766349114440102
2000000070_00001,"3-way match, invoice after GR",2018-02-12 18:05:00+00:00,242487.0,R4_99_100,ood_test_r4,NOT_SAFE_TO_EXECUTE,ood_exposure,0.44790513244108127,0.41025641025641024,0.5520948675589188,0.5897435897435898,NOT_SAFE_TO_EXECUTE,0.9766349114440102
2000000057_00001,"3-way match, invoice after GR",2018-02-13 11:52:00+00:00,277128.0,R4_99_100,ood_test_r4,NOT_SAFE_TO_EXECUTE,ood_exposure,0.31002930113863497,0.41025641025641024,0.689970698861365,0.5897435897435898,NOT_SAFE_TO_EXECUTE,0.9766349114440102
2000000067_00001,"3-way match, invoice after GR",2018-02-13 11:52:00+00:00,259807.0,R4_99_100,ood_test_r4,SAFE_TO_EXECUTE,ood_exposure,0.37596709771449155,0.41025641025641024,0.6240329022855085,0.5897435897435898,NOT_SAFE_TO_EXECUTE,0.9766349114440102
2000000069_00001,"3-way match, invoice after GR",2018-02-13 11:52:00+00:00,495366.0,R4_99_100,ood_test_r4,NOT_SAFE_TO_EXECUTE,ood_exposure,0.011098187037039105,0.41025641025641024,0.9889018129629609,0.5897435897435898,NOT_SAFE_TO_EXECUTE,0.9766349114440102
2000000058_00001,"3-way match, invoice after GR",2018-02-13 11:53:00+00:00,339481.0,R4_99_100,ood_test_r4,NOT_SAFE_TO_EXECUTE,ood_exposure,0.13537922074174463,0.41025641025641024,0.8646207792582554,0.5897435897435898,NOT_SAFE_TO_EXECUTE,0.9766349114440102
2000000065_00001,"3-way match, invoice after GR",2018-02-13 11:55:00+00:00,207846.0,R4_99_100,ood_test_r4,NOT_SAFE_TO_EXECUTE,ood_exposure,0.5917582262518469,0.4814814814814814,0.40824177374815307,0.5185185185185186,NOT_SAFE_TO_EXECUTE,0.9990102708804812
2000000055_00001,"3-way match, invoice after GR",2018-02-13 11:58:00+00:00,433012.0,R4_99_100,ood_test_r4,SAFE_TO_EXECUTE,ood_exposure,0.03113955879852715,0.41025641025641024,0.9688604412014729,0.5897435897435898,NOT_SAFE_TO_EXECUTE,0.9766349114440102
2000000071_00001,"3-way match, invoice after GR",2018-02-13 12:00:00+00:00,207846.0,R4_99_100,ood_test_r4,NOT_SAFE_TO_EXECUTE,ood_exposure,0.3118303230819876,0.41025641025641024,0.6881696769180123,0.5897435897435898,NOT_SAFE_TO_EXECUTE,0.9766349114440102
2000000064_00001,"3-way match, invoice after GR",2018-02-13 12:01:00+00:00,259807.0,R4_99_100,ood_test_r4,NOT_SAFE_TO_EXECUTE,ood_exposure,0.37596441530517194,0.41025641025641024,0.624035584694828,0.5897435897435898,NOT_SAFE_TO_EXECUTE,0.9766349114440102
2000000068_00001,"3-way match, invoice after GR",2018-02-13 12:01:00+00:00,381051.0,R4_99_100,ood_test_r4,NOT_SAFE_TO_EXECUTE,ood_exposure,0.07195462036998,0.41025641025641024,0.92804537963002,0.5897435897435898,NOT_SAFE_TO_EXECUTE,0.9766349114440102
2000000059_00001,"3-way match, invoice after GR",2018-02-13 12:02:00+00:00,190525.0,R4_99_100,ood_test_r4,NOT_SAFE_TO_EXECUTE,ood_exposure,0.6601705701489723,0.5882352941176471,0.3398294298510277,0.4117647058823529,SAFE_TO_EXECUTE,0.9774178175281716
2000000060_00001,"3-way match, invoice after GR",2018-02-13 12:02:00+00:00,356802.0,R4_99_100,ood_test_r4,NOT_SAFE_TO_EXECUTE,ood_exposure,0.10459500132260362,0.41025641025641024,0.8954049986773964,0.5897435897435898,NOT_SAFE_TO_EXECUTE,0.9766349114440102
2000000072_00001,"3-way match, invoice after GR",2018-02-13 15:39:00+00:00,346410.0,R4_99_100,ood_test_r4,NOT_SAFE_TO_EXECUTE,ood_exposure,0.12217323195391165,0.41025641025641024,0.8778267680460884,0.5897435897435898,NOT_SAFE_TO_EXECUTE,0.9766349114440102
4507006777_00010,"3-way match, invoice before GR",2018-02-14 10:44:00+00:00,53592.0,R4_99_100,ood_test_r4,SAFE_TO_EXECUTE,ood_exposure,0.7700385528565905,0.688034188034188,0.2299614471434095,0.31196581196581197,SAFE_TO_EXECUTE,0.8954296333667611
4507001607_00020,"3-way match, invoice after GR",2018-02-14 12:57:00+00:00,121243.0,R4_99_100,ood_test_r4,NOT_SAFE_TO_EXECUTE,ood_exposure,0.0751791803821157,0.41025641025641024,0.9248208196178843,0.5897435897435898,NOT_SAFE_TO_EXECUTE,0.9766349114440102
4507001996_00080,"3-way match, invoice before GR",2018-02-15 09:51:00+00:00,89272.0,R4_99_100,ood_test_r4,NOT_SAFE_TO_EXECUTE,ood_exposure,0.3632738401491317,0.41025641025641024,0.6367261598508682,0.5897435897435898,NOT_SAFE_TO_EXECUTE,0.9766349114440102
4507001898_00010,"3-way match, invoice after GR",2018-02-15 15:15:00+00:00,51961.0,R4_99_100,ood_test_r4,NOT_SAFE_TO_EXECUTE,ood_exposure,0.19306224232412836,0.41025641025641024,0.8069377576758716,0.5897435897435898,NOT_SAFE_TO_EXECUTE,0.9766349114440102
4507007356_00010,"3-way match, invoice before GR",2018-02-15 16:49:00+00:00,53541.0,R4_99_100,ood_test_r4,SAFE_TO_EXECUTE,ood_exposure,0.9131198761028033,0.9016736401673641,0.08688012389719668,0.09832635983263593,SAFE_TO_EXECUTE,0.46366771698440906
4507007815_00010,"3-way match, invoice after GR",2018-02-16 05:45:00+00:00,1472243.0,R4_99_100,ood_test_r4,NOT_SAFE_TO_EXECUTE,ood_exposure,1.7674903662564826e-11,0.0,0.9999999999823251,1.0,NOT_SAFE_TO_EXECUTE,5.1270463350027155e-14
4507002850_00010,"3-way match, invoice before GR",2018-02-16 07:09:00+00:00,50132.0,R4_99_100,ood_test_r4,SAFE_TO_EXECUTE,ood_exposure,0.9623370688634819,0.9702325581395349,0.037662931136518085,0.029767441860465094,SAFE_TO_EXECUTE,0.19322424629252893
4507004508_00010,"3-way match, invoice before GR",2018-02-16 08:40:00+00:00,67342.0,R4_99_100,ood_test_r4,SAFE_TO_EXECUTE,ood_exposure,0.896924463964564,0.8608305274971941,0.10307553603543596,0.13916947250280587,SAFE_TO_EXECUTE,0.5820595955256006
4507006120_00010,"3-way match, invoice before GR",2018-02-16 09:06:00+00:00,54271.0,R4_99_100,ood_test_r4,SAFE_TO_EXECUTE,ood_exposure,0.5013568678631879,0.4429127958455607,0.4986431321368121,0.5570872041544392,NOT_SAFE_TO_EXECUTE,0.990576123951133
4507006774_00010,"3-way match, invoice before GR",2018-02-16 09:11:00+00:00,60893.0,R4_99_100,ood_test_r4,SAFE_TO_EXECUTE,ood_exposure,0.7446977875083634,0.6644250035359602,0.25530221249163665,0.33557499646403977,SAFE_TO_EXECUTE,0.9205212037311304
4507005071_00010,"3-way match, invoice before GR",2018-02-16 09:23:00+00:00,54391.0,R4_99_100,ood_test_r4,SAFE_TO_EXECUTE,ood_exposure,0.494726236271227,0.41064282871697605,0.505273763728773,0.5893571712830239,NOT_SAFE_TO_EXECUTE,0.9768367803053914
4507004396_00020,"3-way match, invoice after GR",2018-02-17 07:56:00+00:00,103923.0,R4_99_100,ood_test_r4,NOT_SAFE_TO_EXECUTE,ood_exposure,0.008681191272593742,0.3651092101155239,0.9913188087274063,0.6348907898844761,NOT_SAFE_TO_EXECUTE,0.9468426561719872
2000000047_00001,"3-way match, invoice after GR",2018-02-19 09:44:00+00:00,649519.0,R4_99_100,ood_test_r4,NOT_SAFE_TO_EXECUTE,ood_exposure,0.00010389833241590355,0.0,0.9998961016675841,1.0,NOT_SAFE_TO_EXECUTE,5.1270463350027155e-14
4507005634_00010,"3-way match, invoice after GR",2018-02-19 11:20:00+00:00,966241.0,R4_99_100,ood_test_r4,NOT_SAFE_TO_EXECUTE,ood_exposure,2.4107333693940025e-07,0.0,0.999999758926663,1.0,NOT_SAFE_TO_EXECUTE,5.1270463350027155e-14
4507005649_00010,"3-way match, invoice after GR",2018-02-19 11:30:00+00:00,370139.0,R4_99_100,ood_test_r4,NOT_SAFE_TO_EXECUTE,ood_exposure,0.0066834120719232925,0.3137444682642887,0.9933165879280768,0.6862555317357113,NOT_SAFE_TO_EXECUTE,0.8974486234911283
2000000100_00001,"3-way match, invoice after GR",2018-02-19 13:19:00+00:00,7815013.0,R4_99_100,ood_test_r4,NOT_SAFE_TO_EXECUTE,ood_exposure,9.850673930467361e-58,0.0,1.0,1.0,NOT_SAFE_TO_EXECUTE,5.1270463350027155e-14
4507001677_00020,"3-way match, invoice before GR",2018-02-19 14:05:00+00:00,56464.0,R4_99_100,ood_test_r4,SAFE_TO_EXECUTE,ood_exposure,0.8458512032148098,0.8608305274971941,0.15414879678519022,0.13916947250280587,SAFE_TO_EXECUTE,0.5820595955256006
4507000644_00010,"3-way match, invoice after GR",2018-02-19 14:14:00+00:00,78808.0,R4_99_100,ood_test_r4,NOT_SAFE_TO_EXECUTE,ood_exposure,0.008295003415095767,0.3551799648817122,0.9917049965849042,0.6448200351182878,NOT_SAFE_TO_EXECUTE,0.9386093167501025
4507000643_00010,"3-way match, invoice after GR",2018-02-19 14:15:00+00:00,207846.0,R4_99_100,ood_test_r4,NOT_SAFE_TO_EXECUTE,ood_exposure,0.00028586716277076944,0.0,0.9997141328372292,1.0,NOT_SAFE_TO_EXECUTE,5.1270463350027155e-14
4507005476_00010,"3-way match, invoice before GR",2018-02-19 14:31:00+00:00,54143.0,R4_99_100,ood_test_r4,SAFE_TO_EXECUTE,ood_exposure,0.9058102045151433,0.9016736401673641,0.09418979548485673,0.09832635983263593,SAFE_TO_EXECUTE,0.46366771698440906
4507000898_00010,"3-way match, invoice after GR",2018-02-20 08:27:00+00:00,2598076.0,R4_99_100,ood_test_r4,NOT_SAFE_TO_EXECUTE,ood_exposure,2.490139978966587e-20,0.0,1.0,1.0,NOT_SAFE_TO_EXECUTE,5.1270463350027155e-14
4507004026_00010,"3-way match, invoice before GR",2018-02-20 08:55:00+00:00,57236.0,R4_99_100,ood_test_r4,SAFE_TO_EXECUTE,ood_exposure,0.9374130781051592,0.9285714285714286,0.06258692189484083,0.0714285714285714,SAFE_TO_EXECUTE,0.3712323266408756
4507008596_00010,"3-way match, invoice before GR",2018-02-20 09:04:00+00:00,53503.0,R4_99_100,ood_test_r4,SAFE_TO_EXECUTE,ood_exposure,0.5147525341489829,0.4814814814814814,0.4852474658510171,0.5185185185185186,NOT_SAFE_TO_EXECUTE,0.9990102708804812
4507005603_00010,"3-way match, invoice before GR",2018-02-20 09:07:00+00:00,57572.0,R4_99_100,ood_test_r4,NOT_SAFE_TO_EXECUTE,ood_exposure,0.9390213042840563,0.9285714285714286,0.06097869571594372,0.0714285714285714,SAFE_TO_EXECUTE,0.3712323266408756
4507005600_00010,"3-way match, invoice before GR",2018-02-20 09:10:00+00:00,57572.0,R4_99_100,ood_test_r4,SAFE_TO_EXECUTE,ood_exposure,0.939315943253502,0.9285714285714286,0.060684056746498016,0.0714285714285714,SAFE_TO_EXECUTE,0.3712323266408756
4507003374_00040,"3-way match, invoice after GR",2018-02-20 11:38:00+00:00,110170.0,R4_99_100,ood_test_r4,NOT_SAFE_TO_EXECUTE,ood_exposure,0.34025595472214637,0.41025641025641024,0.6597440452778536,0.5897435897435898,NOT_SAFE_TO_EXECUTE,0.9766349114440102
4507007812_00010,"3-way match, invoice after GR",2018-02-20 11:46:00+00:00,1212435.0,R4_99_100,ood_test_r4,NOT_SAFE_TO_EXECUTE,ood_exposure,1.4172537491126703e-09,0.0,0.9999999985827462,1.0,NOT_SAFE_TO_EXECUTE,5.1270463350027155e-14
4507003374_00180,"3-way match, invoice after GR",2018-02-20 11:49:00+00:00,89420.0,R4_99_100,ood_test_r4,NOT_SAFE_TO_EXECUTE,ood_exposure,0.18630637918192827,0.41025641025641024,0.8136936208180717,0.5897435897435898,NOT_SAFE_TO_EXECUTE,0.9766349114440102
4507004396_00010,"3-way match, invoice after GR",2018-02-21 11:40:00+00:00,4156921.0,R4_99_100,ood_test_r4,NOT_SAFE_TO_EXECUTE,ood_exposure,1.069691935751217e-30,0.0,1.0,1.0,NOT_SAFE_TO_EXECUTE,5.1270463350027155e-14
4507008572_00010,"3-way match, invoice before GR",2018-02-22 09:40:00+00:00,56951.0,R4_99_100,ood_test_r4,SAFE_TO_EXECUTE,ood_exposure,0.9433725652184235,0.9285714285714286,0.0566274347815765,0.0714285714285714,SAFE_TO_EXECUTE,0.3712323266408756
4507004116_00010,"3-way match, invoice before GR",2018-02-22 12:11:00+00:00,52959.0,R4_99_100,ood_test_r4,SAFE_TO_EXECUTE,ood_exposure,0.7259377789577645,0.6206896551724138,0.27406222104223554,0.3793103448275862,SAFE_TO_EXECUTE,0.9575534837147484
4507007132_00010,"3-way match, invoice before GR",2018-02-22 13:39:00+00:00,179662.0,R4_99_100,ood_test_r4,SAFE_TO_EXECUTE,ood_exposure,0.5268836363478464,0.4814814814814814,0.4731163636521536,0.5185185185185186,NOT_SAFE_TO_EXECUTE,0.9990102708804812
4507008599_00010,"3-way match, invoice before GR",2018-02-22 14:49:00+00:00,53503.0,R4_99_100,ood_test_r4,SAFE_TO_EXECUTE,ood_exposure,0.7680632175003942,0.688034188034188,0.2319367824996058,0.31196581196581197,SAFE_TO_EXECUTE,0.8954296333667611
4507004390_00010,"3-way match, invoice before GR",2018-02-22 15:08:00+00:00,70494.0,R4_99_100,ood_test_r4,SAFE_TO_EXECUTE,ood_exposure,0.8796739552985007,0.8608305274971941,0.12032604470149932,0.13916947250280587,SAFE_TO_EXECUTE,0.5820595955256006
4507005710_00010,"3-way match, invoice after GR",2018-02-22 16:02:00+00:00,805427.0,R4_99_100,ood_test_r4,NOT_SAFE_TO_EXECUTE,ood_exposure,4.107307808414822e-06,0.0,0.9999958926921916,1.0,NOT_SAFE_TO_EXECUTE,5.1270463350027155e-14
4507000269_00010,"3-way match, invoice before GR",2018-02-23 11:10:00+00:00,59375.0,R4_99_100,ood_test_r4,SAFE_TO_EXECUTE,ood_exposure,0.9044311562242618,0.8608305274971941,0.09556884377573815,0.13916947250280587,SAFE_TO_EXECUTE,0.5820595955256006
4507007732_00010,"3-way match, invoice before GR",2018-02-23 12:19:00+00:00,57711.0,R4_99_100,ood_test_r4,NOT_SAFE_TO_EXECUTE,ood_exposure,0.7728512563217986,0.688034188034188,0.22714874367820137,0.31196581196581197,SAFE_TO_EXECUTE,0.8954296333667611
4507007472_00010,"3-way match, invoice before GR",2018-02-23 13:21:00+00:00,130700.0,R4_99_100,ood_test_r4,SAFE_TO_EXECUTE,ood_exposure,0.6973153205309581,0.6206896551724138,0.3026846794690419,0.3793103448275862,SAFE_TO_EXECUTE,0.9575534837147484
4507000879_00010,"3-way match, invoice after GR",2018-02-23 14:58:00+00:00,225166.0,R4_99_100,ood_test_r4,NOT_SAFE_TO_EXECUTE,ood_exposure,0.001996819932303722,0.0,0.9980031800676963,1.0,NOT_SAFE_TO_EXECUTE,5.1270463350027155e-14
4507000879_00040,"3-way match, invoice after GR",2018-02-23 14:58:00+00:00,86938.0,R4_99_100,ood_test_r4,NOT_SAFE_TO_EXECUTE,ood_exposure,0.020289954800931723,0.41025641025641024,0.9797100451990682,0.5897435897435898,NOT_SAFE_TO_EXECUTE,0.9766349114440102
4507000879_00050,"3-way match, invoice after GR",2018-02-23 14:58:00+00:00,519615.0,R4_99_100,ood_test_r4,NOT_SAFE_TO_EXECUTE,ood_exposure,1.3776293302412836e-05,0.0,0.9999862237066975,1.0,NOT_SAFE_TO_EXECUTE,5.1270463350027155e-14
4507000879_00070,"3-way match, invoice after GR",2018-02-23 14:58:00+00:00,1700873.0,R4_99_100,ood_test_r4,NOT_SAFE_TO_EXECUTE,ood_exposure,2.920418451260065e-14,0.0,0.9999999999999708,1.0,NOT_SAFE_TO_EXECUTE,5.1270463350027155e-14
4507000879_00110,"3-way match, invoice after GR",2018-02-23 14:58:00+00:00,879504.0,R4_99_100,ood_test_r4,NOT_SAFE_TO_EXECUTE,ood_exposure,7.304845496581451e-11,0.0,0.9999999999269515,1.0,NOT_SAFE_TO_EXECUTE,5.1270463350027155e-14
4507000879_00090,"3-way match, invoice after GR",2018-02-26 11:16:00+00:00,59615.0,R4_99_100,ood_test_r4,NOT_SAFE_TO_EXECUTE,ood_exposure,0.09165439046809003,0.41025641025641024,0.90834560953191,0.5897435897435898,NOT_SAFE_TO_EXECUTE,0.9766349114440102
4507007872_00010,"3-way match, invoice before GR",2018-02-26 11:59:00+00:00,57459.0,R4_99_100,ood_test_r4,SAFE_TO_EXECUTE,ood_exposure,0.93961192901052,0.9285714285714286,0.06038807098947996,0.0714285714285714,SAFE_TO_EXECUTE,0.3712323266408756
4507010304_00010,"3-way match, invoice before GR",2018-02-26 12:04:00+00:00,57409.0,R4_99_100,ood_test_r4,SAFE_TO_EXECUTE,ood_exposure,0.9433442293493474,0.9285714285714286,0.05665577065065264,0.0714285714285714,SAFE_TO_EXECUTE,0.3712323266408756
4507007868_00010,"3-way match, invoice before GR",2018-02-26 12:09:00+00:00,57459.0,R4_99_100,ood_test_r4,SAFE_TO_EXECUTE,ood_exposure,0.9402141887001725,0.9285714285714286,0.05978581129982752,0.0714285714285714,SAFE_TO_EXECUTE,0.3712323266408756
4507009742_00010,"3-way match, invoice before GR",2018-02-26 12:13:00+00:00,57250.0,R4_99_100,ood_test_r4,NOT_SAFE_TO_EXECUTE,ood_exposure,0.9435881130262046,0.9285714285714286,0.0564118869737954,0.0714285714285714,SAFE_TO_EXECUTE,0.3712323266408756
4507006964_00010,"3-way match, invoice before GR",2018-02-26 12:18:00+00:00,57505.0,R4_99_100,ood_test_r4,NOT_SAFE_TO_EXECUTE,ood_exposure,0.9388901668946873,0.9285714285714286,0.061109833105312705,0.0714285714285714,SAFE_TO_EXECUTE,0.3712323266408756
4507007874_00010,"3-way match, invoice before GR",2018-02-26 12:22:00+00:00,57459.0,R4_99_100,ood_test_r4,NOT_SAFE_TO_EXECUTE,ood_exposure,0.9395942873090626,0.9285714285714286,0.06040571269093742,0.0714285714285714,SAFE_TO_EXECUTE,0.3712323266408756
4507007870_00010,"3-way match, invoice before GR",2018-02-26 12:24:00+00:00,57459.0,R4_99_100,ood_test_r4,NOT_SAFE_TO_EXECUTE,ood_exposure,0.9399030638878872,0.9285714285714286,0.06009693611211275,0.0714285714285714,SAFE_TO_EXECUTE,0.3712323266408756
4507006961_00010,"3-way match, invoice before GR",2018-02-26 12:32:00+00:00,57505.0,R4_99_100,ood_test_r4,NOT_SAFE_TO_EXECUTE,ood_exposure,0.9395106788093047,0.9285714285714286,0.06048932119069528,0.0714285714285714,SAFE_TO_EXECUTE,0.3712323266408756
4507006962_00010,"3-way match, invoice before GR",2018-02-26 12:36:00+00:00,57505.0,R4_99_100,ood_test_r4,NOT_SAFE_TO_EXECUTE,ood_exposure,0.9392217704533092,0.9285714285714286,0.060778229546690765,0.0714285714285714,SAFE_TO_EXECUTE,0.3712323266408756
4507005604_00010,"3-way match, invoice before GR",2018-02-26 12:46:00+00:00,57572.0,R4_99_100,ood_test_r4,NOT_SAFE_TO_EXECUTE,ood_exposure,0.9377917273072317,0.9285714285714286,0.062208272692768296,0.0714285714285714,SAFE_TO_EXECUTE,0.3712323266408756
4507004030_00010,"3-way match, invoice before GR",2018-02-26 13:04:00+00:00,57236.0,R4_99_100,ood_test_r4,NOT_SAFE_TO_EXECUTE,ood_exposure,0.9366882829363673,0.9285714285714286,0.0633117170636327,0.0714285714285714,SAFE_TO_EXECUTE,0.3712323266408756
4507008597_00010,"3-way match, invoice before GR",2018-02-27 10:22:00+00:00,53503.0,R4_99_100,ood_test_r4,SAFE_TO_EXECUTE,ood_exposure,0.5079222514328973,0.4748652138079673,0.49207774856710274,0.5251347861920327,NOT_SAFE_TO_EXECUTE,0.9981763647251131
4507003646_00010,"3-way match, invoice after GR",2018-02-28 12:31:00+00:00,134599.0,R4_99_100,ood_test_r4,NOT_SAFE_TO_EXECUTE,ood_exposure,0.0925519106421445,0.41025641025641024,0.9074480893578555,0.5897435897435898,NOT_SAFE_TO_EXECUTE,0.9766349114440102
4507006424_00010,"3-way match, invoice before GR",2018-02-28 14:41:00+00:00,70494.0,R4_99_100,ood_test_r4,NOT_SAFE_TO_EXECUTE,ood_exposure,0.6986759800029433,0.6206896551724138,0.3013240199970567,0.3793103448275862,SAFE_TO_EXECUTE,0.9575534837147484
4507007548_00020,"3-way match, invoice before GR",2018-02-28 14:44:00+00:00,51268.0,R4_99_100,ood_test_r4,NOT_SAFE_TO_EXECUTE,ood_exposure,0.766749301914906,0.688034188034188,0.23325069808509402,0.31196581196581197,SAFE_TO_EXECUTE,0.8954296333667611
4507000709_00010,"3-way match, invoice after GR",2018-02-28 17:01:00+00:00,4243524.0,R4_99_100,ood_test_r4,NOT_SAFE_TO_EXECUTE,ood_exposure,2.0158416483542392e-31,0.0,1.0,1.0,NOT_SAFE_TO_EXECUTE,5.1270463350027155e-14
4507000709_00020,"3-way match, invoice after GR",2018-02-28 17:01:00+00:00,3342858.0,R4_99_100,ood_test_r4,NOT_SAFE_TO_EXECUTE,ood_exposure,9.017040615800662e-25,0.0,1.0,1.0,NOT_SAFE_TO_EXECUTE,5.1270463350027155e-14
4507009834_00010,"3-way match, invoice before GR",2018-03-05 10:23:00+00:00,57250.0,R4_99_100,ood_test_r4,NOT_SAFE_TO_EXECUTE,ood_exposure,0.9403502488899016,0.9285714285714286,0.059649751110098403,0.0714285714285714,SAFE_TO_EXECUTE,0.3712323266408756
4507009833_00010,"3-way match, invoice before GR",2018-03-05 10:27:00+00:00,57250.0,R4_99_100,ood_test_r4,NOT_SAFE_TO_EXECUTE,ood_exposure,0.9403759445522372,0.9285714285714286,0.059624055447762836,0.0714285714285714,SAFE_TO_EXECUTE,0.3712323266408756
4507009831_00010,"3-way match, invoice before GR",2018-03-05 10:30:00+00:00,57250.0,R4_99_100,ood_test_r4,NOT_SAFE_TO_EXECUTE,ood_exposure,0.940803596579803,0.9285714285714286,0.05919640342019705,0.0714285714285714,SAFE_TO_EXECUTE,0.3712323266408756
2000000022_00001,"3-way match, invoice after GR",2018-03-06 09:37:00+00:00,4312806.0,R4_99_100,ood_test_r4,NOT_SAFE_TO_EXECUTE,ood_exposure,1.1538275714217156e-30,0.0,1.0,1.0,NOT_SAFE_TO_EXECUTE,5.1270463350027155e-14
4507005688_00010,"3-way match, invoice after GR",2018-03-06 10:00:00+00:00,185424.0,R4_99_100,ood_test_r4,NOT_SAFE_TO_EXECUTE,ood_exposure,0.0051126799884034305,0.27335950081624727,0.9948873200115965,0.7266404991837527,NOT_SAFE_TO_EXECUTE,0.8462441101060914
2000000115_00001,"3-way match, invoice after GR",2018-03-06 10:06:00+00:00,2159297.0,R4_99_100,ood_test_r4,NOT_SAFE_TO_EXECUTE,ood_exposure,8.079215160174562e-15,0.0,0.9999999999999919,1.0,NOT_SAFE_TO_EXECUTE,5.1270463350027155e-14
4507008765_00010,"3-way match, invoice before GR",2018-03-07 04:06:00+00:00,55524.0,R4_99_100,ood_test_r4,NOT_SAFE_TO_EXECUTE,ood_exposure,0.9068997894601961,0.9016736401673641,0.09310021053980388,0.09832635983263593,SAFE_TO_EXECUTE,0.46366771698440906
2000000206_00001,"3-way match, invoice after GR",2018-03-07 09:37:00+00:00,65817.0,R4_99_100,ood_test_r4,SAFE_TO_EXECUTE,ood_exposure,0.9496797640285343,0.9508196721311475,0.05032023597146573,0.049180327868852514,SAFE_TO_EXECUTE,0.28290479297989224
4507000396_00010,"3-way match, invoice before GR",2018-03-07 16:56:00+00:00,55260.0,R4_99_100,ood_test_r4,SAFE_TO_EXECUTE,ood_exposure,0.9018293458375533,0.8608305274971941,0.09817065416244675,0.13916947250280587,SAFE_TO_EXECUTE,0.5820595955256006
4507007888_00020,"3-way match, invoice after GR",2018-03-08 09:04:00+00:00,49883.0,R4_99_100,ood_test_r4,SAFE_TO_EXECUTE,ood_exposure,0.944438698399195,0.9285714285714286,0.05556130160080497,0.0714285714285714,SAFE_TO_EXECUTE,0.3712323266408756
4507007224_00010,"3-way match, invoice before GR",2018-03-08 09:37:00+00:00,56752.0,R4_99_100,ood_test_r4,SAFE_TO_EXECUTE,ood_exposure,0.8225050543678909,0.688034188034188,0.1774949456321091,0.31196581196581197,SAFE_TO_EXECUTE,0.8954296333667611
4507005916_00010,"3-way match, invoice before GR",2018-03-08 10:38:00+00:00,56513.0,R4_99_100,ood_test_r4,NOT_SAFE_TO_EXECUTE,ood_exposure,0.9014163314570627,0.8608305274971941,0.09858366854293732,0.13916947250280587,SAFE_TO_EXECUTE,0.5820595955256006
4507007934_00010,"3-way match, invoice before GR",2018-03-08 10:53:00+00:00,51615.0,R4_99_100,ood_test_r4,SAFE_TO_EXECUTE,ood_exposure,0.8919741167084033,0.8608305274971941,0.10802588329159668,0.13916947250280587,SAFE_TO_EXECUTE,0.5820595955256006
4507005932_00010,"3-way match, invoice before GR",2018-03-08 10:55:00+00:00,89373.0,R4_99_100,ood_test_r4,SAFE_TO_EXECUTE,ood_exposure,0.664301868000195,0.5882352941176471,0.335698131999805,0.4117647058823529,SAFE_TO_EXECUTE,0.9774178175281716
4507004409_00010,"3-way match, invoice after GR",2018-03-08 14:16:00+00:00,606217.0,R4_99_100,ood_test_r4,SAFE_TO_EXECUTE,ood_exposure,3.3253524786951025e-05,0.0,0.999966746475213,1.0,NOT_SAFE_TO_EXECUTE,5.1270463350027155e-14
4507005431_00010,"3-way match, invoice before GR",2018-03-08 14:38:00+00:00,59062.0,R4_99_100,ood_test_r4,SAFE_TO_EXECUTE,ood_exposure,0.5331333476360792,0.4814814814814814,0.4668666523639208,0.5185185185185186,NOT_SAFE_TO_EXECUTE,0.9990102708804812
4507000557_00010,"3-way match, invoice before GR",2018-03-08 14:43:00+00:00,70494.0,R4_99_100,ood_test_r4,NOT_SAFE_TO_EXECUTE,ood_exposure,0.6696484323317751,0.5882352941176471,0.33035156766822493,0.4117647058823529,SAFE_TO_EXECUTE,0.9774178175281716
4507009565_00010,"3-way match, invoice before GR",2018-03-08 15:40:00+00:00,56741.0,R4_99_100,ood_test_r4,NOT_SAFE_TO_EXECUTE,ood_exposure,0.9082092147620794,0.9016736401673641,0.09179078523792061,0.09832635983263593,SAFE_TO_EXECUTE,0.46366771698440906
4507000387_00010,"3-way match, invoice before GR",2018-03-08 16:34:00+00:00,165780.0,R4_99_100,ood_test_r4,NOT_SAFE_TO_EXECUTE,ood_exposure,0.11516894223249967,0.41025641025641024,0.8848310577675004,0.5897435897435898,NOT_SAFE_TO_EXECUTE,0.9766349114440102
4507009290_00010,"3-way match, invoice before GR",2018-03-09 09:42:00+00:00,173205.0,R4_99_100,ood_test_r4,SAFE_TO_EXECUTE,ood_exposure,0.7682890860036995,0.688034188034188,0.2317109139963005,0.31196581196581197,SAFE_TO_EXECUTE,0.8954296333667611
4507000362_00010,"3-way match, invoice before GR",2018-03-09 09:53:00+00:00,93509.0,R4_99_100,ood_test_r4,SAFE_TO_EXECUTE,ood_exposure,0.8257334613515334,0.688034188034188,0.17426653864846664,0.31196581196581197,SAFE_TO_EXECUTE,0.8954296333667611
4507008600_00010,"3-way match, invoice before GR",2018-03-09 11:00:00+00:00,53503.0,R4_99_100,ood_test_r4,SAFE_TO_EXECUTE,ood_exposure,0.7567589776510385,0.688034188034188,0.2432410223489615,0.31196581196581197,SAFE_TO_EXECUTE,0.8954296333667611
4507002980_00010,"3-way match, invoice before GR",2018-03-09 14:52:00+00:00,50714.0,R4_99_100,ood_test_r4,SAFE_TO_EXECUTE,ood_exposure,0.9227390830740474,0.9016736401673641,0.0772609169259526,0.09832635983263593,SAFE_TO_EXECUTE,0.46366771698440906
4507002980_00020,"3-way match, invoice before GR",2018-03-09 14:52:00+00:00,49820.0,R4_99_100,ood_test_r4,SAFE_TO_EXECUTE,ood_exposure,0.9238098051618564,0.9016736401673641,0.0761901948381436,0.09832635983263593,SAFE_TO_EXECUTE,0.46366771698440906
4507002101_00010,"3-way match, invoice after GR",2018-03-09 15:48:00+00:00,74990.0,R4_99_100,ood_test_r4,SAFE_TO_EXECUTE,ood_exposure,0.6952326201000549,0.6206896551724138,0.30476737989994507,0.3793103448275862,SAFE_TO_EXECUTE,0.9575534837147484
4507009275_00010,"3-way match, invoice before GR",2018-03-09 16:10:00+00:00,54144.0,R4_99_100,ood_test_r4,SAFE_TO_EXECUTE,ood_exposure,0.4955205304696524,0.414508500835555,0.5044794695303476,0.585491499164445,NOT_SAFE_TO_EXECUTE,0.9788072949902875
4507009081_00010,"3-way match, invoice before GR",2018-03-10 04:50:00+00:00,89373.0,R4_99_100,ood_test_r4,SAFE_TO_EXECUTE,ood_exposure,0.6760642210047456,0.6206896551724138,0.3239357789952544,0.3793103448275862,SAFE_TO_EXECUTE,0.9575534837147484
4507007858_00010,"3-way match, invoice before GR",2018-03-10 05:51:00+00:00,59793.0,R4_99_100,ood_test_r4,SAFE_TO_EXECUTE,ood_exposure,0.9055561551740208,0.9016736401673641,0.09444384482597923,0.09832635983263593,SAFE_TO_EXECUTE,0.46366771698440906
4507002448_00010,"3-way match, invoice before GR",2018-03-10 06:53:00+00:00,68852.0,R4_99_100,ood_test_r4,SAFE_TO_EXECUTE,ood_exposure,0.46297965011597414,0.41025641025641024,0.5370203498840258,0.5897435897435898,NOT_SAFE_TO_EXECUTE,0.9766349114440102
4507003082_00010,"3-way match, invoice before GR",2018-03-10 07:03:00+00:00,58799.0,R4_99_100,ood_test_r4,SAFE_TO_EXECUTE,ood_exposure,0.9528947270296396,0.9556004036326943,0.04710527297036038,0.04439959636730573,SAFE_TO_EXECUTE,0.262112675977001
4507001138_00010,"3-way match, invoice before GR",2018-03-10 07:24:00+00:00,63871.0,R4_99_100,ood_test_r4,SAFE_TO_EXECUTE,ood_exposure,0.7625712643364372,0.688034188034188,0.23742873566356282,0.31196581196581197,SAFE_TO_EXECUTE,0.8954296333667611
4507008100_00010,"3-way match, invoice before GR",2018-03-10 07:32:00+00:00,57491.0,R4_99_100,ood_test_r4,SAFE_TO_EXECUTE,ood_exposure,0.7375167246802148,0.6206896551724138,0.2624832753197852,0.3793103448275862,SAFE_TO_EXECUTE,0.9575534837147484
4507007064_00010,"3-way match, invoice before GR",2018-03-10 08:33:00+00:00,58117.0,R4_99_100,ood_test_r4,SAFE_TO_EXECUTE,ood_exposure,0.9095059827098839,0.9016736401673641,0.09049401729011608,0.09832635983263593,SAFE_TO_EXECUTE,0.46366771698440906
4507005760_00020,"3-way match, invoice before GR",2018-03-10 09:23:00+00:00,58259.0,R4_99_100,ood_test_r4,SAFE_TO_EXECUTE,ood_exposure,0.9441122390064939,0.9285714285714286,0.05588776099350612,0.0714285714285714,SAFE_TO_EXECUTE,0.3712323266408756
4507001991_00010,"3-way match, invoice before GR",2018-03-10 09:41:00+00:00,69152.0,R4_99_100,ood_test_r4,NOT_SAFE_TO_EXECUTE,ood_exposure,0.6276194196746719,0.4814814814814814,0.37238058032532806,0.5185185185185186,NOT_SAFE_TO_EXECUTE,0.9990102708804812
4507010149_00010,"3-way match, invoice before GR",2018-03-10 10:38:00+00:00,53541.0,R4_99_100,ood_test_r4,SAFE_TO_EXECUTE,ood_exposure,0.9099377364802436,0.9016736401673641,0.09006226351975644,0.09832635983263593,SAFE_TO_EXECUTE,0.46366771698440906
4507008703_00010,"3-way match, invoice before GR",2018-03-10 10:48:00+00:00,70494.0,R4_99_100,ood_test_r4,SAFE_TO_EXECUTE,ood_exposure,0.87994509045845,0.8608305274971941,0.12005490954154996,0.13916947250280587,SAFE_TO_EXECUTE,0.5820595955256006
4507004702_00010,"3-way match, invoice before GR",2018-03-12 09:15:00+00:00,52598.0,R4_99_100,ood_test_r4,NOT_SAFE_TO_EXECUTE,ood_exposure,0.938747539973207,0.9285714285714286,0.061252460026792965,0.0714285714285714,SAFE_TO_EXECUTE,0.3712323266408756
4507013371_00010,"3-way match, invoice after GR",2018-03-12 14:12:00+00:00,72947.0,R4_99_100,ood_test_r4,NOT_SAFE_TO_EXECUTE,ood_exposure,0.11518167915068672,0.41025641025641024,0.8848183208493132,0.5897435897435898,NOT_SAFE_TO_EXECUTE,0.9766349114440102
4507003965_00210,"3-way match, invoice after GR",2018-03-12 16:41:00+00:00,50196.0,R4_99_100,ood_test_r4,NOT_SAFE_TO_EXECUTE,ood_exposure,0.6137113621546108,0.4814814814814814,0.38628863784538925,0.5185185185185186,NOT_SAFE_TO_EXECUTE,0.9990102708804812
4507011244_00010,"3-way match, invoice before GR",2018-03-13 09:07:00+00:00,54143.0,R4_99_100,ood_test_r4,SAFE_TO_EXECUTE,ood_exposure,0.9086127772012962,0.9016736401673641,0.09138722279870382,0.09832635983263593,SAFE_TO_EXECUTE,0.46366771698440906
4507005720_00010,"3-way match, invoice after GR",2018-03-13 11:58:00+00:00,78025.0,R4_99_100,ood_test_r4,SAFE_TO_EXECUTE,ood_exposure,0.4384757024740622,0.41025641025641024,0.5615242975259378,0.5897435897435898,NOT_SAFE_TO_EXECUTE,0.9766349114440102
4507007814_00010,"3-way match, invoice after GR",2018-03-13 13:31:00+00:00,606217.0,R4_99_100,ood_test_r4,SAFE_TO_EXECUTE,ood_exposure,3.724482730617164e-05,0.0,0.9999627551726938,1.0,NOT_SAFE_TO_EXECUTE,5.1270463350027155e-14
4507009971_00010,"3-way match, invoice after GR",2018-03-14 13:03:00+00:00,167283.0,R4_99_100,ood_test_r4,NOT_SAFE_TO_EXECUTE,ood_exposure,0.35239813287261756,0.41025641025641024,0.6476018671273824,0.5897435897435898,NOT_SAFE_TO_EXECUTE,0.9766349114440102
4507004994_00010,"3-way match, invoice after GR",2018-03-14 15:56:00+00:00,103923.0,R4_99_100,ood_test_r4,SAFE_TO_EXECUTE,ood_exposure,0.1457427370457143,0.41025641025641024,0.8542572629542857,0.5897435897435898,NOT_SAFE_TO_EXECUTE,0.9766349114440102
4507009927_00010,"3-way match, invoice before GR",2018-03-14 16:25:00+00:00,54802.0,R4_99_100,ood_test_r4,SAFE_TO_EXECUTE,ood_exposure,0.9397821668238479,0.9285714285714286,0.06021783317615215,0.0714285714285714,SAFE_TO_EXECUTE,0.3712323266408756
4507003965_00170,"3-way match, invoice after GR",2018-03-15 15:06:00+00:00,77961.0,R4_99_100,ood_test_r4,NOT_SAFE_TO_EXECUTE,ood_exposure,0.43458153303004804,0.41025641025641024,0.565418466969952,0.5897435897435898,NOT_SAFE_TO_EXECUTE,0.9766349114440102
4507012068_00010,"3-way match, invoice before GR",2018-03-16 07:39:00+00:00,55126.0,R4_99_100,ood_test_r4,SAFE_TO_EXECUTE,ood_exposure,0.9085962432730038,0.9016736401673641,0.09140375672699619,0.09832635983263593,SAFE_TO_EXECUTE,0.46366771698440906
4507005430_00020,"3-way match, invoice before GR",2018-03-16 08:51:00+00:00,56741.0,R4_99_100,ood_test_r4,NOT_SAFE_TO_EXECUTE,ood_exposure,6.271337673020945e-05,0.0,0.9999372866232697,1.0,NOT_SAFE_TO_EXECUTE,5.1270463350027155e-14
4507004494_00010,"3-way match, invoice before GR",2018-03-16 12:37:00+00:00,127742.0,R4_99_100,ood_test_r4,NOT_SAFE_TO_EXECUTE,ood_exposure,0.26378393345490386,0.41025641025641024,0.7362160665450961,0.5897435897435898,NOT_SAFE_TO_EXECUTE,0.9766349114440102
4507014068_00010,"3-way match, invoice before GR",2018-03-16 12:47:00+00:00,67342.0,R4_99_100,ood_test_r4,NOT_SAFE_TO_EXECUTE,ood_exposure,8.048385822649282e-05,0.0,0.9999195161417735,1.0,NOT_SAFE_TO_EXECUTE,5.1270463350027155e-14
4507004688_00010,"3-way match, invoice before GR",2018-03-16 13:20:00+00:00,54746.0,R4_99_100,ood_test_r4,SAFE_TO_EXECUTE,ood_exposure,0.9094747331370419,0.9016736401673641,0.09052526686295814,0.09832635983263593,SAFE_TO_EXECUTE,0.46366771698440906
4507004488_00010,"3-way match, invoice before GR",2018-03-16 14:28:00+00:00,127742.0,R4_99_100,ood_test_r4,SAFE_TO_EXECUTE,ood_exposure,0.26649339741812955,0.41025641025641024,0.7335066025818704,0.5897435897435898,NOT_SAFE_TO_EXECUTE,0.9766349114440102
4507005406_00010,"3-way match, invoice before GR",2018-03-16 15:22:00+00:00,109493.0,R4_99_100,ood_test_r4,SAFE_TO_EXECUTE,ood_exposure,0.8717491576464679,0.8608305274971941,0.12825084235353212,0.13916947250280587,SAFE_TO_EXECUTE,0.5820595955256006
4507007118_00010,"3-way match, invoice before GR",2018-03-16 16:16:00+00:00,49363.0,R4_99_100,ood_test_r4,SAFE_TO_EXECUTE,ood_exposure,0.40829835014789245,0.41025641025641024,0.5917016498521075,0.5897435897435898,NOT_SAFE_TO_EXECUTE,0.9766349114440102
4507009588_00010,"3-way match, invoice before GR",2018-03-17 05:37:00+00:00,50662.0,R4_99_100,ood_test_r4,SAFE_TO_EXECUTE,ood_exposure,0.925318529092645,0.9016736401673641,0.074681470907355,0.09832635983263593,SAFE_TO_EXECUTE,0.46366771698440906
4507010302_00010,"3-way match, invoice before GR",2018-03-17 08:32:00+00:00,130700.0,R4_99_100,ood_test_r4,SAFE_TO_EXECUTE,ood_exposure,0.6863493759659784,0.6206896551724138,0.31365062403402155,0.3793103448275862,SAFE_TO_EXECUTE,0.9575534837147484
4507012395_00010,"3-way match, invoice before GR",2018-03-17 10:18:00+00:00,65835.0,R4_99_100,ood_test_r4,NOT_SAFE_TO_EXECUTE,ood_exposure,0.0001542863237648537,0.0,0.9998457136762351,1.0,NOT_SAFE_TO_EXECUTE,5.1270463350027155e-14
4507010779_00010,"3-way match, invoice before GR",2018-03-19 05:19:00+00:00,56752.0,R4_99_100,ood_test_r4,NOT_SAFE_TO_EXECUTE,ood_exposure,3.9774305987466195e-05,0.0,0.9999602256940125,1.0,NOT_SAFE_TO_EXECUTE,5.1270463350027155e-14
4507003739_00010,"3-way match, invoice after GR",2018-03-19 10:15:00+00:00,57834.0,R4_99_100,ood_test_r4,NOT_SAFE_TO_EXECUTE,ood_exposure,0.20381254076213456,0.41025641025641024,0.7961874592378655,0.5897435897435898,NOT_SAFE_TO_EXECUTE,0.9766349114440102
4507014114_00010,"3-way match, invoice before GR",2018-03-19 10:44:00+00:00,49806.0,R4_99_100,ood_test_r4,SAFE_TO_EXECUTE,ood_exposure,0.8992767984861788,0.8608305274971941,0.10072320151382119,0.13916947250280587,SAFE_TO_EXECUTE,0.5820595955256006
4507007582_00010,"3-way match, invoice before GR",2018-03-19 12:14:00+00:00,54369.0,R4_99_100,ood_test_r4,SAFE_TO_EXECUTE,ood_exposure,0.4775408658557236,0.41025641025641024,0.5224591341442764,0.5897435897435898,NOT_SAFE_TO_EXECUTE,0.9766349114440102
4507016586_00010,"3-way match, invoice before GR",2018-03-19 13:24:00+00:00,49806.0,R4_99_100,ood_test_r4,NOT_SAFE_TO_EXECUTE,ood_exposure,7.965957912936837e-05,0.0,0.9999203404208706,1.0,NOT_SAFE_TO_EXECUTE,5.1270463350027155e-14
4507007791_00020,"3-way match, invoice before GR",2018-03-19 16:39:00+00:00,56464.0,R4_99_100,ood_test_r4,SAFE_TO_EXECUTE,ood_exposure,0.848287805563079,0.8608305274971941,0.15171219443692097,0.13916947250280587,SAFE_TO_EXECUTE,0.5820595955256006
4507004422_00030,"3-way match, invoice after GR",2018-03-20 09:07:00+00:00,242487.0,R4_99_100,ood_test_r4,SAFE_TO_EXECUTE,ood_exposure,0.002566485749639697,0.0,0.9974335142503603,1.0,NOT_SAFE_TO_EXECUTE,5.1270463350027155e-14
4507010847_00010,"3-way match, invoice before GR",2018-03-20 12:50:00+00:00,57452.0,R4_99_100,ood_test_r4,SAFE_TO_EXECUTE,ood_exposure,0.548653767533329,0.4814814814814814,0.45134623246667105,0.5185185185185186,NOT_SAFE_TO_EXECUTE,0.9990102708804812
4507013043_00020,"3-way match, invoice before GR",2018-03-20 14:57:00+00:00,56464.0,R4_99_100,ood_test_r4,SAFE_TO_EXECUTE,ood_exposure,0.8551409856135311,0.8608305274971941,0.14485901438646887,0.13916947250280587,SAFE_TO_EXECUTE,0.5820595955256006
4507012555_00010,"3-way match, invoice before GR",2018-03-20 15:36:00+00:00,63219.0,R4_99_100,ood_test_r4,SAFE_TO_EXECUTE,ood_exposure,0.9142605568683335,0.9016736401673641,0.08573944313166648,0.09832635983263593,SAFE_TO_EXECUTE,0.46366771698440906
4507011477_00010,"3-way match, invoice before GR",2018-03-21 05:44:00+00:00,57439.0,R4_99_100,ood_test_r4,SAFE_TO_EXECUTE,ood_exposure,0.9386183378898648,0.9285714285714286,0.06138166211013518,0.0714285714285714,SAFE_TO_EXECUTE,0.3712323266408756
4507007114_00010,"3-way match, invoice after GR",2018-03-21 09:27:00+00:00,233826.0,R4_99_100,ood_test_r4,NOT_SAFE_TO_EXECUTE,ood_exposure,0.01081404645244417,0.41025641025641024,0.9891859535475558,0.5897435897435898,NOT_SAFE_TO_EXECUTE,0.9766349114440102
4507010927_00030,"3-way match, invoice before GR",2018-03-21 09:31:00+00:00,74876.0,R4_99_100,ood_test_r4,SAFE_TO_EXECUTE,ood_exposure,0.9644380564231473,0.9702325581395349,0.03556194357685272,0.029767441860465094,SAFE_TO_EXECUTE,0.19322424629252893
4507001860_00010,"3-way match, invoice before GR",2018-03-21 09:49:00+00:00,109493.0,R4_99_100,ood_test_r4,NOT_SAFE_TO_EXECUTE,ood_exposure,3.318021542238814e-05,0.0,0.9999668197845776,1.0,NOT_SAFE_TO_EXECUTE,5.1270463350027155e-14
4507001607_00030,"3-way match, invoice after GR",2018-03-21 10:03:00+00:00,207846.0,R4_99_100,ood_test_r4,SAFE_TO_EXECUTE,ood_exposure,0.01425789502941019,0.41025641025641024,0.9857421049705898,0.5897435897435898,NOT_SAFE_TO_EXECUTE,0.9766349114440102
4507007881_00010,"3-way match, invoice after GR",2018-03-21 10:07:00+00:00,601021.0,R4_99_100,ood_test_r4,NOT_SAFE_TO_EXECUTE,ood_exposure,6.567463804195477e-05,0.0,0.999934325361958,1.0,NOT_SAFE_TO_EXECUTE,5.1270463350027155e-14
4507000678_00010,"3-way match, invoice before GR",2018-03-21 10:11:00+00:00,109493.0,R4_99_100,ood_test_r4,NOT_SAFE_TO_EXECUTE,ood_exposure,1.1524954447596217e-05,0.0,0.9999884750455524,1.0,NOT_SAFE_TO_EXECUTE,5.1270463350027155e-14
4507004480_00010,"3-way match, invoice before GR",2018-03-21 13:36:00+00:00,127742.0,R4_99_100,ood_test_r4,SAFE_TO_EXECUTE,ood_exposure,0.2572550843709486,0.41025641025641024,0.7427449156290514,0.5897435897435898,NOT_SAFE_TO_EXECUTE,0.9766349114440102
4507011831_00010,"3-way match, invoice before GR",2018-03-22 08:34:00+00:00,53787.0,R4_99_100,ood_test_r4,SAFE_TO_EXECUTE,ood_exposure,0.7540207339541429,0.6842105263157895,0.24597926604585707,0.3157894736842105,SAFE_TO_EXECUTE,0.8997437586982626
4507004477_00010,"3-way match, invoice before GR",2018-03-22 09:32:00+00:00,127742.0,R4_99_100,ood_test_r4,NOT_SAFE_TO_EXECUTE,ood_exposure,0.28413862178678206,0.41025641025641024,0.7158613782132179,0.5897435897435898,NOT_SAFE_TO_EXECUTE,0.9766349114440102
4507003429_00010,"3-way match, invoice after GR",2018-03-22 10:28:00+00:00,128164.0,R4_99_100,ood_test_r4,NOT_SAFE_TO_EXECUTE,ood_exposure,0.09217878974214384,0.41025641025641024,0.9078212102578561,0.5897435897435898,NOT_SAFE_TO_EXECUTE,0.9766349114440102
4507003429_00020,"3-way match, invoice after GR",2018-03-22 10:29:00+00:00,323365.0,R4_99_100,ood_test_r4,NOT_SAFE_TO_EXECUTE,ood_exposure,0.0034662755864423743,0.25,0.9965337244135576,0.75,NOT_SAFE_TO_EXECUTE,0.8112781244591328
4507007996_00010,"3-way match, invoice before GR",2018-03-22 11:39:00+00:00,72292.0,R4_99_100,ood_test_r4,SAFE_TO_EXECUTE,ood_exposure,0.4553160512529559,0.41025641025641024,0.5446839487470441,0.5897435897435898,NOT_SAFE_TO_EXECUTE,0.9766349114440102
4507011439_00010,"3-way match, invoice before GR",2018-03-22 12:39:00+00:00,89373.0,R4_99_100,ood_test_r4,SAFE_TO_EXECUTE,ood_exposure,0.6730736513235073,0.5882352941176471,0.32692634867649273,0.4117647058823529,SAFE_TO_EXECUTE,0.9774178175281716
4507011744_00010,"3-way match, invoice before GR",2018-03-22 12:41:00+00:00,51615.0,R4_99_100,ood_test_r4,SAFE_TO_EXECUTE,ood_exposure,0.7964325004650872,0.688034188034188,0.20356749953491282,0.31196581196581197,SAFE_TO_EXECUTE,0.8954296333667611
4507011099_00010,"3-way match, invoice before GR",2018-03-22 15:15:00+00:00,59793.0,R4_99_100,ood_test_r4,SAFE_TO_EXECUTE,ood_exposure,0.8454453659735157,0.8608305274971941,0.15455463402648428,0.13916947250280587,SAFE_TO_EXECUTE,0.5820595955256006
4507009835_00010,"3-way match, invoice before GR",2018-03-22 15:17:00+00:00,57250.0,R4_99_100,ood_test_r4,SAFE_TO_EXECUTE,ood_exposure,0.9367370703532147,0.9285714285714286,0.06326292964678526,0.0714285714285714,SAFE_TO_EXECUTE,0.3712323266408756
4507011478_00010,"3-way match, invoice before GR",2018-03-22 15:20:00+00:00,57439.0,R4_99_100,ood_test_r4,NOT_SAFE_TO_EXECUTE,ood_exposure,0.9381616983864816,0.9285714285714286,0.06183830161351844,0.0714285714285714,SAFE_TO_EXECUTE,0.3712323266408756
4507005742_00010,"3-way match, invoice after GR",2018-03-22 15:31:00+00:00,69282.0,R4_99_100,ood_test_r4,NOT_SAFE_TO_EXECUTE,ood_exposure,0.03508533780565029,0.41025641025641024,0.9649146621943497,0.5897435897435898,NOT_SAFE_TO_EXECUTE,0.9766349114440102
4507004484_00010,"3-way match, invoice before GR",2018-03-23 12:28:00+00:00,127742.0,R4_99_100,ood_test_r4,SAFE_TO_EXECUTE,ood_exposure,0.26560162908404,0.41025641025641024,0.73439837091596,0.5897435897435898,NOT_SAFE_TO_EXECUTE,0.9766349114440102
4507012548_00010,"3-way match, invoice before GR",2018-03-23 13:48:00+00:00,54141.0,R4_99_100,ood_test_r4,NOT_SAFE_TO_EXECUTE,ood_exposure,0.8580012778865808,0.8608305274971941,0.14199872211341924,0.13916947250280587,SAFE_TO_EXECUTE,0.5820595955256006
4507011832_00010,"3-way match, invoice before GR",2018-03-23 15:49:00+00:00,53787.0,R4_99_100,ood_test_r4,SAFE_TO_EXECUTE,ood_exposure,0.7557941506661217,0.6842105263157895,0.24420584933387834,0.3157894736842105,SAFE_TO_EXECUTE,0.8997437586982626
4507014712_00010,"3-way match, invoice before GR",2018-03-24 07:06:00+00:00,51615.0,R4_99_100,ood_test_r4,NOT_SAFE_TO_EXECUTE,ood_exposure,3.525649382045397e-05,0.0,0.9999647435061796,1.0,NOT_SAFE_TO_EXECUTE,5.1270463350027155e-14
4507015317_00010,"3-way match, invoice before GR",2018-03-24 07:44:00+00:00,59741.0,R4_99_100,ood_test_r4,NOT_SAFE_TO_EXECUTE,ood_exposure,0.9503616730490089,0.9508196721311475,0.04963832695099113,0.049180327868852514,SAFE_TO_EXECUTE,0.28290479297989224
4507010328_00010,"3-way match, invoice before GR",2018-03-24 08:43:00+00:00,147934.0,R4_99_100,ood_test_r4,SAFE_TO_EXECUTE,ood_exposure,0.5411574729982724,0.4814814814814814,0.45884252700172756,0.5185185185185186,NOT_SAFE_TO_EXECUTE,0.9990102708804812
4507004478_00010,"3-way match, invoice before GR",2018-03-24 10:40:00+00:00,127742.0,R4_99_100,ood_test_r4,SAFE_TO_EXECUTE,ood_exposure,0.2542717392943588,0.41025641025641024,0.7457282607056412,0.5897435897435898,NOT_SAFE_TO_EXECUTE,0.9766349114440102
4507004475_00010,"3-way match, invoice before GR",2018-03-24 11:26:00+00:00,127742.0,R4_99_100,ood_test_r4,SAFE_TO_EXECUTE,ood_exposure,0.25481854172529483,0.41025641025641024,0.7451814582747052,0.5897435897435898,NOT_SAFE_TO_EXECUTE,0.9766349114440102
4507014963_00010,"3-way match, invoice before GR",2018-03-26 07:36:00+00:00,70494.0,R4_99_100,ood_test_r4,NOT_SAFE_TO_EXECUTE,ood_exposure,0.7075374180289822,0.6206896551724138,0.2924625819710178,0.3793103448275862,SAFE_TO_EXECUTE,0.9575534837147484
4507016829_00010,"3-way match, invoice before GR",2018-03-26 08:03:00+00:00,49833.0,R4_99_100,ood_test_r4,NOT_SAFE_TO_EXECUTE,ood_exposure,0.000245502446188734,0.0,0.9997544975538113,1.0,NOT_SAFE_TO_EXECUTE,5.1270463350027155e-14
4507010551_00010,"3-way match, invoice before GR",2018-03-26 08:16:00+00:00,54016.0,R4_99_100,ood_test_r4,SAFE_TO_EXECUTE,ood_exposure,0.47814371227413993,0.41025641025641024,0.5218562877258601,0.5897435897435898,NOT_SAFE_TO_EXECUTE,0.9766349114440102
4507010813_00010,"3-way match, invoice before GR",2018-03-26 08:17:00+00:00,57296.0,R4_99_100,ood_test_r4,NOT_SAFE_TO_EXECUTE,ood_exposure,3.770173997980436e-05,0.0,0.9999622982600201,1.0,NOT_SAFE_TO_EXECUTE,5.1270463350027155e-14
4507005639_00010,"3-way match, invoice after GR",2018-03-26 08:54:00+00:00,273046.0,R4_99_100,ood_test_r4,NOT_SAFE_TO_EXECUTE,ood_exposure,0.008678609516973338,0.3650428308024744,0.9913213904830267,0.6349571691975255,NOT_SAFE_TO_EXECUTE,0.9467896597942319
4507012638_00010,"3-way match, invoice after GR",2018-03-26 09:55:00+00:00,55709.0,R4_99_100,ood_test_r4,NOT_SAFE_TO_EXECUTE,ood_exposure,0.6099844474964382,0.4814814814814814,0.3900155525035618,0.5185185185185186,NOT_SAFE_TO_EXECUTE,0.9990102708804812
4507017236_00010,"3-way match, invoice before GR",2018-03-26 10:29:00+00:00,51268.0,R4_99_100,ood_test_r4,NOT_SAFE_TO_EXECUTE,ood_exposure,0.00014738025077681212,0.0,0.9998526197492232,1.0,NOT_SAFE_TO_EXECUTE,5.1270463350027155e-14
4507007023_00010,"3-way match, invoice before GR",2018-03-26 10:57:00+00:00,85464.0,R4_99_100,ood_test_r4,SAFE_TO_EXECUTE,ood_exposure,0.5844106248912732,0.4814814814814814,0.41558937510872684,0.5185185185185186,NOT_SAFE_TO_EXECUTE,0.9990102708804812
2000000214_00001,"3-way match, invoice after GR",2018-03-26 12:08:00+00:00,161214.0,R4_99_100,ood_test_r4,SAFE_TO_EXECUTE,ood_exposure,0.975836390196948,0.9771607702642185,0.02416360980305199,0.022839229735781452,SAFE_TO_EXECUTE,0.15709816484233138
4507015685_00010,"3-way match, invoice before GR",2018-03-26 13:49:00+00:00,67896.0,R4_99_100,ood_test_r4,SAFE_TO_EXECUTE,ood_exposure,0.9116362127314718,0.9016736401673641,0.08836378726852823,0.09832635983263593,SAFE_TO_EXECUTE,0.46366771698440906
4507009731_00010,"3-way match, invoice before GR",2018-03-26 14:33:00+00:00,70494.0,R4_99_100,ood_test_r4,NOT_SAFE_TO_EXECUTE,ood_exposure,0.6865234693533384,0.6206896551724138,0.3134765306466616,0.3793103448275862,SAFE_TO_EXECUTE,0.9575534837147484
4507009903_00010,"3-way match, invoice before GR",2018-03-26 14:41:00+00:00,68298.0,R4_99_100,ood_test_r4,NOT_SAFE_TO_EXECUTE,ood_exposure,0.8502298640344822,0.8608305274971941,0.1497701359655178,0.13916947250280587,SAFE_TO_EXECUTE,0.5820595955256006
4507005436_00010,"3-way match, invoice before GR",2018-03-26 15:23:00+00:00,107955.0,R4_99_100,ood_test_r4,SAFE_TO_EXECUTE,ood_exposure,0.6105791470398527,0.4814814814814814,0.3894208529601473,0.5185185185185186,NOT_SAFE_TO_EXECUTE,0.9990102708804812
2000000017_00001,"3-way match, invoice after GR",2018-03-26 16:04:00+00:00,372390.0,R4_99_100,ood_test_r4,NOT_SAFE_TO_EXECUTE,ood_exposure,0.090108304427897,0.41025641025641024,0.909891695572103,0.5897435897435898,NOT_SAFE_TO_EXECUTE,0.9766349114440102
2000013445_00001,"3-way match, invoice after GR",2018-03-27 09:08:00+00:00,49363.0,R4_99_100,ood_test_r4,SAFE_TO_EXECUTE,ood_exposure,0.9593966321278772,0.9556004036326943,0.04060336787212282,0.04439959636730573,SAFE_TO_EXECUTE,0.262112675977001
4507014404_00010,"3-way match, invoice before GR",2018-03-27 09:57:00+00:00,56912.0,R4_99_100,ood_test_r4,NOT_SAFE_TO_EXECUTE,ood_exposure,0.9412478738322028,0.9285714285714286,0.058752126167797236,0.0714285714285714,SAFE_TO_EXECUTE,0.3712323266408756
4507011475_00010,"3-way match, invoice before GR",2018-03-27 10:00:00+00:00,57439.0,R4_99_100,ood_test_r4,NOT_SAFE_TO_EXECUTE,ood_exposure,0.936385607525896,0.9285714285714286,0.06361439247410405,0.0714285714285714,SAFE_TO_EXECUTE,0.3712323266408756
4507011822_00010,"3-way match, invoice before GR",2018-03-27 10:16:00+00:00,79154.0,R4_99_100,ood_test_r4,SAFE_TO_EXECUTE,ood_exposure,0.6493190427192678,0.4814814814814814,0.35068095728073223,0.5185185185185186,NOT_SAFE_TO_EXECUTE,0.9990102708804812
4507006539_00010,"3-way match, invoice before GR",2018-03-27 10:55:00+00:00,53442.0,R4_99_100,ood_test_r4,NOT_SAFE_TO_EXECUTE,ood_exposure,0.8060233449657499,0.688034188034188,0.1939766550342501,0.31196581196581197,SAFE_TO_EXECUTE,0.8954296333667611
4507004434_00010,"3-way match, invoice after GR",2018-03-28 08:38:00+00:00,51961.0,R4_99_100,ood_test_r4,SAFE_TO_EXECUTE,ood_exposure,0.5169911086064537,0.4814814814814814,0.4830088913935463,0.5185185185185186,NOT_SAFE_TO_EXECUTE,0.9990102708804812
4507004489_00010,"3-way match, invoice before GR",2018-03-28 10:42:00+00:00,127742.0,R4_99_100,ood_test_r4,NOT_SAFE_TO_EXECUTE,ood_exposure,0.24903132411034606,0.41025641025641024,0.7509686758896539,0.5897435897435898,NOT_SAFE_TO_EXECUTE,0.9766349114440102
4507005149_00010,"3-way match, invoice before GR",2018-03-28 10:43:00+00:00,109493.0,R4_99_100,ood_test_r4,SAFE_TO_EXECUTE,ood_exposure,0.5934407294619055,0.4814814814814814,0.4065592705380945,0.5185185185185186,NOT_SAFE_TO_EXECUTE,0.9990102708804812
2000000220_00001,"3-way match, invoice after GR",2018-03-28 10:53:00+00:00,69903.0,R4_99_100,ood_test_r4,SAFE_TO_EXECUTE,ood_exposure,0.9943107835431811,0.9901960784313726,0.0056892164568188575,0.009803921568627416,SAFE_TO_EXECUTE,0.07949044238393389
4507004133_00010,"3-way match, invoice before GR",2018-03-28 13:12:00+00:00,59859.0,R4_99_100,ood_test_r4,SAFE_TO_EXECUTE,ood_exposure,0.8921537636482753,0.8608305274971941,0.10784623635172474,0.13916947250280587,SAFE_TO_EXECUTE,0.5820595955256006
4507004495_00010,"3-way match, invoice before GR",2018-03-28 14:55:00+00:00,127742.0,R4_99_100,ood_test_r4,SAFE_TO_EXECUTE,ood_exposure,0.24888839173013777,0.41025641025641024,0.7511116082698622,0.5897435897435898,NOT_SAFE_TO_EXECUTE,0.9766349114440102
4507004119_00010,"3-way match, invoice before GR",2018-03-28 14:57:00+00:00,54746.0,R4_99_100,ood_test_r4,NOT_SAFE_TO_EXECUTE,ood_exposure,9.525549822810678e-06,0.0,0.9999904744501772,1.0,NOT_SAFE_TO_EXECUTE,5.1270463350027155e-14
4507015718_00010,"3-way match, invoice before GR",2018-03-29 08:18:00+00:00,54412.0,R4_99_100,ood_test_r4,NOT_SAFE_TO_EXECUTE,ood_exposure,0.9118152177201928,0.9016736401673641,0.0881847822798072,0.09832635983263593,SAFE_TO_EXECUTE,0.46366771698440906
4507015607_00010,"3-way match, invoice before GR",2018-03-29 10:06:00+00:00,56909.0,R4_99_100,ood_test_r4,NOT_SAFE_TO_EXECUTE,ood_exposure,0.941811777985613,0.9285714285714286,0.058188222014387,0.0714285714285714,SAFE_TO_EXECUTE,0.3712323266408756
4507009157_00190,"3-way match, invoice before GR",2018-03-29 13:29:00+00:00,58943.0,R4_99_100,ood_test_r4,SAFE_TO_EXECUTE,ood_exposure,0.8545034292281736,0.8608305274971941,0.14549657077182643,0.13916947250280587,SAFE_TO_EXECUTE,0.5820595955256006
4507013710_00010,"3-way match, invoice before GR",2018-03-29 13:51:00+00:00,59908.0,R4_99_100,ood_test_r4,SAFE_TO_EXECUTE,ood_exposure,0.4598837480607031,0.41025641025641024,0.5401162519392969,0.5897435897435898,NOT_SAFE_TO_EXECUTE,0.9766349114440102
4507013220_00010,"3-way match, invoice before GR",2018-03-29 13:52:00+00:00,89373.0,R4_99_100,ood_test_r4,SAFE_TO_EXECUTE,ood_exposure,0.6707101357196399,0.5882352941176471,0.3292898642803601,0.4117647058823529,SAFE_TO_EXECUTE,0.9774178175281716
4507010120_00010,"3-way match, invoice before GR",2018-03-29 14:03:00+00:00,58799.0,R4_99_100,ood_test_r4,SAFE_TO_EXECUTE,ood_exposure,0.9578612747619938,0.9556004036326943,0.042138725238006214,0.04439959636730573,SAFE_TO_EXECUTE,0.262112675977001
4507003712_00070,"3-way match, invoice before GR",2018-03-29 14:58:00+00:00,49741.0,R4_99_100,ood_test_r4,SAFE_TO_EXECUTE,ood_exposure,0.6220329937818544,0.4814814814814814,0.3779670062181456,0.5185185185185186,NOT_SAFE_TO_EXECUTE,0.9990102708804812
4507004486_00010,"3-way match, invoice before GR",2018-03-29 16:10:00+00:00,129293.0,R4_99_100,ood_test_r4,SAFE_TO_EXECUTE,ood_exposure,0.1618926812397133,0.41025641025641024,0.8381073187602868,0.5897435897435898,NOT_SAFE_TO_EXECUTE,0.9766349114440102
4507016372_00010,"3-way match, invoice before GR",2018-03-30 06:41:00+00:00,56752.0,R4_99_100,ood_test_r4,NOT_SAFE_TO_EXECUTE,ood_exposure,4.292328079010404e-05,0.0,0.9999570767192099,1.0,NOT_SAFE_TO_EXECUTE,5.1270463350027155e-14
4507013709_00010,"3-way match, invoice before GR",2018-03-30 08:24:00+00:00,50350.0,R4_99_100,ood_test_r4,SAFE_TO_EXECUTE,ood_exposure,0.35699476036075434,0.41025641025641024,0.6430052396392456,0.5897435897435898,NOT_SAFE_TO_EXECUTE,0.9766349114440102
4507015917_00010,"3-way match, invoice before GR",2018-03-30 08:29:00+00:00,185849.0,R4_99_100,ood_test_r4,NOT_SAFE_TO_EXECUTE,ood_exposure,1.782475934623373e-05,0.0,0.9999821752406538,1.0,NOT_SAFE_TO_EXECUTE,5.1270463350027155e-14
4507017688_00010,"3-way match, invoice before GR",2018-03-30 10:39:00+00:00,51175.0,R4_99_100,ood_test_r4,SAFE_TO_EXECUTE,ood_exposure,0.6784818312592843,0.6206896551724138,0.3215181687407157,0.3793103448275862,SAFE_TO_EXECUTE,0.9575534837147484
4507009510_00010,"3-way match, invoice before GR",2018-03-30 11:26:00+00:00,75655.0,R4_99_100,ood_test_r4,NOT_SAFE_TO_EXECUTE,ood_exposure,4.7084305841656497e-05,0.0,0.9999529156941583,1.0,NOT_SAFE_TO_EXECUTE,5.1270463350027155e-14
4507007117_00010,"3-way match, invoice after GR",2018-03-30 11:34:00+00:00,138564.0,R4_99_100,ood_test_r4,NOT_SAFE_TO_EXECUTE,ood_exposure,0.0834807430453582,0.41025641025641024,0.9165192569546418,0.5897435897435898,NOT_SAFE_TO_EXECUTE,0.9766349114440102
4507002887_00010,"3-way match, invoice before GR",2018-03-30 11:53:00+00:00,57746.0,R4_99_100,ood_test_r4,SAFE_TO_EXECUTE,ood_exposure,0.8613922509484633,0.8608305274971941,0.13860774905153672,0.13916947250280587,SAFE_TO_EXECUTE,0.5820595955256006
4507016993_00010,"3-way match, invoice before GR",2018-03-30 14:08:00+00:00,49784.0,R4_99_100,ood_test_r4,NOT_SAFE_TO_EXECUTE,ood_exposure,0.00011405946397794749,0.0,0.9998859405360221,1.0,NOT_SAFE_TO_EXECUTE,5.1270463350027155e-14
4507010239_00010,"3-way match, invoice before GR",2018-03-30 14:19:00+00:00,148090.0,R4_99_100,ood_test_r4,SAFE_TO_EXECUTE,ood_exposure,0.2473898045125912,0.41025641025641024,0.7526101954874088,0.5897435897435898,NOT_SAFE_TO_EXECUTE,0.9766349114440102
4507005904_00010,"3-way match, invoice before GR",2018-03-30 15:11:00+00:00,62349.0,R4_99_100,ood_test_r4,SAFE_TO_EXECUTE,ood_exposure,0.8886225771170089,0.8608305274971941,0.11137742288299113,0.13916947250280587,SAFE_TO_EXECUTE,0.5820595955256006
4507017730_00010,"3-way match, invoice before GR",2018-03-30 15:24:00+00:00,56741.0,R4_99_100,ood_test_r4,NOT_SAFE_TO_EXECUTE,ood_exposure,8.953279873474105e-05,0.0,0.9999104672012653,1.0,NOT_SAFE_TO_EXECUTE,5.1270463350027155e-14
4507017674_00010,"3-way match, invoice before GR",2018-04-03 04:30:00+00:00,56501.0,R4_99_100,ood_test_r4,NOT_SAFE_TO_EXECUTE,ood_exposure,0.9428233265536785,0.9285714285714286,0.05717667344632149,0.0714285714285714,SAFE_TO_EXECUTE,0.3712323266408756
4507015597_00010,"3-way match, invoice before GR",2018-04-03 08:07:00+00:00,56909.0,R4_99_100,ood_test_r4,NOT_SAFE_TO_EXECUTE,ood_exposure,0.941768738712033,0.9285714285714286,0.05823126128796696,0.0714285714285714,SAFE_TO_EXECUTE,0.3712323266408756
4507016630_00010,"3-way match, invoice before GR",2018-04-03 08:09:00+00:00,56776.0,R4_99_100,ood_test_r4,NOT_SAFE_TO_EXECUTE,ood_exposure,0.9424811125438756,0.9285714285714286,0.057518887456124435,0.0714285714285714,SAFE_TO_EXECUTE,0.3712323266408756
4507017329_00010,"3-way match, invoice before GR",2018-04-03 08:18:00+00:00,56618.0,R4_99_100,ood_test_r4,NOT_SAFE_TO_EXECUTE,ood_exposure,0.9429518411113177,0.9285714285714286,0.05704815888868231,0.0714285714285714,SAFE_TO_EXECUTE,0.3712323266408756
4507017330_00010,"3-way match, invoice before GR",2018-04-03 08:21:00+00:00,56618.0,R4_99_100,ood_test_r4,NOT_SAFE_TO_EXECUTE,ood_exposure,0.9428192368919489,0.9285714285714286,0.05718076310805109,0.0714285714285714,SAFE_TO_EXECUTE,0.3712323266408756
4507004481_00010,"3-way match, invoice before GR",2018-04-03 10:19:00+00:00,127742.0,R4_99_100,ood_test_r4,SAFE_TO_EXECUTE,ood_exposure,0.24357006521121025,0.41025641025641024,0.7564299347887897,0.5897435897435898,NOT_SAFE_TO_EXECUTE,0.9766349114440102
2000000120_00001,"3-way match, invoice after GR",2018-04-03 12:59:00+00:00,54319.0,R4_99_100,ood_test_r4,SAFE_TO_EXECUTE,ood_exposure,0.9817254748191488,0.984023475709162,0.018274525180851153,0.015976524290837957,SAFE_TO_EXECUTE,0.118210481403578
2000000122_00001,"3-way match, invoice after GR",2018-04-03 14:15:00+00:00,52537.0,R4_99_100,ood_test_r4,NOT_SAFE_TO_EXECUTE,ood_exposure,0.6806774499680518,0.6206896551724138,0.3193225500319482,0.3793103448275862,SAFE_TO_EXECUTE,0.9575534837147484
4507016616_00010,"3-way match, invoice before GR",2018-04-04 07:28:00+00:00,56752.0,R4_99_100,ood_test_r4,NOT_SAFE_TO_EXECUTE,ood_exposure,4.182041491245703e-05,0.0,0.9999581795850876,1.0,NOT_SAFE_TO_EXECUTE,5.1270463350027155e-14
4507004422_00040,"3-way match, invoice after GR",2018-04-04 09:25:00+00:00,138564.0,R4_99_100,ood_test_r4,SAFE_TO_EXECUTE,ood_exposure,0.01392728187478183,0.41025641025641024,0.9860727181252181,0.5897435897435898,NOT_SAFE_TO_EXECUTE,0.9766349114440102
4507016950_00010,"3-way match, invoice after GR",2018-04-04 09:59:00+00:00,190525.0,R4_99_100,ood_test_r4,NOT_SAFE_TO_EXECUTE,ood_exposure,0.004459806293681468,0.2565735172703171,0.9955401937063185,0.7434264827296829,NOT_SAFE_TO_EXECUTE,0.8215316182349509
4507003573_00010,"3-way match, invoice before GR",2018-04-05 12:55:00+00:00,63932.0,R4_99_100,ood_test_r4,SAFE_TO_EXECUTE,ood_exposure,0.9611196256915774,0.9702325581395349,0.038880374308422616,0.029767441860465094,SAFE_TO_EXECUTE,0.19322424629252893
4507004482_00010,"3-way match, invoice before GR",2018-04-05 14:37:00+00:00,127742.0,R4_99_100,ood_test_r4,SAFE_TO_EXECUTE,ood_exposure,0.23960237890856081,0.41025641025641024,0.7603976210914392,0.5897435897435898,NOT_SAFE_TO_EXECUTE,0.9766349114440102
4507017242_00010,"3-way match, invoice before GR",2018-04-05 14:54:00+00:00,89373.0,R4_99_100,ood_test_r4,NOT_SAFE_TO_EXECUTE,ood_exposure,1.0248323450400526e-06,0.0,0.999998975167655,1.0,NOT_SAFE_TO_EXECUTE,5.1270463350027155e-14
4507020649_00010,"3-way match, invoice after GR",2018-04-05 15:30:00+00:00,59569.0,R4_99_100,ood_test_r4,SAFE_TO_EXECUTE,ood_exposure,0.8618307920058487,0.8608305274971941,0.13816920799415133,0.13916947250280587,SAFE_TO_EXECUTE,0.5820595955256006
4507016827_00010,"3-way match, invoice before GR",2018-04-05 15:57:00+00:00,87794.0,R4_99_100,ood_test_r4,NOT_SAFE_TO_EXECUTE,ood_exposure,0.0001218860033633035,0.0,0.9998781139966367,1.0,NOT_SAFE_TO_EXECUTE,5.1270463350027155e-14
4507016947_00010,"3-way match, invoice after GR",2018-04-06 09:11:00+00:00,294448.0,R4_99_100,ood_test_r4,NOT_SAFE_TO_EXECUTE,ood_exposure,7.970676213694023e-05,0.0,0.999920293237863,1.0,NOT_SAFE_TO_EXECUTE,5.1270463350027155e-14
4507014227_00040,"3-way match, invoice before GR",2018-04-06 11:07:00+00:00,66471.0,R4_99_100,ood_test_r4,SAFE_TO_EXECUTE,ood_exposure,0.8714641394138918,0.8608305274971941,0.12853586058610822,0.13916947250280587,SAFE_TO_EXECUTE,0.5820595955256006
4507011990_00010,"3-way match, invoice before GR",2018-04-06 15:36:00+00:00,125159.0,R4_99_100,ood_test_r4,SAFE_TO_EXECUTE,ood_exposure,0.7365279729928529,0.6206896551724138,0.2634720270071471,0.3793103448275862,SAFE_TO_EXECUTE,0.9575534837147484
4507004396_00030,"3-way match, invoice after GR",2018-04-09 10:04:00+00:00,363730.0,R4_99_100,ood_test_r4,SAFE_TO_EXECUTE,ood_exposure,0.999999993642964,1.0,6.3570360087084055e-09,0.0,SAFE_TO_EXECUTE,5.123178885069411e-14
4507019076_00010,"3-way match, invoice before GR",2018-04-11 08:12:00+00:00,63658.0,R4_99_100,ood_test_r4,SAFE_TO_EXECUTE,ood_exposure,0.9152415904348399,0.9016736401673641,0.08475840956516012,0.09832635983263593,SAFE_TO_EXECUTE,0.46366771698440906
4507019464_00010,"3-way match, invoice before GR",2018-04-11 08:21:00+00:00,53506.0,R4_99_100,ood_test_r4,NOT_SAFE_TO_EXECUTE,ood_exposure,2.2007106948610576e-05,0.0,0.9999779928930513,1.0,NOT_SAFE_TO_EXECUTE,5.1270463350027155e-14
4507017031_00010,"3-way match, invoice before GR",2018-04-11 08:26:00+00:00,60545.0,R4_99_100,ood_test_r4,NOT_SAFE_TO_EXECUTE,ood_exposure,2.57554566373053e-05,0.0,0.9999742445433627,1.0,NOT_SAFE_TO_EXECUTE,5.1270463350027155e-14
4507014963_00020,"3-way match, invoice before GR",2018-04-11 10:00:00+00:00,70494.0,R4_99_100,ood_test_r4,SAFE_TO_EXECUTE,ood_exposure,0.876146848633613,0.8608305274971941,0.12385315136638697,0.13916947250280587,SAFE_TO_EXECUTE,0.5820595955256006
4507018933_00030,"3-way match, invoice before GR",2018-04-11 11:45:00+00:00,70565.0,R4_99_100,ood_test_r4,NOT_SAFE_TO_EXECUTE,ood_exposure,2.578816307006918e-05,0.0,0.9999742118369299,1.0,NOT_SAFE_TO_EXECUTE,5.1270463350027155e-14
4507011160_00010,"3-way match, invoice before GR",2018-04-11 12:08:00+00:00,127742.0,R4_99_100,ood_test_r4,SAFE_TO_EXECUTE,ood_exposure,0.5409246623506992,0.4814814814814814,0.45907533764930075,0.5185185185185186,NOT_SAFE_TO_EXECUTE,0.9990102708804812
4507017382_00010,"3-way match, invoice before GR",2018-04-11 12:46:00+00:00,58117.0,R4_99_100,ood_test_r4,SAFE_TO_EXECUTE,ood_exposure,0.870923778624414,0.8608305274971941,0.12907622137558605,0.13916947250280587,SAFE_TO_EXECUTE,0.5820595955256006
4507017604_00010,"3-way match, invoice before GR",2018-04-11 13:56:00+00:00,80692.0,R4_99_100,ood_test_r4,SAFE_TO_EXECUTE,ood_exposure,0.9141470149137833,0.9016736401673641,0.08585298508621675,0.09832635983263593,SAFE_TO_EXECUTE,0.46366771698440906
4507020377_00010,"3-way match, invoice before GR",2018-04-11 14:06:00+00:00,49503.0,R4_99_100,ood_test_r4,SAFE_TO_EXECUTE,ood_exposure,0.7848994029875151,0.688034188034188,0.21510059701248485,0.31196581196581197,SAFE_TO_EXECUTE,0.8954296333667611
4507017963_00010,"3-way match, invoice before GR",2018-04-11 14:30:00+00:00,56752.0,R4_99_100,ood_test_r4,SAFE_TO_EXECUTE,ood_exposure,0.828956765330697,0.688034188034188,0.17104323466930305,0.31196581196581197,SAFE_TO_EXECUTE,0.8954296333667611
4507016526_00010,"3-way match, invoice before GR",2018-04-11 14:37:00+00:00,51615.0,R4_99_100,ood_test_r4,SAFE_TO_EXECUTE,ood_exposure,0.7954200323064627,0.688034188034188,0.20457996769353726,0.31196581196581197,SAFE_TO_EXECUTE,0.8954296333667611
2000000011_00001,"3-way match, invoice after GR",2018-04-11 14:45:00+00:00,112583.0,R4_99_100,ood_test_r4,SAFE_TO_EXECUTE,ood_exposure,0.9613124269877413,0.9702325581395349,0.03868757301225867,0.029767441860465094,SAFE_TO_EXECUTE,0.19322424629252893
4507011266_00010,"3-way match, invoice before GR",2018-04-12 09:39:00+00:00,127742.0,R4_99_100,ood_test_r4,SAFE_TO_EXECUTE,ood_exposure,0.537659072124345,0.4814814814814814,0.46234092787565495,0.5185185185185186,NOT_SAFE_TO_EXECUTE,0.9990102708804812
2000013423_00001,"3-way match, invoice after GR",2018-04-12 13:09:00+00:00,342656.0,R4_99_100,ood_test_r4,NOT_SAFE_TO_EXECUTE,ood_exposure,0.3477504160766882,0.41025641025641024,0.6522495839233118,0.5897435897435898,NOT_SAFE_TO_EXECUTE,0.9766349114440102
2000000182_00001,"3-way match, invoice after GR",2018-04-12 13:10:00+00:00,165085.0,R4_99_100,ood_test_r4,SAFE_TO_EXECUTE,ood_exposure,0.9691835817265732,0.9771607702642185,0.03081641827342685,0.022839229735781452,SAFE_TO_EXECUTE,0.15709816484233138
4507018950_00010,"3-way match, invoice before GR",2018-04-12 13:18:00+00:00,75655.0,R4_99_100,ood_test_r4,SAFE_TO_EXECUTE,ood_exposure,0.8177157629201478,0.688034188034188,0.1822842370798522,0.31196581196581197,SAFE_TO_EXECUTE,0.8954296333667611
4507012480_00010,"3-way match, invoice before GR",2018-04-12 15:21:00+00:00,109493.0,R4_99_100,ood_test_r4,NOT_SAFE_TO_EXECUTE,ood_exposure,6.309739682304877e-05,0.0,0.9999369026031769,1.0,NOT_SAFE_TO_EXECUTE,5.1270463350027155e-14
4507011267_00010,"3-way match, invoice before GR",2018-04-12 15:24:00+00:00,127742.0,R4_99_100,ood_test_r4,SAFE_TO_EXECUTE,ood_exposure,0.5365474916943539,0.4814814814814814,0.4634525083056461,0.5185185185185186,NOT_SAFE_TO_EXECUTE,0.9990102708804812
4507019316_00010,"3-way match, invoice before GR",2018-04-13 09:29:00+00:00,60188.0,R4_99_100,ood_test_r4,NOT_SAFE_TO_EXECUTE,ood_exposure,7.850877153809046e-05,0.0,0.9999214912284619,1.0,NOT_SAFE_TO_EXECUTE,5.1270463350027155e-14
4507017965_00010,"3-way match, invoice before GR",2018-04-13 09:40:00+00:00,56066.0,R4_99_100,ood_test_r4,NOT_SAFE_TO_EXECUTE,ood_exposure,4.1486425675129465e-05,0.0,0.9999585135743249,1.0,NOT_SAFE_TO_EXECUTE,5.1270463350027155e-14
4507019491_00010,"3-way match, invoice before GR",2018-04-13 09:51:00+00:00,54282.0,R4_99_100,ood_test_r4,SAFE_TO_EXECUTE,ood_exposure,0.7624636368972133,0.688034188034188,0.2375363631027867,0.31196581196581197,SAFE_TO_EXECUTE,0.8954296333667611
4507017266_00110,"3-way match, invoice before GR",2018-04-13 10:33:00+00:00,66683.0,R4_99_100,ood_test_r4,SAFE_TO_EXECUTE,ood_exposure,0.5873976114615775,0.4814814814814814,0.41260238853842246,0.5185185185185186,NOT_SAFE_TO_EXECUTE,0.9990102708804812
4507002016_00010,"3-way match, invoice before GR",2018-04-13 12:55:00+00:00,208961.0,R4_99_100,ood_test_r4,SAFE_TO_EXECUTE,ood_exposure,0.054446757932387034,0.41025641025641024,0.9455532420676129,0.5897435897435898,NOT_SAFE_TO_EXECUTE,0.9766349114440102
4507018323_00010,"3-way match, invoice before GR",2018-04-13 15:02:00+00:00,52158.0,R4_99_100,ood_test_r4,NOT_SAFE_TO_EXECUTE,ood_exposure,0.0003434083084576658,0.0,0.9996565916915423,1.0,NOT_SAFE_TO_EXECUTE,5.1270463350027155e-14
4507018575_00010,"3-way match, invoice before GR",2018-04-16 04:29:00+00:00,50132.0,R4_99_100,ood_test_r4,SAFE_TO_EXECUTE,ood_exposure,0.9411909008354045,0.9285714285714286,0.058809099164595535,0.0714285714285714,SAFE_TO_EXECUTE,0.3712323266408756
4507016824_00010,"3-way match, invoice before GR",2018-04-16 07:42:00+00:00,52598.0,R4_99_100,ood_test_r4,SAFE_TO_EXECUTE,ood_exposure,0.940681480170202,0.9285714285714286,0.05931851982979797,0.0714285714285714,SAFE_TO_EXECUTE,0.3712323266408756
4507018225_00010,"3-way match, invoice before GR",2018-04-16 07:58:00+00:00,51268.0,R4_99_100,ood_test_r4,NOT_SAFE_TO_EXECUTE,ood_exposure,0.76015030773806,0.688034188034188,0.23984969226193997,0.31196581196581197,SAFE_TO_EXECUTE,0.8954296333667611
4507021324_00010,"3-way match, invoice after GR",2018-04-16 08:24:00+00:00,59577.0,R4_99_100,ood_test_r4,SAFE_TO_EXECUTE,ood_exposure,0.6508097383360223,0.4814814814814814,0.3491902616639777,0.5185185185185186,NOT_SAFE_TO_EXECUTE,0.9990102708804812
4507009595_00010,"3-way match, invoice before GR",2018-04-16 08:43:00+00:00,82119.0,R4_99_100,ood_test_r4,NOT_SAFE_TO_EXECUTE,ood_exposure,5.072715708596878e-05,0.0,0.999949272842914,1.0,NOT_SAFE_TO_EXECUTE,5.1270463350027155e-14
4507011269_00010,"3-way match, invoice before GR",2018-04-16 08:53:00+00:00,127742.0,R4_99_100,ood_test_r4,SAFE_TO_EXECUTE,ood_exposure,0.532046063970093,0.4814814814814814,0.467953936029907,0.5185185185185186,NOT_SAFE_TO_EXECUTE,0.9990102708804812
4507018123_00010,"3-way match, invoice before GR",2018-04-16 09:58:00+00:00,179977.0,R4_99_100,ood_test_r4,NOT_SAFE_TO_EXECUTE,ood_exposure,9.560368415732486e-06,0.0,0.9999904396315843,1.0,NOT_SAFE_TO_EXECUTE,5.1270463350027155e-14
4507001269_00010,"3-way match, invoice after GR",2018-04-16 10:10:00+00:00,3117691.0,R4_99_100,ood_test_r4,NOT_SAFE_TO_EXECUTE,ood_exposure,3.0682207176828476e-26,0.0,1.0,1.0,NOT_SAFE_TO_EXECUTE,5.1270463350027155e-14
4507017311_00010,"3-way match, invoice before GR",2018-04-16 12:36:00+00:00,49605.0,R4_99_100,ood_test_r4,NOT_SAFE_TO_EXECUTE,ood_exposure,4.4342041920163416e-05,0.0,0.9999556579580798,1.0,NOT_SAFE_TO_EXECUTE,5.1270463350027155e-14
4507013315_00010,"3-way match, invoice before GR",2018-04-17 12:36:00+00:00,52692.0,R4_99_100,ood_test_r4,SAFE_TO_EXECUTE,ood_exposure,0.9487229282839209,0.9508196721311475,0.05127707171607909,0.049180327868852514,SAFE_TO_EXECUTE,0.28290479297989224
4507005000_00010,"3-way match, invoice after GR",2018-04-17 15:04:00+00:00,69282.0,R4_99_100,ood_test_r4,SAFE_TO_EXECUTE,ood_exposure,0.07097053691298788,0.41025641025641024,0.9290294630870122,0.5897435897435898,NOT_SAFE_TO_EXECUTE,0.9766349114440102
4507008905_00160,"3-way match, invoice before GR",2018-04-18 08:20:00+00:00,51274.0,R4_99_100,ood_test_r4,NOT_SAFE_TO_EXECUTE,ood_exposure,0.8326399034237149,0.688034188034188,0.16736009657628514,0.31196581196581197,SAFE_TO_EXECUTE,0.8954296333667611
4507002116_00010,"3-way match, invoice after GR",2018-04-18 11:10:00+00:00,98467.0,R4_99_100,ood_test_r4,SAFE_TO_EXECUTE,ood_exposure,0.7573916781502084,0.688034188034188,0.24260832184979164,0.31196581196581197,SAFE_TO_EXECUTE,0.8954296333667611
4507018560_00010,"3-way match, invoice before GR",2018-04-18 14:53:00+00:00,51615.0,R4_99_100,ood_test_r4,NOT_SAFE_TO_EXECUTE,ood_exposure,0.7956767778065714,0.688034188034188,0.20432322219342858,0.31196581196581197,SAFE_TO_EXECUTE,0.8954296333667611
4507020297_00010,"3-way match, invoice before GR",2018-04-18 15:09:00+00:00,67723.0,R4_99_100,ood_test_r4,NOT_SAFE_TO_EXECUTE,ood_exposure,0.9304155219000328,0.9016736401673641,0.06958447809996715,0.09832635983263593,SAFE_TO_EXECUTE,0.46366771698440906
4507020692_00010,"3-way match, invoice before GR",2018-04-18 15:17:00+00:00,59741.0,R4_99_100,ood_test_r4,NOT_SAFE_TO_EXECUTE,ood_exposure,9.645763797635739e-05,0.0,0.9999035423620236,1.0,NOT_SAFE_TO_EXECUTE,5.1270463350027155e-14
4507019197_00010,"3-way match, invoice before GR",2018-04-18 16:13:00+00:00,70494.0,R4_99_100,ood_test_r4,SAFE_TO_EXECUTE,ood_exposure,0.8820454128493144,0.8608305274971941,0.11795458715068563,0.13916947250280587,SAFE_TO_EXECUTE,0.5820595955256006
4507011270_00010,"3-way match, invoice before GR",2018-04-19 13:40:00+00:00,127742.0,R4_99_100,ood_test_r4,SAFE_TO_EXECUTE,ood_exposure,0.5271652909699165,0.4814814814814814,0.4728347090300835,0.5185185185185186,NOT_SAFE_TO_EXECUTE,0.9990102708804812
4507019377_00010,"3-way match, invoice before GR",2018-04-19 14:19:00+00:00,62783.0,R4_99_100,ood_test_r4,NOT_SAFE_TO_EXECUTE,ood_exposure,0.00011851599440952917,0.0,0.9998814840055905,1.0,NOT_SAFE_TO_EXECUTE,5.1270463350027155e-14
4507018591_00010,"3-way match, invoice before GR",2018-04-19 15:02:00+00:00,55687.0,R4_99_100,ood_test_r4,SAFE_TO_EXECUTE,ood_exposure,0.4779234325414904,0.41025641025641024,0.5220765674585096,0.5897435897435898,NOT_SAFE_TO_EXECUTE,0.9766349114440102
4507007826_00010,"3-way match, invoice before GR",2018-04-20 10:28:00+00:00,100458.0,R4_99_100,ood_test_r4,SAFE_TO_EXECUTE,ood_exposure,0.6812163134217979,0.6206896551724138,0.3187836865782021,0.3793103448275862,SAFE_TO_EXECUTE,0.9575534837147484
4507019503_00010,"3-way match, invoice before GR",2018-04-20 10:50:00+00:00,56752.0,R4_99_100,ood_test_r4,SAFE_TO_EXECUTE,ood_exposure,0.6002074848322099,0.4814814814814814,0.39979251516779013,0.5185185185185186,NOT_SAFE_TO_EXECUTE,0.9990102708804812
4507001261_00010,"3-way match, invoice after GR",2018-04-20 12:19:00+00:00,346410.0,R4_99_100,ood_test_r4,SAFE_TO_EXECUTE,ood_exposure,0.04687185016431276,0.41025641025641024,0.9531281498356873,0.5897435897435898,NOT_SAFE_TO_EXECUTE,0.9766349114440102
4507004520_00010,"3-way match, invoice after GR",2018-04-20 12:25:00+00:00,77942.0,R4_99_100,ood_test_r4,SAFE_TO_EXECUTE,ood_exposure,0.05964321200847962,0.41025641025641024,0.9403567879915203,0.5897435897435898,NOT_SAFE_TO_EXECUTE,0.9766349114440102
4507001265_00010,"3-way match, invoice after GR",2018-04-23 08:51:00+00:00,155884.0,R4_99_100,ood_test_r4,NOT_SAFE_TO_EXECUTE,ood_exposure,0.00043018965976034416,0.0,0.9995698103402396,1.0,NOT_SAFE_TO_EXECUTE,5.1270463350027155e-14
4507021813_00010,"3-way match, invoice before GR",2018-04-23 10:27:00+00:00,56869.0,R4_99_100,ood_test_r4,SAFE_TO_EXECUTE,ood_exposure,0.9430506828601706,0.9285714285714286,0.056949317139829425,0.0714285714285714,SAFE_TO_EXECUTE,0.3712323266408756
4507020659_00010,"3-way match, invoice before GR",2018-04-23 10:33:00+00:00,56801.0,R4_99_100,ood_test_r4,SAFE_TO_EXECUTE,ood_exposure,0.9416992855959851,0.9285714285714286,0.05830071440401485,0.0714285714285714,SAFE_TO_EXECUTE,0.3712323266408756
4507018887_00010,"3-way match, invoice before GR",2018-04-23 10:53:00+00:00,56521.0,R4_99_100,ood_test_r4,NOT_SAFE_TO_EXECUTE,ood_exposure,0.9398694155057966,0.9285714285714286,0.06013058449420339,0.0714285714285714,SAFE_TO_EXECUTE,0.3712323266408756
4507022590_00010,"3-way match, invoice before GR",2018-04-23 11:43:00+00:00,55446.0,R4_99_100,ood_test_r4,SAFE_TO_EXECUTE,ood_exposure,0.7650829807818864,0.688034188034188,0.2349170192181136,0.31196581196581197,SAFE_TO_EXECUTE,0.8954296333667611
4507021700_00010,"3-way match, invoice after GR",2018-04-23 13:53:00+00:00,121243.0,R4_99_100,ood_test_r4,SAFE_TO_EXECUTE,ood_exposure,0.3217033571191577,0.41025641025641024,0.6782966428808423,0.5897435897435898,NOT_SAFE_TO_EXECUTE,0.9766349114440102
4507019905_00010,"3-way match, invoice before GR",2018-04-23 14:27:00+00:00,53541.0,R4_99_100,ood_test_r4,SAFE_TO_EXECUTE,ood_exposure,0.9085669967728254,0.9016736401673641,0.09143300322717463,0.09832635983263593,SAFE_TO_EXECUTE,0.46366771698440906
4507016237_00010,"3-way match, invoice before GR",2018-04-23 14:49:00+00:00,107955.0,R4_99_100,ood_test_r4,SAFE_TO_EXECUTE,ood_exposure,0.6350960579647074,0.4814814814814814,0.36490394203529264,0.5185185185185186,NOT_SAFE_TO_EXECUTE,0.9990102708804812
4507015576_00010,"3-way match, invoice before GR",2018-04-23 14:56:00+00:00,65835.0,R4_99_100,ood_test_r4,SAFE_TO_EXECUTE,ood_exposure,0.9406526019854778,0.9285714285714286,0.05934739801452216,0.0714285714285714,SAFE_TO_EXECUTE,0.3712323266408756
4507022576_00010,"3-way match, invoice before GR",2018-04-23 15:04:00+00:00,54377.0,R4_99_100,ood_test_r4,NOT_SAFE_TO_EXECUTE,ood_exposure,5.58322868298406e-05,0.0,0.9999441677131702,1.0,NOT_SAFE_TO_EXECUTE,5.1270463350027155e-14
4507020672_00010,"3-way match, invoice before GR",2018-04-23 16:04:00+00:00,69836.0,R4_99_100,ood_test_r4,NOT_SAFE_TO_EXECUTE,ood_exposure,0.00014358407012428706,0.0,0.9998564159298757,1.0,NOT_SAFE_TO_EXECUTE,5.1270463350027155e-14
4507016036_00010,"3-way match, invoice before GR",2018-04-24 10:16:00+00:00,51286.0,R4_99_100,ood_test_r4,SAFE_TO_EXECUTE,ood_exposure,0.6657636807970001,0.5882352941176471,0.3342363192029999,0.4117647058823529,SAFE_TO_EXECUTE,0.9774178175281716
4507019866_00020,"3-way match, invoice before GR",2018-04-24 10:16:00+00:00,59055.0,R4_99_100,ood_test_r4,SAFE_TO_EXECUTE,ood_exposure,0.917561340073657,0.9016736401673641,0.08243865992634303,0.09832635983263593,SAFE_TO_EXECUTE,0.46366771698440906
4507019233_00010,"3-way match, invoice before GR",2018-04-24 11:03:00+00:00,55878.0,R4_99_100,ood_test_r4,NOT_SAFE_TO_EXECUTE,ood_exposure,0.00017213121134529593,0.0,0.9998278687886547,1.0,NOT_SAFE_TO_EXECUTE,5.1270463350027155e-14
4507021328_00010,"3-way match, invoice after GR",2018-04-24 14:35:00+00:00,59577.0,R4_99_100,ood_test_r4,SAFE_TO_EXECUTE,ood_exposure,0.646314647676929,0.4814814814814814,0.35368535232307097,0.5185185185185186,NOT_SAFE_TO_EXECUTE,0.9990102708804812
4507011209_00030,"3-way match, invoice after GR",2018-04-24 15:54:00+00:00,83018.0,R4_99_100,ood_test_r4,NOT_SAFE_TO_EXECUTE,ood_exposure,0.8289990659048337,0.688034188034188,0.17100093409516626,0.31196581196581197,SAFE_TO_EXECUTE,0.8954296333667611
4507009516_00010,"3-way match, invoice before GR",2018-04-25 08:20:00+00:00,50658.0,R4_99_100,ood_test_r4,SAFE_TO_EXECUTE,ood_exposure,0.6305348890321881,0.4814814814814814,0.36946511096781187,0.5185185185185186,NOT_SAFE_TO_EXECUTE,0.9990102708804812
4507009307_00010,"3-way match, invoice before GR",2018-04-25 09:06:00+00:00,109493.0,R4_99_100,ood_test_r4,SAFE_TO_EXECUTE,ood_exposure,0.26552515558798756,0.41025641025641024,0.7344748444120124,0.5897435897435898,NOT_SAFE_TO_EXECUTE,0.9766349114440102
4507011578_00010,"3-way match, invoice before GR",2018-04-25 10:36:00+00:00,109493.0,R4_99_100,ood_test_r4,SAFE_TO_EXECUTE,ood_exposure,0.4331967594344822,0.41025641025641024,0.5668032405655178,0.5897435897435898,NOT_SAFE_TO_EXECUTE,0.9766349114440102
4507011272_00010,"3-way match, invoice before GR",2018-04-25 10:38:00+00:00,127742.0,R4_99_100,ood_test_r4,SAFE_TO_EXECUTE,ood_exposure,0.5201829041199042,0.4814814814814814,0.4798170958800958,0.5185185185185186,NOT_SAFE_TO_EXECUTE,0.9990102708804812
4507007947_00010,"3-way match, invoice after GR",2018-04-25 10:47:00+00:00,351606.0,R4_99_100,ood_test_r4,SAFE_TO_EXECUTE,ood_exposure,0.026350507145063904,0.41025641025641024,0.9736494928549361,0.5897435897435898,NOT_SAFE_TO_EXECUTE,0.9766349114440102
4507015217_00140,"3-way match, invoice before GR",2018-04-25 11:09:00+00:00,88327.0,R4_99_100,ood_test_r4,NOT_SAFE_TO_EXECUTE,ood_exposure,0.7957028055191518,0.688034188034188,0.20429719448084815,0.31196581196581197,SAFE_TO_EXECUTE,0.8954296333667611
4507011996_00010,"3-way match, invoice before GR",2018-04-25 11:52:00+00:00,109493.0,R4_99_100,ood_test_r4,SAFE_TO_EXECUTE,ood_exposure,0.8688180124688906,0.8608305274971941,0.13118198753110943,0.13916947250280587,SAFE_TO_EXECUTE,0.5820595955256006
4507021192_00010,"3-way match, invoice before GR",2018-04-26 05:29:00+00:00,56752.0,R4_99_100,ood_test_r4,NOT_SAFE_TO_EXECUTE,ood_exposure,4.1824211093317615e-05,0.0,0.9999581757889067,1.0,NOT_SAFE_TO_EXECUTE,5.1270463350027155e-14
4507004429_00010,"3-way match, invoice before GR",2018-04-26 05:34:00+00:00,57746.0,R4_99_100,ood_test_r4,NOT_SAFE_TO_EXECUTE,ood_exposure,4.683388190236812e-05,0.0,0.9999531661180976,1.0,NOT_SAFE_TO_EXECUTE,5.1270463350027155e-14
4507017325_00010,"3-way match, invoice before GR",2018-04-26 09:22:00+00:00,63219.0,R4_99_100,ood_test_r4,SAFE_TO_EXECUTE,ood_exposure,0.48238994883860925,0.41025641025641024,0.5176100511613908,0.5897435897435898,NOT_SAFE_TO_EXECUTE,0.9766349114440102
4507019462_00010,"3-way match, invoice before GR",2018-04-26 09:25:00+00:00,52598.0,R4_99_100,ood_test_r4,NOT_SAFE_TO_EXECUTE,ood_exposure,0.9410120528671385,0.9285714285714286,0.058987947132861485,0.0714285714285714,SAFE_TO_EXECUTE,0.3712323266408756
4507020331_00020,"3-way match, invoice before GR",2018-04-26 09:36:00+00:00,77942.0,R4_99_100,ood_test_r4,NOT_SAFE_TO_EXECUTE,ood_exposure,6.98603081034797e-05,0.0,0.9999301396918965,1.0,NOT_SAFE_TO_EXECUTE,5.1270463350027155e-14
4507023892_00010,"3-way match, invoice before GR",2018-04-26 10:11:00+00:00,50086.0,R4_99_100,ood_test_r4,SAFE_TO_EXECUTE,ood_exposure,0.7824880026609066,0.688034188034188,0.21751199733909343,0.31196581196581197,SAFE_TO_EXECUTE,0.8954296333667611
4507023121_00010,"3-way match, invoice before GR",2018-04-26 14:00:00+00:00,69836.0,R4_99_100,ood_test_r4,NOT_SAFE_TO_EXECUTE,ood_exposure,0.00015230606944805142,0.0,0.999847693930552,1.0,NOT_SAFE_TO_EXECUTE,5.1270463350027155e-14
4507017344_00020,"3-way match, invoice before GR",2018-04-26 15:06:00+00:00,89114.0,R4_99_100,ood_test_r4,SAFE_TO_EXECUTE,ood_exposure,0.8184520176230518,0.688034188034188,0.18154798237694825,0.31196581196581197,SAFE_TO_EXECUTE,0.8954296333667611
4507021769_00010,"3-way match, invoice before GR",2018-04-26 15:39:00+00:00,147934.0,R4_99_100,ood_test_r4,SAFE_TO_EXECUTE,ood_exposure,0.564702915235875,0.4814814814814814,0.435297084764125,0.5185185185185186,NOT_SAFE_TO_EXECUTE,0.9990102708804812
4507008905_00140,"3-way match, invoice before GR",2018-04-26 15:57:00+00:00,55098.0,R4_99_100,ood_test_r4,NOT_SAFE_TO_EXECUTE,ood_exposure,0.7696504095878024,0.688034188034188,0.2303495904121976,0.31196581196581197,SAFE_TO_EXECUTE,0.8954296333667611
4507024258_00010,"3-way match, invoice before GR",2018-04-27 11:29:00+00:00,55827.0,R4_99_100,ood_test_r4,NOT_SAFE_TO_EXECUTE,ood_exposure,0.91257443721921,0.9016736401673641,0.08742556278078994,0.09832635983263593,SAFE_TO_EXECUTE,0.46366771698440906
4507011193_00020,"3-way match, invoice before GR",2018-04-27 11:53:00+00:00,63254.0,R4_99_100,ood_test_r4,SAFE_TO_EXECUTE,ood_exposure,0.8270527681368257,0.688034188034188,0.1729472318631743,0.31196581196581197,SAFE_TO_EXECUTE,0.8954296333667611
4507022286_00010,"3-way match, invoice before GR",2018-04-27 14:36:00+00:00,59409.0,R4_99_100,ood_test_r4,SAFE_TO_EXECUTE,ood_exposure,0.9209398349243766,0.9016736401673641,0.07906016507562341,0.09832635983263593,SAFE_TO_EXECUTE,0.46366771698440906
4507023331_00010,"3-way match, invoice before GR",2018-04-30 05:53:00+00:00,56675.0,R4_99_100,ood_test_r4,SAFE_TO_EXECUTE,ood_exposure,0.9426488108450313,0.9285714285714286,0.05735118915496873,0.0714285714285714,SAFE_TO_EXECUTE,0.3712323266408756
4507023330_00010,"3-way match, invoice before GR",2018-04-30 05:56:00+00:00,56675.0,R4_99_100,ood_test_r4,NOT_SAFE_TO_EXECUTE,ood_exposure,0.942954708611981,0.9285714285714286,0.05704529138801895,0.0714285714285714,SAFE_TO_EXECUTE,0.3712323266408756
4507023329_00010,"3-way match, invoice before GR",2018-04-30 05:58:00+00:00,56675.0,R4_99_100,ood_test_r4,NOT_SAFE_TO_EXECUTE,ood_exposure,0.9430885614961058,0.9285714285714286,0.05691143850389424,0.0714285714285714,SAFE_TO_EXECUTE,0.3712323266408756
4507011766_00010,"3-way match, invoice before GR",2018-04-30 07:35:00+00:00,109493.0,R4_99_100,ood_test_r4,NOT_SAFE_TO_EXECUTE,ood_exposure,3.831802626953207e-06,0.0,0.999996168197373,1.0,NOT_SAFE_TO_EXECUTE,5.1270463350027155e-14
4507017954_00010,"3-way match, invoice before GR",2018-04-30 07:55:00+00:00,58132.0,R4_99_100,ood_test_r4,SAFE_TO_EXECUTE,ood_exposure,0.7435402557925773,0.6263464928070122,0.2564597442074227,0.37365350719298784,SAFE_TO_EXECUTE,0.953436101281121
4507011275_00010,"3-way match, invoice before GR",2018-04-30 08:15:00+00:00,127742.0,R4_99_100,ood_test_r4,SAFE_TO_EXECUTE,ood_exposure,0.5103832423418653,0.4814814814814814,0.4896167576581347,0.5185185185185186,NOT_SAFE_TO_EXECUTE,0.9990102708804812
4507010586_00010,"3-way match, invoice before GR",2018-04-30 11:19:00+00:00,111637.0,R4_99_100,ood_test_r4,SAFE_TO_EXECUTE,ood_exposure,0.5872260175268643,0.4814814814814814,0.4127739824731357,0.5185185185185186,NOT_SAFE_TO_EXECUTE,0.9990102708804812
4507010587_00010,"3-way match, invoice before GR",2018-04-30 11:23:00+00:00,111637.0,R4_99_100,ood_test_r4,SAFE_TO_EXECUTE,ood_exposure,0.5864246099025093,0.4814814814814814,0.41357539009749067,0.5185185185185186,NOT_SAFE_TO_EXECUTE,0.9990102708804812
4507010588_00010,"3-way match, invoice before GR",2018-04-30 11:25:00+00:00,111637.0,R4_99_100,ood_test_r4,SAFE_TO_EXECUTE,ood_exposure,0.5864613070503399,0.4814814814814814,0.41353869294966006,0.5185185185185186,NOT_SAFE_TO_EXECUTE,0.9990102708804812
4507010590_00010,"3-way match, invoice before GR",2018-04-30 11:26:00+00:00,111637.0,R4_99_100,ood_test_r4,SAFE_TO_EXECUTE,ood_exposure,0.5835036634117841,0.4814814814814814,0.41649633658821594,0.5185185185185186,NOT_SAFE_TO_EXECUTE,0.9990102708804812
4507010591_00010,"3-way match, invoice before GR",2018-04-30 11:28:00+00:00,111637.0,R4_99_100,ood_test_r4,SAFE_TO_EXECUTE,ood_exposure,0.5827837865405585,0.4814814814814814,0.4172162134594415,0.5185185185185186,NOT_SAFE_TO_EXECUTE,0.9990102708804812
4507005384_00010,"3-way match, invoice before GR",2018-04-30 11:30:00+00:00,111637.0,R4_99_100,ood_test_r4,SAFE_TO_EXECUTE,ood_exposure,0.5496935172124989,0.4814814814814814,0.4503064827875011,0.5185185185185186,NOT_SAFE_TO_EXECUTE,0.9990102708804812
4507022193_00010,"3-way match, invoice before GR",2018-04-30 13:39:00+00:00,50731.0,R4_99_100,ood_test_r4,NOT_SAFE_TO_EXECUTE,ood_exposure,0.00022804098749616757,0.0,0.9997719590125038,1.0,NOT_SAFE_TO_EXECUTE,5.1270463350027155e-14
4507021427_00010,"3-way match, invoice after GR",2018-04-30 15:01:00+00:00,57729.0,R4_99_100,ood_test_r4,NOT_SAFE_TO_EXECUTE,ood_exposure,0.4848602930856999,0.41025641025641024,0.5151397069143001,0.5897435897435898,NOT_SAFE_TO_EXECUTE,0.9766349114440102
4507011274_00010,"3-way match, invoice before GR",2018-04-30 15:27:00+00:00,127742.0,R4_99_100,ood_test_r4,SAFE_TO_EXECUTE,ood_exposure,0.5115380941313957,0.4814814814814814,0.4884619058686043,0.5185185185185186,NOT_SAFE_TO_EXECUTE,0.9990102708804812
4507011273_00010,"3-way match, invoice before GR",2018-05-01 13:17:00+00:00,127742.0,R4_99_100,ood_test_r4,SAFE_TO_EXECUTE,ood_exposure,0.5114257944007843,0.4814814814814814,0.4885742055992157,0.5185185185185186,NOT_SAFE_TO_EXECUTE,0.9990102708804812
4507021168_00010,"3-way match, invoice before GR",2018-05-01 13:58:00+00:00,89373.0,R4_99_100,ood_test_r4,NOT_SAFE_TO_EXECUTE,ood_exposure,1.7783438205225475e-05,0.0,0.9999822165617948,1.0,NOT_SAFE_TO_EXECUTE,5.1270463350027155e-14
4507024446_00010,"3-way match, invoice before GR",2018-05-02 10:14:00+00:00,49683.0,R4_99_100,ood_test_r4,SAFE_TO_EXECUTE,ood_exposure,0.7798148212319325,0.688034188034188,0.22018517876806754,0.31196581196581197,SAFE_TO_EXECUTE,0.8954296333667611
4507025097_00010,"3-way match, invoice before GR",2018-05-02 10:17:00+00:00,55202.0,R4_99_100,ood_test_r4,SAFE_TO_EXECUTE,ood_exposure,0.7681637343833615,0.688034188034188,0.2318362656166385,0.31196581196581197,SAFE_TO_EXECUTE,0.8954296333667611
4507023291_00010,"3-way match, invoice before GR",2018-05-02 14:00:00+00:00,56752.0,R4_99_100,ood_test_r4,NOT_SAFE_TO_EXECUTE,ood_exposure,0.8333776061127177,0.688034188034188,0.16662239388728228,0.31196581196581197,SAFE_TO_EXECUTE,0.8954296333667611
4507026001_00010,"3-way match, invoice before GR",2018-05-03 14:09:00+00:00,55328.0,R4_99_100,ood_test_r4,SAFE_TO_EXECUTE,ood_exposure,0.7689097664956038,0.688034188034188,0.23109023350439617,0.31196581196581197,SAFE_TO_EXECUTE,0.8954296333667611
4507023303_00010,"3-way match, invoice before GR",2018-05-03 16:15:00+00:00,56752.0,R4_99_100,ood_test_r4,NOT_SAFE_TO_EXECUTE,ood_exposure,4.249646329860567e-05,0.0,0.9999575035367014,1.0,NOT_SAFE_TO_EXECUTE,5.1270463350027155e-14
2000000114_00001,"3-way match, invoice after GR",2018-05-04 07:39:00+00:00,78912.0,R4_99_100,ood_test_r4,NOT_SAFE_TO_EXECUTE,ood_exposure,0.9762396560768066,0.9814560439560439,0.023760343923193372,0.01854395604395609,SAFE_TO_EXECUTE,0.1331853270638508
4507018681_00020,"3-way match, invoice before GR",2018-05-04 14:31:00+00:00,51242.0,R4_99_100,ood_test_r4,NOT_SAFE_TO_EXECUTE,ood_exposure,5.660775909957803e-05,0.0,0.9999433922409005,1.0,NOT_SAFE_TO_EXECUTE,5.1270463350027155e-14
4507000684_00010,"3-way match, invoice after GR",2018-05-04 15:32:00+00:00,3550704.0,R4_99_100,ood_test_r4,NOT_SAFE_TO_EXECUTE,ood_exposure,1.6735777662303258e-29,0.0,1.0,1.0,NOT_SAFE_TO_EXECUTE,5.1270463350027155e-14
4507000693_00010,"3-way match, invoice after GR",2018-05-08 07:46:00+00:00,1922576.0,R4_99_100,ood_test_r4,SAFE_TO_EXECUTE,ood_exposure,3.917119662802023e-15,0.0,0.9999999999999961,1.0,NOT_SAFE_TO_EXECUTE,5.1270463350027155e-14
4507020923_00010,"3-way match, invoice before GR",2018-05-08 09:00:00+00:00,51615.0,R4_99_100,ood_test_r4,NOT_SAFE_TO_EXECUTE,ood_exposure,0.792184392236027,0.688034188034188,0.207815607763973,0.31196581196581197,SAFE_TO_EXECUTE,0.8954296333667611
4507018070_00010,"3-way match, invoice after GR",2018-05-08 14:12:00+00:00,55557.0,R4_99_100,ood_test_r4,NOT_SAFE_TO_EXECUTE,ood_exposure,0.5951490358571345,0.4814814814814814,0.4048509641428655,0.5185185185185186,NOT_SAFE_TO_EXECUTE,0.9990102708804812
4507019105_00010,"3-way match, invoice before GR",2018-05-08 14:43:00+00:00,62157.0,R4_99_100,ood_test_r4,NOT_SAFE_TO_EXECUTE,ood_exposure,4.7550074400260785e-06,0.0,0.99999524499256,1.0,NOT_SAFE_TO_EXECUTE,5.1270463350027155e-14
4507027474_00010,"3-way match, invoice after GR",2018-05-09 08:14:00+00:00,372741.0,R4_99_100,ood_test_r4,NOT_SAFE_TO_EXECUTE,ood_exposure,3.045663229691352e-20,0.0,1.0,1.0,NOT_SAFE_TO_EXECUTE,5.1270463350027155e-14
2000013457_00001,"3-way match, invoice after GR",2018-05-09 10:47:00+00:00,93184.0,R4_99_100,ood_test_r4,NOT_SAFE_TO_EXECUTE,ood_exposure,0.9903428426541285,0.9879424348502528,0.00965715734587147,0.012057565149747207,SAFE_TO_EXECUTE,0.09414401889542408
4507016830_00010,"3-way match, invoice before GR",2018-05-09 13:42:00+00:00,49384.0,R4_99_100,ood_test_r4,SAFE_TO_EXECUTE,ood_exposure,0.9585450970761594,0.9556004036326943,0.041454902923840575,0.04439959636730573,SAFE_TO_EXECUTE,0.262112675977001
4507019588_00010,"3-way match, invoice before GR",2018-05-09 15:14:00+00:00,70494.0,R4_99_100,ood_test_r4,SAFE_TO_EXECUTE,ood_exposure,0.6656318587425755,0.5882352941176471,0.33436814125742453,0.4117647058823529,SAFE_TO_EXECUTE,0.9774178175281716
4507021183_00010,"3-way match, invoice before GR",2018-05-09 15:17:00+00:00,51268.0,R4_99_100,ood_test_r4,SAFE_TO_EXECUTE,ood_exposure,0.9092191287658425,0.9016736401673641,0.09078087123415746,0.09832635983263593,SAFE_TO_EXECUTE,0.46366771698440906
4507024809_00010,"3-way match, invoice before GR",2018-05-09 15:48:00+00:00,67342.0,R4_99_100,ood_test_r4,NOT_SAFE_TO_EXECUTE,ood_exposure,7.789069671639631e-05,0.0,0.9999221093032836,1.0,NOT_SAFE_TO_EXECUTE,5.1270463350027155e-14
4507022555_00010,"3-way match, invoice before GR",2018-05-10 08:25:00+00:00,89373.0,R4_99_100,ood_test_r4,NOT_SAFE_TO_EXECUTE,ood_exposure,1.747900886537369e-05,0.0,0.9999825209911346,1.0,NOT_SAFE_TO_EXECUTE,5.1270463350027155e-14
4507016063_00010,"3-way match, invoice before GR",2018-05-10 10:43:00+00:00,70647.0,R4_99_100,ood_test_r4,NOT_SAFE_TO_EXECUTE,ood_exposure,1.1131994813052828e-05,0.0,0.9999888680051869,1.0,NOT_SAFE_TO_EXECUTE,5.1270463350027155e-14
4507017342_00010,"3-way match, invoice before GR",2018-05-10 10:45:00+00:00,107955.0,R4_99_100,ood_test_r4,NOT_SAFE_TO_EXECUTE,ood_exposure,1.3821946860566999e-05,0.0,0.9999861780531394,1.0,NOT_SAFE_TO_EXECUTE,5.1270463350027155e-14
4507027563_00010,"3-way match, invoice before GR",2018-05-10 12:23:00+00:00,60798.0,R4_99_100,ood_test_r4,NOT_SAFE_TO_EXECUTE,ood_exposure,0.00021011774344097166,0.0,0.9997898822565591,1.0,NOT_SAFE_TO_EXECUTE,5.1270463350027155e-14
4507022602_00010,"3-way match, invoice before GR",2018-05-10 14:16:00+00:00,51816.0,R4_99_100,ood_test_r4,NOT_SAFE_TO_EXECUTE,ood_exposure,4.307072464554445e-05,0.0,0.9999569292753544,1.0,NOT_SAFE_TO_EXECUTE,5.1270463350027155e-14
4507008905_00070,"3-way match, invoice before GR",2018-05-10 15:04:00+00:00,98230.0,R4_99_100,ood_test_r4,SAFE_TO_EXECUTE,ood_exposure,0.24774332997769888,0.41025641025641024,0.7522566700223011,0.5897435897435898,NOT_SAFE_TO_EXECUTE,0.9766349114440102
4507008905_00130,"3-way match, invoice before GR",2018-05-10 15:04:00+00:00,98618.0,R4_99_100,ood_test_r4,SAFE_TO_EXECUTE,ood_exposure,0.28229176286003205,0.41025641025641024,0.7177082371399679,0.5897435897435898,NOT_SAFE_TO_EXECUTE,0.9766349114440102
4507019294_00010,"3-way match, invoice before GR",2018-05-10 15:33:00+00:00,51268.0,R4_99_100,ood_test_r4,SAFE_TO_EXECUTE,ood_exposure,0.9253723900606974,0.9016736401673641,0.07462760993930262,0.09832635983263593,SAFE_TO_EXECUTE,0.46366771698440906
4507023208_00010,"3-way match, invoice before GR",2018-05-11 05:11:00+00:00,51615.0,R4_99_100,ood_test_r4,SAFE_TO_EXECUTE,ood_exposure,0.7978393596182785,0.688034188034188,0.20216064038172155,0.31196581196581197,SAFE_TO_EXECUTE,0.8954296333667611
4507013849_00010,"3-way match, invoice before GR",2018-05-11 08:29:00+00:00,107955.0,R4_99_100,ood_test_r4,NOT_SAFE_TO_EXECUTE,ood_exposure,1.2365989327824973e-05,0.0,0.9999876340106721,1.0,NOT_SAFE_TO_EXECUTE,5.1270463350027155e-14
4507004079_00010,"3-way match, invoice before GR",2018-05-11 09:21:00+00:00,106749.0,R4_99_100,ood_test_r4,NOT_SAFE_TO_EXECUTE,ood_exposure,0.8374076932409585,0.8608305274971941,0.16259230675904146,0.13916947250280587,SAFE_TO_EXECUTE,0.5820595955256006
4507024235_00010,"3-way match, invoice before GR",2018-05-11 13:29:00+00:00,55423.0,R4_99_100,ood_test_r4,SAFE_TO_EXECUTE,ood_exposure,0.7592310596422539,0.688034188034188,0.2407689403577461,0.31196581196581197,SAFE_TO_EXECUTE,0.8954296333667611
4507022350_00010,"3-way match, invoice before GR",2018-05-14 05:43:00+00:00,55780.0,R4_99_100,ood_test_r4,SAFE_TO_EXECUTE,ood_exposure,0.7459880470993105,0.6842105263157895,0.25401195290068945,0.3157894736842105,SAFE_TO_EXECUTE,0.8997437586982626
4507014517_00010,"3-way match, invoice before GR",2018-05-14 09:12:00+00:00,61513.0,R4_99_100,ood_test_r4,NOT_SAFE_TO_EXECUTE,ood_exposure,0.00010341382136726928,0.0,0.9998965861786328,1.0,NOT_SAFE_TO_EXECUTE,5.1270463350027155e-14
2000013568_00001,"3-way match, invoice after GR",2018-05-14 15:52:00+00:00,268467.0,R4_99_100,ood_test_r4,NOT_SAFE_TO_EXECUTE,ood_exposure,0.5525933721295962,0.4814814814814814,0.44740662787040375,0.5185185185185186,NOT_SAFE_TO_EXECUTE,0.9990102708804812
4507020173_00080,"3-way match, invoice before GR",2018-05-15 10:08:00+00:00,55776.0,R4_99_100,ood_test_r4,SAFE_TO_EXECUTE,ood_exposure,0.40056960812345416,0.41025641025641024,0.5994303918765458,0.5897435897435898,NOT_SAFE_TO_EXECUTE,0.9766349114440102
4507004491_00010,"3-way match, invoice before GR",2018-05-15 13:23:00+00:00,127742.0,R4_99_100,ood_test_r4,NOT_SAFE_TO_EXECUTE,ood_exposure,0.20150040575634404,0.41025641025641024,0.7984995942436559,0.5897435897435898,NOT_SAFE_TO_EXECUTE,0.9766349114440102
4507010593_00010,"3-way match, invoice before GR",2018-05-15 13:42:00+00:00,111637.0,R4_99_100,ood_test_r4,SAFE_TO_EXECUTE,ood_exposure,0.5690127173206154,0.4814814814814814,0.4309872826793846,0.5185185185185186,NOT_SAFE_TO_EXECUTE,0.9990102708804812
4507010592_00010,"3-way match, invoice before GR",2018-05-15 13:43:00+00:00,111637.0,R4_99_100,ood_test_r4,SAFE_TO_EXECUTE,ood_exposure,0.5693354606162985,0.4814814814814814,0.43066453938370153,0.5185185185185186,NOT_SAFE_TO_EXECUTE,0.9990102708804812
4507004490_00010,"3-way match, invoice before GR",2018-05-15 14:15:00+00:00,127742.0,R4_99_100,ood_test_r4,NOT_SAFE_TO_EXECUTE,ood_exposure,0.20188172001962468,0.41025641025641024,0.7981182799803753,0.5897435897435898,NOT_SAFE_TO_EXECUTE,0.9766349114440102
4507024757_00010,"3-way match, invoice before GR",2018-05-15 14:31:00+00:00,60577.0,R4_99_100,ood_test_r4,SAFE_TO_EXECUTE,ood_exposure,0.7607121786677501,0.688034188034188,0.2392878213322499,0.31196581196581197,SAFE_TO_EXECUTE,0.8954296333667611
4507004497_00010,"3-way match, invoice before GR",2018-05-15 14:39:00+00:00,127742.0,R4_99_100,ood_test_r4,SAFE_TO_EXECUTE,ood_exposure,0.1997874708215497,0.41025641025641024,0.8002125291784503,0.5897435897435898,NOT_SAFE_TO_EXECUTE,0.9766349114440102
4507017974_00010,"3-way match, invoice before GR",2018-05-15 15:54:00+00:00,127742.0,R4_99_100,ood_test_r4,SAFE_TO_EXECUTE,ood_exposure,0.26062443806842905,0.41025641025641024,0.739375561931571,0.5897435897435898,NOT_SAFE_TO_EXECUTE,0.9766349114440102
4507018553_00010,"3-way match, invoice before GR",2018-05-16 08:29:00+00:00,63249.0,R4_99_100,ood_test_r4,NOT_SAFE_TO_EXECUTE,ood_exposure,0.9507157124028474,0.9508196721311475,0.04928428759715264,0.049180327868852514,SAFE_TO_EXECUTE,0.28290479297989224
4507019620_00020,"3-way match, invoice before GR",2018-05-16 14:54:00+00:00,50402.0,R4_99_100,ood_test_r4,SAFE_TO_EXECUTE,ood_exposure,0.9164055864277914,0.9016736401673641,0.08359441357220865,0.09832635983263593,SAFE_TO_EXECUTE,0.46366771698440906
4507021327_00010,"3-way match, invoice after GR",2018-05-17 08:10:00+00:00,59577.0,R4_99_100,ood_test_r4,SAFE_TO_EXECUTE,ood_exposure,0.8438402859395703,0.8608305274971941,0.15615971406042972,0.13916947250280587,SAFE_TO_EXECUTE,0.5820595955256006
4507024759_00010,"3-way match, invoice before GR",2018-05-17 13:14:00+00:00,56752.0,R4_99_100,ood_test_r4,NOT_SAFE_TO_EXECUTE,ood_exposure,0.8274648383601225,0.688034188034188,0.17253516163987748,0.31196581196581197,SAFE_TO_EXECUTE,0.8954296333667611
2000013530_00001,"3-way match, invoice after GR",2018-05-18 11:14:00+00:00,98823.0,R4_99_100,ood_test_r4,SAFE_TO_EXECUTE,ood_exposure,0.9900025433520283,0.9879424348502528,0.009997456647971692,0.012057565149747207,SAFE_TO_EXECUTE,0.09414401889542408
2000013529_00001,"3-way match, invoice after GR",2018-05-18 11:15:00+00:00,144378.0,R4_99_100,ood_test_r4,NOT_SAFE_TO_EXECUTE,ood_exposure,0.9786326108571096,0.9814560439560439,0.02136738914289038,0.01854395604395609,SAFE_TO_EXECUTE,0.1331853270638508
4507012735_00010,"3-way match, invoice before GR",2018-05-21 10:42:00+00:00,79625.0,R4_99_100,ood_test_r4,NOT_SAFE_TO_EXECUTE,ood_exposure,0.601265344722767,0.4814814814814814,0.39873465527723295,0.5185185185185186,NOT_SAFE_TO_EXECUTE,0.9990102708804812
4507023184_00060,"3-way match, invoice before GR",2018-05-21 11:03:00+00:00,53208.0,R4_99_100,ood_test_r4,NOT_SAFE_TO_EXECUTE,ood_exposure,0.5060663150744796,0.46583274013660614,0.49393368492552037,0.5341672598633939,NOT_SAFE_TO_EXECUTE,0.9966289644344032
4507010906_00010,"3-way match, invoice before GR",2018-05-21 12:27:00+00:00,325080.0,R4_99_100,ood_test_r4,NOT_SAFE_TO_EXECUTE,ood_exposure,5.62976466242045e-07,0.0,0.9999994370235338,1.0,NOT_SAFE_TO_EXECUTE,5.1270463350027155e-14
4507017229_00010,"3-way match, invoice before GR",2018-05-21 12:39:00+00:00,63850.0,R4_99_100,ood_test_r4,SAFE_TO_EXECUTE,ood_exposure,0.7047857457226584,0.6206896551724138,0.2952142542773416,0.3793103448275862,SAFE_TO_EXECUTE,0.9575534837147484
4507016341_00010,"3-way match, invoice after GR",2018-05-21 14:52:00+00:00,76088.0,R4_99_100,ood_test_r4,NOT_SAFE_TO_EXECUTE,ood_exposure,0.684605075026816,0.6206896551724138,0.315394924973184,0.3793103448275862,SAFE_TO_EXECUTE,0.9575534837147484
4507010594_00010,"3-way match, invoice before GR",2018-05-21 15:22:00+00:00,111637.0,R4_99_100,ood_test_r4,SAFE_TO_EXECUTE,ood_exposure,0.563145616086964,0.4814814814814814,0.436854383913036,0.5185185185185186,NOT_SAFE_TO_EXECUTE,0.9990102708804812
4507003650_00010,"3-way match, invoice after GR",2018-05-21 15:29:00+00:00,186608.0,R4_99_100,ood_test_r4,NOT_SAFE_TO_EXECUTE,ood_exposure,0.02426965926581467,0.41025641025641024,0.9757303407341853,0.5897435897435898,NOT_SAFE_TO_EXECUTE,0.9766349114440102
4507016891_00010,"3-way match, invoice before GR",2018-05-21 15:31:00+00:00,54634.0,R4_99_100,ood_test_r4,NOT_SAFE_TO_EXECUTE,ood_exposure,0.7426006522392167,0.6206896551724138,0.2573993477607833,0.3793103448275862,SAFE_TO_EXECUTE,0.9575534837147484
4507010604_00010,"3-way match, invoice before GR",2018-05-22 09:25:00+00:00,111637.0,R4_99_100,ood_test_r4,SAFE_TO_EXECUTE,ood_exposure,0.5536041022891045,0.4814814814814814,0.4463958977108955,0.5185185185185186,NOT_SAFE_TO_EXECUTE,0.9990102708804812
4507005387_00010,"3-way match, invoice before GR",2018-05-22 10:29:00+00:00,111637.0,R4_99_100,ood_test_r4,SAFE_TO_EXECUTE,ood_exposure,0.5208925082373458,0.4814814814814814,0.4791074917626542,0.5185185185185186,NOT_SAFE_TO_EXECUTE,0.9990102708804812
4507010603_00010,"3-way match, invoice before GR",2018-05-22 12:57:00+00:00,111637.0,R4_99_100,ood_test_r4,SAFE_TO_EXECUTE,ood_exposure,0.5541528147372354,0.4814814814814814,0.44584718526276457,0.5185185185185186,NOT_SAFE_TO_EXECUTE,0.9990102708804812
4507025393_00020,"3-way match, invoice before GR",2018-05-22 13:17:00+00:00,51286.0,R4_99_100,ood_test_r4,SAFE_TO_EXECUTE,ood_exposure,0.958674566467743,0.9556004036326943,0.04132543353225704,0.04439959636730573,SAFE_TO_EXECUTE,0.262112675977001
4507010599_00010,"3-way match, invoice before GR",2018-05-22 13:50:00+00:00,111637.0,R4_99_100,ood_test_r4,SAFE_TO_EXECUTE,ood_exposure,0.5575656521770896,0.4814814814814814,0.44243434782291036,0.5185185185185186,NOT_SAFE_TO_EXECUTE,0.9990102708804812
4507010597_00010,"3-way match, invoice before GR",2018-05-22 13:51:00+00:00,111637.0,R4_99_100,ood_test_r4,SAFE_TO_EXECUTE,ood_exposure,0.5584047011549286,0.4814814814814814,0.4415952988450714,0.5185185185185186,NOT_SAFE_TO_EXECUTE,0.9990102708804812
4507010601_00010,"3-way match, invoice before GR",2018-05-22 14:08:00+00:00,111637.0,R4_99_100,ood_test_r4,SAFE_TO_EXECUTE,ood_exposure,0.5547886623650521,0.4814814814814814,0.4452113376349479,0.5185185185185186,NOT_SAFE_TO_EXECUTE,0.9990102708804812
4507023003_00010,"3-way match, invoice before GR",2018-05-22 15:15:00+00:00,49736.0,R4_99_100,ood_test_r4,NOT_SAFE_TO_EXECUTE,ood_exposure,0.00020509604190137605,0.0,0.9997949039580987,1.0,NOT_SAFE_TO_EXECUTE,5.1270463350027155e-14
2000013569_00001,"3-way match, invoice after GR",2018-05-23 07:23:00+00:00,77076.0,R4_99_100,ood_test_r4,SAFE_TO_EXECUTE,ood_exposure,0.981697557990631,0.984023475709162,0.018302442009369035,0.015976524290837957,SAFE_TO_EXECUTE,0.118210481403578
4507024772_00010,"3-way match, invoice before GR",2018-05-23 10:13:00+00:00,56509.0,R4_99_100,ood_test_r4,NOT_SAFE_TO_EXECUTE,ood_exposure,0.9386961780180622,0.9285714285714286,0.061303821981937845,0.0714285714285714,SAFE_TO_EXECUTE,0.3712323266408756
4507018347_00010,"3-way match, invoice before GR",2018-05-23 10:24:00+00:00,120031.0,R4_99_100,ood_test_r4,NOT_SAFE_TO_EXECUTE,ood_exposure,2.0090157750850647e-05,0.0,0.9999799098422492,1.0,NOT_SAFE_TO_EXECUTE,5.1270463350027155e-14
4507017976_00010,"3-way match, invoice before GR",2018-05-23 10:47:00+00:00,127742.0,R4_99_100,ood_test_r4,NOT_SAFE_TO_EXECUTE,ood_exposure,0.2553990361658979,0.41025641025641024,0.7446009638341021,0.5897435897435898,NOT_SAFE_TO_EXECUTE,0.9766349114440102
4507007545_00010,"3-way match, invoice before GR",2018-05-23 11:00:00+00:00,54746.0,R4_99_100,ood_test_r4,SAFE_TO_EXECUTE,ood_exposure,0.9227308876095874,0.9016736401673641,0.07726911239041256,0.09832635983263593,SAFE_TO_EXECUTE,0.46366771698440906
4507014986_00010,"3-way match, invoice before GR",2018-05-23 11:16:00+00:00,68433.0,R4_99_100,ood_test_r4,NOT_SAFE_TO_EXECUTE,ood_exposure,7.1944134619708706e-06,0.0,0.999992805586538,1.0,NOT_SAFE_TO_EXECUTE,5.1270463350027155e-14
4507017977_00010,"3-way match, invoice before GR",2018-05-23 11:55:00+00:00,127742.0,R4_99_100,ood_test_r4,SAFE_TO_EXECUTE,ood_exposure,0.25439013708295166,0.41025641025641024,0.7456098629170483,0.5897435897435898,NOT_SAFE_TO_EXECUTE,0.9766349114440102
4507024774_00010,"3-way match, invoice before GR",2018-05-23 13:00:00+00:00,56509.0,R4_99_100,ood_test_r4,NOT_SAFE_TO_EXECUTE,ood_exposure,0.9390109941800872,0.9285714285714286,0.060989005819912845,0.0714285714285714,SAFE_TO_EXECUTE,0.3712323266408756
4507009852_00030,"3-way match, invoice before GR",2018-05-23 13:32:00+00:00,54746.0,R4_99_100,ood_test_r4,SAFE_TO_EXECUTE,ood_exposure,0.7959176884437553,0.688034188034188,0.20408231155624468,0.31196581196581197,SAFE_TO_EXECUTE,0.8954296333667611
4507027382_00010,"3-way match, invoice before GR",2018-05-23 13:50:00+00:00,53984.0,R4_99_100,ood_test_r4,NOT_SAFE_TO_EXECUTE,ood_exposure,1.2747558402926564e-05,0.0,0.999987252441597,1.0,NOT_SAFE_TO_EXECUTE,5.1270463350027155e-14
4507030677_00010,"3-way match, invoice after GR",2018-05-24 09:56:00+00:00,83943.0,R4_99_100,ood_test_r4,SAFE_TO_EXECUTE,ood_exposure,0.8049082755333541,0.688034188034188,0.1950917244666459,0.31196581196581197,SAFE_TO_EXECUTE,0.8954296333667611
4507026039_00010,"3-way match, invoice before GR",2018-05-24 10:08:00+00:00,55867.0,R4_99_100,ood_test_r4,NOT_SAFE_TO_EXECUTE,ood_exposure,0.9397226653658818,0.9285714285714286,0.06027733463411822,0.0714285714285714,SAFE_TO_EXECUTE,0.3712323266408756
4507027831_00010,"3-way match, invoice before GR",2018-05-24 11:10:00+00:00,55455.0,R4_99_100,ood_test_r4,SAFE_TO_EXECUTE,ood_exposure,0.943432334829703,0.9285714285714286,0.05656766517029699,0.0714285714285714,SAFE_TO_EXECUTE,0.3712323266408756
4507010605_00010,"3-way match, invoice before GR",2018-05-24 11:28:00+00:00,111637.0,R4_99_100,ood_test_r4,SAFE_TO_EXECUTE,ood_exposure,0.5511812730408343,0.4814814814814814,0.4488187269591657,0.5185185185185186,NOT_SAFE_TO_EXECUTE,0.9990102708804812
4507008523_00010,"3-way match, invoice after GR",2018-05-24 12:53:00+00:00,58843.0,R4_99_100,ood_test_r4,SAFE_TO_EXECUTE,ood_exposure,0.8137190559764647,0.688034188034188,0.18628094402353534,0.31196581196581197,SAFE_TO_EXECUTE,0.8954296333667611
4507020088_00010,"3-way match, invoice before GR",2018-05-24 15:03:00+00:00,216913.0,R4_99_100,ood_test_r4,SAFE_TO_EXECUTE,ood_exposure,0.6044088671467756,0.4814814814814814,0.39559113285322445,0.5185185185185186,NOT_SAFE_TO_EXECUTE,0.9990102708804812
4507028443_00010,"3-way match, invoice before GR",2018-05-25 08:00:00+00:00,49229.0,R4_99_100,ood_test_r4,SAFE_TO_EXECUTE,ood_exposure,0.7789771363026429,0.688034188034188,0.22102286369735713,0.31196581196581197,SAFE_TO_EXECUTE,0.8954296333667611
2000013549_00001,"3-way match, invoice after GR",2018-05-25 08:27:00+00:00,63011.0,R4_99_100,ood_test_r4,SAFE_TO_EXECUTE,ood_exposure,0.10813958944952086,0.41025641025641024,0.8918604105504792,0.5897435897435898,NOT_SAFE_TO_EXECUTE,0.9766349114440102
4507011702_00010,"3-way match, invoice before GR",2018-05-25 10:51:00+00:00,50229.0,R4_99_100,ood_test_r4,SAFE_TO_EXECUTE,ood_exposure,0.8218865884216507,0.688034188034188,0.17811341157834926,0.31196581196581197,SAFE_TO_EXECUTE,0.8954296333667611
2000013536_00001,"3-way match, invoice after GR",2018-05-25 10:58:00+00:00,113023.0,R4_99_100,ood_test_r4,SAFE_TO_EXECUTE,ood_exposure,0.9894103265129424,0.9879424348502528,0.010589673487057638,0.012057565149747207,SAFE_TO_EXECUTE,0.09414401889542408
4507016941_00010,"3-way match, invoice before GR",2018-05-25 12:51:00+00:00,80349.0,R4_99_100,ood_test_r4,SAFE_TO_EXECUTE,ood_exposure,0.9379040788916642,0.9285714285714286,0.06209592110833584,0.0714285714285714,SAFE_TO_EXECUTE,0.3712323266408756
4507020368_00020,"3-way match, invoice before GR",2018-05-25 13:27:00+00:00,60111.0,R4_99_100,ood_test_r4,SAFE_TO_EXECUTE,ood_exposure,0.7757406598593817,0.688034188034188,0.22425934014061832,0.31196581196581197,SAFE_TO_EXECUTE,0.8954296333667611
4507024811_00010,"3-way match, invoice before GR",2018-05-28 07:27:00+00:00,69108.0,R4_99_100,ood_test_r4,NOT_SAFE_TO_EXECUTE,ood_exposure,4.538488849253126e-05,0.0,0.9999546151115075,1.0,NOT_SAFE_TO_EXECUTE,5.1270463350027155e-14
4507024773_00010,"3-way match, invoice before GR",2018-05-28 08:36:00+00:00,56509.0,R4_99_100,ood_test_r4,SAFE_TO_EXECUTE,ood_exposure,0.9374317381451611,0.9285714285714286,0.06256826185483888,0.0714285714285714,SAFE_TO_EXECUTE,0.3712323266408756
4507025929_00010,"3-way match, invoice before GR",2018-05-28 09:03:00+00:00,54143.0,R4_99_100,ood_test_r4,SAFE_TO_EXECUTE,ood_exposure,0.9017382127660437,0.8608305274971941,0.09826178723395629,0.13916947250280587,SAFE_TO_EXECUTE,0.5820595955256006
2000013600_00001,"3-way match, invoice after GR",2018-05-29 08:15:00+00:00,1882857.0,R4_99_100,ood_test_r4,NOT_SAFE_TO_EXECUTE,ood_exposure,3.022627556231646e-12,0.0,0.9999999999969774,1.0,NOT_SAFE_TO_EXECUTE,5.1270463350027155e-14
4507011510_00010,"3-way match, invoice before GR",2018-05-29 08:51:00+00:00,53977.0,R4_99_100,ood_test_r4,SAFE_TO_EXECUTE,ood_exposure,0.7564245304878014,0.688034188034188,0.24357546951219855,0.31196581196581197,SAFE_TO_EXECUTE,0.8954296333667611
4507025799_00010,"3-way match, invoice before GR",2018-05-29 10:02:00+00:00,50402.0,R4_99_100,ood_test_r4,SAFE_TO_EXECUTE,ood_exposure,0.9535212115096455,0.9556004036326943,0.04647878849035447,0.04439959636730573,SAFE_TO_EXECUTE,0.262112675977001
4507014140_00010,"3-way match, invoice before GR",2018-05-29 10:17:00+00:00,63462.0,R4_99_100,ood_test_r4,NOT_SAFE_TO_EXECUTE,ood_exposure,7.362680949163796e-05,0.0,0.9999263731905084,1.0,NOT_SAFE_TO_EXECUTE,5.1270463350027155e-14
4507020284_00010,"3-way match, invoice before GR",2018-05-29 10:17:00+00:00,107955.0,R4_99_100,ood_test_r4,SAFE_TO_EXECUTE,ood_exposure,0.6177622784468907,0.4814814814814814,0.3822377215531093,0.5185185185185186,NOT_SAFE_TO_EXECUTE,0.9990102708804812
4507027832_00010,"3-way match, invoice before GR",2018-05-29 10:28:00+00:00,55455.0,R4_99_100,ood_test_r4,SAFE_TO_EXECUTE,ood_exposure,0.9423441415640585,0.9285714285714286,0.057655858435941454,0.0714285714285714,SAFE_TO_EXECUTE,0.3712323266408756
4507013748_00010,"3-way match, invoice before GR",2018-05-29 10:53:00+00:00,49479.0,R4_99_100,ood_test_r4,SAFE_TO_EXECUTE,ood_exposure,0.776982819435633,0.688034188034188,0.22301718056436703,0.31196581196581197,SAFE_TO_EXECUTE,0.8954296333667611
2000013454_00001,"3-way match, invoice after GR",2018-05-29 11:12:00+00:00,311769.0,R4_99_100,ood_test_r4,NOT_SAFE_TO_EXECUTE,ood_exposure,0.1892826763863179,0.41025641025641024,0.8107173236136821,0.5897435897435898,NOT_SAFE_TO_EXECUTE,0.9766349114440102
4507026345_00010,"3-way match, invoice before GR",2018-05-29 11:41:00+00:00,54317.0,R4_99_100,ood_test_r4,SAFE_TO_EXECUTE,ood_exposure,0.93522006676025,0.9285714285714286,0.06477993323974995,0.0714285714285714,SAFE_TO_EXECUTE,0.3712323266408756
4507024770_00010,"3-way match, invoice before GR",2018-05-29 12:13:00+00:00,56509.0,R4_99_100,ood_test_r4,NOT_SAFE_TO_EXECUTE,ood_exposure,0.9365189946547517,0.9285714285714286,0.06348100534524825,0.0714285714285714,SAFE_TO_EXECUTE,0.3712323266408756
4507028551_00010,"3-way match, invoice before GR",2018-05-29 12:15:00+00:00,55466.0,R4_99_100,ood_test_r4,NOT_SAFE_TO_EXECUTE,ood_exposure,0.9438592234576281,0.9285714285714286,0.05614077654237193,0.0714285714285714,SAFE_TO_EXECUTE,0.3712323266408756
4507030425_00010,"3-way match, invoice before GR",2018-05-29 12:18:00+00:00,55063.0,R4_99_100,ood_test_r4,SAFE_TO_EXECUTE,ood_exposure,0.9455968045113572,0.947136563876652,0.05440319548864281,0.052863436123347984,SAFE_TO_EXECUTE,0.29843829931563803
4507018308_00010,"3-way match, invoice before GR",2018-05-29 12:57:00+00:00,84430.0,R4_99_100,ood_test_r4,NOT_SAFE_TO_EXECUTE,ood_exposure,6.271384882579684e-05,0.0,0.9999372861511742,1.0,NOT_SAFE_TO_EXECUTE,5.1270463350027155e-14
4507017599_00010,"3-way match, invoice before GR",2018-05-29 14:39:00+00:00,100458.0,R4_99_100,ood_test_r4,SAFE_TO_EXECUTE,ood_exposure,0.6183241903174406,0.4814814814814814,0.38167580968255943,0.5185185185185186,NOT_SAFE_TO_EXECUTE,0.9990102708804812
4507028566_00010,"3-way match, invoice before GR",2018-05-30 08:40:00+00:00,53813.0,R4_99_100,ood_test_r4,NOT_SAFE_TO_EXECUTE,ood_exposure,0.9128277875135815,0.9016736401673641,0.08717221248641849,0.09832635983263593,SAFE_TO_EXECUTE,0.46366771698440906
4507020972_00010,"3-way match, invoice before GR",2018-05-31 09:18:00+00:00,176303.0,R4_99_100,ood_test_r4,NOT_SAFE_TO_EXECUTE,ood_exposure,9.960711018777468e-06,0.0,0.9999900392889812,1.0,NOT_SAFE_TO_EXECUTE,5.1270463350027155e-14
4507026329_00010,"3-way match, invoice before GR",2018-05-31 09:54:00+00:00,65835.0,R4_99_100,ood_test_r4,NOT_SAFE_TO_EXECUTE,ood_exposure,0.00014311994596065454,0.0,0.9998568800540394,1.0,NOT_SAFE_TO_EXECUTE,5.1270463350027155e-14
4507027356_00010,"3-way match, invoice before GR",2018-05-31 11:48:00+00:00,51615.0,R4_99_100,ood_test_r4,NOT_SAFE_TO_EXECUTE,ood_exposure,3.30691950845999e-05,0.0,0.9999669308049154,1.0,NOT_SAFE_TO_EXECUTE,5.1270463350027155e-14
4507017982_00010,"3-way match, invoice before GR",2018-05-31 13:37:00+00:00,127742.0,R4_99_100,ood_test_r4,NOT_SAFE_TO_EXECUTE,ood_exposure,0.2455012135266547,0.41025641025641024,0.7544987864733453,0.5897435897435898,NOT_SAFE_TO_EXECUTE,0.9766349114440102
4507024793_00010,"3-way match, invoice before GR",2018-05-31 13:39:00+00:00,64007.0,R4_99_100,ood_test_r4,SAFE_TO_EXECUTE,ood_exposure,0.9702528352483658,0.9771607702642185,0.029747164751634192,0.022839229735781452,SAFE_TO_EXECUTE,0.15709816484233138
4507017980_00010,"3-way match, invoice before GR",2018-05-31 13:47:00+00:00,127742.0,R4_99_100,ood_test_r4,SAFE_TO_EXECUTE,ood_exposure,0.2460943590088093,0.41025641025641024,0.7539056409911907,0.5897435897435898,NOT_SAFE_TO_EXECUTE,0.9766349114440102
4507027395_00010,"3-way match, invoice before GR",2018-05-31 13:58:00+00:00,56752.0,R4_99_100,ood_test_r4,NOT_SAFE_TO_EXECUTE,ood_exposure,0.8265887382874869,0.688034188034188,0.1734112617125131,0.31196581196581197,SAFE_TO_EXECUTE,0.8954296333667611
4507017986_00020,"3-way match, invoice before GR",2018-05-31 14:31:00+00:00,127742.0,R4_99_100,ood_test_r4,NOT_SAFE_TO_EXECUTE,ood_exposure,0.24232028970468422,0.41025641025641024,0.7576797102953158,0.5897435897435898,NOT_SAFE_TO_EXECUTE,0.9766349114440102
4507027026_00010,"3-way match, invoice before GR",2018-05-31 15:25:00+00:00,89373.0,R4_99_100,ood_test_r4,NOT_SAFE_TO_EXECUTE,ood_exposure,1.744642366144605e-05,0.0,0.9999825535763386,1.0,NOT_SAFE_TO_EXECUTE,5.1270463350027155e-14
4507023457_00040,"3-way match, invoice before GR",2018-06-01 08:48:00+00:00,51398.0,R4_99_100,ood_test_r4,SAFE_TO_EXECUTE,ood_exposure,0.9653801736339402,0.9702325581395349,0.03461982636605976,0.029767441860465094,SAFE_TO_EXECUTE,0.19322424629252893
4507030255_00010,"3-way match, invoice before GR",2018-06-01 09:21:00+00:00,55739.0,R4_99_100,ood_test_r4,SAFE_TO_EXECUTE,ood_exposure,0.49833377799309203,0.4282000178270943,0.5016662220069079,0.5717999821729056,NOT_SAFE_TO_EXECUTE,0.9850735802982357
4507014172_00010,"3-way match, invoice before GR",2018-06-01 10:27:00+00:00,112178.0,R4_99_100,ood_test_r4,SAFE_TO_EXECUTE,ood_exposure,0.5562318887712158,0.4814814814814814,0.44376811122878423,0.5185185185185186,NOT_SAFE_TO_EXECUTE,0.9990102708804812
4507016078_00010,"3-way match, invoice before GR",2018-06-04 08:57:00+00:00,58799.0,R4_99_100,ood_test_r4,SAFE_TO_EXECUTE,ood_exposure,0.9500140802608238,0.9508196721311475,0.04998591973917621,0.049180327868852514,SAFE_TO_EXECUTE,0.28290479297989224
4507018037_00010,"3-way match, invoice before GR",2018-06-04 11:20:00+00:00,58799.0,R4_99_100,ood_test_r4,SAFE_TO_EXECUTE,ood_exposure,0.9493183121038293,0.9508196721311475,0.05068168789617067,0.049180327868852514,SAFE_TO_EXECUTE,0.28290479297989224
4507027609_00010,"3-way match, invoice before GR",2018-06-04 13:20:00+00:00,179976.0,R4_99_100,ood_test_r4,SAFE_TO_EXECUTE,ood_exposure,0.5190248212211537,0.4814814814814814,0.4809751787788463,0.5185185185185186,NOT_SAFE_TO_EXECUTE,0.9990102708804812
2000013455_00001,"3-way match, invoice after GR",2018-06-04 13:39:00+00:00,244219.0,R4_99_100,ood_test_r4,NOT_SAFE_TO_EXECUTE,ood_exposure,0.1887486392976937,0.41025641025641024,0.8112513607023063,0.5897435897435898,NOT_SAFE_TO_EXECUTE,0.9766349114440102
2000013561_00001,"3-way match, invoice after GR",2018-06-04 15:53:00+00:00,94553.0,R4_99_100,ood_test_r4,SAFE_TO_EXECUTE,ood_exposure,0.9965547160304031,1.0,0.0034452839695968684,0.0,SAFE_TO_EXECUTE,5.123178885069411e-14
4507009071_00010,"3-way match, invoice before GR",2018-06-05 07:51:00+00:00,53260.0,R4_99_100,ood_test_r4,SAFE_TO_EXECUTE,ood_exposure,0.8805608402207912,0.8608305274971941,0.11943915977920883,0.13916947250280587,SAFE_TO_EXECUTE,0.5820595955256006
4507021571_00010,"3-way match, invoice before GR",2018-06-05 10:19:00+00:00,61439.0,R4_99_100,ood_test_r4,SAFE_TO_EXECUTE,ood_exposure,0.6317258472617677,0.4814814814814814,0.3682741527382323,0.5185185185185186,NOT_SAFE_TO_EXECUTE,0.9990102708804812
4507021571_00030,"3-way match, invoice before GR",2018-06-05 10:19:00+00:00,49596.0,R4_99_100,ood_test_r4,SAFE_TO_EXECUTE,ood_exposure,0.9191468229797102,0.9016736401673641,0.08085317702028982,0.09832635983263593,SAFE_TO_EXECUTE,0.46366771698440906
2000013588_00001,"3-way match, invoice after GR",2018-06-05 10:50:00+00:00,112398.0,R4_99_100,ood_test_r4,NOT_SAFE_TO_EXECUTE,ood_exposure,0.004109839570673485,0.25,0.9958901604293265,0.75,NOT_SAFE_TO_EXECUTE,0.8112781244591328
4507022681_00010,"3-way match, invoice before GR",2018-06-05 13:19:00+00:00,51348.0,R4_99_100,ood_test_r4,NOT_SAFE_TO_EXECUTE,ood_exposure,0.38217245055008275,0.41025641025641024,0.6178275494499172,0.5897435897435898,NOT_SAFE_TO_EXECUTE,0.9766349114440102
4507008905_00090,"3-way match, invoice before GR",2018-06-06 12:19:00+00:00,74681.0,R4_99_100,ood_test_r4,SAFE_TO_EXECUTE,ood_exposure,0.6104310865627144,0.4814814814814814,0.3895689134372856,0.5185185185185186,NOT_SAFE_TO_EXECUTE,0.9990102708804812
4507008905_00190,"3-way match, invoice before GR",2018-06-06 12:19:00+00:00,58819.0,R4_99_100,ood_test_r4,SAFE_TO_EXECUTE,ood_exposure,0.49385068096147416,0.41025641025641024,0.5061493190385258,0.5897435897435898,NOT_SAFE_TO_EXECUTE,0.9766349114440102
4507021937_00010,"3-way match, invoice after GR",2018-06-06 12:27:00+00:00,55269.0,R4_99_100,ood_test_r4,SAFE_TO_EXECUTE,ood_exposure,0.7279963919493384,0.6206896551724138,0.2720036080506616,0.3793103448275862,SAFE_TO_EXECUTE,0.9575534837147484
4507021932_00010,"3-way match, invoice after GR",2018-06-06 14:35:00+00:00,55557.0,R4_99_100,ood_test_r4,NOT_SAFE_TO_EXECUTE,ood_exposure,0.4548204010328647,0.41025641025641024,0.5451795989671353,0.5897435897435898,NOT_SAFE_TO_EXECUTE,0.9766349114440102
4507020956_00010,"3-way match, invoice after GR",2018-06-06 14:53:00+00:00,55557.0,R4_99_100,ood_test_r4,SAFE_TO_EXECUTE,ood_exposure,0.7244755538216435,0.6206896551724138,0.2755244461783565,0.3793103448275862,SAFE_TO_EXECUTE,0.9575534837147484
2000013615_00001,"3-way match, invoice after GR",2018-06-06 16:07:00+00:00,301376.0,R4_99_100,ood_test_r4,NOT_SAFE_TO_EXECUTE,ood_exposure,0.5395280411620682,0.4814814814814814,0.4604719588379318,0.5185185185185186,NOT_SAFE_TO_EXECUTE,0.9990102708804812
4507021930_00020,"3-way match, invoice before GR",2018-06-07 05:10:00+00:00,51817.0,R4_99_100,ood_test_r4,NOT_SAFE_TO_EXECUTE,ood_exposure,0.8131434780701541,0.688034188034188,0.18685652192984592,0.31196581196581197,SAFE_TO_EXECUTE,0.8954296333667611
2000013523_00001,"3-way match, invoice after GR",2018-06-07 10:59:00+00:00,76210.0,R4_99_100,ood_test_r4,NOT_SAFE_TO_EXECUTE,ood_exposure,0.9344557221490017,0.9124087591240876,0.06554427785099826,0.08759124087591241,SAFE_TO_EXECUTE,0.4283781735341417
4507019370_00010,"3-way match, invoice after GR",2018-06-08 09:31:00+00:00,49384.0,R4_99_100,ood_test_r4,NOT_SAFE_TO_EXECUTE,ood_exposure,0.8277839919314464,0.688034188034188,0.17221600806855364,0.31196581196581197,SAFE_TO_EXECUTE,0.8954296333667611
4507014498_00010,"3-way match, invoice before GR",2018-06-08 09:53:00+00:00,112178.0,R4_99_100,ood_test_r4,SAFE_TO_EXECUTE,ood_exposure,0.5498995934739925,0.4814814814814814,0.45010040652600747,0.5185185185185186,NOT_SAFE_TO_EXECUTE,0.9990102708804812
4507020598_00010,"3-way match, invoice after GR",2018-06-08 12:23:00+00:00,55557.0,R4_99_100,ood_test_r4,SAFE_TO_EXECUTE,ood_exposure,0.8156963003513986,0.688034188034188,0.18430369964860138,0.31196581196581197,SAFE_TO_EXECUTE,0.8954296333667611
4507020420_00010,"3-way match, invoice after GR",2018-06-08 12:37:00+00:00,49384.0,R4_99_100,ood_test_r4,SAFE_TO_EXECUTE,ood_exposure,0.8328735336275493,0.688034188034188,0.16712646637245065,0.31196581196581197,SAFE_TO_EXECUTE,0.8954296333667611
4507031241_00010,"3-way match, invoice before GR",2018-06-08 14:18:00+00:00,53819.0,R4_99_100,ood_test_r4,NOT_SAFE_TO_EXECUTE,ood_exposure,0.9126208300606039,0.9016736401673641,0.0873791699393961,0.09832635983263593,SAFE_TO_EXECUTE,0.46366771698440906
2000013574_00001,"3-way match, invoice after GR",2018-06-08 15:01:00+00:00,55578.0,R4_99_100,ood_test_r4,SAFE_TO_EXECUTE,ood_exposure,0.9960288326057827,1.0,0.003971167394217323,0.0,SAFE_TO_EXECUTE,5.123178885069411e-14
4507014501_00010,"3-way match, invoice before GR",2018-06-08 15:07:00+00:00,112178.0,R4_99_100,ood_test_r4,SAFE_TO_EXECUTE,ood_exposure,0.5490908855833286,0.4814814814814814,0.45090911441667136,0.5185185185185186,NOT_SAFE_TO_EXECUTE,0.9990102708804812
2000013531_00001,"3-way match, invoice after GR",2018-06-08 15:47:00+00:00,240216.0,R4_99_100,ood_test_r4,SAFE_TO_EXECUTE,ood_exposure,0.9070626334864047,0.9016736401673641,0.0929373665135953,0.09832635983263593,SAFE_TO_EXECUTE,0.46366771698440906
2000013448_00001,"3-way match, invoice after GR",2018-06-11 08:55:00+00:00,207846.0,R4_99_100,ood_test_r4,NOT_SAFE_TO_EXECUTE,ood_exposure,0.8187554180489142,0.688034188034188,0.18124458195108584,0.31196581196581197,SAFE_TO_EXECUTE,0.8954296333667611
4507013907_00060,"3-way match, invoice before GR",2018-06-11 09:32:00+00:00,51085.0,R4_99_100,ood_test_r4,SAFE_TO_EXECUTE,ood_exposure,0.9359599352643775,0.9285714285714286,0.06404006473562252,0.0714285714285714,SAFE_TO_EXECUTE,0.3712323266408756
4507015464_00020,"3-way match, invoice before GR",2018-06-11 09:40:00+00:00,70413.0,R4_99_100,ood_test_r4,SAFE_TO_EXECUTE,ood_exposure,0.8632162044758893,0.8608305274971941,0.13678379552411069,0.13916947250280587,SAFE_TO_EXECUTE,0.5820595955256006
4507013907_00070,"3-way match, invoice before GR",2018-06-11 09:50:00+00:00,74541.0,R4_99_100,ood_test_r4,SAFE_TO_EXECUTE,ood_exposure,0.7534177524903979,0.6842105263157895,0.24658224750960211,0.3157894736842105,SAFE_TO_EXECUTE,0.8997437586982626
4507026055_00020,"3-way match, invoice before GR",2018-06-11 10:38:00+00:00,57846.0,R4_99_100,ood_test_r4,SAFE_TO_EXECUTE,ood_exposure,0.8582277818699879,0.8608305274971941,0.14177221813001206,0.13916947250280587,SAFE_TO_EXECUTE,0.5820595955256006
4507019372_00010,"3-way match, invoice after GR",2018-06-11 10:50:00+00:00,54668.0,R4_99_100,ood_test_r4,SAFE_TO_EXECUTE,ood_exposure,0.8117114786659401,0.688034188034188,0.18828852133405993,0.31196581196581197,SAFE_TO_EXECUTE,0.8954296333667611
4507020422_00010,"3-way match, invoice after GR",2018-06-11 10:51:00+00:00,54939.0,R4_99_100,ood_test_r4,SAFE_TO_EXECUTE,ood_exposure,0.7294788975488553,0.6206896551724138,0.2705211024511447,0.3793103448275862,SAFE_TO_EXECUTE,0.9575534837147484
4507020952_00010,"3-way match, invoice after GR",2018-06-11 10:57:00+00:00,55269.0,R4_99_100,ood_test_r4,SAFE_TO_EXECUTE,ood_exposure,0.7273930612404743,0.6206896551724138,0.2726069387595257,0.3793103448275862,SAFE_TO_EXECUTE,0.9575534837147484
2000000102_00001,"3-way match, invoice after GR",2018-06-11 13:12:00+00:00,132664.0,R4_99_100,ood_test_r4,NOT_SAFE_TO_EXECUTE,ood_exposure,0.9733270803460871,0.9771607702642185,0.02667291965391294,0.022839229735781452,SAFE_TO_EXECUTE,0.15709816484233138
4507031463_00010,"3-way match, invoice before GR",2018-06-12 08:15:00+00:00,68930.0,R4_99_100,ood_test_r4,SAFE_TO_EXECUTE,ood_exposure,0.9614100339617652,0.9702325581395349,0.038589966038234835,0.029767441860465094,SAFE_TO_EXECUTE,0.19322424629252893
4507023633_00010,"3-way match, invoice after GR",2018-06-12 08:51:00+00:00,55127.0,R4_99_100,ood_test_r4,SAFE_TO_EXECUTE,ood_exposure,0.8761462562335915,0.8608305274971941,0.12385374376640845,0.13916947250280587,SAFE_TO_EXECUTE,0.5820595955256006
4507017979_00010,"3-way match, invoice before GR",2018-06-12 09:01:00+00:00,127742.0,R4_99_100,ood_test_r4,NOT_SAFE_TO_EXECUTE,ood_exposure,0.24093346228437407,0.41025641025641024,0.7590665377156259,0.5897435897435898,NOT_SAFE_TO_EXECUTE,0.9766349114440102
4507017987_00020,"3-way match, invoice before GR",2018-06-12 09:39:00+00:00,127742.0,R4_99_100,ood_test_r4,NOT_SAFE_TO_EXECUTE,ood_exposure,0.2338643223944593,0.41025641025641024,0.7661356776055407,0.5897435897435898,NOT_SAFE_TO_EXECUTE,0.9766349114440102
4507028733_00010,"3-way match, invoice before GR",2018-06-12 09:48:00+00:00,56752.0,R4_99_100,ood_test_r4,SAFE_TO_EXECUTE,ood_exposure,0.8250935964596857,0.688034188034188,0.17490640354031428,0.31196581196581197,SAFE_TO_EXECUTE,0.8954296333667611
4507022062_00010,"3-way match, invoice before GR",2018-06-12 09:53:00+00:00,54746.0,R4_99_100,ood_test_r4,NOT_SAFE_TO_EXECUTE,ood_exposure,9.837968467149669e-06,0.0,0.9999901620315329,1.0,NOT_SAFE_TO_EXECUTE,5.1270463350027155e-14
4507016709_00010,"3-way match, invoice before GR",2018-06-12 10:02:00+00:00,218986.0,R4_99_100,ood_test_r4,NOT_SAFE_TO_EXECUTE,ood_exposure,0.01690507728048736,0.41025641025641024,0.9830949227195126,0.5897435897435898,NOT_SAFE_TO_EXECUTE,0.9766349114440102
4507028340_00010,"3-way match, invoice before GR",2018-06-12 12:04:00+00:00,63739.0,R4_99_100,ood_test_r4,SAFE_TO_EXECUTE,ood_exposure,0.9287592892441379,0.9016736401673641,0.07124071075586214,0.09832635983263593,SAFE_TO_EXECUTE,0.46366771698440906
4507032439_00010,"3-way match, invoice before GR",2018-06-12 12:16:00+00:00,56752.0,R4_99_100,ood_test_r4,SAFE_TO_EXECUTE,ood_exposure,0.8356495933770208,0.688034188034188,0.16435040662297917,0.31196581196581197,SAFE_TO_EXECUTE,0.8954296333667611
4507023159_00010,"3-way match, invoice before GR",2018-06-12 12:21:00+00:00,127742.0,R4_99_100,ood_test_r4,SAFE_TO_EXECUTE,ood_exposure,0.17608665461361625,0.41025641025641024,0.8239133453863837,0.5897435897435898,NOT_SAFE_TO_EXECUTE,0.9766349114440102
4507020093_00030,"3-way match, invoice before GR",2018-06-12 15:54:00+00:00,54746.0,R4_99_100,ood_test_r4,SAFE_TO_EXECUTE,ood_exposure,0.9349383361110118,0.9285714285714286,0.06506166388898815,0.0714285714285714,SAFE_TO_EXECUTE,0.3712323266408756
4507023161_00010,"3-way match, invoice before GR",2018-06-12 16:00:00+00:00,127742.0,R4_99_100,ood_test_r4,NOT_SAFE_TO_EXECUTE,ood_exposure,0.0622632787906558,0.41025641025641024,0.9377367212093441,0.5897435897435898,NOT_SAFE_TO_EXECUTE,0.9766349114440102
4507032616_00010,"3-way match, invoice before GR",2018-06-13 03:32:00+00:00,68114.0,R4_99_100,ood_test_r4,NOT_SAFE_TO_EXECUTE,ood_exposure,0.0001765831849035322,0.0,0.9998234168150965,1.0,NOT_SAFE_TO_EXECUTE,5.1270463350027155e-14
4507020155_00020,"3-way match, invoice before GR",2018-06-13 15:52:00+00:00,61033.0,R4_99_100,ood_test_r4,NOT_SAFE_TO_EXECUTE,ood_exposure,7.085464689029095e-06,0.0,0.9999929145353109,1.0,NOT_SAFE_TO_EXECUTE,5.1270463350027155e-14
4507030219_00010,"3-way match, invoice before GR",2018-06-13 16:20:00+00:00,69108.0,R4_99_100,ood_test_r4,SAFE_TO_EXECUTE,ood_exposure,0.8501367679267651,0.8608305274971941,0.14986323207323493,0.13916947250280587,SAFE_TO_EXECUTE,0.5820595955256006
4507011402_00010,"3-way match, invoice before GR",2018-06-14 14:09:00+00:00,72962.0,R4_99_100,ood_test_r4,SAFE_TO_EXECUTE,ood_exposure,0.9310375538614948,0.9016736401673641,0.06896244613850522,0.09832635983263593,SAFE_TO_EXECUTE,0.46366771698440906
4507023550_00010,"3-way match, invoice before GR",2018-06-15 07:40:00+00:00,130700.0,R4_99_100,ood_test_r4,SAFE_TO_EXECUTE,ood_exposure,0.662534135209752,0.5882352941176471,0.337465864790248,0.4117647058823529,SAFE_TO_EXECUTE,0.9774178175281716
4507024387_00050,"3-way match, invoice before GR",2018-06-15 11:03:00+00:00,49554.0,R4_99_100,ood_test_r4,SAFE_TO_EXECUTE,ood_exposure,0.8649217627802689,0.8608305274971941,0.1350782372197311,0.13916947250280587,SAFE_TO_EXECUTE,0.5820595955256006
4507034797_00010,"3-way match, invoice after GR",2018-06-18 08:40:00+00:00,197081.0,R4_99_100,ood_test_r4,NOT_SAFE_TO_EXECUTE,ood_exposure,0.004674061793365375,0.26208222335143855,0.9953259382066346,0.7379177766485614,NOT_SAFE_TO_EXECUTE,0.829872248694019
4507034155_00010,"3-way match, invoice before GR",2018-06-18 13:32:00+00:00,54018.0,R4_99_100,ood_test_r4,NOT_SAFE_TO_EXECUTE,ood_exposure,0.7686711212386396,0.688034188034188,0.23132887876136043,0.31196581196581197,SAFE_TO_EXECUTE,0.8954296333667611
4507005414_00020,"3-way match, invoice before GR",2018-06-18 15:41:00+00:00,52813.0,R4_99_100,ood_test_r4,SAFE_TO_EXECUTE,ood_exposure,0.8931313103439811,0.8608305274971941,0.10686868965601892,0.13916947250280587,SAFE_TO_EXECUTE,0.5820595955256006
4507005408_00010,"3-way match, invoice before GR",2018-06-18 15:58:00+00:00,103548.0,R4_99_100,ood_test_r4,SAFE_TO_EXECUTE,ood_exposure,0.46218716328387827,0.41025641025641024,0.5378128367161217,0.5897435897435898,NOT_SAFE_TO_EXECUTE,0.9766349114440102
4507033361_00010,"3-way match, invoice before GR",2018-06-19 08:45:00+00:00,49252.0,R4_99_100,ood_test_r4,SAFE_TO_EXECUTE,ood_exposure,0.7772766171841531,0.688034188034188,0.22272338281584692,0.31196581196581197,SAFE_TO_EXECUTE,0.8954296333667611
4507035094_00010,"3-way match, invoice before GR",2018-06-19 09:10:00+00:00,49319.0,R4_99_100,ood_test_r4,SAFE_TO_EXECUTE,ood_exposure,0.7811342132191328,0.688034188034188,0.2188657867808672,0.31196581196581197,SAFE_TO_EXECUTE,0.8954296333667611
4507034802_00010,"3-way match, invoice before GR",2018-06-19 09:17:00+00:00,49319.0,R4_99_100,ood_test_r4,SAFE_TO_EXECUTE,ood_exposure,0.7827554589579839,0.688034188034188,0.21724454104201607,0.31196581196581197,SAFE_TO_EXECUTE,0.8954296333667611
4507035762_00010,"3-way match, invoice before GR",2018-06-19 09:25:00+00:00,54898.0,R4_99_100,ood_test_r4,NOT_SAFE_TO_EXECUTE,ood_exposure,0.7711053177750506,0.688034188034188,0.22889468222494935,0.31196581196581197,SAFE_TO_EXECUTE,0.8954296333667611
4507032441_00010,"3-way match, invoice before GR",2018-06-19 09:54:00+00:00,64951.0,R4_99_100,ood_test_r4,NOT_SAFE_TO_EXECUTE,ood_exposure,0.00010760586787804346,0.0,0.9998923941321219,1.0,NOT_SAFE_TO_EXECUTE,5.1270463350027155e-14
4507035365_00010,"3-way match, invoice before GR",2018-06-19 10:49:00+00:00,49389.0,R4_99_100,ood_test_r4,SAFE_TO_EXECUTE,ood_exposure,0.7837575982844589,0.688034188034188,0.2162424017155411,0.31196581196581197,SAFE_TO_EXECUTE,0.8954296333667611
4507034752_00010,"3-way match, invoice before GR",2018-06-19 11:20:00+00:00,55017.0,R4_99_100,ood_test_r4,NOT_SAFE_TO_EXECUTE,ood_exposure,0.5052879662888636,0.4620446711754449,0.49471203371113637,0.5379553288245551,NOT_SAFE_TO_EXECUTE,0.9958392855334609
4507030053_00010,"3-way match, invoice after GR",2018-06-19 12:03:00+00:00,55557.0,R4_99_100,ood_test_r4,NOT_SAFE_TO_EXECUTE,ood_exposure,0.6018576955858603,0.4814814814814814,0.39814230441413967,0.5185185185185186,NOT_SAFE_TO_EXECUTE,0.9990102708804812
4507030626_00010,"3-way match, invoice after GR",2018-06-19 12:50:00+00:00,55557.0,R4_99_100,ood_test_r4,NOT_SAFE_TO_EXECUTE,ood_exposure,0.6084478886633664,0.4814814814814814,0.3915521113366336,0.5185185185185186,NOT_SAFE_TO_EXECUTE,0.9990102708804812
4507032713_00010,"3-way match, invoice before GR",2018-06-19 12:50:00+00:00,56752.0,R4_99_100,ood_test_r4,NOT_SAFE_TO_EXECUTE,ood_exposure,4.175409271228793e-05,0.0,0.9999582459072877,1.0,NOT_SAFE_TO_EXECUTE,5.1270463350027155e-14
4507034124_00010,"3-way match, invoice before GR",2018-06-19 12:54:00+00:00,55074.0,R4_99_100,ood_test_r4,NOT_SAFE_TO_EXECUTE,ood_exposure,0.7642186429677248,0.688034188034188,0.2357813570322752,0.31196581196581197,SAFE_TO_EXECUTE,0.8954296333667611
4507035361_00010,"3-way match, invoice before GR",2018-06-19 12:55:00+00:00,49389.0,R4_99_100,ood_test_r4,SAFE_TO_EXECUTE,ood_exposure,0.7814220504977047,0.688034188034188,0.21857794950229525,0.31196581196581197,SAFE_TO_EXECUTE,0.8954296333667611
4507034401_00010,"3-way match, invoice before GR",2018-06-19 14:14:00+00:00,55174.0,R4_99_100,ood_test_r4,SAFE_TO_EXECUTE,ood_exposure,0.7645081090383873,0.688034188034188,0.23549189096161272,0.31196581196581197,SAFE_TO_EXECUTE,0.8954296333667611
4507030052_00010,"3-way match, invoice after GR",2018-06-19 14:15:00+00:00,55557.0,R4_99_100,ood_test_r4,NOT_SAFE_TO_EXECUTE,ood_exposure,0.6030516223767945,0.4814814814814814,0.39694837762320545,0.5185185185185186,NOT_SAFE_TO_EXECUTE,0.9990102708804812
4507033362_00010,"3-way match, invoice before GR",2018-06-19 15:29:00+00:00,49252.0,R4_99_100,ood_test_r4,SAFE_TO_EXECUTE,ood_exposure,0.7761455198338941,0.688034188034188,0.22385448016610587,0.31196581196581197,SAFE_TO_EXECUTE,0.8954296333667611
4507034576_00010,"3-way match, invoice before GR",2018-06-19 15:40:00+00:00,62491.0,R4_99_100,ood_test_r4,SAFE_TO_EXECUTE,ood_exposure,0.9490927724188487,0.9508196721311475,0.05090722758115129,0.049180327868852514,SAFE_TO_EXECUTE,0.28290479297989224
4507021326_00010,"3-way match, invoice after GR",2018-06-20 04:43:00+00:00,59577.0,R4_99_100,ood_test_r4,SAFE_TO_EXECUTE,ood_exposure,0.8071915436618411,0.688034188034188,0.1928084563381589,0.31196581196581197,SAFE_TO_EXECUTE,0.8954296333667611
4507023050_00010,"3-way match, invoice before GR",2018-06-20 08:40:00+00:00,112178.0,R4_99_100,ood_test_r4,SAFE_TO_EXECUTE,ood_exposure,0.5944939713244164,0.4814814814814814,0.4055060286755836,0.5185185185185186,NOT_SAFE_TO_EXECUTE,0.9990102708804812
4507014503_00010,"3-way match, invoice before GR",2018-06-20 09:16:00+00:00,112178.0,R4_99_100,ood_test_r4,SAFE_TO_EXECUTE,ood_exposure,0.5354876695279427,0.4814814814814814,0.4645123304720573,0.5185185185185186,NOT_SAFE_TO_EXECUTE,0.9990102708804812
4507014502_00010,"3-way match, invoice before GR",2018-06-20 14:46:00+00:00,112178.0,R4_99_100,ood_test_r4,SAFE_TO_EXECUTE,ood_exposure,0.5355224528998467,0.4814814814814814,0.4644775471001533,0.5185185185185186,NOT_SAFE_TO_EXECUTE,0.9990102708804812
4507030380_00010,"3-way match, invoice before GR",2018-06-20 14:52:00+00:00,89373.0,R4_99_100,ood_test_r4,SAFE_TO_EXECUTE,ood_exposure,0.6677422831061068,0.5882352941176471,0.33225771689389316,0.4117647058823529,SAFE_TO_EXECUTE,0.9774178175281716
4507031671_00010,"3-way match, invoice before GR",2018-06-21 13:41:00+00:00,51615.0,R4_99_100,ood_test_r4,SAFE_TO_EXECUTE,ood_exposure,0.7946470142969677,0.688034188034188,0.2053529857030323,0.31196581196581197,SAFE_TO_EXECUTE,0.8954296333667611
4507027784_00010,"3-way match, invoice before GR",2018-06-21 14:34:00+00:00,98212.0,R4_99_100,ood_test_r4,NOT_SAFE_TO_EXECUTE,ood_exposure,7.634178237274307e-06,0.0,0.9999923658217628,1.0,NOT_SAFE_TO_EXECUTE,5.1270463350027155e-14
4507032694_00010,"3-way match, invoice before GR",2018-06-21 14:56:00+00:00,56741.0,R4_99_100,ood_test_r4,NOT_SAFE_TO_EXECUTE,ood_exposure,8.303366008266766e-05,0.0,0.9999169663399173,1.0,NOT_SAFE_TO_EXECUTE,5.1270463350027155e-14
4507032046_00010,"3-way match, invoice before GR",2018-06-21 14:59:00+00:00,136024.0,R4_99_100,ood_test_r4,NOT_SAFE_TO_EXECUTE,ood_exposure,2.3800829684418987e-06,0.0,0.9999976199170315,1.0,NOT_SAFE_TO_EXECUTE,5.1270463350027155e-14
4507028999_00010,"3-way match, invoice before GR",2018-06-22 04:32:00+00:00,55221.0,R4_99_100,ood_test_r4,NOT_SAFE_TO_EXECUTE,ood_exposure,0.9387137328089394,0.9285714285714286,0.06128626719106056,0.0714285714285714,SAFE_TO_EXECUTE,0.3712323266408756
4507021985_00010,"3-way match, invoice before GR",2018-06-22 06:35:00+00:00,107955.0,R4_99_100,ood_test_r4,SAFE_TO_EXECUTE,ood_exposure,0.5987760084779065,0.4814814814814814,0.40122399152209354,0.5185185185185186,NOT_SAFE_TO_EXECUTE,0.9990102708804812
4507020037_00010,"3-way match, invoice before GR",2018-06-22 06:59:00+00:00,107955.0,R4_99_100,ood_test_r4,NOT_SAFE_TO_EXECUTE,ood_exposure,1.1290657886814989e-05,0.0,0.9999887093421131,1.0,NOT_SAFE_TO_EXECUTE,5.1270463350027155e-14
4507016336_00020,"3-way match, invoice before GR",2018-06-22 08:24:00+00:00,67896.0,R4_99_100,ood_test_r4,SAFE_TO_EXECUTE,ood_exposure,0.8835679117803518,0.8608305274971941,0.11643208821964823,0.13916947250280587,SAFE_TO_EXECUTE,0.5820595955256006
4507026608_00010,"3-way match, invoice before GR",2018-06-22 09:37:00+00:00,107955.0,R4_99_100,ood_test_r4,SAFE_TO_EXECUTE,ood_exposure,0.6173452761789249,0.4814814814814814,0.3826547238210751,0.5185185185185186,NOT_SAFE_TO_EXECUTE,0.9990102708804812
4507029783_00010,"3-way match, invoice before GR",2018-06-22 09:38:00+00:00,112453.0,R4_99_100,ood_test_r4,SAFE_TO_EXECUTE,ood_exposure,0.4988952647228313,0.4309326622306517,0.5011047352771687,0.5690673377693483,NOT_SAFE_TO_EXECUTE,0.9861917215942042
4507029781_00010,"3-way match, invoice before GR",2018-06-22 09:40:00+00:00,112453.0,R4_99_100,ood_test_r4,SAFE_TO_EXECUTE,ood_exposure,0.4997320150335909,0.4350049598162667,0.5002679849664091,0.5649950401837334,NOT_SAFE_TO_EXECUTE,0.9877765262623502
4507033197_00010,"3-way match, invoice before GR",2018-06-22 09:43:00+00:00,112453.0,R4_99_100,ood_test_r4,SAFE_TO_EXECUTE,ood_exposure,0.6436493950572627,0.4814814814814814,0.3563506049427373,0.5185185185185186,NOT_SAFE_TO_EXECUTE,0.9990102708804812
4507023085_00200,"3-way match, invoice before GR",2018-06-23 06:50:00+00:00,91351.0,R4_99_100,ood_test_r4,NOT_SAFE_TO_EXECUTE,ood_exposure,0.17951874587479208,0.41025641025641024,0.8204812541252079,0.5897435897435898,NOT_SAFE_TO_EXECUTE,0.9766349114440102
4507032716_00010,"3-way match, invoice before GR",2018-06-23 08:03:00+00:00,56752.0,R4_99_100,ood_test_r4,SAFE_TO_EXECUTE,ood_exposure,0.8272192341747039,0.688034188034188,0.1727807658252961,0.31196581196581197,SAFE_TO_EXECUTE,0.8954296333667611
4507033723_00010,"3-way match, invoice before GR",2018-06-23 10:15:00+00:00,51615.0,R4_99_100,ood_test_r4,SAFE_TO_EXECUTE,ood_exposure,0.8030937170259971,0.688034188034188,0.19690628297400292,0.31196581196581197,SAFE_TO_EXECUTE,0.8954296333667611
4507030546_00010,"3-way match, invoice before GR",2018-06-25 10:00:00+00:00,72139.0,R4_99_100,ood_test_r4,SAFE_TO_EXECUTE,ood_exposure,0.899601903013181,0.8608305274971941,0.10039809698681901,0.13916947250280587,SAFE_TO_EXECUTE,0.5820595955256006
4507035590_00010,"3-way match, invoice before GR",2018-06-25 10:18:00+00:00,84870.0,R4_99_100,ood_test_r4,SAFE_TO_EXECUTE,ood_exposure,0.8856548517925322,0.8608305274971941,0.11434514820746777,0.13916947250280587,SAFE_TO_EXECUTE,0.5820595955256006
4507029890_00010,"3-way match, invoice before GR",2018-06-25 10:31:00+00:00,51615.0,R4_99_100,ood_test_r4,SAFE_TO_EXECUTE,ood_exposure,0.7888235647147425,0.688034188034188,0.21117643528525754,0.31196581196581197,SAFE_TO_EXECUTE,0.8954296333667611
4507032048_00010,"3-way match, invoice before GR",2018-06-25 11:51:00+00:00,136024.0,R4_99_100,ood_test_r4,SAFE_TO_EXECUTE,ood_exposure,0.3412660236678109,0.41025641025641024,0.6587339763321891,0.5897435897435898,NOT_SAFE_TO_EXECUTE,0.9766349114440102
4507032386_00010,"3-way match, invoice before GR",2018-06-25 12:23:00+00:00,54889.0,R4_99_100,ood_test_r4,SAFE_TO_EXECUTE,ood_exposure,0.9422668316527428,0.9285714285714286,0.05773316834725717,0.0714285714285714,SAFE_TO_EXECUTE,0.3712323266408756
4507032384_00010,"3-way match, invoice before GR",2018-06-25 12:26:00+00:00,54889.0,R4_99_100,ood_test_r4,SAFE_TO_EXECUTE,ood_exposure,0.9423837434576764,0.9285714285714286,0.05761625654232361,0.0714285714285714,SAFE_TO_EXECUTE,0.3712323266408756
4507031418_00010,"3-way match, invoice before GR",2018-06-25 14:57:00+00:00,49907.0,R4_99_100,ood_test_r4,SAFE_TO_EXECUTE,ood_exposure,0.9610761082297354,0.9702325581395349,0.03892389177026456,0.029767441860465094,SAFE_TO_EXECUTE,0.19322424629252893
4507036557_00010,"3-way match, invoice before GR",2018-06-26 03:49:00+00:00,54497.0,R4_99_100,ood_test_r4,NOT_SAFE_TO_EXECUTE,ood_exposure,0.7680899579753053,0.688034188034188,0.23191004202469467,0.31196581196581197,SAFE_TO_EXECUTE,0.8954296333667611
4507032819_00010,"3-way match, invoice before GR",2018-06-26 09:59:00+00:00,51055.0,R4_99_100,ood_test_r4,NOT_SAFE_TO_EXECUTE,ood_exposure,0.5858712158720437,0.4814814814814814,0.4141287841279563,0.5185185185185186,NOT_SAFE_TO_EXECUTE,0.9990102708804812
4507032452_00010,"3-way match, invoice after GR",2018-06-26 10:25:00+00:00,55557.0,R4_99_100,ood_test_r4,SAFE_TO_EXECUTE,ood_exposure,0.8333577193451839,0.688034188034188,0.16664228065481612,0.31196581196581197,SAFE_TO_EXECUTE,0.8954296333667611
2000013552_00001,"3-way match, invoice after GR",2018-06-26 10:50:00+00:00,428204.0,R4_99_100,ood_test_r4,NOT_SAFE_TO_EXECUTE,ood_exposure,0.03713016682873366,0.41025641025641024,0.9628698331712664,0.5897435897435898,NOT_SAFE_TO_EXECUTE,0.9766349114440102
4507021465_00010,"3-way match, invoice before GR",2018-06-26 11:07:00+00:00,105785.0,R4_99_100,ood_test_r4,SAFE_TO_EXECUTE,ood_exposure,0.8709504853820621,0.8608305274971941,0.1290495146179379,0.13916947250280587,SAFE_TO_EXECUTE,0.5820595955256006
4507031095_00010,"3-way match, invoice before GR",2018-06-26 11:34:00+00:00,55407.0,R4_99_100,ood_test_r4,SAFE_TO_EXECUTE,ood_exposure,0.8819997416055041,0.8608305274971941,0.1180002583944959,0.13916947250280587,SAFE_TO_EXECUTE,0.5820595955256006
4507030793_00010,"3-way match, invoice before GR",2018-06-26 12:10:00+00:00,49690.0,R4_99_100,ood_test_r4,SAFE_TO_EXECUTE,ood_exposure,0.9373821210319806,0.9285714285714286,0.0626178789680194,0.0714285714285714,SAFE_TO_EXECUTE,0.3712323266408756
4507035989_00010,"3-way match, invoice before GR",2018-06-26 12:18:00+00:00,54817.0,R4_99_100,ood_test_r4,SAFE_TO_EXECUTE,ood_exposure,0.7650152960351417,0.688034188034188,0.23498470396485827,0.31196581196581197,SAFE_TO_EXECUTE,0.8954296333667611
4507032451_00010,"3-way match, invoice after GR",2018-06-26 14:58:00+00:00,55557.0,R4_99_100,ood_test_r4,SAFE_TO_EXECUTE,ood_exposure,0.833698971642442,0.688034188034188,0.166301028357558,0.31196581196581197,SAFE_TO_EXECUTE,0.8954296333667611
4507018843_00010,"3-way match, invoice before GR",2018-06-27 08:35:00+00:00,96994.0,R4_99_100,ood_test_r4,NOT_SAFE_TO_EXECUTE,ood_exposure,1.5606102155125724e-05,0.0,0.9999843938978449,1.0,NOT_SAFE_TO_EXECUTE,5.1270463350027155e-14
4507030174_00010,"3-way match, invoice before GR",2018-06-27 08:58:00+00:00,51441.0,R4_99_100,ood_test_r4,SAFE_TO_EXECUTE,ood_exposure,0.4568796024794324,0.41025641025641024,0.5431203975205676,0.5897435897435898,NOT_SAFE_TO_EXECUTE,0.9766349114440102
4507031210_00010,"3-way match, invoice before GR",2018-06-27 10:27:00+00:00,56414.0,R4_99_100,ood_test_r4,NOT_SAFE_TO_EXECUTE,ood_exposure,0.0001643161231609997,0.0,0.999835683876839,1.0,NOT_SAFE_TO_EXECUTE,5.1270463350027155e-14
4507027806_00010,"3-way match, invoice before GR",2018-06-27 10:31:00+00:00,59882.0,R4_99_100,ood_test_r4,NOT_SAFE_TO_EXECUTE,ood_exposure,0.8421620670006524,0.8608305274971941,0.15783793299934756,0.13916947250280587,SAFE_TO_EXECUTE,0.5820595955256006
4507033685_00010,"3-way match, invoice before GR",2018-06-27 13:27:00+00:00,56752.0,R4_99_100,ood_test_r4,NOT_SAFE_TO_EXECUTE,ood_exposure,0.8278464745889175,0.688034188034188,0.17215352541108253,0.31196581196581197,SAFE_TO_EXECUTE,0.8954296333667611
4507032822_00010,"3-way match, invoice before GR",2018-06-27 13:53:00+00:00,56752.0,R4_99_100,ood_test_r4,NOT_SAFE_TO_EXECUTE,ood_exposure,0.823473854189033,0.688034188034188,0.17652614581096704,0.31196581196581197,SAFE_TO_EXECUTE,0.8954296333667611
4507023653_00010,"3-way match, invoice after GR",2018-06-27 14:05:00+00:00,62999.0,R4_99_100,ood_test_r4,SAFE_TO_EXECUTE,ood_exposure,0.8207989960107477,0.688034188034188,0.17920100398925232,0.31196581196581197,SAFE_TO_EXECUTE,0.8954296333667611
4507027385_00010,"3-way match, invoice before GR",2018-06-28 08:23:00+00:00,111398.0,R4_99_100,ood_test_r4,SAFE_TO_EXECUTE,ood_exposure,0.7010996410197177,0.6206896551724138,0.29890035898028233,0.3793103448275862,SAFE_TO_EXECUTE,0.9575534837147484
4507023209_00010,"3-way match, invoice before GR",2018-06-28 11:16:00+00:00,127742.0,R4_99_100,ood_test_r4,SAFE_TO_EXECUTE,ood_exposure,0.16510095476576123,0.41025641025641024,0.8348990452342387,0.5897435897435898,NOT_SAFE_TO_EXECUTE,0.9766349114440102
4507033132_00010,"3-way match, invoice before GR",2018-06-28 11:30:00+00:00,60367.0,R4_99_100,ood_test_r4,SAFE_TO_EXECUTE,ood_exposure,0.7556362413219319,0.6842105263157895,0.24436375867806814,0.3157894736842105,SAFE_TO_EXECUTE,0.8997437586982626
4507023162_00010,"3-way match, invoice before GR",2018-06-28 11:34:00+00:00,127742.0,R4_99_100,ood_test_r4,SAFE_TO_EXECUTE,ood_exposure,0.16548645602761006,0.41025641025641024,0.83451354397239,0.5897435897435898,NOT_SAFE_TO_EXECUTE,0.9766349114440102
4507032382_00010,"3-way match, invoice before GR",2018-06-28 11:41:00+00:00,58117.0,R4_99_100,ood_test_r4,SAFE_TO_EXECUTE,ood_exposure,0.9101029112101382,0.9016736401673641,0.0898970887898618,0.09832635983263593,SAFE_TO_EXECUTE,0.46366771698440906
4507023226_00010,"3-way match, invoice before GR",2018-06-28 13:56:00+00:00,127742.0,R4_99_100,ood_test_r4,SAFE_TO_EXECUTE,ood_exposure,0.24303112502351168,0.41025641025641024,0.7569688749764883,0.5897435897435898,NOT_SAFE_TO_EXECUTE,0.9766349114440102
4507021014_00010,"3-way match, invoice before GR",2018-06-28 14:09:00+00:00,109493.0,R4_99_100,ood_test_r4,SAFE_TO_EXECUTE,ood_exposure,0.5657581542115525,0.4814814814814814,0.4342418457884475,0.5185185185185186,NOT_SAFE_TO_EXECUTE,0.9990102708804812
4507023225_00010,"3-way match, invoice before GR",2018-06-28 14:09:00+00:00,127742.0,R4_99_100,ood_test_r4,NOT_SAFE_TO_EXECUTE,ood_exposure,0.057271556900658174,0.41025641025641024,0.9427284430993418,0.5897435897435898,NOT_SAFE_TO_EXECUTE,0.9766349114440102
4507023232_00010,"3-way match, invoice before GR",2018-06-28 14:10:00+00:00,127742.0,R4_99_100,ood_test_r4,SAFE_TO_EXECUTE,ood_exposure,0.23991690359102394,0.41025641025641024,0.7600830964089761,0.5897435897435898,NOT_SAFE_TO_EXECUTE,0.9766349114440102
4507031231_00010,"3-way match, invoice before GR",2018-06-28 14:10:00+00:00,51206.0,R4_99_100,ood_test_r4,SAFE_TO_EXECUTE,ood_exposure,0.9759488443963936,0.9771607702642185,0.024051155603606378,0.022839229735781452,SAFE_TO_EXECUTE,0.15709816484233138
4507023233_00010,"3-way match, invoice before GR",2018-06-28 14:41:00+00:00,127742.0,R4_99_100,ood_test_r4,SAFE_TO_EXECUTE,ood_exposure,0.23904781651802032,0.41025641025641024,0.7609521834819797,0.5897435897435898,NOT_SAFE_TO_EXECUTE,0.9766349114440102
4507012178_00010,"3-way match, invoice before GR",2018-06-28 14:44:00+00:00,101595.0,R4_99_100,ood_test_r4,SAFE_TO_EXECUTE,ood_exposure,0.837745883158193,0.8608305274971941,0.16225411684180702,0.13916947250280587,SAFE_TO_EXECUTE,0.5820595955256006
4507032353_00020,"3-way match, invoice before GR",2018-06-28 14:45:00+00:00,58815.0,R4_99_100,ood_test_r4,NOT_SAFE_TO_EXECUTE,ood_exposure,0.9189956110490607,0.9016736401673641,0.08100438895093931,0.09832635983263593,SAFE_TO_EXECUTE,0.46366771698440906
4507012174_00010,"3-way match, invoice before GR",2018-06-28 14:48:00+00:00,101595.0,R4_99_100,ood_test_r4,SAFE_TO_EXECUTE,ood_exposure,0.8420986829409518,0.8608305274971941,0.1579013170590482,0.13916947250280587,SAFE_TO_EXECUTE,0.5820595955256006
4507012171_00010,"3-way match, invoice before GR",2018-06-28 14:52:00+00:00,101595.0,R4_99_100,ood_test_r4,NOT_SAFE_TO_EXECUTE,ood_exposure,0.844742263387588,0.8608305274971941,0.15525773661241205,0.13916947250280587,SAFE_TO_EXECUTE,0.5820595955256006
4507012177_00010,"3-way match, invoice before GR",2018-06-28 14:57:00+00:00,101595.0,R4_99_100,ood_test_r4,SAFE_TO_EXECUTE,ood_exposure,0.8391174916615513,0.8608305274971941,0.16088250833844875,0.13916947250280587,SAFE_TO_EXECUTE,0.5820595955256006
4507012173_00010,"3-way match, invoice before GR",2018-06-28 15:02:00+00:00,101595.0,R4_99_100,ood_test_r4,SAFE_TO_EXECUTE,ood_exposure,0.8427506655452679,0.8608305274971941,0.1572493344547321,0.13916947250280587,SAFE_TO_EXECUTE,0.5820595955256006
4507012170_00010,"3-way match, invoice before GR",2018-06-28 15:03:00+00:00,101595.0,R4_99_100,ood_test_r4,SAFE_TO_EXECUTE,ood_exposure,0.8456203944587062,0.8608305274971941,0.15437960554129382,0.13916947250280587,SAFE_TO_EXECUTE,0.5820595955256006
4507032782_00010,"3-way match, invoice before GR",2018-06-28 15:07:00+00:00,67342.0,R4_99_100,ood_test_r4,SAFE_TO_EXECUTE,ood_exposure,0.8961744836126682,0.8608305274971941,0.10382551638733184,0.13916947250280587,SAFE_TO_EXECUTE,0.5820595955256006
4507020334_00010,"3-way match, invoice before GR",2018-06-28 15:09:00+00:00,109493.0,R4_99_100,ood_test_r4,SAFE_TO_EXECUTE,ood_exposure,0.8446761052003712,0.8608305274971941,0.15532389479962883,0.13916947250280587,SAFE_TO_EXECUTE,0.5820595955256006
4507014505_00010,"3-way match, invoice before GR",2018-06-28 15:26:00+00:00,112178.0,R4_99_100,ood_test_r4,SAFE_TO_EXECUTE,ood_exposure,0.5270778648665537,0.4814814814814814,0.4729221351334463,0.5185185185185186,NOT_SAFE_TO_EXECUTE,0.9990102708804812
4507030526_00010,"3-way match, invoice before GR",2018-06-29 06:29:00+00:00,51067.0,R4_99_100,ood_test_r4,SAFE_TO_EXECUTE,ood_exposure,0.9453774422617918,0.947136563876652,0.05462255773820823,0.052863436123347984,SAFE_TO_EXECUTE,0.29843829931563803
4507034607_00010,"3-way match, invoice before GR",2018-06-29 07:35:00+00:00,55165.0,R4_99_100,ood_test_r4,SAFE_TO_EXECUTE,ood_exposure,0.9430779374973506,0.9285714285714286,0.05692206250264942,0.0714285714285714,SAFE_TO_EXECUTE,0.3712323266408756
4507032020_00010,"3-way match, invoice before GR",2018-06-29 09:22:00+00:00,64079.0,R4_99_100,ood_test_r4,NOT_SAFE_TO_EXECUTE,ood_exposure,4.581102223929396e-05,0.0,0.9999541889777607,1.0,NOT_SAFE_TO_EXECUTE,5.1270463350027155e-14
4507035594_00010,"3-way match, invoice before GR",2018-06-29 10:41:00+00:00,60968.0,R4_99_100,ood_test_r4,SAFE_TO_EXECUTE,ood_exposure,0.9000896640981482,0.8608305274971941,0.09991033590185183,0.13916947250280587,SAFE_TO_EXECUTE,0.5820595955256006
4507036149_00010,"3-way match, invoice before GR",2018-06-29 11:04:00+00:00,66683.0,R4_99_100,ood_test_r4,SAFE_TO_EXECUTE,ood_exposure,0.8264648773129692,0.688034188034188,0.17353512268703075,0.31196581196581197,SAFE_TO_EXECUTE,0.8954296333667611
2000013622_00001,"3-way match, invoice after GR",2018-06-29 14:53:00+00:00,129903.0,R4_99_100,ood_test_r4,SAFE_TO_EXECUTE,ood_exposure,0.9504968014556481,0.9508196721311475,0.04950319854435192,0.049180327868852514,SAFE_TO_EXECUTE,0.28290479297989224
2000000019_00001,"3-way match, invoice after GR",2018-06-29 14:56:00+00:00,502814.0,R4_99_100,ood_test_r4,NOT_SAFE_TO_EXECUTE,ood_exposure,0.00017885046147340364,0.0,0.9998211495385266,1.0,NOT_SAFE_TO_EXECUTE,5.1270463350027155e-14
4507029789_00010,"3-way match, invoice before GR",2018-06-29 15:13:00+00:00,112453.0,R4_99_100,ood_test_r4,SAFE_TO_EXECUTE,ood_exposure,0.48786438881465305,0.41025641025641024,0.512135611185347,0.5897435897435898,NOT_SAFE_TO_EXECUTE,0.9766349114440102
4507029791_00010,"3-way match, invoice before GR",2018-06-29 15:16:00+00:00,112453.0,R4_99_100,ood_test_r4,SAFE_TO_EXECUTE,ood_exposure,0.48645152688410803,0.41025641025641024,0.5135484731158919,0.5897435897435898,NOT_SAFE_TO_EXECUTE,0.9766349114440102
4507029790_00010,"3-way match, invoice before GR",2018-06-29 15:19:00+00:00,112453.0,R4_99_100,ood_test_r4,SAFE_TO_EXECUTE,ood_exposure,0.48709291732463816,0.41025641025641024,0.5129070826753619,0.5897435897435898,NOT_SAFE_TO_EXECUTE,0.9766349114440102
4507025531_00010,"3-way match, invoice before GR",2018-06-30 11:51:00+00:00,49575.0,R4_99_100,ood_test_r4,SAFE_TO_EXECUTE,ood_exposure,0.7421504995800946,0.6206896551724138,0.2578495004199054,0.3793103448275862,SAFE_TO_EXECUTE,0.9575534837147484
4507021921_00010,"3-way match, invoice before GR",2018-06-30 12:01:00+00:00,70494.0,R4_99_100,ood_test_r4,SAFE_TO_EXECUTE,ood_exposure,0.8547797543315983,0.8608305274971941,0.14522024566840175,0.13916947250280587,SAFE_TO_EXECUTE,0.5820595955256006
4507028060_00010,"3-way match, invoice before GR",2018-06-30 12:15:00+00:00,55258.0,R4_99_100,ood_test_r4,SAFE_TO_EXECUTE,ood_exposure,0.7385728904589839,0.6206896551724138,0.2614271095410161,0.3793103448275862,SAFE_TO_EXECUTE,0.9575534837147484
4507037236_00010,"3-way match, invoice before GR",2018-07-02 15:29:00+00:00,55085.0,R4_99_100,ood_test_r4,NOT_SAFE_TO_EXECUTE,ood_exposure,0.9447210194703014,0.9285714285714286,0.055278980529698596,0.0714285714285714,SAFE_TO_EXECUTE,0.3712323266408756
4507036156_00010,"3-way match, invoice before GR",2018-07-02 15:33:00+00:00,55131.0,R4_99_100,ood_test_r4,NOT_SAFE_TO_EXECUTE,ood_exposure,0.9431819166321489,0.9285714285714286,0.0568180833678511,0.0714285714285714,SAFE_TO_EXECUTE,0.3712323266408756
4507034201_00010,"3-way match, invoice before GR",2018-07-02 15:41:00+00:00,55224.0,R4_99_100,ood_test_r4,NOT_SAFE_TO_EXECUTE,ood_exposure,0.9414459257552721,0.9285714285714286,0.058554074244727916,0.0714285714285714,SAFE_TO_EXECUTE,0.3712323266408756
4507035579_00010,"3-way match, invoice before GR",2018-07-02 15:46:00+00:00,55321.0,R4_99_100,ood_test_r4,NOT_SAFE_TO_EXECUTE,ood_exposure,0.6173019122427779,0.4814814814814814,0.38269808775722214,0.5185185185185186,NOT_SAFE_TO_EXECUTE,0.9990102708804812
4507036153_00010,"3-way match, invoice before GR",2018-07-02 15:50:00+00:00,55131.0,R4_99_100,ood_test_r4,NOT_SAFE_TO_EXECUTE,ood_exposure,0.9096717515428336,0.9016736401673641,0.09032824845716636,0.09832635983263593,SAFE_TO_EXECUTE,0.46366771698440906
4507003965_00260,"3-way match, invoice after GR",2018-07-04 07:46:00+00:00,84470.0,R4_99_100,ood_test_r4,NOT_SAFE_TO_EXECUTE,ood_exposure,0.4779582142683245,0.41025641025641024,0.5220417857316755,0.5897435897435898,NOT_SAFE_TO_EXECUTE,0.9766349114440102
4507024387_00070,"3-way match, invoice before GR",2018-07-04 07:52:00+00:00,54044.0,R4_99_100,ood_test_r4,SAFE_TO_EXECUTE,ood_exposure,0.8442731171019638,0.8608305274971941,0.15572688289803616,0.13916947250280587,SAFE_TO_EXECUTE,0.5820595955256006
4507026762_00010,"3-way match, invoice before GR",2018-07-04 08:44:00+00:00,55827.0,R4_99_100,ood_test_r4,NOT_SAFE_TO_EXECUTE,ood_exposure,0.7251461192143532,0.6206896551724138,0.27485388078564676,0.3793103448275862,SAFE_TO_EXECUTE,0.9575534837147484
4507024725_00010,"3-way match, invoice before GR",2018-07-04 08:48:00+00:00,70494.0,R4_99_100,ood_test_r4,SAFE_TO_EXECUTE,ood_exposure,0.8618871237461179,0.8608305274971941,0.13811287625388213,0.13916947250280587,SAFE_TO_EXECUTE,0.5820595955256006
4507027140_00010,"3-way match, invoice before GR",2018-07-04 09:33:00+00:00,54851.0,R4_99_100,ood_test_r4,SAFE_TO_EXECUTE,ood_exposure,0.7335677488973606,0.6206896551724138,0.26643225110263935,0.3793103448275862,SAFE_TO_EXECUTE,0.9575534837147484
4507027141_00020,"3-way match, invoice before GR",2018-07-04 09:35:00+00:00,54851.0,R4_99_100,ood_test_r4,SAFE_TO_EXECUTE,ood_exposure,0.46251506837087314,0.41025641025641024,0.5374849316291268,0.5897435897435898,NOT_SAFE_TO_EXECUTE,0.9766349114440102
4507023940_00010,"3-way match, invoice after GR",2018-07-04 09:44:00+00:00,49384.0,R4_99_100,ood_test_r4,SAFE_TO_EXECUTE,ood_exposure,0.8189151693111981,0.688034188034188,0.18108483068880188,0.31196581196581197,SAFE_TO_EXECUTE,0.8954296333667611
4507028442_00010,"3-way match, invoice before GR",2018-07-04 09:44:00+00:00,49229.0,R4_99_100,ood_test_r4,SAFE_TO_EXECUTE,ood_exposure,0.7557317229819326,0.6842105263157895,0.24426827701806741,0.3157894736842105,SAFE_TO_EXECUTE,0.8997437586982626
4507023681_00010,"3-way match, invoice after GR",2018-07-04 09:51:00+00:00,49384.0,R4_99_100,ood_test_r4,NOT_SAFE_TO_EXECUTE,ood_exposure,0.8199868441866432,0.688034188034188,0.18001315581335675,0.31196581196581197,SAFE_TO_EXECUTE,0.8954296333667611
4507026576_00010,"3-way match, invoice after GR",2018-07-04 09:51:00+00:00,49384.0,R4_99_100,ood_test_r4,SAFE_TO_EXECUTE,ood_exposure,0.8299144675202822,0.688034188034188,0.1700855324797178,0.31196581196581197,SAFE_TO_EXECUTE,0.8954296333667611
4507028945_00010,"3-way match, invoice before GR",2018-07-04 09:52:00+00:00,54871.0,R4_99_100,ood_test_r4,SAFE_TO_EXECUTE,ood_exposure,0.47309292769612077,0.41025641025641024,0.5269070723038792,0.5897435897435898,NOT_SAFE_TO_EXECUTE,0.9766349114440102
4507027928_00010,"3-way match, invoice after GR",2018-07-04 10:27:00+00:00,49384.0,R4_99_100,ood_test_r4,SAFE_TO_EXECUTE,ood_exposure,0.833328602592975,0.688034188034188,0.16667139740702497,0.31196581196581197,SAFE_TO_EXECUTE,0.8954296333667611
4507014508_00010,"3-way match, invoice before GR",2018-07-04 10:52:00+00:00,112178.0,R4_99_100,ood_test_r4,SAFE_TO_EXECUTE,ood_exposure,0.5186011507876268,0.4814814814814814,0.4813988492123732,0.5185185185185186,NOT_SAFE_TO_EXECUTE,0.9990102708804812
4507014507_00010,"3-way match, invoice before GR",2018-07-04 10:53:00+00:00,112178.0,R4_99_100,ood_test_r4,SAFE_TO_EXECUTE,ood_exposure,0.5191284752786894,0.4814814814814814,0.48087152472131056,0.5185185185185186,NOT_SAFE_TO_EXECUTE,0.9990102708804812
4507030257_00010,"3-way match, invoice before GR",2018-07-04 11:15:00+00:00,49551.0,R4_99_100,ood_test_r4,SAFE_TO_EXECUTE,ood_exposure,0.7607338993485372,0.688034188034188,0.2392661006514628,0.31196581196581197,SAFE_TO_EXECUTE,0.8954296333667611
4507024332_00010,"3-way match, invoice after GR",2018-07-04 11:21:00+00:00,70148.0,R4_99_100,ood_test_r4,SAFE_TO_EXECUTE,ood_exposure,0.8260122133892426,0.688034188034188,0.17398778661075742,0.31196581196581197,SAFE_TO_EXECUTE,0.8954296333667611
4507014169_00010,"3-way match, invoice before GR",2018-07-04 11:23:00+00:00,112178.0,R4_99_100,ood_test_r4,SAFE_TO_EXECUTE,ood_exposure,0.5175430409982542,0.4814814814814814,0.4824569590017458,0.5185185185185186,NOT_SAFE_TO_EXECUTE,0.9990102708804812
4507031473_00010,"3-way match, invoice before GR",2018-07-04 11:50:00+00:00,55225.0,R4_99_100,ood_test_r4,NOT_SAFE_TO_EXECUTE,ood_exposure,0.7474318068141192,0.6842105263157895,0.25256819318588075,0.3157894736842105,SAFE_TO_EXECUTE,0.8997437586982626
4507032337_00010,"3-way match, invoice before GR",2018-07-04 12:05:00+00:00,55378.0,R4_99_100,ood_test_r4,SAFE_TO_EXECUTE,ood_exposure,0.7519573730942968,0.6842105263157895,0.24804262690570322,0.3157894736842105,SAFE_TO_EXECUTE,0.8997437586982626
4507026270_00010,"3-way match, invoice before GR",2018-07-04 12:51:00+00:00,70494.0,R4_99_100,ood_test_r4,SAFE_TO_EXECUTE,ood_exposure,0.8631096169701726,0.8608305274971941,0.13689038302982737,0.13916947250280587,SAFE_TO_EXECUTE,0.5820595955256006
4507032215_00010,"3-way match, invoice before GR",2018-07-04 12:56:00+00:00,55378.0,R4_99_100,ood_test_r4,SAFE_TO_EXECUTE,ood_exposure,0.751337059609498,0.6842105263157895,0.24866294039050196,0.3157894736842105,SAFE_TO_EXECUTE,0.8997437586982626
4507029675_00010,"3-way match, invoice after GR",2018-07-04 12:58:00+00:00,49384.0,R4_99_100,ood_test_r4,SAFE_TO_EXECUTE,ood_exposure,0.8376571690909608,0.8608305274971941,0.16234283090903923,0.13916947250280587,SAFE_TO_EXECUTE,0.5820595955256006
4507027737_00010,"3-way match, invoice before GR",2018-07-04 13:01:00+00:00,60621.0,R4_99_100,ood_test_r4,SAFE_TO_EXECUTE,ood_exposure,0.8845965413073184,0.8608305274971941,0.11540345869268165,0.13916947250280587,SAFE_TO_EXECUTE,0.5820595955256006
4507024082_00010,"3-way match, invoice before GR",2018-07-05 07:48:00+00:00,71533.0,R4_99_100,ood_test_r4,SAFE_TO_EXECUTE,ood_exposure,0.6391829183266909,0.4814814814814814,0.36081708167330906,0.5185185185185186,NOT_SAFE_TO_EXECUTE,0.9990102708804812
4507025194_00010,"3-way match, invoice after GR",2018-07-05 11:44:00+00:00,50371.0,R4_99_100,ood_test_r4,SAFE_TO_EXECUTE,ood_exposure,0.7383975124244,0.6206896551724138,0.2616024875756,0.3793103448275862,SAFE_TO_EXECUTE,0.9575534837147484
4507030641_00010,"3-way match, invoice before GR",2018-07-05 11:56:00+00:00,76419.0,R4_99_100,ood_test_r4,SAFE_TO_EXECUTE,ood_exposure,0.8077951130934824,0.688034188034188,0.1922048869065176,0.31196581196581197,SAFE_TO_EXECUTE,0.8954296333667611
4507034202_00010,"3-way match, invoice before GR",2018-07-06 08:12:00+00:00,55224.0,R4_99_100,ood_test_r4,NOT_SAFE_TO_EXECUTE,ood_exposure,0.9408862721019807,0.9285714285714286,0.059113727898019275,0.0714285714285714,SAFE_TO_EXECUTE,0.3712323266408756
4507035582_00010,"3-way match, invoice before GR",2018-07-06 12:04:00+00:00,55321.0,R4_99_100,ood_test_r4,SAFE_TO_EXECUTE,ood_exposure,0.9420581324091668,0.9285714285714286,0.057941867590833196,0.0714285714285714,SAFE_TO_EXECUTE,0.3712323266408756
4507036878_00010,"3-way match, invoice before GR",2018-07-06 12:40:00+00:00,54484.0,R4_99_100,ood_test_r4,NOT_SAFE_TO_EXECUTE,ood_exposure,0.7582156829504946,0.688034188034188,0.24178431704950543,0.31196581196581197,SAFE_TO_EXECUTE,0.8954296333667611
4507037215_00010,"3-way match, invoice before GR",2018-07-06 13:58:00+00:00,55085.0,R4_99_100,ood_test_r4,NOT_SAFE_TO_EXECUTE,ood_exposure,0.9436377127054503,0.9285714285714286,0.05636228729454973,0.0714285714285714,SAFE_TO_EXECUTE,0.3712323266408756
4507031420_00010,"3-way match, invoice before GR",2018-07-07 05:17:00+00:00,54234.0,R4_99_100,ood_test_r4,SAFE_TO_EXECUTE,ood_exposure,0.8153889227105642,0.688034188034188,0.18461107728943582,0.31196581196581197,SAFE_TO_EXECUTE,0.8954296333667611
4507040446_00010,"3-way match, invoice after GR",2018-07-07 06:33:00+00:00,51827.0,R4_99_100,ood_test_r4,SAFE_TO_EXECUTE,ood_exposure,0.8754293733708577,0.8608305274971941,0.12457062662914231,0.13916947250280587,SAFE_TO_EXECUTE,0.5820595955256006
4507027562_00010,"3-way match, invoice before GR",2018-07-07 08:50:00+00:00,62395.0,R4_99_100,ood_test_r4,SAFE_TO_EXECUTE,ood_exposure,0.7871623841401718,0.688034188034188,0.2128376158598282,0.31196581196581197,SAFE_TO_EXECUTE,0.8954296333667611
4507037330_00010,"3-way match, invoice before GR",2018-07-09 08:29:00+00:00,57919.0,R4_99_100,ood_test_r4,NOT_SAFE_TO_EXECUTE,ood_exposure,7.951527988918725e-05,0.0,0.9999204847201109,1.0,NOT_SAFE_TO_EXECUTE,5.1270463350027155e-14
4507036898_00010,"3-way match, invoice before GR",2018-07-09 08:49:00+00:00,51615.0,R4_99_100,ood_test_r4,NOT_SAFE_TO_EXECUTE,ood_exposure,3.372321265493076e-05,0.0,0.9999662767873451,1.0,NOT_SAFE_TO_EXECUTE,5.1270463350027155e-14
4507019505_00010,"3-way match, invoice before GR",2018-07-09 10:16:00+00:00,54904.0,R4_99_100,ood_test_r4,SAFE_TO_EXECUTE,ood_exposure,0.6949826743735273,0.6206896551724138,0.30501732562647266,0.3793103448275862,SAFE_TO_EXECUTE,0.9575534837147484
4507035763_00010,"3-way match, invoice before GR",2018-07-09 11:02:00+00:00,58799.0,R4_99_100,ood_test_r4,SAFE_TO_EXECUTE,ood_exposure,0.9620179612948293,0.9702325581395349,0.037982038705170695,0.029767441860465094,SAFE_TO_EXECUTE,0.19322424629252893
4507027429_00010,"3-way match, invoice before GR",2018-07-09 12:25:00+00:00,57746.0,R4_99_100,ood_test_r4,SAFE_TO_EXECUTE,ood_exposure,0.8681883999428655,0.8608305274971941,0.13181160005713455,0.13916947250280587,SAFE_TO_EXECUTE,0.5820595955256006
2000013658_00001,"3-way match, invoice after GR",2018-07-09 12:56:00+00:00,88202.0,R4_99_100,ood_test_r4,SAFE_TO_EXECUTE,ood_exposure,0.996877138067957,1.0,0.0031228619320430306,0.0,SAFE_TO_EXECUTE,5.123178885069411e-14
4507037214_00010,"3-way match, invoice before GR",2018-07-09 13:24:00+00:00,55085.0,R4_99_100,ood_test_r4,NOT_SAFE_TO_EXECUTE,ood_exposure,0.9426577280645668,0.9285714285714286,0.057342271935433176,0.0714285714285714,SAFE_TO_EXECUTE,0.3712323266408756
4507038302_00010,"3-way match, invoice before GR",2018-07-09 13:34:00+00:00,70494.0,R4_99_100,ood_test_r4,NOT_SAFE_TO_EXECUTE,ood_exposure,6.553291753937396e-05,0.0,0.9999344670824606,1.0,NOT_SAFE_TO_EXECUTE,5.1270463350027155e-14
2000013621_00001,"3-way match, invoice after GR",2018-07-09 13:54:00+00:00,91890.0,R4_99_100,ood_test_r4,SAFE_TO_EXECUTE,ood_exposure,0.9963756408136099,1.0,0.003624359186390147,0.0,SAFE_TO_EXECUTE,5.123178885069411e-14
4507038513_00010,"3-way match, invoice before GR",2018-07-09 14:59:00+00:00,49585.0,R4_99_100,ood_test_r4,NOT_SAFE_TO_EXECUTE,ood_exposure,0.7751259842218958,0.688034188034188,0.22487401577810417,0.31196581196581197,SAFE_TO_EXECUTE,0.8954296333667611
4507033180_00010,"3-way match, invoice before GR",2018-07-10 07:26:00+00:00,53581.0,R4_99_100,ood_test_r4,SAFE_TO_EXECUTE,ood_exposure,0.9637206891595442,0.9702325581395349,0.03627931084045577,0.029767441860465094,SAFE_TO_EXECUTE,0.19322424629252893
4507017962_00010,"3-way match, invoice after GR",2018-07-10 11:37:00+00:00,197892.0,R4_99_100,ood_test_r4,NOT_SAFE_TO_EXECUTE,ood_exposure,6.467505219322483e-05,0.0,0.9999353249478068,1.0,NOT_SAFE_TO_EXECUTE,5.1270463350027155e-14
4507014515_00010,"3-way match, invoice before GR",2018-07-10 14:07:00+00:00,112178.0,R4_99_100,ood_test_r4,SAFE_TO_EXECUTE,ood_exposure,0.5076630753457009,0.4736038552634083,0.4923369246542991,0.5263961447365917,NOT_SAFE_TO_EXECUTE,0.9979886509410325
4507019303_00010,"3-way match, invoice before GR",2018-07-11 08:02:00+00:00,108401.0,R4_99_100,ood_test_r4,NOT_SAFE_TO_EXECUTE,ood_exposure,0.3381397329795954,0.41025641025641024,0.6618602670204046,0.5897435897435898,NOT_SAFE_TO_EXECUTE,0.9766349114440102
2000013677_00001,"3-way match, invoice after GR",2018-07-11 13:25:00+00:00,124409.0,R4_99_100,ood_test_r4,NOT_SAFE_TO_EXECUTE,ood_exposure,0.9828880994079356,0.984023475709162,0.017111900592064355,0.015976524290837957,SAFE_TO_EXECUTE,0.118210481403578
4507041477_00010,"3-way match, invoice before GR",2018-07-12 08:48:00+00:00,52127.0,R4_99_100,ood_test_r4,NOT_SAFE_TO_EXECUTE,ood_exposure,7.458101961853207e-05,0.0,0.9999254189803815,1.0,NOT_SAFE_TO_EXECUTE,5.1270463350027155e-14
4507018878_00010,"3-way match, invoice before GR",2018-07-12 09:54:00+00:00,76321.0,R4_99_100,ood_test_r4,SAFE_TO_EXECUTE,ood_exposure,0.8167129133887718,0.688034188034188,0.18328708661122817,0.31196581196581197,SAFE_TO_EXECUTE,0.8954296333667611
4507005414_00010,"3-way match, invoice before GR",2018-07-12 10:30:00+00:00,52813.0,R4_99_100,ood_test_r4,SAFE_TO_EXECUTE,ood_exposure,0.6473651796843849,0.4814814814814814,0.3526348203156151,0.5185185185185186,NOT_SAFE_TO_EXECUTE,0.9990102708804812
4507020747_00010,"3-way match, invoice after GR",2018-07-12 10:31:00+00:00,65286.0,R4_99_100,ood_test_r4,SAFE_TO_EXECUTE,ood_exposure,3.6164697427518496e-05,0.0,0.9999638353025725,1.0,NOT_SAFE_TO_EXECUTE,5.1270463350027155e-14
4507014512_00010,"3-way match, invoice before GR",2018-07-12 15:03:00+00:00,112178.0,R4_99_100,ood_test_r4,SAFE_TO_EXECUTE,ood_exposure,0.5073102446791754,0.4718866984808572,0.4926897553208246,0.5281133015191428,NOT_SAFE_TO_EXECUTE,0.9977183065428128
4507036546_00010,"3-way match, invoice before GR",2018-07-13 05:29:00+00:00,59882.0,R4_99_100,ood_test_r4,NOT_SAFE_TO_EXECUTE,ood_exposure,0.8527259736922208,0.8608305274971941,0.1472740263077792,0.13916947250280587,SAFE_TO_EXECUTE,0.5820595955256006
4507036901_00010,"3-way match, invoice before GR",2018-07-13 06:08:00+00:00,179977.0,R4_99_100,ood_test_r4,NOT_SAFE_TO_EXECUTE,ood_exposure,9.420148742830547e-06,0.0,0.9999905798512572,1.0,NOT_SAFE_TO_EXECUTE,5.1270463350027155e-14
4507032464_00010,"3-way match, invoice before GR",2018-07-13 06:19:00+00:00,51365.0,R4_99_100,ood_test_r4,SAFE_TO_EXECUTE,ood_exposure,0.705035267919739,0.6206896551724138,0.29496473208026097,0.3793103448275862,SAFE_TO_EXECUTE,0.9575534837147484
4507034146_00010,"3-way match, invoice before GR",2018-07-13 06:21:00+00:00,67827.0,R4_99_100,ood_test_r4,NOT_SAFE_TO_EXECUTE,ood_exposure,0.949926879315082,0.9508196721311475,0.05007312068491798,0.049180327868852514,SAFE_TO_EXECUTE,0.28290479297989224
4507034138_00010,"3-way match, invoice after GR",2018-07-13 06:27:00+00:00,57881.0,R4_99_100,ood_test_r4,NOT_SAFE_TO_EXECUTE,ood_exposure,0.8223413861155998,0.688034188034188,0.17765861388440018,0.31196581196581197,SAFE_TO_EXECUTE,0.8954296333667611
4507037010_00010,"3-way match, invoice before GR",2018-07-13 06:29:00+00:00,55221.0,R4_99_100,ood_test_r4,SAFE_TO_EXECUTE,ood_exposure,0.7533328967302599,0.6842105263157895,0.24666710326974006,0.3157894736842105,SAFE_TO_EXECUTE,0.8997437586982626
4507037467_00010,"3-way match, invoice before GR",2018-07-13 06:41:00+00:00,53052.0,R4_99_100,ood_test_r4,SAFE_TO_EXECUTE,ood_exposure,0.8904273168250355,0.8608305274971941,0.10957268317496449,0.13916947250280587,SAFE_TO_EXECUTE,0.5820595955256006
4507037314_00010,"3-way match, invoice before GR",2018-07-13 06:55:00+00:00,59538.0,R4_99_100,ood_test_r4,SAFE_TO_EXECUTE,ood_exposure,0.908614949066888,0.9016736401673641,0.091385050933112,0.09832635983263593,SAFE_TO_EXECUTE,0.46366771698440906
4507035598_00010,"3-way match, invoice before GR",2018-07-13 10:55:00+00:00,70494.0,R4_99_100,ood_test_r4,SAFE_TO_EXECUTE,ood_exposure,0.8774776733017737,0.8608305274971941,0.12252232669822627,0.13916947250280587,SAFE_TO_EXECUTE,0.5820595955256006
4507017406_00010,"3-way match, invoice before GR",2018-07-13 14:50:00+00:00,101595.0,R4_99_100,ood_test_r4,SAFE_TO_EXECUTE,ood_exposure,0.8397971953752253,0.8608305274971941,0.16020280462477465,0.13916947250280587,SAFE_TO_EXECUTE,0.5820595955256006
4507017401_00010,"3-way match, invoice before GR",2018-07-13 14:57:00+00:00,101595.0,R4_99_100,ood_test_r4,SAFE_TO_EXECUTE,ood_exposure,0.8420487117561244,0.8608305274971941,0.1579512882438756,0.13916947250280587,SAFE_TO_EXECUTE,0.5820595955256006
4507017396_00010,"3-way match, invoice before GR",2018-07-13 15:26:00+00:00,101595.0,R4_99_100,ood_test_r4,SAFE_TO_EXECUTE,ood_exposure,0.8439739551734,0.8608305274971941,0.15602604482659999,0.13916947250280587,SAFE_TO_EXECUTE,0.5820595955256006
4507033199_00010,"3-way match, invoice before GR",2018-07-16 07:44:00+00:00,112453.0,R4_99_100,ood_test_r4,NOT_SAFE_TO_EXECUTE,ood_exposure,1.338997684209388e-05,0.0,0.9999866100231579,1.0,NOT_SAFE_TO_EXECUTE,5.1270463350027155e-14
4507029122_00010,"3-way match, invoice before GR",2018-07-16 08:15:00+00:00,82119.0,R4_99_100,ood_test_r4,NOT_SAFE_TO_EXECUTE,ood_exposure,5.0682452171045154e-05,0.0,0.999949317547829,1.0,NOT_SAFE_TO_EXECUTE,5.1270463350027155e-14
4507040472_00010,"3-way match, invoice before GR",2018-07-16 08:19:00+00:00,55619.0,R4_99_100,ood_test_r4,NOT_SAFE_TO_EXECUTE,ood_exposure,2.7000543714602942e-05,0.0,0.9999729994562854,1.0,NOT_SAFE_TO_EXECUTE,5.1270463350027155e-14
4507036919_00010,"3-way match, invoice before GR",2018-07-16 10:28:00+00:00,72962.0,R4_99_100,ood_test_r4,SAFE_TO_EXECUTE,ood_exposure,0.9510511172122,0.9556004036326943,0.04894888278779996,0.04439959636730573,SAFE_TO_EXECUTE,0.262112675977001
4507019634_00020,"3-way match, invoice after GR",2018-07-16 13:47:00+00:00,52611.0,R4_99_100,ood_test_r4,SAFE_TO_EXECUTE,ood_exposure,0.7459770384134491,0.6842105263157895,0.2540229615865509,0.3157894736842105,SAFE_TO_EXECUTE,0.8997437586982626
4507023068_00010,"3-way match, invoice before GR",2018-07-16 14:57:00+00:00,112178.0,R4_99_100,ood_test_r4,SAFE_TO_EXECUTE,ood_exposure,0.5609274972752281,0.4814814814814814,0.43907250272477194,0.5185185185185186,NOT_SAFE_TO_EXECUTE,0.9990102708804812
4507029017_00010,"3-way match, invoice before GR",2018-07-16 15:49:00+00:00,100597.0,R4_99_100,ood_test_r4,SAFE_TO_EXECUTE,ood_exposure,0.8098091081349859,0.688034188034188,0.19019089186501414,0.31196581196581197,SAFE_TO_EXECUTE,0.8954296333667611
4507038928_00010,"3-way match, invoice before GR",2018-07-17 08:16:00+00:00,77630.0,R4_99_100,ood_test_r4,NOT_SAFE_TO_EXECUTE,ood_exposure,2.9530264677631348e-05,0.0,0.9999704697353223,1.0,NOT_SAFE_TO_EXECUTE,5.1270463350027155e-14
4507023051_00010,"3-way match, invoice before GR",2018-07-17 13:03:00+00:00,112178.0,R4_99_100,ood_test_r4,SAFE_TO_EXECUTE,ood_exposure,0.557422780286559,0.4814814814814814,0.442577219713441,0.5185185185185186,NOT_SAFE_TO_EXECUTE,0.9990102708804812
4507014504_00010,"3-way match, invoice before GR",2018-07-17 14:54:00+00:00,112178.0,R4_99_100,ood_test_r4,SAFE_TO_EXECUTE,ood_exposure,0.49854977600118233,0.4292512372357197,0.5014502239988177,0.5707487627642803,NOT_SAFE_TO_EXECUTE,0.9855089210678005
4507023053_00010,"3-way match, invoice before GR",2018-07-17 14:55:00+00:00,112178.0,R4_99_100,ood_test_r4,SAFE_TO_EXECUTE,ood_exposure,0.5559815026587821,0.4814814814814814,0.4440184973412179,0.5185185185185186,NOT_SAFE_TO_EXECUTE,0.9990102708804812
4507023070_00010,"3-way match, invoice before GR",2018-07-18 12:28:00+00:00,112178.0,R4_99_100,ood_test_r4,SAFE_TO_EXECUTE,ood_exposure,0.28157896456951403,0.41025641025641024,0.718421035430486,0.5897435897435898,NOT_SAFE_TO_EXECUTE,0.9766349114440102
4507039093_00010,"3-way match, invoice before GR",2018-07-18 15:08:00+00:00,54441.0,R4_99_100,ood_test_r4,SAFE_TO_EXECUTE,ood_exposure,0.9439738488650695,0.9285714285714286,0.05602615113493048,0.0714285714285714,SAFE_TO_EXECUTE,0.3712323266408756
4507041896_00010,"3-way match, invoice before GR",2018-07-18 16:04:00+00:00,67342.0,R4_99_100,ood_test_r4,NOT_SAFE_TO_EXECUTE,ood_exposure,7.606956697470202e-05,0.0,0.9999239304330253,1.0,NOT_SAFE_TO_EXECUTE,5.1270463350027155e-14
4507030332_00020,"3-way match, invoice before GR",2018-07-19 07:46:00+00:00,143803.0,R4_99_100,ood_test_r4,SAFE_TO_EXECUTE,ood_exposure,0.21864440887750136,0.41025641025641024,0.7813555911224986,0.5897435897435898,NOT_SAFE_TO_EXECUTE,0.9766349114440102
4507004898_00010,"3-way match, invoice before GR",2018-07-20 06:50:00+00:00,111637.0,R4_99_100,ood_test_r4,SAFE_TO_EXECUTE,ood_exposure,0.4337358615516096,0.41025641025641024,0.5662641384483904,0.5897435897435898,NOT_SAFE_TO_EXECUTE,0.9766349114440102
4507034556_00020,"3-way match, invoice before GR",2018-07-20 07:14:00+00:00,64007.0,R4_99_100,ood_test_r4,SAFE_TO_EXECUTE,ood_exposure,0.9690064617123849,0.9771607702642185,0.030993538287615086,0.022839229735781452,SAFE_TO_EXECUTE,0.15709816484233138
4507023052_00010,"3-way match, invoice before GR",2018-07-20 07:20:00+00:00,112178.0,R4_99_100,ood_test_r4,NOT_SAFE_TO_EXECUTE,ood_exposure,0.5543658104176565,0.4814814814814814,0.44563418958234347,0.5185185185185186,NOT_SAFE_TO_EXECUTE,0.9990102708804812
4507025830_00010,"3-way match, invoice before GR",2018-07-20 10:33:00+00:00,82119.0,R4_99_100,ood_test_r4,SAFE_TO_EXECUTE,ood_exposure,0.4407541173344722,0.41025641025641024,0.5592458826655278,0.5897435897435898,NOT_SAFE_TO_EXECUTE,0.9766349114440102
4507031059_00010,"3-way match, invoice before GR",2018-07-20 10:35:00+00:00,140036.0,R4_99_100,ood_test_r4,SAFE_TO_EXECUTE,ood_exposure,0.6319839019516978,0.4814814814814814,0.36801609804830215,0.5185185185185186,NOT_SAFE_TO_EXECUTE,0.9990102708804812
4507029314_00010,"3-way match, invoice before GR",2018-07-20 11:01:00+00:00,132304.0,R4_99_100,ood_test_r4,NOT_SAFE_TO_EXECUTE,ood_exposure,0.08873505076961775,0.41025641025641024,0.9112649492303823,0.5897435897435898,NOT_SAFE_TO_EXECUTE,0.9766349114440102
4507023235_00010,"3-way match, invoice before GR",2018-07-20 11:44:00+00:00,127742.0,R4_99_100,ood_test_r4,SAFE_TO_EXECUTE,ood_exposure,0.22544125920900987,0.41025641025641024,0.7745587407909902,0.5897435897435898,NOT_SAFE_TO_EXECUTE,0.9766349114440102
4507029969_00010,"3-way match, invoice before GR",2018-07-20 11:52:00+00:00,86682.0,R4_99_100,ood_test_r4,NOT_SAFE_TO_EXECUTE,ood_exposure,5.7151573038410924e-06,0.0,0.9999942848426961,1.0,NOT_SAFE_TO_EXECUTE,5.1270463350027155e-14
4507024338_00010,"3-way match, invoice before GR",2018-07-20 12:13:00+00:00,86682.0,R4_99_100,ood_test_r4,SAFE_TO_EXECUTE,ood_exposure,0.5317774941617346,0.4814814814814814,0.4682225058382654,0.5185185185185186,NOT_SAFE_TO_EXECUTE,0.9990102708804812
4507039677_00010,"3-way match, invoice before GR",2018-07-20 13:37:00+00:00,60164.0,R4_99_100,ood_test_r4,SAFE_TO_EXECUTE,ood_exposure,0.7604488005253834,0.688034188034188,0.23955119947461656,0.31196581196581197,SAFE_TO_EXECUTE,0.8954296333667611
4507032596_00010,"3-way match, invoice before GR",2018-07-20 13:38:00+00:00,109493.0,R4_99_100,ood_test_r4,NOT_SAFE_TO_EXECUTE,ood_exposure,0.6784234156804424,0.6206896551724138,0.3215765843195576,0.3793103448275862,SAFE_TO_EXECUTE,0.9575534837147484
4507029312_00010,"3-way match, invoice before GR",2018-07-20 13:43:00+00:00,132304.0,R4_99_100,ood_test_r4,SAFE_TO_EXECUTE,ood_exposure,0.23898203603969487,0.41025641025641024,0.7610179639603052,0.5897435897435898,NOT_SAFE_TO_EXECUTE,0.9766349114440102
4507040121_00010,"3-way match, invoice before GR",2018-07-20 14:19:00+00:00,58117.0,R4_99_100,ood_test_r4,SAFE_TO_EXECUTE,ood_exposure,0.9131854427099376,0.9016736401673641,0.08681455729006238,0.09832635983263593,SAFE_TO_EXECUTE,0.46366771698440906
4507031534_00010,"3-way match, invoice before GR",2018-07-20 14:34:00+00:00,118775.0,R4_99_100,ood_test_r4,SAFE_TO_EXECUTE,ood_exposure,0.6040398578149219,0.4814814814814814,0.39596014218507813,0.5185185185185186,NOT_SAFE_TO_EXECUTE,0.9990102708804812
4507006786_00010,"3-way match, invoice before GR",2018-07-20 14:57:00+00:00,337516.0,R4_99_100,ood_test_r4,SAFE_TO_EXECUTE,ood_exposure,0.01671082378707885,0.41025641025641024,0.9832891762129211,0.5897435897435898,NOT_SAFE_TO_EXECUTE,0.9766349114440102
4507006789_00010,"3-way match, invoice before GR",2018-07-20 15:01:00+00:00,354392.0,R4_99_100,ood_test_r4,SAFE_TO_EXECUTE,ood_exposure,0.0013601091210352237,0.0,0.9986398908789648,1.0,NOT_SAFE_TO_EXECUTE,5.1270463350027155e-14
4507007883_00010,"3-way match, invoice before GR",2018-07-20 15:07:00+00:00,355062.0,R4_99_100,ood_test_r4,SAFE_TO_EXECUTE,ood_exposure,0.0009451862007380528,0.0,0.999054813799262,1.0,NOT_SAFE_TO_EXECUTE,5.1270463350027155e-14
4507009139_00010,"3-way match, invoice before GR",2018-07-20 15:09:00+00:00,342037.0,R4_99_100,ood_test_r4,SAFE_TO_EXECUTE,ood_exposure,0.00940863430924949,0.38381244007044657,0.9905913656907505,0.6161875599295534,NOT_SAFE_TO_EXECUTE,0.9606901851631081
4507009141_00010,"3-way match, invoice before GR",2018-07-20 15:12:00+00:00,348384.0,R4_99_100,ood_test_r4,SAFE_TO_EXECUTE,ood_exposure,0.005083549187167792,0.2726105211067348,0.9949164508128322,0.7273894788932652,NOT_SAFE_TO_EXECUTE,0.8451856791239308
4507009142_00010,"3-way match, invoice before GR",2018-07-20 15:14:00+00:00,342037.0,R4_99_100,ood_test_r4,NOT_SAFE_TO_EXECUTE,ood_exposure,3.973848075502266e-08,0.0,0.9999999602615193,1.0,NOT_SAFE_TO_EXECUTE,5.1270463350027155e-14
4507009143_00010,"3-way match, invoice before GR",2018-07-20 15:15:00+00:00,342037.0,R4_99_100,ood_test_r4,NOT_SAFE_TO_EXECUTE,ood_exposure,3.9844664889901625e-08,0.0,0.9999999601553351,1.0,NOT_SAFE_TO_EXECUTE,5.1270463350027155e-14
4507009144_00010,"3-way match, invoice before GR",2018-07-20 15:16:00+00:00,342037.0,R4_99_100,ood_test_r4,NOT_SAFE_TO_EXECUTE,ood_exposure,3.996753853649536e-08,0.0,0.9999999600324615,1.0,NOT_SAFE_TO_EXECUTE,5.1270463350027155e-14
4507019012_00010,"3-way match, invoice before GR",2018-07-20 15:18:00+00:00,339165.0,R4_99_100,ood_test_r4,NOT_SAFE_TO_EXECUTE,ood_exposure,2.1717710885740678e-07,0.0,0.9999997828228911,1.0,NOT_SAFE_TO_EXECUTE,5.1270463350027155e-14
4507019014_00010,"3-way match, invoice before GR",2018-07-20 15:19:00+00:00,339165.0,R4_99_100,ood_test_r4,NOT_SAFE_TO_EXECUTE,ood_exposure,2.1717802081674483e-07,0.0,0.9999997828219792,1.0,NOT_SAFE_TO_EXECUTE,5.1270463350027155e-14
4507019015_00010,"3-way match, invoice before GR",2018-07-20 15:20:00+00:00,339165.0,R4_99_100,ood_test_r4,NOT_SAFE_TO_EXECUTE,ood_exposure,2.1522519255565026e-07,0.0,0.9999997847748074,1.0,NOT_SAFE_TO_EXECUTE,5.1270463350027155e-14
4507037410_00010,"3-way match, invoice before GR",2018-07-23 08:08:00+00:00,89373.0,R4_99_100,ood_test_r4,NOT_SAFE_TO_EXECUTE,ood_exposure,5.35865726295791e-05,0.0,0.9999464134273705,1.0,NOT_SAFE_TO_EXECUTE,5.1270463350027155e-14
4507040063_00010,"3-way match, invoice before GR",2018-07-23 08:09:00+00:00,89373.0,R4_99_100,ood_test_r4,NOT_SAFE_TO_EXECUTE,ood_exposure,5.731265873606591e-05,0.0,0.9999426873412639,1.0,NOT_SAFE_TO_EXECUTE,5.1270463350027155e-14
4507038282_00010,"3-way match, invoice before GR",2018-07-23 09:41:00+00:00,134887.0,R4_99_100,ood_test_r4,NOT_SAFE_TO_EXECUTE,ood_exposure,2.3094559751016674e-06,0.0,0.9999976905440249,1.0,NOT_SAFE_TO_EXECUTE,5.1270463350027155e-14
4507020469_00010,"3-way match, invoice before GR",2018-07-23 10:22:00+00:00,112178.0,R4_99_100,ood_test_r4,SAFE_TO_EXECUTE,ood_exposure,0.5268824648400688,0.4814814814814814,0.47311753515993116,0.5185185185185186,NOT_SAFE_TO_EXECUTE,0.9990102708804812
4507029977_00010,"3-way match, invoice after GR",2018-07-23 10:53:00+00:00,76088.0,R4_99_100,ood_test_r4,SAFE_TO_EXECUTE,ood_exposure,0.6817159271145078,0.6206896551724138,0.3182840728854922,0.3793103448275862,SAFE_TO_EXECUTE,0.9575534837147484
4507039315_00010,"3-way match, invoice before GR",2018-07-23 12:18:00+00:00,51822.0,R4_99_100,ood_test_r4,SAFE_TO_EXECUTE,ood_exposure,0.9097504972037742,0.9016736401673641,0.09024950279622579,0.09832635983263593,SAFE_TO_EXECUTE,0.46366771698440906
4507040471_00010,"3-way match, invoice before GR",2018-07-23 12:42:00+00:00,49536.0,R4_99_100,ood_test_r4,NOT_SAFE_TO_EXECUTE,ood_exposure,4.6821496174966224e-05,0.0,0.999953178503825,1.0,NOT_SAFE_TO_EXECUTE,5.1270463350027155e-14
4507037188_00010,"3-way match, invoice before GR",2018-07-23 13:03:00+00:00,89373.0,R4_99_100,ood_test_r4,SAFE_TO_EXECUTE,ood_exposure,0.5237246368253162,0.4814814814814814,0.4762753631746838,0.5185185185185186,NOT_SAFE_TO_EXECUTE,0.9990102708804812
4507040061_00010,"3-way match, invoice before GR",2018-07-23 13:05:00+00:00,51615.0,R4_99_100,ood_test_r4,SAFE_TO_EXECUTE,ood_exposure,0.7990930171773114,0.688034188034188,0.2009069828226886,0.31196581196581197,SAFE_TO_EXECUTE,0.8954296333667611
4507023054_00010,"3-way match, invoice before GR",2018-07-23 13:22:00+00:00,112178.0,R4_99_100,ood_test_r4,SAFE_TO_EXECUTE,ood_exposure,0.5502147925794206,0.4814814814814814,0.44978520742057937,0.5185185185185186,NOT_SAFE_TO_EXECUTE,0.9990102708804812
4507032217_00010,"3-way match, invoice before GR",2018-07-24 05:51:00+00:00,55378.0,R4_99_100,ood_test_r4,SAFE_TO_EXECUTE,ood_exposure,0.7362429917001109,0.6206896551724138,0.26375700829988913,0.3793103448275862,SAFE_TO_EXECUTE,0.9575534837147484
4507029676_00010,"3-way match, invoice after GR",2018-07-24 05:56:00+00:00,55557.0,R4_99_100,ood_test_r4,NOT_SAFE_TO_EXECUTE,ood_exposure,0.5728211492166051,0.4814814814814814,0.4271788507833949,0.5185185185185186,NOT_SAFE_TO_EXECUTE,0.9990102708804812
4507031433_00010,"3-way match, invoice before GR",2018-07-24 06:00:00+00:00,49506.0,R4_99_100,ood_test_r4,SAFE_TO_EXECUTE,ood_exposure,0.7486771702383238,0.6842105263157895,0.2513228297616762,0.3157894736842105,SAFE_TO_EXECUTE,0.8997437586982626
4507033363_00010,"3-way match, invoice before GR",2018-07-24 06:12:00+00:00,49252.0,R4_99_100,ood_test_r4,SAFE_TO_EXECUTE,ood_exposure,0.7581543332884753,0.688034188034188,0.24184566671152474,0.31196581196581197,SAFE_TO_EXECUTE,0.8954296333667611
4507033360_00010,"3-way match, invoice before GR",2018-07-24 06:15:00+00:00,49252.0,R4_99_100,ood_test_r4,SAFE_TO_EXECUTE,ood_exposure,0.7566080448953122,0.688034188034188,0.2433919551046878,0.31196581196581197,SAFE_TO_EXECUTE,0.8954296333667611
4507040204_00010,"3-way match, invoice before GR",2018-07-24 06:28:00+00:00,54133.0,R4_99_100,ood_test_r4,SAFE_TO_EXECUTE,ood_exposure,0.9423557545805031,0.9285714285714286,0.057644245419496865,0.0714285714285714,SAFE_TO_EXECUTE,0.3712323266408756
4507036324_00010,"3-way match, invoice before GR",2018-07-24 06:47:00+00:00,55827.0,R4_99_100,ood_test_r4,NOT_SAFE_TO_EXECUTE,ood_exposure,0.4759018771249159,0.41025641025641024,0.5240981228750841,0.5897435897435898,NOT_SAFE_TO_EXECUTE,0.9766349114440102
4507036584_00010,"3-way match, invoice before GR",2018-07-24 07:03:00+00:00,54945.0,R4_99_100,ood_test_r4,SAFE_TO_EXECUTE,ood_exposure,0.7477925138864996,0.6842105263157895,0.2522074861135004,0.3157894736842105,SAFE_TO_EXECUTE,0.8997437586982626
4507031031_00020,"3-way match, invoice after GR",2018-07-24 07:04:00+00:00,70148.0,R4_99_100,ood_test_r4,SAFE_TO_EXECUTE,ood_exposure,0.8945264192218795,0.8608305274971941,0.10547358077812052,0.13916947250280587,SAFE_TO_EXECUTE,0.5820595955256006
4507036343_00010,"3-way match, invoice after GR",2018-07-24 07:46:00+00:00,49384.0,R4_99_100,ood_test_r4,NOT_SAFE_TO_EXECUTE,ood_exposure,0.34582059791729375,0.41025641025641024,0.6541794020827063,0.5897435897435898,NOT_SAFE_TO_EXECUTE,0.9766349114440102
4507034497_00010,"3-way match, invoice before GR",2018-07-24 07:59:00+00:00,89373.0,R4_99_100,ood_test_r4,SAFE_TO_EXECUTE,ood_exposure,0.655180007018427,0.5882352941176471,0.34481999298157295,0.4117647058823529,SAFE_TO_EXECUTE,0.9774178175281716
4507037017_00010,"3-way match, invoice before GR",2018-07-24 08:04:00+00:00,49575.0,R4_99_100,ood_test_r4,SAFE_TO_EXECUTE,ood_exposure,0.7628733601946683,0.688034188034188,0.23712663980533166,0.31196581196581197,SAFE_TO_EXECUTE,0.8954296333667611
4507037019_00010,"3-way match, invoice before GR",2018-07-24 09:19:00+00:00,49575.0,R4_99_100,ood_test_r4,SAFE_TO_EXECUTE,ood_exposure,0.7622181833497137,0.688034188034188,0.2377818166502863,0.31196581196581197,SAFE_TO_EXECUTE,0.8954296333667611
4507036344_00010,"3-way match, invoice after GR",2018-07-24 09:31:00+00:00,55557.0,R4_99_100,ood_test_r4,SAFE_TO_EXECUTE,ood_exposure,0.8280450978964348,0.688034188034188,0.17195490210356523,0.31196581196581197,SAFE_TO_EXECUTE,0.8954296333667611
4507035358_00010,"3-way match, invoice before GR",2018-07-24 10:12:00+00:00,49389.0,R4_99_100,ood_test_r4,SAFE_TO_EXECUTE,ood_exposure,0.7568515928633403,0.688034188034188,0.24314840713665975,0.31196581196581197,SAFE_TO_EXECUTE,0.8954296333667611
4507034229_00010,"3-way match, invoice after GR",2018-07-24 10:13:00+00:00,55557.0,R4_99_100,ood_test_r4,SAFE_TO_EXECUTE,ood_exposure,0.8229572191603635,0.688034188034188,0.17704278083963654,0.31196581196581197,SAFE_TO_EXECUTE,0.8954296333667611
4507035366_00010,"3-way match, invoice before GR",2018-07-24 10:38:00+00:00,49389.0,R4_99_100,ood_test_r4,SAFE_TO_EXECUTE,ood_exposure,0.7588988298237026,0.688034188034188,0.2411011701762974,0.31196581196581197,SAFE_TO_EXECUTE,0.8954296333667611
4507035987_00010,"3-way match, invoice before GR",2018-07-24 10:38:00+00:00,49213.0,R4_99_100,ood_test_r4,SAFE_TO_EXECUTE,ood_exposure,0.7646185717751589,0.688034188034188,0.2353814282248411,0.31196581196581197,SAFE_TO_EXECUTE,0.8954296333667611
4507036499_00010,"3-way match, invoice before GR",2018-07-24 10:50:00+00:00,54945.0,R4_99_100,ood_test_r4,SAFE_TO_EXECUTE,ood_exposure,0.48274323392996304,0.41025641025641024,0.5172567660700369,0.5897435897435898,NOT_SAFE_TO_EXECUTE,0.9766349114440102
4507040202_00010,"3-way match, invoice before GR",2018-07-24 12:01:00+00:00,54133.0,R4_99_100,ood_test_r4,SAFE_TO_EXECUTE,ood_exposure,0.9424398077296551,0.9285714285714286,0.05756019227034492,0.0714285714285714,SAFE_TO_EXECUTE,0.3712323266408756
4507032284_00010,"3-way match, invoice before GR",2018-07-24 12:24:00+00:00,55827.0,R4_99_100,ood_test_r4,SAFE_TO_EXECUTE,ood_exposure,0.8967480887892008,0.8608305274971941,0.10325191121079924,0.13916947250280587,SAFE_TO_EXECUTE,0.5820595955256006
4507031435_00010,"3-way match, invoice before GR",2018-07-24 12:59:00+00:00,49506.0,R4_99_100,ood_test_r4,SAFE_TO_EXECUTE,ood_exposure,0.7490098234191486,0.6842105263157895,0.25099017658085143,0.3157894736842105,SAFE_TO_EXECUTE,0.8997437586982626
4507036853_00010,"3-way match, invoice before GR",2018-07-24 13:40:00+00:00,70200.0,R4_99_100,ood_test_r4,SAFE_TO_EXECUTE,ood_exposure,0.9365096181694591,0.9285714285714286,0.0634903818305409,0.0714285714285714,SAFE_TO_EXECUTE,0.3712323266408756
4508042823_00010,"3-way match, invoice before GR",2018-07-25 04:56:00+00:00,54433.0,R4_99_100,ood_test_r4,SAFE_TO_EXECUTE,ood_exposure,0.9455500657914636,0.947136563876652,0.05444993420853639,0.052863436123347984,SAFE_TO_EXECUTE,0.29843829931563803
4507039095_00010,"3-way match, invoice before GR",2018-07-25 05:16:00+00:00,54441.0,R4_99_100,ood_test_r4,SAFE_TO_EXECUTE,ood_exposure,0.9422552477455363,0.9285714285714286,0.05774475225446374,0.0714285714285714,SAFE_TO_EXECUTE,0.3712323266408756
4507040201_00010,"3-way match, invoice before GR",2018-07-25 05:19:00+00:00,54133.0,R4_99_100,ood_test_r4,SAFE_TO_EXECUTE,ood_exposure,0.942608944023528,0.9285714285714286,0.05739105597647198,0.0714285714285714,SAFE_TO_EXECUTE,0.3712323266408756
4508043360_00010,"3-way match, invoice before GR",2018-07-25 06:06:00+00:00,55694.0,R4_99_100,ood_test_r4,SAFE_TO_EXECUTE,ood_exposure,0.8357013606108824,0.688034188034188,0.1642986393891176,0.31196581196581197,SAFE_TO_EXECUTE,0.8954296333667611
4507038283_00010,"3-way match, invoice before GR",2018-07-25 07:33:00+00:00,134887.0,R4_99_100,ood_test_r4,SAFE_TO_EXECUTE,ood_exposure,0.33773977531555044,0.41025641025641024,0.6622602246844496,0.5897435897435898,NOT_SAFE_TO_EXECUTE,0.9766349114440102
4507037667_00010,"3-way match, invoice before GR",2018-07-25 08:52:00+00:00,71210.0,R4_99_100,ood_test_r4,SAFE_TO_EXECUTE,ood_exposure,0.5964668517696958,0.4814814814814814,0.4035331482303042,0.5185185185185186,NOT_SAFE_TO_EXECUTE,0.9990102708804812
4507039221_00010,"3-way match, invoice before GR",2018-07-25 09:23:00+00:00,54441.0,R4_99_100,ood_test_r4,SAFE_TO_EXECUTE,ood_exposure,0.941830597965115,0.9285714285714286,0.058169402034884965,0.0714285714285714,SAFE_TO_EXECUTE,0.3712323266408756
4507027435_00010,"3-way match, invoice before GR",2018-07-25 11:38:00+00:00,52543.0,R4_99_100,ood_test_r4,SAFE_TO_EXECUTE,ood_exposure,0.8209824883116703,0.688034188034188,0.1790175116883297,0.31196581196581197,SAFE_TO_EXECUTE,0.8954296333667611
4507037760_00010,"3-way match, invoice before GR",2018-07-25 12:54:00+00:00,61986.0,R4_99_100,ood_test_r4,NOT_SAFE_TO_EXECUTE,ood_exposure,0.8053467412604591,0.688034188034188,0.19465325873954087,0.31196581196581197,SAFE_TO_EXECUTE,0.8954296333667611
4507036505_00010,"3-way match, invoice before GR",2018-07-25 13:17:00+00:00,56752.0,R4_99_100,ood_test_r4,SAFE_TO_EXECUTE,ood_exposure,0.819270654645594,0.688034188034188,0.180729345354406,0.31196581196581197,SAFE_TO_EXECUTE,0.8954296333667611
4507039094_00010,"3-way match, invoice before GR",2018-07-25 13:52:00+00:00,54441.0,R4_99_100,ood_test_r4,SAFE_TO_EXECUTE,ood_exposure,0.9423589327119466,0.9285714285714286,0.057641067288053405,0.0714285714285714,SAFE_TO_EXECUTE,0.3712323266408756
4507039182_00010,"3-way match, invoice after GR",2018-07-25 14:21:00+00:00,55557.0,R4_99_100,ood_test_r4,NOT_SAFE_TO_EXECUTE,ood_exposure,0.6072521599633003,0.4814814814814814,0.3927478400366997,0.5185185185185186,NOT_SAFE_TO_EXECUTE,0.9990102708804812
4507028011_00010,"3-way match, invoice before GR",2018-07-25 14:45:00+00:00,54760.0,R4_99_100,ood_test_r4,SAFE_TO_EXECUTE,ood_exposure,0.9278936433803753,0.9016736401673641,0.07210635661962472,0.09832635983263593,SAFE_TO_EXECUTE,0.46366771698440906
4507038616_00010,"3-way match, invoice before GR",2018-07-26 04:52:00+00:00,63652.0,R4_99_100,ood_test_r4,SAFE_TO_EXECUTE,ood_exposure,0.9111213176155448,0.9016736401673641,0.08887868238445518,0.09832635983263593,SAFE_TO_EXECUTE,0.46366771698440906
4507038110_00040,"3-way match, invoice before GR",2018-07-26 06:21:00+00:00,110786.0,R4_99_100,ood_test_r4,SAFE_TO_EXECUTE,ood_exposure,0.757041141416819,0.688034188034188,0.242958858583181,0.31196581196581197,SAFE_TO_EXECUTE,0.8954296333667611
4507039835_00010,"3-way match, invoice before GR",2018-07-26 09:29:00+00:00,54760.0,R4_99_100,ood_test_r4,SAFE_TO_EXECUTE,ood_exposure,0.94022394283247,0.9285714285714286,0.05977605716752998,0.0714285714285714,SAFE_TO_EXECUTE,0.3712323266408756
4507035997_00010,"3-way match, invoice before GR",2018-07-26 12:04:00+00:00,50662.0,R4_99_100,ood_test_r4,NOT_SAFE_TO_EXECUTE,ood_exposure,9.682216925023559e-05,0.0,0.9999031778307498,1.0,NOT_SAFE_TO_EXECUTE,5.1270463350027155e-14
4507015060_00010,"3-way match, invoice before GR",2018-07-26 12:21:00+00:00,316469.0,R4_99_100,ood_test_r4,SAFE_TO_EXECUTE,ood_exposure,0.0064351611324368705,0.307361708139062,0.9935648388675631,0.692638291860938,NOT_SAFE_TO_EXECUTE,0.890104493350898
4507037546_00010,"3-way match, invoice before GR",2018-07-26 14:03:00+00:00,56741.0,R4_99_100,ood_test_r4,SAFE_TO_EXECUTE,ood_exposure,0.9002807954800627,0.8608305274971941,0.09971920451993732,0.13916947250280587,SAFE_TO_EXECUTE,0.5820595955256006
4507034493_00010,"3-way match, invoice before GR",2018-07-27 05:52:00+00:00,58058.0,R4_99_100,ood_test_r4,SAFE_TO_EXECUTE,ood_exposure,0.8869311528245026,0.8608305274971941,0.11306884717549737,0.13916947250280587,SAFE_TO_EXECUTE,0.5820595955256006
4507020333_00020,"3-way match, invoice before GR",2018-07-27 06:52:00+00:00,75343.0,R4_99_100,ood_test_r4,SAFE_TO_EXECUTE,ood_exposure,0.89881611763432,0.8608305274971941,0.10118388236567999,0.13916947250280587,SAFE_TO_EXECUTE,0.5820595955256006
4507031334_00010,"3-way match, invoice before GR",2018-07-27 13:01:00+00:00,69399.0,R4_99_100,ood_test_r4,SAFE_TO_EXECUTE,ood_exposure,0.9275299554436897,0.9016736401673641,0.07247004455631034,0.09832635983263593,SAFE_TO_EXECUTE,0.46366771698440906
4507040449_00010,"3-way match, invoice before GR",2018-07-30 04:49:00+00:00,70200.0,R4_99_100,ood_test_r4,NOT_SAFE_TO_EXECUTE,ood_exposure,0.00013570149632457465,0.0,0.9998642985036754,1.0,NOT_SAFE_TO_EXECUTE,5.1270463350027155e-14
4508043363_00010,"3-way match, invoice before GR",2018-07-30 08:21:00+00:00,55694.0,R4_99_100,ood_test_r4,SAFE_TO_EXECUTE,ood_exposure,0.9435177879763307,0.9285714285714286,0.05648221202366932,0.0714285714285714,SAFE_TO_EXECUTE,0.3712323266408756
4507022323_00010,"3-way match, invoice after GR",2018-07-30 09:14:00+00:00,51961.0,R4_99_100,ood_test_r4,NOT_SAFE_TO_EXECUTE,ood_exposure,0.3225452711268635,0.41025641025641024,0.6774547288731365,0.5897435897435898,NOT_SAFE_TO_EXECUTE,0.9766349114440102
4507039719_00010,"3-way match, invoice before GR",2018-07-30 10:38:00+00:00,68173.0,R4_99_100,ood_test_r4,NOT_SAFE_TO_EXECUTE,ood_exposure,7.374752779974492e-05,0.0,0.9999262524722002,1.0,NOT_SAFE_TO_EXECUTE,5.1270463350027155e-14
4507039133_00010,"3-way match, invoice before GR",2018-07-30 13:20:00+00:00,53523.0,R4_99_100,ood_test_r4,SAFE_TO_EXECUTE,ood_exposure,0.9069726556240858,0.9016736401673641,0.0930273443759142,0.09832635983263593,SAFE_TO_EXECUTE,0.46366771698440906
4507038813_00010,"3-way match, invoice before GR",2018-07-31 10:27:00+00:00,55827.0,R4_99_100,ood_test_r4,SAFE_TO_EXECUTE,ood_exposure,0.9025371258394007,0.8608305274971941,0.09746287416059929,0.13916947250280587,SAFE_TO_EXECUTE,0.5820595955256006
4507039183_00010,"3-way match, invoice after GR",2018-07-31 10:29:00+00:00,55557.0,R4_99_100,ood_test_r4,SAFE_TO_EXECUTE,ood_exposure,0.8269686337513771,0.688034188034188,0.17303136624862292,0.31196581196581197,SAFE_TO_EXECUTE,0.8954296333667611
4507041489_00010,"3-way match, invoice before GR",2018-07-31 12:36:00+00:00,49239.0,R4_99_100,ood_test_r4,SAFE_TO_EXECUTE,ood_exposure,0.7713269534611462,0.688034188034188,0.22867304653885379,0.31196581196581197,SAFE_TO_EXECUTE,0.8954296333667611
4507040888_00010,"3-way match, invoice after GR",2018-07-31 13:14:00+00:00,55744.0,R4_99_100,ood_test_r4,NOT_SAFE_TO_EXECUTE,ood_exposure,0.6083391578707834,0.4814814814814814,0.3916608421292166,0.5185185185185186,NOT_SAFE_TO_EXECUTE,0.9990102708804812
4507040889_00010,"3-way match, invoice after GR",2018-07-31 13:28:00+00:00,55744.0,R4_99_100,ood_test_r4,SAFE_TO_EXECUTE,ood_exposure,0.8307898148634839,0.688034188034188,0.1692101851365161,0.31196581196581197,SAFE_TO_EXECUTE,0.8954296333667611
4507041446_00010,"3-way match, invoice before GR",2018-07-31 13:29:00+00:00,49239.0,R4_99_100,ood_test_r4,SAFE_TO_EXECUTE,ood_exposure,0.7674027186915583,0.688034188034188,0.2325972813084417,0.31196581196581197,SAFE_TO_EXECUTE,0.8954296333667611
4507041490_00010,"3-way match, invoice before GR",2018-07-31 14:06:00+00:00,49239.0,R4_99_100,ood_test_r4,SAFE_TO_EXECUTE,ood_exposure,0.7693547755013178,0.688034188034188,0.2306452244986822,0.31196581196581197,SAFE_TO_EXECUTE,0.8954296333667611
4507041487_00010,"3-way match, invoice before GR",2018-07-31 14:19:00+00:00,49239.0,R4_99_100,ood_test_r4,SAFE_TO_EXECUTE,ood_exposure,0.7713612738615351,0.688034188034188,0.22863872613846492,0.31196581196581197,SAFE_TO_EXECUTE,0.8954296333667611
4508042750_00010,"3-way match, invoice before GR",2018-08-01 08:26:00+00:00,51615.0,R4_99_100,ood_test_r4,NOT_SAFE_TO_EXECUTE,ood_exposure,3.4588331571549556e-05,0.0,0.9999654116684284,1.0,NOT_SAFE_TO_EXECUTE,5.1270463350027155e-14
4507041770_00010,"3-way match, invoice before GR",2018-08-01 15:27:00+00:00,75281.0,R4_99_100,ood_test_r4,SAFE_TO_EXECUTE,ood_exposure,0.9029937307886333,0.8608305274971941,0.09700626921136668,0.13916947250280587,SAFE_TO_EXECUTE,0.5820595955256006
4507036507_00010,"3-way match, invoice before GR",2018-08-01 15:50:00+00:00,105785.0,R4_99_100,ood_test_r4,SAFE_TO_EXECUTE,ood_exposure,0.8798013788589203,0.8608305274971941,0.12019862114107971,0.13916947250280587,SAFE_TO_EXECUTE,0.5820595955256006
4508044267_00010,"3-way match, invoice before GR",2018-08-02 03:24:00+00:00,55548.0,R4_99_100,ood_test_r4,SAFE_TO_EXECUTE,ood_exposure,0.9439898602952292,0.9285714285714286,0.056010139704770756,0.0714285714285714,SAFE_TO_EXECUTE,0.3712323266408756
4508044700_00010,"3-way match, invoice before GR",2018-08-02 03:28:00+00:00,55538.0,R4_99_100,ood_test_r4,SAFE_TO_EXECUTE,ood_exposure,0.9448589365619786,0.9285714285714286,0.05514106343802139,0.0714285714285714,SAFE_TO_EXECUTE,0.3712323266408756
4508044921_00010,"3-way match, invoice before GR",2018-08-02 04:51:00+00:00,55505.0,R4_99_100,ood_test_r4,SAFE_TO_EXECUTE,ood_exposure,0.9456206676210779,0.947136563876652,0.05437933237892212,0.052863436123347984,SAFE_TO_EXECUTE,0.29843829931563803
4507035191_00010,"3-way match, invoice before GR",2018-08-02 07:34:00+00:00,57546.0,R4_99_100,ood_test_r4,SAFE_TO_EXECUTE,ood_exposure,0.9594703379234192,0.9556004036326943,0.04052966207658082,0.04439959636730573,SAFE_TO_EXECUTE,0.262112675977001
4507041780_00010,"3-way match, invoice before GR",2018-08-02 09:34:00+00:00,135874.0,R4_99_100,ood_test_r4,NOT_SAFE_TO_EXECUTE,ood_exposure,4.604146158243546e-06,0.0,0.9999953958538418,1.0,NOT_SAFE_TO_EXECUTE,5.1270463350027155e-14
4508043288_00020,"3-way match, invoice before GR",2018-08-02 10:36:00+00:00,54871.0,R4_99_100,ood_test_r4,SAFE_TO_EXECUTE,ood_exposure,0.9094729499502899,0.9016736401673641,0.09052705004971007,0.09832635983263593,SAFE_TO_EXECUTE,0.46366771698440906
4507039237_00010,"3-way match, invoice before GR",2018-08-02 13:10:00+00:00,53175.0,R4_99_100,ood_test_r4,SAFE_TO_EXECUTE,ood_exposure,0.9626131462220375,0.9702325581395349,0.03738685377796247,0.029767441860465094,SAFE_TO_EXECUTE,0.19322424629252893
4508042100_00110,"3-way match, invoice before GR",2018-08-02 13:32:00+00:00,53780.0,R4_99_100,ood_test_r4,SAFE_TO_EXECUTE,ood_exposure,0.9492308230284254,0.9508196721311475,0.05076917697157457,0.049180327868852514,SAFE_TO_EXECUTE,0.28290479297989224
4508043622_00010,"3-way match, invoice before GR",2018-08-03 10:50:00+00:00,76903.0,R4_99_100,ood_test_r4,NOT_SAFE_TO_EXECUTE,ood_exposure,3.753677862372038e-05,0.0,0.9999624632213763,1.0,NOT_SAFE_TO_EXECUTE,5.1270463350027155e-14
4507030214_00010,"3-way match, invoice before GR",2018-08-03 13:23:00+00:00,61054.0,R4_99_100,ood_test_r4,SAFE_TO_EXECUTE,ood_exposure,0.8980616473017178,0.8608305274971941,0.10193835269828222,0.13916947250280587,SAFE_TO_EXECUTE,0.5820595955256006
4507039112_00010,"3-way match, invoice before GR",2018-08-06 08:15:00+00:00,59882.0,R4_99_100,ood_test_r4,NOT_SAFE_TO_EXECUTE,ood_exposure,0.8462818289961433,0.8608305274971941,0.15371817100385665,0.13916947250280587,SAFE_TO_EXECUTE,0.5820595955256006
4507041899_00010,"3-way match, invoice before GR",2018-08-07 08:28:00+00:00,64432.0,R4_99_100,ood_test_r4,SAFE_TO_EXECUTE,ood_exposure,0.9291462357732667,0.9016736401673641,0.07085376422673328,0.09832635983263593,SAFE_TO_EXECUTE,0.46366771698440906
4508042987_00010,"3-way match, invoice before GR",2018-08-07 09:59:00+00:00,53437.0,R4_99_100,ood_test_r4,SAFE_TO_EXECUTE,ood_exposure,0.8890958510242685,0.8608305274971941,0.11090414897573153,0.13916947250280587,SAFE_TO_EXECUTE,0.5820595955256006
4507038864_00010,"3-way match, invoice before GR",2018-08-07 10:11:00+00:00,54836.0,R4_99_100,ood_test_r4,SAFE_TO_EXECUTE,ood_exposure,0.8978906714224346,0.8608305274971941,0.10210932857756538,0.13916947250280587,SAFE_TO_EXECUTE,0.5820595955256006
4507037841_00010,"3-way match, invoice before GR",2018-08-07 11:01:00+00:00,52626.0,R4_99_100,ood_test_r4,NOT_SAFE_TO_EXECUTE,ood_exposure,0.9564462699803962,0.9556004036326943,0.04355373001960383,0.04439959636730573,SAFE_TO_EXECUTE,0.262112675977001
4508043849_00010,"3-way match, invoice before GR",2018-08-07 11:33:00+00:00,53271.0,R4_99_100,ood_test_r4,SAFE_TO_EXECUTE,ood_exposure,0.7199363372995564,0.6206896551724138,0.2800636627004436,0.3793103448275862,SAFE_TO_EXECUTE,0.9575534837147484
4507033411_00010,"3-way match, invoice before GR",2018-08-07 11:59:00+00:00,63871.0,R4_99_100,ood_test_r4,NOT_SAFE_TO_EXECUTE,ood_exposure,8.225867072261714e-06,0.0,0.9999917741329277,1.0,NOT_SAFE_TO_EXECUTE,5.1270463350027155e-14
4507034409_00010,"3-way match, invoice before GR",2018-08-07 12:30:00+00:00,127742.0,R4_99_100,ood_test_r4,SAFE_TO_EXECUTE,ood_exposure,0.25532855424820955,0.41025641025641024,0.7446714457517905,0.5897435897435898,NOT_SAFE_TO_EXECUTE,0.9766349114440102
4508044154_00010,"3-way match, invoice before GR",2018-08-07 13:11:00+00:00,55090.0,R4_99_100,ood_test_r4,SAFE_TO_EXECUTE,ood_exposure,0.7616823475451096,0.688034188034188,0.23831765245489045,0.31196581196581197,SAFE_TO_EXECUTE,0.8954296333667611
4507031339_00010,"3-way match, invoice before GR",2018-08-07 13:18:00+00:00,109493.0,R4_99_100,ood_test_r4,SAFE_TO_EXECUTE,ood_exposure,0.8528220241295804,0.8608305274971941,0.1471779758704196,0.13916947250280587,SAFE_TO_EXECUTE,0.5820595955256006
4507033043_00010,"3-way match, invoice before GR",2018-08-07 13:18:00+00:00,109493.0,R4_99_100,ood_test_r4,SAFE_TO_EXECUTE,ood_exposure,0.8572163353537082,0.8608305274971941,0.14278366464629177,0.13916947250280587,SAFE_TO_EXECUTE,0.5820595955256006
4507032818_00010,"3-way match, invoice before GR",2018-08-07 13:26:00+00:00,132304.0,R4_99_100,ood_test_r4,SAFE_TO_EXECUTE,ood_exposure,0.23766457050322554,0.41025641025641024,0.7623354294967745,0.5897435897435898,NOT_SAFE_TO_EXECUTE,0.9766349114440102
4507031061_00020,"3-way match, invoice before GR",2018-08-07 13:40:00+00:00,86682.0,R4_99_100,ood_test_r4,SAFE_TO_EXECUTE,ood_exposure,0.6720070562894335,0.5882352941176471,0.32799294371056653,0.4117647058823529,SAFE_TO_EXECUTE,0.9774178175281716
4507035764_00010,"3-way match, invoice before GR",2018-08-07 13:46:00+00:00,127742.0,R4_99_100,ood_test_r4,SAFE_TO_EXECUTE,ood_exposure,0.26185598862145915,0.41025641025641024,0.7381440113785409,0.5897435897435898,NOT_SAFE_TO_EXECUTE,0.9766349114440102
4507039085_00010,"3-way match, invoice before GR",2018-08-07 14:42:00+00:00,50146.0,R4_99_100,ood_test_r4,SAFE_TO_EXECUTE,ood_exposure,0.8826700530720237,0.8608305274971941,0.11732994692797627,0.13916947250280587,SAFE_TO_EXECUTE,0.5820595955256006
4507027649_00010,"3-way match, invoice before GR",2018-08-07 15:18:00+00:00,100368.0,R4_99_100,ood_test_r4,NOT_SAFE_TO_EXECUTE,ood_exposure,0.662237761861462,0.5882352941176471,0.337762238138538,0.4117647058823529,SAFE_TO_EXECUTE,0.9774178175281716
4507032677_00030,"3-way match, invoice before GR",2018-08-07 15:29:00+00:00,127742.0,R4_99_100,ood_test_r4,SAFE_TO_EXECUTE,ood_exposure,0.2529982228282685,0.41025641025641024,0.7470017771717314,0.5897435897435898,NOT_SAFE_TO_EXECUTE,0.9766349114440102
4507031940_00030,"3-way match, invoice before GR",2018-08-07 15:30:00+00:00,54746.0,R4_99_100,ood_test_r4,NOT_SAFE_TO_EXECUTE,ood_exposure,0.0001252505883974268,0.0,0.9998747494116026,1.0,NOT_SAFE_TO_EXECUTE,5.1270463350027155e-14
4507034050_00010,"3-way match, invoice before GR",2018-08-08 07:49:00+00:00,61543.0,R4_99_100,ood_test_r4,SAFE_TO_EXECUTE,ood_exposure,0.6176225155822231,0.4814814814814814,0.38237748441777686,0.5185185185185186,NOT_SAFE_TO_EXECUTE,0.9990102708804812
4507006768_00020,"3-way match, invoice before GR",2018-08-08 08:21:00+00:00,54490.0,R4_99_100,ood_test_r4,SAFE_TO_EXECUTE,ood_exposure,0.875687512970807,0.8608305274971941,0.12431248702919295,0.13916947250280587,SAFE_TO_EXECUTE,0.5820595955256006
4507009249_00010,"3-way match, invoice before GR",2018-08-08 10:10:00+00:00,62973.0,R4_99_100,ood_test_r4,SAFE_TO_EXECUTE,ood_exposure,0.6764266146628287,0.6206896551724138,0.3235733853371713,0.3793103448275862,SAFE_TO_EXECUTE,0.9575534837147484
4508042161_00030,"3-way match, invoice before GR",2018-08-10 04:22:00+00:00,66471.0,R4_99_100,ood_test_r4,SAFE_TO_EXECUTE,ood_exposure,0.8701932175184292,0.8608305274971941,0.12980678248157085,0.13916947250280587,SAFE_TO_EXECUTE,0.5820595955256006
4508042149_00010,"3-way match, invoice before GR",2018-08-10 05:58:00+00:00,59917.0,R4_99_100,ood_test_r4,NOT_SAFE_TO_EXECUTE,ood_exposure,0.8527786196003734,0.8608305274971941,0.14722138039962662,0.13916947250280587,SAFE_TO_EXECUTE,0.5820595955256006
4507027355_00010,"3-way match, invoice before GR",2018-08-10 07:56:00+00:00,96994.0,R4_99_100,ood_test_r4,SAFE_TO_EXECUTE,ood_exposure,0.6424186847048537,0.4814814814814814,0.35758131529514625,0.5185185185185186,NOT_SAFE_TO_EXECUTE,0.9990102708804812
4508042468_00010,"3-way match, invoice before GR",2018-08-10 07:59:00+00:00,55165.0,R4_99_100,ood_test_r4,NOT_SAFE_TO_EXECUTE,ood_exposure,0.8781210699470221,0.8608305274971941,0.1218789300529779,0.13916947250280587,SAFE_TO_EXECUTE,0.5820595955256006
4507017394_00010,"3-way match, invoice before GR",2018-08-10 09:12:00+00:00,101595.0,R4_99_100,ood_test_r4,SAFE_TO_EXECUTE,ood_exposure,0.8313075165690433,0.688034188034188,0.16869248343095666,0.31196581196581197,SAFE_TO_EXECUTE,0.8954296333667611
4508045778_00010,"3-way match, invoice before GR",2018-08-10 09:43:00+00:00,49986.0,R4_99_100,ood_test_r4,NOT_SAFE_TO_EXECUTE,ood_exposure,9.89309744423352e-05,0.0,0.9999010690255576,1.0,NOT_SAFE_TO_EXECUTE,5.1270463350027155e-14
4507040992_00010,"3-way match, invoice before GR",2018-08-13 10:01:00+00:00,49508.0,R4_99_100,ood_test_r4,NOT_SAFE_TO_EXECUTE,ood_exposure,0.00020410233939316728,0.0,0.9997958976606068,1.0,NOT_SAFE_TO_EXECUTE,5.1270463350027155e-14
4507030554_00010,"3-way match, invoice before GR",2018-08-13 10:23:00+00:00,112453.0,R4_99_100,ood_test_r4,SAFE_TO_EXECUTE,ood_exposure,0.4528126046511729,0.41025641025641024,0.5471873953488271,0.5897435897435898,NOT_SAFE_TO_EXECUTE,0.9766349114440102
4507038512_00010,"3-way match, invoice before GR",2018-08-13 10:32:00+00:00,49437.0,R4_99_100,ood_test_r4,SAFE_TO_EXECUTE,ood_exposure,0.755934980190031,0.6842105263157895,0.24406501980996897,0.3157894736842105,SAFE_TO_EXECUTE,0.8997437586982626
4508044688_00010,"3-way match, invoice before GR",2018-08-13 10:44:00+00:00,53247.0,R4_99_100,ood_test_r4,SAFE_TO_EXECUTE,ood_exposure,0.9111489930511606,0.9016736401673641,0.0888510069488394,0.09832635983263593,SAFE_TO_EXECUTE,0.46366771698440906
4507029794_00010,"3-way match, invoice before GR",2018-08-13 11:00:00+00:00,112453.0,R4_99_100,ood_test_r4,SAFE_TO_EXECUTE,ood_exposure,0.44445022685237145,0.41025641025641024,0.5555497731476285,0.5897435897435898,NOT_SAFE_TO_EXECUTE,0.9766349114440102
4507017407_00010,"3-way match, invoice before GR",2018-08-13 11:02:00+00:00,101595.0,R4_99_100,ood_test_r4,NOT_SAFE_TO_EXECUTE,ood_exposure,0.8230374406786709,0.688034188034188,0.1769625593213291,0.31196581196581197,SAFE_TO_EXECUTE,0.8954296333667611
4507029795_00010,"3-way match, invoice before GR",2018-08-13 12:05:00+00:00,112453.0,R4_99_100,ood_test_r4,SAFE_TO_EXECUTE,ood_exposure,0.44365803801164616,0.41025641025641024,0.5563419619883538,0.5897435897435898,NOT_SAFE_TO_EXECUTE,0.9766349114440102
4507037639_00010,"3-way match, invoice after GR",2018-08-13 12:15:00+00:00,55557.0,R4_99_100,ood_test_r4,SAFE_TO_EXECUTE,ood_exposure,0.820620031856592,0.688034188034188,0.17937996814340795,0.31196581196581197,SAFE_TO_EXECUTE,0.8954296333667611
4507037640_00010,"3-way match, invoice after GR",2018-08-13 13:07:00+00:00,55557.0,R4_99_100,ood_test_r4,SAFE_TO_EXECUTE,ood_exposure,0.8196309258906516,0.688034188034188,0.18036907410934844,0.31196581196581197,SAFE_TO_EXECUTE,0.8954296333667611
4507040603_00010,"3-way match, invoice before GR",2018-08-13 13:09:00+00:00,54778.0,R4_99_100,ood_test_r4,SAFE_TO_EXECUTE,ood_exposure,0.750062550793845,0.6842105263157895,0.24993744920615502,0.3157894736842105,SAFE_TO_EXECUTE,0.8997437586982626
4507033225_00010,"3-way match, invoice before GR",2018-08-13 13:39:00+00:00,112453.0,R4_99_100,ood_test_r4,SAFE_TO_EXECUTE,ood_exposure,0.5912833074236922,0.4814814814814814,0.4087166925763078,0.5185185185185186,NOT_SAFE_TO_EXECUTE,0.9990102708804812
4507037330_00020,"3-way match, invoice before GR",2018-08-13 13:44:00+00:00,70494.0,R4_99_100,ood_test_r4,SAFE_TO_EXECUTE,ood_exposure,0.8692352367299607,0.8608305274971941,0.13076476327003927,0.13916947250280587,SAFE_TO_EXECUTE,0.5820595955256006
4507039680_00010,"3-way match, invoice before GR",2018-08-13 13:48:00+00:00,56752.0,R4_99_100,ood_test_r4,SAFE_TO_EXECUTE,ood_exposure,0.8195942968233241,0.688034188034188,0.18040570317667592,0.31196581196581197,SAFE_TO_EXECUTE,0.8954296333667611
4507025227_00020,"3-way match, invoice before GR",2018-08-13 13:51:00+00:00,53977.0,R4_99_100,ood_test_r4,SAFE_TO_EXECUTE,ood_exposure,0.6420617688020608,0.4814814814814814,0.3579382311979392,0.5185185185185186,NOT_SAFE_TO_EXECUTE,0.9990102708804812
4507025227_00030,"3-way match, invoice before GR",2018-08-13 13:51:00+00:00,53977.0,R4_99_100,ood_test_r4,SAFE_TO_EXECUTE,ood_exposure,0.6420612909694418,0.4814814814814814,0.35793870903055824,0.5185185185185186,NOT_SAFE_TO_EXECUTE,0.9990102708804812
4507029802_00010,"3-way match, invoice before GR",2018-08-13 13:52:00+00:00,112453.0,R4_99_100,ood_test_r4,SAFE_TO_EXECUTE,ood_exposure,0.43946068464409094,0.41025641025641024,0.5605393153559091,0.5897435897435898,NOT_SAFE_TO_EXECUTE,0.9766349114440102
4507029801_00010,"3-way match, invoice before GR",2018-08-13 13:53:00+00:00,112453.0,R4_99_100,ood_test_r4,SAFE_TO_EXECUTE,ood_exposure,0.4402084689333237,0.41025641025641024,0.5597915310666763,0.5897435897435898,NOT_SAFE_TO_EXECUTE,0.9766349114440102
4507031134_00010,"3-way match, invoice before GR",2018-08-13 13:54:00+00:00,107955.0,R4_99_100,ood_test_r4,SAFE_TO_EXECUTE,ood_exposure,0.5940714438873576,0.4814814814814814,0.40592855611264245,0.5185185185185186,NOT_SAFE_TO_EXECUTE,0.9990102708804812
4507037657_00010,"3-way match, invoice after GR",2018-08-13 14:45:00+00:00,55557.0,R4_99_100,ood_test_r4,SAFE_TO_EXECUTE,ood_exposure,0.8202621966045831,0.688034188034188,0.1797378033954169,0.31196581196581197,SAFE_TO_EXECUTE,0.8954296333667611
4507039994_00010,"3-way match, invoice before GR",2018-08-13 15:37:00+00:00,70869.0,R4_99_100,ood_test_r4,NOT_SAFE_TO_EXECUTE,ood_exposure,0.3396624233404761,0.41025641025641024,0.6603375766595239,0.5897435897435898,NOT_SAFE_TO_EXECUTE,0.9766349114440102
4508043667_00010,"3-way match, invoice after GR",2018-08-14 11:40:00+00:00,216506.0,R4_99_100,ood_test_r4,SAFE_TO_EXECUTE,ood_exposure,0.07714698253177003,0.41025641025641024,0.92285301746823,0.5897435897435898,NOT_SAFE_TO_EXECUTE,0.9766349114440102
2000033568_00001,"3-way match, invoice after GR",2018-08-15 12:28:00+00:00,72443.0,R4_99_100,ood_test_r4,SAFE_TO_EXECUTE,ood_exposure,0.9955042103831999,1.0,0.004495789616800083,0.0,SAFE_TO_EXECUTE,5.123178885069411e-14
4507040004_00010,"3-way match, invoice before GR",2018-08-15 13:01:00+00:00,50402.0,R4_99_100,ood_test_r4,SAFE_TO_EXECUTE,ood_exposure,0.9514518184686026,0.9556004036326943,0.048548181531397394,0.04439959636730573,SAFE_TO_EXECUTE,0.262112675977001
2000000002_00001,"3-way match, invoice after GR",2018-08-16 10:41:00+00:00,76210.0,R4_99_100,ood_test_r4,SAFE_TO_EXECUTE,ood_exposure,0.82200086603666,0.688034188034188,0.17799913396334,0.31196581196581197,SAFE_TO_EXECUTE,0.8954296333667611
4507035476_00010,"3-way match, invoice before GR",2018-08-16 11:51:00+00:00,56752.0,R4_99_100,ood_test_r4,SAFE_TO_EXECUTE,ood_exposure,0.805682338587166,0.688034188034188,0.19431766141283402,0.31196581196581197,SAFE_TO_EXECUTE,0.8954296333667611
2000033589_00001,"3-way match, invoice after GR",2018-08-17 08:01:00+00:00,165142.0,R4_99_100,ood_test_r4,SAFE_TO_EXECUTE,ood_exposure,0.9259217233209288,0.9016736401673641,0.07407827667907119,0.09832635983263593,SAFE_TO_EXECUTE,0.46366771698440906
4507038647_00010,"3-way match, invoice before GR",2018-08-17 13:01:00+00:00,49677.0,R4_99_100,ood_test_r4,NOT_SAFE_TO_EXECUTE,ood_exposure,1.861624269900997e-05,0.0,0.999981383757301,1.0,NOT_SAFE_TO_EXECUTE,5.1270463350027155e-14
4507034143_00030,"3-way match, invoice before GR",2018-08-17 14:17:00+00:00,50180.0,R4_99_100,ood_test_r4,SAFE_TO_EXECUTE,ood_exposure,0.16256909514301074,0.41025641025641024,0.8374309048569892,0.5897435897435898,NOT_SAFE_TO_EXECUTE,0.9766349114440102
4507025911_00010,"3-way match, invoice before GR",2018-08-20 12:26:00+00:00,115645.0,R4_99_100,ood_test_r4,SAFE_TO_EXECUTE,ood_exposure,0.5042211123889582,0.4568525051195458,0.49577888761104183,0.5431474948804542,NOT_SAFE_TO_EXECUTE,0.9946215640467773
4508044702_00010,"3-way match, invoice before GR",2018-08-21 07:36:00+00:00,55538.0,R4_99_100,ood_test_r4,SAFE_TO_EXECUTE,ood_exposure,0.9408518653909343,0.9285714285714286,0.05914813460906565,0.0714285714285714,SAFE_TO_EXECUTE,0.3712323266408756
4508046369_00010,"3-way match, invoice before GR",2018-08-21 08:25:00+00:00,130700.0,R4_99_100,ood_test_r4,SAFE_TO_EXECUTE,ood_exposure,0.6912000503385727,0.6206896551724138,0.3087999496614273,0.3793103448275862,SAFE_TO_EXECUTE,0.9575534837147484
2000033513_00001,"3-way match, invoice after GR",2018-08-21 12:51:00+00:00,51961.0,R4_99_100,ood_test_r4,SAFE_TO_EXECUTE,ood_exposure,0.995979040097624,1.0,0.004020959902376053,0.0,SAFE_TO_EXECUTE,5.123178885069411e-14
4507036656_00010,"3-way match, invoice before GR",2018-08-21 14:27:00+00:00,109493.0,R4_99_100,ood_test_r4,SAFE_TO_EXECUTE,ood_exposure,0.5859127716013537,0.4814814814814814,0.4140872283986463,0.5185185185185186,NOT_SAFE_TO_EXECUTE,0.9990102708804812
4508045007_00010,"3-way match, invoice before GR",2018-08-21 14:56:00+00:00,70071.0,R4_99_100,ood_test_r4,NOT_SAFE_TO_EXECUTE,ood_exposure,0.00010142140718802717,0.0,0.999898578592812,1.0,NOT_SAFE_TO_EXECUTE,5.1270463350027155e-14
4507038931_00010,"3-way match, invoice before GR",2018-08-21 15:10:00+00:00,112453.0,R4_99_100,ood_test_r4,SAFE_TO_EXECUTE,ood_exposure,0.602212183959932,0.4814814814814814,0.39778781604006797,0.5185185185185186,NOT_SAFE_TO_EXECUTE,0.9990102708804812
4507026133_00010,"3-way match, invoice before GR",2018-08-22 10:52:00+00:00,132540.0,R4_99_100,ood_test_r4,SAFE_TO_EXECUTE,ood_exposure,0.6415868750889904,0.4814814814814814,0.35841312491100963,0.5185185185185186,NOT_SAFE_TO_EXECUTE,0.9990102708804812
4507034143_00040,"3-way match, invoice before GR",2018-08-23 14:18:00+00:00,49694.0,R4_99_100,ood_test_r4,SAFE_TO_EXECUTE,ood_exposure,0.8543517628262013,0.8608305274971941,0.1456482371737987,0.13916947250280587,SAFE_TO_EXECUTE,0.5820595955256006
4507028319_00030,"3-way match, invoice before GR",2018-08-23 14:40:00+00:00,74913.0,R4_99_100,ood_test_r4,SAFE_TO_EXECUTE,ood_exposure,0.5150357527936239,0.4814814814814814,0.4849642472063761,0.5185185185185186,NOT_SAFE_TO_EXECUTE,0.9990102708804812
4508043990_00040,"3-way match, invoice before GR",2018-08-24 04:11:00+00:00,60968.0,R4_99_100,ood_test_r4,SAFE_TO_EXECUTE,ood_exposure,0.8907579645650223,0.8608305274971941,0.10924203543497768,0.13916947250280587,SAFE_TO_EXECUTE,0.5820595955256006
4508043122_00010,"3-way match, invoice before GR",2018-08-24 04:33:00+00:00,113463.0,R4_99_100,ood_test_r4,SAFE_TO_EXECUTE,ood_exposure,0.1801523405390449,0.41025641025641024,0.8198476594609552,0.5897435897435898,NOT_SAFE_TO_EXECUTE,0.9766349114440102
4508044186_00010,"3-way match, invoice before GR",2018-08-24 05:13:00+00:00,51615.0,R4_99_100,ood_test_r4,SAFE_TO_EXECUTE,ood_exposure,0.7924326015511189,0.688034188034188,0.20756739844888106,0.31196581196581197,SAFE_TO_EXECUTE,0.8954296333667611
4508043058_00010,"3-way match, invoice before GR",2018-08-24 05:14:00+00:00,89373.0,R4_99_100,ood_test_r4,SAFE_TO_EXECUTE,ood_exposure,0.6550098476559055,0.5882352941176471,0.34499015234409447,0.4117647058823529,SAFE_TO_EXECUTE,0.9774178175281716
4508044474_00010,"3-way match, invoice before GR",2018-08-24 05:16:00+00:00,89373.0,R4_99_100,ood_test_r4,SAFE_TO_EXECUTE,ood_exposure,0.6649774022254893,0.5882352941176471,0.3350225977745107,0.4117647058823529,SAFE_TO_EXECUTE,0.9774178175281716
4508043859_00010,"3-way match, invoice before GR",2018-08-24 05:46:00+00:00,59755.0,R4_99_100,ood_test_r4,SAFE_TO_EXECUTE,ood_exposure,0.499528169546669,0.4340128843147029,0.500471830453331,0.5659871156852971,NOT_SAFE_TO_EXECUTE,0.9873994199221408
4508045819_00010,"3-way match, invoice before GR",2018-08-24 05:47:00+00:00,51615.0,R4_99_100,ood_test_r4,SAFE_TO_EXECUTE,ood_exposure,0.7970382896730843,0.688034188034188,0.20296171032691568,0.31196581196581197,SAFE_TO_EXECUTE,0.8954296333667611
4508043568_00020,"3-way match, invoice before GR",2018-08-24 07:36:00+00:00,69108.0,R4_99_100,ood_test_r4,SAFE_TO_EXECUTE,ood_exposure,0.838782485798971,0.8608305274971941,0.16121751420102903,0.13916947250280587,SAFE_TO_EXECUTE,0.5820595955256006
4508045272_00010,"3-way match, invoice before GR",2018-08-24 08:08:00+00:00,63170.0,R4_99_100,ood_test_r4,SAFE_TO_EXECUTE,ood_exposure,0.8886079580989336,0.8608305274971941,0.11139204190106644,0.13916947250280587,SAFE_TO_EXECUTE,0.5820595955256006
4508046965_00010,"3-way match, invoice before GR",2018-08-24 08:41:00+00:00,56752.0,R4_99_100,ood_test_r4,SAFE_TO_EXECUTE,ood_exposure,0.8290685733339573,0.688034188034188,0.17093142666604266,0.31196581196581197,SAFE_TO_EXECUTE,0.8954296333667611
4508045104_00010,"3-way match, invoice before GR",2018-08-24 12:22:00+00:00,51816.0,R4_99_100,ood_test_r4,NOT_SAFE_TO_EXECUTE,ood_exposure,4.255079414849755e-05,0.0,0.9999574492058515,1.0,NOT_SAFE_TO_EXECUTE,5.1270463350027155e-14
4508043721_00010,"3-way match, invoice before GR",2018-08-24 12:30:00+00:00,78080.0,R4_99_100,ood_test_r4,SAFE_TO_EXECUTE,ood_exposure,0.9329502806985192,0.9016736401673641,0.06704971930148085,0.09832635983263593,SAFE_TO_EXECUTE,0.46366771698440906
4507039681_00010,"3-way match, invoice before GR",2018-08-24 13:02:00+00:00,56752.0,R4_99_100,ood_test_r4,SAFE_TO_EXECUTE,ood_exposure,0.8105041136987264,0.688034188034188,0.18949588630127356,0.31196581196581197,SAFE_TO_EXECUTE,0.8954296333667611
4508043619_00010,"3-way match, invoice before GR",2018-08-24 13:32:00+00:00,56752.0,R4_99_100,ood_test_r4,SAFE_TO_EXECUTE,ood_exposure,0.8200631366817656,0.688034188034188,0.17993686331823444,0.31196581196581197,SAFE_TO_EXECUTE,0.8954296333667611
4507041565_00010,"3-way match, invoice before GR",2018-08-24 13:55:00+00:00,56752.0,R4_99_100,ood_test_r4,SAFE_TO_EXECUTE,ood_exposure,0.8125893386942337,0.688034188034188,0.18741066130576634,0.31196581196581197,SAFE_TO_EXECUTE,0.8954296333667611
4507041564_00010,"3-way match, invoice before GR",2018-08-24 13:56:00+00:00,56752.0,R4_99_100,ood_test_r4,SAFE_TO_EXECUTE,ood_exposure,0.8130255347782585,0.688034188034188,0.18697446522174155,0.31196581196581197,SAFE_TO_EXECUTE,0.8954296333667611
4507040306_00010,"3-way match, invoice before GR",2018-08-24 14:04:00+00:00,56752.0,R4_99_100,ood_test_r4,SAFE_TO_EXECUTE,ood_exposure,0.8126377578409546,0.688034188034188,0.1873622421590454,0.31196581196581197,SAFE_TO_EXECUTE,0.8954296333667611
4508046057_00020,"3-way match, invoice before GR",2018-08-24 14:47:00+00:00,64007.0,R4_99_100,ood_test_r4,SAFE_TO_EXECUTE,ood_exposure,0.9727902458512158,0.9771607702642185,0.027209754148784238,0.022839229735781452,SAFE_TO_EXECUTE,0.15709816484233138
4507037656_00010,"3-way match, invoice after GR",2018-08-28 10:03:00+00:00,55557.0,R4_99_100,ood_test_r4,SAFE_TO_EXECUTE,ood_exposure,0.8115216380473328,0.688034188034188,0.1884783619526672,0.31196581196581197,SAFE_TO_EXECUTE,0.8954296333667611
4507039181_00010,"3-way match, invoice after GR",2018-08-28 10:10:00+00:00,55557.0,R4_99_100,ood_test_r4,SAFE_TO_EXECUTE,ood_exposure,0.8156770048194625,0.688034188034188,0.18432299518053752,0.31196581196581197,SAFE_TO_EXECUTE,0.8954296333667611
4507041273_00030,"3-way match, invoice after GR",2018-08-28 10:18:00+00:00,52611.0,R4_99_100,ood_test_r4,SAFE_TO_EXECUTE,ood_exposure,0.7767351689923511,0.688034188034188,0.22326483100764893,0.31196581196581197,SAFE_TO_EXECUTE,0.8954296333667611
4507039123_00010,"3-way match, invoice before GR",2018-08-28 13:28:00+00:00,174628.0,R4_99_100,ood_test_r4,NOT_SAFE_TO_EXECUTE,ood_exposure,2.840929948122229e-06,0.0,0.9999971590700519,1.0,NOT_SAFE_TO_EXECUTE,5.1270463350027155e-14
4507029511_00010,"3-way match, invoice before GR",2018-08-29 08:47:00+00:00,69420.0,R4_99_100,ood_test_r4,SAFE_TO_EXECUTE,ood_exposure,0.7426273750949808,0.6206896551724138,0.2573726249050192,0.3793103448275862,SAFE_TO_EXECUTE,0.9575534837147484
4508043138_00010,"3-way match, invoice before GR",2018-08-29 09:43:00+00:00,50662.0,R4_99_100,ood_test_r4,SAFE_TO_EXECUTE,ood_exposure,0.9181197117642825,0.9016736401673641,0.08188028823571747,0.09832635983263593,SAFE_TO_EXECUTE,0.46366771698440906
4508047754_00010,"3-way match, invoice before GR",2018-08-29 10:13:00+00:00,56364.0,R4_99_100,ood_test_r4,SAFE_TO_EXECUTE,ood_exposure,0.9415051821318973,0.9285714285714286,0.05849481786810273,0.0714285714285714,SAFE_TO_EXECUTE,0.3712323266408756
4508047332_00010,"3-way match, invoice before GR",2018-08-29 10:57:00+00:00,51615.0,R4_99_100,ood_test_r4,SAFE_TO_EXECUTE,ood_exposure,0.7986793881791611,0.688034188034188,0.20132061182083894,0.31196581196581197,SAFE_TO_EXECUTE,0.8954296333667611
4508046413_00010,"3-way match, invoice before GR",2018-08-29 14:09:00+00:00,89373.0,R4_99_100,ood_test_r4,NOT_SAFE_TO_EXECUTE,ood_exposure,1.733936218776756e-05,0.0,0.9999826606378123,1.0,NOT_SAFE_TO_EXECUTE,5.1270463350027155e-14
4507036916_00010,"3-way match, invoice before GR",2018-08-30 07:24:00+00:00,130700.0,R4_99_100,ood_test_r4,SAFE_TO_EXECUTE,ood_exposure,0.6473050998582797,0.4814814814814814,0.35269490014172034,0.5185185185185186,NOT_SAFE_TO_EXECUTE,0.9990102708804812
4508047131_00010,"3-way match, invoice before GR",2018-08-30 09:25:00+00:00,50749.0,R4_99_100,ood_test_r4,NOT_SAFE_TO_EXECUTE,ood_exposure,8.910108609699218e-05,0.0,0.9999108989139031,1.0,NOT_SAFE_TO_EXECUTE,5.1270463350027155e-14
4507041068_00030,"3-way match, invoice before GR",2018-08-30 09:35:00+00:00,50471.0,R4_99_100,ood_test_r4,SAFE_TO_EXECUTE,ood_exposure,0.6496397306381269,0.4814814814814814,0.35036026936187314,0.5185185185185186,NOT_SAFE_TO_EXECUTE,0.9990102708804812
4508043565_00010,"3-way match, invoice before GR",2018-08-30 10:39:00+00:00,95435.0,R4_99_100,ood_test_r4,NOT_SAFE_TO_EXECUTE,ood_exposure,3.396421339097291e-05,0.0,0.999966035786609,1.0,NOT_SAFE_TO_EXECUTE,5.1270463350027155e-14
4508049219_00010,"3-way match, invoice before GR",2018-08-30 10:57:00+00:00,50749.0,R4_99_100,ood_test_r4,SAFE_TO_EXECUTE,ood_exposure,0.9184461112042541,0.9016736401673641,0.08155388879574588,0.09832635983263593,SAFE_TO_EXECUTE,0.46366771698440906
2000013503_00001,"3-way match, invoice after GR",2018-08-30 13:54:00+00:00,64929.0,R4_99_100,ood_test_r4,SAFE_TO_EXECUTE,ood_exposure,0.9666296050756636,0.9771607702642185,0.033370394924336355,0.022839229735781452,SAFE_TO_EXECUTE,0.15709816484233138
4507040316_00040,"3-way match, invoice before GR",2018-08-30 16:02:00+00:00,127742.0,R4_99_100,ood_test_r4,SAFE_TO_EXECUTE,ood_exposure,0.2561082322865991,0.41025641025641024,0.7438917677134009,0.5897435897435898,NOT_SAFE_TO_EXECUTE,0.9766349114440102
4508043428_00010,"3-way match, invoice before GR",2018-08-31 07:31:00+00:00,56395.0,R4_99_100,ood_test_r4,SAFE_TO_EXECUTE,ood_exposure,0.931325114382235,0.9016736401673641,0.06867488561776502,0.09832635983263593,SAFE_TO_EXECUTE,0.46366771698440906
2000033530_00001,"3-way match, invoice after GR",2018-08-31 13:57:00+00:00,976876.0,R4_99_100,ood_test_r4,SAFE_TO_EXECUTE,ood_exposure,2.822915630022366e-07,0.0,0.999999717708437,1.0,NOT_SAFE_TO_EXECUTE,5.1270463350027155e-14
4507038302_00020,"3-way match, invoice before GR",2018-09-03 09:18:00+00:00,70494.0,R4_99_100,ood_test_r4,NOT_SAFE_TO_EXECUTE,ood_exposure,0.6616913740922435,0.5882352941176471,0.33830862590775646,0.4117647058823529,SAFE_TO_EXECUTE,0.9774178175281716
4507038756_00010,"3-way match, invoice before GR",2018-09-03 09:20:00+00:00,62353.0,R4_99_100,ood_test_r4,SAFE_TO_EXECUTE,ood_exposure,0.8706495701204297,0.8608305274971941,0.12935042987957035,0.13916947250280587,SAFE_TO_EXECUTE,0.5820595955256006
4507024864_00050,"3-way match, invoice before GR",2018-09-03 11:01:00+00:00,75420.0,R4_99_100,ood_test_r4,SAFE_TO_EXECUTE,ood_exposure,0.7666191583434555,0.688034188034188,0.2333808416565445,0.31196581196581197,SAFE_TO_EXECUTE,0.8954296333667611
4507039317_00010,"3-way match, invoice before GR",2018-09-03 12:46:00+00:00,70494.0,R4_99_100,ood_test_r4,SAFE_TO_EXECUTE,ood_exposure,0.862392307402639,0.8608305274971941,0.13760769259736105,0.13916947250280587,SAFE_TO_EXECUTE,0.5820595955256006
4507037345_00010,"3-way match, invoice before GR",2018-09-03 13:15:00+00:00,60015.0,R4_99_100,ood_test_r4,SAFE_TO_EXECUTE,ood_exposure,0.8044975104671728,0.688034188034188,0.19550248953282723,0.31196581196581197,SAFE_TO_EXECUTE,0.8954296333667611
4507030152_00010,"3-way match, invoice before GR",2018-09-03 13:34:00+00:00,107955.0,R4_99_100,ood_test_r4,SAFE_TO_EXECUTE,ood_exposure,0.5611581037018438,0.4814814814814814,0.4388418962981562,0.5185185185185186,NOT_SAFE_TO_EXECUTE,0.9990102708804812
4507039180_00010,"3-way match, invoice after GR",2018-09-03 14:29:00+00:00,55557.0,R4_99_100,ood_test_r4,SAFE_TO_EXECUTE,ood_exposure,0.5765607511232814,0.4814814814814814,0.4234392488767186,0.5185185185185186,NOT_SAFE_TO_EXECUTE,0.9990102708804812
4507041118_00010,"3-way match, invoice before GR",2018-09-03 14:37:00+00:00,49231.0,R4_99_100,ood_test_r4,SAFE_TO_EXECUTE,ood_exposure,0.752842109526889,0.6842105263157895,0.24715789047311099,0.3157894736842105,SAFE_TO_EXECUTE,0.8997437586982626
4507038511_00010,"3-way match, invoice before GR",2018-09-03 15:11:00+00:00,49437.0,R4_99_100,ood_test_r4,SAFE_TO_EXECUTE,ood_exposure,0.7405427216417302,0.6206896551724138,0.2594572783582698,0.3793103448275862,SAFE_TO_EXECUTE,0.9575534837147484
4508044896_00010,"3-way match, invoice before GR",2018-09-04 07:59:00+00:00,54388.0,R4_99_100,ood_test_r4,SAFE_TO_EXECUTE,ood_exposure,0.7491948725095642,0.6842105263157895,0.2508051274904358,0.3157894736842105,SAFE_TO_EXECUTE,0.8997437586982626
4508042471_00010,"3-way match, invoice before GR",2018-09-04 08:30:00+00:00,70494.0,R4_99_100,ood_test_r4,NOT_SAFE_TO_EXECUTE,ood_exposure,0.677095638319456,0.6206896551724138,0.32290436168054404,0.3793103448275862,SAFE_TO_EXECUTE,0.9575534837147484
4508042704_00010,"3-way match, invoice before GR",2018-09-04 08:39:00+00:00,54847.0,R4_99_100,ood_test_r4,SAFE_TO_EXECUTE,ood_exposure,0.46981617447436763,0.41025641025641024,0.5301838255256324,0.5897435897435898,NOT_SAFE_TO_EXECUTE,0.9766349114440102
4508047755_00010,"3-way match, invoice before GR",2018-09-04 09:09:00+00:00,56364.0,R4_99_100,ood_test_r4,SAFE_TO_EXECUTE,ood_exposure,0.9397303965397382,0.9285714285714286,0.06026960346026178,0.0714285714285714,SAFE_TO_EXECUTE,0.3712323266408756
4508049061_00010,"3-way match, invoice before GR",2018-09-04 10:06:00+00:00,55860.0,R4_99_100,ood_test_r4,SAFE_TO_EXECUTE,ood_exposure,0.9425036104830274,0.9285714285714286,0.05749638951697256,0.0714285714285714,SAFE_TO_EXECUTE,0.3712323266408756
4508049062_00010,"3-way match, invoice before GR",2018-09-04 10:41:00+00:00,55860.0,R4_99_100,ood_test_r4,SAFE_TO_EXECUTE,ood_exposure,0.9423527079257701,0.9285714285714286,0.05764729207422992,0.0714285714285714,SAFE_TO_EXECUTE,0.3712323266408756
4508043527_00010,"3-way match, invoice before GR",2018-09-04 12:26:00+00:00,49211.0,R4_99_100,ood_test_r4,SAFE_TO_EXECUTE,ood_exposure,0.7565041784526604,0.688034188034188,0.24349582154733962,0.31196581196581197,SAFE_TO_EXECUTE,0.8954296333667611
4508044516_00010,"3-way match, invoice before GR",2018-09-04 13:17:00+00:00,54170.0,R4_99_100,ood_test_r4,SAFE_TO_EXECUTE,ood_exposure,0.4809443817795209,0.41025641025641024,0.5190556182204791,0.5897435897435898,NOT_SAFE_TO_EXECUTE,0.9766349114440102
4508042546_00010,"3-way match, invoice after GR",2018-09-04 14:13:00+00:00,55744.0,R4_99_100,ood_test_r4,SAFE_TO_EXECUTE,ood_exposure,0.8220833708711432,0.688034188034188,0.17791662912885675,0.31196581196581197,SAFE_TO_EXECUTE,0.8954296333667611
4507040890_00010,"3-way match, invoice after GR",2018-09-05 09:26:00+00:00,55744.0,R4_99_100,ood_test_r4,SAFE_TO_EXECUTE,ood_exposure,0.8118179912356084,0.688034188034188,0.18818200876439162,0.31196581196581197,SAFE_TO_EXECUTE,0.8954296333667611
4508043526_00010,"3-way match, invoice before GR",2018-09-05 09:31:00+00:00,49211.0,R4_99_100,ood_test_r4,SAFE_TO_EXECUTE,ood_exposure,0.7558155911779192,0.6842105263157895,0.2441844088220808,0.3157894736842105,SAFE_TO_EXECUTE,0.8997437586982626
4508042218_00010,"3-way match, invoice after GR",2018-09-05 12:10:00+00:00,55744.0,R4_99_100,ood_test_r4,SAFE_TO_EXECUTE,ood_exposure,0.8152776980554787,0.688034188034188,0.18472230194452133,0.31196581196581197,SAFE_TO_EXECUTE,0.8954296333667611
4508050175_00010,"3-way match, invoice before GR",2018-09-05 15:12:00+00:00,55728.0,R4_99_100,ood_test_r4,SAFE_TO_EXECUTE,ood_exposure,0.9433551244850547,0.9285714285714286,0.05664487551494535,0.0714285714285714,SAFE_TO_EXECUTE,0.3712323266408756
4508050173_00010,"3-way match, invoice before GR",2018-09-05 15:23:00+00:00,55728.0,R4_99_100,ood_test_r4,SAFE_TO_EXECUTE,ood_exposure,0.9433719195697414,0.9285714285714286,0.056628080430258576,0.0714285714285714,SAFE_TO_EXECUTE,0.3712323266408756
4508049911_00010,"3-way match, invoice before GR",2018-09-05 15:27:00+00:00,55759.0,R4_99_100,ood_test_r4,SAFE_TO_EXECUTE,ood_exposure,0.9434707797391396,0.9285714285714286,0.05652922026086038,0.0714285714285714,SAFE_TO_EXECUTE,0.3712323266408756
4508050178_00010,"3-way match, invoice before GR",2018-09-05 15:29:00+00:00,55728.0,R4_99_100,ood_test_r4,SAFE_TO_EXECUTE,ood_exposure,0.9431937152508998,0.9285714285714286,0.05680628474910021,0.0714285714285714,SAFE_TO_EXECUTE,0.3712323266408756
4507035351_00010,"3-way match, invoice before GR",2018-09-06 11:36:00+00:00,107955.0,R4_99_100,ood_test_r4,SAFE_TO_EXECUTE,ood_exposure,0.5720680180910329,0.4814814814814814,0.4279319819089671,0.5185185185185186,NOT_SAFE_TO_EXECUTE,0.9990102708804812
4507035841_00010,"3-way match, invoice before GR",2018-09-06 13:02:00+00:00,58799.0,R4_99_100,ood_test_r4,SAFE_TO_EXECUTE,ood_exposure,0.9491441763115455,0.9508196721311475,0.05085582368845454,0.049180327868852514,SAFE_TO_EXECUTE,0.28290479297989224
4507038892_00010,"3-way match, invoice before GR",2018-09-06 13:17:00+00:00,112453.0,R4_99_100,ood_test_r4,SAFE_TO_EXECUTE,ood_exposure,0.5765736653937851,0.4814814814814814,0.4234263346062149,0.5185185185185186,NOT_SAFE_TO_EXECUTE,0.9990102708804812
4507041358_00010,"3-way match, invoice before GR",2018-09-06 13:58:00+00:00,97168.0,R4_99_100,ood_test_r4,SAFE_TO_EXECUTE,ood_exposure,0.9242962106927286,0.9016736401673641,0.0757037893072714,0.09832635983263593,SAFE_TO_EXECUTE,0.46366771698440906
4507038890_00010,"3-way match, invoice before GR",2018-09-06 14:00:00+00:00,112453.0,R4_99_100,ood_test_r4,SAFE_TO_EXECUTE,ood_exposure,0.5771553034363217,0.4814814814814814,0.4228446965636783,0.5185185185185186,NOT_SAFE_TO_EXECUTE,0.9990102708804812
4507038889_00010,"3-way match, invoice before GR",2018-09-06 14:01:00+00:00,112453.0,R4_99_100,ood_test_r4,SAFE_TO_EXECUTE,ood_exposure,0.5793144491755097,0.4814814814814814,0.42068555082449033,0.5185185185185186,NOT_SAFE_TO_EXECUTE,0.9990102708804812
4507038888_00010,"3-way match, invoice before GR",2018-09-06 14:11:00+00:00,112453.0,R4_99_100,ood_test_r4,SAFE_TO_EXECUTE,ood_exposure,0.5799825982988126,0.4814814814814814,0.4200174017011874,0.5185185185185186,NOT_SAFE_TO_EXECUTE,0.9990102708804812
4507035033_00210,"3-way match, invoice before GR",2018-09-06 14:26:00+00:00,53984.0,R4_99_100,ood_test_r4,SAFE_TO_EXECUTE,ood_exposure,0.03782837998438096,0.41025641025641024,0.9621716200156191,0.5897435897435898,NOT_SAFE_TO_EXECUTE,0.9766349114440102
4508044252_00010,"3-way match, invoice before GR",2018-09-06 14:37:00+00:00,86602.0,R4_99_100,ood_test_r4,SAFE_TO_EXECUTE,ood_exposure,0.8567728059919242,0.8608305274971941,0.14322719400807582,0.13916947250280587,SAFE_TO_EXECUTE,0.5820595955256006
4507033659_00010,"3-way match, invoice before GR",2018-09-06 16:00:00+00:00,115645.0,R4_99_100,ood_test_r4,SAFE_TO_EXECUTE,ood_exposure,0.5351186995869207,0.4814814814814814,0.4648813004130793,0.5185185185185186,NOT_SAFE_TO_EXECUTE,0.9990102708804812
4507040323_00010,"3-way match, invoice before GR",2018-09-07 07:27:00+00:00,120093.0,R4_99_100,ood_test_r4,SAFE_TO_EXECUTE,ood_exposure,0.7075076960984257,0.6206896551724138,0.2924923039015743,0.3793103448275862,SAFE_TO_EXECUTE,0.9575534837147484
4508045774_00010,"3-way match, invoice before GR",2018-09-07 08:05:00+00:00,54571.0,R4_99_100,ood_test_r4,SAFE_TO_EXECUTE,ood_exposure,0.48202914186295204,0.41025641025641024,0.5179708581370479,0.5897435897435898,NOT_SAFE_TO_EXECUTE,0.9766349114440102
2000033598_00001,"3-way match, invoice after GR",2018-09-07 09:57:00+00:00,104789.0,R4_99_100,ood_test_r4,SAFE_TO_EXECUTE,ood_exposure,0.8923518448783068,0.8608305274971941,0.10764815512169323,0.13916947250280587,SAFE_TO_EXECUTE,0.5820595955256006
4507033202_00010,"3-way match, invoice before GR",2018-09-07 12:45:00+00:00,112453.0,R4_99_100,ood_test_r4,SAFE_TO_EXECUTE,ood_exposure,0.5628284237131517,0.4814814814814814,0.43717157628684833,0.5185185185185186,NOT_SAFE_TO_EXECUTE,0.9990102708804812
4507033211_00010,"3-way match, invoice before GR",2018-09-07 13:08:00+00:00,112453.0,R4_99_100,ood_test_r4,SAFE_TO_EXECUTE,ood_exposure,0.556693539661299,0.4814814814814814,0.443306460338701,0.5185185185185186,NOT_SAFE_TO_EXECUTE,0.9990102708804812
4507033215_00010,"3-way match, invoice before GR",2018-09-07 13:21:00+00:00,112453.0,R4_99_100,ood_test_r4,SAFE_TO_EXECUTE,ood_exposure,0.5537159454202775,0.4814814814814814,0.44628405457972253,0.5185185185185186,NOT_SAFE_TO_EXECUTE,0.9990102708804812
4507033214_00010,"3-way match, invoice before GR",2018-09-07 13:25:00+00:00,112453.0,R4_99_100,ood_test_r4,SAFE_TO_EXECUTE,ood_exposure,0.5559802340335599,0.4814814814814814,0.4440197659664401,0.5185185185185186,NOT_SAFE_TO_EXECUTE,0.9990102708804812
4507034527_00010,"3-way match, invoice before GR",2018-09-07 13:29:00+00:00,107955.0,R4_99_100,ood_test_r4,SAFE_TO_EXECUTE,ood_exposure,0.5834972467409674,0.4814814814814814,0.41650275325903263,0.5185185185185186,NOT_SAFE_TO_EXECUTE,0.9990102708804812
4507029793_00010,"3-way match, invoice before GR",2018-09-07 14:08:00+00:00,112453.0,R4_99_100,ood_test_r4,SAFE_TO_EXECUTE,ood_exposure,0.42372569501881313,0.41025641025641024,0.5762743049811869,0.5897435897435898,NOT_SAFE_TO_EXECUTE,0.9766349114440102
4507012180_00010,"3-way match, invoice before GR",2018-09-07 14:20:00+00:00,101595.0,R4_99_100,ood_test_r4,SAFE_TO_EXECUTE,ood_exposure,0.7987758514029338,0.688034188034188,0.20122414859706617,0.31196581196581197,SAFE_TO_EXECUTE,0.8954296333667611
4507033208_00010,"3-way match, invoice before GR",2018-09-07 14:32:00+00:00,112453.0,R4_99_100,ood_test_r4,SAFE_TO_EXECUTE,ood_exposure,0.5584333516471366,0.4814814814814814,0.4415666483528634,0.5185185185185186,NOT_SAFE_TO_EXECUTE,0.9990102708804812
4507033207_00010,"3-way match, invoice before GR",2018-09-07 14:40:00+00:00,112453.0,R4_99_100,ood_test_r4,SAFE_TO_EXECUTE,ood_exposure,0.5605506900034434,0.4814814814814814,0.4394493099965566,0.5185185185185186,NOT_SAFE_TO_EXECUTE,0.9990102708804812
4507033204_00010,"3-way match, invoice before GR",2018-09-07 15:03:00+00:00,112453.0,R4_99_100,ood_test_r4,SAFE_TO_EXECUTE,ood_exposure,0.5618777187589769,0.4814814814814814,0.43812228124102315,0.5185185185185186,NOT_SAFE_TO_EXECUTE,0.9990102708804812
4508042220_00010,"3-way match, invoice after GR",2018-09-07 16:07:00+00:00,52028.0,R4_99_100,ood_test_r4,SAFE_TO_EXECUTE,ood_exposure,0.7247580584406452,0.6206896551724138,0.2752419415593548,0.3793103448275862,SAFE_TO_EXECUTE,0.9575534837147484
4507039669_00010,"3-way match, invoice before GR",2018-09-10 08:18:00+00:00,132304.0,R4_99_100,ood_test_r4,SAFE_TO_EXECUTE,ood_exposure,0.23764518976206198,0.41025641025641024,0.762354810237938,0.5897435897435898,NOT_SAFE_TO_EXECUTE,0.9766349114440102
4507029804_00010,"3-way match, invoice before GR",2018-09-10 08:39:00+00:00,112453.0,R4_99_100,ood_test_r4,SAFE_TO_EXECUTE,ood_exposure,0.4146434866419573,0.41025641025641024,0.5853565133580427,0.5897435897435898,NOT_SAFE_TO_EXECUTE,0.9766349114440102
4507038875_00010,"3-way match, invoice before GR",2018-09-10 09:32:00+00:00,112453.0,R4_99_100,ood_test_r4,SAFE_TO_EXECUTE,ood_exposure,0.5834579123233316,0.4814814814814814,0.41654208767666845,0.5185185185185186,NOT_SAFE_TO_EXECUTE,0.9990102708804812
4507038884_00010,"3-way match, invoice before GR",2018-09-10 12:20:00+00:00,112453.0,R4_99_100,ood_test_r4,SAFE_TO_EXECUTE,ood_exposure,0.5808387235814335,0.4814814814814814,0.4191612764185665,0.5185185185185186,NOT_SAFE_TO_EXECUTE,0.9990102708804812
4507038887_00010,"3-way match, invoice before GR",2018-09-10 12:34:00+00:00,112453.0,R4_99_100,ood_test_r4,SAFE_TO_EXECUTE,ood_exposure,0.5781209209076289,0.4814814814814814,0.4218790790923711,0.5185185185185186,NOT_SAFE_TO_EXECUTE,0.9990102708804812
4507038882_00010,"3-way match, invoice before GR",2018-09-10 13:48:00+00:00,112453.0,R4_99_100,ood_test_r4,SAFE_TO_EXECUTE,ood_exposure,0.5813764583576958,0.4814814814814814,0.4186235416423042,0.5185185185185186,NOT_SAFE_TO_EXECUTE,0.9990102708804812
4507038877_00010,"3-way match, invoice before GR",2018-09-10 13:54:00+00:00,112453.0,R4_99_100,ood_test_r4,SAFE_TO_EXECUTE,ood_exposure,0.5820934148077859,0.4814814814814814,0.41790658519221413,0.5185185185185186,NOT_SAFE_TO_EXECUTE,0.9990102708804812
4507038876_00010,"3-way match, invoice before GR",2018-09-10 14:46:00+00:00,112453.0,R4_99_100,ood_test_r4,SAFE_TO_EXECUTE,ood_exposure,0.582597508197879,0.4814814814814814,0.41740249180212097,0.5185185185185186,NOT_SAFE_TO_EXECUTE,0.9990102708804812
4507027368_00010,"3-way match, invoice before GR",2018-09-10 14:47:00+00:00,107955.0,R4_99_100,ood_test_r4,SAFE_TO_EXECUTE,ood_exposure,0.5202422715143564,0.4814814814814814,0.4797577284856436,0.5185185185185186,NOT_SAFE_TO_EXECUTE,0.9990102708804812
4507038874_00010,"3-way match, invoice before GR",2018-09-10 15:08:00+00:00,112453.0,R4_99_100,ood_test_r4,SAFE_TO_EXECUTE,ood_exposure,0.5853634985062341,0.4814814814814814,0.41463650149376585,0.5185185185185186,NOT_SAFE_TO_EXECUTE,0.9990102708804812
4507041562_00010,"3-way match, invoice before GR",2018-09-11 06:49:00+00:00,129197.0,R4_99_100,ood_test_r4,NOT_SAFE_TO_EXECUTE,ood_exposure,0.093298983374418,0.41025641025641024,0.906701016625582,0.5897435897435898,NOT_SAFE_TO_EXECUTE,0.9766349114440102
2000052671_00001,"3-way match, invoice after GR",2018-09-11 07:14:00+00:00,91937.0,R4_99_100,ood_test_r4,SAFE_TO_EXECUTE,ood_exposure,0.9942237112481835,0.9901960784313726,0.005776288751816461,0.009803921568627416,SAFE_TO_EXECUTE,0.07949044238393389
4508043967_00010,"3-way match, invoice after GR",2018-09-11 09:33:00+00:00,55744.0,R4_99_100,ood_test_r4,SAFE_TO_EXECUTE,ood_exposure,0.813846295955126,0.688034188034188,0.18615370404487397,0.31196581196581197,SAFE_TO_EXECUTE,0.8954296333667611
4508042219_00010,"3-way match, invoice after GR",2018-09-11 13:42:00+00:00,55744.0,R4_99_100,ood_test_r4,SAFE_TO_EXECUTE,ood_exposure,0.8089267969009837,0.688034188034188,0.19107320309901632,0.31196581196581197,SAFE_TO_EXECUTE,0.8954296333667611
2000033620_00001,"3-way match, invoice after GR",2018-09-12 08:24:00+00:00,84801.0,R4_99_100,ood_test_r4,SAFE_TO_EXECUTE,ood_exposure,0.8726348441824049,0.8608305274971941,0.1273651558175951,0.13916947250280587,SAFE_TO_EXECUTE,0.5820595955256006
4508051365_00010,"3-way match, invoice before GR",2018-09-12 09:00:00+00:00,56120.0,R4_99_100,ood_test_r4,SAFE_TO_EXECUTE,ood_exposure,0.9430274502494186,0.9285714285714286,0.056972549750581414,0.0714285714285714,SAFE_TO_EXECUTE,0.3712323266408756
4508051982_00010,"3-way match, invoice before GR",2018-09-12 10:17:00+00:00,56088.0,R4_99_100,ood_test_r4,SAFE_TO_EXECUTE,ood_exposure,0.943567377881205,0.9285714285714286,0.05643262211879496,0.0714285714285714,SAFE_TO_EXECUTE,0.3712323266408756
4507033666_00010,"3-way match, invoice before GR",2018-09-12 10:24:00+00:00,115645.0,R4_99_100,ood_test_r4,SAFE_TO_EXECUTE,ood_exposure,0.521240098803169,0.4814814814814814,0.478759901196831,0.5185185185185186,NOT_SAFE_TO_EXECUTE,0.9990102708804812
4508045245_00010,"3-way match, invoice before GR",2018-09-12 10:52:00+00:00,70200.0,R4_99_100,ood_test_r4,NOT_SAFE_TO_EXECUTE,ood_exposure,0.00011871134272904661,0.0,0.999881288657271,1.0,NOT_SAFE_TO_EXECUTE,5.1270463350027155e-14
4508049851_00010,"3-way match, invoice before GR",2018-09-13 14:40:00+00:00,50402.0,R4_99_100,ood_test_r4,SAFE_TO_EXECUTE,ood_exposure,0.9555696395833315,0.9556004036326943,0.04443036041666848,0.04439959636730573,SAFE_TO_EXECUTE,0.262112675977001
4508044004_00010,"3-way match, invoice before GR",2018-09-14 09:46:00+00:00,58654.0,R4_99_100,ood_test_r4,SAFE_TO_EXECUTE,ood_exposure,0.9641422793778982,0.9702325581395349,0.035857720622101796,0.029767441860465094,SAFE_TO_EXECUTE,0.19322424629252893
4508048927_00010,"3-way match, invoice before GR",2018-09-17 07:16:00+00:00,51615.0,R4_99_100,ood_test_r4,SAFE_TO_EXECUTE,ood_exposure,0.7924754158078956,0.688034188034188,0.2075245841921044,0.31196581196581197,SAFE_TO_EXECUTE,0.8954296333667611
4508049507_00010,"3-way match, invoice before GR",2018-09-17 07:50:00+00:00,89373.0,R4_99_100,ood_test_r4,SAFE_TO_EXECUTE,ood_exposure,0.6684426841641695,0.5882352941176471,0.3315573158358305,0.4117647058823529,SAFE_TO_EXECUTE,0.9774178175281716
2000033602_00001,"3-way match, invoice after GR",2018-09-17 12:54:00+00:00,58668.0,R4_99_100,ood_test_r4,SAFE_TO_EXECUTE,ood_exposure,0.9864145626305149,0.9879424348502528,0.013585437369485143,0.012057565149747207,SAFE_TO_EXECUTE,0.09414401889542408
4507028399_00010,"3-way match, invoice before GR",2018-09-17 15:18:00+00:00,69420.0,R4_99_100,ood_test_r4,NOT_SAFE_TO_EXECUTE,ood_exposure,0.8438126863125354,0.8608305274971941,0.15618731368746464,0.13916947250280587,SAFE_TO_EXECUTE,0.5820595955256006
4508046882_00010,"3-way match, invoice before GR",2018-09-18 06:24:00+00:00,96994.0,R4_99_100,ood_test_r4,SAFE_TO_EXECUTE,ood_exposure,0.7425811695371287,0.6206896551724138,0.2574188304628713,0.3793103448275862,SAFE_TO_EXECUTE,0.9575534837147484
4508048429_00010,"3-way match, invoice before GR",2018-09-18 10:05:00+00:00,53972.0,R4_99_100,ood_test_r4,SAFE_TO_EXECUTE,ood_exposure,0.7523631047680296,0.6842105263157895,0.2476368952319704,0.3157894736842105,SAFE_TO_EXECUTE,0.8997437586982626
4508046043_00010,"3-way match, invoice before GR",2018-09-18 10:28:00+00:00,58820.0,R4_99_100,ood_test_r4,NOT_SAFE_TO_EXECUTE,ood_exposure,0.8965540474511295,0.8608305274971941,0.10344595254887046,0.13916947250280587,SAFE_TO_EXECUTE,0.5820595955256006
4508044796_00010,"3-way match, invoice before GR",2018-09-18 10:39:00+00:00,56201.0,R4_99_100,ood_test_r4,NOT_SAFE_TO_EXECUTE,ood_exposure,0.452705788553016,0.41025641025641024,0.547294211446984,0.5897435897435898,NOT_SAFE_TO_EXECUTE,0.9766349114440102
4508047741_00010,"3-way match, invoice before GR",2018-09-18 11:54:00+00:00,54314.0,R4_99_100,ood_test_r4,SAFE_TO_EXECUTE,ood_exposure,0.74933480463865,0.6842105263157895,0.25066519536135,0.3157894736842105,SAFE_TO_EXECUTE,0.8997437586982626
4508043965_00010,"3-way match, invoice after GR",2018-09-18 12:53:00+00:00,55744.0,R4_99_100,ood_test_r4,SAFE_TO_EXECUTE,ood_exposure,0.8076731718490597,0.688034188034188,0.19232682815094027,0.31196581196581197,SAFE_TO_EXECUTE,0.8954296333667611
4508053243_00010,"3-way match, invoice before GR",2018-09-19 06:39:00+00:00,55887.0,R4_99_100,ood_test_r4,SAFE_TO_EXECUTE,ood_exposure,0.8391130376663726,0.8608305274971941,0.16088696233362743,0.13916947250280587,SAFE_TO_EXECUTE,0.5820595955256006
4508052515_00010,"3-way match, invoice before GR",2018-09-19 06:41:00+00:00,55844.0,R4_99_100,ood_test_r4,SAFE_TO_EXECUTE,ood_exposure,0.9429051423006217,0.9285714285714286,0.057094857699378276,0.0714285714285714,SAFE_TO_EXECUTE,0.3712323266408756
4508053746_00010,"3-way match, invoice before GR",2018-09-19 07:05:00+00:00,55758.0,R4_99_100,ood_test_r4,SAFE_TO_EXECUTE,ood_exposure,0.8402238268226754,0.8608305274971941,0.15977617317732462,0.13916947250280587,SAFE_TO_EXECUTE,0.5820595955256006
4508051969_00010,"3-way match, invoice before GR",2018-09-19 07:09:00+00:00,56088.0,R4_99_100,ood_test_r4,SAFE_TO_EXECUTE,ood_exposure,0.9421350241879273,0.9285714285714286,0.05786497581207273,0.0714285714285714,SAFE_TO_EXECUTE,0.3712323266408756
4508046246_00010,"3-way match, invoice before GR",2018-09-19 08:24:00+00:00,58117.0,R4_99_100,ood_test_r4,SAFE_TO_EXECUTE,ood_exposure,0.9019821924232254,0.8608305274971941,0.09801780757677458,0.13916947250280587,SAFE_TO_EXECUTE,0.5820595955256006
4508048902_00010,"3-way match, invoice before GR",2018-09-19 10:08:00+00:00,54384.0,R4_99_100,ood_test_r4,SAFE_TO_EXECUTE,ood_exposure,0.4872390507538085,0.41025641025641024,0.5127609492461915,0.5897435897435898,NOT_SAFE_TO_EXECUTE,0.9766349114440102
4508042444_00010,"3-way match, invoice before GR",2018-09-19 11:22:00+00:00,133811.0,R4_99_100,ood_test_r4,SAFE_TO_EXECUTE,ood_exposure,0.22585140154605285,0.41025641025641024,0.7741485984539471,0.5897435897435898,NOT_SAFE_TO_EXECUTE,0.9766349114440102
4508045247_00010,"3-way match, invoice before GR",2018-09-20 09:40:00+00:00,68662.0,R4_99_100,ood_test_r4,NOT_SAFE_TO_EXECUTE,ood_exposure,0.00011602491787132864,0.0,0.9998839750821287,1.0,NOT_SAFE_TO_EXECUTE,5.1270463350027155e-14
4507017752_00010,"3-way match, invoice before GR",2018-09-20 09:56:00+00:00,101595.0,R4_99_100,ood_test_r4,SAFE_TO_EXECUTE,ood_exposure,0.8004141216827177,0.688034188034188,0.19958587831728225,0.31196581196581197,SAFE_TO_EXECUTE,0.8954296333667611
4507017750_00010,"3-way match, invoice before GR",2018-09-20 13:14:00+00:00,101595.0,R4_99_100,ood_test_r4,SAFE_TO_EXECUTE,ood_exposure,0.8034744258640268,0.688034188034188,0.19652557413597316,0.31196581196581197,SAFE_TO_EXECUTE,0.8954296333667611
4507017755_00010,"3-way match, invoice before GR",2018-09-20 13:17:00+00:00,101595.0,R4_99_100,ood_test_r4,SAFE_TO_EXECUTE,ood_exposure,0.7988636628362975,0.688034188034188,0.2011363371637025,0.31196581196581197,SAFE_TO_EXECUTE,0.8954296333667611
4508043766_00010,"3-way match, invoice before GR",2018-09-20 13:21:00+00:00,54746.0,R4_99_100,ood_test_r4,SAFE_TO_EXECUTE,ood_exposure,0.9406253625472323,0.9285714285714286,0.05937463745276772,0.0714285714285714,SAFE_TO_EXECUTE,0.3712323266408756
4508046359_00010,"3-way match, invoice after GR",2018-09-21 04:23:00+00:00,57881.0,R4_99_100,ood_test_r4,SAFE_TO_EXECUTE,ood_exposure,0.8122307846014832,0.688034188034188,0.18776921539851676,0.31196581196581197,SAFE_TO_EXECUTE,0.8954296333667611
4508049824_00010,"3-way match, invoice before GR",2018-09-21 04:51:00+00:00,52829.0,R4_99_100,ood_test_r4,SAFE_TO_EXECUTE,ood_exposure,0.889475119725982,0.8608305274971941,0.11052488027401797,0.13916947250280587,SAFE_TO_EXECUTE,0.5820595955256006
4508045651_00030,"3-way match, invoice before GR",2018-09-21 05:31:00+00:00,72461.0,R4_99_100,ood_test_r4,NOT_SAFE_TO_EXECUTE,ood_exposure,0.5705805920134767,0.4814814814814814,0.42941940798652334,0.5185185185185186,NOT_SAFE_TO_EXECUTE,0.9990102708804812
4508051576_00010,"3-way match, invoice before GR",2018-09-21 07:41:00+00:00,52255.0,R4_99_100,ood_test_r4,SAFE_TO_EXECUTE,ood_exposure,0.8919414312468884,0.8608305274971941,0.1080585687531116,0.13916947250280587,SAFE_TO_EXECUTE,0.5820595955256006
4508048432_00010,"3-way match, invoice before GR",2018-09-21 12:48:00+00:00,59122.0,R4_99_100,ood_test_r4,SAFE_TO_EXECUTE,ood_exposure,0.7472509086508262,0.6842105263157895,0.2527490913491738,0.3157894736842105,SAFE_TO_EXECUTE,0.8997437586982626
4508050191_00010,"3-way match, invoice before GR",2018-09-21 14:21:00+00:00,54033.0,R4_99_100,ood_test_r4,SAFE_TO_EXECUTE,ood_exposure,0.7562039931882206,0.688034188034188,0.24379600681177938,0.31196581196581197,SAFE_TO_EXECUTE,0.8954296333667611
4507040312_00020,"3-way match, invoice before GR",2018-09-21 15:43:00+00:00,129197.0,R4_99_100,ood_test_r4,SAFE_TO_EXECUTE,ood_exposure,0.22797468659707268,0.41025641025641024,0.7720253134029273,0.5897435897435898,NOT_SAFE_TO_EXECUTE,0.9766349114440102
4508046414_00010,"3-way match, invoice before GR",2018-09-24 13:43:00+00:00,89373.0,R4_99_100,ood_test_r4,SAFE_TO_EXECUTE,ood_exposure,0.6356341470577834,0.4814814814814814,0.3643658529422166,0.5185185185185186,NOT_SAFE_TO_EXECUTE,0.9990102708804812
4508047505_00010,"3-way match, invoice before GR",2018-09-24 13:49:00+00:00,66471.0,R4_99_100,ood_test_r4,SAFE_TO_EXECUTE,ood_exposure,0.8623190136626995,0.8608305274971941,0.13768098633730053,0.13916947250280587,SAFE_TO_EXECUTE,0.5820595955256006
4508050501_00020,"3-way match, invoice before GR",2018-09-24 13:49:00+00:00,66471.0,R4_99_100,ood_test_r4,SAFE_TO_EXECUTE,ood_exposure,0.870698067428778,0.8608305274971941,0.12930193257122202,0.13916947250280587,SAFE_TO_EXECUTE,0.5820595955256006
4508050176_00010,"3-way match, invoice before GR",2018-09-24 15:50:00+00:00,179977.0,R4_99_100,ood_test_r4,SAFE_TO_EXECUTE,ood_exposure,0.5146510170880368,0.4814814814814814,0.48534898291196316,0.5185185185185186,NOT_SAFE_TO_EXECUTE,0.9990102708804812
4508051730_00010,"3-way match, invoice before GR",2018-09-25 09:24:00+00:00,50749.0,R4_99_100,ood_test_r4,NOT_SAFE_TO_EXECUTE,ood_exposure,0.9129923773901771,0.9016736401673641,0.08700762260982287,0.09832635983263593,SAFE_TO_EXECUTE,0.46366771698440906
4508054633_00010,"3-way match, invoice before GR",2018-09-25 10:14:00+00:00,51208.0,R4_99_100,ood_test_r4,SAFE_TO_EXECUTE,ood_exposure,0.6770595418331091,0.6206896551724138,0.3229404581668909,0.3793103448275862,SAFE_TO_EXECUTE,0.9575534837147484
4508051122_00010,"3-way match, invoice before GR",2018-09-25 10:46:00+00:00,50749.0,R4_99_100,ood_test_r4,NOT_SAFE_TO_EXECUTE,ood_exposure,0.9139961900310144,0.9016736401673641,0.0860038099689856,0.09832635983263593,SAFE_TO_EXECUTE,0.46366771698440906
4508054229_00010,"3-way match, invoice before GR",2018-09-25 10:52:00+00:00,50749.0,R4_99_100,ood_test_r4,NOT_SAFE_TO_EXECUTE,ood_exposure,0.7784804840849511,0.688034188034188,0.22151951591504893,0.31196581196581197,SAFE_TO_EXECUTE,0.8954296333667611
4508055643_00010,"3-way match, invoice before GR",2018-09-25 11:09:00+00:00,50749.0,R4_99_100,ood_test_r4,SAFE_TO_EXECUTE,ood_exposure,0.7845287151608783,0.688034188034188,0.2154712848391217,0.31196581196581197,SAFE_TO_EXECUTE,0.8954296333667611
4508052525_00010,"3-way match, invoice before GR",2018-09-25 13:41:00+00:00,60898.0,R4_99_100,ood_test_r4,NOT_SAFE_TO_EXECUTE,ood_exposure,6.762532037137785e-05,0.0,0.9999323746796286,1.0,NOT_SAFE_TO_EXECUTE,5.1270463350027155e-14
4508055644_00010,"3-way match, invoice before GR",2018-09-25 14:24:00+00:00,50749.0,R4_99_100,ood_test_r4,NOT_SAFE_TO_EXECUTE,ood_exposure,3.075260543382273e-05,0.0,0.9999692473945662,1.0,NOT_SAFE_TO_EXECUTE,5.1270463350027155e-14
4508049212_00010,"3-way match, invoice before GR",2018-09-26 04:27:00+00:00,133811.0,R4_99_100,ood_test_r4,SAFE_TO_EXECUTE,ood_exposure,0.2599299864163946,0.41025641025641024,0.7400700135836054,0.5897435897435898,NOT_SAFE_TO_EXECUTE,0.9766349114440102
4507041835_00010,"3-way match, invoice before GR",2018-09-26 06:12:00+00:00,129197.0,R4_99_100,ood_test_r4,SAFE_TO_EXECUTE,ood_exposure,0.22587154509123966,0.41025641025641024,0.7741284549087604,0.5897435897435898,NOT_SAFE_TO_EXECUTE,0.9766349114440102
4507041837_00030,"3-way match, invoice before GR",2018-09-26 07:03:00+00:00,129197.0,R4_99_100,ood_test_r4,SAFE_TO_EXECUTE,ood_exposure,0.22492142326468154,0.41025641025641024,0.7750785767353184,0.5897435897435898,NOT_SAFE_TO_EXECUTE,0.9766349114440102
4508050472_00010,"3-way match, invoice before GR",2018-09-26 07:13:00+00:00,60898.0,R4_99_100,ood_test_r4,SAFE_TO_EXECUTE,ood_exposure,0.8986310261700063,0.8608305274971941,0.10136897382999366,0.13916947250280587,SAFE_TO_EXECUTE,0.5820595955256006
4508053201_00010,"3-way match, invoice before GR",2018-09-26 08:33:00+00:00,67342.0,R4_99_100,ood_test_r4,SAFE_TO_EXECUTE,ood_exposure,0.7322632238231134,0.6206896551724138,0.2677367761768866,0.3793103448275862,SAFE_TO_EXECUTE,0.9575534837147484
4508051571_00010,"3-way match, invoice before GR",2018-09-26 08:34:00+00:00,133811.0,R4_99_100,ood_test_r4,NOT_SAFE_TO_EXECUTE,ood_exposure,0.10183845789205881,0.41025641025641024,0.8981615421079412,0.5897435897435898,NOT_SAFE_TO_EXECUTE,0.9766349114440102
4508044128_00010,"3-way match, invoice before GR",2018-09-26 09:06:00+00:00,129197.0,R4_99_100,ood_test_r4,SAFE_TO_EXECUTE,ood_exposure,0.23297433789727046,0.41025641025641024,0.7670256621027296,0.5897435897435898,NOT_SAFE_TO_EXECUTE,0.9766349114440102
4508045101_00010,"3-way match, invoice before GR",2018-09-26 09:21:00+00:00,129197.0,R4_99_100,ood_test_r4,SAFE_TO_EXECUTE,ood_exposure,0.23915744446665316,0.41025641025641024,0.7608425555333469,0.5897435897435898,NOT_SAFE_TO_EXECUTE,0.9766349114440102
4507037668_00070,"3-way match, invoice before GR",2018-09-26 09:27:00+00:00,101599.0,R4_99_100,ood_test_r4,NOT_SAFE_TO_EXECUTE,ood_exposure,2.6405218932818332e-05,0.0,0.9999735947810672,1.0,NOT_SAFE_TO_EXECUTE,5.1270463350027155e-14
4508049805_00010,"3-way match, invoice before GR",2018-09-26 09:47:00+00:00,133811.0,R4_99_100,ood_test_r4,SAFE_TO_EXECUTE,ood_exposure,0.2542573439031117,0.41025641025641024,0.7457426560968883,0.5897435897435898,NOT_SAFE_TO_EXECUTE,0.9766349114440102
4508045102_00020,"3-way match, invoice before GR",2018-09-26 10:04:00+00:00,129197.0,R4_99_100,ood_test_r4,SAFE_TO_EXECUTE,ood_exposure,0.23660328635591776,0.41025641025641024,0.7633967136440822,0.5897435897435898,NOT_SAFE_TO_EXECUTE,0.9766349114440102
4507041960_00020,"3-way match, invoice before GR",2018-09-26 10:16:00+00:00,50184.0,R4_99_100,ood_test_r4,SAFE_TO_EXECUTE,ood_exposure,0.6875427558301442,0.6206896551724138,0.31245724416985576,0.3793103448275862,SAFE_TO_EXECUTE,0.9575534837147484
4508054695_00010,"3-way match, invoice before GR",2018-09-26 10:18:00+00:00,55711.0,R4_99_100,ood_test_r4,SAFE_TO_EXECUTE,ood_exposure,0.8401036169476106,0.8608305274971941,0.1598963830523894,0.13916947250280587,SAFE_TO_EXECUTE,0.5820595955256006
4508046047_00020,"3-way match, invoice before GR",2018-09-26 10:21:00+00:00,129197.0,R4_99_100,ood_test_r4,SAFE_TO_EXECUTE,ood_exposure,0.24178727144674086,0.41025641025641024,0.7582127285532592,0.5897435897435898,NOT_SAFE_TO_EXECUTE,0.9766349114440102
4508055022_00010,"3-way match, invoice before GR",2018-09-26 10:40:00+00:00,55668.0,R4_99_100,ood_test_r4,SAFE_TO_EXECUTE,ood_exposure,0.8402402323655386,0.8608305274971941,0.15975976763446142,0.13916947250280587,SAFE_TO_EXECUTE,0.5820595955256006
4508046048_00030,"3-way match, invoice before GR",2018-09-26 11:40:00+00:00,133811.0,R4_99_100,ood_test_r4,NOT_SAFE_TO_EXECUTE,ood_exposure,0.08415377853322797,0.41025641025641024,0.915846221466772,0.5897435897435898,NOT_SAFE_TO_EXECUTE,0.9766349114440102
4508046218_00010,"3-way match, invoice before GR",2018-09-26 12:28:00+00:00,174071.0,R4_99_100,ood_test_r4,SAFE_TO_EXECUTE,ood_exposure,0.7648541461943202,0.688034188034188,0.23514585380567976,0.31196581196581197,SAFE_TO_EXECUTE,0.8954296333667611
4508045321_00010,"3-way match, invoice before GR",2018-09-26 15:16:00+00:00,55370.0,R4_99_100,ood_test_r4,NOT_SAFE_TO_EXECUTE,ood_exposure,5.872858542022697e-06,0.0,0.999994127141458,1.0,NOT_SAFE_TO_EXECUTE,5.1270463350027155e-14
4508053101_00010,"3-way match, invoice before GR",2018-09-27 05:42:00+00:00,49986.0,R4_99_100,ood_test_r4,SAFE_TO_EXECUTE,ood_exposure,0.775687027030643,0.688034188034188,0.22431297296935704,0.31196581196581197,SAFE_TO_EXECUTE,0.8954296333667611
4508051641_00010,"3-way match, invoice after GR",2018-09-27 07:06:00+00:00,99592.0,R4_99_100,ood_test_r4,SAFE_TO_EXECUTE,ood_exposure,0.7976133619695335,0.688034188034188,0.20238663803046653,0.31196581196581197,SAFE_TO_EXECUTE,0.8954296333667611
4508047028_00010,"3-way match, invoice before GR",2018-09-27 11:01:00+00:00,54732.0,R4_99_100,ood_test_r4,NOT_SAFE_TO_EXECUTE,ood_exposure,0.7219674513520304,0.6206896551724138,0.27803254864796956,0.3793103448275862,SAFE_TO_EXECUTE,0.9575534837147484
4508044985_00010,"3-way match, invoice after GR",2018-09-27 12:18:00+00:00,55744.0,R4_99_100,ood_test_r4,SAFE_TO_EXECUTE,ood_exposure,0.8086592110550245,0.688034188034188,0.19134078894497553,0.31196581196581197,SAFE_TO_EXECUTE,0.8954296333667611
4507034995_00010,"3-way match, invoice before GR",2018-09-27 12:58:00+00:00,69384.0,R4_99_100,ood_test_r4,SAFE_TO_EXECUTE,ood_exposure,0.052017901017153235,0.41025641025641024,0.9479820989828468,0.5897435897435898,NOT_SAFE_TO_EXECUTE,0.9766349114440102
4508048747_00010,"3-way match, invoice before GR",2018-09-27 13:13:00+00:00,56201.0,R4_99_100,ood_test_r4,NOT_SAFE_TO_EXECUTE,ood_exposure,0.8996841393500364,0.8608305274971941,0.10031586064996356,0.13916947250280587,SAFE_TO_EXECUTE,0.5820595955256006
4508051583_00010,"3-way match, invoice before GR",2018-09-27 13:14:00+00:00,53525.0,R4_99_100,ood_test_r4,SAFE_TO_EXECUTE,ood_exposure,0.7609363879978567,0.688034188034188,0.23906361200214332,0.31196581196581197,SAFE_TO_EXECUTE,0.8954296333667611
4508046756_00010,"3-way match, invoice after GR",2018-09-27 13:59:00+00:00,55744.0,R4_99_100,ood_test_r4,SAFE_TO_EXECUTE,ood_exposure,0.8122804640628408,0.688034188034188,0.18771953593715918,0.31196581196581197,SAFE_TO_EXECUTE,0.8954296333667611
4508047295_00010,"3-way match, invoice before GR",2018-09-27 16:00:00+00:00,53147.0,R4_99_100,ood_test_r4,SAFE_TO_EXECUTE,ood_exposure,0.8806089459900046,0.8608305274971941,0.11939105400999539,0.13916947250280587,SAFE_TO_EXECUTE,0.5820595955256006
4508049828_00010,"3-way match, invoice before GR",2018-09-28 06:37:00+00:00,56752.0,R4_99_100,ood_test_r4,SAFE_TO_EXECUTE,ood_exposure,0.8199528225168651,0.688034188034188,0.18004717748313492,0.31196581196581197,SAFE_TO_EXECUTE,0.8954296333667611
4507037014_00020,"3-way match, invoice before GR",2018-09-28 08:38:00+00:00,51286.0,R4_99_100,ood_test_r4,NOT_SAFE_TO_EXECUTE,ood_exposure,0.00011507942489611489,0.0,0.9998849205751039,1.0,NOT_SAFE_TO_EXECUTE,5.1270463350027155e-14
4507038918_00010,"3-way match, invoice before GR",2018-09-28 10:17:00+00:00,112453.0,R4_99_100,ood_test_r4,SAFE_TO_EXECUTE,ood_exposure,0.5488686724343471,0.4814814814814814,0.4511313275656529,0.5185185185185186,NOT_SAFE_TO_EXECUTE,0.9990102708804812
2000033584_00001,"3-way match, invoice after GR",2018-09-28 11:00:00+00:00,95262.0,R4_99_100,ood_test_r4,SAFE_TO_EXECUTE,ood_exposure,0.9690588269286662,0.9771607702642185,0.030941173071333816,0.022839229735781452,SAFE_TO_EXECUTE,0.15709816484233138
4507038937_00010,"3-way match, invoice before GR",2018-09-28 13:19:00+00:00,112453.0,R4_99_100,ood_test_r4,SAFE_TO_EXECUTE,ood_exposure,0.5462258484634337,0.4814814814814814,0.4537741515365663,0.5185185185185186,NOT_SAFE_TO_EXECUTE,0.9990102708804812
4507029567_00010,"3-way match, invoice before GR",2018-09-28 14:13:00+00:00,101595.0,R4_99_100,ood_test_r4,SAFE_TO_EXECUTE,ood_exposure,0.829378318436899,0.688034188034188,0.17062168156310098,0.31196581196581197,SAFE_TO_EXECUTE,0.8954296333667611
4507018510_00010,"3-way match, invoice before GR",2018-09-28 14:45:00+00:00,96994.0,R4_99_100,ood_test_r4,SAFE_TO_EXECUTE,ood_exposure,0.41092003201816063,0.41025641025641024,0.5890799679818394,0.5897435897435898,NOT_SAFE_TO_EXECUTE,0.9766349114440102
2000052709_00001,"3-way match, invoice after GR",2018-09-28 14:49:00+00:00,117303.0,R4_99_100,ood_test_r4,SAFE_TO_EXECUTE,ood_exposure,0.965595779885834,0.9771607702642185,0.034404220114165995,0.022839229735781452,SAFE_TO_EXECUTE,0.15709816484233138
4508046051_00040,"3-way match, invoice before GR",2018-10-01 07:24:00+00:00,129197.0,R4_99_100,ood_test_r4,NOT_SAFE_TO_EXECUTE,ood_exposure,0.08765310279247476,0.41025641025641024,0.9123468972075253,0.5897435897435898,NOT_SAFE_TO_EXECUTE,0.9766349114440102
4508046052_00050,"3-way match, invoice before GR",2018-10-01 07:39:00+00:00,129197.0,R4_99_100,ood_test_r4,SAFE_TO_EXECUTE,ood_exposure,0.23420416153740353,0.41025641025641024,0.7657958384625965,0.5897435897435898,NOT_SAFE_TO_EXECUTE,0.9766349114440102
4508051611_00010,"3-way match, invoice before GR",2018-10-01 07:41:00+00:00,59917.0,R4_99_100,ood_test_r4,SAFE_TO_EXECUTE,ood_exposure,0.8430183643617849,0.8608305274971941,0.1569816356382151,0.13916947250280587,SAFE_TO_EXECUTE,0.5820595955256006
4508055582_00010,"3-way match, invoice before GR",2018-10-01 09:25:00+00:00,51615.0,R4_99_100,ood_test_r4,NOT_SAFE_TO_EXECUTE,ood_exposure,1.1008560686379294e-05,0.0,0.9999889914393136,1.0,NOT_SAFE_TO_EXECUTE,5.1270463350027155e-14
4508049508_00010,"3-way match, invoice before GR",2018-10-01 09:27:00+00:00,89373.0,R4_99_100,ood_test_r4,NOT_SAFE_TO_EXECUTE,ood_exposure,4.882219281843961e-06,0.0,0.9999951177807181,1.0,NOT_SAFE_TO_EXECUTE,5.1270463350027155e-14
4508054635_00010,"3-way match, invoice before GR",2018-10-01 09:49:00+00:00,124759.0,R4_99_100,ood_test_r4,SAFE_TO_EXECUTE,ood_exposure,0.31953978532546,0.41025641025641024,0.68046021467454,0.5897435897435898,NOT_SAFE_TO_EXECUTE,0.9766349114440102
4507041776_00010,"3-way match, invoice before GR",2018-10-01 10:28:00+00:00,111398.0,R4_99_100,ood_test_r4,SAFE_TO_EXECUTE,ood_exposure,0.3391424486682544,0.41025641025641024,0.6608575513317456,0.5897435897435898,NOT_SAFE_TO_EXECUTE,0.9766349114440102
4508048034_00010,"3-way match, invoice before GR",2018-10-01 10:30:00+00:00,60621.0,R4_99_100,ood_test_r4,NOT_SAFE_TO_EXECUTE,ood_exposure,7.689117936064888e-05,0.0,0.9999231088206394,1.0,NOT_SAFE_TO_EXECUTE,5.1270463350027155e-14
4508047990_00010,"3-way match, invoice before GR",2018-10-01 10:55:00+00:00,89373.0,R4_99_100,ood_test_r4,NOT_SAFE_TO_EXECUTE,ood_exposure,1.4841956688092093e-05,0.0,0.9999851580433119,1.0,NOT_SAFE_TO_EXECUTE,5.1270463350027155e-14
4508055069_00010,"3-way match, invoice before GR",2018-10-01 11:01:00+00:00,51615.0,R4_99_100,ood_test_r4,SAFE_TO_EXECUTE,ood_exposure,0.562699500486864,0.4814814814814814,0.437300499513136,0.5185185185185186,NOT_SAFE_TO_EXECUTE,0.9990102708804812
4508053299_00030,"3-way match, invoice before GR",2018-10-01 14:38:00+00:00,66471.0,R4_99_100,ood_test_r4,SAFE_TO_EXECUTE,ood_exposure,0.6823483518102859,0.6206896551724138,0.31765164818971414,0.3793103448275862,SAFE_TO_EXECUTE,0.9575534837147484
4507042004_00010,"3-way match, invoice before GR",2018-10-01 15:09:00+00:00,73037.0,R4_99_100,ood_test_r4,SAFE_TO_EXECUTE,ood_exposure,0.8129068203057087,0.688034188034188,0.1870931796942913,0.31196581196581197,SAFE_TO_EXECUTE,0.8954296333667611
4508051041_00010,"3-way match, invoice before GR",2018-10-01 15:57:00+00:00,51615.0,R4_99_100,ood_test_r4,SAFE_TO_EXECUTE,ood_exposure,0.7882748477524686,0.688034188034188,0.2117251522475314,0.31196581196581197,SAFE_TO_EXECUTE,0.8954296333667611
4507023160_00010,"3-way match, invoice before GR",2018-10-02 07:56:00+00:00,127742.0,R4_99_100,ood_test_r4,SAFE_TO_EXECUTE,ood_exposure,0.12632264558498427,0.41025641025641024,0.8736773544150157,0.5897435897435898,NOT_SAFE_TO_EXECUTE,0.9766349114440102
4508055904_00010,"3-way match, invoice before GR",2018-10-02 08:28:00+00:00,55731.0,R4_99_100,ood_test_r4,SAFE_TO_EXECUTE,ood_exposure,0.840886253190248,0.8608305274971941,0.159113746809752,0.13916947250280587,SAFE_TO_EXECUTE,0.5820595955256006
4508051644_00010,"3-way match, invoice before GR",2018-10-02 09:59:00+00:00,83321.0,R4_99_100,ood_test_r4,SAFE_TO_EXECUTE,ood_exposure,0.9235567949803688,0.9016736401673641,0.0764432050196312,0.09832635983263593,SAFE_TO_EXECUTE,0.46366771698440906
4508044002_00040,"3-way match, invoice before GR",2018-10-02 10:07:00+00:00,72139.0,R4_99_100,ood_test_r4,SAFE_TO_EXECUTE,ood_exposure,0.8764495453727751,0.8608305274971941,0.12355045462722491,0.13916947250280587,SAFE_TO_EXECUTE,0.5820595955256006
4507038923_00010,"3-way match, invoice before GR",2018-10-02 10:33:00+00:00,112453.0,R4_99_100,ood_test_r4,SAFE_TO_EXECUTE,ood_exposure,0.5450024386124266,0.4814814814814814,0.4549975613875734,0.5185185185185186,NOT_SAFE_TO_EXECUTE,0.9990102708804812
4507029564_00010,"3-way match, invoice before GR",2018-10-02 13:00:00+00:00,101595.0,R4_99_100,ood_test_r4,SAFE_TO_EXECUTE,ood_exposure,0.832111519929219,0.688034188034188,0.16788848007078105,0.31196581196581197,SAFE_TO_EXECUTE,0.8954296333667611
4507029569_00010,"3-way match, invoice before GR",2018-10-02 13:01:00+00:00,101595.0,R4_99_100,ood_test_r4,SAFE_TO_EXECUTE,ood_exposure,0.8267998817265335,0.688034188034188,0.17320011827346649,0.31196581196581197,SAFE_TO_EXECUTE,0.8954296333667611
4507029570_00010,"3-way match, invoice before GR",2018-10-02 13:03:00+00:00,101595.0,R4_99_100,ood_test_r4,SAFE_TO_EXECUTE,ood_exposure,0.8259462929653272,0.688034188034188,0.17405370703467282,0.31196581196581197,SAFE_TO_EXECUTE,0.8954296333667611
4507017759_00010,"3-way match, invoice before GR",2018-10-02 13:07:00+00:00,101595.0,R4_99_100,ood_test_r4,SAFE_TO_EXECUTE,ood_exposure,0.7875059899735231,0.688034188034188,0.21249401002647694,0.31196581196581197,SAFE_TO_EXECUTE,0.8954296333667611
4507017751_00010,"3-way match, invoice before GR",2018-10-02 13:09:00+00:00,101595.0,R4_99_100,ood_test_r4,SAFE_TO_EXECUTE,ood_exposure,0.7954720780250295,0.688034188034188,0.2045279219749705,0.31196581196581197,SAFE_TO_EXECUTE,0.8954296333667611
4508052155_00020,"3-way match, invoice before GR",2018-10-02 13:24:00+00:00,53995.0,R4_99_100,ood_test_r4,SAFE_TO_EXECUTE,ood_exposure,0.7560790278079718,0.6862423004134423,0.24392097219202824,0.31375769958655775,SAFE_TO_EXECUTE,0.8974635631295574
4507029571_00010,"3-way match, invoice before GR",2018-10-02 13:32:00+00:00,101595.0,R4_99_100,ood_test_r4,SAFE_TO_EXECUTE,ood_exposure,0.835840527615125,0.688034188034188,0.16415947238487505,0.31196581196581197,SAFE_TO_EXECUTE,0.8954296333667611
4507029566_00010,"3-way match, invoice before GR",2018-10-02 13:35:00+00:00,101595.0,R4_99_100,ood_test_r4,SAFE_TO_EXECUTE,ood_exposure,0.8296755716028449,0.688034188034188,0.17032442839715511,0.31196581196581197,SAFE_TO_EXECUTE,0.8954296333667611
4507029547_00010,"3-way match, invoice before GR",2018-10-02 13:36:00+00:00,101595.0,R4_99_100,ood_test_r4,SAFE_TO_EXECUTE,ood_exposure,0.8345469947613671,0.688034188034188,0.16545300523863293,0.31196581196581197,SAFE_TO_EXECUTE,0.8954296333667611
4507038935_00010,"3-way match, invoice before GR",2018-10-02 13:47:00+00:00,112453.0,R4_99_100,ood_test_r4,SAFE_TO_EXECUTE,ood_exposure,0.5435095916832886,0.4814814814814814,0.4564904083167114,0.5185185185185186,NOT_SAFE_TO_EXECUTE,0.9990102708804812
4508048073_00010,"3-way match, invoice after GR",2018-10-02 13:52:00+00:00,53780.0,R4_99_100,ood_test_r4,SAFE_TO_EXECUTE,ood_exposure,0.8218932198515768,0.688034188034188,0.17810678014842318,0.31196581196581197,SAFE_TO_EXECUTE,0.8954296333667611
4507017770_00010,"3-way match, invoice before GR",2018-10-02 15:58:00+00:00,101595.0,R4_99_100,ood_test_r4,SAFE_TO_EXECUTE,ood_exposure,0.7838724409927434,0.688034188034188,0.21612755900725655,0.31196581196581197,SAFE_TO_EXECUTE,0.8954296333667611
4507038921_00010,"3-way match, invoice before GR",2018-10-02 16:04:00+00:00,112453.0,R4_99_100,ood_test_r4,SAFE_TO_EXECUTE,ood_exposure,0.5453431764893929,0.4814814814814814,0.4546568235106071,0.5185185185185186,NOT_SAFE_TO_EXECUTE,0.9990102708804812
2000033540_00001,"3-way match, invoice after GR",2018-10-03 09:40:00+00:00,133384.0,R4_99_100,ood_test_r4,NOT_SAFE_TO_EXECUTE,ood_exposure,0.8411013550091061,0.8608305274971941,0.1588986449908939,0.13916947250280587,SAFE_TO_EXECUTE,0.5820595955256006
4508050309_00010,"3-way match, invoice after GR",2018-10-04 14:20:00+00:00,53679.0,R4_99_100,ood_test_r4,SAFE_TO_EXECUTE,ood_exposure,0.8299281524233558,0.688034188034188,0.17007184757664418,0.31196581196581197,SAFE_TO_EXECUTE,0.8954296333667611
4507041430_00010,"3-way match, invoice before GR",2018-10-05 05:45:00+00:00,52152.0,R4_99_100,ood_test_r4,SAFE_TO_EXECUTE,ood_exposure,0.9243063152434057,0.9016736401673641,0.07569368475659433,0.09832635983263593,SAFE_TO_EXECUTE,0.46366771698440906
4507039005_00010,"3-way match, invoice before GR",2018-10-05 10:54:00+00:00,358488.0,R4_99_100,ood_test_r4,NOT_SAFE_TO_EXECUTE,ood_exposure,4.322298310207934e-08,0.0,0.9999999567770169,1.0,NOT_SAFE_TO_EXECUTE,5.1270463350027155e-14
4507038939_00010,"3-way match, invoice before GR",2018-10-05 11:34:00+00:00,112453.0,R4_99_100,ood_test_r4,SAFE_TO_EXECUTE,ood_exposure,0.5366016595956458,0.4814814814814814,0.46339834040435424,0.5185185185185186,NOT_SAFE_TO_EXECUTE,0.9990102708804812
2000052694_00001,"3-way match, invoice after GR",2018-10-05 13:54:00+00:00,89548.0,R4_99_100,ood_test_r4,SAFE_TO_EXECUTE,ood_exposure,0.9970147102637049,1.0,0.0029852897362950825,0.0,SAFE_TO_EXECUTE,5.123178885069411e-14
4508051370_00010,"3-way match, invoice before GR",2018-10-05 13:59:00+00:00,55827.0,R4_99_100,ood_test_r4,SAFE_TO_EXECUTE,ood_exposure,0.9021181090401544,0.8608305274971941,0.09788189095984556,0.13916947250280587,SAFE_TO_EXECUTE,0.5820595955256006
4507039006_00010,"3-way match, invoice before GR",2018-10-05 15:01:00+00:00,358488.0,R4_99_100,ood_test_r4,NOT_SAFE_TO_EXECUTE,ood_exposure,5.358992102835375e-08,0.0,0.9999999464100789,1.0,NOT_SAFE_TO_EXECUTE,5.1270463350027155e-14
4508050458_00010,"3-way match, invoice before GR",2018-10-08 07:42:00+00:00,133811.0,R4_99_100,ood_test_r4,SAFE_TO_EXECUTE,ood_exposure,0.2381566373672421,0.41025641025641024,0.7618433626327579,0.5897435897435898,NOT_SAFE_TO_EXECUTE,0.9766349114440102
4508057315_00010,"3-way match, invoice before GR",2018-10-08 07:52:00+00:00,60898.0,R4_99_100,ood_test_r4,NOT_SAFE_TO_EXECUTE,ood_exposure,2.5490817450333784e-05,0.0,0.9999745091825497,1.0,NOT_SAFE_TO_EXECUTE,5.1270463350027155e-14
4508057566_00010,"3-way match, invoice before GR",2018-10-09 07:29:00+00:00,55836.0,R4_99_100,ood_test_r4,SAFE_TO_EXECUTE,ood_exposure,0.8401817498411537,0.8608305274971941,0.15981825015884632,0.13916947250280587,SAFE_TO_EXECUTE,0.5820595955256006
4507038926_00010,"3-way match, invoice before GR",2018-10-09 10:04:00+00:00,112453.0,R4_99_100,ood_test_r4,SAFE_TO_EXECUTE,ood_exposure,0.5325070137088393,0.4814814814814814,0.46749298629116065,0.5185185185185186,NOT_SAFE_TO_EXECUTE,0.9990102708804812
4508052157_00010,"3-way match, invoice before GR",2018-10-09 10:21:00+00:00,69178.0,R4_99_100,ood_test_r4,SAFE_TO_EXECUTE,ood_exposure,0.3511186396855498,0.41025641025641024,0.6488813603144502,0.5897435897435898,NOT_SAFE_TO_EXECUTE,0.9766349114440102
4507038924_00010,"3-way match, invoice before GR",2018-10-09 12:43:00+00:00,112453.0,R4_99_100,ood_test_r4,SAFE_TO_EXECUTE,ood_exposure,0.5346085989293624,0.4814814814814814,0.4653914010706376,0.5185185185185186,NOT_SAFE_TO_EXECUTE,0.9990102708804812
4508046930_00010,"3-way match, invoice after GR",2018-10-09 12:46:00+00:00,70148.0,R4_99_100,ood_test_r4,SAFE_TO_EXECUTE,ood_exposure,0.9706478728101571,0.9771607702642185,0.029352127189842925,0.022839229735781452,SAFE_TO_EXECUTE,0.15709816484233138
2000033466_00001,"3-way match, invoice after GR",2018-10-09 12:50:00+00:00,598854.0,R4_99_100,ood_test_r4,SAFE_TO_EXECUTE,ood_exposure,0.004113238706538372,0.25,0.9958867612934617,0.75,NOT_SAFE_TO_EXECUTE,0.8112781244591328
4508051578_00010,"3-way match, invoice before GR",2018-10-09 13:12:00+00:00,56201.0,R4_99_100,ood_test_r4,NOT_SAFE_TO_EXECUTE,ood_exposure,0.7351110920662176,0.6206896551724138,0.2648889079337824,0.3793103448275862,SAFE_TO_EXECUTE,0.9575534837147484
4508056749_00010,"3-way match, invoice after GR",2018-10-10 06:48:00+00:00,72053.0,R4_99_100,ood_test_r4,SAFE_TO_EXECUTE,ood_exposure,0.6680404407242481,0.5882352941176471,0.33195955927575194,0.4117647058823529,SAFE_TO_EXECUTE,0.9774178175281716
4508050948_00010,"3-way match, invoice before GR",2018-10-10 07:19:00+00:00,55079.0,R4_99_100,ood_test_r4,NOT_SAFE_TO_EXECUTE,ood_exposure,0.00011358974181033279,0.0,0.9998864102581897,1.0,NOT_SAFE_TO_EXECUTE,5.1270463350027155e-14
4508044944_00010,"3-way match, invoice before GR",2018-10-10 10:23:00+00:00,107955.0,R4_99_100,ood_test_r4,SAFE_TO_EXECUTE,ood_exposure,0.5943037252951886,0.4814814814814814,0.4056962747048114,0.5185185185185186,NOT_SAFE_TO_EXECUTE,0.9990102708804812
4508057918_00010,"3-way match, invoice after GR",2018-10-11 09:35:00+00:00,59409.0,R4_99_100,ood_test_r4,SAFE_TO_EXECUTE,ood_exposure,0.6608136478563298,0.5882352941176471,0.3391863521436702,0.4117647058823529,SAFE_TO_EXECUTE,0.9774178175281716
4508052070_00010,"3-way match, invoice after GR",2018-10-11 14:07:00+00:00,55744.0,R4_99_100,ood_test_r4,SAFE_TO_EXECUTE,ood_exposure,0.8262715362903872,0.688034188034188,0.1737284637096128,0.31196581196581197,SAFE_TO_EXECUTE,0.8954296333667611
4508056105_00010,"3-way match, invoice before GR",2018-10-12 05:55:00+00:00,56897.0,R4_99_100,ood_test_r4,SAFE_TO_EXECUTE,ood_exposure,0.642449682012954,0.4814814814814814,0.35755031798704595,0.5185185185185186,NOT_SAFE_TO_EXECUTE,0.9990102708804812
4507038945_00010,"3-way match, invoice before GR",2018-10-12 09:43:00+00:00,112453.0,R4_99_100,ood_test_r4,SAFE_TO_EXECUTE,ood_exposure,0.5260070557189285,0.4814814814814814,0.4739929442810715,0.5185185185185186,NOT_SAFE_TO_EXECUTE,0.9990102708804812
4507038946_00010,"3-way match, invoice before GR",2018-10-12 09:51:00+00:00,112453.0,R4_99_100,ood_test_r4,SAFE_TO_EXECUTE,ood_exposure,0.5252779235945771,0.4814814814814814,0.47472207640542285,0.5185185185185186,NOT_SAFE_TO_EXECUTE,0.9990102708804812
4507041465_00010,"3-way match, invoice before GR",2018-10-12 13:47:00+00:00,112178.0,R4_99_100,ood_test_r4,SAFE_TO_EXECUTE,ood_exposure,0.5438462432361368,0.4814814814814814,0.45615375676386316,0.5185185185185186,NOT_SAFE_TO_EXECUTE,0.9990102708804812
4508054790_00010,"3-way match, invoice before GR",2018-10-12 16:00:00+00:00,54473.0,R4_99_100,ood_test_r4,SAFE_TO_EXECUTE,ood_exposure,0.4911404593479342,0.41025641025641024,0.5088595406520657,0.5897435897435898,NOT_SAFE_TO_EXECUTE,0.9766349114440102
4508052556_00010,"3-way match, invoice before GR",2018-10-15 06:53:00+00:00,55955.0,R4_99_100,ood_test_r4,NOT_SAFE_TO_EXECUTE,ood_exposure,0.35150550461187485,0.41025641025641024,0.6484944953881251,0.5897435897435898,NOT_SAFE_TO_EXECUTE,0.9766349114440102
4508057132_00010,"3-way match, invoice before GR",2018-10-15 07:11:00+00:00,50749.0,R4_99_100,ood_test_r4,SAFE_TO_EXECUTE,ood_exposure,0.7711581592506672,0.688034188034188,0.22884184074933278,0.31196581196581197,SAFE_TO_EXECUTE,0.8954296333667611
4508057661_00010,"3-way match, invoice before GR",2018-10-15 07:56:00+00:00,50749.0,R4_99_100,ood_test_r4,NOT_SAFE_TO_EXECUTE,ood_exposure,2.9119413745300746e-05,0.0,0.9999708805862547,1.0,NOT_SAFE_TO_EXECUTE,5.1270463350027155e-14
4508060255_00010,"3-way match, invoice before GR",2018-10-15 08:19:00+00:00,50749.0,R4_99_100,ood_test_r4,NOT_SAFE_TO_EXECUTE,ood_exposure,2.8100322988085162e-05,0.0,0.9999718996770119,1.0,NOT_SAFE_TO_EXECUTE,5.1270463350027155e-14
4508049290_00010,"3-way match, invoice before GR",2018-10-15 08:47:00+00:00,93759.0,R4_99_100,ood_test_r4,NOT_SAFE_TO_EXECUTE,ood_exposure,0.35032620412089144,0.41025641025641024,0.6496737958791086,0.5897435897435898,NOT_SAFE_TO_EXECUTE,0.9766349114440102
4507040549_00010,"3-way match, invoice before GR",2018-10-15 10:32:00+00:00,57746.0,R4_99_100,ood_test_r4,SAFE_TO_EXECUTE,ood_exposure,0.8405350730654416,0.8608305274971941,0.15946492693455838,0.13916947250280587,SAFE_TO_EXECUTE,0.5820595955256006
4508054787_00010,"3-way match, invoice before GR",2018-10-15 10:41:00+00:00,50749.0,R4_99_100,ood_test_r4,SAFE_TO_EXECUTE,ood_exposure,0.7599495102202383,0.688034188034188,0.24005048977976173,0.31196581196581197,SAFE_TO_EXECUTE,0.8954296333667611
4508057131_00010,"3-way match, invoice before GR",2018-10-15 10:42:00+00:00,50749.0,R4_99_100,ood_test_r4,SAFE_TO_EXECUTE,ood_exposure,0.7745679432526354,0.688034188034188,0.22543205674736455,0.31196581196581197,SAFE_TO_EXECUTE,0.8954296333667611
4508047191_00010,"3-way match, invoice after GR",2018-10-15 14:43:00+00:00,107955.0,R4_99_100,ood_test_r4,SAFE_TO_EXECUTE,ood_exposure,0.33553269170959393,0.41025641025641024,0.664467308290406,0.5897435897435898,NOT_SAFE_TO_EXECUTE,0.9766349114440102
4508057578_00010,"3-way match, invoice before GR",2018-10-16 07:02:00+00:00,55836.0,R4_99_100,ood_test_r4,SAFE_TO_EXECUTE,ood_exposure,0.8362494602590724,0.688034188034188,0.16375053974092757,0.31196581196581197,SAFE_TO_EXECUTE,0.8954296333667611
4508053066_00010,"3-way match, invoice before GR",2018-10-16 09:45:00+00:00,70494.0,R4_99_100,ood_test_r4,SAFE_TO_EXECUTE,ood_exposure,0.5703290488583457,0.4814814814814814,0.4296709511416543,0.5185185185185186,NOT_SAFE_TO_EXECUTE,0.9990102708804812
4508053136_00010,"3-way match, invoice before GR",2018-10-16 10:22:00+00:00,52667.0,R4_99_100,ood_test_r4,SAFE_TO_EXECUTE,ood_exposure,0.8817023379043908,0.8608305274971941,0.11829766209560921,0.13916947250280587,SAFE_TO_EXECUTE,0.5820595955256006
4508060107_00010,"3-way match, invoice after GR",2018-10-16 11:39:00+00:00,58899.0,R4_99_100,ood_test_r4,NOT_SAFE_TO_EXECUTE,ood_exposure,0.6582811267425747,0.5882352941176471,0.34171887325742534,0.4117647058823529,SAFE_TO_EXECUTE,0.9774178175281716
4507038941_00010,"3-way match, invoice before GR",2018-10-17 10:50:00+00:00,112453.0,R4_99_100,ood_test_r4,SAFE_TO_EXECUTE,ood_exposure,0.5250682486341595,0.4814814814814814,0.47493175136584054,0.5185185185185186,NOT_SAFE_TO_EXECUTE,0.9990102708804812
4507038944_00010,"3-way match, invoice before GR",2018-10-17 10:53:00+00:00,112453.0,R4_99_100,ood_test_r4,SAFE_TO_EXECUTE,ood_exposure,0.5220810848841627,0.4814814814814814,0.4779189151158373,0.5185185185185186,NOT_SAFE_TO_EXECUTE,0.9990102708804812
4508046046_00010,"3-way match, invoice before GR",2018-10-17 12:56:00+00:00,129197.0,R4_99_100,ood_test_r4,SAFE_TO_EXECUTE,ood_exposure,0.22572393390819465,0.41025641025641024,0.7742760660918053,0.5897435897435898,NOT_SAFE_TO_EXECUTE,0.9766349114440102
4508053235_00010,"3-way match, invoice before GR",2018-10-17 13:06:00+00:00,60621.0,R4_99_100,ood_test_r4,SAFE_TO_EXECUTE,ood_exposure,0.7219384063734031,0.6206896551724138,0.2780615936265969,0.3793103448275862,SAFE_TO_EXECUTE,0.9575534837147484
4507037820_00010,"3-way match, invoice before GR",2018-10-17 13:35:00+00:00,116310.0,R4_99_100,ood_test_r4,NOT_SAFE_TO_EXECUTE,ood_exposure,0.6778122391544639,0.6206896551724138,0.32218776084553613,0.3793103448275862,SAFE_TO_EXECUTE,0.9575534837147484
4507038942_00010,"3-way match, invoice before GR",2018-10-17 14:52:00+00:00,112453.0,R4_99_100,ood_test_r4,SAFE_TO_EXECUTE,ood_exposure,0.5225995546732669,0.4814814814814814,0.4774004453267331,0.5185185185185186,NOT_SAFE_TO_EXECUTE,0.9990102708804812
4507038940_00010,"3-way match, invoice before GR",2018-10-17 14:54:00+00:00,112453.0,R4_99_100,ood_test_r4,SAFE_TO_EXECUTE,ood_exposure,0.5254337794221539,0.4814814814814814,0.47456622057784614,0.5185185185185186,NOT_SAFE_TO_EXECUTE,0.9990102708804812
4508056971_00010,"3-way match, invoice before GR",2018-10-18 13:24:00+00:00,70200.0,R4_99_100,ood_test_r4,NOT_SAFE_TO_EXECUTE,ood_exposure,4.249770259815694e-05,0.0,0.9999575022974019,1.0,NOT_SAFE_TO_EXECUTE,5.1270463350027155e-14
4508058883_00010,"3-way match, invoice before GR",2018-10-22 14:53:00+00:00,56036.0,R4_99_100,ood_test_r4,SAFE_TO_EXECUTE,ood_exposure,0.8362509925465422,0.688034188034188,0.16374900745345777,0.31196581196581197,SAFE_TO_EXECUTE,0.8954296333667611
4508046146_00010,"3-way match, invoice before GR",2018-10-22 15:28:00+00:00,56009.0,R4_99_100,ood_test_r4,SAFE_TO_EXECUTE,ood_exposure,0.9291804587551962,0.9016736401673641,0.07081954124480383,0.09832635983263593,SAFE_TO_EXECUTE,0.46366771698440906
4508046714_00010,"3-way match, invoice before GR",2018-10-22 15:31:00+00:00,56062.0,R4_99_100,ood_test_r4,SAFE_TO_EXECUTE,ood_exposure,0.9292491190356995,0.9016736401673641,0.07075088096430049,0.09832635983263593,SAFE_TO_EXECUTE,0.46366771698440906
4507025227_00010,"3-way match, invoice before GR",2018-10-22 15:56:00+00:00,62436.0,R4_99_100,ood_test_r4,SAFE_TO_EXECUTE,ood_exposure,0.57233225967729,0.4814814814814814,0.42766774032271004,0.5185185185185186,NOT_SAFE_TO_EXECUTE,0.9990102708804812
4508046148_00010,"3-way match, invoice before GR",2018-10-22 15:56:00+00:00,56009.0,R4_99_100,ood_test_r4,SAFE_TO_EXECUTE,ood_exposure,0.9286949265987893,0.9016736401673641,0.07130507340121073,0.09832635983263593,SAFE_TO_EXECUTE,0.46366771698440906
4508046681_00010,"3-way match, invoice before GR",2018-10-23 06:57:00+00:00,133811.0,R4_99_100,ood_test_r4,SAFE_TO_EXECUTE,ood_exposure,0.2079918947999363,0.41025641025641024,0.7920081052000637,0.5897435897435898,NOT_SAFE_TO_EXECUTE,0.9766349114440102
4508047294_00010,"3-way match, invoice before GR",2018-10-23 07:13:00+00:00,129197.0,R4_99_100,ood_test_r4,SAFE_TO_EXECUTE,ood_exposure,0.22549490562603394,0.41025641025641024,0.7745050943739661,0.5897435897435898,NOT_SAFE_TO_EXECUTE,0.9766349114440102
4508057309_00010,"3-way match, invoice before GR",2018-10-23 07:44:00+00:00,133811.0,R4_99_100,ood_test_r4,SAFE_TO_EXECUTE,ood_exposure,0.10825516170525204,0.41025641025641024,0.8917448382947479,0.5897435897435898,NOT_SAFE_TO_EXECUTE,0.9766349114440102
4508046690_00010,"3-way match, invoice before GR",2018-10-23 07:47:00+00:00,129197.0,R4_99_100,ood_test_r4,SAFE_TO_EXECUTE,ood_exposure,0.22017938201989787,0.41025641025641024,0.7798206179801022,0.5897435897435898,NOT_SAFE_TO_EXECUTE,0.9766349114440102
4508046147_00010,"3-way match, invoice before GR",2018-10-23 08:28:00+00:00,56009.0,R4_99_100,ood_test_r4,SAFE_TO_EXECUTE,ood_exposure,0.9288718798439158,0.9016736401673641,0.07112812015608416,0.09832635983263593,SAFE_TO_EXECUTE,0.46366771698440906
4508046585_00010,"3-way match, invoice before GR",2018-10-23 10:06:00+00:00,107955.0,R4_99_100,ood_test_r4,SAFE_TO_EXECUTE,ood_exposure,0.5820256126278585,0.4814814814814814,0.41797438737214154,0.5185185185185186,NOT_SAFE_TO_EXECUTE,0.9990102708804812
4507038954_00010,"3-way match, invoice before GR",2018-10-23 10:12:00+00:00,112453.0,R4_99_100,ood_test_r4,SAFE_TO_EXECUTE,ood_exposure,0.24352870249055586,0.41025641025641024,0.7564712975094441,0.5897435897435898,NOT_SAFE_TO_EXECUTE,0.9766349114440102
4508056121_00010,"3-way match, invoice before GR",2018-10-23 11:15:00+00:00,59729.0,R4_99_100,ood_test_r4,SAFE_TO_EXECUTE,ood_exposure,0.4903922418080637,0.41025641025641024,0.5096077581919363,0.5897435897435898,NOT_SAFE_TO_EXECUTE,0.9766349114440102
4508050454_00010,"3-way match, invoice before GR",2018-10-23 11:52:00+00:00,133811.0,R4_99_100,ood_test_r4,SAFE_TO_EXECUTE,ood_exposure,0.23212594452445995,0.41025641025641024,0.7678740554755401,0.5897435897435898,NOT_SAFE_TO_EXECUTE,0.9766349114440102
4508050983_00010,"3-way match, invoice before GR",2018-10-23 13:36:00+00:00,137361.0,R4_99_100,ood_test_r4,SAFE_TO_EXECUTE,ood_exposure,0.5840399901305945,0.4814814814814814,0.4159600098694055,0.5185185185185186,NOT_SAFE_TO_EXECUTE,0.9990102708804812
4508050814_00010,"3-way match, invoice before GR",2018-10-23 15:53:00+00:00,50662.0,R4_99_100,ood_test_r4,SAFE_TO_EXECUTE,ood_exposure,0.7624490386808398,0.688034188034188,0.2375509613191602,0.31196581196581197,SAFE_TO_EXECUTE,0.8954296333667611
4508055860_00010,"3-way match, invoice before GR",2018-10-24 07:52:00+00:00,49986.0,R4_99_100,ood_test_r4,SAFE_TO_EXECUTE,ood_exposure,0.7646007716070387,0.688034188034188,0.23539922839296135,0.31196581196581197,SAFE_TO_EXECUTE,0.8954296333667611
4508058538_00010,"3-way match, invoice after GR",2018-10-24 10:12:00+00:00,194673.0,R4_99_100,ood_test_r4,NOT_SAFE_TO_EXECUTE,ood_exposure,0.001226010582793384,0.0,0.9987739894172066,1.0,NOT_SAFE_TO_EXECUTE,5.1270463350027155e-14
4508052366_00010,"3-way match, invoice before GR",2018-10-24 10:40:00+00:00,206203.0,R4_99_100,ood_test_r4,NOT_SAFE_TO_EXECUTE,ood_exposure,5.644508243438054e-06,0.0,0.9999943554917565,1.0,NOT_SAFE_TO_EXECUTE,5.1270463350027155e-14
4508055337_00010,"3-way match, invoice after GR",2018-10-25 06:43:00+00:00,53679.0,R4_99_100,ood_test_r4,SAFE_TO_EXECUTE,ood_exposure,0.6057848331185962,0.4814814814814814,0.3942151668814038,0.5185185185185186,NOT_SAFE_TO_EXECUTE,0.9990102708804812
4508060165_00010,"3-way match, invoice before GR",2018-10-25 06:57:00+00:00,50653.0,R4_99_100,ood_test_r4,SAFE_TO_EXECUTE,ood_exposure,0.5008359063090017,0.4403773794232053,0.49916409369099835,0.5596226205767947,NOT_SAFE_TO_EXECUTE,0.989718403415878
4508057705_00010,"3-way match, invoice before GR",2018-10-25 07:04:00+00:00,49858.0,R4_99_100,ood_test_r4,SAFE_TO_EXECUTE,ood_exposure,0.4863079124322098,0.41025641025641024,0.5136920875677902,0.5897435897435898,NOT_SAFE_TO_EXECUTE,0.9766349114440102
4508058906_00010,"3-way match, invoice before GR",2018-10-25 07:13:00+00:00,55827.0,R4_99_100,ood_test_r4,SAFE_TO_EXECUTE,ood_exposure,0.7540853664639445,0.6842105263157895,0.24591463353605547,0.3157894736842105,SAFE_TO_EXECUTE,0.8997437586982626
4508057704_00010,"3-way match, invoice before GR",2018-10-25 07:16:00+00:00,49858.0,R4_99_100,ood_test_r4,SAFE_TO_EXECUTE,ood_exposure,0.4895807947350532,0.41025641025641024,0.5104192052649468,0.5897435897435898,NOT_SAFE_TO_EXECUTE,0.9766349114440102
4508057119_00010,"3-way match, invoice before GR",2018-10-25 07:20:00+00:00,50321.0,R4_99_100,ood_test_r4,SAFE_TO_EXECUTE,ood_exposure,0.4857591152324114,0.41025641025641024,0.5142408847675886,0.5897435897435898,NOT_SAFE_TO_EXECUTE,0.9766349114440102
4508045017_00010,"3-way match, invoice after GR",2018-10-25 09:53:00+00:00,58273.0,R4_99_100,ood_test_r4,SAFE_TO_EXECUTE,ood_exposure,0.7658867481621684,0.688034188034188,0.2341132518378316,0.31196581196581197,SAFE_TO_EXECUTE,0.8954296333667611
4508056291_00010,"3-way match, invoice after GR",2018-10-25 14:21:00+00:00,49550.0,R4_99_100,ood_test_r4,SAFE_TO_EXECUTE,ood_exposure,0.6228243838002243,0.4814814814814814,0.3771756161997757,0.5185185185185186,NOT_SAFE_TO_EXECUTE,0.9990102708804812
4508060354_00010,"3-way match, invoice before GR",2018-10-26 11:11:00+00:00,53850.0,R4_99_100,ood_test_r4,SAFE_TO_EXECUTE,ood_exposure,0.6974397257646513,0.6206896551724138,0.3025602742353487,0.3793103448275862,SAFE_TO_EXECUTE,0.9575534837147484
4507033684_00020,"3-way match, invoice before GR",2018-10-26 11:34:00+00:00,127742.0,R4_99_100,ood_test_r4,NOT_SAFE_TO_EXECUTE,ood_exposure,0.07529577858986213,0.41025641025641024,0.9247042214101379,0.5897435897435898,NOT_SAFE_TO_EXECUTE,0.9766349114440102
4507033683_00010,"3-way match, invoice before GR",2018-10-26 11:36:00+00:00,127742.0,R4_99_100,ood_test_r4,SAFE_TO_EXECUTE,ood_exposure,0.20696291500493733,0.41025641025641024,0.7930370849950626,0.5897435897435898,NOT_SAFE_TO_EXECUTE,0.9766349114440102
4508057383_00010,"3-way match, invoice before GR",2018-10-26 12:19:00+00:00,52093.0,R4_99_100,ood_test_r4,SAFE_TO_EXECUTE,ood_exposure,0.9363767446960263,0.9285714285714286,0.06362325530397372,0.0714285714285714,SAFE_TO_EXECUTE,0.3712323266408756
4508057388_00010,"3-way match, invoice before GR",2018-10-26 12:28:00+00:00,50388.0,R4_99_100,ood_test_r4,SAFE_TO_EXECUTE,ood_exposure,0.8883913843447752,0.8608305274971941,0.11160861565522484,0.13916947250280587,SAFE_TO_EXECUTE,0.5820595955256006
4508057313_00010,"3-way match, invoice before GR",2018-10-26 12:48:00+00:00,51861.0,R4_99_100,ood_test_r4,SAFE_TO_EXECUTE,ood_exposure,0.8244134875485746,0.688034188034188,0.17558651245142542,0.31196581196581197,SAFE_TO_EXECUTE,0.8954296333667611
4508056995_00010,"3-way match, invoice before GR",2018-10-26 13:27:00+00:00,51615.0,R4_99_100,ood_test_r4,SAFE_TO_EXECUTE,ood_exposure,0.5473596347348988,0.4814814814814814,0.4526403652651012,0.5185185185185186,NOT_SAFE_TO_EXECUTE,0.9990102708804812
4508053259_00010,"3-way match, invoice after GR",2018-10-26 13:59:00+00:00,57881.0,R4_99_100,ood_test_r4,SAFE_TO_EXECUTE,ood_exposure,0.5742967912179258,0.4814814814814814,0.42570320878207424,0.5185185185185186,NOT_SAFE_TO_EXECUTE,0.9990102708804812
4508058462_00010,"3-way match, invoice before GR",2018-10-26 15:26:00+00:00,51615.0,R4_99_100,ood_test_r4,SAFE_TO_EXECUTE,ood_exposure,0.5482865667027321,0.4814814814814814,0.4517134332972679,0.5185185185185186,NOT_SAFE_TO_EXECUTE,0.9990102708804812
4508042301_00010,"3-way match, invoice before GR",2018-10-26 15:31:00+00:00,58799.0,R4_99_100,ood_test_r4,SAFE_TO_EXECUTE,ood_exposure,0.9390429989660226,0.9285714285714286,0.06095700103397739,0.0714285714285714,SAFE_TO_EXECUTE,0.3712323266408756
4508057397_00010,"3-way match, invoice before GR",2018-10-26 16:01:00+00:00,51783.0,R4_99_100,ood_test_r4,SAFE_TO_EXECUTE,ood_exposure,0.9367105360174847,0.9285714285714286,0.06328946398251534,0.0714285714285714,SAFE_TO_EXECUTE,0.3712323266408756
4508057398_00010,"3-way match, invoice before GR",2018-10-26 16:07:00+00:00,51279.0,R4_99_100,ood_test_r4,SAFE_TO_EXECUTE,ood_exposure,0.9368892999017446,0.9285714285714286,0.06311070009825537,0.0714285714285714,SAFE_TO_EXECUTE,0.3712323266408756
4508055070_00010,"3-way match, invoice before GR",2018-10-29 07:50:00+00:00,89373.0,R4_99_100,ood_test_r4,NOT_SAFE_TO_EXECUTE,ood_exposure,4.849171493582497e-06,0.0,0.9999951508285064,1.0,NOT_SAFE_TO_EXECUTE,5.1270463350027155e-14
4507038957_00010,"3-way match, invoice before GR",2018-10-29 12:22:00+00:00,112453.0,R4_99_100,ood_test_r4,SAFE_TO_EXECUTE,ood_exposure,0.2366390135586919,0.41025641025641024,0.7633609864413081,0.5897435897435898,NOT_SAFE_TO_EXECUTE,0.9766349114440102
4508053064_00010,"3-way match, invoice before GR",2018-10-29 13:40:00+00:00,49735.0,R4_99_100,ood_test_r4,SAFE_TO_EXECUTE,ood_exposure,0.8891585740342766,0.8608305274971941,0.11084142596572344,0.13916947250280587,SAFE_TO_EXECUTE,0.5820595955256006
4508061491_00010,"3-way match, invoice before GR",2018-10-30 09:48:00+00:00,60251.0,R4_99_100,ood_test_r4,SAFE_TO_EXECUTE,ood_exposure,0.5061143725563276,0.46606662635664553,0.49388562744367237,0.5339333736433545,NOT_SAFE_TO_EXECUTE,0.996674993595318
4508053159_00020,"3-way match, invoice before GR",2018-10-30 10:24:00+00:00,133811.0,R4_99_100,ood_test_r4,SAFE_TO_EXECUTE,ood_exposure,0.08432319124571735,0.41025641025641024,0.9156768087542826,0.5897435897435898,NOT_SAFE_TO_EXECUTE,0.9766349114440102
4508048711_00010,"3-way match, invoice before GR",2018-10-30 10:30:00+00:00,133811.0,R4_99_100,ood_test_r4,SAFE_TO_EXECUTE,ood_exposure,0.21257846331454197,0.41025641025641024,0.787421536685458,0.5897435897435898,NOT_SAFE_TO_EXECUTE,0.9766349114440102
4508048712_00010,"3-way match, invoice before GR",2018-10-30 10:46:00+00:00,133811.0,R4_99_100,ood_test_r4,SAFE_TO_EXECUTE,ood_exposure,0.21209590612972365,0.41025641025641024,0.7879040938702764,0.5897435897435898,NOT_SAFE_TO_EXECUTE,0.9766349114440102
4508045529_00020,"3-way match, invoice before GR",2018-10-30 10:50:00+00:00,109493.0,R4_99_100,ood_test_r4,SAFE_TO_EXECUTE,ood_exposure,0.7521855419031044,0.6842105263157895,0.24781445809689562,0.3157894736842105,SAFE_TO_EXECUTE,0.8997437586982626
4508052137_00010,"3-way match, invoice before GR",2018-10-30 11:04:00+00:00,133811.0,R4_99_100,ood_test_r4,SAFE_TO_EXECUTE,ood_exposure,0.2278580890189334,0.41025641025641024,0.7721419109810665,0.5897435897435898,NOT_SAFE_TO_EXECUTE,0.9766349114440102
4508061157_00010,"3-way match, invoice before GR",2018-10-30 11:05:00+00:00,49986.0,R4_99_100,ood_test_r4,NOT_SAFE_TO_EXECUTE,ood_exposure,2.9958138089780276e-05,0.0,0.9999700418619102,1.0,NOT_SAFE_TO_EXECUTE,5.1270463350027155e-14
4508051379_00010,"3-way match, invoice before GR",2018-10-30 11:07:00+00:00,86682.0,R4_99_100,ood_test_r4,SAFE_TO_EXECUTE,ood_exposure,0.5622715354895288,0.4814814814814814,0.4377284645104712,0.5185185185185186,NOT_SAFE_TO_EXECUTE,0.9990102708804812
4508062582_00010,"3-way match, invoice before GR",2018-10-30 11:20:00+00:00,49350.0,R4_99_100,ood_test_r4,NOT_SAFE_TO_EXECUTE,ood_exposure,9.888680685287516e-06,0.0,0.9999901113193147,1.0,NOT_SAFE_TO_EXECUTE,5.1270463350027155e-14
4508051849_00010,"3-way match, invoice before GR",2018-10-30 12:50:00+00:00,133811.0,R4_99_100,ood_test_r4,SAFE_TO_EXECUTE,ood_exposure,0.22587846411064777,0.41025641025641024,0.7741215358893523,0.5897435897435898,NOT_SAFE_TO_EXECUTE,0.9766349114440102
4508053154_00010,"3-way match, invoice before GR",2018-10-30 13:00:00+00:00,133811.0,R4_99_100,ood_test_r4,SAFE_TO_EXECUTE,ood_exposure,0.0851485289590441,0.41025641025641024,0.9148514710409559,0.5897435897435898,NOT_SAFE_TO_EXECUTE,0.9766349114440102
4508053156_00010,"3-way match, invoice before GR",2018-10-30 13:02:00+00:00,133811.0,R4_99_100,ood_test_r4,SAFE_TO_EXECUTE,ood_exposure,0.0846879563434914,0.41025641025641024,0.9153120436565086,0.5897435897435898,NOT_SAFE_TO_EXECUTE,0.9766349114440102
4508050459_00010,"3-way match, invoice before GR",2018-10-30 13:19:00+00:00,133811.0,R4_99_100,ood_test_r4,SAFE_TO_EXECUTE,ood_exposure,0.2196165402100623,0.41025641025641024,0.7803834597899377,0.5897435897435898,NOT_SAFE_TO_EXECUTE,0.9766349114440102
4508053160_00010,"3-way match, invoice before GR",2018-10-30 13:32:00+00:00,132242.0,R4_99_100,ood_test_r4,NOT_SAFE_TO_EXECUTE,ood_exposure,4.881358287814904e-07,0.0,0.9999995118641712,1.0,NOT_SAFE_TO_EXECUTE,5.1270463350027155e-14
4508048709_00010,"3-way match, invoice before GR",2018-10-30 14:11:00+00:00,133811.0,R4_99_100,ood_test_r4,SAFE_TO_EXECUTE,ood_exposure,0.2128157253575283,0.41025641025641024,0.7871842746424718,0.5897435897435898,NOT_SAFE_TO_EXECUTE,0.9766349114440102
4507038956_00010,"3-way match, invoice before GR",2018-10-30 16:26:00+00:00,112453.0,R4_99_100,ood_test_r4,SAFE_TO_EXECUTE,ood_exposure,0.23799211033611975,0.41025641025641024,0.7620078896638802,0.5897435897435898,NOT_SAFE_TO_EXECUTE,0.9766349114440102
4507029568_00010,"3-way match, invoice before GR",2018-10-31 10:20:00+00:00,101595.0,R4_99_100,ood_test_r4,SAFE_TO_EXECUTE,ood_exposure,0.8095648200057514,0.688034188034188,0.19043517999424864,0.31196581196581197,SAFE_TO_EXECUTE,0.8954296333667611
4507034731_00010,"3-way match, invoice before GR",2018-10-31 10:23:00+00:00,101595.0,R4_99_100,ood_test_r4,SAFE_TO_EXECUTE,ood_exposure,0.8284794166672493,0.688034188034188,0.17152058333275066,0.31196581196581197,SAFE_TO_EXECUTE,0.8954296333667611
4507034735_00010,"3-way match, invoice before GR",2018-10-31 10:24:00+00:00,101595.0,R4_99_100,ood_test_r4,SAFE_TO_EXECUTE,ood_exposure,0.8257524275090811,0.688034188034188,0.17424757249091893,0.31196581196581197,SAFE_TO_EXECUTE,0.8954296333667611
4507034738_00010,"3-way match, invoice before GR",2018-10-31 10:26:00+00:00,101595.0,R4_99_100,ood_test_r4,SAFE_TO_EXECUTE,ood_exposure,0.82337607632861,0.688034188034188,0.17662392367139002,0.31196581196581197,SAFE_TO_EXECUTE,0.8954296333667611
4507034741_00010,"3-way match, invoice before GR",2018-10-31 10:27:00+00:00,101595.0,R4_99_100,ood_test_r4,SAFE_TO_EXECUTE,ood_exposure,0.8203954844380607,0.688034188034188,0.17960451556193935,0.31196581196581197,SAFE_TO_EXECUTE,0.8954296333667611
4508053470_00010,"3-way match, invoice before GR",2018-10-31 10:37:00+00:00,70494.0,R4_99_100,ood_test_r4,SAFE_TO_EXECUTE,ood_exposure,0.5510175758148317,0.4814814814814814,0.4489824241851683,0.5185185185185186,NOT_SAFE_TO_EXECUTE,0.9990102708804812
4507039123_00020,"3-way match, invoice before GR",2018-10-31 10:40:00+00:00,174628.0,R4_99_100,ood_test_r4,NOT_SAFE_TO_EXECUTE,ood_exposure,6.1006384671489105e-06,0.0,0.9999938993615328,1.0,NOT_SAFE_TO_EXECUTE,5.1270463350027155e-14
4508049695_00010,"3-way match, invoice before GR",2018-10-31 12:31:00+00:00,101387.0,R4_99_100,ood_test_r4,SAFE_TO_EXECUTE,ood_exposure,0.8820460575368801,0.8608305274971941,0.11795394246311985,0.13916947250280587,SAFE_TO_EXECUTE,0.5820595955256006
4508047777_00010,"3-way match, invoice before GR",2018-10-31 14:25:00+00:00,115645.0,R4_99_100,ood_test_r4,SAFE_TO_EXECUTE,ood_exposure,0.5447048864086343,0.4814814814814814,0.45529511359136565,0.5185185185185186,NOT_SAFE_TO_EXECUTE,0.9990102708804812
4508057735_00010,"3-way match, invoice after GR",2018-10-31 16:23:00+00:00,53555.0,R4_99_100,ood_test_r4,SAFE_TO_EXECUTE,ood_exposure,0.4826677052779475,0.41025641025641024,0.5173322947220524,0.5897435897435898,NOT_SAFE_TO_EXECUTE,0.9766349114440102
4507034749_00010,"3-way match, invoice before GR",2018-10-31 16:24:00+00:00,101595.0,R4_99_100,ood_test_r4,SAFE_TO_EXECUTE,ood_exposure,0.8198229748248572,0.688034188034188,0.18017702517514278,0.31196581196581197,SAFE_TO_EXECUTE,0.8954296333667611
4507034736_00010,"3-way match, invoice before GR",2018-10-31 16:34:00+00:00,101595.0,R4_99_100,ood_test_r4,SAFE_TO_EXECUTE,ood_exposure,0.8241729213159397,0.688034188034188,0.17582707868406033,0.31196581196581197,SAFE_TO_EXECUTE,0.8954296333667611
4507034734_00010,"3-way match, invoice before GR",2018-10-31 16:35:00+00:00,101595.0,R4_99_100,ood_test_r4,NOT_SAFE_TO_EXECUTE,ood_exposure,0.5979500676422035,0.4814814814814814,0.4020499323577965,0.5185185185185186,NOT_SAFE_TO_EXECUTE,0.9990102708804812
4507018020_00010,"3-way match, invoice before GR",2018-10-31 16:37:00+00:00,97230.0,R4_99_100,ood_test_r4,SAFE_TO_EXECUTE,ood_exposure,0.7621741665722735,0.688034188034188,0.23782583342772645,0.31196581196581197,SAFE_TO_EXECUTE,0.8954296333667611
4507036055_00010,"3-way match, invoice before GR",2018-11-01 08:19:00+00:00,324759.0,R4_99_100,ood_test_r4,SAFE_TO_EXECUTE,ood_exposure,0.00827670813740844,0.35470957645480755,0.9917232918625916,0.6452904235451924,NOT_SAFE_TO_EXECUTE,0.9382039227372986
4508055968_00010,"3-way match, invoice before GR",2018-11-01 09:24:00+00:00,59917.0,R4_99_100,ood_test_r4,SAFE_TO_EXECUTE,ood_exposure,0.9016715669737191,0.8608305274971941,0.09832843302628091,0.13916947250280587,SAFE_TO_EXECUTE,0.5820595955256006
4508050044_00010,"3-way match, invoice before GR",2018-11-01 11:19:00+00:00,365472.0,R4_99_100,ood_test_r4,NOT_SAFE_TO_EXECUTE,ood_exposure,5.787828633386873e-07,0.0,0.9999994212171367,1.0,NOT_SAFE_TO_EXECUTE,5.1270463350027155e-14
4508049286_00010,"3-way match, invoice before GR",2018-11-01 13:43:00+00:00,75517.0,R4_99_100,ood_test_r4,SAFE_TO_EXECUTE,ood_exposure,0.9128502746823429,0.9016736401673641,0.08714972531765708,0.09832635983263593,SAFE_TO_EXECUTE,0.46366771698440906
4508058044_00040,"3-way match, invoice before GR",2018-11-01 14:26:00+00:00,88629.0,R4_99_100,ood_test_r4,SAFE_TO_EXECUTE,ood_exposure,0.5870548550473477,0.4814814814814814,0.41294514495265233,0.5185185185185186,NOT_SAFE_TO_EXECUTE,0.9990102708804812
4508061715_00040,"3-way match, invoice before GR",2018-11-01 14:26:00+00:00,66471.0,R4_99_100,ood_test_r4,SAFE_TO_EXECUTE,ood_exposure,0.6863128113551225,0.6206896551724138,0.31368718864487755,0.3793103448275862,SAFE_TO_EXECUTE,0.9575534837147484
2000033502_00001,"3-way match, invoice after GR",2018-11-02 09:56:00+00:00,69282.0,R4_99_100,ood_test_r4,SAFE_TO_EXECUTE,ood_exposure,0.9879829835151204,0.9879424348502528,0.012017016484879628,0.012057565149747207,SAFE_TO_EXECUTE,0.09414401889542408
4508060216_00010,"3-way match, invoice before GR",2018-11-06 12:15:00+00:00,55706.0,R4_99_100,ood_test_r4,SAFE_TO_EXECUTE,ood_exposure,0.8323943527375551,0.688034188034188,0.16760564726244487,0.31196581196581197,SAFE_TO_EXECUTE,0.8954296333667611
4508062316_00010,"3-way match, invoice before GR",2018-11-07 03:32:00+00:00,55912.0,R4_99_100,ood_test_r4,SAFE_TO_EXECUTE,ood_exposure,0.8370796273184294,0.8608305274971941,0.16292037268157056,0.13916947250280587,SAFE_TO_EXECUTE,0.5820595955256006
4508061793_00010,"3-way match, invoice before GR",2018-11-07 05:04:00+00:00,53881.0,R4_99_100,ood_test_r4,SAFE_TO_EXECUTE,ood_exposure,0.7622258188443686,0.688034188034188,0.23777418115563143,0.31196581196581197,SAFE_TO_EXECUTE,0.8954296333667611
4508062318_00010,"3-way match, invoice before GR",2018-11-07 07:04:00+00:00,55912.0,R4_99_100,ood_test_r4,SAFE_TO_EXECUTE,ood_exposure,0.8362389722191068,0.688034188034188,0.1637610277808932,0.31196581196581197,SAFE_TO_EXECUTE,0.8954296333667611
4508061134_00010,"3-way match, invoice before GR",2018-11-07 07:12:00+00:00,55579.0,R4_99_100,ood_test_r4,SAFE_TO_EXECUTE,ood_exposure,0.8341287113965746,0.688034188034188,0.16587128860342537,0.31196581196581197,SAFE_TO_EXECUTE,0.8954296333667611
2000052850_00001,"3-way match, invoice after GR",2018-11-12 13:18:00+00:00,181659.0,R4_99_100,ood_test_r4,SAFE_TO_EXECUTE,ood_exposure,0.9874599904558032,0.9879424348502528,0.012540009544196762,0.012057565149747207,SAFE_TO_EXECUTE,0.09414401889542408
2000052722_00001,"3-way match, invoice after GR",2018-11-12 15:36:00+00:00,58471.0,R4_99_100,ood_test_r4,SAFE_TO_EXECUTE,ood_exposure,0.1167927924634435,0.41025641025641024,0.8832072075365565,0.5897435897435898,NOT_SAFE_TO_EXECUTE,0.9766349114440102
4508059760_00010,"3-way match, invoice before GR",2018-11-13 10:31:00+00:00,55165.0,R4_99_100,ood_test_r4,SAFE_TO_EXECUTE,ood_exposure,0.7852131632103471,0.688034188034188,0.21478683678965294,0.31196581196581197,SAFE_TO_EXECUTE,0.8954296333667611
2000033461_00001,"3-way match, invoice after GR",2018-11-13 14:48:00+00:00,657070.0,R4_99_100,ood_test_r4,NOT_SAFE_TO_EXECUTE,ood_exposure,8.270283047911783e-13,0.0,0.999999999999173,1.0,NOT_SAFE_TO_EXECUTE,5.1270463350027155e-14
4508064017_00010,"3-way match, invoice before GR",2018-11-14 10:17:00+00:00,55583.0,R4_99_100,ood_test_r4,SAFE_TO_EXECUTE,ood_exposure,0.8383951373187783,0.8608305274971941,0.16160486268122165,0.13916947250280587,SAFE_TO_EXECUTE,0.5820595955256006
4508058058_00010,"3-way match, invoice before GR",2018-11-15 15:56:00+00:00,58654.0,R4_99_100,ood_test_r4,SAFE_TO_EXECUTE,ood_exposure,0.897150824763132,0.8608305274971941,0.10284917523686798,0.13916947250280587,SAFE_TO_EXECUTE,0.5820595955256006
4508045773_00020,"3-way match, invoice before GR",2018-11-16 12:09:00+00:00,66310.0,R4_99_100,ood_test_r4,SAFE_TO_EXECUTE,ood_exposure,0.8087040774264495,0.688034188034188,0.19129592257355055,0.31196581196581197,SAFE_TO_EXECUTE,0.8954296333667611
4508056239_00010,"3-way match, invoice after GR",2018-11-16 13:18:00+00:00,77917.0,R4_99_100,ood_test_r4,SAFE_TO_EXECUTE,ood_exposure,0.6832387674396195,0.6206896551724138,0.31676123256038047,0.3793103448275862,SAFE_TO_EXECUTE,0.9575534837147484
4508051588_00010,"3-way match, invoice before GR",2018-11-19 08:28:00+00:00,56752.0,R4_99_100,ood_test_r4,NOT_SAFE_TO_EXECUTE,ood_exposure,0.2770230666073166,0.41025641025641024,0.7229769333926834,0.5897435897435898,NOT_SAFE_TO_EXECUTE,0.9766349114440102
4508049498_00020,"3-way match, invoice before GR",2018-11-19 13:07:00+00:00,50991.0,R4_99_100,ood_test_r4,SAFE_TO_EXECUTE,ood_exposure,0.35267606983159216,0.41025641025641024,0.6473239301684078,0.5897435897435898,NOT_SAFE_TO_EXECUTE,0.9766349114440102
4508054785_00010,"3-way match, invoice before GR",2018-11-19 13:14:00+00:00,51816.0,R4_99_100,ood_test_r4,SAFE_TO_EXECUTE,ood_exposure,0.5754432073485231,0.4814814814814814,0.42455679265147694,0.5185185185185186,NOT_SAFE_TO_EXECUTE,0.9990102708804812
4508047991_00010,"3-way match, invoice before GR",2018-11-19 13:21:00+00:00,89373.0,R4_99_100,ood_test_r4,SAFE_TO_EXECUTE,ood_exposure,0.5856112770253967,0.4814814814814814,0.4143887229746033,0.5185185185185186,NOT_SAFE_TO_EXECUTE,0.9990102708804812
4508057345_00010,"3-way match, invoice before GR",2018-11-19 13:45:00+00:00,56752.0,R4_99_100,ood_test_r4,SAFE_TO_EXECUTE,ood_exposure,0.2990891256565501,0.41025641025641024,0.7009108743434499,0.5897435897435898,NOT_SAFE_TO_EXECUTE,0.9766349114440102
4508057121_00010,"3-way match, invoice before GR",2018-11-19 13:51:00+00:00,50321.0,R4_99_100,ood_test_r4,SAFE_TO_EXECUTE,ood_exposure,0.4611770494702289,0.41025641025641024,0.538822950529771,0.5897435897435898,NOT_SAFE_TO_EXECUTE,0.9766349114440102
4508048430_00010,"3-way match, invoice before GR",2018-11-19 15:31:00+00:00,56752.0,R4_99_100,ood_test_r4,NOT_SAFE_TO_EXECUTE,ood_exposure,0.26405838204494025,0.41025641025641024,0.7359416179550597,0.5897435897435898,NOT_SAFE_TO_EXECUTE,0.9766349114440102
4508052462_00010,"3-way match, invoice before GR",2018-11-19 15:32:00+00:00,56646.0,R4_99_100,ood_test_r4,NOT_SAFE_TO_EXECUTE,ood_exposure,0.18959473626859888,0.41025641025641024,0.8104052637314011,0.5897435897435898,NOT_SAFE_TO_EXECUTE,0.9766349114440102
4508056500_00010,"3-way match, invoice before GR",2018-11-20 08:09:00+00:00,53271.0,R4_99_100,ood_test_r4,SAFE_TO_EXECUTE,ood_exposure,0.6808143957521938,0.6206896551724138,0.3191856042478062,0.3793103448275862,SAFE_TO_EXECUTE,0.9575534837147484
4508056672_00010,"3-way match, invoice before GR",2018-11-20 08:53:00+00:00,59755.0,R4_99_100,ood_test_r4,SAFE_TO_EXECUTE,ood_exposure,0.2258914554086192,0.41025641025641024,0.7741085445913808,0.5897435897435898,NOT_SAFE_TO_EXECUTE,0.9766349114440102
4508060256_00010,"3-way match, invoice before GR",2018-11-20 09:57:00+00:00,50749.0,R4_99_100,ood_test_r4,SAFE_TO_EXECUTE,ood_exposure,0.7398782831878433,0.6206896551724138,0.2601217168121567,0.3793103448275862,SAFE_TO_EXECUTE,0.9575534837147484
4508060179_00010,"3-way match, invoice before GR",2018-11-20 10:10:00+00:00,50749.0,R4_99_100,ood_test_r4,SAFE_TO_EXECUTE,ood_exposure,0.7627424820011358,0.688034188034188,0.2372575179988642,0.31196581196581197,SAFE_TO_EXECUTE,0.8954296333667611
4508058740_00010,"3-way match, invoice before GR",2018-11-20 10:27:00+00:00,63898.0,R4_99_100,ood_test_r4,SAFE_TO_EXECUTE,ood_exposure,0.5288350211779179,0.4814814814814814,0.4711649788220821,0.5185185185185186,NOT_SAFE_TO_EXECUTE,0.9990102708804812
2000052791_00001,"3-way match, invoice after GR",2018-11-20 10:39:00+00:00,193989.0,R4_99_100,ood_test_r4,SAFE_TO_EXECUTE,ood_exposure,0.8862758937893631,0.8608305274971941,0.11372410621063689,0.13916947250280587,SAFE_TO_EXECUTE,0.5820595955256006
4508061704_00010,"3-way match, invoice before GR",2018-11-20 11:25:00+00:00,56700.0,R4_99_100,ood_test_r4,SAFE_TO_EXECUTE,ood_exposure,0.22465956092593525,0.41025641025641024,0.7753404390740648,0.5897435897435898,NOT_SAFE_TO_EXECUTE,0.9766349114440102
4508057346_00010,"3-way match, invoice before GR",2018-11-20 15:22:00+00:00,56752.0,R4_99_100,ood_test_r4,SAFE_TO_EXECUTE,ood_exposure,0.2948164100185134,0.41025641025641024,0.7051835899814867,0.5897435897435898,NOT_SAFE_TO_EXECUTE,0.9766349114440102
4508058171_00010,"3-way match, invoice before GR",2018-11-20 15:26:00+00:00,49690.0,R4_99_100,ood_test_r4,SAFE_TO_EXECUTE,ood_exposure,0.8157448541903092,0.688034188034188,0.18425514580969082,0.31196581196581197,SAFE_TO_EXECUTE,0.8954296333667611
4508060257_00010,"3-way match, invoice before GR",2018-11-21 09:30:00+00:00,50749.0,R4_99_100,ood_test_r4,SAFE_TO_EXECUTE,ood_exposure,0.7347259884312994,0.6206896551724138,0.26527401156870056,0.3793103448275862,SAFE_TO_EXECUTE,0.9575534837147484
4508062848_00010,"3-way match, invoice before GR",2018-11-21 09:38:00+00:00,54732.0,R4_99_100,ood_test_r4,SAFE_TO_EXECUTE,ood_exposure,0.9005231362391612,0.8608305274971941,0.09947686376083875,0.13916947250280587,SAFE_TO_EXECUTE,0.5820595955256006
4508057312_00010,"3-way match, invoice before GR",2018-11-21 09:43:00+00:00,52871.0,R4_99_100,ood_test_r4,SAFE_TO_EXECUTE,ood_exposure,0.6812193875287063,0.6206896551724138,0.31878061247129375,0.3793103448275862,SAFE_TO_EXECUTE,0.9575534837147484
4508059280_00010,"3-way match, invoice before GR",2018-11-21 10:01:00+00:00,60787.0,R4_99_100,ood_test_r4,SAFE_TO_EXECUTE,ood_exposure,0.41329948115021053,0.41025641025641024,0.5867005188497895,0.5897435897435898,NOT_SAFE_TO_EXECUTE,0.9766349114440102
4508061492_00010,"3-way match, invoice before GR",2018-11-21 10:10:00+00:00,63898.0,R4_99_100,ood_test_r4,SAFE_TO_EXECUTE,ood_exposure,0.5434021218536853,0.4814814814814814,0.4565978781463147,0.5185185185185186,NOT_SAFE_TO_EXECUTE,0.9990102708804812
4508059461_00150,"3-way match, invoice before GR",2018-11-21 12:47:00+00:00,88884.0,R4_99_100,ood_test_r4,NOT_SAFE_TO_EXECUTE,ood_exposure,0.3538882556926647,0.41025641025641024,0.6461117443073353,0.5897435897435898,NOT_SAFE_TO_EXECUTE,0.9766349114440102
4508063338_00010,"3-way match, invoice before GR",2018-11-21 12:56:00+00:00,70200.0,R4_99_100,ood_test_r4,NOT_SAFE_TO_EXECUTE,ood_exposure,4.201037341964947e-05,0.0,0.9999579896265803,1.0,NOT_SAFE_TO_EXECUTE,5.1270463350027155e-14
4508057401_00010,"3-way match, invoice before GR",2018-11-21 13:10:00+00:00,52404.0,R4_99_100,ood_test_r4,SAFE_TO_EXECUTE,ood_exposure,0.928857455631723,0.9016736401673641,0.07114254436827705,0.09832635983263593,SAFE_TO_EXECUTE,0.46366771698440906
4508060379_00010,"3-way match, invoice before GR",2018-11-21 13:47:00+00:00,49963.0,R4_99_100,ood_test_r4,SAFE_TO_EXECUTE,ood_exposure,0.8170845691360777,0.688034188034188,0.18291543086392226,0.31196581196581197,SAFE_TO_EXECUTE,0.8954296333667611
4508063097_00010,"3-way match, invoice before GR",2018-11-21 14:59:00+00:00,52618.0,R4_99_100,ood_test_r4,SAFE_TO_EXECUTE,ood_exposure,0.7174491464917266,0.6206896551724138,0.28255085350827336,0.3793103448275862,SAFE_TO_EXECUTE,0.9575534837147484
4508062877_00010,"3-way match, invoice before GR",2018-11-21 16:13:00+00:00,64432.0,R4_99_100,ood_test_r4,SAFE_TO_EXECUTE,ood_exposure,0.8072466019947704,0.688034188034188,0.19275339800522961,0.31196581196581197,SAFE_TO_EXECUTE,0.8954296333667611
4508060181_00010,"3-way match, invoice before GR",2018-11-21 16:26:00+00:00,50749.0,R4_99_100,ood_test_r4,SAFE_TO_EXECUTE,ood_exposure,0.7573412245265619,0.688034188034188,0.24265877547343806,0.31196581196581197,SAFE_TO_EXECUTE,0.8954296333667611
4507036333_00010,"3-way match, invoice before GR",2018-11-22 14:39:00+00:00,152890.0,R4_99_100,ood_test_r4,NOT_SAFE_TO_EXECUTE,ood_exposure,0.2216177313188664,0.41025641025641024,0.7783822686811336,0.5897435897435898,NOT_SAFE_TO_EXECUTE,0.9766349114440102
2000052816_00001,"3-way match, invoice after GR",2018-11-22 16:09:00+00:00,54356.0,R4_99_100,ood_test_r4,SAFE_TO_EXECUTE,ood_exposure,0.9983947809490289,1.0,0.0016052190509711073,0.0,SAFE_TO_EXECUTE,5.123178885069411e-14
4508066608_00010,"3-way match, invoice before GR",2018-11-23 07:15:00+00:00,49903.0,R4_99_100,ood_test_r4,NOT_SAFE_TO_EXECUTE,ood_exposure,2.310032682359692e-05,0.0,0.9999768996731764,1.0,NOT_SAFE_TO_EXECUTE,5.1270463350027155e-14
4508061802_00010,"3-way match, invoice before GR",2018-11-26 14:09:00+00:00,51208.0,R4_99_100,ood_test_r4,SAFE_TO_EXECUTE,ood_exposure,0.6562964905634376,0.5882352941176471,0.34370350943656236,0.4117647058823529,SAFE_TO_EXECUTE,0.9774178175281716
4508060964_00010,"3-way match, invoice before GR",2018-11-26 16:25:00+00:00,50931.0,R4_99_100,ood_test_r4,SAFE_TO_EXECUTE,ood_exposure,0.4883594719806647,0.41025641025641024,0.5116405280193352,0.5897435897435898,NOT_SAFE_TO_EXECUTE,0.9766349114440102
4508058553_00010,"3-way match, invoice before GR",2018-11-27 12:44:00+00:00,136595.0,R4_99_100,ood_test_r4,SAFE_TO_EXECUTE,ood_exposure,0.12452717230808587,0.41025641025641024,0.8754728276919141,0.5897435897435898,NOT_SAFE_TO_EXECUTE,0.9766349114440102
4508060966_00010,"3-way match, invoice before GR",2018-11-27 13:00:00+00:00,50931.0,R4_99_100,ood_test_r4,SAFE_TO_EXECUTE,ood_exposure,0.48674286220659757,0.41025641025641024,0.5132571377934024,0.5897435897435898,NOT_SAFE_TO_EXECUTE,0.9766349114440102
4508062584_00010,"3-way match, invoice before GR",2018-11-27 13:04:00+00:00,50749.0,R4_99_100,ood_test_r4,SAFE_TO_EXECUTE,ood_exposure,0.7624133622089673,0.688034188034188,0.23758663779103273,0.31196581196581197,SAFE_TO_EXECUTE,0.8954296333667611
4508056631_00010,"3-way match, invoice before GR",2018-11-27 13:15:00+00:00,99140.0,R4_99_100,ood_test_r4,SAFE_TO_EXECUTE,ood_exposure,0.20080468199999818,0.41025641025641024,0.7991953180000018,0.5897435897435898,NOT_SAFE_TO_EXECUTE,0.9766349114440102
4508059151_00010,"3-way match, invoice after GR",2018-11-27 13:23:00+00:00,53679.0,R4_99_100,ood_test_r4,SAFE_TO_EXECUTE,ood_exposure,0.5855049939393747,0.4814814814814814,0.4144950060606253,0.5185185185185186,NOT_SAFE_TO_EXECUTE,0.9990102708804812
4508059599_00010,"3-way match, invoice before GR",2018-11-27 13:50:00+00:00,51615.0,R4_99_100,ood_test_r4,SAFE_TO_EXECUTE,ood_exposure,0.5276556710006994,0.4814814814814814,0.47234432899930057,0.5185185185185186,NOT_SAFE_TO_EXECUTE,0.9990102708804812
4508057706_00010,"3-way match, invoice before GR",2018-11-27 14:08:00+00:00,49858.0,R4_99_100,ood_test_r4,SAFE_TO_EXECUTE,ood_exposure,0.4506582043379619,0.41025641025641024,0.5493417956620381,0.5897435897435898,NOT_SAFE_TO_EXECUTE,0.9766349114440102
4508060164_00010,"3-way match, invoice before GR",2018-11-27 16:11:00+00:00,50653.0,R4_99_100,ood_test_r4,SAFE_TO_EXECUTE,ood_exposure,0.4621937411458803,0.41025641025641024,0.5378062588541197,0.5897435897435898,NOT_SAFE_TO_EXECUTE,0.9766349114440102
4508065455_00010,"3-way match, invoice before GR",2018-11-28 12:19:00+00:00,78490.0,R4_99_100,ood_test_r4,NOT_SAFE_TO_EXECUTE,ood_exposure,3.708650494949207e-05,0.0,0.9999629134950505,1.0,NOT_SAFE_TO_EXECUTE,5.1270463350027155e-14
4508045649_00020,"3-way match, invoice before GR",2018-11-28 13:37:00+00:00,71577.0,R4_99_100,ood_test_r4,SAFE_TO_EXECUTE,ood_exposure,0.7805806127844664,0.688034188034188,0.21941938721553356,0.31196581196581197,SAFE_TO_EXECUTE,0.8954296333667611
4508050521_00010,"3-way match, invoice before GR",2018-11-28 13:40:00+00:00,89373.0,R4_99_100,ood_test_r4,SAFE_TO_EXECUTE,ood_exposure,0.3069779883002111,0.41025641025641024,0.6930220116997889,0.5897435897435898,NOT_SAFE_TO_EXECUTE,0.9766349114440102
4508063253_00010,"3-way match, invoice before GR",2018-11-28 13:44:00+00:00,56478.0,R4_99_100,ood_test_r4,SAFE_TO_EXECUTE,ood_exposure,0.4788106926929967,0.41025641025641024,0.5211893073070033,0.5897435897435898,NOT_SAFE_TO_EXECUTE,0.9766349114440102
4508060962_00010,"3-way match, invoice before GR",2018-11-28 13:52:00+00:00,50931.0,R4_99_100,ood_test_r4,SAFE_TO_EXECUTE,ood_exposure,0.4822968814742556,0.41025641025641024,0.5177031185257444,0.5897435897435898,NOT_SAFE_TO_EXECUTE,0.9766349114440102
4508061333_00010,"3-way match, invoice before GR",2018-11-28 15:02:00+00:00,51615.0,R4_99_100,ood_test_r4,SAFE_TO_EXECUTE,ood_exposure,0.5363357869132699,0.4814814814814814,0.4636642130867301,0.5185185185185186,NOT_SAFE_TO_EXECUTE,0.9990102708804812
2000052785_00001,"3-way match, invoice after GR",2018-11-29 07:04:00+00:00,108487.0,R4_99_100,ood_test_r4,SAFE_TO_EXECUTE,ood_exposure,0.9656667407364167,0.9771607702642185,0.03433325926358333,0.022839229735781452,SAFE_TO_EXECUTE,0.15709816484233138
4508060928_00010,"3-way match, invoice before GR",2018-11-29 14:03:00+00:00,62353.0,R4_99_100,ood_test_r4,SAFE_TO_EXECUTE,ood_exposure,0.690548239020522,0.6206896551724138,0.309451760979478,0.3793103448275862,SAFE_TO_EXECUTE,0.9575534837147484
4508047668_00010,"3-way match, invoice before GR",2018-11-29 17:07:00+00:00,112453.0,R4_99_100,ood_test_r4,SAFE_TO_EXECUTE,ood_exposure,0.5222003790983087,0.4814814814814814,0.47779962090169126,0.5185185185185186,NOT_SAFE_TO_EXECUTE,0.9990102708804812
4508047664_00010,"3-way match, invoice before GR",2018-11-29 17:14:00+00:00,112453.0,R4_99_100,ood_test_r4,SAFE_TO_EXECUTE,ood_exposure,0.52295984738124,0.4814814814814814,0.47704015261876,0.5185185185185186,NOT_SAFE_TO_EXECUTE,0.9990102708804812
2000052714_00001,"3-way match, invoice after GR",2018-11-30 14:07:00+00:00,69282.0,R4_99_100,ood_test_r4,SAFE_TO_EXECUTE,ood_exposure,0.9246574099033965,0.9016736401673641,0.07534259009660349,0.09832635983263593,SAFE_TO_EXECUTE,0.46366771698440906
4508062612_00010,"3-way match, invoice before GR",2018-12-03 10:36:00+00:00,63652.0,R4_99_100,ood_test_r4,SAFE_TO_EXECUTE,ood_exposure,0.7509197824029544,0.6842105263157895,0.24908021759704557,0.3157894736842105,SAFE_TO_EXECUTE,0.8997437586982626
4507025913_00010,"3-way match, invoice before GR",2018-12-03 15:18:00+00:00,115645.0,R4_99_100,ood_test_r4,SAFE_TO_EXECUTE,ood_exposure,0.41465257333497135,0.41025641025641024,0.5853474266650287,0.5897435897435898,NOT_SAFE_TO_EXECUTE,0.9766349114440102
4508062818_00010,"3-way match, invoice before GR",2018-12-03 15:46:00+00:00,51615.0,R4_99_100,ood_test_r4,SAFE_TO_EXECUTE,ood_exposure,0.5379162442648834,0.4814814814814814,0.4620837557351166,0.5185185185185186,NOT_SAFE_TO_EXECUTE,0.9990102708804812
4508064359_00010,"3-way match, invoice before GR",2018-12-04 05:39:00+00:00,63393.0,R4_99_100,ood_test_r4,SAFE_TO_EXECUTE,ood_exposure,0.9346377610919008,0.9124087591240876,0.06536223890809922,0.08759124087591241,SAFE_TO_EXECUTE,0.4283781735341417
4508068647_00010,"3-way match, invoice before GR",2018-12-05 10:49:00+00:00,52377.0,R4_99_100,ood_test_r4,SAFE_TO_EXECUTE,ood_exposure,0.7934359166600313,0.688034188034188,0.20656408333996867,0.31196581196581197,SAFE_TO_EXECUTE,0.8954296333667611
4507014510_00010,"3-way match, invoice before GR",2018-12-05 11:13:00+00:00,112178.0,R4_99_100,ood_test_r4,SAFE_TO_EXECUTE,ood_exposure,0.38381246587766144,0.41025641025641024,0.6161875341223386,0.5897435897435898,NOT_SAFE_TO_EXECUTE,0.9766349114440102
4508065230_00010,"3-way match, invoice before GR",2018-12-05 15:19:00+00:00,56378.0,R4_99_100,ood_test_r4,SAFE_TO_EXECUTE,ood_exposure,0.3867794045333471,0.41025641025641024,0.613220595466653,0.5897435897435898,NOT_SAFE_TO_EXECUTE,0.9766349114440102
4508052465_00010,"3-way match, invoice before GR",2018-12-06 11:51:00+00:00,133811.0,R4_99_100,ood_test_r4,SAFE_TO_EXECUTE,ood_exposure,0.20576867052826617,0.41025641025641024,0.7942313294717338,0.5897435897435898,NOT_SAFE_TO_EXECUTE,0.9766349114440102
4508047672_00010,"3-way match, invoice before GR",2018-12-06 12:17:00+00:00,112453.0,R4_99_100,ood_test_r4,SAFE_TO_EXECUTE,ood_exposure,0.5121292849538397,0.4814814814814814,0.4878707150461603,0.5185185185185186,NOT_SAFE_TO_EXECUTE,0.9990102708804812
4508047663_00010,"3-way match, invoice before GR",2018-12-06 13:16:00+00:00,112453.0,R4_99_100,ood_test_r4,SAFE_TO_EXECUTE,ood_exposure,0.5200209504333435,0.4814814814814814,0.4799790495666565,0.5185185185185186,NOT_SAFE_TO_EXECUTE,0.9990102708804812
4508047662_00010,"3-way match, invoice before GR",2018-12-06 13:56:00+00:00,112453.0,R4_99_100,ood_test_r4,SAFE_TO_EXECUTE,ood_exposure,0.5212279228094305,0.4814814814814814,0.47877207719056947,0.5185185185185186,NOT_SAFE_TO_EXECUTE,0.9990102708804812
4508055305_00010,"3-way match, invoice before GR",2018-12-06 14:03:00+00:00,96994.0,R4_99_100,ood_test_r4,SAFE_TO_EXECUTE,ood_exposure,0.42289520080942716,0.41025641025641024,0.5771047991905729,0.5897435897435898,NOT_SAFE_TO_EXECUTE,0.9766349114440102
4508047659_00010,"3-way match, invoice before GR",2018-12-06 14:09:00+00:00,112453.0,R4_99_100,ood_test_r4,SAFE_TO_EXECUTE,ood_exposure,0.5261138540238445,0.4814814814814814,0.4738861459761555,0.5185185185185186,NOT_SAFE_TO_EXECUTE,0.9990102708804812
4508044124_00010,"3-way match, invoice before GR",2018-12-06 14:14:00+00:00,106749.0,R4_99_100,ood_test_r4,SAFE_TO_EXECUTE,ood_exposure,0.817432785683241,0.688034188034188,0.18256721431675904,0.31196581196581197,SAFE_TO_EXECUTE,0.8954296333667611
4507038958_00010,"3-way match, invoice before GR",2018-12-06 15:55:00+00:00,112453.0,R4_99_100,ood_test_r4,SAFE_TO_EXECUTE,ood_exposure,0.21322297235874962,0.41025641025641024,0.7867770276412503,0.5897435897435898,NOT_SAFE_TO_EXECUTE,0.9766349114440102
4507038960_00010,"3-way match, invoice before GR",2018-12-06 16:13:00+00:00,112453.0,R4_99_100,ood_test_r4,SAFE_TO_EXECUTE,ood_exposure,0.21206402860030452,0.41025641025641024,0.7879359713996955,0.5897435897435898,NOT_SAFE_TO_EXECUTE,0.9766349114440102
4507038955_00010,"3-way match, invoice before GR",2018-12-07 05:30:00+00:00,112453.0,R4_99_100,ood_test_r4,SAFE_TO_EXECUTE,ood_exposure,0.21561806105626535,0.41025641025641024,0.7843819389437346,0.5897435897435898,NOT_SAFE_TO_EXECUTE,0.9766349114440102
4508057518_00010,"3-way match, invoice before GR",2018-12-07 06:03:00+00:00,76782.0,R4_99_100,ood_test_r4,NOT_SAFE_TO_EXECUTE,ood_exposure,5.153499981034858e-06,0.0,0.999994846500019,1.0,NOT_SAFE_TO_EXECUTE,5.1270463350027155e-14
4508069025_00010,"3-way match, invoice after GR",2018-12-07 09:03:00+00:00,97601.0,R4_99_100,ood_test_r4,SAFE_TO_EXECUTE,ood_exposure,0.18060279174711938,0.41025641025641024,0.8193972082528806,0.5897435897435898,NOT_SAFE_TO_EXECUTE,0.9766349114440102
4508047686_00010,"3-way match, invoice before GR",2018-12-07 15:00:00+00:00,112453.0,R4_99_100,ood_test_r4,SAFE_TO_EXECUTE,ood_exposure,0.5196856151069453,0.4814814814814814,0.48031438489305467,0.5185185185185186,NOT_SAFE_TO_EXECUTE,0.9990102708804812
4508050731_00010,"3-way match, invoice before GR",2018-12-07 15:02:00+00:00,133811.0,R4_99_100,ood_test_r4,SAFE_TO_EXECUTE,ood_exposure,0.19718732020654842,0.41025641025641024,0.8028126797934516,0.5897435897435898,NOT_SAFE_TO_EXECUTE,0.9766349114440102
4507038963_00010,"3-way match, invoice before GR",2018-12-07 16:39:00+00:00,112453.0,R4_99_100,ood_test_r4,SAFE_TO_EXECUTE,ood_exposure,0.2095920303777843,0.41025641025641024,0.7904079696222157,0.5897435897435898,NOT_SAFE_TO_EXECUTE,0.9766349114440102
4508059640_00010,"3-way match, invoice before GR",2018-12-10 05:20:00+00:00,55726.0,R4_99_100,ood_test_r4,SAFE_TO_EXECUTE,ood_exposure,0.8141553040011885,0.688034188034188,0.18584469599881148,0.31196581196581197,SAFE_TO_EXECUTE,0.8954296333667611
4508050043_00010,"3-way match, invoice before GR",2018-12-11 04:25:00+00:00,365472.0,R4_99_100,ood_test_r4,SAFE_TO_EXECUTE,ood_exposure,0.04944166615979941,0.41025641025641024,0.9505583338402006,0.5897435897435898,NOT_SAFE_TO_EXECUTE,0.9766349114440102
4508059231_00010,"3-way match, invoice before GR",2018-12-11 04:57:00+00:00,107955.0,R4_99_100,ood_test_r4,SAFE_TO_EXECUTE,ood_exposure,0.3348669382984707,0.41025641025641024,0.6651330617015293,0.5897435897435898,NOT_SAFE_TO_EXECUTE,0.9766349114440102
2000052834_00001,"3-way match, invoice after GR",2018-12-11 05:52:00+00:00,216506.0,R4_99_100,ood_test_r4,SAFE_TO_EXECUTE,ood_exposure,0.932140561805036,0.9016736401673641,0.06785943819496398,0.09832635983263593,SAFE_TO_EXECUTE,0.46366771698440906
2000052844_00001,"3-way match, invoice after GR",2018-12-12 11:58:00+00:00,51944.0,R4_99_100,ood_test_r4,SAFE_TO_EXECUTE,ood_exposure,0.9955592684628707,1.0,0.0044407315371293166,0.0,SAFE_TO_EXECUTE,5.123178885069411e-14
2000052802_00001,"3-way match, invoice after GR",2018-12-12 13:45:00+00:00,53042.0,R4_99_100,ood_test_r4,SAFE_TO_EXECUTE,ood_exposure,0.9900118503493005,0.9879424348502528,0.009988149650699496,0.012057565149747207,SAFE_TO_EXECUTE,0.09414401889542408
4508067251_00010,"3-way match, invoice before GR",2018-12-13 14:25:00+00:00,50402.0,R4_99_100,ood_test_r4,SAFE_TO_EXECUTE,ood_exposure,0.8675472645522817,0.8608305274971941,0.1324527354477183,0.13916947250280587,SAFE_TO_EXECUTE,0.5820595955256006
4508060328_00010,"3-way match, invoice before GR",2018-12-14 12:17:00+00:00,115645.0,R4_99_100,ood_test_r4,SAFE_TO_EXECUTE,ood_exposure,0.29635478929498565,0.41025641025641024,0.7036452107050144,0.5897435897435898,NOT_SAFE_TO_EXECUTE,0.9766349114440102
4507035814_00010,"3-way match, invoice before GR",2018-12-19 10:19:00+00:00,103548.0,R4_99_100,ood_test_r4,SAFE_TO_EXECUTE,ood_exposure,0.5239430115147246,0.4814814814814814,0.47605698848527545,0.5185185185185186,NOT_SAFE_TO_EXECUTE,0.9990102708804812
4508071618_00010,"3-way match, invoice before GR",2018-12-20 09:19:00+00:00,70200.0,R4_99_100,ood_test_r4,NOT_SAFE_TO_EXECUTE,ood_exposure,4.455946098804572e-05,0.0,0.999955440539012,1.0,NOT_SAFE_TO_EXECUTE,5.1270463350027155e-14
4507015998_00010,"3-way match, invoice before GR",2018-12-20 11:44:00+00:00,100718.0,R4_99_100,ood_test_r4,SAFE_TO_EXECUTE,ood_exposure,0.587547493729824,0.4814814814814814,0.41245250627017604,0.5185185185185186,NOT_SAFE_TO_EXECUTE,0.9990102708804812
4507015998_00020,"3-way match, invoice before GR",2018-12-20 11:44:00+00:00,100718.0,R4_99_100,ood_test_r4,SAFE_TO_EXECUTE,ood_exposure,0.5875389281265294,0.4814814814814814,0.4124610718734706,0.5185185185185186,NOT_SAFE_TO_EXECUTE,0.9990102708804812
2000052726_00001,"3-way match, invoice after GR",2018-12-20 11:55:00+00:00,52028.0,R4_99_100,ood_test_r4,SAFE_TO_EXECUTE,ood_exposure,4.419889593578535e-06,0.0,0.9999955801104065,1.0,NOT_SAFE_TO_EXECUTE,5.1270463350027155e-14
2000052969_00001,"3-way match, invoice after GR",2018-12-21 08:55:00+00:00,236627.0,R4_99_100,ood_test_r4,SAFE_TO_EXECUTE,ood_exposure,0.9226199171029382,0.9016736401673641,0.07738008289706177,0.09832635983263593,SAFE_TO_EXECUTE,0.46366771698440906
4508066643_00010,"3-way match, invoice after GR",2018-12-21 14:38:00+00:00,53102.0,R4_99_100,ood_test_r4,NOT_SAFE_TO_EXECUTE,ood_exposure,0.40877764531006655,0.41025641025641024,0.5912223546899334,0.5897435897435898,NOT_SAFE_TO_EXECUTE,0.9766349114440102
4508072692_00010,"3-way match, invoice before GR",2018-12-24 05:14:00+00:00,64172.0,R4_99_100,ood_test_r4,SAFE_TO_EXECUTE,ood_exposure,0.9556148099967209,0.9556004036326943,0.04438519000327912,0.04439959636730573,SAFE_TO_EXECUTE,0.262112675977001
4507000430_00030,"3-way match, invoice after GR",2018-12-27 15:56:00+00:00,503204.0,R4_99_100,ood_test_r4,NOT_SAFE_TO_EXECUTE,ood_exposure,1.1905627463037578e-05,0.0,0.999988094372537,1.0,NOT_SAFE_TO_EXECUTE,5.1270463350027155e-14
4508073894_00010,"3-way match, invoice before GR",2018-12-28 15:20:00+00:00,120966.0,R4_99_100,ood_test_r4,NOT_SAFE_TO_EXECUTE,ood_exposure,3.543092972742077e-05,0.0,0.9999645690702725,1.0,NOT_SAFE_TO_EXECUTE,5.1270463350027155e-14
4508045875_00010,"3-way match, invoice before GR",2019-01-03 09:53:00+00:00,51961.0,R4_99_100,ood_test_r4,SAFE_TO_EXECUTE,ood_exposure,0.9080533149596349,0.9016736401673641,0.09194668504036507,0.09832635983263593,SAFE_TO_EXECUTE,0.46366771698440906
4508045875_00020,"3-way match, invoice before GR",2019-01-03 09:55:00+00:00,69282.0,R4_99_100,ood_test_r4,SAFE_TO_EXECUTE,ood_exposure,0.8817069759844693,0.8608305274971941,0.11829302401553066,0.13916947250280587,SAFE_TO_EXECUTE,0.5820595955256006
4508071001_00010,"3-way match, invoice after GR",2019-01-03 13:30:00+00:00,292754.0,R4_99_100,ood_test_r4,SAFE_TO_EXECUTE,ood_exposure,2.030583418524627e-06,0.0,0.9999979694165815,1.0,NOT_SAFE_TO_EXECUTE,5.1270463350027155e-14
4508073219_00010,"3-way match, invoice before GR",2019-01-03 16:40:00+00:00,69420.0,R4_99_100,ood_test_r4,NOT_SAFE_TO_EXECUTE,ood_exposure,2.234040484398475e-05,0.0,0.999977659595156,1.0,NOT_SAFE_TO_EXECUTE,5.1270463350027155e-14
4508069718_00010,"3-way match, invoice before GR",2019-01-09 12:22:00+00:00,65970.0,R4_99_100,ood_test_r4,NOT_SAFE_TO_EXECUTE,ood_exposure,2.9779835457043195e-05,0.0,0.999970220164543,1.0,NOT_SAFE_TO_EXECUTE,5.1270463350027155e-14
4508056976_00040,"3-way match, invoice before GR",2019-01-11 12:04:00+00:00,113890.0,R4_99_100,ood_test_r4,NOT_SAFE_TO_EXECUTE,ood_exposure,1.9740771038973737e-05,0.0,0.999980259228961,1.0,NOT_SAFE_TO_EXECUTE,5.1270463350027155e-14
2000052935_00001,"3-way match, invoice after GR",2019-01-16 09:53:00+00:00,58370.0,R4_99_100,ood_test_r4,SAFE_TO_EXECUTE,ood_exposure,0.989547882544556,0.9879424348502528,0.010452117455444054,0.012057565149747207,SAFE_TO_EXECUTE,0.09414401889542408
4508067874_00010,"3-way match, invoice before GR",2019-01-17 15:46:00+00:00,51213.0,R4_99_100,ood_test_r4,NOT_SAFE_TO_EXECUTE,ood_exposure,9.561248953970119e-06,0.0,0.999990438751046,1.0,NOT_SAFE_TO_EXECUTE,5.1270463350027155e-14
