benchmark_episode_id,source_case_id,expected_action_reference,benchmark_arm,intervention_type,intervention_strength,transaction_exposure_eur,transaction_risk_stratum,split_ood_exposure,predicted_action_raw,predicted_action_calibrated,p_raw_execute,p_cal_execute,p_raw_gather,p_cal_gather,p_raw_escalate,p_cal_escalate,p_raw_abstain,p_cal_abstain,max_calibrated_probability,predictive_entropy
RCSE_000025833,4507000440_00010,EXECUTE,NATURAL_COMPLETE_EVIDENCE,NONE,,529589.0,R4_99_100,ood_test_r4,GATHER,GATHER,4.04614222333344e-36,0.001436733436837446,1.0,0.998529738602025,4.92819564609139e-36,0.0,0.0,3.352796113766789e-05,0.998529738602025,0.008092504883414935
RCSE_000046601,4507001945_00010,EXECUTE,NATURAL_COMPLETE_EVIDENCE,NONE,,57014.0,R4_99_100,ood_test_r4,ESCALATE,EXECUTE,0.4098814706422854,0.4748920780243674,0.0029807447701965294,0.07265700485068134,0.587137784587518,0.4524196898849374,3.815642681161782e-26,3.1227240013723764e-05,0.4748920780243674,0.6515948289798453
RCSE_000025152,4507000548_00010,EXECUTE,NATURAL_COMPLETE_EVIDENCE,NONE,,56200.0,R4_99_100,ood_test_r4,ESCALATE,EXECUTE,0.3843854110327182,0.5046569423998928,0.0004835608135816264,0.014533823274263056,0.6151310281537001,0.48077604985258343,4.470248467919814e-26,3.318447326069061e-05,0.5046569423998928,0.5475460284491938
RCSE_000039643,4507002467_00010,EXECUTE,NATURAL_COMPLETE_EVIDENCE,NONE,,692820.0,R4_99_100,ood_test_r4,GATHER,GATHER,3.386738103394655e-24,0.001436733436837446,1.0,0.998529738602025,6.410581134453237e-28,0.0,1.1421485e-316,3.352796113766789e-05,0.998529738602025,0.008092504883414935
RCSE_000044255,4507003965_00010,EXECUTE,NATURAL_COMPLETE_EVIDENCE,NONE,,511592.0,R4_99_100,ood_test_r4,GATHER,GATHER,1.7028118504295218e-16,0.001436733436837446,0.9999999999999998,0.998529738602025,4.3212659795613977e-19,0.0,1.2233681516055231e-232,3.352796113766789e-05,0.998529738602025,0.008092504883414935
RCSE_000010150,4507002869_00010,EXECUTE,NATURAL_COMPLETE_EVIDENCE,NONE,,57190.0,R4_99_100,ood_test_r4,ESCALATE,EXECUTE,0.41010520097122266,0.5046569423998928,0.0024965248547141362,0.014533823274263056,0.5873982741740631,0.48077604985258343,3.003495207732164e-26,3.318447326069061e-05,0.5046569423998928,0.5475460284491938
RCSE_000031717,2000000018_00001,EXECUTE,NATURAL_COMPLETE_EVIDENCE,NONE,,950029.0,R4_99_100,ood_test_r4,GATHER,GATHER,2.2903918529751415e-34,0.001436733436837446,1.0,0.998529738602025,1.030856650612232e-39,0.0,0.0,3.352796113766789e-05,0.998529738602025,0.008092504883414935
RCSE_000015956,4507001198_00010,EXECUTE,NATURAL_COMPLETE_EVIDENCE,NONE,,53541.0,R4_99_100,ood_test_r4,ESCALATE,EXECUTE,0.3545591089977999,0.5046569423998928,0.0005159612581895833,0.014533823274263056,0.6449249297440104,0.48077604985258343,2.5006462466659804e-24,3.318447326069061e-05,0.5046569423998928,0.5475460284491938
RCSE_000039166,4507003603_00010,EXECUTE,NATURAL_COMPLETE_EVIDENCE,NONE,,65489.0,R4_99_100,ood_test_r4,ESCALATE,EXECUTE,0.36600341682485993,0.5046569423998928,0.0007430767310250319,0.014533823274263056,0.633253506444115,0.48077604985258343,2.392673789059165e-28,3.318447326069061e-05,0.5046569423998928,0.5475460284491938
RCSE_000048410,4507000886_00010,EXECUTE,NATURAL_COMPLETE_EVIDENCE,NONE,,1385640.0,R4_99_100,ood_test_r4,GATHER,GATHER,1.065040918690672e-48,0.001436733436837446,1.0,0.998529738602025,1.630717049034909e-57,0.0,0.0,3.352796113766789e-05,0.998529738602025,0.008092504883414935
RCSE_000016415,4507003965_00160,EXECUTE,NATURAL_COMPLETE_EVIDENCE,NONE,,119824.0,R4_99_100,ood_test_r4,EXECUTE,EXECUTE,0.3668418259125797,0.3532671186467085,0.33610760560601477,0.31015950138296733,0.2970505684814056,0.33655015036171737,4.168486011013294e-62,2.322960860671875e-05,0.3532671186467085,0.791630578941228
RCSE_000005482,4507005272_00010,EXECUTE,NATURAL_COMPLETE_EVIDENCE,NONE,,49806.0,R4_99_100,ood_test_r4,ESCALATE,EXECUTE,0.32983925820113463,0.5120475043992396,0.0003222443631165963,0.00010194239551029911,0.6698384974357487,0.4878168827545135,1.1029158666822117e-22,3.367045073656265e-05,0.5120475043992396,0.5007442179902334
RCSE_000016789,4507003965_00050,EXECUTE,NATURAL_COMPLETE_EVIDENCE,NONE,,87760.0,R4_99_100,ood_test_r4,ESCALATE,EXECUTE,0.38827654598168854,0.4748920780243674,0.03992754697067768,0.07265700485068134,0.5717959070476338,0.4524196898849374,1.375018026705047e-51,3.1227240013723764e-05,0.4748920780243674,0.6515948289798453
RCSE_000021990,4507003965_00020,EXECUTE,NATURAL_COMPLETE_EVIDENCE,NONE,,243285.0,R4_99_100,ood_test_r4,GATHER,GATHER,5.018470287847669e-06,0.001434793590798254,0.9999942186400147,0.9971815456047864,7.628896973895414e-07,0.0013501781119968526,2.3050361054100206e-118,3.348269241839992e-05,0.9971815456047864,0.015490245654545019
RCSE_000047678,2000000015_00001,EXECUTE,NATURAL_COMPLETE_EVIDENCE,NONE,,457836.0,R4_99_100,ood_test_r4,GATHER,GATHER,1.1930142312194968e-13,0.001436733436837446,0.9999999999998801,0.998529738602025,5.552254950452063e-16,0.0,1.474571183156263e-203,3.352796113766789e-05,0.998529738602025,0.008092504883414935
RCSE_000045701,4507003374_00020,EXECUTE,NATURAL_COMPLETE_EVIDENCE,NONE,,258473.0,R4_99_100,ood_test_r4,GATHER,GATHER,8.615281021465885e-06,0.001434793590798254,0.9999906218635386,0.9971815456047864,7.628554399784554e-07,0.0013501781119968526,7.277392328648257e-122,3.348269241839992e-05,0.9971815456047864,0.015490245654545019
RCSE_000001066,4507003374_00060,EXECUTE,NATURAL_COMPLETE_EVIDENCE,NONE,,123973.0,R4_99_100,ood_test_r4,EXECUTE,EXECUTE,0.39149622996409744,0.3532671186467085,0.342449230262697,0.31015950138296733,0.26605453977320553,0.33655015036171737,4.700311707373211e-65,2.322960860671875e-05,0.3532671186467085,0.791630578941228
RCSE_000046455,4507003374_00010,EXECUTE,NATURAL_COMPLETE_EVIDENCE,NONE,,203890.0,R4_99_100,ood_test_r4,GATHER,GATHER,0.002387853067483909,0.0014367494348417906,0.9971948036298177,0.9938196238475974,0.0004173433026984615,0.004710098383089832,8.700908502186423e-96,3.352833447099068e-05,0.9938196238475974,0.02968176992737504
RCSE_000011412,4507000449_00030,EXECUTE,NATURAL_COMPLETE_EVIDENCE,NONE,,52200.0,R4_99_100,ood_test_r4,ESCALATE,ESCALATE,0.17682813804315722,0.022020821257170958,0.019428395978877626,0.0729248551181486,0.8037434659779651,0.9050229812653522,5.05710138962562e-48,3.134235932819495e-05,0.9050229812653522,0.2637312169051956
RCSE_000022661,4507005728_00010,EXECUTE,NATURAL_COMPLETE_EVIDENCE,NONE,,79096.0,R4_99_100,ood_test_r4,ESCALATE,EXECUTE,0.46505394014881407,0.5046569423998928,0.0025290472226426105,0.014533823274263056,0.5324170126285434,0.48077604985258343,1.1979885098339144e-34,3.318447326069061e-05,0.5046569423998928,0.5475460284491938
RCSE_000023189,4507000896_00010,EXECUTE,NATURAL_COMPLETE_EVIDENCE,NONE,,8833459.0,R4_99_100,ood_test_r4,GATHER,GATHER,8.55e-322,0.001436733436837446,1.0,0.998529738602025,0.0,0.0,0.0,3.352796113766789e-05,0.998529738602025,0.008092504883414935
RCSE_000005424,4507005117_00010,EXECUTE,NATURAL_COMPLETE_EVIDENCE,NONE,,50294.0,R4_99_100,ood_test_r4,ESCALATE,EXECUTE,0.4276224860152901,0.5046569423998928,0.00232250103429593,0.014533823274263056,0.5700550129504139,0.48077604985258343,3.427984563244177e-24,3.318447326069061e-05,0.5046569423998928,0.5475460284491938
RCSE_000034619,4507001607_00040,EXECUTE,NATURAL_COMPLETE_EVIDENCE,NONE,,173205.0,R4_99_100,ood_test_r4,GATHER,GATHER,1.1725954429928284e-05,0.001434793590798254,0.9999835767502625,0.9971815456047864,4.697295307470966e-06,0.0013501781119968526,2.3172896798943306e-107,3.348269241839992e-05,0.9971815456047864,0.015490245654545019
RCSE_000002839,4507000890_00010,EXECUTE,NATURAL_COMPLETE_EVIDENCE,NONE,,2078460.0,R4_99_100,ood_test_r4,GATHER,GATHER,1.0897979940338874e-73,0.001436733436837446,1.0,0.998529738602025,4.365289526637813e-87,0.0,0.0,3.352796113766789e-05,0.998529738602025,0.008092504883414935
RCSE_000012075,4507001990_00020,EXECUTE,NATURAL_COMPLETE_EVIDENCE,NONE,,89373.0,R4_99_100,ood_test_r4,EXECUTE,EXECUTE,0.5515662800455258,0.4748920780243674,0.0256630348198667,0.07265700485068134,0.4227706851346076,0.4524196898849374,8.968462323701629e-38,3.1227240013723764e-05,0.4748920780243674,0.6515948289798453
RCSE_000022677,4507003502_00010,EXECUTE,NATURAL_COMPLETE_EVIDENCE,NONE,,57190.0,R4_99_100,ood_test_r4,ESCALATE,EXECUTE,0.4119968313521981,0.5046569423998928,0.001999107658179614,0.014533823274263056,0.5860040609896223,0.48077604985258343,3.9629241464338396e-26,3.318447326069061e-05,0.5046569423998928,0.5475460284491938
RCSE_000001592,4507003500_00010,EXECUTE,NATURAL_COMPLETE_EVIDENCE,NONE,,57190.0,R4_99_100,ood_test_r4,ESCALATE,EXECUTE,0.4146145038593803,0.5046569423998928,0.0019128772264829254,0.014533823274263056,0.5834726189141368,0.48077604985258343,5.544997066533749e-26,3.318447326069061e-05,0.5046569423998928,0.5475460284491938
RCSE_000016173,2000000070_00001,EXECUTE,NATURAL_COMPLETE_EVIDENCE,NONE,,242487.0,R4_99_100,ood_test_r4,GATHER,GATHER,1.993258830151401e-05,0.001434793590798254,0.9999769995839356,0.9971815456047864,3.067827762914944e-06,0.0013501781119968526,2.1688690522163386e-109,3.348269241839992e-05,0.9971815456047864,0.015490245654545019
RCSE_000019687,2000000071_00001,EXECUTE,NATURAL_COMPLETE_EVIDENCE,NONE,,207846.0,R4_99_100,ood_test_r4,GATHER,GATHER,0.0008831609125144132,0.0014415904104370656,0.9989018203224415,0.997168194188731,0.00021501876504423842,0.001356574096176297,4.833520670041281e-93,3.364130465562288e-05,0.997168194188731,0.015553957684369431
RCSE_000020487,2000000068_00001,EXECUTE,NATURAL_COMPLETE_EVIDENCE,NONE,,381051.0,R4_99_100,ood_test_r4,GATHER,GATHER,5.576562211386686e-11,0.001434793590798254,0.9999999999431151,0.9971815456047864,1.119425484967946e-12,0.0013501781119968526,7.793551992171267e-170,3.348269241839992e-05,0.9971815456047864,0.015490245654545019
RCSE_000012810,2000000059_00001,EXECUTE,NATURAL_COMPLETE_EVIDENCE,NONE,,190525.0,R4_99_100,ood_test_r4,GATHER,GATHER,0.0009088493470854218,0.0014367494348417906,0.9987419074455136,0.9938196238475974,0.0003492432074009916,0.004710098383089832,9.952743635909616e-90,3.352833447099068e-05,0.9938196238475974,0.02968176992737504
RCSE_000015189,2000000072_00001,EXECUTE,NATURAL_COMPLETE_EVIDENCE,NONE,,346410.0,R4_99_100,ood_test_r4,GATHER,GATHER,1.6912831213218839e-09,0.001434793590798254,0.9999999982539594,0.9971815456047864,5.475751830581939e-11,0.0013501781119968526,4.316038407171363e-154,3.348269241839992e-05,0.9971815456047864,0.015490245654545019
RCSE_000024229,4507006777_00010,EXECUTE,NATURAL_COMPLETE_EVIDENCE,NONE,,53592.0,R4_99_100,ood_test_r4,ESCALATE,EXECUTE,0.35516349721408347,0.5046569423998928,0.0005829146339908303,0.014533823274263056,0.6442535881519258,0.48077604985258343,2.3896661609066932e-24,3.318447326069061e-05,0.5046569423998928,0.5475460284491938
RCSE_000028905,4507001607_00020,EXECUTE,NATURAL_COMPLETE_EVIDENCE,NONE,,121243.0,R4_99_100,ood_test_r4,GATHER,GATHER,3.6207467813349093e-06,0.001434793590798254,0.999988632357511,0.9971815456047864,7.746895707621856e-06,0.0013501781119968526,5.247651946230881e-103,3.348269241839992e-05,0.9971815456047864,0.015490245654545019
RCSE_000028936,4507007356_00010,EXECUTE,NATURAL_COMPLETE_EVIDENCE,NONE,,53541.0,R4_99_100,ood_test_r4,ESCALATE,EXECUTE,0.35507247096696065,0.5046569423998928,0.000683730925499107,0.014533823274263056,0.6442437981075402,0.48077604985258343,2.9213402671049203e-24,3.318447326069061e-05,0.5046569423998928,0.5475460284491938
RCSE_000001236,4507004508_00010,EXECUTE,NATURAL_COMPLETE_EVIDENCE,NONE,,67342.0,R4_99_100,ood_test_r4,ESCALATE,EXECUTE,0.46840677086163324,0.4748920780243674,0.004346162325953434,0.07265700485068134,0.5272470668124134,0.4524196898849374,1.3269239255005445e-29,3.1227240013723764e-05,0.4748920780243674,0.6515948289798453
RCSE_000005443,4507006120_00010,EXECUTE,NATURAL_COMPLETE_EVIDENCE,NONE,,54271.0,R4_99_100,ood_test_r4,ESCALATE,EXECUTE,0.3551877857582791,0.5046569423998928,0.0004672341155318416,0.014533823274263056,0.644344980126189,0.48077604985258343,1.2708845212236413e-24,3.318447326069061e-05,0.5046569423998928,0.5475460284491938
RCSE_000008997,4507006774_00010,EXECUTE,NATURAL_COMPLETE_EVIDENCE,NONE,,60893.0,R4_99_100,ood_test_r4,ESCALATE,EXECUTE,0.3814313114208783,0.5046569423998928,0.0011094548541417122,0.014533823274263056,0.61745923372498,0.48077604985258343,4.631595631965646e-27,3.318447326069061e-05,0.5046569423998928,0.5475460284491938
RCSE_000001416,2000000047_00001,EXECUTE,NATURAL_COMPLETE_EVIDENCE,NONE,,649519.0,R4_99_100,ood_test_r4,GATHER,GATHER,2.328916611916006e-24,0.001436733436837446,1.0,0.998529738602025,7.242451981164713e-28,0.0,1.2186507944e-313,3.352796113766789e-05,0.998529738602025,0.008092504883414935
RCSE_000030323,2000000100_00001,EXECUTE,NATURAL_COMPLETE_EVIDENCE,NONE,,7815013.0,R4_99_100,ood_test_r4,GATHER,GATHER,9.179684211658533e-291,0.001436733436837446,1.0,0.998529738602025,0.0,0.0,0.0,3.352796113766789e-05,0.998529738602025,0.008092504883414935
RCSE_000005803,4507005476_00010,EXECUTE,NATURAL_COMPLETE_EVIDENCE,NONE,,54143.0,R4_99_100,ood_test_r4,ESCALATE,ESCALATE,0.19050078884396304,0.023698347704990706,6.401165682233203e-12,0.0,0.809499211149636,0.9762679223028087,1.327866076422612e-27,3.372999220056093e-05,0.9762679223028087,0.08113936897071444
RCSE_000038732,4507005603_00010,EXECUTE,NATURAL_COMPLETE_EVIDENCE,NONE,,57572.0,R4_99_100,ood_test_r4,ESCALATE,EXECUTE,0.41342034416536827,0.5046569423998928,0.00210706768185452,0.014533823274263056,0.5844725881527773,0.48077604985258343,2.891513961294939e-26,3.318447326069061e-05,0.5046569423998928,0.5475460284491938
RCSE_000041488,4507007812_00010,EXECUTE,NATURAL_COMPLETE_EVIDENCE,NONE,,1212435.0,R4_99_100,ood_test_r4,GATHER,GATHER,1.0668961364888924e-41,0.001436733436837446,1.0,0.998529738602025,3.495266809947399e-49,0.0,0.0,3.352796113766789e-05,0.998529738602025,0.008092504883414935
RCSE_000018312,4507004396_00010,EXECUTE,NATURAL_COMPLETE_EVIDENCE,NONE,,4156921.0,R4_99_100,ood_test_r4,GATHER,GATHER,4.494084550929683e-150,0.001436733436837446,1.0,0.998529738602025,6.406659932545547e-178,0.0,0.0,3.352796113766789e-05,0.998529738602025,0.008092504883414935
RCSE_000032048,4507008572_00010,EXECUTE,NATURAL_COMPLETE_EVIDENCE,NONE,,56951.0,R4_99_100,ood_test_r4,ESCALATE,EXECUTE,0.4145824385321376,0.5046569423998928,0.0024213198244666307,0.014533823274263056,0.5829962416433957,0.48077604985258343,7.517292739064989e-26,3.318447326069061e-05,0.5046569423998928,0.5475460284491938
RCSE_000009338,4507007132_00010,EXECUTE,NATURAL_COMPLETE_EVIDENCE,NONE,,179662.0,R4_99_100,ood_test_r4,EXECUTE,EXECUTE,0.6432127978661565,0.5120997090703223,3.1616343086082985e-11,0.0,0.35678720210222714,0.48786661704614465,3.444651615117987e-76,3.3673883532916135e-05,0.5120997090703223,0.5000457857569834
RCSE_000018958,4507007732_00010,EXECUTE,NATURAL_COMPLETE_EVIDENCE,NONE,,57711.0,R4_99_100,ood_test_r4,ESCALATE,EXECUTE,0.4302647010146588,0.5046569423998928,0.0018569495891443417,0.014533823274263056,0.5678783493961967,0.48077604985258343,3.218659608986473e-26,3.318447326069061e-05,0.5046569423998928,0.5475460284491938
RCSE_000003977,4507000879_00040,EXECUTE,NATURAL_COMPLETE_EVIDENCE,NONE,,86938.0,R4_99_100,ood_test_r4,ESCALATE,EXECUTE,0.36859189811527937,0.4748920780243674,0.016984368126706523,0.07265700485068134,0.6144237337580141,0.4524196898849374,3.93824718626945e-61,3.1227240013723764e-05,0.4748920780243674,0.6515948289798453
RCSE_000016867,4507000879_00050,EXECUTE,NATURAL_COMPLETE_EVIDENCE,NONE,,519615.0,R4_99_100,ood_test_r4,GATHER,GATHER,3.7457145639038586e-16,0.001436733436837446,0.9999999999999996,0.998529738602025,8.747687162832288e-19,0.0,5.988687712703999e-244,3.352796113766789e-05,0.998529738602025,0.008092504883414935
RCSE_000007798,4507007872_00010,EXECUTE,NATURAL_COMPLETE_EVIDENCE,NONE,,57459.0,R4_99_100,ood_test_r4,ESCALATE,EXECUTE,0.41663387586543515,0.5046569423998928,0.0020051496937937997,0.014533823274263056,0.581360974440771,0.48077604985258343,7.291429513540057e-26,3.318447326069061e-05,0.5046569423998928,0.5475460284491938
RCSE_000038440,4507007868_00010,EXECUTE,NATURAL_COMPLETE_EVIDENCE,NONE,,57459.0,R4_99_100,ood_test_r4,ESCALATE,EXECUTE,0.4151652000623794,0.5046569423998928,0.002157436389372052,0.014533823274263056,0.5826773635482486,0.48077604985258343,4.8576486021715914e-26,3.318447326069061e-05,0.5046569423998928,0.5475460284491938
RCSE_000040290,4507009742_00010,EXECUTE,NATURAL_COMPLETE_EVIDENCE,NONE,,57250.0,R4_99_100,ood_test_r4,ESCALATE,EXECUTE,0.41382565815934613,0.4999710950524757,0.0026983474161013017,0.023684086913201285,0.5834759944245524,0.4763119416859743,4.0137951083784443e-26,3.287634834861753e-05,0.4999710950524757,0.5690294860641211
RCSE_000016594,4507008597_00010,EXECUTE,NATURAL_COMPLETE_EVIDENCE,NONE,,53503.0,R4_99_100,ood_test_r4,ESCALATE,EXECUTE,0.35544745985988707,0.5046569423998928,0.0004195056179979757,0.014533823274263056,0.6441330345221149,0.48077604985258343,3.289155239878644e-24,3.318447326069061e-05,0.5046569423998928,0.5475460284491938
RCSE_000045074,4507000709_00020,EXECUTE,NATURAL_COMPLETE_EVIDENCE,NONE,,3342858.0,R4_99_100,ood_test_r4,GATHER,GATHER,2.2557887269216486e-122,0.001436733436837446,1.0,0.998529738602025,2.5800342182566816e-144,0.0,0.0,3.352796113766789e-05,0.998529738602025,0.008092504883414935
RCSE_000024238,4507009831_00010,EXECUTE,NATURAL_COMPLETE_EVIDENCE,NONE,,57250.0,R4_99_100,ood_test_r4,ESCALATE,EXECUTE,0.4123136126188642,0.5046569423998928,0.0022897726304357616,0.014533823274263056,0.5853966147507,0.48077604985258343,4.069009110783303e-26,3.318447326069061e-05,0.5046569423998928,0.5475460284491938
RCSE_000049419,2000000022_00001,EXECUTE,NATURAL_COMPLETE_EVIDENCE,NONE,,4312806.0,R4_99_100,ood_test_r4,GATHER,GATHER,2.5884194327082155e-156,0.001436733436837446,1.0,0.998529738602025,5.231432026677125e-185,0.0,0.0,3.352796113766789e-05,0.998529738602025,0.008092504883414935
RCSE_000036708,4507005688_00010,EXECUTE,NATURAL_COMPLETE_EVIDENCE,NONE,,185424.0,R4_99_100,ood_test_r4,GATHER,GATHER,0.018194706874503464,0.022445385124547246,0.9786456500564104,0.9468312186799488,0.0031596430690862217,0.030691449552024273,1.855444429209699e-85,3.194664347971098e-05,0.9468312186799488,0.17615305744566476
RCSE_000022903,2000000206_00001,EXECUTE,NATURAL_COMPLETE_EVIDENCE,NONE,,65817.0,R4_99_100,ood_test_r4,ESCALATE,EXECUTE,0.46402614150896726,0.4748920780243674,0.003708713488340669,0.07265700485068134,0.5322651450026922,0.4524196898849374,8.046379389401799e-37,3.1227240013723764e-05,0.4748920780243674,0.6515948289798453
RCSE_000022394,4507000396_00010,EXECUTE,NATURAL_COMPLETE_EVIDENCE,NONE,,55260.0,R4_99_100,ood_test_r4,ESCALATE,EXECUTE,0.43019725147372856,0.5120475043992396,0.00029796291489733956,0.00010194239551029911,0.5695047856113742,0.4878168827545135,3.9051689033987523e-25,3.367045073656265e-05,0.5120475043992396,0.5007442179902334
RCSE_000045084,4507007888_00020,EXECUTE,NATURAL_COMPLETE_EVIDENCE,NONE,,49883.0,R4_99_100,ood_test_r4,EXECUTE,EXECUTE,0.5940819055897325,0.5046569423998928,0.0006908355446002974,0.014533823274263056,0.4052272588656672,0.48077604985258343,1.4926382441387485e-31,3.318447326069061e-05,0.5046569423998928,0.5475460284491938
RCSE_000024631,4507005916_00010,EXECUTE,NATURAL_COMPLETE_EVIDENCE,NONE,,56513.0,R4_99_100,ood_test_r4,ESCALATE,EXECUTE,0.36434377713003313,0.5046569423998928,0.0006192013656098575,0.014533823274263056,0.6350370215043571,0.48077604985258343,1.1272909159964948e-25,3.318447326069061e-05,0.5046569423998928,0.5475460284491938
RCSE_000006509,4507005431_00010,EXECUTE,NATURAL_COMPLETE_EVIDENCE,NONE,,59062.0,R4_99_100,ood_test_r4,ESCALATE,EXECUTE,0.35967531339475706,0.5046569423998928,0.0021256643656386294,0.014533823274263056,0.6381990222396043,0.48077604985258343,2.6740448294722114e-26,3.318447326069061e-05,0.5046569423998928,0.5475460284491938
RCSE_000033324,4507000557_00010,EXECUTE,NATURAL_COMPLETE_EVIDENCE,NONE,,70494.0,R4_99_100,ood_test_r4,ESCALATE,EXECUTE,0.41881301317633085,0.5046569423998928,0.0005140508515803958,0.014533823274263056,0.5806729359720887,0.48077604985258343,3.935801853195454e-31,3.318447326069061e-05,0.5046569423998928,0.5475460284491938
RCSE_000003821,4507000387_00010,EXECUTE,NATURAL_COMPLETE_EVIDENCE,NONE,,165780.0,R4_99_100,ood_test_r4,EXECUTE,EXECUTE,0.7728507925837388,0.4748920780243674,0.02986997288599897,0.07265700485068134,0.19727923453026217,0.4524196898849374,2.7837297782995e-67,3.1227240013723764e-05,0.4748920780243674,0.6515948289798453
RCSE_000000044,4507009290_00010,EXECUTE,NATURAL_COMPLETE_EVIDENCE,NONE,,173205.0,R4_99_100,ood_test_r4,GATHER,GATHER,0.03150123928794939,0.01859343391192643,0.9594641616040241,0.784341350909634,0.009034599108026375,0.197038751038887,4.0499246804883975e-70,2.6464139552600493e-05,0.784341350909634,0.421958530007375
RCSE_000015450,4507008600_00010,EXECUTE,NATURAL_COMPLETE_EVIDENCE,NONE,,53503.0,R4_99_100,ood_test_r4,ESCALATE,EXECUTE,0.35362512464365203,0.5046569423998928,0.00043214525883544244,0.014533823274263056,0.6459427300975125,0.48077604985258343,2.3234222974494443e-24,3.318447326069061e-05,0.5046569423998928,0.5475460284491938
RCSE_000048173,4507002101_00010,EXECUTE,NATURAL_COMPLETE_EVIDENCE,NONE,,74990.0,R4_99_100,ood_test_r4,ESCALATE,EXECUTE,0.3290916502375835,0.5046569423998928,0.0009307379470360412,0.014533823274263056,0.6699776118153805,0.48077604985258343,6.904447340747619e-33,3.318447326069061e-05,0.5046569423998928,0.5475460284491938
RCSE_000049417,4507007858_00010,EXECUTE,NATURAL_COMPLETE_EVIDENCE,NONE,,59793.0,R4_99_100,ood_test_r4,ESCALATE,EXECUTE,0.44178067357110634,0.5046569423998928,0.001782990640420932,0.014533823274263056,0.5564363357884726,0.48077604985258343,1.1514215854600593e-26,3.318447326069061e-05,0.5046569423998928,0.5475460284491938
RCSE_000018413,4507002448_00010,EXECUTE,NATURAL_COMPLETE_EVIDENCE,NONE,,68852.0,R4_99_100,ood_test_r4,ESCALATE,EXECUTE,0.3917724908126014,0.4748920780243674,0.0036745954948146147,0.07265700485068134,0.6045529136925839,0.4524196898849374,6.273656014255065e-30,3.1227240013723764e-05,0.4748920780243674,0.6515948289798453
RCSE_000010207,4507003082_00010,EXECUTE,NATURAL_COMPLETE_EVIDENCE,NONE,,58799.0,R4_99_100,ood_test_r4,ESCALATE,EXECUTE,0.44637059588223166,0.5046569423998928,0.0016504785557169151,0.014533823274263056,0.5519789255620514,0.48077604985258343,3.306644545552494e-26,3.318447326069061e-05,0.5046569423998928,0.5475460284491938
RCSE_000011746,4507005760_00020,EXECUTE,NATURAL_COMPLETE_EVIDENCE,NONE,,58259.0,R4_99_100,ood_test_r4,ESCALATE,EXECUTE,0.4513739609035995,0.5010736109846297,0.0026883073425778463,0.021531154754431913,0.5459377317538227,0.477362285415003,2.722910317747837e-26,3.29488459353862e-05,0.5010736109846297,0.5642558860056015
RCSE_000018555,4507001991_00010,EXECUTE,NATURAL_COMPLETE_EVIDENCE,NONE,,69152.0,R4_99_100,ood_test_r4,ESCALATE,EXECUTE,0.421848652024343,0.4748920780243674,0.007625910091957937,0.07265700485068134,0.570525437883699,0.4524196898849374,3.1874764297107214e-32,3.1227240013723764e-05,0.4748920780243674,0.6515948289798453
RCSE_000005208,4507007814_00010,EXECUTE,NATURAL_COMPLETE_EVIDENCE,NONE,,606217.0,R4_99_100,ood_test_r4,GATHER,GATHER,8.936854761378068e-18,0.001436733436837446,1.0,0.998529738602025,2.640270937663177e-21,0.0,1.8734771426881073e-258,3.352796113766789e-05,0.998529738602025,0.008092504883414935
RCSE_000014527,4507003965_00170,EXECUTE,NATURAL_COMPLETE_EVIDENCE,NONE,,77961.0,R4_99_100,ood_test_r4,ESCALATE,EXECUTE,0.4583326276891772,0.5046569423998928,0.0006963987387619869,0.014533823274263056,0.5409709735720607,0.48077604985258343,3.856361541973329e-41,3.318447326069061e-05,0.5046569423998928,0.5475460284491938
RCSE_000030247,4507004494_00010,EXECUTE,NATURAL_COMPLETE_EVIDENCE,NONE,,127742.0,R4_99_100,ood_test_r4,EXECUTE,EXECUTE,0.469361952561624,0.3532671186467085,0.32836188239342273,0.31015950138296733,0.20227616504495316,0.33655015036171737,1.3458054445963396e-52,2.322960860671875e-05,0.3532671186467085,0.791630578941228
RCSE_000007385,4507005406_00010,EXECUTE,NATURAL_COMPLETE_EVIDENCE,NONE,,109493.0,R4_99_100,ood_test_r4,EXECUTE,EXECUTE,0.5195135684553147,0.4550543465074578,0.10866827132938042,0.11139503021086652,0.37181816021530484,0.4335207005014161,2.323641638270167e-45,2.992278025944974e-05,0.4550543465074578,0.6963979222287732
RCSE_000000973,4507010302_00010,EXECUTE,NATURAL_COMPLETE_EVIDENCE,NONE,,130700.0,R4_99_100,ood_test_r4,GATHER,EXECUTE,0.2819212423134133,0.3532671186467085,0.6141355453736438,0.31015950138296733,0.10394321231294289,0.33655015036171737,1.1132144669680278e-53,2.322960860671875e-05,0.3532671186467085,0.791630578941228
RCSE_000006590,4507004422_00030,EXECUTE,NATURAL_COMPLETE_EVIDENCE,NONE,,242487.0,R4_99_100,ood_test_r4,GATHER,GATHER,0.00036466969075596564,0.0014415904104370656,0.999616590893797,0.997168194188731,1.8739415447117485e-05,0.001356574096176297,4.203741908100313e-105,3.364130465562288e-05,0.997168194188731,0.015553957684369431
RCSE_000039332,4507007114_00010,EXECUTE,NATURAL_COMPLETE_EVIDENCE,NONE,,233826.0,R4_99_100,ood_test_r4,GATHER,GATHER,0.00018888525945016092,0.0014415904104370656,0.9997998778361403,0.997168194188731,1.123690440951542e-05,0.001356574096176297,3.6483494074382335e-106,3.364130465562288e-05,0.997168194188731,0.015553957684369431
RCSE_000011970,4507010927_00030,EXECUTE,NATURAL_COMPLETE_EVIDENCE,NONE,,74876.0,R4_99_100,ood_test_r4,ESCALATE,EXECUTE,0.3361594387917566,0.4748920780243674,0.006278208848892131,0.07265700485068134,0.6575623523593511,0.4524196898849374,2.466099881068679e-32,3.1227240013723764e-05,0.4748920780243674,0.6515948289798453
RCSE_000027788,4507007881_00010,EXECUTE,NATURAL_COMPLETE_EVIDENCE,NONE,,601021.0,R4_99_100,ood_test_r4,GATHER,GATHER,1.3385664388689486e-18,0.001436733436837446,1.0,0.998529738602025,2.872686479107719e-22,0.0,9.637959134148081e-259,3.352796113766789e-05,0.998529738602025,0.008092504883414935
RCSE_000012148,4507011831_00010,EXECUTE,NATURAL_COMPLETE_EVIDENCE,NONE,,53787.0,R4_99_100,ood_test_r4,ESCALATE,EXECUTE,0.35597285915125626,0.5046569423998928,0.0004143057323575888,0.014533823274263056,0.6436128351163861,0.48077604985258343,2.746956690146725e-24,3.318447326069061e-05,0.5046569423998928,0.5475460284491938
RCSE_000002377,4507011099_00010,EXECUTE,NATURAL_COMPLETE_EVIDENCE,NONE,,59793.0,R4_99_100,ood_test_r4,ESCALATE,EXECUTE,0.43410483774019165,0.4748920780243674,0.0043273237415138366,0.07265700485068134,0.5615678385182945,0.4524196898849374,2.939841296239912e-26,3.1227240013723764e-05,0.4748920780243674,0.6515948289798453
RCSE_000013871,4507009835_00010,EXECUTE,NATURAL_COMPLETE_EVIDENCE,NONE,,57250.0,R4_99_100,ood_test_r4,ESCALATE,EXECUTE,0.41444243227518834,0.5046569423998928,0.001581126022503701,0.014533823274263056,0.5839764417023079,0.48077604985258343,4.768567879535326e-26,3.318447326069061e-05,0.5046569423998928,0.5475460284491938
RCSE_000000421,4507011478_00010,EXECUTE,NATURAL_COMPLETE_EVIDENCE,NONE,,57439.0,R4_99_100,ood_test_r4,ESCALATE,EXECUTE,0.41510880442807646,0.5046569423998928,0.0018261182487447165,0.014533823274263056,0.5830650773231788,0.48077604985258343,4.4277633326714297e-26,3.318447326069061e-05,0.5046569423998928,0.5475460284491938
RCSE_000049813,4507004484_00010,EXECUTE,NATURAL_COMPLETE_EVIDENCE,NONE,,127742.0,R4_99_100,ood_test_r4,EXECUTE,EXECUTE,0.5002797429074393,0.3532671186467085,0.29013555821808895,0.31015950138296733,0.2095846988744718,0.33655015036171737,2.279197683898725e-52,2.322960860671875e-05,0.3532671186467085,0.791630578941228
RCSE_000030984,4507011832_00010,EXECUTE,NATURAL_COMPLETE_EVIDENCE,NONE,,53787.0,R4_99_100,ood_test_r4,ESCALATE,EXECUTE,0.35693058499567576,0.5046569423998928,0.0004152948725081185,0.014533823274263056,0.6426541201318161,0.48077604985258343,2.5431507081653735e-24,3.318447326069061e-05,0.5046569423998928,0.5475460284491938
RCSE_000048567,4507004475_00010,EXECUTE,NATURAL_COMPLETE_EVIDENCE,NONE,,127742.0,R4_99_100,ood_test_r4,EXECUTE,EXECUTE,0.5127601948886314,0.35816081824145224,0.2691840627901881,0.30060335536673966,0.21805574232118047,0.3412122749906533,2.8923628993988445e-52,2.3551401154692742e-05,0.35816081824145224,0.79074393785722
RCSE_000000639,4507012638_00010,EXECUTE,NATURAL_COMPLETE_EVIDENCE,NONE,,55709.0,R4_99_100,ood_test_r4,ESCALATE,EXECUTE,0.3614105402603312,0.5120475043992396,0.00019996416086020085,0.00010194239551029911,0.6383894955788085,0.4878168827545135,3.9048356082129766e-26,3.367045073656265e-05,0.5120475043992396,0.5007442179902334
RCSE_000032713,2000000017_00001,EXECUTE,NATURAL_COMPLETE_EVIDENCE,NONE,,372390.0,R4_99_100,ood_test_r4,GATHER,GATHER,5.198107358459956e-10,0.001434793590798254,0.9999999994729822,0.9971815456047864,7.207018301859356e-12,0.0013501781119968526,4.7915827221468955e-170,3.348269241839992e-05,0.9971815456047864,0.015490245654545019
RCSE_000018762,2000013445_00001,EXECUTE,NATURAL_COMPLETE_EVIDENCE,NONE,,49363.0,R4_99_100,ood_test_r4,ESCALATE,EXECUTE,0.32949249960105703,0.5120475043992396,8.0400220754117e-05,0.00010194239551029911,0.6704271001781887,0.4878168827545135,1.45770320233706e-24,3.367045073656265e-05,0.5120475043992396,0.5007442179902334
RCSE_000028897,4507014404_00010,EXECUTE,NATURAL_COMPLETE_EVIDENCE,NONE,,56912.0,R4_99_100,ood_test_r4,ESCALATE,EXECUTE,0.41171559874145175,0.5046569423998928,0.0021778072997373256,0.014533823274263056,0.586106593958811,0.48077604985258343,5.0957172732189704e-26,3.318447326069061e-05,0.5046569423998928,0.5475460284491938
RCSE_000026509,4507006539_00010,EXECUTE,NATURAL_COMPLETE_EVIDENCE,NONE,,53442.0,R4_99_100,ood_test_r4,ESCALATE,EXECUTE,0.4300652185529154,0.5120475043992396,0.00014035999708254975,0.00010194239551029911,0.569794421450002,0.4878168827545135,7.603769993953663e-26,3.367045073656265e-05,0.5120475043992396,0.5007442179902334
RCSE_000012403,4507004434_00010,EXECUTE,NATURAL_COMPLETE_EVIDENCE,NONE,,51961.0,R4_99_100,ood_test_r4,ESCALATE,EXECUTE,0.2870600969171293,0.5046569423998928,0.0003688430718767856,0.014533823274263056,0.7125710600109939,0.48077604985258343,1.6880844706068612e-31,3.318447326069061e-05,0.5046569423998928,0.5475460284491938
RCSE_000047074,4507005149_00010,EXECUTE,NATURAL_COMPLETE_EVIDENCE,NONE,,109493.0,R4_99_100,ood_test_r4,EXECUTE,EXECUTE,0.5902065189434791,0.4748920780243674,0.07559015706556013,0.07265700485068134,0.33420332399096087,0.4524196898849374,2.6464690643528325e-45,3.1227240013723764e-05,0.4748920780243674,0.6515948289798453
RCSE_000047615,4507004495_00010,EXECUTE,NATURAL_COMPLETE_EVIDENCE,NONE,,127742.0,R4_99_100,ood_test_r4,EXECUTE,EXECUTE,0.525530740869166,0.3823252181387167,0.2499926409032331,0.2534164511969773,0.22447661822760104,0.364233190296836,3.0040465768485465e-52,2.5140367469984197e-05,0.3823252181387167,0.7816501082366815
RCSE_000048337,4507015607_00010,EXECUTE,NATURAL_COMPLETE_EVIDENCE,NONE,,56909.0,R4_99_100,ood_test_r4,ESCALATE,EXECUTE,0.4112999229746866,0.5046569423998928,0.00231415273297584,0.014533823274263056,0.5863859242923375,0.48077604985258343,5.483966754435238e-26,3.318447326069061e-05,0.5046569423998928,0.5475460284491938
RCSE_000010319,4507013710_00010,EXECUTE,NATURAL_COMPLETE_EVIDENCE,NONE,,59908.0,R4_99_100,ood_test_r4,ESCALATE,EXECUTE,0.37359641171678015,0.5046569423998928,0.0006322290754937079,0.014533823274263056,0.6257713592077262,0.48077604985258343,1.0363271075833219e-26,3.318447326069061e-05,0.5046569423998928,0.5475460284491938
RCSE_000048040,4507013220_00010,EXECUTE,NATURAL_COMPLETE_EVIDENCE,NONE,,89373.0,R4_99_100,ood_test_r4,EXECUTE,EXECUTE,0.5473441415427412,0.4748920780243674,0.02781990874314667,0.07265700485068134,0.4248359497141122,0.4524196898849374,6.821339609639093e-38,3.1227240013723764e-05,0.4748920780243674,0.6515948289798453
RCSE_000040742,4507003712_00070,EXECUTE,NATURAL_COMPLETE_EVIDENCE,NONE,,49741.0,R4_99_100,ood_test_r4,ESCALATE,EXECUTE,0.39916336546250936,0.5046569423998928,0.0008169170453717703,0.014533823274263056,0.6000197174921189,0.48077604985258343,2.315116542908068e-22,3.318447326069061e-05,0.5046569423998928,0.5475460284491938
RCSE_000010888,4507004486_00010,EXECUTE,NATURAL_COMPLETE_EVIDENCE,NONE,,129293.0,R4_99_100,ood_test_r4,EXECUTE,EXECUTE,0.4406911210013479,0.3532671186467085,0.36759466115800105,0.31015950138296733,0.1917142178406509,0.33655015036171737,1.261667789019614e-52,2.322960860671875e-05,0.3532671186467085,0.791630578941228
RCSE_000007695,4507013709_00010,EXECUTE,NATURAL_COMPLETE_EVIDENCE,NONE,,50350.0,R4_99_100,ood_test_r4,ESCALATE,EXECUTE,0.3317249141152534,0.5046569423998928,0.0005744482883176809,0.014533823274263056,0.667700637596429,0.48077604985258343,9.891195586718778e-23,3.318447326069061e-05,0.5046569423998928,0.5475460284491938
RCSE_000049928,4507002887_00010,EXECUTE,NATURAL_COMPLETE_EVIDENCE,NONE,,57746.0,R4_99_100,ood_test_r4,ESCALATE,EXECUTE,0.4190490855076204,0.5046569423998928,0.0007383686361653076,0.014533823274263056,0.5802125458562144,0.48077604985258343,4.2339809725695147e-26,3.318447326069061e-05,0.5046569423998928,0.5475460284491938
RCSE_000007759,4507005904_00010,EXECUTE,NATURAL_COMPLETE_EVIDENCE,NONE,,62349.0,R4_99_100,ood_test_r4,ESCALATE,EXECUTE,0.4702583883420705,0.4748920780243674,0.0033079326557114252,0.07265700485068134,0.526433679002218,0.4524196898849374,9.323152756130498e-28,3.1227240013723764e-05,0.4748920780243674,0.6515948289798453
RCSE_000015357,4507016630_00010,EXECUTE,NATURAL_COMPLETE_EVIDENCE,NONE,,56776.0,R4_99_100,ood_test_r4,ESCALATE,EXECUTE,0.414215987660208,0.5046569423998928,0.0021581529780944544,0.014533823274263056,0.5836258593616975,0.48077604985258343,8.011540112311353e-26,3.318447326069061e-05,0.5046569423998928,0.5475460284491938
RCSE_000007367,4507017329_00010,EXECUTE,NATURAL_COMPLETE_EVIDENCE,NONE,,56618.0,R4_99_100,ood_test_r4,ESCALATE,EXECUTE,0.4107311780230047,0.5046569423998928,0.002374221306795165,0.014533823274263056,0.5868946006702002,0.48077604985258343,6.994356114919781e-26,3.318447326069061e-05,0.5046569423998928,0.5475460284491938
RCSE_000020556,4507017330_00010,EXECUTE,NATURAL_COMPLETE_EVIDENCE,NONE,,56618.0,R4_99_100,ood_test_r4,ESCALATE,EXECUTE,0.41275950249622123,0.5046569423998928,0.002238237291017449,0.014533823274263056,0.5850022602127614,0.48077604985258343,1.0144169411245105e-25,3.318447326069061e-05,0.5046569423998928,0.5475460284491938
RCSE_000028189,4507004422_00040,EXECUTE,NATURAL_COMPLETE_EVIDENCE,NONE,,138564.0,R4_99_100,ood_test_r4,GATHER,EXECUTE,0.3015376787035096,0.3532671186467085,0.6013358420022227,0.31015950138296733,0.0971264792942678,0.33655015036171737,1.4046538458401854e-69,2.322960860671875e-05,0.3532671186467085,0.791630578941228
RCSE_000042247,4507003573_00010,EXECUTE,NATURAL_COMPLETE_EVIDENCE,NONE,,63932.0,R4_99_100,ood_test_r4,ESCALATE,EXECUTE,0.42971710302536,0.4748920780243674,0.004505610547442919,0.07265700485068134,0.565777286427197,0.4524196898849374,7.957285665286191e-29,3.1227240013723764e-05,0.4748920780243674,0.6515948289798453
RCSE_000011413,4507020649_00010,EXECUTE,NATURAL_COMPLETE_EVIDENCE,NONE,,59569.0,R4_99_100,ood_test_r4,ESCALATE,EXECUTE,0.3899627283642281,0.5046569423998928,0.0004952905713517401,0.014533823274263056,0.6095419810644203,0.48077604985258343,2.6382484681067815e-27,3.318447326069061e-05,0.5046569423998928,0.5475460284491938
RCSE_000017905,4507014227_00040,EXECUTE,NATURAL_COMPLETE_EVIDENCE,NONE,,66471.0,R4_99_100,ood_test_r4,ESCALATE,EXECUTE,0.49567653036441456,0.4748920780243674,0.004886290524439597,0.07265700485068134,0.4994371791111457,0.4524196898849374,2.2108387451522676e-29,3.1227240013723764e-05,0.4748920780243674,0.6515948289798453
RCSE_000019946,2000013423_00001,EXECUTE,NATURAL_COMPLETE_EVIDENCE,NONE,,342656.0,R4_99_100,ood_test_r4,GATHER,GATHER,6.787674777126829e-08,0.001434793590798254,0.999999930699427,0.9971815456047864,1.4238251011929648e-09,0.0013501781119968526,1.2705870863792907e-143,3.348269241839992e-05,0.9971815456047864,0.015490245654545019
RCSE_000032206,4507019491_00010,EXECUTE,NATURAL_COMPLETE_EVIDENCE,NONE,,54282.0,R4_99_100,ood_test_r4,ESCALATE,EXECUTE,0.3562438020782137,0.5046569423998928,0.0005748822222237408,0.014533823274263056,0.6431813156995625,0.48077604985258343,1.4068467179764882e-24,3.318447326069061e-05,0.5046569423998928,0.5475460284491938
RCSE_000016746,4507017266_00110,EXECUTE,NATURAL_COMPLETE_EVIDENCE,NONE,,66683.0,R4_99_100,ood_test_r4,EXECUTE,EXECUTE,0.49925407625914814,0.5046569423998928,0.0020114373081735215,0.014533823274263056,0.4987344864326784,0.48077604985258343,8.182046305509104e-30,3.318447326069061e-05,0.5046569423998928,0.5475460284491938
RCSE_000046286,4507018225_00010,EXECUTE,NATURAL_COMPLETE_EVIDENCE,NONE,,51268.0,R4_99_100,ood_test_r4,ESCALATE,EXECUTE,0.33953192491982365,0.5046569423998928,0.000389725071040334,0.014533823274263056,0.660078350009136,0.48077604985258343,9.05748385037451e-24,3.318447326069061e-05,0.5046569423998928,0.5475460284491938
RCSE_000015730,4507011269_00010,EXECUTE,NATURAL_COMPLETE_EVIDENCE,NONE,,127742.0,R4_99_100,ood_test_r4,EXECUTE,EXECUTE,0.4660508479626505,0.3532671186467085,0.3379180245516885,0.31015950138296733,0.196031127485661,0.33655015036171737,2.828010524044086e-52,2.322960860671875e-05,0.3532671186467085,0.791630578941228
RCSE_000030480,4507001269_00010,EXECUTE,NATURAL_COMPLETE_EVIDENCE,NONE,,3117691.0,R4_99_100,ood_test_r4,GATHER,GATHER,2.284337062659529e-109,0.001436733436837446,1.0,0.998529738602025,1.961196836805445e-130,0.0,0.0,3.352796113766789e-05,0.998529738602025,0.008092504883414935
RCSE_000041044,4507005000_00010,EXECUTE,NATURAL_COMPLETE_EVIDENCE,NONE,,69282.0,R4_99_100,ood_test_r4,EXECUTE,EXECUTE,0.591560405176743,0.5120475043992396,1.0278885701325079e-05,0.00010194239551029911,0.40842931593755566,0.4878168827545135,1.611767015878126e-35,3.367045073656265e-05,0.5120475043992396,0.5007442179902334
RCSE_000021299,4507008905_00160,EXECUTE,NATURAL_COMPLETE_EVIDENCE,NONE,,51274.0,R4_99_100,ood_test_r4,ESCALATE,EXECUTE,0.384865638010049,0.5046569423998928,0.0018621798609461259,0.014533823274263056,0.6132721821290048,0.48077604985258343,8.993239212875707e-25,3.318447326069061e-05,0.5046569423998928,0.5475460284491938
RCSE_000009804,4507020297_00010,EXECUTE,NATURAL_COMPLETE_EVIDENCE,NONE,,67723.0,R4_99_100,ood_test_r4,ESCALATE,EXECUTE,0.44805739862085187,0.4748920780243674,0.0067392054144330684,0.07265700485068134,0.545203395964715,0.4524196898849374,3.912042281920407e-30,3.1227240013723764e-05,0.4748920780243674,0.6515948289798453
RCSE_000005903,4507011270_00010,EXECUTE,NATURAL_COMPLETE_EVIDENCE,NONE,,127742.0,R4_99_100,ood_test_r4,EXECUTE,EXECUTE,0.476557427757599,0.3532671186467085,0.3225775677507421,0.31015950138296733,0.2008650044916589,0.33655015036171737,2.8626468234165172e-52,2.322960860671875e-05,0.3532671186467085,0.791630578941228
RCSE_000005659,4507018591_00010,EXECUTE,NATURAL_COMPLETE_EVIDENCE,NONE,,55687.0,R4_99_100,ood_test_r4,ESCALATE,EXECUTE,0.36025143811011096,0.5046569423998928,0.00040299722885236646,0.014533823274263056,0.6393455646610366,0.48077604985258343,5.505990056513834e-25,3.318447326069061e-05,0.5046569423998928,0.5475460284491938
RCSE_000006262,4507007826_00010,EXECUTE,NATURAL_COMPLETE_EVIDENCE,NONE,,100458.0,R4_99_100,ood_test_r4,EXECUTE,EXECUTE,0.5278478048622404,0.4748920780243674,0.025750018518417093,0.07265700485068134,0.4464021766193425,0.4524196898849374,5.352492423424322e-42,3.1227240013723764e-05,0.4748920780243674,0.6515948289798453
RCSE_000020932,4507015576_00010,EXECUTE,NATURAL_COMPLETE_EVIDENCE,NONE,,65835.0,R4_99_100,ood_test_r4,ESCALATE,EXECUTE,0.47483079112428506,0.4748920780243674,0.0037865213992437467,0.07265700485068134,0.5213826874764712,0.4524196898849374,2.13355375171877e-29,3.1227240013723764e-05,0.4748920780243674,0.6515948289798453
RCSE_000042220,4507011578_00010,EXECUTE,NATURAL_COMPLETE_EVIDENCE,NONE,,109493.0,R4_99_100,ood_test_r4,EXECUTE,EXECUTE,0.5512847204941492,0.45663925720084997,0.09371736538215182,0.10830010423196018,0.3549979141236989,0.43503061156875344,6.677996767062326e-45,3.0026998436406428e-05,0.45663925720084997,0.6932743605817127
RCSE_000011715,4507011272_00010,EXECUTE,NATURAL_COMPLETE_EVIDENCE,NONE,,127742.0,R4_99_100,ood_test_r4,EXECUTE,EXECUTE,0.4935194424401413,0.3532671186467085,0.298147716097896,0.31015950138296733,0.2083328414619627,0.33655015036171737,2.812208131401482e-52,2.322960860671875e-05,0.3532671186467085,0.791630578941228
RCSE_000022981,4507015217_00140,EXECUTE,NATURAL_COMPLETE_EVIDENCE,NONE,,88327.0,R4_99_100,ood_test_r4,GATHER,ESCALATE,0.16025832254447017,0.024614724099847742,0.6217384243616847,0.46777428448735175,0.21800325309384513,0.507575957136899,1.6887176446889303e-46,3.5034275901521095e-05,0.507575957136899,0.5706831481022571
RCSE_000000331,4507023892_00010,EXECUTE,NATURAL_COMPLETE_EVIDENCE,NONE,,50086.0,R4_99_100,ood_test_r4,ESCALATE,EXECUTE,0.3439730203272363,0.5046569423998928,0.00043164737695603,0.014533823274263056,0.6555953322958076,0.48077604985258343,7.724869225984398e-23,3.318447326069061e-05,0.5046569423998928,0.5475460284491938
RCSE_000022773,4507022286_00010,EXECUTE,NATURAL_COMPLETE_EVIDENCE,NONE,,59409.0,R4_99_100,ood_test_r4,ESCALATE,EXECUTE,0.44939286400531087,0.5043475759374434,0.002658751659266766,0.015137936998543437,0.5479483843354224,0.4804813229336077,1.6214585439324056e-26,3.3164130405498563e-05,0.5043475759374434,0.5490723851310761
RCSE_000031278,4507023331_00010,EXECUTE,NATURAL_COMPLETE_EVIDENCE,NONE,,56675.0,R4_99_100,ood_test_r4,ESCALATE,EXECUTE,0.41473498314036433,0.5046569423998928,0.0021487535480839578,0.014533823274263056,0.5831162633115516,0.48077604985258343,1.442890028761796e-25,3.318447326069061e-05,0.5046569423998928,0.5475460284491938
RCSE_000040740,4507023330_00010,EXECUTE,NATURAL_COMPLETE_EVIDENCE,NONE,,56675.0,R4_99_100,ood_test_r4,ESCALATE,EXECUTE,0.4106883888673554,0.5046569423998928,0.0024188394140867834,0.014533823274263056,0.5868927717185578,0.48077604985258343,6.851145320660838e-26,3.318447326069061e-05,0.5046569423998928,0.5475460284491938
RCSE_000025654,4507023329_00010,EXECUTE,NATURAL_COMPLETE_EVIDENCE,NONE,,56675.0,R4_99_100,ood_test_r4,ESCALATE,EXECUTE,0.4108708241915219,0.5046569423998928,0.002429969322349572,0.014533823274263056,0.5866992064861286,0.48077604985258343,6.775461979527838e-26,3.318447326069061e-05,0.5046569423998928,0.5475460284491938
RCSE_000045593,4507017954_00010,EXECUTE,NATURAL_COMPLETE_EVIDENCE,NONE,,58132.0,R4_99_100,ood_test_r4,ESCALATE,EXECUTE,0.4295691526134819,0.5046569423998928,0.0010933611269641802,0.014533823274263056,0.5693374862595539,0.48077604985258343,3.225033821563072e-26,3.318447326069061e-05,0.5046569423998928,0.5475460284491938
RCSE_000034771,4507010586_00010,EXECUTE,NATURAL_COMPLETE_EVIDENCE,NONE,,111637.0,R4_99_100,ood_test_r4,EXECUTE,EXECUTE,0.5910654274694753,0.46780670956118636,0.08705067136150334,0.08649292066489657,0.3218839011690214,0.44566960844292103,2.06815261234777e-46,3.0761330996024655e-05,0.46780670956118636,0.6691223748453841
RCSE_000035562,4507010587_00010,EXECUTE,NATURAL_COMPLETE_EVIDENCE,NONE,,111637.0,R4_99_100,ood_test_r4,EXECUTE,EXECUTE,0.5911532654048176,0.4689401134817734,0.08661389522430483,0.08427967214998411,0.3222328393708776,0.4467493785085738,2.0978520423990304e-46,3.083585966874521e-05,0.4689401134817734,0.666443199289937
RCSE_000032396,4507010588_00010,EXECUTE,NATURAL_COMPLETE_EVIDENCE,NONE,,111637.0,R4_99_100,ood_test_r4,EXECUTE,EXECUTE,0.5911499644146336,0.46889232126274627,0.08663227011286727,0.08437299815306619,0.32221776547249914,0.44670384786716766,2.0965027177368637e-46,3.083271701978683e-05,0.46889232126274627,0.6665570890651689
RCSE_000030885,4507011274_00010,EXECUTE,NATURAL_COMPLETE_EVIDENCE,NONE,,127742.0,R4_99_100,ood_test_r4,EXECUTE,EXECUTE,0.5097413114435008,0.35816081824145224,0.2741813408869938,0.30060335536673966,0.21607734766950543,0.3412122749906533,2.8919034269939116e-52,2.3551401154692742e-05,0.35816081824145224,0.79074393785722
RCSE_000030018,4507023291_00010,EXECUTE,NATURAL_COMPLETE_EVIDENCE,NONE,,56752.0,R4_99_100,ood_test_r4,ESCALATE,EXECUTE,0.41025594783407104,0.5046569423998928,0.0017582338122696087,0.014533823274263056,0.5879858183536594,0.48077604985258343,9.219773355662282e-26,3.318447326069061e-05,0.5046569423998928,0.5475460284491938
RCSE_000015746,4507020923_00010,EXECUTE,NATURAL_COMPLETE_EVIDENCE,NONE,,51615.0,R4_99_100,ood_test_r4,ESCALATE,EXECUTE,0.41237441801662045,0.5046569423998928,0.0008434718578883578,0.014533823274263056,0.5867821101254912,0.48077604985258343,5.218198731472462e-24,3.318447326069061e-05,0.5046569423998928,0.5475460284491938
RCSE_000025231,4507018070_00010,EXECUTE,NATURAL_COMPLETE_EVIDENCE,NONE,,55557.0,R4_99_100,ood_test_r4,ESCALATE,EXECUTE,0.3558127113492991,0.5120475043992396,0.00016381230110331673,0.00010194239551029911,0.6440234763495977,0.4878168827545135,1.0712845127438903e-26,3.367045073656265e-05,0.5120475043992396,0.5007442179902334
RCSE_000042331,4507027474_00010,EXECUTE,NATURAL_COMPLETE_EVIDENCE,NONE,,372741.0,R4_99_100,ood_test_r4,GATHER,GATHER,6.083011767999065e-29,0.001436733436837446,1.0,0.998529738602025,6.0588141835844715e-28,0.0,3.56236e-319,3.352796113766789e-05,0.998529738602025,0.008092504883414935
RCSE_000048206,2000013457_00001,EXECUTE,NATURAL_COMPLETE_EVIDENCE,NONE,,93184.0,R4_99_100,ood_test_r4,ESCALATE,EXECUTE,0.4531437343855518,0.4748920780243674,0.006122587057247295,0.07265700485068134,0.5407336785572008,0.4524196898849374,3.8406843527542726e-44,3.1227240013723764e-05,0.4748920780243674,0.6515948289798453
RCSE_000027629,4507008905_00130,EXECUTE,NATURAL_COMPLETE_EVIDENCE,NONE,,98618.0,R4_99_100,ood_test_r4,EXECUTE,EXECUTE,0.5297197158025361,0.4748920780243674,0.04616977938267331,0.07265700485068134,0.4241105048147906,0.4524196898849374,3.427416562698931e-40,3.1227240013723764e-05,0.4748920780243674,0.6515948289798453
RCSE_000029921,4507023208_00010,EXECUTE,NATURAL_COMPLETE_EVIDENCE,NONE,,51615.0,R4_99_100,ood_test_r4,ESCALATE,EXECUTE,0.4147171763919865,0.5046569423998928,0.0009294668341959522,0.014533823274263056,0.5843533567738175,0.48077604985258343,8.207441356305785e-24,3.318447326069061e-05,0.5046569423998928,0.5475460284491938
RCSE_000002944,4507022350_00010,EXECUTE,NATURAL_COMPLETE_EVIDENCE,NONE,,55780.0,R4_99_100,ood_test_r4,ESCALATE,EXECUTE,0.36170371244216704,0.5046569423998928,0.0004911725402760725,0.014533823274263056,0.6378051150175569,0.48077604985258343,3.1523666507281547e-25,3.318447326069061e-05,0.5046569423998928,0.5475460284491938
RCSE_000020190,4507004491_00010,EXECUTE,NATURAL_COMPLETE_EVIDENCE,NONE,,127742.0,R4_99_100,ood_test_r4,EXECUTE,EXECUTE,0.6084292097918479,0.4550543465074578,0.12030082668401897,0.11139503021086652,0.2712699635241332,0.4335207005014161,1.3418058265018173e-52,2.992278025944974e-05,0.4550543465074578,0.6963979222287732
RCSE_000004725,4507010592_00010,EXECUTE,NATURAL_COMPLETE_EVIDENCE,NONE,,111637.0,R4_99_100,ood_test_r4,EXECUTE,EXECUTE,0.6036305098916886,0.4748920780243674,0.06623574697562615,0.07265700485068134,0.330133743132685,0.4524196898849374,1.8540162800632182e-46,3.1227240013723764e-05,0.4748920780243674,0.6515948289798453
RCSE_000013913,4507017974_00010,EXECUTE,NATURAL_COMPLETE_EVIDENCE,NONE,,127742.0,R4_99_100,ood_test_r4,EXECUTE,EXECUTE,0.49648567220658646,0.3532671186467085,0.29290556822357194,0.31015950138296733,0.21060875956984176,0.33655015036171737,2.9063215846680956e-52,2.322960860671875e-05,0.3532671186467085,0.791630578941228
RCSE_000032616,4507018553_00010,EXECUTE,NATURAL_COMPLETE_EVIDENCE,NONE,,63249.0,R4_99_100,ood_test_r4,ESCALATE,EXECUTE,0.37497268754447843,0.5046569423998928,0.0007059144137289936,0.014533823274263056,0.6243213980417924,0.48077604985258343,3.4715169635122716e-28,3.318447326069061e-05,0.5046569423998928,0.5475460284491938
RCSE_000033101,4507019620_00020,EXECUTE,NATURAL_COMPLETE_EVIDENCE,NONE,,50402.0,R4_99_100,ood_test_r4,ESCALATE,EXECUTE,0.2883865784167482,0.5120475043992396,8.263372728178131e-08,0.00010194239551029911,0.7116133389495245,0.4878168827545135,8.953138319626978e-25,3.367045073656265e-05,0.5120475043992396,0.5007442179902334
RCSE_000028079,4507024759_00010,EXECUTE,NATURAL_COMPLETE_EVIDENCE,NONE,,56752.0,R4_99_100,ood_test_r4,ESCALATE,EXECUTE,0.40741018421727127,0.5046569423998928,0.0015783261079997963,0.014533823274263056,0.5910114896747288,0.48077604985258343,6.07191331297231e-26,3.318447326069061e-05,0.5046569423998928,0.5475460284491938
RCSE_000031225,2000013530_00001,EXECUTE,NATURAL_COMPLETE_EVIDENCE,NONE,,98823.0,R4_99_100,ood_test_r4,EXECUTE,EXECUTE,0.5169500364021106,0.4748920780243674,0.00490451967655264,0.07265700485068134,0.4781454439213369,0.4524196898849374,2.182224195158118e-43,3.1227240013723764e-05,0.4748920780243674,0.6515948289798453
RCSE_000049864,2000013529_00001,EXECUTE,NATURAL_COMPLETE_EVIDENCE,NONE,,144378.0,R4_99_100,ood_test_r4,EXECUTE,EXECUTE,0.4040227628416568,0.3532671186467085,0.39216912275288746,0.31015950138296733,0.20380811440545568,0.33655015036171737,1.2411488253615824e-62,2.322960860671875e-05,0.3532671186467085,0.791630578941228
RCSE_000034625,4507017229_00010,EXECUTE,NATURAL_COMPLETE_EVIDENCE,NONE,,63850.0,R4_99_100,ood_test_r4,ESCALATE,EXECUTE,0.4853561299857681,0.5046569423998928,0.0005280334585814806,0.014533823274263056,0.5141158365556505,0.48077604985258343,2.2110293781185866e-28,3.318447326069061e-05,0.5046569423998928,0.5475460284491938
RCSE_000034008,4507003650_00010,EXECUTE,NATURAL_COMPLETE_EVIDENCE,NONE,,186608.0,R4_99_100,ood_test_r4,GATHER,GATHER,0.03753069513913797,0.016334609949644828,0.9518525169304453,0.6890556147494842,0.010616787930416665,0.29458652615822783,1.6960183445993276e-90,2.3249142643168135e-05,0.6890556147494842,0.49348974528873635
RCSE_000001699,4507010604_00010,EXECUTE,NATURAL_COMPLETE_EVIDENCE,NONE,,111637.0,R4_99_100,ood_test_r4,EXECUTE,EXECUTE,0.6042463390676504,0.4748920780243674,0.0586913637538472,0.07265700485068134,0.33706229717850245,0.4524196898849374,1.4022455645950583e-46,3.1227240013723764e-05,0.4748920780243674,0.6515948289798453
RCSE_000034384,4507005387_00010,EXECUTE,NATURAL_COMPLETE_EVIDENCE,NONE,,111637.0,R4_99_100,ood_test_r4,EXECUTE,EXECUTE,0.6183539044832602,0.4748920780243674,0.035347724822412954,0.07265700485068134,0.34629837069432673,0.4524196898849374,1.8662618096194123e-46,3.1227240013723764e-05,0.4748920780243674,0.6515948289798453
RCSE_000030045,4507025393_00020,EXECUTE,NATURAL_COMPLETE_EVIDENCE,NONE,,51286.0,R4_99_100,ood_test_r4,ESCALATE,EXECUTE,0.42448482411595106,0.5046569423998928,0.0014957553810783265,0.014533823274263056,0.5740194205029706,0.48077604985258343,8.740863632140008e-24,3.318447326069061e-05,0.5046569423998928,0.5475460284491938
RCSE_000006965,4507010597_00010,EXECUTE,NATURAL_COMPLETE_EVIDENCE,NONE,,111637.0,R4_99_100,ood_test_r4,EXECUTE,EXECUTE,0.6083451238046242,0.4748920780243674,0.05728699015594598,0.07265700485068134,0.3343678860394298,0.4524196898849374,1.839806782078693e-46,3.1227240013723764e-05,0.4748920780243674,0.6515948289798453
RCSE_000007795,4507010601_00010,EXECUTE,NATURAL_COMPLETE_EVIDENCE,NONE,,111637.0,R4_99_100,ood_test_r4,EXECUTE,EXECUTE,0.6082886343573457,0.4748920780243674,0.055959375989504026,0.07265700485068134,0.3357519896531502,0.4524196898849374,1.9602167585549275e-46,3.1227240013723764e-05,0.4748920780243674,0.6515948289798453
RCSE_000031860,2000013569_00001,EXECUTE,NATURAL_COMPLETE_EVIDENCE,NONE,,77076.0,R4_99_100,ood_test_r4,ESCALATE,EXECUTE,0.3947942610799348,0.4748920780243674,0.004394381238561392,0.07265700485068134,0.6008113576815037,0.4524196898849374,8.161654874322853e-41,3.1227240013723764e-05,0.4748920780243674,0.6515948289798453
RCSE_000001144,4507024772_00010,EXECUTE,NATURAL_COMPLETE_EVIDENCE,NONE,,56509.0,R4_99_100,ood_test_r4,ESCALATE,EXECUTE,0.40918446273262815,0.5046569423998928,0.0017293988575698646,0.014533823274263056,0.5890861384098018,0.48077604985258343,6.864827373289179e-26,3.318447326069061e-05,0.5046569423998928,0.5475460284491938
RCSE_000040802,4507007545_00010,EXECUTE,NATURAL_COMPLETE_EVIDENCE,NONE,,54746.0,R4_99_100,ood_test_r4,ESCALATE,EXECUTE,0.36572573727101715,0.5120475043992396,8.671269851928926e-05,0.00010194239551029911,0.6341875500304637,0.4878168827545135,6.396062823818214e-25,3.367045073656265e-05,0.5120475043992396,0.5007442179902334
RCSE_000038747,4507020088_00010,EXECUTE,NATURAL_COMPLETE_EVIDENCE,NONE,,216913.0,R4_99_100,ood_test_r4,GATHER,GATHER,0.0005546492518172162,0.0014415904104370656,0.999389191388073,0.997168194188731,5.615936010976561e-05,0.001356574096176297,4.090994393377269e-89,3.364130465562288e-05,0.997168194188731,0.015553957684369431
RCSE_000036323,4507028443_00010,EXECUTE,NATURAL_COMPLETE_EVIDENCE,NONE,,49229.0,R4_99_100,ood_test_r4,ESCALATE,EXECUTE,0.3401366214788425,0.511295745406234,0.00035042427272246153,0.0015699357954095606,0.659512954248435,0.48710069778065856,1.5699480478292115e-22,3.362101769778736e-05,0.511295745406234,0.5077043636181653
RCSE_000018599,2000013600_00001,EXECUTE,NATURAL_COMPLETE_EVIDENCE,NONE,,1882857.0,R4_99_100,ood_test_r4,GATHER,GATHER,5.161706968091689e-65,0.001436733436837446,1.0,0.998529738602025,2.58976660818576e-77,0.0,0.0,3.352796113766789e-05,0.998529738602025,0.008092504883414935
RCSE_000015275,4507011510_00010,EXECUTE,NATURAL_COMPLETE_EVIDENCE,NONE,,53977.0,R4_99_100,ood_test_r4,ESCALATE,EXECUTE,0.41887403806547274,0.5120475043992396,0.00024443871803062403,0.00010194239551029911,0.5808815232164966,0.4878168827545135,1.1488277773004174e-24,3.367045073656265e-05,0.5120475043992396,0.5007442179902334
RCSE_000026458,4507027832_00010,EXECUTE,NATURAL_COMPLETE_EVIDENCE,NONE,,55455.0,R4_99_100,ood_test_r4,ESCALATE,EXECUTE,0.4103818424891173,0.5046569423998928,0.001687256464015133,0.014533823274263056,0.5879309010468674,0.48077604985258343,3.704235513945904e-25,3.318447326069061e-05,0.5046569423998928,0.5475460284491938
RCSE_000029342,4507013748_00010,EXECUTE,NATURAL_COMPLETE_EVIDENCE,NONE,,49479.0,R4_99_100,ood_test_r4,ESCALATE,EXECUTE,0.39982078861595843,0.5120475043992396,0.0001995650237061871,0.00010194239551029911,0.5999796463603353,0.4878168827545135,4.1424558941533457e-23,3.367045073656265e-05,0.5120475043992396,0.5007442179902334
RCSE_000027812,2000013454_00001,EXECUTE,NATURAL_COMPLETE_EVIDENCE,NONE,,311769.0,R4_99_100,ood_test_r4,GATHER,GATHER,2.0650882045024576e-07,0.001434793590798254,0.9999997841642796,0.9971815456047864,9.32690004691171e-09,0.0013501781119968526,8.362716965099495e-138,3.348269241839992e-05,0.9971815456047864,0.015490245654545019
RCSE_000001271,4507017982_00010,EXECUTE,NATURAL_COMPLETE_EVIDENCE,NONE,,127742.0,R4_99_100,ood_test_r4,EXECUTE,EXECUTE,0.5210531180856242,0.3823252181387167,0.25267928754992414,0.2534164511969773,0.22626759436445168,0.364233190296836,1.3263589694949203e-52,2.5140367469984197e-05,0.3823252181387167,0.7816501082366815
RCSE_000024437,4507024793_00010,EXECUTE,NATURAL_COMPLETE_EVIDENCE,NONE,,64007.0,R4_99_100,ood_test_r4,ESCALATE,EXECUTE,0.48506106244795233,0.5046569423998928,0.001896380354320681,0.014533823274263056,0.513042557197727,0.48077604985258343,3.2349102889405517e-28,3.318447326069061e-05,0.5046569423998928,0.5475460284491938
RCSE_000012830,4507017980_00010,EXECUTE,NATURAL_COMPLETE_EVIDENCE,NONE,,127742.0,R4_99_100,ood_test_r4,EXECUTE,EXECUTE,0.5379731220920069,0.41499021224157545,0.23278736545825265,0.18963005662518664,0.22923951244974047,0.395352442830146,2.7444655914824594e-52,2.7288303091779305e-05,0.41499021224157545,0.755570537703291
RCSE_000043578,4507027395_00010,EXECUTE,NATURAL_COMPLETE_EVIDENCE,NONE,,56752.0,R4_99_100,ood_test_r4,ESCALATE,EXECUTE,0.4077243880640675,0.5046569423998928,0.0015069259297771287,0.014533823274263056,0.5907686860061554,0.48077604985258343,5.735592739246866e-26,3.318447326069061e-05,0.5046569423998928,0.5475460284491938
RCSE_000022177,4507030255_00010,EXECUTE,NATURAL_COMPLETE_EVIDENCE,NONE,,55739.0,R4_99_100,ood_test_r4,ESCALATE,EXECUTE,0.36244905995129006,0.5046569423998928,0.0005429936876548208,0.014533823274263056,0.6370079463610551,0.48077604985258343,5.496128236160741e-25,3.318447326069061e-05,0.5046569423998928,0.5475460284491938
RCSE_000021450,4507018037_00010,EXECUTE,NATURAL_COMPLETE_EVIDENCE,NONE,,58799.0,R4_99_100,ood_test_r4,ESCALATE,EXECUTE,0.43922235754218275,0.5046569423998928,0.0006610118910213231,0.014533823274263056,0.5601166305667961,0.48077604985258343,2.3345965242742383e-26,3.318447326069061e-05,0.5046569423998928,0.5475460284491938
RCSE_000006417,2000013561_00001,EXECUTE,NATURAL_COMPLETE_EVIDENCE,NONE,,94553.0,R4_99_100,ood_test_r4,ESCALATE,EXECUTE,0.4541497135682952,0.5046569423998928,0.00256793866498069,0.014533823274263056,0.5432823477667241,0.48077604985258343,1.5681674901968994e-41,3.318447326069061e-05,0.5046569423998928,0.5475460284491938
RCSE_000029801,4507008905_00090,EXECUTE,NATURAL_COMPLETE_EVIDENCE,NONE,,74681.0,R4_99_100,ood_test_r4,EXECUTE,EXECUTE,0.5421669890419258,0.4748920780243674,0.008186692115810856,0.07265700485068134,0.4496463188422633,0.4524196898849374,6.152072189551883e-32,3.1227240013723764e-05,0.4748920780243674,0.6515948289798453
RCSE_000015674,4507008905_00190,EXECUTE,NATURAL_COMPLETE_EVIDENCE,NONE,,58819.0,R4_99_100,ood_test_r4,ESCALATE,EXECUTE,0.45483103147049364,0.5046569423998928,0.0008920825591892729,0.014533823274263056,0.5442768859703171,0.48077604985258343,4.7438683266852354e-26,3.318447326069061e-05,0.5046569423998928,0.5475460284491938
RCSE_000028443,4507021932_00010,EXECUTE,NATURAL_COMPLETE_EVIDENCE,NONE,,55557.0,R4_99_100,ood_test_r4,ESCALATE,EXECUTE,0.3549309462505445,0.5120475043992396,0.00015614572954087056,0.00010194239551029911,0.6449129080199146,0.4878168827545135,1.1897351983402885e-25,3.367045073656265e-05,0.5120475043992396,0.5007442179902334
RCSE_000033897,4507020956_00010,EXECUTE,NATURAL_COMPLETE_EVIDENCE,NONE,,55557.0,R4_99_100,ood_test_r4,ESCALATE,EXECUTE,0.3630006853023638,0.5120475043992396,0.0001480804894748206,0.00010194239551029911,0.6368512342081614,0.4878168827545135,3.4173010098423125e-25,3.367045073656265e-05,0.5120475043992396,0.5007442179902334
RCSE_000029035,2000013523_00001,EXECUTE,NATURAL_COMPLETE_EVIDENCE,NONE,,76210.0,R4_99_100,ood_test_r4,ESCALATE,EXECUTE,0.38186588956843426,0.5046569423998928,0.001986418705702319,0.014533823274263056,0.6161476917258635,0.48077604985258343,7.275860846836905e-41,3.318447326069061e-05,0.5046569423998928,0.5475460284491938
RCSE_000028852,4507019370_00010,EXECUTE,NATURAL_COMPLETE_EVIDENCE,NONE,,49384.0,R4_99_100,ood_test_r4,ESCALATE,EXECUTE,0.34821647646193743,0.5120475043992396,5.2459593405077944e-05,0.00010194239551029911,0.6517310639446575,0.4878168827545135,1.3367757624941108e-23,3.367045073656265e-05,0.5120475043992396,0.5007442179902334
RCSE_000030362,4507020420_00010,EXECUTE,NATURAL_COMPLETE_EVIDENCE,NONE,,49384.0,R4_99_100,ood_test_r4,ESCALATE,EXECUTE,0.35297336983011945,0.5120475043992396,5.41371539994924e-05,0.00010194239551029911,0.6469724930158811,0.4878168827545135,2.875171802751414e-23,3.367045073656265e-05,0.5120475043992396,0.5007442179902334
RCSE_000026653,2000013574_00001,EXECUTE,NATURAL_COMPLETE_EVIDENCE,NONE,,55578.0,R4_99_100,ood_test_r4,ESCALATE,EXECUTE,0.44696525120352093,0.5120475043992396,6.681399747874507e-05,0.00010194239551029911,0.5529679347990003,0.4878168827545135,1.0097697345477289e-26,3.367045073656265e-05,0.5120475043992396,0.5007442179902334
RCSE_000034611,4507015464_00020,EXECUTE,NATURAL_COMPLETE_EVIDENCE,NONE,,70413.0,R4_99_100,ood_test_r4,EXECUTE,EXECUTE,0.5043750397604386,0.4748920780243674,0.0030998294588322713,0.07265700485068134,0.4925251307807292,0.4524196898849374,7.3490818808870155e-31,3.1227240013723764e-05,0.4748920780243674,0.6515948289798453
RCSE_000016680,4507013907_00070,EXECUTE,NATURAL_COMPLETE_EVIDENCE,NONE,,74541.0,R4_99_100,ood_test_r4,EXECUTE,EXECUTE,0.4966817134133018,0.4748920780243674,0.012528806223194243,0.07265700485068134,0.49078948036350395,0.4524196898849374,2.408756422117872e-31,3.1227240013723764e-05,0.4748920780243674,0.6515948289798453
RCSE_000027217,4507028733_00010,EXECUTE,NATURAL_COMPLETE_EVIDENCE,NONE,,56752.0,R4_99_100,ood_test_r4,ESCALATE,EXECUTE,0.4097989783664904,0.5046569423998928,0.0013767772448954492,0.014533823274263056,0.5888242443886141,0.48077604985258343,8.114210338836352e-26,3.318447326069061e-05,0.5046569423998928,0.5475460284491938
RCSE_000022154,4507023159_00010,EXECUTE,NATURAL_COMPLETE_EVIDENCE,NONE,,127742.0,R4_99_100,ood_test_r4,EXECUTE,EXECUTE,0.4139175770655287,0.3532671186467085,0.4019910905148895,0.31015950138296733,0.18409133241958187,0.33655015036171737,3.005481377778333e-52,2.322960860671875e-05,0.3532671186467085,0.791630578941228
RCSE_000030297,4507023161_00010,EXECUTE,NATURAL_COMPLETE_EVIDENCE,NONE,,127742.0,R4_99_100,ood_test_r4,EXECUTE,EXECUTE,0.41450238917786836,0.3532671186467085,0.39450598180658425,0.31015950138296733,0.19099162901554728,0.33655015036171737,1.0061617598883621e-52,2.322960860671875e-05,0.3532671186467085,0.791630578941228
RCSE_000010533,4507030219_00010,EXECUTE,NATURAL_COMPLETE_EVIDENCE,NONE,,69108.0,R4_99_100,ood_test_r4,ESCALATE,EXECUTE,0.47374895859132726,0.4748920780243674,0.0082429934666964,0.07265700485068134,0.5180080479419763,0.4524196898849374,6.774117143867535e-30,3.1227240013723764e-05,0.4748920780243674,0.6515948289798453
RCSE_000008210,4507034155_00010,EXECUTE,NATURAL_COMPLETE_EVIDENCE,NONE,,54018.0,R4_99_100,ood_test_r4,ESCALATE,EXECUTE,0.354455215483662,0.5046569423998928,0.0006438670305231346,0.014533823274263056,0.6449009174858148,0.48077604985258343,1.1788377538789853e-24,3.318447326069061e-05,0.5046569423998928,0.5475460284491938
RCSE_000030233,4507005408_00010,EXECUTE,NATURAL_COMPLETE_EVIDENCE,NONE,,103548.0,R4_99_100,ood_test_r4,EXECUTE,EXECUTE,0.6141269945334416,0.4748920780243674,0.021543783183431944,0.07265700485068134,0.36432922228312664,0.4524196898849374,1.823997912953328e-43,3.1227240013723764e-05,0.4748920780243674,0.6515948289798453
RCSE_000033911,4507033361_00010,EXECUTE,NATURAL_COMPLETE_EVIDENCE,NONE,,49252.0,R4_99_100,ood_test_r4,ESCALATE,EXECUTE,0.3405950724648289,0.5120475043992396,0.00033076676676382677,0.00010194239551029911,0.6590741607684072,0.4878168827545135,1.4294756201287575e-22,3.367045073656265e-05,0.5120475043992396,0.5007442179902334
RCSE_000041255,4507034802_00010,EXECUTE,NATURAL_COMPLETE_EVIDENCE,NONE,,49319.0,R4_99_100,ood_test_r4,ESCALATE,EXECUTE,0.34152239327986106,0.5046569423998928,0.00037604115216437715,0.014533823274263056,0.6581015655679746,0.48077604985258343,1.3890566404800394e-22,3.318447326069061e-05,0.5046569423998928,0.5475460284491938
RCSE_000045349,4507035762_00010,EXECUTE,NATURAL_COMPLETE_EVIDENCE,NONE,,54898.0,R4_99_100,ood_test_r4,ESCALATE,EXECUTE,0.35793605033051473,0.5046569423998928,0.0007878793652877534,0.014533823274263056,0.6412760703041976,0.48077604985258343,5.882202155049745e-25,3.318447326069061e-05,0.5046569423998928,0.5475460284491938
RCSE_000010607,4507035365_00010,EXECUTE,NATURAL_COMPLETE_EVIDENCE,NONE,,49389.0,R4_99_100,ood_test_r4,ESCALATE,EXECUTE,0.341929429505348,0.5046569423998928,0.00038845440201648173,0.014533823274263056,0.6576821160926354,0.48077604985258343,1.3149637383519543e-22,3.318447326069061e-05,0.5046569423998928,0.5475460284491938
RCSE_000026862,4507034401_00010,EXECUTE,NATURAL_COMPLETE_EVIDENCE,NONE,,55174.0,R4_99_100,ood_test_r4,ESCALATE,EXECUTE,0.3604926592805215,0.5046569423998928,0.0006758509334884965,0.014533823274263056,0.63883148978599,0.48077604985258343,6.368680820177953e-25,3.318447326069061e-05,0.5046569423998928,0.5475460284491938
RCSE_000046540,4507030052_00010,EXECUTE,NATURAL_COMPLETE_EVIDENCE,NONE,,55557.0,R4_99_100,ood_test_r4,ESCALATE,EXECUTE,0.36444398810070755,0.5120475043992396,0.00015644544054784737,0.00010194239551029911,0.6353995664587446,0.4878168827545135,8.767719189803364e-26,3.367045073656265e-05,0.5120475043992396,0.5007442179902334
RCSE_000004782,4507014503_00010,EXECUTE,NATURAL_COMPLETE_EVIDENCE,NONE,,112178.0,R4_99_100,ood_test_r4,EXECUTE,EXECUTE,0.6144783749519908,0.4748920780243674,0.04668095233373884,0.07265700485068134,0.3388406727142703,0.4524196898849374,1.2080765968245926e-46,3.1227240013723764e-05,0.4748920780243674,0.6515948289798453
RCSE_000039672,4507030380_00010,EXECUTE,NATURAL_COMPLETE_EVIDENCE,NONE,,89373.0,R4_99_100,ood_test_r4,EXECUTE,EXECUTE,0.5506328065121021,0.4748920780243674,0.02519809843622233,0.07265700485068134,0.42416909505167555,0.4524196898849374,9.732391442339001e-38,3.1227240013723764e-05,0.4748920780243674,0.6515948289798453
RCSE_000034353,4507028999_00010,EXECUTE,NATURAL_COMPLETE_EVIDENCE,NONE,,55221.0,R4_99_100,ood_test_r4,ESCALATE,EXECUTE,0.4072124584730693,0.5046569423998928,0.0012817658923187927,0.014533823274263056,0.5915057756346119,0.48077604985258343,2.5867504395051643e-25,3.318447326069061e-05,0.5046569423998928,0.5475460284491938
RCSE_000000815,4507021985_00010,EXECUTE,NATURAL_COMPLETE_EVIDENCE,NONE,,107955.0,R4_99_100,ood_test_r4,EXECUTE,EXECUTE,0.5973995477714379,0.4748920780243674,0.05936732240626306,0.07265700485068134,0.34323312982229903,0.4524196898849374,7.695872798528173e-45,3.1227240013723764e-05,0.4748920780243674,0.6515948289798453
RCSE_000010777,4507016336_00020,EXECUTE,NATURAL_COMPLETE_EVIDENCE,NONE,,67896.0,R4_99_100,ood_test_r4,ESCALATE,EXECUTE,0.49893614943114056,0.5120475043992396,0.00023615324864482978,0.00010194239551029911,0.5008276973202146,0.4878168827545135,4.27943777957871e-30,3.367045073656265e-05,0.5120475043992396,0.5007442179902334
RCSE_000030914,4507033197_00010,EXECUTE,NATURAL_COMPLETE_EVIDENCE,NONE,,112453.0,R4_99_100,ood_test_r4,EXECUTE,EXECUTE,0.5172208040964574,0.41499021224157545,0.21133741536809314,0.18963005662518664,0.27144178053544943,0.395352442830146,1.9777615454246067e-46,2.7288303091779305e-05,0.41499021224157545,0.755570537703291
RCSE_000006741,4507032716_00010,EXECUTE,NATURAL_COMPLETE_EVIDENCE,NONE,,56752.0,R4_99_100,ood_test_r4,ESCALATE,EXECUTE,0.409403586771188,0.5046569423998928,0.0014949094883145314,0.014533823274263056,0.5891015037404974,0.48077604985258343,8.844072476496662e-26,3.318447326069061e-05,0.5046569423998928,0.5475460284491938
RCSE_000000061,4507031418_00010,EXECUTE,NATURAL_COMPLETE_EVIDENCE,NONE,,49907.0,R4_99_100,ood_test_r4,ESCALATE,EXECUTE,0.42606804987295943,0.5046569423998928,0.000564264638698582,0.014533823274263056,0.5733676854883419,0.48077604985258343,4.441395572410578e-24,3.318447326069061e-05,0.5046569423998928,0.5475460284491938
RCSE_000044976,4507036557_00010,EXECUTE,NATURAL_COMPLETE_EVIDENCE,NONE,,54497.0,R4_99_100,ood_test_r4,ESCALATE,EXECUTE,0.3561395830733818,0.5046569423998928,0.000690277539041083,0.014533823274263056,0.6431701393875771,0.48077604985258343,7.987006344159194e-25,3.318447326069061e-05,0.5046569423998928,0.5475460284491938
RCSE_000028528,4507030174_00010,EXECUTE,NATURAL_COMPLETE_EVIDENCE,NONE,,51441.0,R4_99_100,ood_test_r4,ESCALATE,EXECUTE,0.41491245738901766,0.5046569423998928,0.0003792273622462649,0.014533823274263056,0.5847083152487361,0.48077604985258343,2.0838381538124265e-24,3.318447326069061e-05,0.5046569423998928,0.5475460284491938
RCSE_000009362,4507032822_00010,EXECUTE,NATURAL_COMPLETE_EVIDENCE,NONE,,56752.0,R4_99_100,ood_test_r4,ESCALATE,EXECUTE,0.40637064724121275,0.5046569423998928,0.0014519178096438262,0.014533823274263056,0.5921774349491434,0.48077604985258343,6.22687408659543e-26,3.318447326069061e-05,0.5046569423998928,0.5475460284491938
RCSE_000003819,4507023653_00010,EXECUTE,NATURAL_COMPLETE_EVIDENCE,NONE,,62999.0,R4_99_100,ood_test_r4,ESCALATE,EXECUTE,0.46406289851410626,0.5046569423998928,0.0007261457237252075,0.014533823274263056,0.5352109557621685,0.48077604985258343,2.2537538206875228e-28,3.318447326069061e-05,0.5046569423998928,0.5475460284491938
RCSE_000024217,4507032382_00010,EXECUTE,NATURAL_COMPLETE_EVIDENCE,NONE,,58117.0,R4_99_100,ood_test_r4,ESCALATE,EXECUTE,0.43664448766277947,0.5046569423998928,0.0016291083566887035,0.014533823274263056,0.5617264039805318,0.48077604985258343,4.585795085758039e-26,3.318447326069061e-05,0.5046569423998928,0.5475460284491938
RCSE_000037965,4507023225_00010,EXECUTE,NATURAL_COMPLETE_EVIDENCE,NONE,,127742.0,R4_99_100,ood_test_r4,EXECUTE,EXECUTE,0.45529127525009777,0.3532671186467085,0.33135719576025907,0.31015950138296733,0.21335152898964332,0.33655015036171737,7.113172576206899e-53,2.322960860671875e-05,0.3532671186467085,0.791630578941228
RCSE_000009371,4507023233_00010,EXECUTE,NATURAL_COMPLETE_EVIDENCE,NONE,,127742.0,R4_99_100,ood_test_r4,EXECUTE,EXECUTE,0.5473115810636544,0.41499021224157545,0.2174454881093734,0.18963005662518664,0.23524293082697234,0.395352442830146,3.095421912702118e-52,2.7288303091779305e-05,0.41499021224157545,0.755570537703291
RCSE_000014241,4507012178_00010,EXECUTE,NATURAL_COMPLETE_EVIDENCE,NONE,,101595.0,R4_99_100,ood_test_r4,EXECUTE,EXECUTE,0.5368666464985872,0.4748920780243674,0.012447597524143802,0.07265700485068134,0.4506857559772689,0.4524196898849374,1.4290990310838393e-42,3.1227240013723764e-05,0.4748920780243674,0.6515948289798453
RCSE_000024577,4507032353_00020,EXECUTE,NATURAL_COMPLETE_EVIDENCE,NONE,,58815.0,R4_99_100,ood_test_r4,ESCALATE,EXECUTE,0.45820447632652833,0.4748920780243674,0.004014938578710058,0.07265700485068134,0.5377805850947616,0.4524196898849374,1.8495250678002908e-27,3.1227240013723764e-05,0.4748920780243674,0.6515948289798453
RCSE_000047659,4507012177_00010,EXECUTE,NATURAL_COMPLETE_EVIDENCE,NONE,,101595.0,R4_99_100,ood_test_r4,EXECUTE,EXECUTE,0.5348393478975052,0.4748920780243674,0.013360368222075394,0.07265700485068134,0.45180028388041943,0.4524196898849374,9.576921854031888e-43,3.1227240013723764e-05,0.4748920780243674,0.6515948289798453
RCSE_000021648,4507012173_00010,EXECUTE,NATURAL_COMPLETE_EVIDENCE,NONE,,101595.0,R4_99_100,ood_test_r4,EXECUTE,EXECUTE,0.5364638298945994,0.4748920780243674,0.0140020287110123,0.07265700485068134,0.4495341413943882,0.4524196898849374,8.511514853582272e-43,3.1227240013723764e-05,0.4748920780243674,0.6515948289798453
RCSE_000006104,4507032782_00010,EXECUTE,NATURAL_COMPLETE_EVIDENCE,NONE,,67342.0,R4_99_100,ood_test_r4,ESCALATE,EXECUTE,0.46900369741688147,0.4748920780243674,0.004080188712547735,0.07265700485068134,0.5269161138705708,0.4524196898849374,1.2214786600975413e-29,3.1227240013723764e-05,0.4748920780243674,0.6515948289798453
RCSE_000043356,4507030526_00010,EXECUTE,NATURAL_COMPLETE_EVIDENCE,NONE,,51067.0,R4_99_100,ood_test_r4,ESCALATE,EXECUTE,0.444521307660195,0.5046569423998928,0.0018892575205215242,0.014533823274263056,0.5535894348192836,0.48077604985258343,1.1336237939270281e-23,3.318447326069061e-05,0.5046569423998928,0.5475460284491938
RCSE_000024261,4507034607_00010,EXECUTE,NATURAL_COMPLETE_EVIDENCE,NONE,,55165.0,R4_99_100,ood_test_r4,ESCALATE,EXECUTE,0.41035367367907905,0.5046569423998928,0.0016349176119962079,0.014533823274263056,0.5880114087089247,0.48077604985258343,4.35732453289929e-25,3.318447326069061e-05,0.5046569423998928,0.5475460284491938
RCSE_000028916,2000013622_00001,EXECUTE,NATURAL_COMPLETE_EVIDENCE,NONE,,129903.0,R4_99_100,ood_test_r4,EXECUTE,EXECUTE,0.5403449530453268,0.4504922917394507,0.1413121908126975,0.1203035585447123,0.3183428561419757,0.4291745269203231,2.0296546655115575e-58,2.9622795513886138e-05,0.4504922917394507,0.7050049012707168
RCSE_000007630,2000000019_00001,EXECUTE,NATURAL_COMPLETE_EVIDENCE,NONE,,502814.0,R4_99_100,ood_test_r4,GATHER,GATHER,1.6478036291474294e-12,0.001436733436837446,0.9999999999983504,0.998529738602025,1.7723583338540225e-15,0.0,3.4570414584730795e-218,3.352796113766789e-05,0.998529738602025,0.008092504883414935
RCSE_000020631,4507029791_00010,EXECUTE,NATURAL_COMPLETE_EVIDENCE,NONE,,112453.0,R4_99_100,ood_test_r4,EXECUTE,EXECUTE,0.5121865498522202,0.42282743231008196,0.2031745185744131,0.17432596656285415,0.28463893157336667,0.40281879747582566,3.546360789720948e-46,2.780365123811555e-05,0.42282743231008196,0.7466276826247457
RCSE_000029317,4507029790_00010,EXECUTE,NATURAL_COMPLETE_EVIDENCE,NONE,,112453.0,R4_99_100,ood_test_r4,EXECUTE,EXECUTE,0.511874054296719,0.42282743231008196,0.20387148534619842,0.17432596656285415,0.2842544603570826,0.40281879747582566,3.5047251561774954e-46,2.780365123811555e-05,0.42282743231008196,0.7466276826247457
RCSE_000025669,4507028060_00010,EXECUTE,NATURAL_COMPLETE_EVIDENCE,NONE,,55258.0,R4_99_100,ood_test_r4,ESCALATE,EXECUTE,0.361762948567422,0.5120475043992396,0.00034687203002601056,0.00010194239551029911,0.637890179402552,0.4878168827545135,3.403702748085399e-25,3.367045073656265e-05,0.5120475043992396,0.5007442179902334
RCSE_000019150,4507037236_00010,EXECUTE,NATURAL_COMPLETE_EVIDENCE,NONE,,55085.0,R4_99_100,ood_test_r4,ESCALATE,EXECUTE,0.4075075124854085,0.5046569423998928,0.0019843089220899293,0.014533823274263056,0.5905081785925015,0.48077604985258343,3.683653698343395e-25,3.318447326069061e-05,0.5046569423998928,0.5475460284491938
RCSE_000016650,4507036156_00010,EXECUTE,NATURAL_COMPLETE_EVIDENCE,NONE,,55131.0,R4_99_100,ood_test_r4,ESCALATE,EXECUTE,0.4049493281664467,0.5046569423998928,0.0018927772979190722,0.014533823274263056,0.5931578945356342,0.48077604985258343,2.401329971131912e-25,3.318447326069061e-05,0.5046569423998928,0.5475460284491938
RCSE_000043876,4507035579_00010,EXECUTE,NATURAL_COMPLETE_EVIDENCE,NONE,,55321.0,R4_99_100,ood_test_r4,ESCALATE,EXECUTE,0.39643188146477304,0.5046569423998928,0.0015068630308424826,0.014533823274263056,0.6020612555043846,0.48077604985258343,5.894858040073273e-26,3.318447326069061e-05,0.5046569423998928,0.5475460284491938
RCSE_000001711,4507024387_00070,EXECUTE,NATURAL_COMPLETE_EVIDENCE,NONE,,54044.0,R4_99_100,ood_test_r4,ESCALATE,EXECUTE,0.43094708888301597,0.5046569423998928,0.0014539046531309259,0.014533823274263056,0.5675990064638531,0.48077604985258343,2.0895154140844346e-24,3.318447326069061e-05,0.5046569423998928,0.5475460284491938
RCSE_000037458,4507024725_00010,EXECUTE,NATURAL_COMPLETE_EVIDENCE,NONE,,70494.0,R4_99_100,ood_test_r4,ESCALATE,EXECUTE,0.43040466941570493,0.5120475043992396,0.00019697066265785283,0.00010194239551029911,0.5693983599216373,0.4878168827545135,9.210846054053817e-31,3.367045073656265e-05,0.5120475043992396,0.5007442179902334
RCSE_000021269,4507023940_00010,EXECUTE,NATURAL_COMPLETE_EVIDENCE,NONE,,49384.0,R4_99_100,ood_test_r4,ESCALATE,EXECUTE,0.3494199808081802,0.5120475043992396,4.047357631404025e-05,0.00010194239551029911,0.6505395456155056,0.4878168827545135,3.132912095106303e-23,3.367045073656265e-05,0.5120475043992396,0.5007442179902334
RCSE_000029046,4507028442_00010,EXECUTE,NATURAL_COMPLETE_EVIDENCE,NONE,,49229.0,R4_99_100,ood_test_r4,ESCALATE,EXECUTE,0.34177574892078033,0.5120475043992396,0.00017836800765351428,0.00010194239551029911,0.6580458830715661,0.4878168827545135,8.457712295045538e-23,3.367045073656265e-05,0.5120475043992396,0.5007442179902334
RCSE_000036454,4507030257_00010,EXECUTE,NATURAL_COMPLETE_EVIDENCE,NONE,,49551.0,R4_99_100,ood_test_r4,ESCALATE,EXECUTE,0.3432759012916718,0.5120475043992396,0.00021067417823672353,0.00010194239551029911,0.6565134245300915,0.4878168827545135,6.869779347191229e-23,3.367045073656265e-05,0.5120475043992396,0.5007442179902334
RCSE_000040181,4507014169_00010,EXECUTE,NATURAL_COMPLETE_EVIDENCE,NONE,,112178.0,R4_99_100,ood_test_r4,EXECUTE,EXECUTE,0.6210399379371184,0.4748920780243674,0.03523005591212148,0.07265700485068134,0.34373000615076016,0.4524196898849374,1.0624566228828412e-46,3.1227240013723764e-05,0.4748920780243674,0.6515948289798453
RCSE_000022192,4507025194_00010,EXECUTE,NATURAL_COMPLETE_EVIDENCE,NONE,,50371.0,R4_99_100,ood_test_r4,ESCALATE,EXECUTE,0.34559539231072095,0.5120475043992396,7.880597941004287e-05,0.00010194239551029911,0.6543258017098691,0.4878168827545135,2.3335123266288037e-23,3.367045073656265e-05,0.5120475043992396,0.5007442179902334
RCSE_000020905,4507035582_00010,EXECUTE,NATURAL_COMPLETE_EVIDENCE,NONE,,55321.0,R4_99_100,ood_test_r4,ESCALATE,EXECUTE,0.4104822732230907,0.5046569423998928,0.0015723198927753612,0.014533823274263056,0.587945406884134,0.48077604985258343,3.813088729091901e-25,3.318447326069061e-05,0.5046569423998928,0.5475460284491938
RCSE_000036263,4507027562_00010,EXECUTE,NATURAL_COMPLETE_EVIDENCE,NONE,,62395.0,R4_99_100,ood_test_r4,ESCALATE,EXECUTE,0.4623063030003425,0.5120475043992396,0.00022689896326486553,0.00010194239551029911,0.5374667980363926,0.4878168827545135,4.065208868541377e-28,3.367045073656265e-05,0.5120475043992396,0.5007442179902334
RCSE_000027353,4507035763_00010,EXECUTE,NATURAL_COMPLETE_EVIDENCE,NONE,,58799.0,R4_99_100,ood_test_r4,ESCALATE,EXECUTE,0.4469099999516492,0.5046569423998928,0.001902482750530516,0.014533823274263056,0.5511875172978202,0.48077604985258343,2.65484231819389e-26,3.318447326069061e-05,0.5046569423998928,0.5475460284491938
RCSE_000007810,4507027429_00010,EXECUTE,NATURAL_COMPLETE_EVIDENCE,NONE,,57746.0,R4_99_100,ood_test_r4,ESCALATE,EXECUTE,0.42085866194789634,0.5046569423998928,0.000892967302188806,0.014533823274263056,0.578248370749915,0.48077604985258343,4.1961646952811156e-26,3.318447326069061e-05,0.5046569423998928,0.5475460284491938
RCSE_000014064,2000013621_00001,EXECUTE,NATURAL_COMPLETE_EVIDENCE,NONE,,91890.0,R4_99_100,ood_test_r4,ESCALATE,EXECUTE,0.44706110147623634,0.5046569423998928,0.0012467190037687792,0.014533823274263056,0.5516921795199948,0.48077604985258343,2.7682670921539054e-40,3.318447326069061e-05,0.5046569423998928,0.5475460284491938
RCSE_000040618,4507038513_00010,EXECUTE,NATURAL_COMPLETE_EVIDENCE,NONE,,49585.0,R4_99_100,ood_test_r4,ESCALATE,EXECUTE,0.33716706180516454,0.5046569423998928,0.0003779886553476139,0.014533823274263056,0.6624549495394879,0.48077604985258343,5.46307107403118e-23,3.318447326069061e-05,0.5046569423998928,0.5475460284491938
RCSE_000001858,4507017962_00010,EXECUTE,NATURAL_COMPLETE_EVIDENCE,NONE,,197892.0,R4_99_100,ood_test_r4,GATHER,GATHER,0.036717964651246916,0.01859343391192643,0.9546550407957383,0.784341350909634,0.008626994553014907,0.197038751038887,3.284321497790666e-94,2.6464139552600493e-05,0.784341350909634,0.421958530007375
RCSE_000011636,4507014515_00010,EXECUTE,NATURAL_COMPLETE_EVIDENCE,NONE,,112178.0,R4_99_100,ood_test_r4,EXECUTE,EXECUTE,0.622312710200396,0.4748920780243674,0.031219522371844055,0.07265700485068134,0.3464677674277598,0.4524196898849374,1.089497990396165e-46,3.1227240013723764e-05,0.4748920780243674,0.6515948289798453
RCSE_000037362,2000013677_00001,EXECUTE,NATURAL_COMPLETE_EVIDENCE,NONE,,124409.0,R4_99_100,ood_test_r4,EXECUTE,EXECUTE,0.46793693504604894,0.42913668131373434,0.17033213584431578,0.16200561392077534,0.36173092910963534,0.4088294862401322,2.8877960386997e-56,2.8218525358069368e-05,0.42913668131373434,0.738578612721339
RCSE_000032618,4507005414_00010,EXECUTE,NATURAL_COMPLETE_EVIDENCE,NONE,,52813.0,R4_99_100,ood_test_r4,ESCALATE,EXECUTE,0.4291843107708136,0.5120475043992396,0.00013254876243672743,0.00010194239551029911,0.5706831404667498,0.4878168827545135,1.1677152679154987e-24,3.367045073656265e-05,0.5120475043992396,0.5007442179902334
RCSE_000049515,4507032464_00010,EXECUTE,NATURAL_COMPLETE_EVIDENCE,NONE,,51365.0,R4_99_100,ood_test_r4,ESCALATE,EXECUTE,0.33102724598276484,0.5120475043992396,0.00017456833131688988,0.00010194239551029911,0.6687981856859182,0.4878168827545135,1.3092389948067607e-23,3.367045073656265e-05,0.5120475043992396,0.5007442179902334
RCSE_000029838,4507034146_00010,EXECUTE,NATURAL_COMPLETE_EVIDENCE,NONE,,67827.0,R4_99_100,ood_test_r4,ESCALATE,EXECUTE,0.39179526424971295,0.5046569423998928,0.0014463043949112955,0.014533823274263056,0.6067584313553758,0.48077604985258343,8.493577097038792e-30,3.318447326069061e-05,0.5046569423998928,0.5475460284491938
RCSE_000027947,4507035598_00010,EXECUTE,NATURAL_COMPLETE_EVIDENCE,NONE,,70494.0,R4_99_100,ood_test_r4,ESCALATE,EXECUTE,0.42520265155573234,0.5046569423998928,0.0009027496721745739,0.014533823274263056,0.5738945987720931,0.48077604985258343,2.0566408365704648e-30,3.318447326069061e-05,0.5046569423998928,0.5475460284491938
RCSE_000045884,4507017406_00010,EXECUTE,NATURAL_COMPLETE_EVIDENCE,NONE,,101595.0,R4_99_100,ood_test_r4,EXECUTE,EXECUTE,0.5345879186359942,0.4748920780243674,0.014126874380385736,0.07265700485068134,0.4512852069836201,0.4524196898849374,1.7390955229092423e-42,3.1227240013723764e-05,0.4748920780243674,0.6515948289798453
RCSE_000031228,4507017401_00010,EXECUTE,NATURAL_COMPLETE_EVIDENCE,NONE,,101595.0,R4_99_100,ood_test_r4,EXECUTE,EXECUTE,0.5355395019271367,0.4748920780243674,0.014526311090396623,0.07265700485068134,0.44993418698246657,0.4524196898849374,1.620562528535308e-42,3.1227240013723764e-05,0.4748920780243674,0.6515948289798453
RCSE_000026280,4507036919_00010,EXECUTE,NATURAL_COMPLETE_EVIDENCE,NONE,,72962.0,R4_99_100,ood_test_r4,EXECUTE,EXECUTE,0.49986860780148606,0.4748920780243674,0.006490771693984725,0.07265700485068134,0.4936406205045292,0.4524196898849374,1.38376512942094e-31,3.1227240013723764e-05,0.4748920780243674,0.6515948289798453
RCSE_000015606,4507019634_00020,EXECUTE,NATURAL_COMPLETE_EVIDENCE,NONE,,52611.0,R4_99_100,ood_test_r4,ESCALATE,EXECUTE,0.4243249565829149,0.5120475043992396,0.0001258716553483393,0.00010194239551029911,0.5755491717617368,0.4878168827545135,1.2485761111714495e-24,3.367045073656265e-05,0.5120475043992396,0.5007442179902334
RCSE_000024243,4507023068_00010,EXECUTE,NATURAL_COMPLETE_EVIDENCE,NONE,,112178.0,R4_99_100,ood_test_r4,EXECUTE,EXECUTE,0.6078050413595485,0.4748920780243674,0.06245613000580251,0.07265700485068134,0.32973882863464893,0.4524196898849374,1.0885781304397971e-46,3.1227240013723764e-05,0.4748920780243674,0.6515948289798453
RCSE_000007081,4507023051_00010,EXECUTE,NATURAL_COMPLETE_EVIDENCE,NONE,,112178.0,R4_99_100,ood_test_r4,EXECUTE,EXECUTE,0.6084436331832064,0.4748920780243674,0.06046517312576183,0.07265700485068134,0.3310911936910319,0.4524196898849374,1.1272545593523499e-46,3.1227240013723764e-05,0.4748920780243674,0.6515948289798453
RCSE_000018870,4507023053_00010,EXECUTE,NATURAL_COMPLETE_EVIDENCE,NONE,,112178.0,R4_99_100,ood_test_r4,EXECUTE,EXECUTE,0.6084933323500864,0.4748920780243674,0.05986241869695366,0.07265700485068134,0.33164424895295996,0.4524196898849374,1.1535287427553617e-46,3.1227240013723764e-05,0.4748920780243674,0.6515948289798453
RCSE_000013785,4507034556_00020,EXECUTE,NATURAL_COMPLETE_EVIDENCE,NONE,,64007.0,R4_99_100,ood_test_r4,ESCALATE,EXECUTE,0.4966341501167227,0.5120475043992396,0.00027922597042420104,0.00010194239551029911,0.5030866239128531,0.4878168827545135,4.30285586488272e-28,3.367045073656265e-05,0.5120475043992396,0.5007442179902334
RCSE_000016379,4507023052_00010,EXECUTE,NATURAL_COMPLETE_EVIDENCE,NONE,,112178.0,R4_99_100,ood_test_r4,EXECUTE,EXECUTE,0.5980705495723682,0.4748920780243674,0.06744336298473709,0.07265700485068134,0.3344860874428948,0.4524196898849374,3.714430466363336e-47,3.1227240013723764e-05,0.4748920780243674,0.6515948289798453
RCSE_000036690,4507023235_00010,EXECUTE,NATURAL_COMPLETE_EVIDENCE,NONE,,127742.0,R4_99_100,ood_test_r4,EXECUTE,EXECUTE,0.5810042477309332,0.42913668131373434,0.16760306953594345,0.16200561392077534,0.25139268273312343,0.4088294862401322,1.6776949189808704e-52,2.8218525358069368e-05,0.42913668131373434,0.738578612721339
RCSE_000045637,4507024338_00010,EXECUTE,NATURAL_COMPLETE_EVIDENCE,NONE,,86682.0,R4_99_100,ood_test_r4,EXECUTE,EXECUTE,0.5349410874333832,0.4748920780243674,0.009023127859822455,0.07265700485068134,0.4560357847067944,0.4524196898849374,1.297661696499141e-36,3.1227240013723764e-05,0.4748920780243674,0.6515948289798453
RCSE_000012868,4507039677_00010,EXECUTE,NATURAL_COMPLETE_EVIDENCE,NONE,,60164.0,R4_99_100,ood_test_r4,ESCALATE,EXECUTE,0.4435196910575585,0.5046569423998928,0.0019021059219026858,0.014533823274263056,0.5545782030205387,0.48077604985258343,7.954593371125607e-27,3.318447326069061e-05,0.5046569423998928,0.5475460284491938
RCSE_000037274,4507029312_00010,EXECUTE,NATURAL_COMPLETE_EVIDENCE,NONE,,132304.0,R4_99_100,ood_test_r4,EXECUTE,EXECUTE,0.46158419764780867,0.3532671186467085,0.35466101264230776,0.31015950138296733,0.18375478970988363,0.33655015036171737,3.191797511376316e-54,2.322960860671875e-05,0.3532671186467085,0.791630578941228
RCSE_000034648,4507009139_00010,EXECUTE,NATURAL_COMPLETE_EVIDENCE,NONE,,342037.0,R4_99_100,ood_test_r4,GATHER,GATHER,5.302272312999285e-08,0.001434793590798254,0.999999946012043,0.9971815456047864,9.652337446714286e-10,0.0013501781119968526,1.3098214113799455e-139,3.348269241839992e-05,0.9971815456047864,0.015490245654545019
RCSE_000048523,4507009141_00010,EXECUTE,NATURAL_COMPLETE_EVIDENCE,NONE,,348384.0,R4_99_100,ood_test_r4,GATHER,GATHER,2.3214354276783486e-08,0.001434793590798254,0.9999999764480328,0.9971815456047864,3.3761295612020264e-10,0.0013501781119968526,2.1396731238834402e-142,3.348269241839992e-05,0.9971815456047864,0.015490245654545019
RCSE_000029392,4507040061_00010,EXECUTE,NATURAL_COMPLETE_EVIDENCE,NONE,,51615.0,R4_99_100,ood_test_r4,ESCALATE,EXECUTE,0.4172538331195543,0.5046569423998928,0.0008990088870016559,0.014533823274263056,0.5818471579934441,0.48077604985258343,1.162524940264786e-23,3.318447326069061e-05,0.5046569423998928,0.5475460284491938
RCSE_000022960,4507033360_00010,EXECUTE,NATURAL_COMPLETE_EVIDENCE,NONE,,49252.0,R4_99_100,ood_test_r4,ESCALATE,EXECUTE,0.34190567261991706,0.5120475043992396,0.00018308563082235796,0.00010194239551029911,0.6579112417492605,0.4878168827545135,8.406374119700093e-23,3.367045073656265e-05,0.5120475043992396,0.5007442179902334
RCSE_000033249,4507035358_00010,EXECUTE,NATURAL_COMPLETE_EVIDENCE,NONE,,49389.0,R4_99_100,ood_test_r4,ESCALATE,EXECUTE,0.34092371667081106,0.5120475043992396,0.0002014410872107196,0.00010194239551029911,0.6588748422419781,0.4878168827545135,8.971171369674302e-23,3.367045073656265e-05,0.5120475043992396,0.5007442179902334
RCSE_000024109,4507040202_00010,EXECUTE,NATURAL_COMPLETE_EVIDENCE,NONE,,54133.0,R4_99_100,ood_test_r4,ESCALATE,EXECUTE,0.405056001670883,0.5046569423998928,0.0013768053087195448,0.014533823274263056,0.5935671930203974,0.48077604985258343,1.1199067679978983e-24,3.318447326069061e-05,0.5046569423998928,0.5475460284491938
RCSE_000020373,4507039095_00010,EXECUTE,NATURAL_COMPLETE_EVIDENCE,NONE,,54441.0,R4_99_100,ood_test_r4,ESCALATE,EXECUTE,0.40742359624474384,0.5046569423998928,0.0013602144681827306,0.014533823274263056,0.5912161892870734,0.48077604985258343,7.612500505359351e-25,3.318447326069061e-05,0.5046569423998928,0.5475460284491938
RCSE_000004566,4507039221_00010,EXECUTE,NATURAL_COMPLETE_EVIDENCE,NONE,,54441.0,R4_99_100,ood_test_r4,ESCALATE,EXECUTE,0.4046873230328061,0.5046569423998928,0.001417601357801,0.014533823274263056,0.5938950756093928,0.48077604985258343,5.49328208343273e-25,3.318447326069061e-05,0.5046569423998928,0.5475460284491938
RCSE_000023988,4507037760_00010,EXECUTE,NATURAL_COMPLETE_EVIDENCE,NONE,,61986.0,R4_99_100,ood_test_r4,ESCALATE,EXECUTE,0.41988985948694074,0.5046569423998928,0.002410110703806578,0.014533823274263056,0.5777000298092526,0.48077604985258343,2.0972579562233177e-28,3.318447326069061e-05,0.5046569423998928,0.5475460284491938
RCSE_000013981,4507038110_00040,EXECUTE,NATURAL_COMPLETE_EVIDENCE,NONE,,110786.0,R4_99_100,ood_test_r4,EXECUTE,EXECUTE,0.5302339220467396,0.42282743231008196,0.2046091236284888,0.17432596656285415,0.2651569543247717,0.40281879747582566,5.055758152310572e-46,2.780365123811555e-05,0.42282743231008196,0.7466276826247457
RCSE_000003735,4507034493_00010,EXECUTE,NATURAL_COMPLETE_EVIDENCE,NONE,,58058.0,R4_99_100,ood_test_r4,ESCALATE,EXECUTE,0.4425674371376983,0.5120475043992396,0.0001663405834773247,0.00010194239551029911,0.5572662222788245,0.4878168827545135,3.924811964962293e-26,3.367045073656265e-05,0.5120475043992396,0.5007442179902334
RCSE_000032410,4507020333_00020,EXECUTE,NATURAL_COMPLETE_EVIDENCE,NONE,,75343.0,R4_99_100,ood_test_r4,EXECUTE,EXECUTE,0.5898979005460243,0.5120475043992396,5.085273866141079e-05,0.00010194239551029911,0.41005124671531423,0.4878168827545135,1.1097190922173334e-32,3.367045073656265e-05,0.5120475043992396,0.5007442179902334
RCSE_000044596,4507038813_00010,EXECUTE,NATURAL_COMPLETE_EVIDENCE,NONE,,55827.0,R4_99_100,ood_test_r4,ESCALATE,EXECUTE,0.3634867175567744,0.5046569423998928,0.0005636739236419997,0.014533823274263056,0.6359496085195836,0.48077604985258343,3.0682152889808445e-25,3.318447326069061e-05,0.5046569423998928,0.5475460284491938
RCSE_000045848,4507041489_00010,EXECUTE,NATURAL_COMPLETE_EVIDENCE,NONE,,49239.0,R4_99_100,ood_test_r4,ESCALATE,EXECUTE,0.3403846954208967,0.5120475043992396,0.0002841269608469496,0.00010194239551029911,0.6593311776182563,0.4878168827545135,1.3166818897726734e-22,3.367045073656265e-05,0.5120475043992396,0.5007442179902334
RCSE_000035518,4507041770_00010,EXECUTE,NATURAL_COMPLETE_EVIDENCE,NONE,,75281.0,R4_99_100,ood_test_r4,ESCALATE,EXECUTE,0.4833814103431306,0.4748920780243674,0.023725566256138572,0.07265700485068134,0.4928930234007309,0.4524196898849374,1.229787926465497e-32,3.1227240013723764e-05,0.4748920780243674,0.6515948289798453
RCSE_000024032,4507036507_00010,EXECUTE,NATURAL_COMPLETE_EVIDENCE,NONE,,105785.0,R4_99_100,ood_test_r4,EXECUTE,EXECUTE,0.5761030236015561,0.4550543465074578,0.10527612906839992,0.11139503021086652,0.3186208473300439,0.4335207005014161,4.976327534862432e-44,2.992278025944974e-05,0.4550543465074578,0.6963979222287732
RCSE_000012861,4507030214_00010,EXECUTE,NATURAL_COMPLETE_EVIDENCE,NONE,,61054.0,R4_99_100,ood_test_r4,ESCALATE,EXECUTE,0.4791698227061933,0.5046569423998928,0.0014484980313140582,0.014533823274263056,0.5193816792624927,0.48077604985258343,1.4778788987516e-27,3.318447326069061e-05,0.5046569423998928,0.5475460284491938
RCSE_000041970,4508042987_00010,EXECUTE,NATURAL_COMPLETE_EVIDENCE,NONE,,53437.0,R4_99_100,ood_test_r4,ESCALATE,EXECUTE,0.34030527399828625,0.5046569423998928,0.0003694215924019087,0.014533823274263056,0.6593253044093118,0.48077604985258343,2.933026793971836e-24,3.318447326069061e-05,0.5046569423998928,0.5475460284491938
RCSE_000049695,4507038864_00010,EXECUTE,NATURAL_COMPLETE_EVIDENCE,NONE,,54836.0,R4_99_100,ood_test_r4,ESCALATE,EXECUTE,0.3571764595175388,0.5046569423998928,0.0004216383112880209,0.014533823274263056,0.6424019021711731,0.48077604985258343,7.787538633807172e-25,3.318447326069061e-05,0.5046569423998928,0.5475460284491938
RCSE_000025272,4507037841_00010,EXECUTE,NATURAL_COMPLETE_EVIDENCE,NONE,,52626.0,R4_99_100,ood_test_r4,ESCALATE,EXECUTE,0.33193623059727306,0.5120475043992396,0.0002519543101965136,0.00010194239551029911,0.6678118150925304,0.4878168827545135,4.4811039527260825e-24,3.367045073656265e-05,0.5120475043992396,0.5007442179902334
RCSE_000026461,4508044154_00010,EXECUTE,NATURAL_COMPLETE_EVIDENCE,NONE,,55090.0,R4_99_100,ood_test_r4,ESCALATE,EXECUTE,0.3626719355127911,0.5046569423998928,0.0005772901409412678,0.014533823274263056,0.6367507743462677,0.48077604985258343,8.879530334463066e-25,3.318447326069061e-05,0.5046569423998928,0.5475460284491938
RCSE_000041097,4507031339_00010,EXECUTE,NATURAL_COMPLETE_EVIDENCE,NONE,,109493.0,R4_99_100,ood_test_r4,EXECUTE,EXECUTE,0.5406084531796851,0.4748920780243674,0.06550248505378929,0.07265700485068134,0.3938890617665257,0.4524196898849374,2.2955061754511412e-45,3.1227240013723764e-05,0.4748920780243674,0.6515948289798453
RCSE_000000719,4507027649_00010,EXECUTE,NATURAL_COMPLETE_EVIDENCE,NONE,,100368.0,R4_99_100,ood_test_r4,EXECUTE,EXECUTE,0.5225113010043807,0.4748920780243674,0.0210170340864567,0.07265700485068134,0.4564716649091627,0.4524196898849374,1.643875986599483e-42,3.1227240013723764e-05,0.4748920780243674,0.6515948289798453
RCSE_000026573,4507009249_00010,EXECUTE,NATURAL_COMPLETE_EVIDENCE,NONE,,62973.0,R4_99_100,ood_test_r4,ESCALATE,EXECUTE,0.45868620359121165,0.5120475043992396,0.0001514334032305142,0.00010194239551029911,0.5411623630055578,0.4878168827545135,1.3940558344191092e-28,3.367045073656265e-05,0.5120475043992396,0.5007442179902334
RCSE_000046967,4508042149_00010,EXECUTE,NATURAL_COMPLETE_EVIDENCE,NONE,,59917.0,R4_99_100,ood_test_r4,ESCALATE,EXECUTE,0.4270101392524809,0.4748920780243674,0.0031450548650752645,0.07265700485068134,0.5698448058824439,0.4524196898849374,9.523062113778182e-27,3.1227240013723764e-05,0.4748920780243674,0.6515948289798453
RCSE_000036524,4507027355_00010,EXECUTE,NATURAL_COMPLETE_EVIDENCE,NONE,,96994.0,R4_99_100,ood_test_r4,EXECUTE,EXECUTE,0.5349914576920001,0.4748920780243674,0.018643663186531132,0.07265700485068134,0.4463648791214687,0.4524196898849374,1.0650501474275601e-40,3.1227240013723764e-05,0.4748920780243674,0.6515948289798453
RCSE_000033572,4507017394_00010,EXECUTE,NATURAL_COMPLETE_EVIDENCE,NONE,,101595.0,R4_99_100,ood_test_r4,EXECUTE,EXECUTE,0.5404234524476595,0.4748920780243674,0.009323812743543733,0.07265700485068134,0.45025273480879674,0.4524196898849374,1.0073794373312052e-42,3.1227240013723764e-05,0.4748920780243674,0.6515948289798453
RCSE_000023639,4507029795_00010,EXECUTE,NATURAL_COMPLETE_EVIDENCE,NONE,,112453.0,R4_99_100,ood_test_r4,EXECUTE,EXECUTE,0.5769410066641311,0.4550543465074578,0.10255136988370366,0.11139503021086652,0.3205076234521653,0.4335207005014161,2.2263032361102337e-46,2.992278025944974e-05,0.4550543465074578,0.6963979222287732
RCSE_000039173,4507037639_00010,EXECUTE,NATURAL_COMPLETE_EVIDENCE,NONE,,55557.0,R4_99_100,ood_test_r4,ESCALATE,EXECUTE,0.3719502786982961,0.5120475043992396,0.00011986569726583546,0.00010194239551029911,0.627929855604438,0.4878168827545135,1.2927106488868947e-25,3.367045073656265e-05,0.5120475043992396,0.5007442179902334
RCSE_000023249,4507033225_00010,EXECUTE,NATURAL_COMPLETE_EVIDENCE,NONE,,112453.0,R4_99_100,ood_test_r4,EXECUTE,EXECUTE,0.5941240832704104,0.4654235199199234,0.09224534335292091,0.09114668163966742,0.3136305733766686,0.44339919381961823,1.2657426275694142e-46,3.060462079097019e-05,0.4654235199199234,0.6746111486788882
RCSE_000001311,4507025227_00020,EXECUTE,NATURAL_COMPLETE_EVIDENCE,NONE,,53977.0,R4_99_100,ood_test_r4,ESCALATE,EXECUTE,0.4095288077068205,0.5120475043992396,0.0002972494206218988,0.00010194239551029911,0.5901739428725576,0.4878168827545135,1.6990402673661158e-24,3.367045073656265e-05,0.5120475043992396,0.5007442179902334
RCSE_000043787,4507029802_00010,EXECUTE,NATURAL_COMPLETE_EVIDENCE,NONE,,112453.0,R4_99_100,ood_test_r4,EXECUTE,EXECUTE,0.5776648154195182,0.4550543465074578,0.09990125528047375,0.11139503021086652,0.322433929300008,0.4335207005014161,2.3923397910332972e-46,2.992278025944974e-05,0.4550543465074578,0.6963979222287732
RCSE_000036529,2000033568_00001,EXECUTE,NATURAL_COMPLETE_EVIDENCE,NONE,,72443.0,R4_99_100,ood_test_r4,EXECUTE,EXECUTE,0.5213998199032099,0.5046569423998928,0.0004924336491727777,0.014533823274263056,0.4781077464476173,0.48077604985258343,6.89748724154165e-33,3.318447326069061e-05,0.5046569423998928,0.5475460284491938
RCSE_000011914,4507034143_00030,EXECUTE,NATURAL_COMPLETE_EVIDENCE,NONE,,50180.0,R4_99_100,ood_test_r4,ESCALATE,EXECUTE,0.3957568127930739,0.5120475043992396,0.0002899019472371093,0.00010194239551029911,0.603953285259689,0.4878168827545135,3.4980427643635623e-23,3.367045073656265e-05,0.5120475043992396,0.5007442179902334
RCSE_000042927,4508044702_00010,EXECUTE,NATURAL_COMPLETE_EVIDENCE,NONE,,55538.0,R4_99_100,ood_test_r4,ESCALATE,EXECUTE,0.40888172066033696,0.5046569423998928,0.0015742277322691371,0.014533823274263056,0.5895440516073938,0.48077604985258343,2.1387087377692372e-25,3.318447326069061e-05,0.5046569423998928,0.5475460284491938
RCSE_000014818,4508046369_00010,EXECUTE,NATURAL_COMPLETE_EVIDENCE,NONE,,130700.0,R4_99_100,ood_test_r4,GATHER,GATHER,0.2596810517970231,0.2510087124206062,0.6443557607086953,0.3875841993245047,0.09596318749428161,0.3613821446743582,1.1765577632413047e-53,2.4943580530923624e-05,0.3875841993245047,0.7807924796424046
RCSE_000023453,4507036656_00010,EXECUTE,NATURAL_COMPLETE_EVIDENCE,NONE,,109493.0,R4_99_100,ood_test_r4,EXECUTE,EXECUTE,0.5901034293004441,0.4748920780243674,0.0717777126562593,0.07265700485068134,0.3381188580432965,0.4524196898849374,1.8096862961470644e-45,3.1227240013723764e-05,0.4748920780243674,0.6515948289798453
RCSE_000004933,4507038931_00010,EXECUTE,NATURAL_COMPLETE_EVIDENCE,NONE,,112453.0,R4_99_100,ood_test_r4,EXECUTE,EXECUTE,0.5773151585877505,0.4550543465074578,0.1164665310803791,0.11139503021086652,0.3062183103318703,0.4335207005014161,1.6264755573811498e-46,2.992278025944974e-05,0.4550543465074578,0.6963979222287732
RCSE_000044658,4508044186_00010,EXECUTE,NATURAL_COMPLETE_EVIDENCE,NONE,,51615.0,R4_99_100,ood_test_r4,ESCALATE,EXECUTE,0.41540718800890175,0.5046569423998928,0.0007752475653539798,0.014533823274263056,0.5838175644257443,0.48077604985258343,6.858603429838791e-24,3.318447326069061e-05,0.5046569423998928,0.5475460284491938
RCSE_000049280,4508043058_00010,EXECUTE,NATURAL_COMPLETE_EVIDENCE,NONE,,89373.0,R4_99_100,ood_test_r4,EXECUTE,EXECUTE,0.5526536907703197,0.4748920780243674,0.020142285127960936,0.07265700485068134,0.4272040241017195,0.4524196898849374,8.856410910817741e-38,3.1227240013723764e-05,0.4748920780243674,0.6515948289798453
RCSE_000016826,4508043619_00010,EXECUTE,NATURAL_COMPLETE_EVIDENCE,NONE,,56752.0,R4_99_100,ood_test_r4,ESCALATE,EXECUTE,0.40994923655175747,0.5046569423998928,0.0011692184286257478,0.014533823274263056,0.5888815450196168,0.48077604985258343,7.176366169932207e-26,3.318447326069061e-05,0.5046569423998928,0.5475460284491938
RCSE_000018731,4507041565_00010,EXECUTE,NATURAL_COMPLETE_EVIDENCE,NONE,,56752.0,R4_99_100,ood_test_r4,ESCALATE,EXECUTE,0.40955471717945213,0.5046569423998928,0.0009470303792600916,0.014533823274263056,0.5894982524412878,0.48077604985258343,6.405385787951928e-26,3.318447326069061e-05,0.5046569423998928,0.5475460284491938
RCSE_000018398,4507040306_00010,EXECUTE,NATURAL_COMPLETE_EVIDENCE,NONE,,56752.0,R4_99_100,ood_test_r4,ESCALATE,EXECUTE,0.4106416116835034,0.5046569423998928,0.0009053967526574602,0.014533823274263056,0.5884529915638391,0.48077604985258343,5.70234969806335e-26,3.318447326069061e-05,0.5046569423998928,0.5475460284491938
RCSE_000009124,4508046057_00020,EXECUTE,NATURAL_COMPLETE_EVIDENCE,NONE,,64007.0,R4_99_100,ood_test_r4,ESCALATE,EXECUTE,0.49422020383299625,0.5046569423998928,0.0005112220061749194,0.014533823274263056,0.5052685741608288,0.48077604985258343,1.4366163344570903e-28,3.318447326069061e-05,0.5046569423998928,0.5475460284491938
RCSE_000015018,4507037656_00010,EXECUTE,NATURAL_COMPLETE_EVIDENCE,NONE,,55557.0,R4_99_100,ood_test_r4,ESCALATE,EXECUTE,0.3717808265152229,0.5120475043992396,9.134311528648202e-05,0.00010194239551029911,0.6281278303694907,0.4878168827545135,1.0791418306413815e-25,3.367045073656265e-05,0.5120475043992396,0.5007442179902334
RCSE_000011591,4507039181_00010,EXECUTE,NATURAL_COMPLETE_EVIDENCE,NONE,,55557.0,R4_99_100,ood_test_r4,ESCALATE,EXECUTE,0.37179415238974844,0.5120475043992396,0.00010354919730603222,0.00010194239551029911,0.6281022984129456,0.4878168827545135,1.1790994209611599e-25,3.367045073656265e-05,0.5120475043992396,0.5007442179902334
RCSE_000038463,4508047332_00010,EXECUTE,NATURAL_COMPLETE_EVIDENCE,NONE,,51615.0,R4_99_100,ood_test_r4,ESCALATE,EXECUTE,0.4168464152250853,0.5046569423998928,0.0009064164349508476,0.014533823274263056,0.5822471683399639,0.48077604985258343,1.2076524505021577e-23,3.318447326069061e-05,0.5046569423998928,0.5475460284491938
RCSE_000002244,2000033530_00001,EXECUTE,NATURAL_COMPLETE_EVIDENCE,NONE,,976876.0,R4_99_100,ood_test_r4,GATHER,GATHER,4.191430060724703e-31,0.001436733436837446,1.0,0.998529738602025,3.5858170611119837e-37,0.0,0.0,3.352796113766789e-05,0.998529738602025,0.008092504883414935
RCSE_000018729,4507038302_00020,EXECUTE,NATURAL_COMPLETE_EVIDENCE,NONE,,70494.0,R4_99_100,ood_test_r4,ESCALATE,EXECUTE,0.4250275091212316,0.5120475043992396,0.00017842503949114816,0.00010194239551029911,0.5747940658392772,0.4878168827545135,3.967825699797897e-31,3.367045073656265e-05,0.5120475043992396,0.5007442179902334
RCSE_000004930,4507038756_00010,EXECUTE,NATURAL_COMPLETE_EVIDENCE,NONE,,62353.0,R4_99_100,ood_test_r4,ESCALATE,EXECUTE,0.39243825995873033,0.5046569423998928,0.0008056621917125089,0.014533823274263056,0.6067560778495572,0.48077604985258343,1.5126580690820361e-27,3.318447326069061e-05,0.5046569423998928,0.5475460284491938
RCSE_000046454,4507039317_00010,EXECUTE,NATURAL_COMPLETE_EVIDENCE,NONE,,70494.0,R4_99_100,ood_test_r4,ESCALATE,EXECUTE,0.4195388182604027,0.5046569423998928,0.0011589433844239126,0.014533823274263056,0.5793022383551734,0.48077604985258343,1.0952447326870043e-30,3.318447326069061e-05,0.5046569423998928,0.5475460284491938
RCSE_000034157,4507037345_00010,EXECUTE,NATURAL_COMPLETE_EVIDENCE,NONE,,60015.0,R4_99_100,ood_test_r4,ESCALATE,EXECUTE,0.4406383006715246,0.5046569423998928,0.00041333127130158365,0.014533823274263056,0.5589483680571738,0.48077604985258343,7.122093816186046e-27,3.318447326069061e-05,0.5046569423998928,0.5475460284491938
RCSE_000010859,4507041118_00010,EXECUTE,NATURAL_COMPLETE_EVIDENCE,NONE,,49231.0,R4_99_100,ood_test_r4,ESCALATE,EXECUTE,0.34258034022819983,0.5120475043992396,0.00016030383875451892,0.00010194239551029911,0.6572593559330457,0.4878168827545135,7.317231335067908e-23,3.367045073656265e-05,0.5120475043992396,0.5007442179902334
RCSE_000037765,4508044516_00010,EXECUTE,NATURAL_COMPLETE_EVIDENCE,NONE,,54170.0,R4_99_100,ood_test_r4,ESCALATE,EXECUTE,0.3587037227007199,0.5120475043992396,0.00027581500511065767,0.00010194239551029911,0.6410204622941694,0.4878168827545135,1.2321917754456909e-24,3.367045073656265e-05,0.5120475043992396,0.5007442179902334
RCSE_000049915,4508043526_00010,EXECUTE,NATURAL_COMPLETE_EVIDENCE,NONE,,49211.0,R4_99_100,ood_test_r4,ESCALATE,EXECUTE,0.340923071609941,0.5120475043992396,0.0001845817166289868,0.00010194239551029911,0.6588923466734301,0.4878168827545135,9.415293279614595e-23,3.367045073656265e-05,0.5120475043992396,0.5007442179902334
RCSE_000005147,4508050173_00010,EXECUTE,NATURAL_COMPLETE_EVIDENCE,NONE,,55728.0,R4_99_100,ood_test_r4,ESCALATE,EXECUTE,0.41143467206268997,0.5046569423998928,0.0019245534979497965,0.014533823274263056,0.5866407744393602,0.48077604985258343,3.138741779008543e-25,3.318447326069061e-05,0.5046569423998928,0.5475460284491938
RCSE_000022451,4508050178_00010,EXECUTE,NATURAL_COMPLETE_EVIDENCE,NONE,,55728.0,R4_99_100,ood_test_r4,ESCALATE,EXECUTE,0.4112118739872724,0.5046569423998928,0.0019134703342642413,0.014533823274263056,0.5868746556784634,0.48077604985258343,3.1818235749089897e-25,3.318447326069061e-05,0.5046569423998928,0.5475460284491938
RCSE_000041679,4507041358_00010,EXECUTE,NATURAL_COMPLETE_EVIDENCE,NONE,,97168.0,R4_99_100,ood_test_r4,EXECUTE,EXECUTE,0.5708050094031065,0.4748920780243674,0.055542371238501136,0.07265700485068134,0.37365261935839245,0.4524196898849374,1.1759047704280299e-40,3.1227240013723764e-05,0.4748920780243674,0.6515948289798453
RCSE_000030046,4507038889_00010,EXECUTE,NATURAL_COMPLETE_EVIDENCE,NONE,,112453.0,R4_99_100,ood_test_r4,EXECUTE,EXECUTE,0.5954918501112201,0.47146086454278313,0.08565001082899078,0.07935728883993294,0.31885813905978916,0.4491508450018528,1.5744470844708657e-46,3.1001615431032244e-05,0.47146086454278313,0.6603187574688684
RCSE_000042065,4507038888_00010,EXECUTE,NATURAL_COMPLETE_EVIDENCE,NONE,,112453.0,R4_99_100,ood_test_r4,EXECUTE,EXECUTE,0.5954249010362784,0.47048302224047966,0.08602269181858585,0.08126676522701902,0.3185524071451356,0.44821927521655563,1.5543464012263119e-46,3.093731594556465e-05,0.47048302224047966,0.6627222141248388
RCSE_000026589,2000033598_00001,EXECUTE,NATURAL_COMPLETE_EVIDENCE,NONE,,104789.0,R4_99_100,ood_test_r4,EXECUTE,EXECUTE,0.5388251010544841,0.4748920780243674,0.008805681906902242,0.07265700485068134,0.4523692170386135,0.4524196898849374,6.699400951167221e-45,3.1227240013723764e-05,0.4748920780243674,0.6515948289798453
RCSE_000020231,4507033211_00010,EXECUTE,NATURAL_COMPLETE_EVIDENCE,NONE,,112453.0,R4_99_100,ood_test_r4,EXECUTE,EXECUTE,0.6145781860415865,0.4748920780243674,0.05678647751893853,0.07265700485068134,0.328635336439475,0.4524196898849374,1.1518283133346874e-46,3.1227240013723764e-05,0.4748920780243674,0.6515948289798453
RCSE_000040997,4507033214_00010,EXECUTE,NATURAL_COMPLETE_EVIDENCE,NONE,,112453.0,R4_99_100,ood_test_r4,EXECUTE,EXECUTE,0.6145770225924472,0.4748920780243674,0.05652094535909562,0.07265700485068134,0.3289020320484572,0.4524196898849374,1.1658665301004421e-46,3.1227240013723764e-05,0.4748920780243674,0.6515948289798453
RCSE_000027662,4508042220_00010,EXECUTE,NATURAL_COMPLETE_EVIDENCE,NONE,,52028.0,R4_99_100,ood_test_r4,ESCALATE,EXECUTE,0.34580105769180075,0.5120475043992396,9.92979163676178e-05,0.00010194239551029911,0.6540996443918318,0.4878168827545135,9.639216583230862e-24,3.367045073656265e-05,0.5120475043992396,0.5007442179902334
RCSE_000002720,4507038877_00010,EXECUTE,NATURAL_COMPLETE_EVIDENCE,NONE,,112453.0,R4_99_100,ood_test_r4,EXECUTE,EXECUTE,0.5984456550181302,0.4748920780243674,0.08357087680636385,0.07265700485068134,0.31798346817550593,0.4524196898849374,1.3378483862534981e-46,3.1227240013723764e-05,0.4748920780243674,0.6515948289798453
RCSE_000001269,4507038876_00010,EXECUTE,NATURAL_COMPLETE_EVIDENCE,NONE,,112453.0,R4_99_100,ood_test_r4,EXECUTE,EXECUTE,0.598420702316755,0.4748920780243674,0.08386475354977094,0.07265700485068134,0.31771454413347405,0.4524196898849374,1.3216071034025685e-46,3.1227240013723764e-05,0.4748920780243674,0.6515948289798453
RCSE_000039078,4507027368_00010,EXECUTE,NATURAL_COMPLETE_EVIDENCE,NONE,,107955.0,R4_99_100,ood_test_r4,EXECUTE,EXECUTE,0.6164991840532084,0.4748920780243674,0.01897568786484737,0.07265700485068134,0.3645251280819443,0.4524196898849374,5.906980790320498e-45,3.1227240013723764e-05,0.4748920780243674,0.6515948289798453
RCSE_000048911,2000052671_00001,EXECUTE,NATURAL_COMPLETE_EVIDENCE,NONE,,91937.0,R4_99_100,ood_test_r4,EXECUTE,EXECUTE,0.5954800899592168,0.4748920780243674,0.004159220794593059,0.07265700485068134,0.4003606892461901,0.4524196898849374,4.633661946447109e-40,3.1227240013723764e-05,0.4748920780243674,0.6515948289798453
RCSE_000004949,4508043967_00010,EXECUTE,NATURAL_COMPLETE_EVIDENCE,NONE,,55744.0,R4_99_100,ood_test_r4,ESCALATE,EXECUTE,0.37191581096348,0.5120475043992396,0.0001075814070481288,0.00010194239551029911,0.6279766076294719,0.4878168827545135,1.8855687830715756e-25,3.367045073656265e-05,0.5120475043992396,0.5007442179902334
RCSE_000040913,4508042219_00010,EXECUTE,NATURAL_COMPLETE_EVIDENCE,NONE,,55744.0,R4_99_100,ood_test_r4,ESCALATE,EXECUTE,0.3719499937780692,0.5120475043992396,9.29535526041042e-05,0.00010194239551029911,0.6279570526693268,0.4878168827545135,1.695085650758359e-25,3.367045073656265e-05,0.5120475043992396,0.5007442179902334
RCSE_000031465,4508049851_00010,EXECUTE,NATURAL_COMPLETE_EVIDENCE,NONE,,50402.0,R4_99_100,ood_test_r4,ESCALATE,EXECUTE,0.43171244872263936,0.5046569423998928,0.0012063624828281955,0.014533823274263056,0.5670811887945325,0.48077604985258343,2.795121889733615e-23,3.318447326069061e-05,0.5046569423998928,0.5475460284491938
RCSE_000011950,4508049507_00010,EXECUTE,NATURAL_COMPLETE_EVIDENCE,NONE,,89373.0,R4_99_100,ood_test_r4,EXECUTE,EXECUTE,0.5514565947606382,0.4748920780243674,0.0248804277406764,0.07265700485068134,0.4236629774986854,0.4524196898849374,9.166336392164433e-38,3.1227240013723764e-05,0.4748920780243674,0.6515948289798453
RCSE_000028988,4508046882_00010,EXECUTE,NATURAL_COMPLETE_EVIDENCE,NONE,,96994.0,R4_99_100,ood_test_r4,EXECUTE,EXECUTE,0.517906321573715,0.4748920780243674,0.0375420799224038,0.07265700485068134,0.4445515985038813,0.4524196898849374,8.066414754074162e-41,3.1227240013723764e-05,0.4748920780243674,0.6515948289798453
RCSE_000046412,4508046043_00010,EXECUTE,NATURAL_COMPLETE_EVIDENCE,NONE,,58820.0,R4_99_100,ood_test_r4,EXECUTE,EXECUTE,0.5280414659079201,0.5046569423998928,0.0011308604052005992,0.014533823274263056,0.4708276736868794,0.48077604985258343,8.671411588717048e-27,3.318447326069061e-05,0.5046569423998928,0.5475460284491938
RCSE_000027429,4508047741_00010,EXECUTE,NATURAL_COMPLETE_EVIDENCE,NONE,,54314.0,R4_99_100,ood_test_r4,ESCALATE,EXECUTE,0.3604740575902812,0.5046569423998928,0.00036116959024027565,0.014533823274263056,0.6391647728194784,0.48077604985258343,1.2394391841138714e-24,3.318447326069061e-05,0.5046569423998928,0.5475460284491938
RCSE_000011409,4508053243_00010,EXECUTE,NATURAL_COMPLETE_EVIDENCE,NONE,,55887.0,R4_99_100,ood_test_r4,ESCALATE,EXECUTE,0.4108961447987802,0.5046569423998928,0.0016180590955145566,0.014533823274263056,0.5874857961057052,0.48077604985258343,2.5146257948115145e-25,3.318447326069061e-05,0.5046569423998928,0.5475460284491938
RCSE_000003073,4508051969_00010,EXECUTE,NATURAL_COMPLETE_EVIDENCE,NONE,,56088.0,R4_99_100,ood_test_r4,ESCALATE,EXECUTE,0.41318291585393435,0.5046569423998928,0.0018156121042946925,0.014533823274263056,0.5850014720417709,0.48077604985258343,2.1042874389809214e-25,3.318447326069061e-05,0.5046569423998928,0.5475460284491938
RCSE_000014370,4508046246_00010,EXECUTE,NATURAL_COMPLETE_EVIDENCE,NONE,,58117.0,R4_99_100,ood_test_r4,ESCALATE,EXECUTE,0.30566225239889416,0.5120475043992396,5.012312849396916e-08,0.00010194239551029911,0.6943376974779774,0.4878168827545135,6.0723289080943035e-28,3.367045073656265e-05,0.5120475043992396,0.5007442179902334
RCSE_000028313,4507017750_00010,EXECUTE,NATURAL_COMPLETE_EVIDENCE,NONE,,101595.0,R4_99_100,ood_test_r4,EXECUTE,EXECUTE,0.5408935136795658,0.4748920780243674,0.004316230485861361,0.07265700485068134,0.4547902558345727,0.4524196898849374,6.888188813999737e-43,3.1227240013723764e-05,0.4748920780243674,0.6515948289798453
RCSE_000019974,4508051576_00010,EXECUTE,NATURAL_COMPLETE_EVIDENCE,NONE,,52255.0,R4_99_100,ood_test_r4,ESCALATE,EXECUTE,0.3364203156729435,0.5120475043992396,0.00033992737938252655,0.00010194239551029911,0.663239756947674,0.4878168827545135,8.027098953362373e-24,3.367045073656265e-05,0.5120475043992396,0.5007442179902334
RCSE_000032767,4508046414_00010,EXECUTE,NATURAL_COMPLETE_EVIDENCE,NONE,,89373.0,R4_99_100,ood_test_r4,EXECUTE,EXECUTE,0.5531935532519863,0.4748920780243674,0.015059041018509071,0.07265700485068134,0.43174740572950465,0.4524196898849374,8.624336768373535e-38,3.1227240013723764e-05,0.4748920780243674,0.6515948289798453
RCSE_000028760,4508047505_00010,EXECUTE,NATURAL_COMPLETE_EVIDENCE,NONE,,66471.0,R4_99_100,ood_test_r4,ESCALATE,EXECUTE,0.495730869243169,0.4748920780243674,0.0034916294784396213,0.07265700485068134,0.5007775012783915,0.4524196898849374,1.8248561268421033e-29,3.1227240013723764e-05,0.4748920780243674,0.6515948289798453
RCSE_000001524,4508050501_00020,EXECUTE,NATURAL_COMPLETE_EVIDENCE,NONE,,66471.0,R4_99_100,ood_test_r4,ESCALATE,EXECUTE,0.49603123871550775,0.4748920780243674,0.004736435532200986,0.07265700485068134,0.4992323257522912,0.4524196898849374,2.1222193663432333e-29,3.1227240013723764e-05,0.4748920780243674,0.6515948289798453
RCSE_000007241,4508054633_00010,EXECUTE,NATURAL_COMPLETE_EVIDENCE,NONE,,51208.0,R4_99_100,ood_test_r4,ESCALATE,EXECUTE,0.4587049626189835,0.5046569423998928,0.0008377146678946281,0.014533823274263056,0.5404573227131219,0.48077604985258343,1.857714623289953e-23,3.318447326069061e-05,0.5046569423998928,0.5475460284491938
RCSE_000024813,4508055643_00010,EXECUTE,NATURAL_COMPLETE_EVIDENCE,NONE,,50749.0,R4_99_100,ood_test_r4,ESCALATE,EXECUTE,0.49953130980344707,0.5046569423998928,0.0008115111563468177,0.014533823274263056,0.499657179040206,0.48077604985258343,2.755521984182054e-23,3.318447326069061e-05,0.5046569423998928,0.5475460284491938
RCSE_000035479,4507041835_00010,EXECUTE,NATURAL_COMPLETE_EVIDENCE,NONE,,129197.0,R4_99_100,ood_test_r4,EXECUTE,EXECUTE,0.4749231113439558,0.3532671186467085,0.32879866995991075,0.31015950138296733,0.1962782186961336,0.33655015036171737,5.678769247400071e-53,2.322960860671875e-05,0.3532671186467085,0.791630578941228
RCSE_000035107,4508050472_00010,EXECUTE,NATURAL_COMPLETE_EVIDENCE,NONE,,60898.0,R4_99_100,ood_test_r4,EXECUTE,EXECUTE,0.54037976824687,0.5046569423998928,0.0016054357874409073,0.014533823274263056,0.45801479596568917,0.48077604985258343,3.641046296589139e-27,3.318447326069061e-05,0.5046569423998928,0.5475460284491938
RCSE_000045835,4508053201_00010,EXECUTE,NATURAL_COMPLETE_EVIDENCE,NONE,,67342.0,R4_99_100,ood_test_r4,ESCALATE,EXECUTE,0.46928164780692144,0.4748920780243674,0.003514692774930467,0.07265700485068134,0.5272036594181482,0.4524196898849374,1.8477984972375065e-29,3.1227240013723764e-05,0.4748920780243674,0.6515948289798453
RCSE_000002491,4508051571_00010,EXECUTE,NATURAL_COMPLETE_EVIDENCE,NONE,,133811.0,R4_99_100,ood_test_r4,GATHER,GATHER,0.1875145968290307,0.018505741821308094,0.7368297719487334,0.5998642259005063,0.07565563122223586,0.38160369295128105,2.7905532397628644e-56,2.633932690450248e-05,0.5998642259005063,0.539782875410636
RCSE_000017526,4508049805_00010,EXECUTE,NATURAL_COMPLETE_EVIDENCE,NONE,,133811.0,R4_99_100,ood_test_r4,GATHER,ESCALATE,0.2629115465738953,0.33739965909337866,0.6381661272312751,0.31776920159331856,0.09892232619482953,0.344807339770979,7.266143842803762e-55,2.3799542323766675e-05,0.344807339770979,0.7922373706124856
RCSE_000019866,4508055022_00010,EXECUTE,NATURAL_COMPLETE_EVIDENCE,NONE,,55668.0,R4_99_100,ood_test_r4,ESCALATE,EXECUTE,0.409950298802026,0.5046569423998928,0.001626838270730719,0.014533823274263056,0.5884228629272433,0.48077604985258343,3.1156648593720624e-25,3.318447326069061e-05,0.5046569423998928,0.5475460284491938
RCSE_000013700,4508051641_00010,EXECUTE,NATURAL_COMPLETE_EVIDENCE,NONE,,99592.0,R4_99_100,ood_test_r4,EXECUTE,EXECUTE,0.578699920978649,0.4748920780243674,0.025212716378122835,0.07265700485068134,0.39608736264322825,0.4524196898849374,4.992385683313226e-42,3.1227240013723764e-05,0.4748920780243674,0.6515948289798453
RCSE_000036379,4508044985_00010,EXECUTE,NATURAL_COMPLETE_EVIDENCE,NONE,,55744.0,R4_99_100,ood_test_r4,ESCALATE,EXECUTE,0.37222108173171253,0.5120475043992396,9.059239382467891e-05,0.00010194239551029911,0.6276883258744628,0.4878168827545135,1.6258054679403955e-25,3.367045073656265e-05,0.5120475043992396,0.5007442179902334
RCSE_000022264,4508047295_00010,EXECUTE,NATURAL_COMPLETE_EVIDENCE,NONE,,53147.0,R4_99_100,ood_test_r4,ESCALATE,EXECUTE,0.34039680095388386,0.5120475043992396,0.00022741896234590398,0.00010194239551029911,0.6593757800837702,0.4878168827545135,2.4707562596871308e-24,3.367045073656265e-05,0.5120475043992396,0.5007442179902334
RCSE_000024559,4507038937_00010,EXECUTE,NATURAL_COMPLETE_EVIDENCE,NONE,,112453.0,R4_99_100,ood_test_r4,EXECUTE,EXECUTE,0.6085577336653429,0.4748920780243674,0.05794378681456027,0.07265700485068134,0.3334984795200969,0.4524196898849374,1.053155199911485e-46,3.1227240013723764e-05,0.4748920780243674,0.6515948289798453
RCSE_000047141,4508046051_00040,EXECUTE,NATURAL_COMPLETE_EVIDENCE,NONE,,129197.0,R4_99_100,ood_test_r4,EXECUTE,EXECUTE,0.42946326445798505,0.3532671186467085,0.3864404968601529,0.31015950138296733,0.18409623868186203,0.33655015036171737,2.150368666930443e-53,2.322960860671875e-05,0.3532671186467085,0.791630578941228
RCSE_000037055,4508046052_00050,EXECUTE,NATURAL_COMPLETE_EVIDENCE,NONE,,129197.0,R4_99_100,ood_test_r4,EXECUTE,EXECUTE,0.43186347127110014,0.3532671186467085,0.388908689727279,0.31015950138296733,0.17922783900162087,0.33655015036171737,6.754834354943461e-53,2.322960860671875e-05,0.3532671186467085,0.791630578941228
RCSE_000008791,4508054635_00010,EXECUTE,NATURAL_COMPLETE_EVIDENCE,NONE,,124759.0,R4_99_100,ood_test_r4,GATHER,EXECUTE,0.29164048948229443,0.3532671186467085,0.5841291728775232,0.31015950138296733,0.1242303376401824,0.33655015036171737,4.10822847179131e-51,2.322960860671875e-05,0.3532671186467085,0.791630578941228
RCSE_000045068,4508055069_00010,EXECUTE,NATURAL_COMPLETE_EVIDENCE,NONE,,51615.0,R4_99_100,ood_test_r4,ESCALATE,EXECUTE,0.4166304294017954,0.5046569423998928,0.0008344279237954714,0.014533823274263056,0.5825351426744092,0.48077604985258343,1.1031058392092432e-23,3.318447326069061e-05,0.5046569423998928,0.5475460284491938
RCSE_000036058,4507023160_00010,EXECUTE,NATURAL_COMPLETE_EVIDENCE,NONE,,127742.0,R4_99_100,ood_test_r4,EXECUTE,EXECUTE,0.63330710528627,0.4654235199199234,0.08834713239611106,0.09114668163966742,0.278345762317619,0.44339919381961823,9.081681276055239e-53,3.060462079097019e-05,0.4654235199199234,0.6746111486788882
RCSE_000010071,4508044002_00040,EXECUTE,NATURAL_COMPLETE_EVIDENCE,NONE,,72139.0,R4_99_100,ood_test_r4,EXECUTE,EXECUTE,0.5028996899616907,0.5046569423998928,0.0011235003929453082,0.014533823274263056,0.49597680964536406,0.48077604985258343,1.9240523340686522e-31,3.318447326069061e-05,0.5046569423998928,0.5475460284491938
RCSE_000012534,4507029569_00010,EXECUTE,NATURAL_COMPLETE_EVIDENCE,NONE,,101595.0,R4_99_100,ood_test_r4,EXECUTE,EXECUTE,0.5343789305715226,0.4748920780243674,0.00983054100175719,0.07265700485068134,0.4557905284267202,0.4524196898849374,9.231054125824942e-43,3.1227240013723764e-05,0.4748920780243674,0.6515948289798453
RCSE_000037438,4507029570_00010,EXECUTE,NATURAL_COMPLETE_EVIDENCE,NONE,,101595.0,R4_99_100,ood_test_r4,EXECUTE,EXECUTE,0.5365261458384326,0.4748920780243674,0.009217073692564746,0.07265700485068134,0.45425678046900264,0.4524196898849374,1.3540896943879246e-42,3.1227240013723764e-05,0.4748920780243674,0.6515948289798453
RCSE_000015718,4507017759_00010,EXECUTE,NATURAL_COMPLETE_EVIDENCE,NONE,,101595.0,R4_99_100,ood_test_r4,EXECUTE,EXECUTE,0.5355671213370689,0.4748920780243674,0.0033746585624560236,0.07265700485068134,0.4610582201004752,0.4524196898849374,5.1105445678761164e-43,3.1227240013723764e-05,0.4748920780243674,0.6515948289798453
RCSE_000032610,4507038921_00010,EXECUTE,NATURAL_COMPLETE_EVIDENCE,NONE,,112453.0,R4_99_100,ood_test_r4,EXECUTE,EXECUTE,0.6149516876431615,0.4748920780243674,0.05227212080273862,0.07265700485068134,0.3327761915540999,0.4524196898849374,1.3623580985943133e-46,3.1227240013723764e-05,0.4748920780243674,0.6515948289798453
RCSE_000043028,2000033540_00001,EXECUTE,NATURAL_COMPLETE_EVIDENCE,NONE,,133384.0,R4_99_100,ood_test_r4,EXECUTE,EXECUTE,0.7036100023957986,0.4748920780243674,0.028180861349529702,0.07265700485068134,0.26820913625467174,0.4524196898849374,2.0887989696114545e-56,3.1227240013723764e-05,0.4748920780243674,0.6515948289798453
RCSE_000048409,4507041430_00010,EXECUTE,NATURAL_COMPLETE_EVIDENCE,NONE,,52152.0,R4_99_100,ood_test_r4,ESCALATE,EXECUTE,0.405323691627952,0.5046569423998928,0.0004234480474228314,0.014533823274263056,0.5942528603246252,0.48077604985258343,9.305573654388552e-24,3.318447326069061e-05,0.5046569423998928,0.5475460284491938
RCSE_000027667,4508050458_00010,EXECUTE,NATURAL_COMPLETE_EVIDENCE,NONE,,133811.0,R4_99_100,ood_test_r4,GATHER,EXECUTE,0.30637579619601857,0.3532671186467085,0.5767368344628259,0.31015950138296733,0.1168873693411556,0.33655015036171737,9.1851739861397e-55,2.322960860671875e-05,0.3532671186467085,0.791630578941228
RCSE_000012691,4507038926_00010,EXECUTE,NATURAL_COMPLETE_EVIDENCE,NONE,,112453.0,R4_99_100,ood_test_r4,EXECUTE,EXECUTE,0.6182458567126297,0.4748920780243674,0.044703684298651694,0.07265700485068134,0.3370504589887186,0.4524196898849374,1.4037140532367583e-46,3.1227240013723764e-05,0.4748920780243674,0.6515948289798453
RCSE_000028716,4507038924_00010,EXECUTE,NATURAL_COMPLETE_EVIDENCE,NONE,,112453.0,R4_99_100,ood_test_r4,EXECUTE,EXECUTE,0.6184498070265048,0.4748920780243674,0.04527643601467691,0.07265700485068134,0.3362737569588183,0.4524196898849374,1.3478331583393831e-46,3.1227240013723764e-05,0.4748920780243674,0.6515948289798453
RCSE_000017292,4508051578_00010,EXECUTE,NATURAL_COMPLETE_EVIDENCE,NONE,,56201.0,R4_99_100,ood_test_r4,ESCALATE,EXECUTE,0.3604976108935903,0.5046569423998928,0.00044607221526155467,0.014533823274263056,0.6390563168911482,0.48077604985258343,1.4182322504543437e-25,3.318447326069061e-05,0.5046569423998928,0.5475460284491938
RCSE_000016481,4508057918_00010,EXECUTE,NATURAL_COMPLETE_EVIDENCE,NONE,,59409.0,R4_99_100,ood_test_r4,ESCALATE,EXECUTE,0.29142491035793505,0.5046569423998928,0.000399439511129505,0.014533823274263056,0.7081756501309354,0.48077604985258343,6.147521050870953e-27,3.318447326069061e-05,0.5046569423998928,0.5475460284491938
RCSE_000039947,4508052070_00010,EXECUTE,NATURAL_COMPLETE_EVIDENCE,NONE,,55744.0,R4_99_100,ood_test_r4,ESCALATE,EXECUTE,0.3744228236671297,0.5120475043992396,0.00014228310374396572,0.00010194239551029911,0.6254348932291263,0.4878168827545135,1.880453900695462e-25,3.367045073656265e-05,0.5120475043992396,0.5007442179902334
RCSE_000040449,4507038945_00010,EXECUTE,NATURAL_COMPLETE_EVIDENCE,NONE,,112453.0,R4_99_100,ood_test_r4,EXECUTE,EXECUTE,0.6194089386036863,0.4748920780243674,0.041489430540624546,0.07265700485068134,0.339101630855689,0.4524196898849374,1.4414316237474024e-46,3.1227240013723764e-05,0.4748920780243674,0.6515948289798453
RCSE_000019014,4507041465_00010,EXECUTE,NATURAL_COMPLETE_EVIDENCE,NONE,,112178.0,R4_99_100,ood_test_r4,EXECUTE,EXECUTE,0.6108853326913782,0.4748920780243674,0.05302758452387431,0.07265700485068134,0.3360870827847474,0.4524196898849374,1.2659427025046174e-46,3.1227240013723764e-05,0.4748920780243674,0.6515948289798453
RCSE_000039549,4508057578_00010,EXECUTE,NATURAL_COMPLETE_EVIDENCE,NONE,,55836.0,R4_99_100,ood_test_r4,ESCALATE,EXECUTE,0.4106451610778584,0.5046569423998928,0.001462264039339459,0.014533823274263056,0.5878925748828021,0.48077604985258343,2.4739415726597647e-25,3.318447326069061e-05,0.5046569423998928,0.5475460284491938
RCSE_000002612,4508053066_00010,EXECUTE,NATURAL_COMPLETE_EVIDENCE,NONE,,70494.0,R4_99_100,ood_test_r4,ESCALATE,EXECUTE,0.40852498285321215,0.5046569423998928,0.0023840350906505587,0.014533823274263056,0.5890909820561373,0.48077604985258343,2.4676219481069544e-30,3.318447326069061e-05,0.5046569423998928,0.5475460284491938
RCSE_000015148,4508046046_00010,EXECUTE,NATURAL_COMPLETE_EVIDENCE,NONE,,129197.0,R4_99_100,ood_test_r4,EXECUTE,EXECUTE,0.4857251759466437,0.3532671186467085,0.3153391509045,0.31015950138296733,0.19893567314885624,0.33655015036171737,8.242630140994427e-53,2.322960860671875e-05,0.3532671186467085,0.791630578941228
RCSE_000009656,4508053235_00010,EXECUTE,NATURAL_COMPLETE_EVIDENCE,NONE,,60621.0,R4_99_100,ood_test_r4,ESCALATE,EXECUTE,0.37988172400731024,0.5046569423998928,0.0006391061209294258,0.014533823274263056,0.6194791698717604,0.48077604985258343,4.244622310845048e-27,3.318447326069061e-05,0.5046569423998928,0.5475460284491938
RCSE_000007334,4507038942_00010,EXECUTE,NATURAL_COMPLETE_EVIDENCE,NONE,,112453.0,R4_99_100,ood_test_r4,EXECUTE,EXECUTE,0.6218773780393108,0.4748920780243674,0.03834561525562766,0.07265700485068134,0.3397770067050615,0.4524196898849374,1.313434728925919e-46,3.1227240013723764e-05,0.4748920780243674,0.6515948289798453
RCSE_000006383,4507038940_00010,EXECUTE,NATURAL_COMPLETE_EVIDENCE,NONE,,112453.0,R4_99_100,ood_test_r4,EXECUTE,EXECUTE,0.6221221382189669,0.4748920780243674,0.03903422958004755,0.07265700485068134,0.33884363220098557,0.4524196898849374,1.252707228714755e-46,3.1227240013723764e-05,0.4748920780243674,0.6515948289798453
RCSE_000033784,4508046714_00010,EXECUTE,NATURAL_COMPLETE_EVIDENCE,NONE,,56062.0,R4_99_100,ood_test_r4,ESCALATE,EXECUTE,0.4129282120539683,0.5046569423998928,0.0006614409884821312,0.014533823274263056,0.5864103469575495,0.48077604985258343,6.203969166269757e-26,3.318447326069061e-05,0.5046569423998928,0.5475460284491938
RCSE_000039765,4508046681_00010,EXECUTE,NATURAL_COMPLETE_EVIDENCE,NONE,,133811.0,R4_99_100,ood_test_r4,EXECUTE,EXECUTE,0.4419943249308153,0.3532671186467085,0.38918116089353616,0.31015950138296733,0.16882451417564848,0.33655015036171737,1.3846189256746076e-54,2.322960860671875e-05,0.3532671186467085,0.791630578941228
RCSE_000014208,4508047294_00010,EXECUTE,NATURAL_COMPLETE_EVIDENCE,NONE,,129197.0,R4_99_100,ood_test_r4,EXECUTE,EXECUTE,0.47354426128644095,0.3532671186467085,0.33042047836805605,0.31015950138296733,0.19603526034550303,0.33655015036171737,5.878078740430638e-53,2.322960860671875e-05,0.3532671186467085,0.791630578941228
RCSE_000011276,4508057309_00010,EXECUTE,NATURAL_COMPLETE_EVIDENCE,NONE,,133811.0,R4_99_100,ood_test_r4,GATHER,EXECUTE,0.3330514181634618,0.3532671186467085,0.5401797842105818,0.31015950138296733,0.12676879762595641,0.33655015036171737,6.2294319424909856e-55,2.322960860671875e-05,0.3532671186467085,0.791630578941228
RCSE_000012436,4508046147_00010,EXECUTE,NATURAL_COMPLETE_EVIDENCE,NONE,,56009.0,R4_99_100,ood_test_r4,ESCALATE,EXECUTE,0.4151701359229477,0.5046569423998928,0.0005979837243491431,0.014533823274263056,0.5842318803527031,0.48077604985258343,8.860827877002739e-26,3.318447326069061e-05,0.5046569423998928,0.5475460284491938
RCSE_000018872,4508056121_00010,EXECUTE,NATURAL_COMPLETE_EVIDENCE,NONE,,59729.0,R4_99_100,ood_test_r4,ESCALATE,EXECUTE,0.43902443667119173,0.5046569423998928,0.0012765885249019396,0.014533823274263056,0.5596989748039063,0.48077604985258343,6.075520355620659e-27,3.318447326069061e-05,0.5046569423998928,0.5475460284491938
RCSE_000028089,4508050983_00010,EXECUTE,NATURAL_COMPLETE_EVIDENCE,NONE,,137361.0,R4_99_100,ood_test_r4,GATHER,EXECUTE,0.3010256084048,0.3532671186467085,0.5934167529603772,0.31015950138296733,0.10555763863482272,0.33655015036171737,1.6976950163325088e-56,2.322960860671875e-05,0.3532671186467085,0.791630578941228
RCSE_000048758,4508050814_00010,EXECUTE,NATURAL_COMPLETE_EVIDENCE,NONE,,50662.0,R4_99_100,ood_test_r4,ESCALATE,EXECUTE,0.3909015322622835,0.5120475043992396,4.48691869996308e-05,0.00010194239551029911,0.6090535985507168,0.4878168827545135,7.426707592139892e-24,3.367045073656265e-05,0.5120475043992396,0.5007442179902334
RCSE_000008468,4508058538_00010,EXECUTE,NATURAL_COMPLETE_EVIDENCE,NONE,,194673.0,R4_99_100,ood_test_r4,GATHER,GATHER,0.17841928968147683,0.016863047467520677,0.8026635674600141,0.6353829737144826,0.018917142858509133,0.3477299775472483,7.132725979030223e-82,2.4001270748398124e-05,0.6353829737144826,0.5226752358365101
RCSE_000017817,4508057704_00010,EXECUTE,NATURAL_COMPLETE_EVIDENCE,NONE,,49858.0,R4_99_100,ood_test_r4,ESCALATE,EXECUTE,0.34394520104820286,0.5071946614497028,0.0003525330384955825,0.009578305813772612,0.6557022659133016,0.48319368139174607,9.653986662137649e-23,3.33513447785005e-05,0.5071946614497028,0.5342484110783624
RCSE_000042563,4507033684_00020,EXECUTE,NATURAL_COMPLETE_EVIDENCE,NONE,,127742.0,R4_99_100,ood_test_r4,EXECUTE,EXECUTE,0.6500936400019517,0.4748920780243674,0.07298253868051166,0.07265700485068134,0.2769238213175365,0.4524196898849374,6.727252972166705e-53,3.1227240013723764e-05,0.4748920780243674,0.6515948289798453
RCSE_000032504,4508057383_00010,EXECUTE,NATURAL_COMPLETE_EVIDENCE,NONE,,52093.0,R4_99_100,ood_test_r4,ESCALATE,EXECUTE,0.3268389997564507,0.5046569423998928,0.00046732150566026543,0.014533823274263056,0.672693678737889,0.48077604985258343,2.9020218115629327e-23,3.318447326069061e-05,0.5046569423998928,0.5475460284491938
RCSE_000008878,4508057388_00010,EXECUTE,NATURAL_COMPLETE_EVIDENCE,NONE,,50388.0,R4_99_100,ood_test_r4,ESCALATE,EXECUTE,0.32950414064342193,0.5120475043992396,0.00021906755818077158,0.00010194239551029911,0.6702767917983974,0.4878168827545135,5.987911306296738e-23,3.367045073656265e-05,0.5120475043992396,0.5007442179902334
RCSE_000019208,4508057313_00010,EXECUTE,NATURAL_COMPLETE_EVIDENCE,NONE,,51861.0,R4_99_100,ood_test_r4,ESCALATE,EXECUTE,0.32558963219400355,0.5046569423998928,0.0003874778307550352,0.014533823274263056,0.6740228899752415,0.48077604985258343,3.111779461155243e-23,3.318447326069061e-05,0.5046569423998928,0.5475460284491938
RCSE_000004025,4508053259_00010,EXECUTE,NATURAL_COMPLETE_EVIDENCE,NONE,,57881.0,R4_99_100,ood_test_r4,ESCALATE,EXECUTE,0.37711912892396404,0.5120475043992396,0.00012194388985524287,0.00010194239551029911,0.6227589271861806,0.4878168827545135,1.9219199261469222e-26,3.367045073656265e-05,0.5120475043992396,0.5007442179902334
RCSE_000003447,4508053064_00010,EXECUTE,NATURAL_COMPLETE_EVIDENCE,NONE,,49735.0,R4_99_100,ood_test_r4,ESCALATE,EXECUTE,0.4066429676577558,0.5046569423998928,0.00040204201352714823,0.014533823274263056,0.592954990328717,0.48077604985258343,3.184171498339525e-23,3.318447326069061e-05,0.5046569423998928,0.5475460284491938
RCSE_000011107,4508061491_00010,EXECUTE,NATURAL_COMPLETE_EVIDENCE,NONE,,60251.0,R4_99_100,ood_test_r4,ESCALATE,EXECUTE,0.4401482050593905,0.5046569423998928,0.0019131450776901043,0.014533823274263056,0.5579386498629194,0.48077604985258343,5.262927623071339e-27,3.318447326069061e-05,0.5046569423998928,0.5475460284491938
RCSE_000017631,4508045529_00020,EXECUTE,NATURAL_COMPLETE_EVIDENCE,NONE,,109493.0,R4_99_100,ood_test_r4,EXECUTE,EXECUTE,0.5245482568725015,0.4748920780243674,0.06629897171202592,0.07265700485068134,0.40915277141547257,0.4524196898849374,2.959259595702915e-45,3.1227240013723764e-05,0.4748920780243674,0.6515948289798453
RCSE_000019781,4508051849_00010,EXECUTE,NATURAL_COMPLETE_EVIDENCE,NONE,,133811.0,R4_99_100,ood_test_r4,GATHER,EXECUTE,0.35801065040716035,0.3532671186467085,0.5050111999593462,0.31015950138296733,0.1369781496334935,0.33655015036171737,9.210281961425813e-55,2.322960860671875e-05,0.3532671186467085,0.791630578941228
RCSE_000011617,4508053154_00010,EXECUTE,NATURAL_COMPLETE_EVIDENCE,NONE,,133811.0,R4_99_100,ood_test_r4,GATHER,EXECUTE,0.37491370866761725,0.3532671186467085,0.4806679441088436,0.31015950138296733,0.14441834722353916,0.33655015036171737,9.746364796585396e-55,2.322960860671875e-05,0.3532671186467085,0.791630578941228
RCSE_000024784,4508053156_00010,EXECUTE,NATURAL_COMPLETE_EVIDENCE,NONE,,133811.0,R4_99_100,ood_test_r4,GATHER,EXECUTE,0.3877188821144269,0.3532671186467085,0.46401337616223254,0.31015950138296733,0.1482677417233406,0.33655015036171737,1.4744758721116957e-54,2.322960860671875e-05,0.3532671186467085,0.791630578941228
RCSE_000007992,4508048709_00010,EXECUTE,NATURAL_COMPLETE_EVIDENCE,NONE,,133811.0,R4_99_100,ood_test_r4,GATHER,EXECUTE,0.37998584899026344,0.3532671186467085,0.4700407367040765,0.31015950138296733,0.1499734143056601,0.33655015036171737,2.918985168622538e-55,2.322960860671875e-05,0.3532671186467085,0.791630578941228
RCSE_000026983,4507038956_00010,EXECUTE,NATURAL_COMPLETE_EVIDENCE,NONE,,112453.0,R4_99_100,ood_test_r4,EXECUTE,EXECUTE,0.6213229795181181,0.4748920780243674,0.026531415377067075,0.07265700485068134,0.35214560510481485,0.4524196898849374,6.177349042825065e-47,3.1227240013723764e-05,0.4748920780243674,0.6515948289798453
RCSE_000004910,4507034731_00010,EXECUTE,NATURAL_COMPLETE_EVIDENCE,NONE,,101595.0,R4_99_100,ood_test_r4,EXECUTE,EXECUTE,0.539938107675469,0.4748920780243674,0.008769939642308112,0.07265700485068134,0.45129195268222294,0.4524196898849374,1.0239344652114064e-42,3.1227240013723764e-05,0.4748920780243674,0.6515948289798453
RCSE_000002207,4507034736_00010,EXECUTE,NATURAL_COMPLETE_EVIDENCE,NONE,,101595.0,R4_99_100,ood_test_r4,EXECUTE,EXECUTE,0.5381355725608713,0.4748920780243674,0.008311459512906558,0.07265700485068134,0.45355296792622213,0.4524196898849374,1.1535247531404965e-42,3.1227240013723764e-05,0.4748920780243674,0.6515948289798453
RCSE_000041490,4508061134_00010,EXECUTE,NATURAL_COMPLETE_EVIDENCE,NONE,,55579.0,R4_99_100,ood_test_r4,ESCALATE,EXECUTE,0.40997493913054145,0.5046569423998928,0.0012899272154010357,0.014533823274263056,0.5887351336540575,0.48077604985258343,2.8127992038368095e-25,3.318447326069061e-05,0.5046569423998928,0.5475460284491938
RCSE_000027642,2000052850_00001,EXECUTE,NATURAL_COMPLETE_EVIDENCE,NONE,,181659.0,R4_99_100,ood_test_r4,GATHER,GATHER,0.024508725181248723,0.01859343391192643,0.9675841775692297,0.784341350909634,0.007907097249521681,0.197038751038887,5.64294908909063e-76,2.6464139552600493e-05,0.784341350909634,0.421958530007375
RCSE_000009334,4508059760_00010,EXECUTE,NATURAL_COMPLETE_EVIDENCE,NONE,,55165.0,R4_99_100,ood_test_r4,ESCALATE,EXECUTE,0.4333152488581922,0.5046569423998928,0.001016016102526971,0.014533823274263056,0.5656687350392807,0.48077604985258343,3.9758033173333415e-25,3.318447326069061e-05,0.5046569423998928,0.5475460284491938
RCSE_000031781,4508064017_00010,EXECUTE,NATURAL_COMPLETE_EVIDENCE,NONE,,55583.0,R4_99_100,ood_test_r4,ESCALATE,EXECUTE,0.4102446012278431,0.5046569423998928,0.0014700440902119113,0.014533823274263056,0.588285354681945,0.48077604985258343,3.0002378517886147e-25,3.318447326069061e-05,0.5046569423998928,0.5475460284491938
RCSE_000048135,2000052831_00001,EXECUTE,NATURAL_COMPLETE_EVIDENCE,NONE,,56591.0,R4_99_100,ood_test_r4,ESCALATE,EXECUTE,0.3171025101770182,0.5120475043992396,0.00010903473375507135,0.00010194239551029911,0.6827884550892269,0.4878168827545135,1.166922029834511e-26,3.367045073656265e-05,0.5120475043992396,0.5007442179902334
RCSE_000040640,4508058058_00010,EXECUTE,NATURAL_COMPLETE_EVIDENCE,NONE,,58654.0,R4_99_100,ood_test_r4,ESCALATE,EXECUTE,0.48049320065959494,0.5046569423998928,0.0005986376677834637,0.014533823274263056,0.5189081616726215,0.48077604985258343,1.3933425689040554e-26,3.318447326069061e-05,0.5046569423998928,0.5475460284491938
RCSE_000021495,4508057345_00010,EXECUTE,NATURAL_COMPLETE_EVIDENCE,NONE,,56752.0,R4_99_100,ood_test_r4,ESCALATE,EXECUTE,0.4087217133415006,0.5046569423998928,0.0006060615275664691,0.014533823274263056,0.5906722251309329,0.48077604985258343,4.5433274529013536e-26,3.318447326069061e-05,0.5046569423998928,0.5475460284491938
RCSE_000044203,4508060179_00010,EXECUTE,NATURAL_COMPLETE_EVIDENCE,NONE,,50749.0,R4_99_100,ood_test_r4,ESCALATE,EXECUTE,0.4996477104757291,0.5046569423998928,0.0004570520617670145,0.014533823274263056,0.4998952374625039,0.48077604985258343,1.8319312464882325e-23,3.318447326069061e-05,0.5046569423998928,0.5475460284491938
RCSE_000000143,2000052791_00001,EXECUTE,NATURAL_COMPLETE_EVIDENCE,NONE,,193989.0,R4_99_100,ood_test_r4,GATHER,GATHER,0.03382595608911588,0.022445385124547246,0.9611258842668992,0.9468312186799488,0.0050481596439849825,0.030691449552024273,8.542968159287416e-80,3.194664347971098e-05,0.9468312186799488,0.17615305744566476
RCSE_000008212,4508061704_00010,EXECUTE,NATURAL_COMPLETE_EVIDENCE,NONE,,56700.0,R4_99_100,ood_test_r4,ESCALATE,EXECUTE,0.36642253098478456,0.5070140368427284,0.0003526266994965422,0.009931019560285631,0.633224842315719,0.483021604129449,1.5306015602698966e-25,3.333946753687996e-05,0.5070140368427284,0.5352475675093071
RCSE_000016303,4508057346_00010,EXECUTE,NATURAL_COMPLETE_EVIDENCE,NONE,,56752.0,R4_99_100,ood_test_r4,ESCALATE,EXECUTE,0.4076036534641022,0.5046569423998928,0.000577888183608406,0.014533823274263056,0.5918184583522894,0.48077604985258343,4.7957065869426964e-26,3.318447326069061e-05,0.5046569423998928,0.5475460284491938
RCSE_000033526,4508062848_00010,EXECUTE,NATURAL_COMPLETE_EVIDENCE,NONE,,54732.0,R4_99_100,ood_test_r4,ESCALATE,EXECUTE,0.4186974557885025,0.5046569423998928,0.0015510861596806614,0.014533823274263056,0.5797514580518168,0.48077604985258343,4.752050304039591e-25,3.318447326069061e-05,0.5046569423998928,0.5475460284491938
RCSE_000032008,4508057312_00010,EXECUTE,NATURAL_COMPLETE_EVIDENCE,NONE,,52871.0,R4_99_100,ood_test_r4,ESCALATE,EXECUTE,0.33413945317089694,0.5120475043992396,0.0001489772105031002,0.00010194239551029911,0.6657115696185999,0.4878168827545135,3.5022689598777146e-24,3.367045073656265e-05,0.5120475043992396,0.5007442179902334
RCSE_000006360,4508059461_00150,EXECUTE,NATURAL_COMPLETE_EVIDENCE,NONE,,88884.0,R4_99_100,ood_test_r4,ESCALATE,EXECUTE,0.375821181917586,0.46764641826218206,0.08711261317450837,0.08680592865174987,0.5370662049079056,0.4455169022952664,3.1226270292904917e-41,3.0750790801530476e-05,0.46764641826218206,0.6694976426018927
RCSE_000018915,4508062877_00010,EXECUTE,NATURAL_COMPLETE_EVIDENCE,NONE,,64432.0,R4_99_100,ood_test_r4,ESCALATE,EXECUTE,0.4408433696445284,0.4953472004749362,0.0027409417431641767,0.032713372608235036,0.5564156886123073,0.4719068546195951,9.488498951055696e-29,3.257229723373754e-05,0.4953472004749362,0.5875985449324731
RCSE_000025132,4508060181_00010,EXECUTE,NATURAL_COMPLETE_EVIDENCE,NONE,,50749.0,R4_99_100,ood_test_r4,ESCALATE,EXECUTE,0.49791905240843454,0.5046569423998928,0.00042847282968467627,0.014533823274263056,0.5016524747618807,0.48077604985258343,1.9959709655061754e-23,3.318447326069061e-05,0.5046569423998928,0.5475460284491938
RCSE_000036599,4507036333_00010,EXECUTE,NATURAL_COMPLETE_EVIDENCE,NONE,,152890.0,R4_99_100,ood_test_r4,EXECUTE,EXECUTE,0.6082778297433749,0.42913668131373434,0.19549662521117878,0.16200561392077534,0.19622554504544634,0.4088294862401322,1.1979953878836228e-62,2.8218525358069368e-05,0.42913668131373434,0.738578612721339
RCSE_000031363,4508061802_00010,EXECUTE,NATURAL_COMPLETE_EVIDENCE,NONE,,51208.0,R4_99_100,ood_test_r4,ESCALATE,EXECUTE,0.45962813847705847,0.5046569423998928,0.0005255708870704557,0.014533823274263056,0.5398462906358711,0.48077604985258343,1.2516102504947911e-23,3.318447326069061e-05,0.5046569423998928,0.5475460284491938
RCSE_000047244,4508060964_00010,EXECUTE,NATURAL_COMPLETE_EVIDENCE,NONE,,50931.0,R4_99_100,ood_test_r4,ESCALATE,EXECUTE,0.3455442434067607,0.5120475043992396,0.00019268618880839206,0.00010194239551029911,0.6542630704044309,0.4878168827545135,2.143645947462788e-23,3.367045073656265e-05,0.5120475043992396,0.5007442179902334
RCSE_000010315,4508059599_00010,EXECUTE,NATURAL_COMPLETE_EVIDENCE,NONE,,51615.0,R4_99_100,ood_test_r4,ESCALATE,EXECUTE,0.4141995818791194,0.5046569423998928,0.0004647555484491101,0.014533823274263056,0.5853356625724314,0.48077604985258343,5.012807990227735e-24,3.318447326069061e-05,0.5046569423998928,0.5475460284491938
RCSE_000017382,4508057706_00010,EXECUTE,NATURAL_COMPLETE_EVIDENCE,NONE,,49858.0,R4_99_100,ood_test_r4,ESCALATE,EXECUTE,0.34222542748886237,0.5120475043992396,0.00018487144864996345,0.00010194239551029911,0.6575897010624877,0.4878168827545135,7.041383759612042e-23,3.367045073656265e-05,0.5120475043992396,0.5007442179902334
RCSE_000013623,4508060164_00010,EXECUTE,NATURAL_COMPLETE_EVIDENCE,NONE,,50653.0,R4_99_100,ood_test_r4,ESCALATE,EXECUTE,0.3457664518646657,0.5120475043992396,0.00025567644635796907,0.00010194239551029911,0.6539778716889764,0.4878168827545135,4.0189578935320066e-23,3.367045073656265e-05,0.5120475043992396,0.5007442179902334
RCSE_000019936,4508063253_00010,EXECUTE,NATURAL_COMPLETE_EVIDENCE,NONE,,56478.0,R4_99_100,ood_test_r4,ESCALATE,EXECUTE,0.36662341311450225,0.5046569423998928,0.000404065227855063,0.014533823274263056,0.6329725216576427,0.48077604985258343,2.0014564116509151e-25,3.318447326069061e-05,0.5046569423998928,0.5475460284491938
RCSE_000013938,4508060962_00010,EXECUTE,NATURAL_COMPLETE_EVIDENCE,NONE,,50931.0,R4_99_100,ood_test_r4,ESCALATE,EXECUTE,0.3444443332472922,0.5120475043992396,0.0001807322635941325,0.00010194239551029911,0.6553749344891137,0.4878168827545135,2.2444144321135757e-23,3.367045073656265e-05,0.5120475043992396,0.5007442179902334
RCSE_000047348,2000052785_00001,EXECUTE,NATURAL_COMPLETE_EVIDENCE,NONE,,108487.0,R4_99_100,ood_test_r4,EXECUTE,EXECUTE,0.5821178664591732,0.4748920780243674,0.010349416882762705,0.07265700485068134,0.40753271665806406,0.4524196898849374,5.478011790265843e-47,3.1227240013723764e-05,0.4748920780243674,0.6515948289798453
RCSE_000032284,4508047668_00010,EXECUTE,NATURAL_COMPLETE_EVIDENCE,NONE,,112453.0,R4_99_100,ood_test_r4,EXECUTE,EXECUTE,0.6220065807597721,0.4748920780243674,0.03812463629618755,0.07265700485068134,0.3398687829440402,0.4524196898849374,1.3098464582811467e-46,3.1227240013723764e-05,0.4748920780243674,0.6515948289798453
RCSE_000005540,4508059393_00010,EXECUTE,NATURAL_COMPLETE_EVIDENCE,NONE,,69757.0,R4_99_100,ood_test_r4,ESCALATE,EXECUTE,0.4917327178507035,0.4748920780243674,0.0061587201225716875,0.07265700485068134,0.5021085620267247,0.4524196898849374,4.407074090430708e-30,3.1227240013723764e-05,0.4748920780243674,0.6515948289798453
RCSE_000006602,4508047672_00010,EXECUTE,NATURAL_COMPLETE_EVIDENCE,NONE,,112453.0,R4_99_100,ood_test_r4,EXECUTE,EXECUTE,0.6243510610241713,0.4748920780243674,0.033141021282974054,0.07265700485068134,0.3425079176928546,0.4524196898849374,1.2788933008404685e-46,3.1227240013723764e-05,0.4748920780243674,0.6515948289798453
RCSE_000041974,4508047662_00010,EXECUTE,NATURAL_COMPLETE_EVIDENCE,NONE,,112453.0,R4_99_100,ood_test_r4,EXECUTE,EXECUTE,0.6253779428380517,0.4748920780243674,0.035117191588890734,0.07265700485068134,0.33950486557305765,0.4524196898849374,1.0930114131351521e-46,3.1227240013723764e-05,0.4748920780243674,0.6515948289798453
RCSE_000015399,4508044124_00010,EXECUTE,NATURAL_COMPLETE_EVIDENCE,NONE,,106749.0,R4_99_100,ood_test_r4,EXECUTE,EXECUTE,0.5555530622745771,0.4748920780243674,0.015247155429748848,0.07265700485068134,0.4291997822956741,0.4524196898849374,1.3725266592277807e-44,3.1227240013723764e-05,0.4748920780243674,0.6515948289798453
RCSE_000008577,4507038958_00010,EXECUTE,NATURAL_COMPLETE_EVIDENCE,NONE,,112453.0,R4_99_100,ood_test_r4,EXECUTE,EXECUTE,0.6319906066218048,0.4748920780243674,0.013119918162567797,0.07265700485068134,0.35488947521562725,0.4524196898849374,5.535021280201421e-47,3.1227240013723764e-05,0.4748920780243674,0.6515948289798453
RCSE_000019855,4507038960_00010,EXECUTE,NATURAL_COMPLETE_EVIDENCE,NONE,,112453.0,R4_99_100,ood_test_r4,EXECUTE,EXECUTE,0.6316445825687281,0.4748920780243674,0.01297015806213863,0.07265700485068134,0.3553852593691331,0.4524196898849374,5.696088602769808e-47,3.1227240013723764e-05,0.4748920780243674,0.6515948289798453
RCSE_000008562,4508069025_00010,EXECUTE,NATURAL_COMPLETE_EVIDENCE,NONE,,97601.0,R4_99_100,ood_test_r4,EXECUTE,EXECUTE,0.7924066951352813,0.4748920780243674,0.004469966521884015,0.07265700485068134,0.20312333834283453,0.4524196898849374,4.368372903606431e-43,3.1227240013723764e-05,0.4748920780243674,0.6515948289798453
RCSE_000015614,4508066577_00010,EXECUTE,NATURAL_COMPLETE_EVIDENCE,NONE,,64951.0,R4_99_100,ood_test_r4,ESCALATE,EXECUTE,0.443141177294001,0.4942608621074552,0.002751064472635315,0.034834714113101725,0.5541077582333636,0.4708719229160162,1.018171286489837e-28,3.250086342696912e-05,0.4942608621074552,0.5916699499325693
RCSE_000001409,4508068321_00010,EXECUTE,NATURAL_COMPLETE_EVIDENCE,NONE,,58543.0,R4_99_100,ood_test_r4,ESCALATE,EXECUTE,0.43285781379490457,0.5046569423998928,0.0005214818060917717,0.014533823274263056,0.5666207043990037,0.48077604985258343,1.5028958727177814e-26,3.318447326069061e-05,0.5046569423998928,0.5475460284491938
RCSE_000012221,4508047686_00010,EXECUTE,NATURAL_COMPLETE_EVIDENCE,NONE,,112453.0,R4_99_100,ood_test_r4,EXECUTE,EXECUTE,0.6257316460089645,0.4748920780243674,0.03437795527170055,0.07265700485068134,0.33989039871933496,0.4524196898849374,1.0885006929540845e-46,3.1227240013723764e-05,0.4748920780243674,0.6515948289798453
RCSE_000047307,4507038963_00010,EXECUTE,NATURAL_COMPLETE_EVIDENCE,NONE,,112453.0,R4_99_100,ood_test_r4,EXECUTE,EXECUTE,0.628757203401661,0.4748920780243674,0.013234882310997422,0.07265700485068134,0.35800791428734163,0.4524196898849374,4.105445937035372e-47,3.1227240013723764e-05,0.4748920780243674,0.6515948289798453
RCSE_000030101,4508063807_00010,EXECUTE,NATURAL_COMPLETE_EVIDENCE,NONE,,50749.0,R4_99_100,ood_test_r4,EXECUTE,EXECUTE,0.5122123843723976,0.5046569423998928,0.0006127102974048402,0.014533823274263056,0.4871749053301976,0.48077604985258343,1.325013388405834e-23,3.318447326069061e-05,0.5046569423998928,0.5475460284491938
RCSE_000042379,4508049806_00020,EXECUTE,NATURAL_COMPLETE_EVIDENCE,NONE,,133811.0,R4_99_100,ood_test_r4,EXECUTE,EXECUTE,0.5391290693920118,0.3823252181387167,0.2554856957391351,0.2534164511969773,0.20538523486885318,0.364233190296836,1.8161925222938728e-54,2.5140367469984197e-05,0.3823252181387167,0.7816501082366815
RCSE_000042790,4508063716_00010,EXECUTE,NATURAL_COMPLETE_EVIDENCE,NONE,,50629.0,R4_99_100,ood_test_r4,ESCALATE,EXECUTE,0.34675175482818316,0.5120475043992396,0.00017757293176283993,0.00010194239551029911,0.653070672240054,0.4878168827545135,3.900817546433253e-23,3.367045073656265e-05,0.5120475043992396,0.5007442179902334
RCSE_000010135,4508050043_00010,EXECUTE,NATURAL_COMPLETE_EVIDENCE,NONE,,365472.0,R4_99_100,ood_test_r4,GATHER,GATHER,8.556419996118494e-09,0.001434793590798254,0.9999999913236378,0.9971815456047864,1.199422135955214e-10,0.0013501781119968526,2.4392986661760516e-149,3.348269241839992e-05,0.9971815456047864,0.015490245654545019
RCSE_000022467,4508064289_00010,EXECUTE,NATURAL_COMPLETE_EVIDENCE,NONE,,51164.0,R4_99_100,ood_test_r4,ESCALATE,EXECUTE,0.33514468629723365,0.5120475043992396,0.00023753680205441873,0.00010194239551029911,0.6646177769007119,0.4878168827545135,1.962357116334554e-23,3.367045073656265e-05,0.5120475043992396,0.5007442179902334
RCSE_000045180,2000052844_00001,EXECUTE,NATURAL_COMPLETE_EVIDENCE,NONE,,51944.0,R4_99_100,ood_test_r4,ESCALATE,EXECUTE,0.350014584892395,0.5120475043992396,4.9990065032885334e-05,0.00010194239551029911,0.6499354250425721,0.4878168827545135,3.7526494499796095e-25,3.367045073656265e-05,0.5120475043992396,0.5007442179902334
RCSE_000047375,2000052937_00001,EXECUTE,NATURAL_COMPLETE_EVIDENCE,NONE,,385985.0,R4_99_100,ood_test_r4,GATHER,GATHER,1.960608108687909e-09,0.001434793590798254,0.9999999980168275,0.9971815456047864,2.256444684976438e-11,0.0013501781119968526,9.43300273812355e-159,3.348269241839992e-05,0.9971815456047864,0.015490245654545019
RCSE_000011552,4508062290_00010,EXECUTE,NATURAL_COMPLETE_EVIDENCE,NONE,,55744.0,R4_99_100,ood_test_r4,ESCALATE,EXECUTE,0.3739365159508317,0.5120475043992396,8.584601498880192e-05,0.00010194239551029911,0.6259776380341795,0.4878168827545135,2.286073069397967e-25,3.367045073656265e-05,0.5120475043992396,0.5007442179902334
RCSE_000020435,4508067251_00010,EXECUTE,NATURAL_COMPLETE_EVIDENCE,NONE,,50402.0,R4_99_100,ood_test_r4,ESCALATE,EXECUTE,0.431056402076886,0.5046569423998928,0.0008522043669570205,0.014533823274263056,0.5680913935561569,0.48077604985258343,2.2056606484394066e-23,3.318447326069061e-05,0.5046569423998928,0.5475460284491938
RCSE_000003770,4508064038_00010,EXECUTE,NATURAL_COMPLETE_EVIDENCE,NONE,,50749.0,R4_99_100,ood_test_r4,ESCALATE,EXECUTE,0.4980344099360841,0.5120475043992396,0.00032145313831357064,0.00010194239551029911,0.5016441369256024,0.4878168827545135,2.8577442870166307e-23,3.367045073656265e-05,0.5120475043992396,0.5007442179902334
RCSE_000039449,4507015998_00020,EXECUTE,NATURAL_COMPLETE_EVIDENCE,NONE,,100718.0,R4_99_100,ood_test_r4,EXECUTE,EXECUTE,0.7454699436135198,0.5120997090703223,2.6379191163796466e-19,0.0,0.25453005638648013,0.48786661704614465,8.27653592441808e-41,3.3673883532916135e-05,0.5120997090703223,0.5000457857569834
RCSE_000035138,2000052726_00001,EXECUTE,NATURAL_COMPLETE_EVIDENCE,NONE,,52028.0,R4_99_100,ood_test_r4,ESCALATE,EXECUTE,0.359842853708589,0.5120475043992396,6.195659120329988e-07,0.00010194239551029911,0.6401565267254989,0.4878168827545135,7.468108161943132e-26,3.367045073656265e-05,0.5120475043992396,0.5007442179902334
RCSE_000029546,4508065213_00010,EXECUTE,NATURAL_COMPLETE_EVIDENCE,NONE,,63898.0,R4_99_100,ood_test_r4,ESCALATE,EXECUTE,0.4385083635596141,0.5046569423998928,0.0014621711427263266,0.014533823274263056,0.5600294652976595,0.48077604985258343,1.7705169584169686e-28,3.318447326069061e-05,0.5046569423998928,0.5475460284491938
RCSE_000021547,4508066595_00010,EXECUTE,NATURAL_COMPLETE_EVIDENCE,NONE,,57148.0,R4_99_100,ood_test_r4,ESCALATE,EXECUTE,0.3703260306750679,0.507429853988176,0.0003524111818026831,0.009119034827463865,0.6293215581431294,0.4834177443741439,1.5631041162304695e-25,3.336681021620351e-05,0.507429853988176,0.5329331678432683
RCSE_000039511,4508066681_00010,EXECUTE,NATURAL_COMPLETE_EVIDENCE,NONE,,149391.0,R4_99_100,ood_test_r4,GATHER,GATHER,0.15019614637475384,0.016730751525957134,0.803803177195527,0.6382435096226836,0.04600067642971925,0.345001925878172,6.510325652855868e-61,2.3812973187207204e-05,0.6382435096226836,0.521128531699951
RCSE_000026337,2000052969_00001,EXECUTE,NATURAL_COMPLETE_EVIDENCE,NONE,,236627.0,R4_99_100,ood_test_r4,GATHER,GATHER,0.0005994540000100274,0.0014415904104370656,0.9993424107126329,0.997168194188731,5.813528735701292e-05,0.001356574096176297,2.3284909720973833e-97,3.364130465562288e-05,0.997168194188731,0.015553957684369431
RCSE_000026083,4508065242_00010,EXECUTE,NATURAL_COMPLETE_EVIDENCE,NONE,,58117.0,R4_99_100,ood_test_r4,ESCALATE,EXECUTE,0.4425553625920801,0.5120475043992396,0.0003490513130636867,0.00010194239551029911,0.5570955860948561,0.4878168827545135,5.832863176391822e-26,3.367045073656265e-05,0.5120475043992396,0.5007442179902334
RCSE_000049681,4508063730_00010,EXECUTE,NATURAL_COMPLETE_EVIDENCE,NONE,,57808.0,R4_99_100,ood_test_r4,ESCALATE,EXECUTE,0.3784231182222267,0.5120475043992396,0.00010305944940961985,0.00010194239551029911,0.6214738223283637,0.4878168827545135,2.8370816909180136e-26,3.367045073656265e-05,0.5120475043992396,0.5007442179902334
RCSE_000026022,4508059391_00010,EXECUTE,NATURAL_COMPLETE_EVIDENCE,NONE,,57273.0,R4_99_100,ood_test_r4,ESCALATE,EXECUTE,0.4231545494174351,0.5046569423998928,0.0015803692161487596,0.014533823274263056,0.5752650813664162,0.48077604985258343,1.581270756728775e-25,3.318447326069061e-05,0.5046569423998928,0.5475460284491938
RCSE_000039678,2000052866_00001,EXECUTE,NATURAL_COMPLETE_EVIDENCE,NONE,,52165.0,R4_99_100,ood_test_r4,ESCALATE,EXECUTE,0.4383362308766669,0.5120475043992396,4.98342562346918e-05,0.00010194239551029911,0.5616139348670984,0.4878168827545135,4.142370402831765e-25,3.367045073656265e-05,0.5120475043992396,0.5007442179902334
RCSE_000018603,4508072692_00010,EXECUTE,NATURAL_COMPLETE_EVIDENCE,NONE,,64172.0,R4_99_100,ood_test_r4,ESCALATE,EXECUTE,0.4704690865738401,0.4748920780243674,0.006752198083393918,0.07265700485068134,0.5227787153427661,0.4524196898849374,5.731697566016191e-29,3.1227240013723764e-05,0.4748920780243674,0.6515948289798453
RCSE_000002137,4508073681_00010,EXECUTE,NATURAL_COMPLETE_EVIDENCE,NONE,,75053.0,R4_99_100,ood_test_r4,EXECUTE,EXECUTE,0.5677952748016495,0.5120475043992396,0.0003459582740190215,0.00010194239551029911,0.4318587669243315,0.4878168827545135,2.4668780931171194e-32,3.367045073656265e-05,0.5120475043992396,0.5007442179902334
RCSE_000048579,4508068195_00020,EXECUTE,NATURAL_COMPLETE_EVIDENCE,NONE,,49903.0,R4_99_100,ood_test_r4,ESCALATE,EXECUTE,0.32463204617745295,0.5120475043992396,0.00013448624620164315,0.00010194239551029911,0.6752334675763454,0.4878168827545135,8.271977166797391e-23,3.367045073656265e-05,0.5120475043992396,0.5007442179902334
RCSE_000018763,4508066730_00010,EXECUTE,NATURAL_COMPLETE_EVIDENCE,NONE,,84870.0,R4_99_100,ood_test_r4,EXECUTE,EXECUTE,0.5560570656963362,0.4748920780243674,0.005012054693481938,0.07265700485068134,0.4389308796101819,0.4524196898849374,4.936575419512387e-36,3.1227240013723764e-05,0.4748920780243674,0.6515948289798453
RCSE_000045239,4508072519_00020,EXECUTE,NATURAL_COMPLETE_EVIDENCE,NONE,,100610.0,R4_99_100,ood_test_r4,EXECUTE,EXECUTE,0.5997846983551063,0.4748920780243674,0.03357971423708136,0.07265700485068134,0.3666355874078124,0.4524196898849374,9.217394330392577e-44,3.1227240013723764e-05,0.4748920780243674,0.6515948289798453
RCSE_000041699,4508068781_00010,EXECUTE,NATURAL_COMPLETE_EVIDENCE,NONE,,58674.0,R4_99_100,ood_test_r4,ESCALATE,EXECUTE,0.48139448779159844,0.5120475043992396,0.00010722171202559397,0.00010194239551029911,0.518498290496376,0.4878168827545135,9.191129643779685e-27,3.367045073656265e-05,0.5120475043992396,0.5007442179902334
RCSE_000022428,4507039743_00010,EXECUTE,NATURAL_COMPLETE_EVIDENCE,NONE,,53728.0,R4_99_100,ood_test_r4,ESCALATE,EXECUTE,0.4308352043521947,0.5120475043992396,1.2653190258420542e-05,0.00010194239551029911,0.5691521424575469,0.4878168827545135,4.52603909038049e-25,3.367045073656265e-05,0.5120475043992396,0.5007442179902334
RCSE_000048917,4508067854_00010,EXECUTE,NATURAL_COMPLETE_EVIDENCE,NONE,,66165.0,R4_99_100,ood_test_r4,ESCALATE,EXECUTE,0.4680946838760094,0.5046569423998928,0.0016530738391457684,0.014533823274263056,0.5302522422848449,0.48077604985258343,4.3900352321285094e-29,3.318447326069061e-05,0.5046569423998928,0.5475460284491938
RCSE_000038489,4508047684_00010,EXECUTE,NATURAL_COMPLETE_EVIDENCE,NONE,,112453.0,R4_99_100,ood_test_r4,EXECUTE,EXECUTE,0.633531548834027,0.4748920780243674,0.01844095632262712,0.07265700485068134,0.34802749484334583,0.4524196898849374,1.5263127358459233e-46,3.1227240013723764e-05,0.4748920780243674,0.6515948289798453
RCSE_000016889,4508047687_00010,EXECUTE,NATURAL_COMPLETE_EVIDENCE,NONE,,112453.0,R4_99_100,ood_test_r4,EXECUTE,EXECUTE,0.6335315066647357,0.4748920780243674,0.01844299532809714,0.07265700485068134,0.3480254980071671,0.4524196898849374,1.5256677299368208e-46,3.1227240013723764e-05,0.4748920780243674,0.6515948289798453
RCSE_000042020,4508060321_00010,EXECUTE,NATURAL_COMPLETE_EVIDENCE,NONE,,107955.0,R4_99_100,ood_test_r4,EXECUTE,EXECUTE,0.6123193923553836,0.4748920780243674,0.03877585953244751,0.07265700485068134,0.348904748112169,0.4524196898849374,8.187697112065585e-45,3.1227240013723764e-05,0.4748920780243674,0.6515948289798453
RCSE_000010951,4508047694_00010,EXECUTE,NATURAL_COMPLETE_EVIDENCE,NONE,,112453.0,R4_99_100,ood_test_r4,EXECUTE,EXECUTE,0.6330046484486268,0.4748920780243674,0.018084913024533515,0.07265700485068134,0.3489104385268396,0.4524196898849374,1.6043672313614784e-46,3.1227240013723764e-05,0.4748920780243674,0.6515948289798453
RCSE_000035991,4508047697_00010,EXECUTE,NATURAL_COMPLETE_EVIDENCE,NONE,,112453.0,R4_99_100,ood_test_r4,EXECUTE,EXECUTE,0.6327757634073209,0.4748920780243674,0.017935264290771673,0.07265700485068134,0.3492889723019073,0.4524196898849374,1.6384553885077787e-46,3.1227240013723764e-05,0.4748920780243674,0.6515948289798453
RCSE_000023748,4508047698_00010,EXECUTE,NATURAL_COMPLETE_EVIDENCE,NONE,,112453.0,R4_99_100,ood_test_r4,EXECUTE,EXECUTE,0.6326293401374579,0.4748920780243674,0.01783673181619855,0.07265700485068134,0.34953392804634353,0.4524196898849374,1.6611582363197112e-46,3.1227240013723764e-05,0.4748920780243674,0.6515948289798453
RCSE_000045846,4508047712_00010,EXECUTE,NATURAL_COMPLETE_EVIDENCE,NONE,,112453.0,R4_99_100,ood_test_r4,EXECUTE,EXECUTE,0.6321414503498873,0.4748920780243674,0.017523656308984403,0.07265700485068134,0.3503348933411282,0.4524196898849374,1.738800221446125e-46,3.1227240013723764e-05,0.4748920780243674,0.6515948289798453
RCSE_000005324,4508047705_00010,EXECUTE,NATURAL_COMPLETE_EVIDENCE,NONE,,112453.0,R4_99_100,ood_test_r4,EXECUTE,EXECUTE,0.6316022260338658,0.4748920780243674,0.017170424268339212,0.07265700485068134,0.3512273496977949,0.4524196898849374,1.8269717289054204e-46,3.1227240013723764e-05,0.4748920780243674,0.6515948289798453
RCSE_000044118,4508047708_00010,EXECUTE,NATURAL_COMPLETE_EVIDENCE,NONE,,112453.0,R4_99_100,ood_test_r4,EXECUTE,EXECUTE,0.6309921172956524,0.4748920780243674,0.016792388564507835,0.07265700485068134,0.3522154941398398,0.4524196898849374,1.9313508747946804e-46,3.1227240013723764e-05,0.4748920780243674,0.6515948289798453
RCSE_000041120,4508047709_00010,EXECUTE,NATURAL_COMPLETE_EVIDENCE,NONE,,112453.0,R4_99_100,ood_test_r4,EXECUTE,EXECUTE,0.6308582697584452,0.4748920780243674,0.01669583030693138,0.07265700485068134,0.35244589993462333,0.4524196898849374,1.9552559897141153e-46,3.1227240013723764e-05,0.4748920780243674,0.6515948289798453
RCSE_000047389,4508059467_00010,EXECUTE,NATURAL_COMPLETE_EVIDENCE,NONE,,133811.0,R4_99_100,ood_test_r4,EXECUTE,EXECUTE,0.5484242781404766,0.3823252181387167,0.24480931556344424,0.2534164511969773,0.20676640629607915,0.364233190296836,1.053885221204086e-54,2.5140367469984197e-05,0.3823252181387167,0.7816501082366815
RCSE_000013562,4508059463_00010,EXECUTE,NATURAL_COMPLETE_EVIDENCE,NONE,,133811.0,R4_99_100,ood_test_r4,EXECUTE,EXECUTE,0.5430721269705294,0.3823252181387167,0.24915571986599136,0.2534164511969773,0.2077721531634793,0.364233190296836,7.969481642624647e-55,2.5140367469984197e-05,0.3823252181387167,0.7816501082366815
RCSE_000039605,4508045875_00020,EXECUTE,NATURAL_COMPLETE_EVIDENCE,NONE,,69282.0,R4_99_100,ood_test_r4,EXECUTE,EXECUTE,0.5515183441841847,0.5046569423998928,0.0007166862088786174,0.014533823274263056,0.4477649696069366,0.48077604985258343,1.0389636277287847e-31,3.318447326069061e-05,0.5046569423998928,0.5475460284491938
RCSE_000042250,4507040672_00010,EXECUTE,NATURAL_COMPLETE_EVIDENCE,NONE,,71970.0,R4_99_100,ood_test_r4,EXECUTE,EXECUTE,0.5175594298302995,0.5120475043992396,0.00011652810842107971,0.00010194239551029911,0.48232404206127955,0.4878168827545135,1.7628523329659812e-32,3.367045073656265e-05,0.5120475043992396,0.5007442179902334
RCSE_000012905,4507004875_00010,EXECUTE,NATURAL_COMPLETE_EVIDENCE,NONE,,103923.0,R4_99_100,ood_test_r4,EXECUTE,EXECUTE,0.6014949844143257,0.5120475043992396,2.0394131113064003e-06,0.00010194239551029911,0.39850297617256303,0.4878168827545135,9.432094525838558e-45,3.367045073656265e-05,0.5120475043992396,0.5007442179902334
RCSE_000006152,4508064663_00010,EXECUTE,NATURAL_COMPLETE_EVIDENCE,NONE,,110740.0,R4_99_100,ood_test_r4,EXECUTE,EXECUTE,0.5444470611777025,0.4748920780243674,0.07471019931888244,0.07265700485068134,0.3808427395034151,0.4524196898849374,8.968490645844665e-46,3.1227240013723764e-05,0.4748920780243674,0.6515948289798453
RCSE_000008208,4508067697_00010,EXECUTE,NATURAL_COMPLETE_EVIDENCE,NONE,,57691.0,R4_99_100,ood_test_r4,ESCALATE,EXECUTE,0.37645575396748276,0.5120475043992396,0.00010207907911469886,0.00010194239551029911,0.6234421669534025,0.4878168827545135,2.187468646708385e-25,3.367045073656265e-05,0.5120475043992396,0.5007442179902334
RCSE_000024057,4508065857_00010,EXECUTE,NATURAL_COMPLETE_EVIDENCE,NONE,,133811.0,R4_99_100,ood_test_r4,EXECUTE,EXECUTE,0.45792845297842855,0.3532671186467085,0.3660490726434902,0.31015950138296733,0.17602247437808125,0.33655015036171737,1.0958011678444787e-54,2.322960860671875e-05,0.3532671186467085,0.791630578941228
RCSE_000014856,4508068493_00010,EXECUTE,NATURAL_COMPLETE_EVIDENCE,NONE,,49508.0,R4_99_100,ood_test_r4,ESCALATE,EXECUTE,0.3188425333320479,0.5120475043992396,0.00020921865390956994,0.00010194239551029911,0.6809482480140425,0.4878168827545135,2.7651488513927013e-22,3.367045073656265e-05,0.5120475043992396,0.5007442179902334
RCSE_000038472,4508062676_00010,EXECUTE,NATURAL_COMPLETE_EVIDENCE,NONE,,166285.0,R4_99_100,ood_test_r4,GATHER,GATHER,0.0712268942256204,0.01575400423913034,0.9110465047650048,0.6593629835399087,0.01772660100937474,0.32486058945770624,5.0702844514080085e-68,2.242276325456921e-05,0.6593629835399087,0.5089119437562742
RCSE_000006765,4508046485_00010,EXECUTE,NATURAL_COMPLETE_EVIDENCE,NONE,,103091.0,R4_99_100,ood_test_r4,EXECUTE,EXECUTE,0.5490263355948768,0.4748920780243674,0.007475029552937887,0.07265700485068134,0.4434986348521854,0.4524196898849374,3.3212882881430126e-43,3.1227240013723764e-05,0.4748920780243674,0.6515948289798453
RCSE_000024286,2000052815_00001,EXECUTE,NATURAL_COMPLETE_EVIDENCE,NONE,,78994.0,R4_99_100,ood_test_r4,EXECUTE,EXECUTE,0.5142670015319283,0.5120475043992396,2.0729439210042597e-05,0.00010194239551029911,0.4857122690288617,0.4878168827545135,1.8299518428944518e-35,3.367045073656265e-05,0.5120475043992396,0.5007442179902334
RCSE_000029764,4508067596_00010,EXECUTE,NATURAL_COMPLETE_EVIDENCE,NONE,,56933.0,R4_99_100,ood_test_r4,ESCALATE,EXECUTE,0.3646181346682984,0.5120475043992396,0.00022276007966672752,0.00010194239551029911,0.6351591052520349,0.4878168827545135,1.1054859862752286e-25,3.367045073656265e-05,0.5120475043992396,0.5007442179902334
RCSE_000025315,4508072161_00010,EXECUTE,NATURAL_COMPLETE_EVIDENCE,NONE,,59974.0,R4_99_100,ood_test_r4,ESCALATE,EXECUTE,0.43414424630956516,0.4748920780243674,0.0029730172511406223,0.07265700485068134,0.5628827364392942,0.4524196898849374,3.516093166385143e-26,3.1227240013723764e-05,0.4748920780243674,0.6515948289798453
RCSE_000041333,4508071108_00010,EXECUTE,NATURAL_COMPLETE_EVIDENCE,NONE,,50353.0,R4_99_100,ood_test_r4,ESCALATE,EXECUTE,0.3447908760447025,0.5120475043992396,0.00018153577123545457,0.00010194239551029911,0.6550275881840621,0.4878168827545135,5.542574686689595e-23,3.367045073656265e-05,0.5120475043992396,0.5007442179902334
RCSE_000006326,4508071105_00010,EXECUTE,NATURAL_COMPLETE_EVIDENCE,NONE,,50353.0,R4_99_100,ood_test_r4,ESCALATE,EXECUTE,0.34496767168480846,0.5120475043992396,0.0001823519279992579,0.00010194239551029911,0.6548499763871922,0.4878168827545135,5.478924370032909e-23,3.367045073656265e-05,0.5120475043992396,0.5007442179902334
RCSE_000033057,4508065916_00010,EXECUTE,NATURAL_COMPLETE_EVIDENCE,NONE,,51020.0,R4_99_100,ood_test_r4,ESCALATE,EXECUTE,0.34525708758657386,0.5120475043992396,0.00012113915351168952,0.00010194239551029911,0.6546217732599144,0.4878168827545135,2.631365784102318e-23,3.367045073656265e-05,0.5120475043992396,0.5007442179902334
RCSE_000028537,4508069708_00010,EXECUTE,NATURAL_COMPLETE_EVIDENCE,NONE,,55744.0,R4_99_100,ood_test_r4,ESCALATE,EXECUTE,0.37082908893443256,0.5120475043992396,8.821188276839533e-05,0.00010194239551029911,0.629082699182799,0.4878168827545135,3.01044300524241e-25,3.367045073656265e-05,0.5120475043992396,0.5007442179902334
RCSE_000027113,4508068886_00010,EXECUTE,NATURAL_COMPLETE_EVIDENCE,NONE,,70494.0,R4_99_100,ood_test_r4,ESCALATE,EXECUTE,0.43365717908228096,0.5120475043992396,0.0002087198474932196,0.00010194239551029911,0.5661341010702258,0.4878168827545135,2.2176143063457897e-30,3.367045073656265e-05,0.5120475043992396,0.5007442179902334
RCSE_000042336,4508074085_00010,EXECUTE,NATURAL_COMPLETE_EVIDENCE,NONE,,50749.0,R4_99_100,ood_test_r4,ESCALATE,EXECUTE,0.49868927356027176,0.5046569423998928,0.0005139510274633821,0.014533823274263056,0.5007967754122649,0.48077604985258343,3.7819135173694137e-23,3.318447326069061e-05,0.5046569423998928,0.5475460284491938
RCSE_000030358,4508073476_00010,EXECUTE,NATURAL_COMPLETE_EVIDENCE,NONE,,50749.0,R4_99_100,ood_test_r4,ESCALATE,EXECUTE,0.48214212635943526,0.5046569423998928,0.0013154174699162237,0.014533823274263056,0.5165424561706485,0.48077604985258343,4.1993355128921844e-23,3.318447326069061e-05,0.5046569423998928,0.5475460284491938
RCSE_000047480,4508069701_00010,EXECUTE,NATURAL_COMPLETE_EVIDENCE,NONE,,50749.0,R4_99_100,ood_test_r4,ESCALATE,EXECUTE,0.49478228286772125,0.5120475043992396,0.00031537972225750973,0.00010194239551029911,0.5049023374100213,0.4878168827545135,3.604327367918464e-23,3.367045073656265e-05,0.5120475043992396,0.5007442179902334
RCSE_000028917,4508070935_00040,EXECUTE,NATURAL_COMPLETE_EVIDENCE,NONE,,66471.0,R4_99_100,ood_test_r4,ESCALATE,EXECUTE,0.4855455611112587,0.4748920780243674,0.004622488058395001,0.07265700485068134,0.5098319508303463,0.4524196898849374,4.8391486161138304e-29,3.1227240013723764e-05,0.4748920780243674,0.6515948289798453
RCSE_000000053,4508075268_00010,EXECUTE,NATURAL_COMPLETE_EVIDENCE,NONE,,597557.0,R4_99_100,ood_test_r4,GATHER,GATHER,1.4604432376136518e-16,0.001436733436837446,0.9999999999999998,0.998529738602025,2.805796088296384e-20,0.0,4.199646250305946e-248,3.352796113766789e-05,0.998529738602025,0.008092504883414935
RCSE_000023664,4508075606_00010,EXECUTE,NATURAL_COMPLETE_EVIDENCE,NONE,,228630.0,R4_99_100,ood_test_r4,GATHER,GATHER,0.011724377690898999,0.023049360160866318,0.9873971467744992,0.9723091695601428,0.0008784755346018226,0.004608663994428982,4.003353756539764e-93,3.2806284561780414e-05,0.9723091695601428,0.10050905268663377
RCSE_000012566,4507023056_00010,EXECUTE,NATURAL_COMPLETE_EVIDENCE,NONE,,112178.0,R4_99_100,ood_test_r4,EXECUTE,EXECUTE,0.6171180053443637,0.5046569423998928,0.0009126739453025756,0.014533823274263056,0.3819693207103336,0.48077604985258343,2.005337373598976e-46,3.318447326069061e-05,0.5046569423998928,0.5475460284491938
RCSE_000029561,4508063412_00010,EXECUTE,NATURAL_COMPLETE_EVIDENCE,NONE,,110740.0,R4_99_100,ood_test_r4,EXECUTE,EXECUTE,0.6138578276684666,0.4748920780243674,0.042718596303727444,0.07265700485068134,0.343423576027806,0.4524196898849374,1.087397277819666e-45,3.1227240013723764e-05,0.4748920780243674,0.6515948289798453
RCSE_000005477,4508070100_00010,EXECUTE,NATURAL_COMPLETE_EVIDENCE,NONE,,133811.0,R4_99_100,ood_test_r4,EXECUTE,EXECUTE,0.4584718145029624,0.3532671186467085,0.3663536243851621,0.31015950138296733,0.17517456111187552,0.33655015036171737,1.7271060362038113e-54,2.322960860671875e-05,0.3532671186467085,0.791630578941228
RCSE_000042915,4508070101_00010,EXECUTE,NATURAL_COMPLETE_EVIDENCE,NONE,,133811.0,R4_99_100,ood_test_r4,EXECUTE,EXECUTE,0.45919425869776026,0.3532671186467085,0.36520739835111976,0.31015950138296733,0.17559834295112,0.33655015036171737,1.7518525777086596e-54,2.322960860671875e-05,0.3532671186467085,0.791630578941228
RCSE_000004631,4508073579_00010,EXECUTE,NATURAL_COMPLETE_EVIDENCE,NONE,,133811.0,R4_99_100,ood_test_r4,GATHER,EXECUTE,0.3860623174618075,0.3532671186467085,0.4689258451103564,0.31015950138296733,0.14501183742783602,0.33655015036171737,1.420330019524428e-54,2.322960860671875e-05,0.3532671186467085,0.791630578941228
RCSE_000024970,4508073580_00010,EXECUTE,NATURAL_COMPLETE_EVIDENCE,NONE,,133811.0,R4_99_100,ood_test_r4,GATHER,EXECUTE,0.3868124694279931,0.3532671186467085,0.4677795579503181,0.31015950138296733,0.14540797262168878,0.33655015036171737,1.44001390357598e-54,2.322960860671875e-05,0.3532671186467085,0.791630578941228
RCSE_000031754,4508046497_00010,EXECUTE,NATURAL_COMPLETE_EVIDENCE,NONE,,103091.0,R4_99_100,ood_test_r4,EXECUTE,EXECUTE,0.5452651808075858,0.4748920780243674,0.005589167330272044,0.07265700485068134,0.4491456518621421,0.4524196898849374,3.8986804026804586e-43,3.1227240013723764e-05,0.4748920780243674,0.6515948289798453
RCSE_000040628,4508070103_00020,EXECUTE,NATURAL_COMPLETE_EVIDENCE,NONE,,133811.0,R4_99_100,ood_test_r4,EXECUTE,EXECUTE,0.4601950304928673,0.3532671186467085,0.36370792948718134,0.31015950138296733,0.1760970400199513,0.33655015036171737,1.769755332211699e-54,2.322960860671875e-05,0.3532671186467085,0.791630578941228
RCSE_000006716,4508068290_00010,EXECUTE,NATURAL_COMPLETE_EVIDENCE,NONE,,102883.0,R4_99_100,ood_test_r4,EXECUTE,EXECUTE,0.5381481292408602,0.4748920780243674,0.04404109114291847,0.07265700485068134,0.41781077961622126,0.4524196898849374,6.027963730312428e-43,3.1227240013723764e-05,0.4748920780243674,0.6515948289798453
RCSE_000003738,4508046493_00010,EXECUTE,NATURAL_COMPLETE_EVIDENCE,NONE,,103091.0,R4_99_100,ood_test_r4,EXECUTE,EXECUTE,0.5471407772303934,0.4748920780243674,0.005858935557177565,0.07265700485068134,0.44700028721242885,0.4524196898849374,3.4450312590944924e-43,3.1227240013723764e-05,0.4748920780243674,0.6515948289798453
RCSE_000031824,4508075257_00010,EXECUTE,NATURAL_COMPLETE_EVIDENCE,NONE,,1325018.0,R4_99_100,ood_test_r4,GATHER,GATHER,1.9088668657066473e-44,0.001436733436837446,1.0,0.998529738602025,5.608794127411548e-53,0.0,0.0,3.352796113766789e-05,0.998529738602025,0.008092504883414935
RCSE_000014134,4508070129_00010,EXECUTE,NATURAL_COMPLETE_EVIDENCE,NONE,,133811.0,R4_99_100,ood_test_r4,EXECUTE,EXECUTE,0.4638833139082939,0.3532671186467085,0.35785384626582606,0.31015950138296733,0.17826283982587995,0.33655015036171737,1.9007202605654472e-54,2.322960860671875e-05,0.3532671186467085,0.791630578941228
RCSE_000050110,4507000977_00010,GATHER,NATURAL_DELAYED_EVIDENCE,NONE,,49806.0,R4_99_100,ood_test_r4,GATHER,GATHER,1.336144647329703e-09,0.001434793590798254,0.9999999978173348,0.9971815456047864,8.465205996776492e-10,0.0013501781119968526,9.900457224503719e-23,3.348269241839992e-05,0.9971815456047864,0.015490245654545019
RCSE_000050823,4507004090_00010,GATHER,NATURAL_DELAYED_EVIDENCE,NONE,,49806.0,R4_99_100,ood_test_r4,GATHER,GATHER,1.3417553668801024e-09,0.001434793590798254,0.999999997808056,0.9971815456047864,8.501886647032106e-10,0.0013501781119968526,9.933694483861759e-23,3.348269241839992e-05,0.9971815456047864,0.015490245654545019
RCSE_000051002,4507003375_00010,GATHER,NATURAL_DELAYED_EVIDENCE,NONE,,49249.0,R4_99_100,ood_test_r4,GATHER,GATHER,1.3146062127144847e-09,0.001434793590798254,0.999999997839107,0.9971815456047864,8.462867001532307e-10,0.0013501781119968526,1.114982112753701e-22,3.348269241839992e-05,0.9971815456047864,0.015490245654545019
RCSE_000051255,4507001623_00010,GATHER,NATURAL_DELAYED_EVIDENCE,NONE,,51615.0,R4_99_100,ood_test_r4,GATHER,GATHER,4.786929279312167e-10,0.001434793590798254,0.9999999993120781,0.9971815456047864,2.0922903804381755e-10,0.0013501781119968526,2.2365039483110054e-24,3.348269241839992e-05,0.9971815456047864,0.015490245654545019
RCSE_000051807,4507004727_00010,GATHER,NATURAL_DELAYED_EVIDENCE,NONE,,51615.0,R4_99_100,ood_test_r4,GATHER,GATHER,4.213759951163253e-10,0.001434793590798254,0.9999999993951854,0.9971815456047864,1.834385970715134e-10,0.0013501781119968526,1.9983506129006394e-24,3.348269241839992e-05,0.9971815456047864,0.015490245654545019
RCSE_000051816,4507000706_00020,GATHER,NATURAL_DELAYED_EVIDENCE,NONE,,50015.0,R4_99_100,ood_test_r4,GATHER,GATHER,7.279534488715152e-10,0.001434793590798254,0.9999999985578643,0.9971815456047864,7.141822455106289e-10,0.0013501781119968526,2.859368897965782e-23,3.348269241839992e-05,0.9971815456047864,0.015490245654545019
RCSE_000051875,4507004418_00010,GATHER,NATURAL_DELAYED_EVIDENCE,NONE,,89373.0,R4_99_100,ood_test_r4,GATHER,GATHER,5.52980087166072e-14,0.001436733436837446,0.9999999999999332,0.998529738602025,1.1603024242909517e-14,0.0,1.6045466762996195e-41,3.352796113766789e-05,0.998529738602025,0.008092504883414935
RCSE_000053305,4507005430_00020,GATHER,NATURAL_DELAYED_EVIDENCE,NONE,,56741.0,R4_99_100,ood_test_r4,GATHER,GATHER,1.8406347004115778e-10,0.001434793590798254,0.9999999997382985,0.9971815456047864,7.763803454541199e-11,0.0013501781119968526,1.5015449465196753e-26,3.348269241839992e-05,0.9971815456047864,0.015490245654545019
RCSE_000053356,4507014068_00010,GATHER,NATURAL_DELAYED_EVIDENCE,NONE,,67342.0,R4_99_100,ood_test_r4,GATHER,GATHER,7.949556729137141e-12,0.001434793590798254,0.999999999989442,0.9971815456047864,2.6084665852301463e-12,0.0013501781119968526,1.4510981220743164e-31,3.348269241839992e-05,0.9971815456047864,0.015490245654545019
RCSE_000053394,4507012395_00010,GATHER,NATURAL_DELAYED_EVIDENCE,NONE,,65835.0,R4_99_100,ood_test_r4,GATHER,GATHER,1.020666695444683e-11,0.001434793590798254,0.9999999999865508,0.9971815456047864,3.2425124927821338e-12,0.0013501781119968526,4.103496903808308e-31,3.348269241839992e-05,0.9971815456047864,0.015490245654545019
RCSE_000053414,4507010779_00010,GATHER,NATURAL_DELAYED_EVIDENCE,NONE,,56752.0,R4_99_100,ood_test_r4,GATHER,GATHER,1.5036644558729601e-10,0.001434793590798254,0.9999999997834796,0.9971815456047864,6.615387799375983e-11,0.0013501781119968526,1.0274330057357017e-26,3.348269241839992e-05,0.9971815456047864,0.015490245654545019
RCSE_000053445,4507016586_00010,GATHER,NATURAL_DELAYED_EVIDENCE,NONE,,49806.0,R4_99_100,ood_test_r4,GATHER,GATHER,1.1662413959146845e-09,0.001434793590798254,0.9999999980819072,0.9971815456047864,7.518513918650475e-10,0.0013501781119968526,4.2573814230280934e-23,3.348269241839992e-05,0.9971815456047864,0.015490245654545019
RCSE_000053597,4507001860_00010,GATHER,NATURAL_DELAYED_EVIDENCE,NONE,,109493.0,R4_99_100,ood_test_r4,GATHER,GATHER,6.416876833021349e-16,0.001436733436837446,0.9999999999999993,0.998529738602025,1.328004480128962e-16,0.0,5.794332986519415e-50,3.352796113766789e-05,0.998529738602025,0.008092504883414935
RCSE_000053601,4507000678_00010,GATHER,NATURAL_DELAYED_EVIDENCE,NONE,,109493.0,R4_99_100,ood_test_r4,GATHER,GATHER,1.554895878223558e-15,0.001436733436837446,0.9999999999999982,0.998529738602025,2.2476577553958473e-16,0.0,5.125653469303608e-50,3.352796113766789e-05,0.998529738602025,0.008092504883414935
RCSE_000053810,4507014712_00010,GATHER,NATURAL_DELAYED_EVIDENCE,NONE,,51615.0,R4_99_100,ood_test_r4,GATHER,GATHER,4.443275566470653e-10,0.001434793590798254,0.999999999364009,0.9971815456047864,1.9166345515633302e-10,0.0013501781119968526,3.0082059593403205e-24,3.348269241839992e-05,0.9971815456047864,0.015490245654545019
RCSE_000053864,4507016829_00010,GATHER,NATURAL_DELAYED_EVIDENCE,NONE,,49833.0,R4_99_100,ood_test_r4,GATHER,GATHER,1.1582207062310661e-09,0.001434793590798254,0.9999999981042671,0.9971815456047864,7.375122874672999e-10,0.0013501781119968526,6.128270154553231e-23,3.348269241839992e-05,0.9971815456047864,0.015490245654545019
RCSE_000053865,4507010813_00010,GATHER,NATURAL_DELAYED_EVIDENCE,NONE,,57296.0,R4_99_100,ood_test_r4,GATHER,GATHER,1.540243964287709e-10,0.001434793590798254,0.9999999997785978,0.9971815456047864,6.737794138362689e-11,0.0013501781119968526,6.666200535164367e-27,3.348269241839992e-05,0.9971815456047864,0.015490245654545019
RCSE_000053905,4507017236_00010,GATHER,NATURAL_DELAYED_EVIDENCE,NONE,,51268.0,R4_99_100,ood_test_r4,GATHER,GATHER,5.183755151332667e-10,0.001434793590798254,0.9999999991506237,0.9971815456047864,3.3100083406379837e-10,0.0013501781119968526,2.3664274447688078e-23,3.348269241839992e-05,0.9971815456047864,0.015490245654545019
RCSE_000054137,4507004119_00010,GATHER,NATURAL_DELAYED_EVIDENCE,NONE,,54746.0,R4_99_100,ood_test_r4,GATHER,GATHER,7.42823493906297e-10,0.001434793590798254,0.9999999989463615,0.9971815456047864,3.108149363598095e-10,0.0013501781119968526,3.3748389905752006e-25,3.348269241839992e-05,0.9971815456047864,0.015490245654545019
RCSE_000054249,4507016372_00010,GATHER,NATURAL_DELAYED_EVIDENCE,NONE,,56752.0,R4_99_100,ood_test_r4,GATHER,GATHER,1.226588745769346e-10,0.001434793590798254,0.9999999998243005,0.9971815456047864,5.304055190901291e-11,0.0013501781119968526,1.233027290874725e-26,3.348269241839992e-05,0.9971815456047864,0.015490245654545019
RCSE_000054266,4507015917_00010,GATHER,NATURAL_DELAYED_EVIDENCE,NONE,,185849.0,R4_99_100,ood_test_r4,GATHER,GATHER,2.8564992891064797e-24,0.001436733436837446,1.0,0.998529738602025,8.459925965680366e-26,0.0,1.7860451426000147e-85,3.352796113766789e-05,0.998529738602025,0.008092504883414935
RCSE_000054326,4507009510_00010,GATHER,NATURAL_DELAYED_EVIDENCE,NONE,,75655.0,R4_99_100,ood_test_r4,GATHER,GATHER,1.8064844638453478e-12,0.001434918205986142,0.9999999999976672,0.9972681531603688,5.262184950283765e-13,0.0012634430331763368,3.6060427314786355e-35,3.3485600468751885e-05,0.9972681531603688,0.015075568383647745
RCSE_000054368,4507016993_00010,GATHER,NATURAL_DELAYED_EVIDENCE,NONE,,49784.0,R4_99_100,ood_test_r4,GATHER,GATHER,6.828577010574929e-10,0.001434793590798254,0.9999999990732145,0.9971815456047864,2.4392793443387677e-10,0.0013501781119968526,2.1887763230443848e-23,3.348269241839992e-05,0.9971815456047864,0.015490245654545019
RCSE_000054386,4507017730_00010,GATHER,NATURAL_DELAYED_EVIDENCE,NONE,,56741.0,R4_99_100,ood_test_r4,GATHER,GATHER,1.5369578686533376e-10,0.001434793590798254,0.9999999998039166,0.9971815456047864,4.238756072764382e-11,0.0013501781119968526,1.6415792621193297e-26,3.348269241839992e-05,0.9971815456047864,0.015490245654545019
RCSE_000054521,4507016616_00010,GATHER,NATURAL_DELAYED_EVIDENCE,NONE,,56752.0,R4_99_100,ood_test_r4,GATHER,GATHER,1.3425188768894352e-10,0.001434793590798254,0.9999999998075291,0.9971815456047864,5.821901562930234e-11,0.0013501781119968526,1.3350539746722406e-26,3.348269241839992e-05,0.9971815456047864,0.015490245654545019
RCSE_000054731,4507017242_00010,GATHER,NATURAL_DELAYED_EVIDENCE,NONE,,89373.0,R4_99_100,ood_test_r4,GATHER,GATHER,3.331887238674996e-14,0.001436733436837446,0.9999999999999594,0.998529738602025,7.218091650334895e-15,0.0,3.334346869395643e-41,3.352796113766789e-05,0.998529738602025,0.008092504883414935
RCSE_000054735,4507016827_00010,GATHER,NATURAL_DELAYED_EVIDENCE,NONE,,87794.0,R4_99_100,ood_test_r4,GATHER,GATHER,1.6686227094127342e-13,0.001436733436837446,0.999999999999782,0.998529738602025,5.1239845166541235e-14,0.0,4.506927938312181e-40,3.352796113766789e-05,0.998529738602025,0.008092504883414935
RCSE_000055011,4507019464_00010,GATHER,NATURAL_DELAYED_EVIDENCE,NONE,,53506.0,R4_99_100,ood_test_r4,GATHER,GATHER,8.118094430026094e-10,0.001434793590798254,0.9999999987031616,0.9971815456047864,4.850289128920046e-10,0.0013501781119968526,2.825814561652058e-24,3.348269241839992e-05,0.9971815456047864,0.015490245654545019
RCSE_000055016,4507017031_00010,GATHER,NATURAL_DELAYED_EVIDENCE,NONE,,60545.0,R4_99_100,ood_test_r4,GATHER,GATHER,7.081237678339852e-11,0.001434793590798254,0.9999999999024682,0.9971815456047864,2.6719411259749442e-11,0.0013501781119968526,4.014238929975665e-28,3.348269241839992e-05,0.9971815456047864,0.015490245654545019
RCSE_000055107,4507018933_00030,GATHER,NATURAL_DELAYED_EVIDENCE,NONE,,70565.0,R4_99_100,ood_test_r4,GATHER,GATHER,4.184879848995219e-12,0.001434793590798254,0.9999999999945433,0.9971815456047864,1.2717849112831203e-12,0.0013501781119968526,3.2794737722458634e-33,3.348269241839992e-05,0.9971815456047864,0.015490245654545019
RCSE_000055264,4507012480_00010,GATHER,NATURAL_DELAYED_EVIDENCE,NONE,,109493.0,R4_99_100,ood_test_r4,GATHER,GATHER,5.30183640404768e-16,0.001436733436837446,0.9999999999999993,0.998529738602025,7.351343897383758e-17,0.0,1.0616279549244431e-50,3.352796113766789e-05,0.998529738602025,0.008092504883414935
RCSE_000055290,4507019316_00010,GATHER,NATURAL_DELAYED_EVIDENCE,NONE,,60188.0,R4_99_100,ood_test_r4,GATHER,GATHER,1.0036211916550977e-10,0.001434793590798254,0.9999999998506477,0.9971815456047864,4.8990217261719286e-11,0.0013501781119968526,1.4238916467573398e-27,3.348269241839992e-05,0.9971815456047864,0.015490245654545019
RCSE_000055291,4507017965_00010,GATHER,NATURAL_DELAYED_EVIDENCE,NONE,,56066.0,R4_99_100,ood_test_r4,GATHER,GATHER,1.594486669683618e-10,0.001434793590798254,0.9999999997696971,0.9971815456047864,7.085413045811193e-11,0.0013501781119968526,1.916667132787968e-26,3.348269241839992e-05,0.9971815456047864,0.015490245654545019
RCSE_000055394,4507018323_00010,GATHER,NATURAL_DELAYED_EVIDENCE,NONE,,52158.0,R4_99_100,ood_test_r4,GATHER,GATHER,3.354525214041646e-10,0.001434793590798254,0.9999999993715905,0.9971815456047864,2.9295696867968324e-10,0.0013501781119968526,2.4665046612172422e-24,3.348269241839992e-05,0.9971815456047864,0.015490245654545019
RCSE_000055473,4507009595_00010,GATHER,NATURAL_DELAYED_EVIDENCE,NONE,,82119.0,R4_99_100,ood_test_r4,GATHER,GATHER,4.119608678404724e-13,0.001436733436837446,0.9999999999994538,0.998529738602025,1.3418764380538617e-13,0.0,1.0944952688981953e-37,3.352796113766789e-05,0.998529738602025,0.008092504883414935
RCSE_000055515,4507018123_00010,GATHER,NATURAL_DELAYED_EVIDENCE,NONE,,179977.0,R4_99_100,ood_test_r4,GATHER,GATHER,2.4002812285077402e-23,0.001436733436837446,1.0,0.998529738602025,9.968168018162217e-25,0.0,1.2144764960465682e-82,3.352796113766789e-05,0.998529738602025,0.008092504883414935
RCSE_000055584,4507017311_00010,GATHER,NATURAL_DELAYED_EVIDENCE,NONE,,49605.0,R4_99_100,ood_test_r4,GATHER,GATHER,9.645049393120025e-10,0.001434793590798254,0.9999999984256815,0.9971815456047864,6.098136086947906e-10,0.0013501781119968526,2.962210825663462e-23,3.348269241839992e-05,0.9971815456047864,0.015490245654545019
RCSE_000055888,4507020692_00010,GATHER,NATURAL_DELAYED_EVIDENCE,NONE,,59741.0,R4_99_100,ood_test_r4,GATHER,GATHER,5.985340151363467e-11,0.001434793590798254,0.9999999999223601,0.9971815456047864,1.7786486726898775e-11,0.0013501781119968526,4.416926453378023e-28,3.348269241839992e-05,0.9971815456047864,0.015490245654545019
RCSE_000055960,4507019377_00010,GATHER,NATURAL_DELAYED_EVIDENCE,NONE,,62783.0,R4_99_100,ood_test_r4,GATHER,GATHER,2.8206460556089457e-11,0.001434793590798254,0.9999999999609634,0.9971815456047864,1.0830072527290308e-11,0.0013501781119968526,2.279501886323066e-29,3.348269241839992e-05,0.9971815456047864,0.015490245654545019
RCSE_000056241,4507022576_00010,GATHER,NATURAL_DELAYED_EVIDENCE,NONE,,54377.0,R4_99_100,ood_test_r4,GATHER,GATHER,1.6549572237648401e-10,0.001434793590798254,0.999999999784202,0.9971815456047864,5.0302239793418554e-11,0.0013501781119968526,1.582447058237425e-25,3.348269241839992e-05,0.9971815456047864,0.015490245654545019
RCSE_000056245,4507020672_00010,GATHER,NATURAL_DELAYED_EVIDENCE,NONE,,69836.0,R4_99_100,ood_test_r4,GATHER,GATHER,3.724101200087931e-12,0.001434793590798254,0.999999999995171,0.9971815456047864,1.1048484044121044e-12,0.0013501781119968526,4.1907753599098214e-33,3.348269241839992e-05,0.9971815456047864,0.015490245654545019
RCSE_000056416,4507019233_00010,GATHER,NATURAL_DELAYED_EVIDENCE,NONE,,55878.0,R4_99_100,ood_test_r4,GATHER,GATHER,9.967747913220928e-11,0.001434793590798254,0.999999999859897,0.9971815456047864,4.042562249436553e-11,0.0013501781119968526,2.020412153243893e-27,3.348269241839992e-05,0.9971815456047864,0.015490245654545019
RCSE_000056566,4507021192_00010,GATHER,NATURAL_DELAYED_EVIDENCE,NONE,,56752.0,R4_99_100,ood_test_r4,GATHER,GATHER,1.3421661090098787e-10,0.001434793590798254,0.9999999998075801,0.9971815456047864,5.820323943363871e-11,0.0013501781119968526,1.3347250093067895e-26,3.348269241839992e-05,0.9971815456047864,0.015490245654545019
RCSE_000056567,4507004429_00010,GATHER,NATURAL_DELAYED_EVIDENCE,NONE,,57746.0,R4_99_100,ood_test_r4,GATHER,GATHER,3.7616589054806604e-10,0.001434793590798254,0.9999999994634794,0.9971815456047864,1.603547962349976e-10,0.0013501781119968526,1.2181019717021285e-26,3.348269241839992e-05,0.9971815456047864,0.015490245654545019
RCSE_000056619,4507020331_00020,GATHER,NATURAL_DELAYED_EVIDENCE,NONE,,77942.0,R4_99_100,ood_test_r4,GATHER,GATHER,6.148323450517303e-13,0.001436733436837446,0.9999999999992206,0.998529738602025,1.6451831332808292e-13,0.0,6.437938083478222e-37,3.352796113766789e-05,0.998529738602025,0.008092504883414935
RCSE_000056670,4507023121_00010,GATHER,NATURAL_DELAYED_EVIDENCE,NONE,,69836.0,R4_99_100,ood_test_r4,GATHER,GATHER,3.0658208364755667e-12,0.001434793590798254,0.9999999999960301,0.9971815456047864,9.040081527223931e-13,0.0013501781119968526,3.520952982652078e-33,3.348269241839992e-05,0.9971815456047864,0.015490245654545019
RCSE_000056823,4507011766_00010,GATHER,NATURAL_DELAYED_EVIDENCE,NONE,,109493.0,R4_99_100,ood_test_r4,GATHER,GATHER,1.263335497103495e-15,0.001436733436837446,0.9999999999999984,0.998529738602025,1.8761063591671299e-16,0.0,1.3982781043848448e-50,3.352796113766789e-05,0.998529738602025,0.008092504883414935
RCSE_000056864,4507022193_00010,GATHER,NATURAL_DELAYED_EVIDENCE,NONE,,50731.0,R4_99_100,ood_test_r4,GATHER,GATHER,1.1428469917517703e-09,0.001434793590798254,0.9999999981374528,0.9971815456047864,7.197003195750166e-10,0.0013501781119968526,2.865850996734928e-23,3.348269241839992e-05,0.9971815456047864,0.015490245654545019
RCSE_000056933,4507021168_00010,GATHER,NATURAL_DELAYED_EVIDENCE,NONE,,89373.0,R4_99_100,ood_test_r4,GATHER,GATHER,6.061513798161732e-14,0.001436733436837446,0.9999999999999267,0.998529738602025,1.2755552089841754e-14,0.0,1.7390336515086917e-41,3.352796113766789e-05,0.998529738602025,0.008092504883414935
RCSE_000057300,4507023303_00010,GATHER,NATURAL_DELAYED_EVIDENCE,NONE,,56752.0,R4_99_100,ood_test_r4,GATHER,GATHER,1.1961654076943422e-10,0.001434793590798254,0.9999999998281359,0.9971815456047864,5.2247610440581905e-11,0.0013501781119968526,8.397994911129404e-27,3.348269241839992e-05,0.9971815456047864,0.015490245654545019
RCSE_000057326,4507018681_00020,GATHER,NATURAL_DELAYED_EVIDENCE,NONE,,51242.0,R4_99_100,ood_test_r4,GATHER,GATHER,6.090888870194283e-10,0.001434793590798254,0.9999999987853296,0.9971815456047864,6.055815858755969e-10,0.0013501781119968526,2.8742956572997797e-24,3.348269241839992e-05,0.9971815456047864,0.015490245654545019
RCSE_000057495,4507019105_00010,GATHER,NATURAL_DELAYED_EVIDENCE,NONE,,62157.0,R4_99_100,ood_test_r4,GATHER,GATHER,4.2154522989982085e-11,0.001434793590798254,0.9999999999417293,0.9971815456047864,1.6116138821600816e-11,0.0013501781119968526,4.8740973531896116e-29,3.348269241839992e-05,0.9971815456047864,0.015490245654545019
RCSE_000057544,4507024809_00010,GATHER,NATURAL_DELAYED_EVIDENCE,NONE,,67342.0,R4_99_100,ood_test_r4,GATHER,GATHER,9.43397602333983e-12,0.001434793590798254,0.9999999999874873,0.9971815456047864,3.078706121060677e-12,0.0013501781119968526,2.424498848078514e-31,3.348269241839992e-05,0.9971815456047864,0.015490245654545019
RCSE_000057551,4507022555_00010,GATHER,NATURAL_DELAYED_EVIDENCE,NONE,,89373.0,R4_99_100,ood_test_r4,GATHER,GATHER,6.436762698307648e-14,0.001436733436837446,0.9999999999999221,0.998529738602025,1.3570861333592039e-14,0.0,1.833375523223342e-41,3.352796113766789e-05,0.998529738602025,0.008092504883414935
RCSE_000057588,4507016063_00010,GATHER,NATURAL_DELAYED_EVIDENCE,NONE,,70647.0,R4_99_100,ood_test_r4,GATHER,GATHER,8.873873201789081e-12,0.001434793590798254,0.9999999999873215,0.9971815456047864,3.804667456296583e-12,0.0013501781119968526,1.0563208334750861e-32,3.348269241839992e-05,0.9971815456047864,0.015490245654545019
RCSE_000057590,4507017342_00010,GATHER,NATURAL_DELAYED_EVIDENCE,NONE,,107955.0,R4_99_100,ood_test_r4,GATHER,GATHER,1.3067645773538952e-15,0.001436733436837446,0.9999999999999984,0.998529738602025,1.9132777188201337e-16,0.0,1.586575663517525e-49,3.352796113766789e-05,0.998529738602025,0.008092504883414935
RCSE_000057613,4507027563_00010,GATHER,NATURAL_DELAYED_EVIDENCE,NONE,,60798.0,R4_99_100,ood_test_r4,GATHER,GATHER,8.066402527490501e-12,0.001434793590798254,0.9999999999888378,0.9971815456047864,3.095700236593715e-12,0.0013501781119968526,2.5506246450012687e-32,3.348269241839992e-05,0.9971815456047864,0.015490245654545019
RCSE_000057665,4507022602_00010,GATHER,NATURAL_DELAYED_EVIDENCE,NONE,,51816.0,R4_99_100,ood_test_r4,GATHER,GATHER,4.6467159196060206e-10,0.001434793590798254,0.9999999993082669,0.9971815456047864,2.270616003370435e-10,0.0013501781119968526,1.1864547867547466e-24,3.348269241839992e-05,0.9971815456047864,0.015490245654545019
RCSE_000057733,4507013849_00010,GATHER,NATURAL_DELAYED_EVIDENCE,NONE,,107955.0,R4_99_100,ood_test_r4,GATHER,GATHER,1.924193331488619e-15,0.001436733436837446,0.9999999999999978,0.998529738602025,2.851826180934499e-16,0.0,2.229955895929192e-49,3.352796113766789e-05,0.998529738602025,0.008092504883414935
RCSE_000057816,4507014517_00010,GATHER,NATURAL_DELAYED_EVIDENCE,NONE,,61513.0,R4_99_100,ood_test_r4,GATHER,GATHER,7.49717417521495e-11,0.001434793590798254,0.9999999999001215,0.9971815456047864,2.4906706897261732e-11,0.0013501781119968526,8.080200103833283e-29,3.348269241839992e-05,0.9971815456047864,0.015490245654545019
RCSE_000058243,4507010906_00010,GATHER,NATURAL_DELAYED_EVIDENCE,NONE,,325080.0,R4_99_100,ood_test_r4,GATHER,GATHER,3.7158987899493704e-38,0.001436733436837446,1.0,0.998529738602025,8.763854408583605e-41,0.0,3.2739788329299765e-148,3.352796113766789e-05,0.998529738602025,0.008092504883414935
RCSE_000058320,4507023003_00010,GATHER,NATURAL_DELAYED_EVIDENCE,NONE,,49736.0,R4_99_100,ood_test_r4,GATHER,GATHER,2.0988233294713395e-09,0.001434793590798254,0.999999996523026,0.9971815456047864,1.3781506952092688e-09,0.0013501781119968526,7.805094431261762e-23,3.348269241839992e-05,0.9971815456047864,0.015490245654545019
RCSE_000058355,4507018347_00010,GATHER,NATURAL_DELAYED_EVIDENCE,NONE,,120031.0,R4_99_100,ood_test_r4,GATHER,GATHER,3.577951578095345e-17,0.001436733436837446,1.0,0.998529738602025,4.8765378684947795e-18,0.0,5.886938947048314e-57,3.352796113766789e-05,0.998529738602025,0.008092504883414935
RCSE_000058359,4507014986_00010,GATHER,NATURAL_DELAYED_EVIDENCE,NONE,,68433.0,R4_99_100,ood_test_r4,GATHER,GATHER,3.357150095497316e-11,0.001434793590798254,0.999999999955598,0.9971815456047864,1.0830552336160933e-11,0.0013501781119968526,2.4361584137118134e-31,3.348269241839992e-05,0.9971815456047864,0.015490245654545019
RCSE_000058390,4507027382_00010,GATHER,NATURAL_DELAYED_EVIDENCE,NONE,,53984.0,R4_99_100,ood_test_r4,GATHER,GATHER,4.834643389378618e-10,0.001434793590798254,0.9999999992144399,0.9971815456047864,3.020957688233447e-10,0.0013501781119968526,1.5126499398813065e-24,3.348269241839992e-05,0.9971815456047864,0.015490245654545019
RCSE_000058677,4507024811_00010,GATHER,NATURAL_DELAYED_EVIDENCE,NONE,,69108.0,R4_99_100,ood_test_r4,GATHER,GATHER,5.2801180882146154e-12,0.001434793590798254,0.9999999999930196,0.9971815456047864,1.700353850761698e-12,0.0013501781119968526,5.208613870768572e-32,3.348269241839992e-05,0.9971815456047864,0.015490245654545019
RCSE_000058766,4507014140_00010,GATHER,NATURAL_DELAYED_EVIDENCE,NONE,,63462.0,R4_99_100,ood_test_r4,GATHER,GATHER,4.337368309328054e-11,0.001434793590798254,0.9999999999404927,0.9971815456047864,1.6133534807832465e-11,0.0013501781119968526,2.8987558598157333e-31,3.348269241839992e-05,0.9971815456047864,0.015490245654545019
RCSE_000058834,4507018308_00010,GATHER,NATURAL_DELAYED_EVIDENCE,NONE,,84430.0,R4_99_100,ood_test_r4,GATHER,GATHER,4.522883237384588e-13,0.001436733436837446,0.9999999999994327,0.998529738602025,1.1505804509845404e-13,0.0,1.6210247052727503e-39,3.352796113766789e-05,0.998529738602025,0.008092504883414935
RCSE_000059029,4507020972_00010,GATHER,NATURAL_DELAYED_EVIDENCE,NONE,,176303.0,R4_99_100,ood_test_r4,GATHER,GATHER,5.861277467800883e-23,0.001436733436837446,1.0,0.998529738602025,2.3623680484188472e-24,0.0,3.429712588381069e-83,3.352796113766789e-05,0.998529738602025,0.008092504883414935
RCSE_000059048,4507026329_00010,GATHER,NATURAL_DELAYED_EVIDENCE,NONE,,65835.0,R4_99_100,ood_test_r4,GATHER,GATHER,1.3246949435904863e-11,0.001434793590798254,0.99999999998251,0.9971815456047864,4.243070031837174e-12,0.0013501781119968526,5.162086543580907e-31,3.348269241839992e-05,0.9971815456047864,0.015490245654545019
RCSE_000059062,4507027356_00010,GATHER,NATURAL_DELAYED_EVIDENCE,NONE,,51615.0,R4_99_100,ood_test_r4,GATHER,GATHER,5.227641003358834e-10,0.001434793590798254,0.9999999992481092,0.9971815456047864,2.2912656399875584e-10,0.0013501781119968526,2.4168225213830436e-24,3.348269241839992e-05,0.9971815456047864,0.015490245654545019
RCSE_000059095,4507027026_00010,GATHER,NATURAL_DELAYED_EVIDENCE,NONE,,89373.0,R4_99_100,ood_test_r4,GATHER,GATHER,6.874793954761594e-14,0.001436733436837446,0.999999999999917,0.998529738602025,1.4367800015281023e-14,0.0,2.7904199829143917e-41,3.352796113766789e-05,0.998529738602025,0.008092504883414935
RCSE_000059454,4507022062_00010,GATHER,NATURAL_DELAYED_EVIDENCE,NONE,,54746.0,R4_99_100,ood_test_r4,GATHER,GATHER,6.612828142723131e-10,0.001434793590798254,0.9999999990630337,0.9971815456047864,2.756834472089219e-10,0.0013501781119968526,3.0502997517587784e-25,3.348269241839992e-05,0.9971815456047864,0.015490245654545019
RCSE_000059516,4507032616_00010,GATHER,NATURAL_DELAYED_EVIDENCE,NONE,,68114.0,R4_99_100,ood_test_r4,GATHER,GATHER,1.6924443082009498e-11,0.001434793590798254,0.9999999999755642,0.9971815456047864,7.511326832870403e-12,0.0013501781119968526,5.085603905630822e-31,3.348269241839992e-05,0.9971815456047864,0.015490245654545019
RCSE_000059592,4507020155_00020,GATHER,NATURAL_DELAYED_EVIDENCE,NONE,,61033.0,R4_99_100,ood_test_r4,GATHER,GATHER,8.636074599590141e-11,0.001434793590798254,0.9999999998669926,0.9971815456047864,4.6646673482089657e-11,0.0013501781119968526,6.170672566725264e-28,3.348269241839992e-05,0.9971815456047864,0.015490245654545019
RCSE_000059807,4507032441_00010,GATHER,NATURAL_DELAYED_EVIDENCE,NONE,,64951.0,R4_99_100,ood_test_r4,GATHER,GATHER,1.072473597937251e-11,0.001434793590798254,0.9999999999853793,0.9971815456047864,3.895961793152118e-12,0.0013501781119968526,2.1245840569373297e-30,3.348269241839992e-05,0.9971815456047864,0.015490245654545019
RCSE_000059827,4507032713_00010,GATHER,NATURAL_DELAYED_EVIDENCE,NONE,,56752.0,R4_99_100,ood_test_r4,GATHER,GATHER,1.3497430405844776e-10,0.001434793590798254,0.9999999998064835,0.9971815456047864,5.854218060410717e-11,0.0013501781119968526,1.3414303065862173e-26,3.348269241839992e-05,0.9971815456047864,0.015490245654545019
RCSE_000059979,4507027784_00010,GATHER,NATURAL_DELAYED_EVIDENCE,NONE,,98212.0,R4_99_100,ood_test_r4,GATHER,GATHER,9.687744381006195e-15,0.001436733436837446,0.999999999999988,0.998529738602025,2.3894295601294067e-15,0.0,3.872824297981104e-45,3.352796113766789e-05,0.998529738602025,0.008092504883414935
RCSE_000059985,4507032694_00010,GATHER,NATURAL_DELAYED_EVIDENCE,NONE,,56741.0,R4_99_100,ood_test_r4,GATHER,GATHER,1.883376717181432e-10,0.001434793590798254,0.9999999997588171,0.9971815456047864,5.284509316826793e-11,0.0013501781119968526,1.3663932154236012e-26,3.348269241839992e-05,0.9971815456047864,0.015490245654545019
RCSE_000059988,4507032046_00010,GATHER,NATURAL_DELAYED_EVIDENCE,NONE,,136024.0,R4_99_100,ood_test_r4,GATHER,GATHER,5.7235579670627045e-19,0.001436733436837446,1.0,0.998529738602025,7.627928688214287e-20,0.0,4.035144543344028e-62,3.352796113766789e-05,0.998529738602025,0.008092504883414935
RCSE_000059999,4507020037_00010,GATHER,NATURAL_DELAYED_EVIDENCE,NONE,,107955.0,R4_99_100,ood_test_r4,GATHER,GATHER,1.834295838465505e-15,0.001436733436837446,0.9999999999999978,0.998529738602025,2.896977031374453e-16,0.0,2.4402261711057815e-50,3.352796113766789e-05,0.998529738602025,0.008092504883414935
RCSE_000060197,4507018843_00010,GATHER,NATURAL_DELAYED_EVIDENCE,NONE,,96994.0,R4_99_100,ood_test_r4,GATHER,GATHER,2.1987633802584737e-14,0.001436733436837446,0.9999999999999725,0.998529738602025,5.473406082545584e-15,0.0,3.975477034349273e-45,3.352796113766789e-05,0.998529738602025,0.008092504883414935
RCSE_000060198,4507031210_00010,GATHER,NATURAL_DELAYED_EVIDENCE,NONE,,56414.0,R4_99_100,ood_test_r4,GATHER,GATHER,1.195696096543467e-10,0.001434793590798254,0.9999999998335192,0.9971815456047864,4.691125706693096e-11,0.0013501781119968526,4.491020285222296e-27,3.348269241839992e-05,0.9971815456047864,0.015490245654545019
RCSE_000060269,4507032020_00010,GATHER,NATURAL_DELAYED_EVIDENCE,NONE,,64079.0,R4_99_100,ood_test_r4,GATHER,GATHER,1.7352111654418663e-11,0.001434793590798254,0.9999999999765337,0.9971815456047864,6.114272104833738e-12,0.0013501781119968526,3.1288759791007747e-31,3.348269241839992e-05,0.9971815456047864,0.015490245654545019
RCSE_000060557,4507037330_00010,GATHER,NATURAL_DELAYED_EVIDENCE,NONE,,57919.0,R4_99_100,ood_test_r4,GATHER,GATHER,1.671517384444642e-10,0.001434793590798254,0.9999999997458027,0.9971815456047864,8.704566268093358e-11,0.0013501781119968526,7.179380296525187e-27,3.348269241839992e-05,0.9971815456047864,0.015490245654545019
RCSE_000060558,4507036898_00010,GATHER,NATURAL_DELAYED_EVIDENCE,NONE,,51615.0,R4_99_100,ood_test_r4,GATHER,GATHER,4.884543997944901e-10,0.001434793590798254,0.9999999992979143,0.9971815456047864,2.136314202437006e-10,0.0013501781119968526,2.2765879501858802e-24,3.348269241839992e-05,0.9971815456047864,0.015490245654545019
RCSE_000060596,4507038302_00010,GATHER,NATURAL_DELAYED_EVIDENCE,NONE,,70494.0,R4_99_100,ood_test_r4,GATHER,GATHER,8.276011989362332e-12,0.001434793590798254,0.9999999999883835,0.9971815456047864,3.340372723346828e-12,0.0013501781119968526,2.0368528632588975e-32,3.348269241839992e-05,0.9971815456047864,0.015490245654545019
RCSE_000060709,4507041477_00010,GATHER,NATURAL_DELAYED_EVIDENCE,NONE,,52127.0,R4_99_100,ood_test_r4,GATHER,GATHER,1.8153175812896287e-10,0.001434793590798254,0.9999999997467519,0.9971815456047864,7.171627666519288e-11,0.0013501781119968526,4.508554316953636e-25,3.348269241839992e-05,0.9971815456047864,0.015490245654545019
RCSE_000060729,4507036901_00010,GATHER,NATURAL_DELAYED_EVIDENCE,NONE,,179977.0,R4_99_100,ood_test_r4,GATHER,GATHER,2.848183626606321e-23,0.001436733436837446,1.0,0.998529738602025,1.1637036895603294e-24,0.0,2.911773905329183e-82,3.352796113766789e-05,0.998529738602025,0.008092504883414935
RCSE_000060738,4507033199_00010,GATHER,NATURAL_DELAYED_EVIDENCE,NONE,,112453.0,R4_99_100,ood_test_r4,GATHER,GATHER,3.8328556665237184e-16,0.001436733436837446,0.9999999999999996,0.998529738602025,5.1183786943185405e-17,0.0,1.2652652699403753e-51,3.352796113766789e-05,0.998529738602025,0.008092504883414935
RCSE_000060744,4507029122_00010,GATHER,NATURAL_DELAYED_EVIDENCE,NONE,,82119.0,R4_99_100,ood_test_r4,GATHER,GATHER,4.1322834798793607e-13,0.001436733436837446,0.9999999999994522,0.998529738602025,1.3461352576964807e-13,0.0,1.0974549083920142e-37,3.352796113766789e-05,0.998529738602025,0.008092504883414935
RCSE_000060749,4507040472_00010,GATHER,NATURAL_DELAYED_EVIDENCE,NONE,,55619.0,R4_99_100,ood_test_r4,GATHER,GATHER,3.180239988333195e-10,0.001434793590798254,0.9999999995100004,0.9971815456047864,1.7197548680222527e-10,0.0013501781119968526,1.1995325535564552e-25,3.348269241839992e-05,0.9971815456047864,0.015490245654545019
RCSE_000060825,4507038928_00010,GATHER,NATURAL_DELAYED_EVIDENCE,NONE,,77630.0,R4_99_100,ood_test_r4,GATHER,GATHER,2.7224258717927474e-13,0.001436733436837446,0.9999999999996496,0.998529738602025,7.80894234556305e-14,0.0,2.1974762982006985e-36,3.352796113766789e-05,0.998529738602025,0.008092504883414935
RCSE_000060893,4507041896_00010,GATHER,NATURAL_DELAYED_EVIDENCE,NONE,,67342.0,R4_99_100,ood_test_r4,GATHER,GATHER,8.330070337393703e-12,0.001434793590798254,0.9999999999889628,0.9971815456047864,2.7071649619699125e-12,0.0013501781119968526,2.3068727254421187e-31,3.348269241839992e-05,0.9971815456047864,0.015490245654545019
RCSE_000060964,4507029969_00010,GATHER,NATURAL_DELAYED_EVIDENCE,NONE,,86682.0,R4_99_100,ood_test_r4,GATHER,GATHER,3.3024694200005467e-13,0.001436733436837446,0.9999999999995957,0.998529738602025,7.416590528517247e-14,0.0,1.0206991415030258e-39,3.352796113766789e-05,0.998529738602025,0.008092504883414935
RCSE_000060969,4507009142_00010,GATHER,NATURAL_DELAYED_EVIDENCE,NONE,,342037.0,R4_99_100,ood_test_r4,GATHER,GATHER,1.2632620509897728e-39,0.001436733436837446,1.0,0.998529738602025,2.1649233814060995e-42,0.0,3.188343802875892e-155,3.352796113766789e-05,0.998529738602025,0.008092504883414935
RCSE_000060970,4507009143_00010,GATHER,NATURAL_DELAYED_EVIDENCE,NONE,,342037.0,R4_99_100,ood_test_r4,GATHER,GATHER,1.2619370613199064e-39,0.001436733436837446,1.0,0.998529738602025,2.162601982178093e-42,0.0,3.177835832240705e-155,3.352796113766789e-05,0.998529738602025,0.008092504883414935
RCSE_000060971,4507009144_00010,GATHER,NATURAL_DELAYED_EVIDENCE,NONE,,342037.0,R4_99_100,ood_test_r4,GATHER,GATHER,1.2604099430095136e-39,0.001436733436837446,1.0,0.998529738602025,2.159926518461989e-42,0.0,3.1657541909177154e-155,3.352796113766789e-05,0.998529738602025,0.008092504883414935
RCSE_000060972,4507019012_00010,GATHER,NATURAL_DELAYED_EVIDENCE,NONE,,339165.0,R4_99_100,ood_test_r4,GATHER,GATHER,1.0630778741364704e-39,0.001436733436837446,1.0,0.998529738602025,1.958758674121573e-42,0.0,3.1741771504169896e-154,3.352796113766789e-05,0.998529738602025,0.008092504883414935
RCSE_000060973,4507019014_00010,GATHER,NATURAL_DELAYED_EVIDENCE,NONE,,339165.0,R4_99_100,ood_test_r4,GATHER,GATHER,1.0630619170915804e-39,0.001436733436837446,1.0,0.998529738602025,1.958728345606393e-42,0.0,3.1741356152495793e-154,3.352796113766789e-05,0.998529738602025,0.008092504883414935
RCSE_000060974,4507019015_00010,GATHER,NATURAL_DELAYED_EVIDENCE,NONE,,339165.0,R4_99_100,ood_test_r4,GATHER,GATHER,1.0668447433747101e-39,0.001436733436837446,1.0,0.998529738602025,1.9658542933805252e-42,0.0,3.209802393106831e-154,3.352796113766789e-05,0.998529738602025,0.008092504883414935
RCSE_000060979,4507037410_00010,GATHER,NATURAL_DELAYED_EVIDENCE,NONE,,89373.0,R4_99_100,ood_test_r4,GATHER,GATHER,6.556165546394108e-14,0.001436733436837446,0.9999999999999207,0.998529738602025,1.366811256548811e-14,0.0,2.7610103360796343e-41,3.352796113766789e-05,0.998529738602025,0.008092504883414935
RCSE_000060980,4507040063_00010,GATHER,NATURAL_DELAYED_EVIDENCE,NONE,,89373.0,R4_99_100,ood_test_r4,GATHER,GATHER,5.191993593119914e-14,0.001436733436837446,0.9999999999999374,0.998529738602025,1.0744878462411989e-14,0.0,2.2484734956102494e-41,3.352796113766789e-05,0.998529738602025,0.008092504883414935
RCSE_000060993,4507038282_00010,GATHER,NATURAL_DELAYED_EVIDENCE,NONE,,134887.0,R4_99_100,ood_test_r4,GATHER,GATHER,8.897349667710088e-19,0.001436733436837446,1.0,0.998529738602025,1.2187033369268582e-19,0.0,1.5365390559346314e-61,3.352796113766789e-05,0.998529738602025,0.008092504883414935
RCSE_000061040,4507040471_00010,GATHER,NATURAL_DELAYED_EVIDENCE,NONE,,49536.0,R4_99_100,ood_test_r4,GATHER,GATHER,7.722019627673594e-10,0.001434793590798254,0.9999999988423078,0.9971815456047864,3.8549023525047886e-10,0.0013501781119968526,2.5625615464540308e-23,3.348269241839992e-05,0.9971815456047864,0.015490245654545019
RCSE_000061213,4507035997_00010,GATHER,NATURAL_DELAYED_EVIDENCE,NONE,,50662.0,R4_99_100,ood_test_r4,GATHER,GATHER,6.549464273463932e-10,0.001434793590798254,0.9999999990432802,0.9971815456047864,3.01773304631282e-10,0.0013501781119968526,2.2710317805570804e-24,3.348269241839992e-05,0.9971815456047864,0.015490245654545019
RCSE_000061255,4507040449_00010,GATHER,NATURAL_DELAYED_EVIDENCE,NONE,,70200.0,R4_99_100,ood_test_r4,GATHER,GATHER,4.355085547467397e-12,0.001434793590798254,0.9999999999943661,0.9971815456047864,1.2789012406477347e-12,0.0013501781119968526,5.085582903760403e-33,3.348269241839992e-05,0.9971815456047864,0.015490245654545019
RCSE_000061267,4507039719_00010,GATHER,NATURAL_DELAYED_EVIDENCE,NONE,,68173.0,R4_99_100,ood_test_r4,GATHER,GATHER,3.615906213742522e-12,0.001434793590798254,0.9999999999949958,0.9971815456047864,1.388313066943263e-12,0.0013501781119968526,2.4036388760164823e-32,3.348269241839992e-05,0.9971815456047864,0.015490245654545019
RCSE_000061337,4508042750_00010,GATHER,NATURAL_DELAYED_EVIDENCE,NONE,,51615.0,R4_99_100,ood_test_r4,GATHER,GATHER,4.754026112482928e-10,0.001434793590798254,0.999999999319092,0.9971815456047864,2.0550527597643824e-10,0.0013501781119968526,3.1915250052876002e-24,3.348269241839992e-05,0.9971815456047864,0.015490245654545019
RCSE_000061421,4507041780_00010,GATHER,NATURAL_DELAYED_EVIDENCE,NONE,,135874.0,R4_99_100,ood_test_r4,GATHER,GATHER,7.307049668612863e-19,0.001436733436837446,1.0,0.998529738602025,8.639405815099162e-20,0.0,1.4400900845583356e-62,3.352796113766789e-05,0.998529738602025,0.008092504883414935
RCSE_000061500,4508043622_00010,GATHER,NATURAL_DELAYED_EVIDENCE,NONE,,76903.0,R4_99_100,ood_test_r4,GATHER,GATHER,9.122431875026574e-13,0.001436733436837446,0.9999999999988625,0.998529738602025,2.2525474875162354e-13,0.0,7.2795537183996e-36,3.352796113766789e-05,0.998529738602025,0.008092504883414935
RCSE_000061585,4507033411_00010,GATHER,NATURAL_DELAYED_EVIDENCE,NONE,,63871.0,R4_99_100,ood_test_r4,GATHER,GATHER,8.166579917961471e-11,0.001434793590798254,0.9999999998897318,0.9971815456047864,2.8602369077632504e-11,0.0013501781119968526,2.3952741745801018e-29,3.348269241839992e-05,0.9971815456047864,0.015490245654545019
RCSE_000061606,4507031940_00030,GATHER,NATURAL_DELAYED_EVIDENCE,NONE,,54746.0,R4_99_100,ood_test_r4,GATHER,GATHER,5.536048798557946e-10,0.001434793590798254,0.9999999991503086,0.9971815456047864,2.9608656905681153e-10,0.0013501781119968526,2.8341737244977113e-25,3.348269241839992e-05,0.9971815456047864,0.015490245654545019
RCSE_000061723,4508045778_00010,GATHER,NATURAL_DELAYED_EVIDENCE,NONE,,49986.0,R4_99_100,ood_test_r4,GATHER,GATHER,1.0394391493710352e-09,0.001434793590798254,0.9999999983092773,0.9971815456047864,6.512836136599776e-10,0.0013501781119968526,5.698427663715313e-23,3.348269241839992e-05,0.9971815456047864,0.015490245654545019
RCSE_000061751,4507040992_00010,GATHER,NATURAL_DELAYED_EVIDENCE,NONE,,49508.0,R4_99_100,ood_test_r4,GATHER,GATHER,2.4077622942043204e-09,0.001434793590798254,0.9999999960172572,0.9971815456047864,1.5749805960211472e-09,0.0013501781119968526,1.5330395355259542e-22,3.348269241839992e-05,0.9971815456047864,0.015490245654545019
RCSE_000061944,4507038647_00010,GATHER,NATURAL_DELAYED_EVIDENCE,NONE,,49677.0,R4_99_100,ood_test_r4,GATHER,GATHER,3.289762978692124e-10,0.001434793590798254,0.9999999995063056,0.9971815456047864,1.647180155360034e-10,0.0013501781119968526,2.557593446255108e-24,3.348269241839992e-05,0.9971815456047864,0.015490245654545019
RCSE_000062034,4508045007_00010,GATHER,NATURAL_DELAYED_EVIDENCE,NONE,,70071.0,R4_99_100,ood_test_r4,GATHER,GATHER,5.522634880751545e-12,0.001434793590798254,0.9999999999926301,0.9971815456047864,1.8473158667848435e-12,0.0013501781119968526,1.24468620416591e-32,3.348269241839992e-05,0.9971815456047864,0.015490245654545019
RCSE_000062156,4508045104_00010,GATHER,NATURAL_DELAYED_EVIDENCE,NONE,,51816.0,R4_99_100,ood_test_r4,GATHER,GATHER,5.47034738400802e-10,0.001434793590798254,0.9999999991900439,0.9971815456047864,2.6292146158032804e-10,0.0013501781119968526,2.8238516861082073e-24,3.348269241839992e-05,0.9971815456047864,0.015490245654545019
RCSE_000062182,4507039123_00010,GATHER,NATURAL_DELAYED_EVIDENCE,NONE,,174628.0,R4_99_100,ood_test_r4,GATHER,GATHER,1.790945320455432e-22,0.001436733436837446,1.0,0.998529738602025,6.635881399594011e-24,0.0,5.300897624294084e-80,3.352796113766789e-05,0.998529738602025,0.008092504883414935
RCSE_000062233,4508046413_00010,GATHER,NATURAL_DELAYED_EVIDENCE,NONE,,89373.0,R4_99_100,ood_test_r4,GATHER,GATHER,7.019024971248112e-14,0.001436733436837446,0.9999999999999152,0.998529738602025,1.467881830195462e-14,0.0,2.8423781550776824e-41,3.352796113766789e-05,0.998529738602025,0.008092504883414935
RCSE_000062268,4508047131_00010,GATHER,NATURAL_DELAYED_EVIDENCE,NONE,,50749.0,R4_99_100,ood_test_r4,GATHER,GATHER,9.275085219382883e-10,0.001434793590798254,0.9999999987818353,0.9971815456047864,2.9065605729986626e-10,0.0013501781119968526,1.1830861242627876e-23,3.348269241839992e-05,0.9971815456047864,0.015490245654545019
RCSE_000062287,4508043565_00010,GATHER,NATURAL_DELAYED_EVIDENCE,NONE,,95435.0,R4_99_100,ood_test_r4,GATHER,GATHER,1.5740872311580372e-14,0.001436733436837446,0.9999999999999811,0.998529738602025,3.122429263423679e-15,0.0,3.787758999828295e-44,3.352796113766789e-05,0.998529738602025,0.008092504883414935
RCSE_000062684,4508045245_00010,GATHER,NATURAL_DELAYED_EVIDENCE,NONE,,70200.0,R4_99_100,ood_test_r4,GATHER,GATHER,6.9138573880148055e-12,0.001434793590798254,0.9999999999910261,0.9971815456047864,2.0600708168837533e-12,0.0013501781119968526,7.643290954635272e-33,3.348269241839992e-05,0.9971815456047864,0.015490245654545019
RCSE_000062974,4508045247_00010,GATHER,NATURAL_DELAYED_EVIDENCE,NONE,,68662.0,R4_99_100,ood_test_r4,GATHER,GATHER,1.117284923834507e-11,0.001434793590798254,0.9999999999853475,0.9971815456047864,3.4796279453762815e-12,0.0013501781119968526,2.9261379789143533e-32,3.348269241839992e-05,0.9971815456047864,0.015490245654545019
RCSE_000063131,4508052525_00010,GATHER,NATURAL_DELAYED_EVIDENCE,NONE,,60898.0,R4_99_100,ood_test_r4,GATHER,GATHER,5.197427669597418e-11,0.001434793590798254,0.9999999999352549,0.9971815456047864,1.2770849890335627e-11,0.0013501781119968526,9.258368962156905e-29,3.348269241839992e-05,0.9971815456047864,0.015490245654545019
RCSE_000063154,4508055644_00010,GATHER,NATURAL_DELAYED_EVIDENCE,NONE,,50749.0,R4_99_100,ood_test_r4,GATHER,GATHER,7.938706381285815e-10,0.001434793590798254,0.999999998958327,0.9971815456047864,2.478023463992796e-10,0.0013501781119968526,1.0001694727103884e-23,3.348269241839992e-05,0.9971815456047864,0.015490245654545019
RCSE_000063204,4507037668_00070,GATHER,NATURAL_DELAYED_EVIDENCE,NONE,,101599.0,R4_99_100,ood_test_r4,GATHER,GATHER,6.33312661714241e-15,0.001436733436837446,0.9999999999999927,0.998529738602025,1.0288720559216778e-15,0.0,1.1401986282779534e-46,3.352796113766789e-05,0.998529738602025,0.008092504883414935
RCSE_000063256,4508045321_00010,GATHER,NATURAL_DELAYED_EVIDENCE,NONE,,55370.0,R4_99_100,ood_test_r4,GATHER,GATHER,3.422607516981512e-10,0.001434793590798254,0.9999999995094264,0.9971815456047864,1.4831284567288967e-10,0.0013501781119968526,1.2748283585087333e-25,3.348269241839992e-05,0.9971815456047864,0.015490245654545019
RCSE_000063340,4507037014_00020,GATHER,NATURAL_DELAYED_EVIDENCE,NONE,,51286.0,R4_99_100,ood_test_r4,GATHER,GATHER,1.889414221435605e-09,0.001434793590798254,0.9999999972512132,0.9971815456047864,8.59372431676394e-10,0.0013501781119968526,3.6735981010773475e-24,3.348269241839992e-05,0.9971815456047864,0.015490245654545019
RCSE_000063388,4508055582_00010,GATHER,NATURAL_DELAYED_EVIDENCE,NONE,,51615.0,R4_99_100,ood_test_r4,GATHER,GATHER,5.38030086056223e-10,0.001434793590798254,0.9999999992282571,0.9971815456047864,2.3371276326910293e-10,0.0013501781119968526,3.451938067726559e-24,3.348269241839992e-05,0.9971815456047864,0.015490245654545019
RCSE_000063389,4508049508_00010,GATHER,NATURAL_DELAYED_EVIDENCE,NONE,,89373.0,R4_99_100,ood_test_r4,GATHER,GATHER,1.2162285162422782e-13,0.001436733436837446,0.9999999999998526,0.998529738602025,2.590426785356463e-14,0.0,4.471811926498872e-41,3.352796113766789e-05,0.998529738602025,0.008092504883414935
RCSE_000063401,4508048034_00010,GATHER,NATURAL_DELAYED_EVIDENCE,NONE,,60621.0,R4_99_100,ood_test_r4,GATHER,GATHER,9.027284913516916e-11,0.001434793590798254,0.9999999998761191,0.9971815456047864,3.3608049210808006e-11,0.0013501781119968526,2.9024240123349696e-28,3.348269241839992e-05,0.9971815456047864,0.015490245654545019
RCSE_000063413,4508047990_00010,GATHER,NATURAL_DELAYED_EVIDENCE,NONE,,89373.0,R4_99_100,ood_test_r4,GATHER,GATHER,1.2034411316908036e-13,0.001436733436837446,0.9999999999998541,0.998529738602025,2.5598478309634326e-14,0.0,4.5693323640191416e-41,3.352796113766789e-05,0.998529738602025,0.008092504883414935
RCSE_000063640,4507039005_00010,GATHER,NATURAL_DELAYED_EVIDENCE,NONE,,358488.0,R4_99_100,ood_test_r4,GATHER,GATHER,6.092859323534672e-42,0.001436733436837446,1.0,0.998529738602025,7.500968621786863e-45,0.0,1.0719397487846692e-163,3.352796113766789e-05,0.998529738602025,0.008092504883414935
RCSE_000063723,4507039006_00010,GATHER,NATURAL_DELAYED_EVIDENCE,NONE,,358488.0,R4_99_100,ood_test_r4,GATHER,GATHER,7.82864015708357e-42,0.001436733436837446,1.0,0.998529738602025,1.0158755484027736e-44,0.0,1.3776286030828272e-163,3.352796113766789e-05,0.998529738602025,0.008092504883414935
RCSE_000063758,4508057315_00010,GATHER,NATURAL_DELAYED_EVIDENCE,NONE,,60898.0,R4_99_100,ood_test_r4,GATHER,GATHER,7.460582986779817e-11,0.001434793590798254,0.9999999999062317,0.9971815456047864,1.9162436924370757e-11,0.0013501781119968526,2.6278242090728997e-28,3.348269241839992e-05,0.9971815456047864,0.015490245654545019
RCSE_000063816,4508050948_00010,GATHER,NATURAL_DELAYED_EVIDENCE,NONE,,55079.0,R4_99_100,ood_test_r4,GATHER,GATHER,2.784585411010034e-10,0.001434793590798254,0.9999999996254225,0.9971815456047864,9.611884464152705e-11,0.0013501781119968526,2.5148693751078515e-26,3.348269241839992e-05,0.9971815456047864,0.015490245654545019
RCSE_000063979,4508057661_00010,GATHER,NATURAL_DELAYED_EVIDENCE,NONE,,50749.0,R4_99_100,ood_test_r4,GATHER,GATHER,9.577310918768075e-10,0.001434793590798254,0.9999999987415469,0.9971815456047864,3.007220706366479e-10,0.0013501781119968526,1.180383467597227e-23,3.348269241839992e-05,0.9971815456047864,0.015490245654545019
RCSE_000063980,4508060255_00010,GATHER,NATURAL_DELAYED_EVIDENCE,NONE,,50749.0,R4_99_100,ood_test_r4,GATHER,GATHER,4.760504472470376e-10,0.001434793590798254,0.9999999993823268,0.9971815456047864,1.4162269157467161e-10,0.0013501781119968526,2.99511147502861e-24,3.348269241839992e-05,0.9971815456047864,0.015490245654545019
RCSE_000064167,4508056971_00010,GATHER,NATURAL_DELAYED_EVIDENCE,NONE,,70200.0,R4_99_100,ood_test_r4,GATHER,GATHER,5.857919219332887e-12,0.001434793590798254,0.9999999999924414,0.9971815456047864,1.7007462238193362e-12,0.0013501781119968526,1.3219696636071435e-32,3.348269241839992e-05,0.9971815456047864,0.015490245654545019
RCSE_000064343,4508052366_00010,GATHER,NATURAL_DELAYED_EVIDENCE,NONE,,206203.0,R4_99_100,ood_test_r4,GATHER,GATHER,6.559194553947974e-26,0.001436733436837446,1.0,0.998529738602025,1.3007884891466958e-27,0.0,1.8805399335200547e-94,3.352796113766789e-05,0.998529738602025,0.008092504883414935
RCSE_000064430,4508055070_00010,GATHER,NATURAL_DELAYED_EVIDENCE,NONE,,89373.0,R4_99_100,ood_test_r4,GATHER,GATHER,1.2437158162379421e-13,0.001436733436837446,0.999999999999849,0.998529738602025,2.6508331833568975e-14,0.0,4.562264351608972e-41,3.352796113766789e-05,0.998529738602025,0.008092504883414935
RCSE_000064484,4508061157_00010,GATHER,NATURAL_DELAYED_EVIDENCE,NONE,,49986.0,R4_99_100,ood_test_r4,GATHER,GATHER,1.3957400393772024e-09,0.001434793590798254,0.9999999977207159,0.9971815456047864,8.83544005624329e-10,0.0013501781119968526,7.168445730171457e-23,3.348269241839992e-05,0.9971815456047864,0.015490245654545019
RCSE_000064485,4508062582_00010,GATHER,NATURAL_DELAYED_EVIDENCE,NONE,,49350.0,R4_99_100,ood_test_r4,GATHER,GATHER,1.7857894494739087e-09,0.001434793590798254,0.9999999970775877,0.9971815456047864,1.136622819608575e-09,0.0013501781119968526,2.1083175432717054e-22,3.348269241839992e-05,0.9971815456047864,0.015490245654545019
RCSE_000064498,4508053160_00010,GATHER,NATURAL_DELAYED_EVIDENCE,NONE,,132242.0,R4_99_100,ood_test_r4,GATHER,GATHER,2.725359165598338e-18,0.001436733436837446,1.0,0.998529738602025,2.611252878607395e-19,0.0,2.4921194608088183e-60,3.352796113766789e-05,0.998529738602025,0.008092504883414935
RCSE_000064536,4507039123_00020,GATHER,NATURAL_DELAYED_EVIDENCE,NONE,,174628.0,R4_99_100,ood_test_r4,GATHER,GATHER,3.0835624774238954e-22,0.001436733436837446,1.0,0.998529738602025,1.3082448595650473e-23,0.0,1.6429620809730723e-81,3.352796113766789e-05,0.998529738602025,0.008092504883414935
RCSE_000064708,4508050044_00010,GATHER,NATURAL_DELAYED_EVIDENCE,NONE,,365472.0,R4_99_100,ood_test_r4,GATHER,GATHER,3.9978853129243824e-42,0.001436733436837446,1.0,0.998529738602025,5.649608139104183e-45,0.0,6.018101435948706e-166,3.352796113766789e-05,0.998529738602025,0.008092504883414935
RCSE_000065142,4508063338_00010,GATHER,NATURAL_DELAYED_EVIDENCE,NONE,,70200.0,R4_99_100,ood_test_r4,GATHER,GATHER,5.419650870125958e-12,0.001434793590798254,0.9999999999929763,0.9971815456047864,1.604072610321369e-12,0.0013501781119968526,5.9824053887286276e-33,3.348269241839992e-05,0.9971815456047864,0.015490245654545019
RCSE_000065265,4508066608_00010,GATHER,NATURAL_DELAYED_EVIDENCE,NONE,,49903.0,R4_99_100,ood_test_r4,GATHER,GATHER,2.1223665367476436e-09,0.001434793590798254,0.9999999965282123,0.9971815456047864,1.3494210945590487e-09,0.0013501781119968526,1.9101447201297253e-22,3.348269241839992e-05,0.9971815456047864,0.015490245654545019
RCSE_000065428,4508065455_00010,GATHER,NATURAL_DELAYED_EVIDENCE,NONE,,78490.0,R4_99_100,ood_test_r4,GATHER,GATHER,7.583597411263375e-13,0.001436733436837446,0.9999999999990525,0.998529738602025,1.8913571787221742e-13,0.0,1.508821975923806e-36,3.352796113766789e-05,0.998529738602025,0.008092504883414935
RCSE_000065743,4508057518_00010,GATHER,NATURAL_DELAYED_EVIDENCE,NONE,,76782.0,R4_99_100,ood_test_r4,GATHER,GATHER,3.618145857961746e-12,0.001434793590798254,0.9999999999953813,0.9971815456047864,1.0004953756458742e-12,0.0013501781119968526,3.434971043182445e-36,3.348269241839992e-05,0.9971815456047864,0.015490245654545019
RCSE_000066166,4508071618_00010,GATHER,NATURAL_DELAYED_EVIDENCE,NONE,,70200.0,R4_99_100,ood_test_r4,GATHER,GATHER,4.432021221328372e-12,0.001434793590798254,0.9999999999942646,0.9971815456047864,1.3034795057302393e-12,0.0013501781119968526,5.006822881667883e-33,3.348269241839992e-05,0.9971815456047864,0.015490245654545019
RCSE_000066334,4508073894_00010,GATHER,NATURAL_DELAYED_EVIDENCE,NONE,,120966.0,R4_99_100,ood_test_r4,GATHER,GATHER,2.4478052792311322e-17,0.001436733436837446,1.0,0.998529738602025,2.705550029071688e-18,0.0,1.3687552676263556e-55,3.352796113766789e-05,0.998529738602025,0.008092504883414935
RCSE_000066381,4508073219_00010,GATHER,NATURAL_DELAYED_EVIDENCE,NONE,,69420.0,R4_99_100,ood_test_r4,GATHER,GATHER,9.287017002056085e-12,0.001434793590798254,0.9999999999878182,0.9971815456047864,2.8948177252791095e-12,0.0013501781119968526,8.45971514159725e-32,3.348269241839992e-05,0.9971815456047864,0.015490245654545019
RCSE_000066449,4508069718_00010,GATHER,NATURAL_DELAYED_EVIDENCE,NONE,,65970.0,R4_99_100,ood_test_r4,GATHER,GATHER,3.1419049434865204e-11,0.001434793590798254,0.9999999999571649,0.9971815456047864,1.141606282246667e-11,0.0013501781119968526,3.522410278003944e-30,3.348269241839992e-05,0.9971815456047864,0.015490245654545019
RCSE_000066510,4508056976_00040,GATHER,NATURAL_DELAYED_EVIDENCE,NONE,,113890.0,R4_99_100,ood_test_r4,GATHER,GATHER,5.056424203934872e-16,0.001436733436837446,0.9999999999999993,0.998529738602025,6.415240551973042e-17,0.0,8.977767374306468e-52,3.352796113766789e-05,0.998529738602025,0.008092504883414935
RCSE_000066677,4508067874_00010,GATHER,NATURAL_DELAYED_EVIDENCE,NONE,,51213.0,R4_99_100,ood_test_r4,GATHER,GATHER,1.296418412200471e-09,0.001434793590798254,0.9999999981458589,0.9971815456047864,5.577226436448161e-10,0.0013501781119968526,4.142066234801792e-23,3.348269241839992e-05,0.9971815456047864,0.015490245654545019
RCSE_000152613,2000000015_00001,ESCALATE,CONTROLLED_CONTRADICTION,INVOICE_VALUE_CONTRADICTION,0.05,457836.0,R4_99_100,ood_test_r4,GATHER,GATHER,3.910081880976017e-14,0.001436733436837446,0.9999999999999607,0.998529738602025,9.02520456045433e-17,0.0,1.4325820264651587e-207,3.352796113766789e-05,0.998529738602025,0.008092504883414935
RCSE_000143366,4507003374_00060,ESCALATE,CONTROLLED_CONTRADICTION,INVOICE_VALUE_CONTRADICTION,0.05,123973.0,R4_99_100,ood_test_r4,GATHER,EXECUTE,0.36635734346814625,0.3532671186467085,0.420430509538694,0.31015950138296733,0.21321214699315966,0.33655015036171737,4.786001011693892e-66,2.322960860671875e-05,0.3532671186467085,0.791630578941228
RCSE_000143255,4507005728_00010,ESCALATE,CONTROLLED_CONTRADICTION,INVOICE_VALUE_CONTRADICTION,0.05,79096.0,R4_99_100,ood_test_r4,ESCALATE,EXECUTE,0.42175483579173406,0.5046569423998928,0.001800903702898693,0.014533823274263056,0.5764442605053672,0.48077604985258343,4.292064644644153e-34,3.318447326069061e-05,0.5046569423998928,0.5475460284491938
RCSE_000155703,2000000067_00001,ESCALATE,CONTROLLED_CONTRADICTION,INVOICE_VALUE_CONTRADICTION,0.05,259807.0,R4_99_100,ood_test_r4,GATHER,GATHER,2.2449683385928623e-06,0.001434793590798254,0.9999975716614302,0.9971815456047864,1.8337023110598656e-07,0.0013501781119968526,3.6172786684497634e-119,3.348269241839992e-05,0.9971815456047864,0.015490245654545019
RCSE_000151693,2000000058_00001,ESCALATE,CONTROLLED_CONTRADICTION,INVOICE_VALUE_CONTRADICTION,0.05,339481.0,R4_99_100,ood_test_r4,GATHER,GATHER,8.324393923133588e-10,0.001434793590798254,0.9999999991481054,0.9971815456047864,1.9455179710001495e-11,0.0013501781119968526,1.2085071189808865e-155,3.348269241839992e-05,0.9971815456047864,0.015490245654545019
RCSE_000142801,4507007815_00010,ESCALATE,CONTROLLED_CONTRADICTION,INVOICE_VALUE_CONTRADICTION,0.05,1472243.0,R4_99_100,ood_test_r4,GATHER,GATHER,7.15281978281195e-52,0.001436733436837446,1.0,0.998529738602025,2.524613721988474e-62,0.0,0.0,3.352796113766789e-05,0.998529738602025,0.008092504883414935
RCSE_000155099,4507004116_00010,ESCALATE,CONTROLLED_CONTRADICTION,INVOICE_VALUE_CONTRADICTION,0.05,52959.0,R4_99_100,ood_test_r4,ESCALATE,EXECUTE,0.34517532859827255,0.5046569423998928,0.0015363751453469118,0.014533823274263056,0.6532882962563806,0.48077604985258343,4.081526643736163e-24,3.318447326069061e-05,0.5046569423998928,0.5475460284491938
RCSE_000145391,4507008597_00010,ESCALATE,CONTROLLED_CONTRADICTION,INVOICE_VALUE_CONTRADICTION,0.05,53503.0,R4_99_100,ood_test_r4,ESCALATE,EXECUTE,0.3251258190772788,0.5120475043992396,0.0003214315410034716,0.00010194239551029911,0.6745527493817177,0.4878168827545135,7.558060043593338e-24,3.367045073656265e-05,0.5120475043992396,0.5007442179902334
RCSE_000143132,4507006424_00010,ESCALATE,CONTROLLED_CONTRADICTION,INVOICE_VALUE_CONTRADICTION,0.05,70494.0,R4_99_100,ood_test_r4,ESCALATE,EXECUTE,0.38545240727699,0.5120475043992396,0.0002891954506477725,0.00010194239551029911,0.6142583972723621,0.4878168827545135,2.2154478346033904e-30,3.367045073656265e-05,0.5120475043992396,0.5007442179902334
RCSE_000152302,4507007548_00020,ESCALATE,CONTROLLED_CONTRADICTION,INVOICE_VALUE_CONTRADICTION,0.05,51268.0,R4_99_100,ood_test_r4,ESCALATE,EXECUTE,0.31396588381132445,0.5120475043992396,0.0001499611082019226,0.00010194239551029911,0.6858841550804736,0.4878168827545135,1.0132880674720956e-23,3.367045073656265e-05,0.5120475043992396,0.5007442179902334
RCSE_000148046,2000000022_00001,ESCALATE,CONTROLLED_CONTRADICTION,INVOICE_VALUE_CONTRADICTION,0.05,4312806.0,R4_99_100,ood_test_r4,GATHER,GATHER,4.96945446998027e-161,0.001436733436837446,1.0,0.998529738602025,9.084617135123443e-193,0.0,0.0,3.352796113766789e-05,0.998529738602025,0.008092504883414935
RCSE_000152141,4507005688_00010,ESCALATE,CONTROLLED_CONTRADICTION,INVOICE_VALUE_CONTRADICTION,0.05,185424.0,R4_99_100,ood_test_r4,GATHER,GATHER,0.011967316516829037,0.022445385124547246,0.9864231815858419,0.9468312186799488,0.0016095018973292237,0.030691449552024273,4.4781461639947445e-87,3.194664347971098e-05,0.9468312186799488,0.17615305744566476
RCSE_000154427,4507000387_00010,ESCALATE,CONTROLLED_CONTRADICTION,INVOICE_VALUE_CONTRADICTION,0.05,165780.0,R4_99_100,ood_test_r4,EXECUTE,EXECUTE,0.793332007414441,0.4748920780243674,0.04471092174785824,0.07265700485068134,0.16195707083770067,0.4524196898849374,1.4841963584032825e-68,3.1227240013723764e-05,0.4748920780243674,0.6515948289798453
RCSE_000152157,4507002980_00010,ESCALATE,CONTROLLED_CONTRADICTION,INVOICE_VALUE_CONTRADICTION,0.05,50714.0,R4_99_100,ood_test_r4,ESCALATE,EXECUTE,0.4325132626877454,0.5046569423998928,0.0007143133071535645,0.014533823274263056,0.566772424005101,0.48077604985258343,2.197433564124731e-24,3.318447326069061e-05,0.5046569423998928,0.5475460284491938
RCSE_000142902,4507007858_00010,ESCALATE,CONTROLLED_CONTRADICTION,INVOICE_VALUE_CONTRADICTION,0.05,59793.0,R4_99_100,ood_test_r4,ESCALATE,EXECUTE,0.4064595557370346,0.5046569423998928,0.0013524734062139512,0.014533823274263056,0.5921879708567515,0.48077604985258343,2.974507478981101e-26,3.318447326069061e-05,0.5046569423998928,0.5475460284491938
RCSE_000145308,4507005760_00020,ESCALATE,CONTROLLED_CONTRADICTION,INVOICE_VALUE_CONTRADICTION,0.05,58259.0,R4_99_100,ood_test_r4,ESCALATE,EXECUTE,0.46296951598573705,0.4748920780243674,0.003063867088221082,0.07265700485068134,0.5339666169260419,0.4524196898849374,9.717104426275341e-27,3.1227240013723764e-05,0.4748920780243674,0.6515948289798453
RCSE_000155536,4507004702_00010,ESCALATE,CONTROLLED_CONTRADICTION,INVOICE_VALUE_CONTRADICTION,0.05,52598.0,R4_99_100,ood_test_r4,ESCALATE,EXECUTE,0.36351970450897475,0.5046569423998928,0.0006758591709940484,0.014533823274263056,0.6358044363200311,0.48077604985258343,3.472249723458368e-24,3.318447326069061e-05,0.5046569423998928,0.5475460284491938
RCSE_000148036,4507011244_00010,ESCALATE,CONTROLLED_CONTRADICTION,INVOICE_VALUE_CONTRADICTION,0.05,54143.0,R4_99_100,ood_test_r4,ESCALATE,ESCALATE,0.2616038066388064,0.3928489684863512,6.235474715500227e-08,0.0001035704837283569,0.7383961310064464,0.6070132528395725,2.034718766827199e-26,3.4208190347903796e-05,0.6070132528395725,0.48429576352846354
RCSE_000153046,4507004994_00010,ESCALATE,CONTROLLED_CONTRADICTION,INVOICE_VALUE_CONTRADICTION,0.05,103923.0,R4_99_100,ood_test_r4,EXECUTE,EXECUTE,0.6706808528214059,0.4748920780243674,0.05013665212757802,0.07265700485068134,0.27918249505101617,0.4524196898849374,3.502735273034004e-54,3.1227240013723764e-05,0.4748920780243674,0.6515948289798453
RCSE_000152620,4507004494_00010,ESCALATE,CONTROLLED_CONTRADICTION,INVOICE_VALUE_CONTRADICTION,0.05,127742.0,R4_99_100,ood_test_r4,EXECUTE,EXECUTE,0.4895067218452536,0.41499021224157545,0.2377788438829577,0.18963005662518664,0.27271443427178865,0.395352442830146,1.3109658019987078e-51,2.7288303091779305e-05,0.41499021224157545,0.755570537703291
RCSE_000147372,4507004488_00010,ESCALATE,CONTROLLED_CONTRADICTION,INVOICE_VALUE_CONTRADICTION,0.05,127742.0,R4_99_100,ood_test_r4,EXECUTE,EXECUTE,0.45482907188696886,0.3532671186467085,0.38196411992098034,0.31015950138296733,0.16320680819205075,0.33655015036171737,2.5380781405884073e-53,2.322960860671875e-05,0.3532671186467085,0.791630578941228
RCSE_000146707,4507007881_00010,ESCALATE,CONTROLLED_CONTRADICTION,INVOICE_VALUE_CONTRADICTION,0.05,601021.0,R4_99_100,ood_test_r4,GATHER,GATHER,6.377791385541123e-18,0.001436733436837446,1.0,0.998529738602025,3.838006486742051e-21,0.0,1.854090754882902e-253,3.352796113766789e-05,0.998529738602025,0.008092504883414935
RCSE_000147551,4507003429_00020,ESCALATE,CONTROLLED_CONTRADICTION,INVOICE_VALUE_CONTRADICTION,0.05,323365.0,R4_99_100,ood_test_r4,GATHER,GATHER,1.198284581124473e-06,0.001434793590798254,0.9999987546331606,0.9971815456047864,4.7082258446011836e-08,0.0013501781119968526,1.9225267918588352e-138,3.348269241839992e-05,0.9971815456047864,0.015490245654545019
RCSE_000153580,4507011744_00010,ESCALATE,CONTROLLED_CONTRADICTION,INVOICE_VALUE_CONTRADICTION,0.05,51615.0,R4_99_100,ood_test_r4,ESCALATE,EXECUTE,0.4239026096995615,0.5046569423998928,0.0009852953549321635,0.014533823274263056,0.5751120949455064,0.48077604985258343,3.09214089777303e-24,3.318447326069061e-05,0.5046569423998928,0.5475460284491938
RCSE_000144003,4507009731_00010,ESCALATE,CONTROLLED_CONTRADICTION,INVOICE_VALUE_CONTRADICTION,0.05,70494.0,R4_99_100,ood_test_r4,ESCALATE,EXECUTE,0.3726469992688653,0.5046569423998928,0.0013586673242833166,0.014533823274263056,0.6259943334068513,0.48077604985258343,1.527971021441544e-30,3.318447326069061e-05,0.5046569423998928,0.5475460284491938
RCSE_000148651,4507014404_00010,ESCALATE,CONTROLLED_CONTRADICTION,INVOICE_VALUE_CONTRADICTION,0.05,56912.0,R4_99_100,ood_test_r4,ESCALATE,EXECUTE,0.42259436658527044,0.5046569423998928,0.002475381298124274,0.014533823274263056,0.5749302521166053,0.48077604985258343,1.863661688060367e-26,3.318447326069061e-05,0.5046569423998928,0.5475460284491938
RCSE_000154540,4507010120_00010,ESCALATE,CONTROLLED_CONTRADICTION,INVOICE_VALUE_CONTRADICTION,0.05,58799.0,R4_99_100,ood_test_r4,ESCALATE,EXECUTE,0.45553736423486124,0.5046569423998928,0.001524897170499072,0.014533823274263056,0.5429377385946397,0.48077604985258343,9.529327005837181e-27,3.318447326069061e-05,0.5046569423998928,0.5475460284491938
RCSE_000155278,4507019076_00010,ESCALATE,CONTROLLED_CONTRADICTION,INVOICE_VALUE_CONTRADICTION,0.05,63658.0,R4_99_100,ood_test_r4,ESCALATE,EXECUTE,0.4403188025563309,0.4748920780243674,0.007276080372320573,0.07265700485068134,0.5524051170713485,0.4524196898849374,3.6800075894359197e-28,3.1227240013723764e-05,0.4748920780243674,0.6515948289798453
RCSE_000151529,4507016526_00010,ESCALATE,CONTROLLED_CONTRADICTION,INVOICE_VALUE_CONTRADICTION,0.05,51615.0,R4_99_100,ood_test_r4,ESCALATE,EXECUTE,0.42323164320248535,0.5046569423998928,0.000984548663854895,0.014533823274263056,0.5757838081336597,0.48077604985258343,3.2554562128892587e-24,3.318447326069061e-05,0.5046569423998928,0.5475460284491938
RCSE_000149001,4507008905_00160,ESCALATE,CONTROLLED_CONTRADICTION,INVOICE_VALUE_CONTRADICTION,0.05,51274.0,R4_99_100,ood_test_r4,ESCALATE,EXECUTE,0.3543854422205758,0.5046569423998928,0.0014444755131056478,0.014533823274263056,0.6441700822663186,0.48077604985258343,1.9999055849780276e-24,3.318447326069061e-05,0.5046569423998928,0.5475460284491938
RCSE_000146064,4507021813_00010,ESCALATE,CONTROLLED_CONTRADICTION,INVOICE_VALUE_CONTRADICTION,0.05,56869.0,R4_99_100,ood_test_r4,ESCALATE,EXECUTE,0.42690138371909037,0.5046569423998928,0.0025530762795904194,0.014533823274263056,0.5705455400013193,0.48077604985258343,4.3587774900717196e-26,3.318447326069061e-05,0.5046569423998928,0.5475460284491938
RCSE_000144806,4507022590_00010,ESCALATE,CONTROLLED_CONTRADICTION,INVOICE_VALUE_CONTRADICTION,0.05,55446.0,R4_99_100,ood_test_r4,ESCALATE,EXECUTE,0.33217649851381975,0.5046569423998928,0.0005201075964463226,0.014533823274263056,0.6673033938897339,0.48077604985258343,1.7743623915975484e-24,3.318447326069061e-05,0.5046569423998928,0.5475460284491938
RCSE_000151708,4507015576_00010,ESCALATE,CONTROLLED_CONTRADICTION,INVOICE_VALUE_CONTRADICTION,0.05,65835.0,R4_99_100,ood_test_r4,ESCALATE,EXECUTE,0.43682785406345387,0.4861115852863988,0.0028284438666094213,0.050748171349487746,0.5603437020699367,0.46310827836859203,6.132818503714539e-29,3.1964995521385014e-05,0.4861115852863988,0.6194527135273679
RCSE_000148108,4507017325_00010,ESCALATE,CONTROLLED_CONTRADICTION,INVOICE_VALUE_CONTRADICTION,0.05,63219.0,R4_99_100,ood_test_r4,ESCALATE,EXECUTE,0.4714623869575975,0.5046569423998928,0.0018608659574757848,0.014533823274263056,0.5266767470849267,0.48077604985258343,1.6997429481179736e-28,3.318447326069061e-05,0.5046569423998928,0.5475460284491938
RCSE_000148889,4507019462_00010,ESCALATE,CONTROLLED_CONTRADICTION,INVOICE_VALUE_CONTRADICTION,0.05,52598.0,R4_99_100,ood_test_r4,ESCALATE,EXECUTE,0.3612914427605653,0.5046569423998928,0.0008952386598728649,0.014533823274263056,0.6378133185795618,0.48077604985258343,5.067668150520546e-24,3.318447326069061e-05,0.5046569423998928,0.5475460284491938
RCSE_000148465,4507024258_00010,ESCALATE,CONTROLLED_CONTRADICTION,INVOICE_VALUE_CONTRADICTION,0.05,55827.0,R4_99_100,ood_test_r4,ESCALATE,EXECUTE,0.3286388252830287,0.5046569423998928,0.0008045879588268049,0.014533823274263056,0.6705565867581446,0.48077604985258343,4.878872457270115e-25,3.318447326069061e-05,0.5046569423998928,0.5475460284491938
RCSE_000142679,4507017954_00010,ESCALATE,CONTROLLED_CONTRADICTION,INVOICE_VALUE_CONTRADICTION,0.05,58132.0,R4_99_100,ood_test_r4,ESCALATE,EXECUTE,0.4411254160864529,0.5046569423998928,0.0012471775998340992,0.014533823274263056,0.5576274063137129,0.48077604985258343,1.1548525215607496e-26,3.318447326069061e-05,0.5046569423998928,0.5475460284491938
RCSE_000156549,4507005384_00010,ESCALATE,CONTROLLED_CONTRADICTION,INVOICE_VALUE_CONTRADICTION,0.05,111637.0,R4_99_100,ood_test_r4,EXECUTE,EXECUTE,0.5671210243824527,0.4748920780243674,0.036494812438792025,0.07265700485068134,0.39638416317875524,0.4524196898849374,1.3968457396657376e-45,3.1227240013723764e-05,0.4748920780243674,0.6515948289798453
RCSE_000142991,4507000693_00010,ESCALATE,CONTROLLED_CONTRADICTION,INVOICE_VALUE_CONTRADICTION,0.05,1922576.0,R4_99_100,ood_test_r4,GATHER,GATHER,3.24802266472981e-67,0.001436733436837446,1.0,0.998529738602025,2.907468108391328e-81,0.0,0.0,3.352796113766789e-05,0.998529738602025,0.008092504883414935
RCSE_000146966,2000013568_00001,ESCALATE,CONTROLLED_CONTRADICTION,INVOICE_VALUE_CONTRADICTION,0.05,268467.0,R4_99_100,ood_test_r4,GATHER,GATHER,4.542837635326212e-06,0.001434793590798254,0.9999949750106922,0.9971815456047864,4.82151672507052e-07,0.0013501781119968526,3.127374358085072e-117,3.348269241839992e-05,0.9971815456047864,0.015490245654545019
RCSE_000149303,4507017974_00010,ESCALATE,CONTROLLED_CONTRADICTION,INVOICE_VALUE_CONTRADICTION,0.05,127742.0,R4_99_100,ood_test_r4,EXECUTE,EXECUTE,0.4667550686019567,0.3532671186467085,0.36472752993603796,0.31015950138296733,0.16851740146200525,0.33655015036171737,2.7812569845985767e-53,2.322960860671875e-05,0.3532671186467085,0.791630578941228
RCSE_000156560,4507010605_00010,ESCALATE,CONTROLLED_CONTRADICTION,INVOICE_VALUE_CONTRADICTION,0.05,111637.0,R4_99_100,ood_test_r4,EXECUTE,EXECUTE,0.6269065260087517,0.4748920780243674,0.07008774500754049,0.07265700485068134,0.3030057289837077,0.4524196898849374,2.7540986212463836e-47,3.1227240013723764e-05,0.4748920780243674,0.6515948289798453
RCSE_000154103,2000013561_00001,ESCALATE,CONTROLLED_CONTRADICTION,INVOICE_VALUE_CONTRADICTION,0.05,94553.0,R4_99_100,ood_test_r4,ESCALATE,EXECUTE,0.4050222546925697,0.5046569423998928,0.0017293045372095345,0.014533823274263056,0.5932484407702207,0.48077604985258343,7.262242296259336e-41,3.318447326069061e-05,0.5046569423998928,0.5475460284491938
RCSE_000152827,4507022681_00010,ESCALATE,CONTROLLED_CONTRADICTION,INVOICE_VALUE_CONTRADICTION,0.05,51348.0,R4_99_100,ood_test_r4,ESCALATE,EXECUTE,0.4234408906391089,0.5046569423998928,0.00071017219720413,0.014533823274263056,0.5758489371636869,0.48077604985258343,1.6535326398097424e-24,3.318447326069061e-05,0.5046569423998928,0.5475460284491938
RCSE_000142521,4507014501_00010,ESCALATE,CONTROLLED_CONTRADICTION,INVOICE_VALUE_CONTRADICTION,0.05,112178.0,R4_99_100,ood_test_r4,EXECUTE,EXECUTE,0.5675947943674196,0.4748920780243674,0.039021290678903815,0.07265700485068134,0.3933839149536767,0.4524196898849374,8.845763303077756e-46,3.1227240013723764e-05,0.4748920780243674,0.6515948289798453
RCSE_000151843,4507015464_00020,ESCALATE,CONTROLLED_CONTRADICTION,INVOICE_VALUE_CONTRADICTION,0.05,70413.0,R4_99_100,ood_test_r4,ESCALATE,EXECUTE,0.46419063283878725,0.5046569423998928,0.0022897613761290354,0.014533823274263056,0.5335196057850838,0.48077604985258343,2.2915503954670938e-30,3.318447326069061e-05,0.5046569423998928,0.5475460284491938
RCSE_000152696,4507026055_00020,ESCALATE,CONTROLLED_CONTRADICTION,INVOICE_VALUE_CONTRADICTION,0.05,57846.0,R4_99_100,ood_test_r4,ESCALATE,EXECUTE,0.41445974296933885,0.4748920780243674,0.0030009803638225445,0.07265700485068134,0.5825392766668386,0.4524196898849374,2.3032034604673196e-25,3.1227240013723764e-05,0.4748920780243674,0.6515948289798453
RCSE_000148218,4507030052_00010,ESCALATE,CONTROLLED_CONTRADICTION,INVOICE_VALUE_CONTRADICTION,0.05,55557.0,R4_99_100,ood_test_r4,ESCALATE,EXECUTE,0.3329816932146727,0.5120475043992396,0.0001191165515005395,0.00010194239551029911,0.6668991902338269,0.4878168827545135,2.086916486378392e-25,3.367045073656265e-05,0.5120475043992396,0.5007442179902334
RCSE_000156605,4507026608_00010,ESCALATE,CONTROLLED_CONTRADICTION,INVOICE_VALUE_CONTRADICTION,0.05,107955.0,R4_99_100,ood_test_r4,EXECUTE,EXECUTE,0.592860853919089,0.4550543465074578,0.10744052627568877,0.11139503021086652,0.2996986198052221,0.4335207005014161,1.462353633899488e-45,2.992278025944974e-05,0.4550543465074578,0.6963979222287732
RCSE_000144330,4507029781_00010,ESCALATE,CONTROLLED_CONTRADICTION,INVOICE_VALUE_CONTRADICTION,0.05,112453.0,R4_99_100,ood_test_r4,EXECUTE,EXECUTE,0.49146157964975334,0.42913668131373434,0.16665747620442584,0.16200561392077534,0.34188094414582093,0.4088294862401322,2.3881097113268857e-45,2.8218525358069368e-05,0.42913668131373434,0.738578612721339
RCSE_000148032,4507033197_00010,ESCALATE,CONTROLLED_CONTRADICTION,INVOICE_VALUE_CONTRADICTION,0.05,112453.0,R4_99_100,ood_test_r4,EXECUTE,EXECUTE,0.5110984427698138,0.42913668131373434,0.15071623476581394,0.16200561392077534,0.3381853224643723,0.4088294862401322,1.392867496850254e-45,2.8218525358069368e-05,0.42913668131373434,0.738578612721339
RCSE_000141854,4507032819_00010,ESCALATE,CONTROLLED_CONTRADICTION,INVOICE_VALUE_CONTRADICTION,0.05,51055.0,R4_99_100,ood_test_r4,ESCALATE,EXECUTE,0.29021819133289645,0.5046569423998928,0.00044866084656691475,0.014533823274263056,0.7093331478205367,0.48077604985258343,6.62382116167245e-23,3.318447326069061e-05,0.5046569423998928,0.5475460284491938
RCSE_000149581,4507021465_00010,ESCALATE,CONTROLLED_CONTRADICTION,INVOICE_VALUE_CONTRADICTION,0.05,105785.0,R4_99_100,ood_test_r4,EXECUTE,EXECUTE,0.5662442317836964,0.4748920780243674,0.04696825248728837,0.07265700485068134,0.3867875157290153,0.4524196898849374,1.822312974375478e-43,3.1227240013723764e-05,0.4748920780243674,0.6515948289798453
RCSE_000148863,4507023209_00010,ESCALATE,CONTROLLED_CONTRADICTION,INVOICE_VALUE_CONTRADICTION,0.05,127742.0,R4_99_100,ood_test_r4,EXECUTE,EXECUTE,0.4826578504903381,0.41499021224157545,0.23854827499430034,0.18963005662518664,0.27879387451536164,0.395352442830146,2.859046745276791e-51,2.7288303091779305e-05,0.41499021224157545,0.755570537703291
RCSE_000150875,4507021014_00010,ESCALATE,CONTROLLED_CONTRADICTION,INVOICE_VALUE_CONTRADICTION,0.05,109493.0,R4_99_100,ood_test_r4,EXECUTE,EXECUTE,0.5626009058904478,0.4748920780243674,0.03406071278521484,0.07265700485068134,0.40333838132433747,0.4524196898849374,1.4861148393138604e-44,3.1227240013723764e-05,0.4748920780243674,0.6515948289798453
RCSE_000146424,4507014505_00010,ESCALATE,CONTROLLED_CONTRADICTION,INVOICE_VALUE_CONTRADICTION,0.05,112178.0,R4_99_100,ood_test_r4,EXECUTE,EXECUTE,0.6390314108534175,0.4748920780243674,0.05315282664238075,0.07265700485068134,0.3078157625042019,0.4524196898849374,1.526337883396091e-47,3.1227240013723764e-05,0.4748920780243674,0.6515948289798453
RCSE_000153585,4507029789_00010,ESCALATE,CONTROLLED_CONTRADICTION,INVOICE_VALUE_CONTRADICTION,0.05,112453.0,R4_99_100,ood_test_r4,EXECUTE,EXECUTE,0.5029197477404466,0.4504922917394507,0.14526674652745714,0.1203035585447123,0.35181350573209624,0.4291745269203231,2.4220343951934012e-45,2.9622795513886138e-05,0.4504922917394507,0.7050049012707168
RCSE_000153680,4507028060_00010,ESCALATE,CONTROLLED_CONTRADICTION,INVOICE_VALUE_CONTRADICTION,0.05,55258.0,R4_99_100,ood_test_r4,ESCALATE,EXECUTE,0.3716427911560911,0.5046569423998928,0.0003929626767010988,0.014533823274263056,0.6279642461672079,0.48077604985258343,1.282905747687792e-25,3.318447326069061e-05,0.5046569423998928,0.5475460284491938
RCSE_000148286,4507024082_00010,ESCALATE,CONTROLLED_CONTRADICTION,INVOICE_VALUE_CONTRADICTION,0.05,71533.0,R4_99_100,ood_test_r4,EXECUTE,EXECUTE,0.5551386158841123,0.5046569423998928,0.001472332402155752,0.014533823274263056,0.443389051713732,0.48077604985258343,6.397973864924983e-31,3.318447326069061e-05,0.5046569423998928,0.5475460284491938
RCSE_000146799,4507031420_00010,ESCALATE,CONTROLLED_CONTRADICTION,INVOICE_VALUE_CONTRADICTION,0.05,54234.0,R4_99_100,ood_test_r4,ESCALATE,EXECUTE,0.3936579770555741,0.5120475043992396,0.00023131160057243274,0.00010194239551029911,0.6061107113438534,0.4878168827545135,2.6348916888478913e-24,3.367045073656265e-05,0.5120475043992396,0.5007442179902334
RCSE_000145214,4507037467_00010,ESCALATE,CONTROLLED_CONTRADICTION,INVOICE_VALUE_CONTRADICTION,0.05,53052.0,R4_99_100,ood_test_r4,ESCALATE,EXECUTE,0.34787292422627825,0.5046569423998928,0.0004111434699495423,0.014533823274263056,0.6517159323037722,0.48077604985258343,1.6045306797902517e-24,3.318447326069061e-05,0.5046569423998928,0.5475460284491938
RCSE_000150164,4507031059_00010,ESCALATE,CONTROLLED_CONTRADICTION,INVOICE_VALUE_CONTRADICTION,0.05,140036.0,R4_99_100,ood_test_r4,GATHER,EXECUTE,0.2935794582815682,0.3532671186467085,0.5616774944856924,0.31015950138296733,0.14474304723273948,0.33655015036171737,2.762358597041569e-56,2.322960860671875e-05,0.3532671186467085,0.791630578941228
RCSE_000143898,4507040121_00010,ESCALATE,CONTROLLED_CONTRADICTION,INVOICE_VALUE_CONTRADICTION,0.05,58117.0,R4_99_100,ood_test_r4,ESCALATE,EXECUTE,0.4483612685861965,0.5046569423998928,0.0021910678131612676,0.014533823274263056,0.5494476636006422,0.48077604985258343,1.8052363094971027e-26,3.318447326069061e-05,0.5046569423998928,0.5475460284491938
RCSE_000143154,4507009141_00010,ESCALATE,CONTROLLED_CONTRADICTION,INVOICE_VALUE_CONTRADICTION,0.05,348384.0,R4_99_100,ood_test_r4,GATHER,GATHER,1.0033702032604642e-08,0.001434793590798254,0.9999999898797337,0.9971815456047864,8.656433944403855e-11,0.0013501781119968526,1.9001254670547243e-145,3.348269241839992e-05,0.9971815456047864,0.015490245654545019
RCSE_000146295,4507031433_00010,ESCALATE,CONTROLLED_CONTRADICTION,INVOICE_VALUE_CONTRADICTION,0.05,49506.0,R4_99_100,ood_test_r4,ESCALATE,EXECUTE,0.31395000379395516,0.5120475043992396,0.0001244441605600956,0.00010194239551029911,0.6859255520454847,0.4878168827545135,1.353228118814054e-22,3.367045073656265e-05,0.5120475043992396,0.5007442179902334
RCSE_000145025,4507036584_00010,ESCALATE,CONTROLLED_CONTRADICTION,INVOICE_VALUE_CONTRADICTION,0.05,54945.0,R4_99_100,ood_test_r4,ESCALATE,EXECUTE,0.3721394437269792,0.5046569423998928,0.0004465086508891507,0.014533823274263056,0.6274140476221317,0.48077604985258343,2.8855992220211144e-25,3.318447326069061e-05,0.5046569423998928,0.5475460284491938
RCSE_000152272,4507031435_00010,ESCALATE,CONTROLLED_CONTRADICTION,INVOICE_VALUE_CONTRADICTION,0.05,49506.0,R4_99_100,ood_test_r4,ESCALATE,EXECUTE,0.3141283226828145,0.5120475043992396,0.00012443339696423093,0.00010194239551029911,0.6857472439202213,0.4878168827545135,1.3321941813633352e-22,3.367045073656265e-05,0.5120475043992396,0.5007442179902334
RCSE_000144726,4507037667_00010,ESCALATE,CONTROLLED_CONTRADICTION,INVOICE_VALUE_CONTRADICTION,0.05,71210.0,R4_99_100,ood_test_r4,ESCALATE,EXECUTE,0.4260735308660819,0.4748920780243674,0.005169020680017837,0.07265700485068134,0.5687574484539003,0.4524196898849374,1.7756875426064522e-31,3.1227240013723764e-05,0.4748920780243674,0.6515948289798453
RCSE_000153103,4507039094_00010,ESCALATE,CONTROLLED_CONTRADICTION,INVOICE_VALUE_CONTRADICTION,0.05,54441.0,R4_99_100,ood_test_r4,ESCALATE,EXECUTE,0.4175750569806586,0.5046569423998928,0.0015322247581217442,0.014533823274263056,0.5808927182612196,0.48077604985258343,2.8502256271201595e-25,3.318447326069061e-05,0.5046569423998928,0.5475460284491938
RCSE_000151115,4507039182_00010,ESCALATE,CONTROLLED_CONTRADICTION,INVOICE_VALUE_CONTRADICTION,0.05,55557.0,R4_99_100,ood_test_r4,ESCALATE,EXECUTE,0.32926477622800365,0.5120475043992396,0.00014308771460467553,0.00010194239551029911,0.6705921360573918,0.4878168827545135,1.049012253308864e-25,3.367045073656265e-05,0.5120475043992396,0.5007442179902334
RCSE_000148006,4507028011_00010,ESCALATE,CONTROLLED_CONTRADICTION,INVOICE_VALUE_CONTRADICTION,0.05,54760.0,R4_99_100,ood_test_r4,ESCALATE,EXECUTE,0.37331019130049026,0.5046569423998928,0.00041809037074194146,0.014533823274263056,0.6262717183287677,0.48077604985258343,8.818225993058167e-25,3.318447326069061e-05,0.5046569423998928,0.5475460284491938
RCSE_000156318,4507015060_00010,ESCALATE,CONTROLLED_CONTRADICTION,INVOICE_VALUE_CONTRADICTION,0.05,316469.0,R4_99_100,ood_test_r4,GATHER,GATHER,1.400849026537406e-06,0.001434793590798254,0.9999985109067132,0.9971815456047864,8.824426026546498e-08,0.0013501781119968526,4.254258931391999e-126,3.348269241839992e-05,0.9971815456047864,0.015490245654545019
RCSE_000147801,4507037546_00010,ESCALATE,CONTROLLED_CONTRADICTION,INVOICE_VALUE_CONTRADICTION,0.05,56741.0,R4_99_100,ood_test_r4,ESCALATE,EXECUTE,0.4862449537649048,0.5046569423998928,0.0007573315032340818,0.014533823274263056,0.5129977147318612,0.48077604985258343,3.7336981420936565e-25,3.318447326069061e-05,0.5046569423998928,0.5475460284491938
RCSE_000155857,4507020333_00020,ESCALATE,CONTROLLED_CONTRADICTION,INVOICE_VALUE_CONTRADICTION,0.05,75343.0,R4_99_100,ood_test_r4,EXECUTE,EXECUTE,0.5479877613805516,0.5120475043992396,3.744600416695025e-05,0.00010194239551029911,0.45197479261528145,0.4878168827545135,3.810949186837902e-32,3.367045073656265e-05,0.5120475043992396,0.5007442179902334
RCSE_000143027,4507022323_00010,ESCALATE,CONTROLLED_CONTRADICTION,INVOICE_VALUE_CONTRADICTION,0.05,51961.0,R4_99_100,ood_test_r4,ESCALATE,EXECUTE,0.390619148446522,0.5120475043992396,0.00019242845280507812,0.00010194239551029911,0.6091884231006729,0.4878168827545135,4.82781325840807e-34,3.367045073656265e-05,0.5120475043992396,0.5007442179902334
RCSE_000148247,4508044267_00010,ESCALATE,CONTROLLED_CONTRADICTION,INVOICE_VALUE_CONTRADICTION,0.05,55548.0,R4_99_100,ood_test_r4,ESCALATE,EXECUTE,0.3758546833240338,0.5046569423998928,0.0015823652173523356,0.014533823274263056,0.6225629514586138,0.48077604985258343,6.193935307967423e-25,3.318447326069061e-05,0.5046569423998928,0.5475460284491938
RCSE_000153085,4507035191_00010,ESCALATE,CONTROLLED_CONTRADICTION,INVOICE_VALUE_CONTRADICTION,0.05,57546.0,R4_99_100,ood_test_r4,ESCALATE,EXECUTE,0.40918060921320043,0.5046569423998928,0.000812830599361738,0.014533823274263056,0.5900065601874378,0.48077604985258343,1.2473586090817902e-25,3.318447326069061e-05,0.5046569423998928,0.5475460284491938
RCSE_000155638,4507039112_00010,ESCALATE,CONTROLLED_CONTRADICTION,INVOICE_VALUE_CONTRADICTION,0.05,59882.0,R4_99_100,ood_test_r4,ESCALATE,EXECUTE,0.3913626814530695,0.5046569423998928,0.0019379129068098416,0.014533823274263056,0.6066994056401206,0.48077604985258343,2.3423239569899774e-26,3.318447326069061e-05,0.5046569423998928,0.5475460284491938
RCSE_000152095,4507033043_00010,ESCALATE,CONTROLLED_CONTRADICTION,INVOICE_VALUE_CONTRADICTION,0.05,109493.0,R4_99_100,ood_test_r4,EXECUTE,EXECUTE,0.5514123985050303,0.4550543465074578,0.09703986099794142,0.11139503021086652,0.3515477404970283,0.4335207005014161,3.4871992641934718e-46,2.992278025944974e-05,0.4550543465074578,0.6963979222287732
RCSE_000155020,4507034050_00010,ESCALATE,CONTROLLED_CONTRADICTION,INVOICE_VALUE_CONTRADICTION,0.05,61543.0,R4_99_100,ood_test_r4,ESCALATE,EXECUTE,0.42963028383795526,0.5046569423998928,0.0007486044021024857,0.014533823274263056,0.5696211117599423,0.48077604985258343,3.956510240962554e-27,3.318447326069061e-05,0.5046569423998928,0.5475460284491938
RCSE_000147454,4508044688_00010,ESCALATE,CONTROLLED_CONTRADICTION,INVOICE_VALUE_CONTRADICTION,0.05,53247.0,R4_99_100,ood_test_r4,ESCALATE,EXECUTE,0.323909607880378,0.5046569423998928,0.0004432982961591688,0.014533823274263056,0.6756470938234629,0.48077604985258343,7.753915380974492e-24,3.318447326069061e-05,0.5046569423998928,0.5475460284491938
RCSE_000147283,4507029794_00010,ESCALATE,CONTROLLED_CONTRADICTION,INVOICE_VALUE_CONTRADICTION,0.05,112453.0,R4_99_100,ood_test_r4,EXECUTE,EXECUTE,0.5468041996295224,0.4748920780243674,0.07053594488461909,0.07265700485068134,0.3826598554858585,0.4524196898849374,1.48515879946661e-45,3.1227240013723764e-05,0.4748920780243674,0.6515948289798453
RCSE_000144442,4507025227_00030,ESCALATE,CONTROLLED_CONTRADICTION,INVOICE_VALUE_CONTRADICTION,0.05,53977.0,R4_99_100,ood_test_r4,ESCALATE,EXECUTE,0.3771028123568648,0.5120475043992396,0.00022900726270251218,0.00010194239551029911,0.6226681803804327,0.4878168827545135,3.9634546033773984e-24,3.367045073656265e-05,0.5120475043992396,0.5007442179902334
RCSE_000155643,4507029802_00010,ESCALATE,CONTROLLED_CONTRADICTION,INVOICE_VALUE_CONTRADICTION,0.05,112453.0,R4_99_100,ood_test_r4,EXECUTE,EXECUTE,0.5856606817227296,0.4504922917394507,0.1290667331109414,0.1203035585447123,0.285272585166329,0.4291745269203231,3.235632179646753e-47,2.9622795513886138e-05,0.4504922917394507,0.7050049012707168
RCSE_000154376,4507029801_00010,ESCALATE,CONTROLLED_CONTRADICTION,INVOICE_VALUE_CONTRADICTION,0.05,112453.0,R4_99_100,ood_test_r4,EXECUTE,EXECUTE,0.54688234331762,0.4748920780243674,0.06856542555036423,0.07265700485068134,0.38455223113201586,0.4524196898849374,1.594236888181775e-45,3.1227240013723764e-05,0.4748920780243674,0.6515948289798453
RCSE_000148749,2000033513_00001,ESCALATE,CONTROLLED_CONTRADICTION,INVOICE_VALUE_CONTRADICTION,0.05,51961.0,R4_99_100,ood_test_r4,ESCALATE,EXECUTE,0.3536159204891598,0.5120475043992396,9.375824569987423e-05,0.00010194239551029911,0.6462903212651404,0.4878168827545135,2.824824133785806e-28,3.367045073656265e-05,0.5120475043992396,0.5007442179902334
RCSE_000152094,4508044474_00010,ESCALATE,CONTROLLED_CONTRADICTION,INVOICE_VALUE_CONTRADICTION,0.05,89373.0,R4_99_100,ood_test_r4,EXECUTE,EXECUTE,0.5720261047897286,0.4748920780243674,0.029188141662758845,0.07265700485068134,0.3987857535475126,0.4524196898849374,1.8708381059703355e-38,3.1227240013723764e-05,0.4748920780243674,0.6515948289798453
RCSE_000153733,4507039681_00010,ESCALATE,CONTROLLED_CONTRADICTION,INVOICE_VALUE_CONTRADICTION,0.05,56752.0,R4_99_100,ood_test_r4,ESCALATE,EXECUTE,0.37731509667253366,0.5046569423998928,0.000645610410091371,0.014533823274263056,0.622039292917375,0.48077604985258343,1.315833276715762e-25,3.318447326069061e-05,0.5046569423998928,0.5475460284491938
RCSE_000146592,4507041565_00010,ESCALATE,CONTROLLED_CONTRADICTION,INVOICE_VALUE_CONTRADICTION,0.05,56752.0,R4_99_100,ood_test_r4,ESCALATE,EXECUTE,0.42043482509269586,0.5046569423998928,0.0010761461964106152,0.014533823274263056,0.5784890287108936,0.48077604985258343,2.3496141143844662e-26,3.318447326069061e-05,0.5046569423998928,0.5475460284491938
RCSE_000142284,4507041564_00010,ESCALATE,CONTROLLED_CONTRADICTION,INVOICE_VALUE_CONTRADICTION,0.05,56752.0,R4_99_100,ood_test_r4,ESCALATE,EXECUTE,0.3763136929874262,0.5046569423998928,0.0007260482159857552,0.014533823274263056,0.622960258796588,0.48077604985258343,1.5477599071644105e-25,3.318447326069061e-05,0.5046569423998928,0.5475460284491938
RCSE_000144958,4507040306_00010,ESCALATE,CONTROLLED_CONTRADICTION,INVOICE_VALUE_CONTRADICTION,0.05,56752.0,R4_99_100,ood_test_r4,ESCALATE,EXECUTE,0.37718553299249297,0.5046569423998928,0.0006909373662795302,0.014533823274263056,0.6221235296412275,0.48077604985258343,1.3936536286600809e-25,3.318447326069061e-05,0.5046569423998928,0.5475460284491938
RCSE_000149308,4508044896_00010,ESCALATE,CONTROLLED_CONTRADICTION,INVOICE_VALUE_CONTRADICTION,0.05,54388.0,R4_99_100,ood_test_r4,ESCALATE,EXECUTE,0.3681604872269662,0.5046569423998928,0.00043500383042192377,0.014533823274263056,0.6314045089426118,0.48077604985258343,3.115515361130542e-25,3.318447326069061e-05,0.5046569423998928,0.5475460284491938
RCSE_000151043,4508047755_00010,ESCALATE,CONTROLLED_CONTRADICTION,INVOICE_VALUE_CONTRADICTION,0.05,56364.0,R4_99_100,ood_test_r4,ESCALATE,EXECUTE,0.3780980634123079,0.5046569423998928,0.0012992543009839842,0.014533823274263056,0.6206026822867081,0.48077604985258343,2.6931852858659834e-25,3.318447326069061e-05,0.5046569423998928,0.5475460284491938
RCSE_000143583,4508050175_00010,ESCALATE,CONTROLLED_CONTRADICTION,INVOICE_VALUE_CONTRADICTION,0.05,55728.0,R4_99_100,ood_test_r4,ESCALATE,EXECUTE,0.3784389686332362,0.5046569423998928,0.0014739981607709972,0.014533823274263056,0.6200870332059928,0.48077604985258343,7.55533980631973e-25,3.318447326069061e-05,0.5046569423998928,0.5475460284491938
RCSE_000145452,4507038884_00010,ESCALATE,CONTROLLED_CONTRADICTION,INVOICE_VALUE_CONTRADICTION,0.05,112453.0,R4_99_100,ood_test_r4,EXECUTE,EXECUTE,0.6093537993367095,0.4550543465074578,0.10765278560347905,0.11139503021086652,0.2829934150598114,0.4335207005014161,1.8623294940609476e-47,2.992278025944974e-05,0.4550543465074578,0.6963979222287732
RCSE_000147854,4508042219_00010,ESCALATE,CONTROLLED_CONTRADICTION,INVOICE_VALUE_CONTRADICTION,0.05,55744.0,R4_99_100,ood_test_r4,ESCALATE,EXECUTE,0.3821432678311044,0.5120475043992396,0.00010544393609216496,0.00010194239551029911,0.6177512882328036,0.4878168827545135,6.334922720722742e-26,3.367045073656265e-05,0.5120475043992396,0.5007442179902334
RCSE_000156510,4508051982_00010,ESCALATE,CONTROLLED_CONTRADICTION,INVOICE_VALUE_CONTRADICTION,0.05,56088.0,R4_99_100,ood_test_r4,ESCALATE,EXECUTE,0.3799351251480991,0.5046569423998928,0.0015722975681896135,0.014533823274263056,0.6184925772837113,0.48077604985258343,5.564335468344502e-25,3.318447326069061e-05,0.5046569423998928,0.5475460284491938
RCSE_000156534,4508042444_00010,ESCALATE,CONTROLLED_CONTRADICTION,INVOICE_VALUE_CONTRADICTION,0.05,133811.0,R4_99_100,ood_test_r4,EXECUTE,EXECUTE,0.43135339623698865,0.3532671186467085,0.3569666316531255,0.31015950138296733,0.21167997210988584,0.33655015036171737,1.3006230580751525e-53,2.322960860671875e-05,0.3532671186467085,0.791630578941228
RCSE_000155715,4507040312_00020,ESCALATE,CONTROLLED_CONTRADICTION,INVOICE_VALUE_CONTRADICTION,0.05,129197.0,R4_99_100,ood_test_r4,EXECUTE,EXECUTE,0.44241987308174774,0.3532671186467085,0.4032691047502892,0.31015950138296733,0.1543110221679631,0.33655015036171737,4.6420392379747744e-54,2.322960860671875e-05,0.3532671186467085,0.791630578941228
RCSE_000144353,4508045101_00010,ESCALATE,CONTROLLED_CONTRADICTION,INVOICE_VALUE_CONTRADICTION,0.05,129197.0,R4_99_100,ood_test_r4,EXECUTE,EXECUTE,0.4580412200585626,0.3532671186467085,0.29758599468409846,0.31015950138296733,0.2443727852573389,0.33655015036171737,6.081315600151925e-52,2.322960860671875e-05,0.3532671186467085,0.791630578941228
RCSE_000155888,4508045102_00020,ESCALATE,CONTROLLED_CONTRADICTION,INVOICE_VALUE_CONTRADICTION,0.05,129197.0,R4_99_100,ood_test_r4,GATHER,EXECUTE,0.40032340059199295,0.3532671186467085,0.46042294505616527,0.31015950138296733,0.13925365435184175,0.33655015036171737,8.330489164499625e-54,2.322960860671875e-05,0.3532671186467085,0.791630578941228
RCSE_000142889,4508046048_00030,ESCALATE,CONTROLLED_CONTRADICTION,INVOICE_VALUE_CONTRADICTION,0.05,133811.0,R4_99_100,ood_test_r4,GATHER,EXECUTE,0.31131650153555473,0.3532671186467085,0.5855362764093881,0.31015950138296733,0.10314722205505723,0.33655015036171737,3.731084634159095e-56,2.322960860671875e-05,0.3532671186467085,0.791630578941228
RCSE_000146127,4508051641_00010,ESCALATE,CONTROLLED_CONTRADICTION,INVOICE_VALUE_CONTRADICTION,0.05,99592.0,R4_99_100,ood_test_r4,EXECUTE,EXECUTE,0.6010570651011489,0.4748920780243674,0.032302445412196075,0.07265700485068134,0.3666404894866549,0.4524196898849374,8.684313714301054e-43,3.1227240013723764e-05,0.4748920780243674,0.6515948289798453
RCSE_000148794,4508044985_00010,ESCALATE,CONTROLLED_CONTRADICTION,INVOICE_VALUE_CONTRADICTION,0.05,55744.0,R4_99_100,ood_test_r4,ESCALATE,EXECUTE,0.38241739504871947,0.5120475043992396,0.00010276432329163212,0.00010194239551029911,0.6174798406279889,0.4878168827545135,6.075937086462346e-26,3.367045073656265e-05,0.5120475043992396,0.5007442179902334
RCSE_000142046,4507034995_00010,ESCALATE,CONTROLLED_CONTRADICTION,INVOICE_VALUE_CONTRADICTION,0.05,69384.0,R4_99_100,ood_test_r4,ESCALATE,EXECUTE,0.3995093752260721,0.5120475043992396,0.0002099083771287548,0.00010194239551029911,0.6002807163967991,0.4878168827545135,1.2002299926082918e-30,3.367045073656265e-05,0.5120475043992396,0.5007442179902334
RCSE_000151936,4508049828_00010,ESCALATE,CONTROLLED_CONTRADICTION,INVOICE_VALUE_CONTRADICTION,0.05,56752.0,R4_99_100,ood_test_r4,ESCALATE,EXECUTE,0.37672762500870877,0.5046569423998928,0.0008837986681557591,0.014533823274263056,0.6223885763231355,0.48077604985258343,1.7173199762186697e-25,3.318447326069061e-05,0.5046569423998928,0.5475460284491938
RCSE_000153500,4508053299_00030,ESCALATE,CONTROLLED_CONTRADICTION,INVOICE_VALUE_CONTRADICTION,0.05,66471.0,R4_99_100,ood_test_r4,EXECUTE,EXECUTE,0.5089642986650825,0.4748920780243674,0.005041873507476811,0.07265700485068134,0.48599382782744077,0.4524196898849374,6.837488974890285e-30,3.1227240013723764e-05,0.4748920780243674,0.6515948289798453
RCSE_000150602,4507017751_00010,ESCALATE,CONTROLLED_CONTRADICTION,INVOICE_VALUE_CONTRADICTION,0.05,101595.0,R4_99_100,ood_test_r4,ESCALATE,EXECUTE,0.48847366551646887,0.5046569423998928,0.0023191403360582137,0.014533823274263056,0.509207194147473,0.48077604985258343,3.1803224422475266e-42,3.318447326069061e-05,0.5046569423998928,0.5475460284491938
RCSE_000146380,4508046930_00010,ESCALATE,CONTROLLED_CONTRADICTION,INVOICE_VALUE_CONTRADICTION,0.05,70148.0,R4_99_100,ood_test_r4,EXECUTE,EXECUTE,0.9932356081708916,0.781352873380524,1.1539942965205454e-12,0.0,0.0067643918279541625,0.2185957475907629,8.886313859329582e-67,5.1379028713160305e-05,0.781352873380524,0.37919149378398526
RCSE_000152314,4508057132_00010,ESCALATE,CONTROLLED_CONTRADICTION,INVOICE_VALUE_CONTRADICTION,0.05,50749.0,R4_99_100,ood_test_r4,ESCALATE,EXECUTE,0.46510392648936594,0.5046569423998928,0.0004860333219773677,0.014533823274263056,0.5344100401886568,0.48077604985258343,5.87056421082705e-23,3.318447326069061e-05,0.5046569423998928,0.5475460284491938
RCSE_000152612,4507038944_00010,ESCALATE,CONTROLLED_CONTRADICTION,INVOICE_VALUE_CONTRADICTION,0.05,112453.0,R4_99_100,ood_test_r4,EXECUTE,EXECUTE,0.6428222574150149,0.4748920780243674,0.05045515213687779,0.07265700485068134,0.30672259044810735,0.4524196898849374,1.8353776296301485e-47,3.1227240013723764e-05,0.4748920780243674,0.6515948289798453
RCSE_000141885,4508046148_00010,ESCALATE,CONTROLLED_CONTRADICTION,INVOICE_VALUE_CONTRADICTION,0.05,56009.0,R4_99_100,ood_test_r4,ESCALATE,EXECUTE,0.3793624172052751,0.5046569423998928,0.00048473149483350904,0.014533823274263056,0.6201528512998915,0.48077604985258343,1.5385770829057022e-25,3.318447326069061e-05,0.5046569423998928,0.5475460284491938
RCSE_000148868,4508057704_00010,ESCALATE,CONTROLLED_CONTRADICTION,INVOICE_VALUE_CONTRADICTION,0.05,49858.0,R4_99_100,ood_test_r4,ESCALATE,EXECUTE,0.3154049250229739,0.5120475043992396,0.00027330995527670676,0.00010194239551029911,0.6843217650217494,0.4878168827545135,2.0851376365377038e-22,3.367045073656265e-05,0.5120475043992396,0.5007442179902334
RCSE_000141777,4508045017_00010,ESCALATE,CONTROLLED_CONTRADICTION,INVOICE_VALUE_CONTRADICTION,0.05,58273.0,R4_99_100,ood_test_r4,ESCALATE,EXECUTE,0.3402810761043946,0.5120475043992396,6.503957294590566e-05,0.00010194239551029911,0.6596538843226595,0.4878168827545135,2.1886612026862402e-26,3.367045073656265e-05,0.5120475043992396,0.5007442179902334
RCSE_000152817,4508057383_00010,ESCALATE,CONTROLLED_CONTRADICTION,INVOICE_VALUE_CONTRADICTION,0.05,52093.0,R4_99_100,ood_test_r4,ESCALATE,EXECUTE,0.2983146011145664,0.5046569423998928,0.0003585742265963097,0.014533823274263056,0.7013268246588373,0.48077604985258343,6.490221648402867e-23,3.318447326069061e-05,0.5046569423998928,0.5475460284491938
RCSE_000155461,4507034749_00010,ESCALATE,CONTROLLED_CONTRADICTION,INVOICE_VALUE_CONTRADICTION,0.05,101595.0,R4_99_100,ood_test_r4,EXECUTE,EXECUTE,0.5639049241233447,0.4748920780243674,0.010307417424470526,0.07265700485068134,0.42578765845218475,0.4524196898849374,2.2215190265576616e-43,3.1227240013723764e-05,0.4748920780243674,0.6515948289798453
RCSE_000151742,4508059280_00010,ESCALATE,CONTROLLED_CONTRADICTION,INVOICE_VALUE_CONTRADICTION,0.05,60787.0,R4_99_100,ood_test_r4,ESCALATE,EXECUTE,0.3799883122906882,0.5046569423998928,0.0019690858096358,0.014533823274263056,0.618042601899676,0.48077604985258343,1.353946459716797e-26,3.318447326069061e-05,0.5046569423998928,0.5475460284491938
RCSE_000151176,4508066950_00010,ESCALATE,CONTROLLED_CONTRADICTION,INVOICE_VALUE_CONTRADICTION,0.05,55886.0,R4_99_100,ood_test_r4,ESCALATE,EXECUTE,0.37771246922088186,0.5046569423998928,0.001273332424544029,0.014533823274263056,0.6210141983545742,0.48077604985258343,6.242551374887493e-25,3.318447326069061e-05,0.5046569423998928,0.5475460284491938
RCSE_000148814,4508062612_00010,ESCALATE,CONTROLLED_CONTRADICTION,INVOICE_VALUE_CONTRADICTION,0.05,63652.0,R4_99_100,ood_test_r4,ESCALATE,EXECUTE,0.43374163002416716,0.5046569423998928,0.0005908032785275734,0.014533823274263056,0.5656675666973053,0.48077604985258343,8.771753773964962e-28,3.318447326069061e-05,0.5046569423998928,0.5475460284491938
RCSE_000150262,4507025913_00010,ESCALATE,CONTROLLED_CONTRADICTION,INVOICE_VALUE_CONTRADICTION,0.05,115645.0,R4_99_100,ood_test_r4,EXECUTE,EXECUTE,0.6836513928966986,0.4748920780243674,0.010945909103350875,0.07265700485068134,0.30540269799995057,0.4524196898849374,2.504270556275961e-49,3.1227240013723764e-05,0.4748920780243674,0.6515948289798453
RCSE_000156179,4508068647_00010,ESCALATE,CONTROLLED_CONTRADICTION,INVOICE_VALUE_CONTRADICTION,0.05,52377.0,R4_99_100,ood_test_r4,ESCALATE,EXECUTE,0.2991124522365273,0.5120997090703223,1.1875964819444422e-11,0.0,0.7008875477515968,0.48786661704614465,1.844892324992206e-27,3.3673883532916135e-05,0.5120997090703223,0.5000457857569834
RCSE_000152806,4508047662_00010,ESCALATE,CONTROLLED_CONTRADICTION,INVOICE_VALUE_CONTRADICTION,0.05,112453.0,R4_99_100,ood_test_r4,EXECUTE,EXECUTE,0.6471191816449464,0.4748920780243674,0.046305727359210576,0.07265700485068134,0.306575090995843,0.4524196898849374,1.5088030044144889e-47,3.1227240013723764e-05,0.4748920780243674,0.6515948289798453
RCSE_000149281,4508047674_00010,ESCALATE,CONTROLLED_CONTRADICTION,INVOICE_VALUE_CONTRADICTION,0.05,112453.0,R4_99_100,ood_test_r4,EXECUTE,EXECUTE,0.6523179167625787,0.4748920780243674,0.037852301826455,0.07265700485068134,0.30982978141096634,0.4524196898849374,2.423490060169817e-47,3.1227240013723764e-05,0.4748920780243674,0.6515948289798453
RCSE_000156331,4508063718_00010,ESCALATE,CONTROLLED_CONTRADICTION,INVOICE_VALUE_CONTRADICTION,0.05,50629.0,R4_99_100,ood_test_r4,ESCALATE,EXECUTE,0.3163575074105063,0.5120475043992396,0.00011015712188991549,0.00010194239551029911,0.6835323354676038,0.4878168827545135,8.263983352990224e-23,3.367045073656265e-05,0.5120475043992396,0.5007442179902334
RCSE_000152607,4508065645_00010,ESCALATE,CONTROLLED_CONTRADICTION,INVOICE_VALUE_CONTRADICTION,0.05,63898.0,R4_99_100,ood_test_r4,ESCALATE,EXECUTE,0.3908236373721056,0.5046569423998928,0.0014014905469141039,0.014533823274263056,0.6077748720809804,0.48077604985258343,8.451910876946828e-28,3.318447326069061e-05,0.5046569423998928,0.5475460284491938
RCSE_000144441,4508065647_00010,ESCALATE,CONTROLLED_CONTRADICTION,INVOICE_VALUE_CONTRADICTION,0.05,63898.0,R4_99_100,ood_test_r4,ESCALATE,EXECUTE,0.39952491609145535,0.5046569423998928,0.0008458755115115794,0.014533823274263056,0.5996292083970329,0.48077604985258343,4.8362967825068995e-28,3.318447326069061e-05,0.5046569423998928,0.5475460284491938
RCSE_000153004,4508072393_00010,ESCALATE,CONTROLLED_CONTRADICTION,INVOICE_VALUE_CONTRADICTION,0.05,50749.0,R4_99_100,ood_test_r4,ESCALATE,EXECUTE,0.4686496507497966,0.5046569423998928,0.0004380927049643904,0.014533823274263056,0.5309122565452389,0.48077604985258343,7.35836226844652e-23,3.318447326069061e-05,0.5046569423998928,0.5475460284491938
RCSE_000148865,4508057378_00010,ESCALATE,CONTROLLED_CONTRADICTION,INVOICE_VALUE_CONTRADICTION,0.05,110740.0,R4_99_100,ood_test_r4,EXECUTE,EXECUTE,0.5778231417609248,0.4748920780243674,0.025500366755612045,0.07265700485068134,0.3966764914834632,0.4524196898849374,4.049278602625256e-45,3.1227240013723764e-05,0.4748920780243674,0.6515948289798453
RCSE_000144034,4508059463_00010,ESCALATE,CONTROLLED_CONTRADICTION,INVOICE_VALUE_CONTRADICTION,0.05,133811.0,R4_99_100,ood_test_r4,EXECUTE,EXECUTE,0.5156028837501692,0.3532671186467085,0.318163437410058,0.31015950138296733,0.16623367883977283,0.33655015036171737,6.918000855900052e-56,2.322960860671875e-05,0.3532671186467085,0.791630578941228
RCSE_000150731,4508063605_00010,ESCALATE,CONTROLLED_CONTRADICTION,INVOICE_VALUE_CONTRADICTION,0.05,131688.0,R4_99_100,ood_test_r4,EXECUTE,EXECUTE,0.4740108794312844,0.35816081824145224,0.2749139303634754,0.30060335536673966,0.2510751902052401,0.3412122749906533,1.4591429034551478e-52,2.3551401154692742e-05,0.35816081824145224,0.79074393785722
RCSE_000145433,4508045875_00010,ESCALATE,CONTROLLED_CONTRADICTION,INVOICE_VALUE_CONTRADICTION,0.05,51961.0,R4_99_100,ood_test_r4,ESCALATE,EXECUTE,0.4495140701160591,0.5120475043992396,0.00011136985490221287,0.00010194239551029911,0.5503745600290386,0.4878168827545135,7.1065509091918125e-25,3.367045073656265e-05,0.5120475043992396,0.5007442179902334
RCSE_000146293,4508063986_00010,ESCALATE,CONTROLLED_CONTRADICTION,INVOICE_VALUE_CONTRADICTION,0.05,133811.0,R4_99_100,ood_test_r4,EXECUTE,EXECUTE,0.5111527541418149,0.41499021224157545,0.2329786279534061,0.18963005662518664,0.25586861790477905,0.395352442830146,1.0622478489000254e-53,2.7288303091779305e-05,0.41499021224157545,0.755570537703291
RCSE_000150794,4508064002_00010,ESCALATE,CONTROLLED_CONTRADICTION,INVOICE_VALUE_CONTRADICTION,0.05,133811.0,R4_99_100,ood_test_r4,EXECUTE,EXECUTE,0.5115332638215062,0.41499021224157545,0.23224526579541352,0.18963005662518664,0.2562214703830802,0.395352442830146,1.0728969288068384e-53,2.7288303091779305e-05,0.41499021224157545,0.755570537703291
RCSE_000144288,4508067697_00010,ESCALATE,CONTROLLED_CONTRADICTION,INVOICE_VALUE_CONTRADICTION,0.05,57691.0,R4_99_100,ood_test_r4,ESCALATE,EXECUTE,0.3874512639463989,0.5120475043992396,0.00011657123650054391,0.00010194239551029911,0.6124321648171005,0.4878168827545135,7.912177597935792e-26,3.367045073656265e-05,0.5120475043992396,0.5007442179902334
RCSE_000146975,4508059462_00010,ESCALATE,CONTROLLED_CONTRADICTION,INVOICE_VALUE_CONTRADICTION,0.05,133811.0,R4_99_100,ood_test_r4,EXECUTE,EXECUTE,0.5608202251594263,0.42913668131373434,0.1515817115158945,0.16200561392077534,0.2875980633246792,0.4088294862401322,1.2677932788850879e-53,2.8218525358069368e-05,0.42913668131373434,0.738578612721339
RCSE_000154410,4508065642_00010,ESCALATE,CONTROLLED_CONTRADICTION,INVOICE_VALUE_CONTRADICTION,0.05,133811.0,R4_99_100,ood_test_r4,EXECUTE,EXECUTE,0.4970158897458639,0.3823252181387167,0.25281916295456586,0.2534164511969773,0.2501649472995702,0.364233190296836,1.2411945009293894e-53,2.5140367469984197e-05,0.3823252181387167,0.7816501082366815
RCSE_000147786,2000052815_00001,ESCALATE,CONTROLLED_CONTRADICTION,INVOICE_VALUE_CONTRADICTION,0.05,78994.0,R4_99_100,ood_test_r4,ESCALATE,EXECUTE,0.4700569110790105,0.5120475043992396,1.4881206055999315e-05,0.00010194239551029911,0.5299282077149335,0.4878168827545135,6.595910198388729e-35,3.367045073656265e-05,0.5120475043992396,0.5007442179902334
RCSE_000144166,4508068886_00010,ESCALATE,CONTROLLED_CONTRADICTION,INVOICE_VALUE_CONTRADICTION,0.05,70494.0,R4_99_100,ood_test_r4,ESCALATE,EXECUTE,0.4502959266148193,0.5120475043992396,0.0002483835372162751,0.00010194239551029911,0.5494556898479644,0.4878168827545135,6.452605858310025e-31,3.367045073656265e-05,0.5120475043992396,0.5007442179902334
RCSE_000145208,4508070935_00040,ESCALATE,CONTROLLED_CONTRADICTION,INVOICE_VALUE_CONTRADICTION,0.05,66471.0,R4_99_100,ood_test_r4,EXECUTE,EXECUTE,0.5003226363053039,0.4748920780243674,0.005403644894341981,0.07265700485068134,0.49427371880035403,0.4524196898849374,1.5003469275442949e-29,3.1227240013723764e-05,0.4748920780243674,0.6515948289798453
RCSE_000144093,4508059042_00050,ESCALATE,CONTROLLED_CONTRADICTION,INVOICE_VALUE_CONTRADICTION,0.05,53786.0,R4_99_100,ood_test_r4,EXECUTE,EXECUTE,0.5747769495296082,0.5120997090703223,3.1469632024672063e-12,0.0,0.42522305046724485,0.48786661704614465,1.3872443281922418e-23,3.3673883532916135e-05,0.5120997090703223,0.5000457857569834
RCSE_000145398,4507023059_00010,ESCALATE,CONTROLLED_CONTRADICTION,INVOICE_VALUE_CONTRADICTION,0.05,112178.0,R4_99_100,ood_test_r4,EXECUTE,EXECUTE,0.6478524973458545,0.5046569423998928,0.0011818004758207053,0.014533823274263056,0.35096570217832473,0.48077604985258343,2.892461871892674e-47,3.318447326069061e-05,0.5046569423998928,0.5475460284491938
RCSE_000153132,4508046496_00010,ESCALATE,CONTROLLED_CONTRADICTION,INVOICE_VALUE_CONTRADICTION,0.05,103091.0,R4_99_100,ood_test_r4,EXECUTE,EXECUTE,0.5743910418723779,0.4748920780243674,0.007418529605452092,0.07265700485068134,0.41819042852217003,0.4524196898849374,6.208464326912129e-44,3.1227240013723764e-05,0.4748920780243674,0.6515948289798453
RCSE_000152411,4508046498_00010,ESCALATE,CONTROLLED_CONTRADICTION,INVOICE_VALUE_CONTRADICTION,0.05,103091.0,R4_99_100,ood_test_r4,ESCALATE,EXECUTE,0.4937153868131594,0.4748920780243674,0.003837325313027377,0.07265700485068134,0.5024472878738133,0.4524196898849374,1.9728549288976443e-42,3.1227240013723764e-05,0.4748920780243674,0.6515948289798453
RCSE_000152054,4508064686_00010,ESCALATE,CONTROLLED_CONTRADICTION,INVOICE_VALUE_CONTRADICTION,0.05,110740.0,R4_99_100,ood_test_r4,EXECUTE,EXECUTE,0.5793860630743899,0.4504922917394507,0.1301383379703489,0.1203035585447123,0.2904755989552612,0.4291745269203231,1.6717179504165196e-46,2.9622795513886138e-05,0.4504922917394507,0.7050049012707168
RCSE_000173551,4507003965_00090,ESCALATE,CONTROLLED_CONTRADICTION,INVOICE_VALUE_CONTRADICTION,0.1,539870.0,R4_99_100,ood_test_r4,GATHER,GATHER,8.709825203971176e-17,0.001436733436837446,1.0,0.998529738602025,1.11379329881132e-18,0.0,1.0156211979792753e-238,3.352796113766789e-05,0.998529738602025,0.008092504883414935
RCSE_000172425,4507003965_00020,ESCALATE,CONTROLLED_CONTRADICTION,INVOICE_VALUE_CONTRADICTION,0.1,243285.0,R4_99_100,ood_test_r4,GATHER,GATHER,1.5949715183375869e-06,0.001434793590798254,0.999998284684612,0.9971815456047864,1.203438695412017e-07,0.0013501781119968526,1.2737179431558639e-122,3.348269241839992e-05,0.9971815456047864,0.015490245654545019
RCSE_000184209,4507007819_00010,ESCALATE,CONTROLLED_CONTRADICTION,INVOICE_VALUE_CONTRADICTION,0.1,86602.0,R4_99_100,ood_test_r4,ESCALATE,EXECUTE,0.43974461684599536,0.4748920780243674,0.038803668126948465,0.07265700485068134,0.5214517150270562,0.4524196898849374,1.581009433726054e-51,3.1227240013723764e-05,0.4748920780243674,0.6515948289798453
RCSE_000179626,4507006777_00010,ESCALATE,CONTROLLED_CONTRADICTION,INVOICE_VALUE_CONTRADICTION,0.1,53592.0,R4_99_100,ood_test_r4,ESCALATE,EXECUTE,0.2958979065663588,0.5120475043992396,0.0003406217967501513,0.00010194239551029911,0.7037614716368912,0.4878168827545135,1.2604280305043065e-23,3.367045073656265e-05,0.5120475043992396,0.5007442179902334
RCSE_000183657,4507000879_00040,ESCALATE,CONTROLLED_CONTRADICTION,INVOICE_VALUE_CONTRADICTION,0.1,86938.0,R4_99_100,ood_test_r4,ESCALATE,EXECUTE,0.4088696321498177,0.4748920780243674,0.02689121733538218,0.07265700485068134,0.5642391505148001,0.4524196898849374,1.9172986870670193e-62,3.1227240013723764e-05,0.4748920780243674,0.6515948289798453
RCSE_000172548,4507000879_00050,ESCALATE,CONTROLLED_CONTRADICTION,INVOICE_VALUE_CONTRADICTION,0.1,519615.0,R4_99_100,ood_test_r4,GATHER,GATHER,2.9441788265717916e-17,0.001436733436837446,1.0,0.998529738602025,1.3817424561128856e-20,0.0,4.649522736268675e-253,3.352796113766789e-05,0.998529738602025,0.008092504883414935
RCSE_000177417,4507007872_00010,ESCALATE,CONTROLLED_CONTRADICTION,INVOICE_VALUE_CONTRADICTION,0.1,57459.0,R4_99_100,ood_test_r4,ESCALATE,EXECUTE,0.43896842587036233,0.5046569423998928,0.0025978802384734353,0.014533823274263056,0.5584336938911643,0.48077604985258343,9.56660751815993e-27,3.318447326069061e-05,0.5046569423998928,0.5475460284491938
RCSE_000174478,4507010304_00010,ESCALATE,CONTROLLED_CONTRADICTION,INVOICE_VALUE_CONTRADICTION,0.1,57409.0,R4_99_100,ood_test_r4,ESCALATE,EXECUTE,0.43817849735897557,0.4748920780243674,0.0034245669096935345,0.07265700485068134,0.5583969357313309,0.4524196898849374,7.03714841823328e-27,3.1227240013723764e-05,0.4748920780243674,0.6515948289798453
RCSE_000179794,4507004030_00010,ESCALATE,CONTROLLED_CONTRADICTION,INVOICE_VALUE_CONTRADICTION,0.1,57236.0,R4_99_100,ood_test_r4,ESCALATE,EXECUTE,0.34649925267533827,0.5046569423998928,0.0009403725488455716,0.014533823274263056,0.6525603747758161,0.48077604985258343,1.9283184095639418e-25,3.318447326069061e-05,0.5046569423998928,0.5475460284491938
RCSE_000178738,4507008597_00010,ESCALATE,CONTROLLED_CONTRADICTION,INVOICE_VALUE_CONTRADICTION,0.1,53503.0,R4_99_100,ood_test_r4,ESCALATE,EXECUTE,0.29619235016667594,0.5120475043992396,0.0002452932139379702,0.00010194239551029911,0.7035623566193859,0.4878168827545135,1.729747206930094e-23,3.367045073656265e-05,0.5120475043992396,0.5007442179902334
RCSE_000183190,4507003646_00010,ESCALATE,CONTROLLED_CONTRADICTION,INVOICE_VALUE_CONTRADICTION,0.1,134599.0,R4_99_100,ood_test_r4,EXECUTE,EXECUTE,0.6454706944093893,0.42913668131373434,0.18051563655438074,0.16200561392077534,0.17401366903622983,0.4088294862401322,7.202633708020797e-67,2.8218525358069368e-05,0.42913668131373434,0.738578612721339
RCSE_000176394,4507009834_00010,ESCALATE,CONTROLLED_CONTRADICTION,INVOICE_VALUE_CONTRADICTION,0.1,57250.0,R4_99_100,ood_test_r4,ESCALATE,EXECUTE,0.3457394423961844,0.5046569423998928,0.0013047084599932546,0.014533823274263056,0.6529558491438224,0.48077604985258343,2.5501392895078726e-25,3.318447326069061e-05,0.5046569423998928,0.5475460284491938
RCSE_000186372,4507009833_00010,ESCALATE,CONTROLLED_CONTRADICTION,INVOICE_VALUE_CONTRADICTION,0.1,57250.0,R4_99_100,ood_test_r4,ESCALATE,EXECUTE,0.4361016328483414,0.492439378796244,0.0027681376615892143,0.0383916060209644,0.5611302294900694,0.46913663409372836,7.97066561509593e-27,3.238108906312458e-05,0.492439378796244,0.5982824900454574
RCSE_000181469,4507005688_00010,ESCALATE,CONTROLLED_CONTRADICTION,INVOICE_VALUE_CONTRADICTION,0.1,185424.0,R4_99_100,ood_test_r4,GATHER,GATHER,0.048257729780306236,0.01575400423913034,0.9348279863674698,0.6593629835399087,0.01691428385222395,0.32486058945770624,3.303843324636105e-82,2.242276325456921e-05,0.6593629835399087,0.5089119437562742
RCSE_000172295,4507007224_00010,ESCALATE,CONTROLLED_CONTRADICTION,INVOICE_VALUE_CONTRADICTION,0.1,56752.0,R4_99_100,ood_test_r4,ESCALATE,EXECUTE,0.34630548524915616,0.5046569423998928,0.0006923679604756325,0.014533823274263056,0.6530021467903682,0.48077604985258343,6.43345726392805e-25,3.318447326069061e-05,0.5046569423998928,0.5475460284491938
RCSE_000182380,4507009275_00010,ESCALATE,CONTROLLED_CONTRADICTION,INVOICE_VALUE_CONTRADICTION,0.1,54144.0,R4_99_100,ood_test_r4,ESCALATE,EXECUTE,0.2953033578925388,0.5120475043992396,0.00023670610490083457,0.00010194239551029911,0.7044599360025604,0.4878168827545135,6.832897977457005e-24,3.367045073656265e-05,0.5120475043992396,0.5007442179902334
RCSE_000178255,4507001138_00010,ESCALATE,CONTROLLED_CONTRADICTION,INVOICE_VALUE_CONTRADICTION,0.1,63871.0,R4_99_100,ood_test_r4,ESCALATE,EXECUTE,0.4902641605319915,0.5046569423998928,0.0016981735346513185,0.014533823274263056,0.5080376659333571,0.48077604985258343,2.8227450911481257e-29,3.318447326069061e-05,0.5046569423998928,0.5475460284491938
RCSE_000183006,4507003965_00210,ESCALATE,CONTROLLED_CONTRADICTION,INVOICE_VALUE_CONTRADICTION,0.1,50196.0,R4_99_100,ood_test_r4,ESCALATE,EXECUTE,0.4090286315834374,0.5120475043992396,6.784967978269e-05,0.00010194239551029911,0.5909035187367799,0.4878168827545135,5.283454029234661e-29,3.367045073656265e-05,0.5120475043992396,0.5007442179902334
RCSE_000174379,4507011244_00010,ESCALATE,CONTROLLED_CONTRADICTION,INVOICE_VALUE_CONTRADICTION,0.1,54143.0,R4_99_100,ood_test_r4,ESCALATE,EXECUTE,0.28038627387132875,0.5120475043992396,8.144839531437264e-08,0.00010194239551029911,0.7196136446802759,0.4878168827545135,8.416216411465561e-27,3.367045073656265e-05,0.5120475043992396,0.5007442179902334
RCSE_000171762,4507009971_00010,ESCALATE,CONTROLLED_CONTRADICTION,INVOICE_VALUE_CONTRADICTION,0.1,167283.0,R4_99_100,ood_test_r4,GATHER,GATHER,0.004430419182653689,0.0013982950662343682,0.9944130188648675,0.9672202007206736,0.0011565619524787386,0.031348873259125346,2.7718971768468622e-81,3.2630953966586726e-05,0.9672202007206736,0.1084270742359047
RCSE_000183162,4507004480_00010,ESCALATE,CONTROLLED_CONTRADICTION,INVOICE_VALUE_CONTRADICTION,0.1,127742.0,R4_99_100,ood_test_r4,EXECUTE,EXECUTE,0.43847484932980685,0.3532671186467085,0.42651149096152086,0.31015950138296733,0.1350136597086723,0.33655015036171737,2.643226234244645e-54,2.322960860671875e-05,0.3532671186467085,0.791630578941228
RCSE_000174712,4507011439_00010,ESCALATE,CONTROLLED_CONTRADICTION,INVOICE_VALUE_CONTRADICTION,0.1,89373.0,R4_99_100,ood_test_r4,ESCALATE,EXECUTE,0.4609772219676112,0.4748920780243674,0.013790212029394573,0.07265700485068134,0.5252325660029943,0.4524196898849374,1.1971288274020414e-36,3.1227240013723764e-05,0.4748920780243674,0.6515948289798453
RCSE_000180570,4507010551_00010,ESCALATE,CONTROLLED_CONTRADICTION,INVOICE_VALUE_CONTRADICTION,0.1,54016.0,R4_99_100,ood_test_r4,ESCALATE,EXECUTE,0.2936334938010982,0.5120475043992396,0.00017906600551530202,0.00010194239551029911,0.7061874401933865,0.4878168827545135,7.077490165864613e-24,3.367045073656265e-05,0.5120475043992396,0.5007442179902334
RCSE_000174667,4507004434_00010,ESCALATE,CONTROLLED_CONTRADICTION,INVOICE_VALUE_CONTRADICTION,0.1,51961.0,R4_99_100,ood_test_r4,ESCALATE,ESCALATE,0.23594469109759092,0.09483323972096551,0.00021439476758386224,0.00010165341428560219,0.7638409141348251,0.9050315318613288,8.291630320270542e-31,3.3575003420053726e-05,0.9050315318613288,0.22721150046006663
RCSE_000175045,4507002887_00010,ESCALATE,CONTROLLED_CONTRADICTION,INVOICE_VALUE_CONTRADICTION,0.1,57746.0,R4_99_100,ood_test_r4,ESCALATE,EXECUTE,0.44183186650178696,0.5046569423998928,0.0009587142431717903,0.014533823274263056,0.5572094192550412,0.48077604985258343,5.502982210764504e-27,3.318447326069061e-05,0.5046569423998928,0.5475460284491938
RCSE_000178261,4507005904_00010,ESCALATE,CONTROLLED_CONTRADICTION,INVOICE_VALUE_CONTRADICTION,0.1,62349.0,R4_99_100,ood_test_r4,ESCALATE,EXECUTE,0.39758749294537016,0.5046569423998928,0.0018766297159709404,0.014533823274263056,0.6005358773386588,0.48077604985258343,6.802519502337086e-27,3.318447326069061e-05,0.5046569423998928,0.5475460284491938
RCSE_000176987,4507003573_00010,ESCALATE,CONTROLLED_CONTRADICTION,INVOICE_VALUE_CONTRADICTION,0.1,63932.0,R4_99_100,ood_test_r4,ESCALATE,EXECUTE,0.4569294840655063,0.4748920780243674,0.006087330393429835,0.07265700485068134,0.5369831855410638,0.4524196898849374,8.380040676224292e-30,3.1227240013723764e-05,0.4748920780243674,0.6515948289798453
RCSE_000178066,4507016947_00010,ESCALATE,CONTROLLED_CONTRADICTION,INVOICE_VALUE_CONTRADICTION,0.1,294448.0,R4_99_100,ood_test_r4,GATHER,GATHER,9.019939737476762e-13,0.001434793590798254,0.9999999999981402,0.9971815456047864,9.578999406825976e-13,0.0013501781119968526,6.516055350506476e-182,3.348269241839992e-05,0.9971815456047864,0.015490245654545019
RCSE_000180163,4507011990_00010,ESCALATE,CONTROLLED_CONTRADICTION,INVOICE_VALUE_CONTRADICTION,0.1,125159.0,R4_99_100,ood_test_r4,EXECUTE,EXECUTE,0.378047898294334,0.35816081824145224,0.27797921512283247,0.30060335536673966,0.3439728865828336,0.3412122749906533,4.121478440551898e-49,2.3551401154692742e-05,0.35816081824145224,0.79074393785722
RCSE_000179336,4507004396_00030,ESCALATE,CONTROLLED_CONTRADICTION,INVOICE_VALUE_CONTRADICTION,0.1,363730.0,R4_99_100,ood_test_r4,GATHER,GATHER,1.30489163914728e-66,0.001436733436837446,1.0,0.998529738602025,1.6030206800445575e-106,0.0,0.0,3.352796113766789e-05,0.998529738602025,0.008092504883414935
RCSE_000179866,4507017604_00010,ESCALATE,CONTROLLED_CONTRADICTION,INVOICE_VALUE_CONTRADICTION,0.1,80692.0,R4_99_100,ood_test_r4,ESCALATE,EXECUTE,0.4218769638712779,0.4748920780243674,0.00953490928639606,0.07265700485068134,0.568588126842326,0.4524196898849374,5.371210335144492e-33,3.1227240013723764e-05,0.4748920780243674,0.6515948289798453
RCSE_000178935,2000000182_00001,ESCALATE,CONTROLLED_CONTRADICTION,INVOICE_VALUE_CONTRADICTION,0.1,165085.0,R4_99_100,ood_test_r4,EXECUTE,EXECUTE,0.45312728099628163,0.35816081824145224,0.28367875844058343,0.30060335536673966,0.263193960563135,0.3412122749906533,3.463175414423303e-65,2.3551401154692742e-05,0.35816081824145224,0.79074393785722
RCSE_000185708,4507011269_00010,ESCALATE,CONTROLLED_CONTRADICTION,INVOICE_VALUE_CONTRADICTION,0.1,127742.0,R4_99_100,ood_test_r4,EXECUTE,EXECUTE,0.4872120172241612,0.42913668131373434,0.17030815333629337,0.16200561392077534,0.3424798294395455,0.4088294862401322,2.5791839542646217e-50,2.8218525358069368e-05,0.42913668131373434,0.738578612721339
RCSE_000173555,4507010588_00010,ESCALATE,CONTROLLED_CONTRADICTION,INVOICE_VALUE_CONTRADICTION,0.1,111637.0,R4_99_100,ood_test_r4,EXECUTE,EXECUTE,0.6048871414101171,0.4504922917394507,0.14335442094247716,0.1203035585447123,0.25175843764740574,0.4291745269203231,3.929538011466872e-48,2.9622795513886138e-05,0.4504922917394507,0.7050049012707168
RCSE_000184183,2000013457_00001,ESCALATE,CONTROLLED_CONTRADICTION,INVOICE_VALUE_CONTRADICTION,0.1,93184.0,R4_99_100,ood_test_r4,EXECUTE,EXECUTE,0.5030692900530105,0.4748920780243674,0.010012981626412811,0.07265700485068134,0.48691772832057667,0.4524196898849374,1.5003199853614012e-45,3.1227240013723764e-05,0.4748920780243674,0.6515948289798453
RCSE_000177871,4507019588_00010,ESCALATE,CONTROLLED_CONTRADICTION,INVOICE_VALUE_CONTRADICTION,0.1,70494.0,R4_99_100,ood_test_r4,ESCALATE,EXECUTE,0.4280988807841278,0.5120475043992396,0.0002319487261038522,0.00010194239551029911,0.5716691704897683,0.4878168827545135,5.528868678006498e-32,3.367045073656265e-05,0.5120475043992396,0.5007442179902334
RCSE_000180891,4507021183_00010,ESCALATE,CONTROLLED_CONTRADICTION,INVOICE_VALUE_CONTRADICTION,0.1,51268.0,R4_99_100,ood_test_r4,ESCALATE,EXECUTE,0.29968447706734036,0.5120475043992396,3.821498140523992e-05,0.00010194239551029911,0.7002773079512543,0.4878168827545135,1.0584267479060406e-22,3.367045073656265e-05,0.5120475043992396,0.5007442179902334
RCSE_000178789,4507010593_00010,ESCALATE,CONTROLLED_CONTRADICTION,INVOICE_VALUE_CONTRADICTION,0.1,111637.0,R4_99_100,ood_test_r4,EXECUTE,EXECUTE,0.5195631534047851,0.4748920780243674,0.029752064416501176,0.07265700485068134,0.4506847821787137,0.4524196898849374,7.923117650552878e-45,3.1227240013723764e-05,0.4748920780243674,0.6515948289798453
RCSE_000178390,4507024757_00010,ESCALATE,CONTROLLED_CONTRADICTION,INVOICE_VALUE_CONTRADICTION,0.1,60577.0,R4_99_100,ood_test_r4,ESCALATE,EXECUTE,0.374991914448917,0.5046569423998928,0.0011394486983090442,0.014533823274263056,0.6238686368527739,0.48077604985258343,3.713279098356391e-26,3.318447326069061e-05,0.5046569423998928,0.5475460284491938
RCSE_000181765,4507021327_00010,ESCALATE,CONTROLLED_CONTRADICTION,INVOICE_VALUE_CONTRADICTION,0.1,59577.0,R4_99_100,ood_test_r4,ESCALATE,EXECUTE,0.40147726542260814,0.5046569423998928,0.0004530331548953763,0.014533823274263056,0.5980697014224965,0.48077604985258343,2.1476742074470044e-29,3.318447326069061e-05,0.5046569423998928,0.5475460284491938
RCSE_000172996,4507017977_00010,ESCALATE,CONTROLLED_CONTRADICTION,INVOICE_VALUE_CONTRADICTION,0.1,127742.0,R4_99_100,ood_test_r4,EXECUTE,EXECUTE,0.4423404005641466,0.3532671186467085,0.42039609660312954,0.31015950138296733,0.13726350283272404,0.33655015036171737,1.7213792762396742e-54,2.322960860671875e-05,0.3532671186467085,0.791630578941228
RCSE_000182100,4507008523_00010,ESCALATE,CONTROLLED_CONTRADICTION,INVOICE_VALUE_CONTRADICTION,0.1,58843.0,R4_99_100,ood_test_r4,ESCALATE,EXECUTE,0.3235905330074046,0.5120475043992396,4.333841530286443e-05,0.00010194239551029911,0.6763661285772926,0.4878168827545135,7.182644665868888e-27,3.367045073656265e-05,0.5120475043992396,0.5007442179902334
RCSE_000179864,4507024773_00010,ESCALATE,CONTROLLED_CONTRADICTION,INVOICE_VALUE_CONTRADICTION,0.1,56509.0,R4_99_100,ood_test_r4,ESCALATE,EXECUTE,0.43509643601943426,0.5046569423998928,0.0018211603390308351,0.014533823274263056,0.5630824036415348,0.48077604985258343,1.8140293523028576e-26,3.318447326069061e-05,0.5046569423998928,0.5475460284491938
RCSE_000172036,4507024770_00010,ESCALATE,CONTROLLED_CONTRADICTION,INVOICE_VALUE_CONTRADICTION,0.1,56509.0,R4_99_100,ood_test_r4,ESCALATE,EXECUTE,0.4321141085878954,0.5046569423998928,0.0018481156842205517,0.014533823274263056,0.566037775727884,0.48077604985258343,1.3051676935148834e-26,3.318447326069061e-05,0.5046569423998928,0.5475460284491938
RCSE_000180553,4507028551_00010,ESCALATE,CONTROLLED_CONTRADICTION,INVOICE_VALUE_CONTRADICTION,0.1,55466.0,R4_99_100,ood_test_r4,ESCALATE,EXECUTE,0.4291915017941793,0.5046569423998928,0.0025603697158824647,0.014533823274263056,0.5682481284899383,0.48077604985258343,3.781212394019882e-26,3.318447326069061e-05,0.5046569423998928,0.5475460284491938
RCSE_000173661,4507014172_00010,ESCALATE,CONTROLLED_CONTRADICTION,INVOICE_VALUE_CONTRADICTION,0.1,112178.0,R4_99_100,ood_test_r4,EXECUTE,EXECUTE,0.5186771577889335,0.4748920780243674,0.029004767439447934,0.07265700485068134,0.45231807477161856,0.4524196898849374,6.062934844095102e-45,3.1227240013723764e-05,0.4748920780243674,0.6515948289798453
RCSE_000177901,2000013455_00001,ESCALATE,CONTROLLED_CONTRADICTION,INVOICE_VALUE_CONTRADICTION,0.1,244219.0,R4_99_100,ood_test_r4,GATHER,GATHER,0.0014148631487289763,0.0014367494348417906,0.9982559371513889,0.9938196238475974,0.0003291996998821044,0.004710098383089832,1.4607686401539428e-102,3.352833447099068e-05,0.9938196238475974,0.02968176992737504
RCSE_000177567,2000013588_00001,ESCALATE,CONTROLLED_CONTRADICTION,INVOICE_VALUE_CONTRADICTION,0.1,112398.0,R4_99_100,ood_test_r4,EXECUTE,EXECUTE,0.717540051905245,0.4748920780243674,0.030129647220354418,0.07265700485068134,0.25233030087440056,0.4524196898849374,4.128178471022099e-53,3.1227240013723764e-05,0.4748920780243674,0.6515948289798453
RCSE_000173944,4507008905_00090,ESCALATE,CONTROLLED_CONTRADICTION,INVOICE_VALUE_CONTRADICTION,0.1,74681.0,R4_99_100,ood_test_r4,ESCALATE,EXECUTE,0.45985155423640645,0.4748920780243674,0.004377648432644729,0.07265700485068134,0.5357707973309488,0.4524196898849374,6.966058983102546e-31,3.1227240013723764e-05,0.4748920780243674,0.6515948289798453
RCSE_000179076,4507021930_00020,ESCALATE,CONTROLLED_CONTRADICTION,INVOICE_VALUE_CONTRADICTION,0.1,51817.0,R4_99_100,ood_test_r4,ESCALATE,ESCALATE,0.20841054771624362,0.028251336951067046,0.004628429652736071,0.0724602650080884,0.7869610226310204,0.8992572553576096,4.810682315463785e-25,3.114268323495841e-05,0.8992572553576096,0.2789891780789053
RCSE_000184533,2000013531_00001,ESCALATE,CONTROLLED_CONTRADICTION,INVOICE_VALUE_CONTRADICTION,0.1,240216.0,R4_99_100,ood_test_r4,GATHER,GATHER,0.0027303784812235483,0.0014367494348417906,0.9968347040620029,0.9938196238475974,0.00043491745677367243,0.004710098383089832,1.0033232793855263e-94,3.352833447099068e-05,0.9938196238475974,0.02968176992737504
RCSE_000174849,4507032439_00010,ESCALATE,CONTROLLED_CONTRADICTION,INVOICE_VALUE_CONTRADICTION,0.1,56752.0,R4_99_100,ood_test_r4,ESCALATE,EXECUTE,0.34512214019769505,0.5046569423998928,0.001076469776782651,0.014533823274263056,0.6538013900255224,0.48077604985258343,5.464374803303239e-25,3.318447326069061e-05,0.5046569423998928,0.5475460284491938
RCSE_000186287,4507033197_00010,ESCALATE,CONTROLLED_CONTRADICTION,INVOICE_VALUE_CONTRADICTION,0.1,112453.0,R4_99_100,ood_test_r4,EXECUTE,EXECUTE,0.4885017108479531,0.4550543465074578,0.10396248188151448,0.11139503021086652,0.4075358072705325,0.4335207005014161,9.488086565991829e-45,2.992278025944974e-05,0.4550543465074578,0.6963979222287732
RCSE_000179177,4507032819_00010,ESCALATE,CONTROLLED_CONTRADICTION,INVOICE_VALUE_CONTRADICTION,0.1,51055.0,R4_99_100,ood_test_r4,ESCALATE,EXECUTE,0.3335927928250821,0.5046569423998928,0.0007284168960531341,0.014533823274263056,0.6656787902788648,0.48077604985258343,4.943274959833259e-24,3.318447326069061e-05,0.5046569423998928,0.5475460284491938
RCSE_000177181,4507032382_00010,ESCALATE,CONTROLLED_CONTRADICTION,INVOICE_VALUE_CONTRADICTION,0.1,58117.0,R4_99_100,ood_test_r4,ESCALATE,EXECUTE,0.3683957123334083,0.5046569423998928,0.0009422252039887931,0.014533823274263056,0.6306620624626028,0.48077604985258343,2.874690635663112e-25,3.318447326069061e-05,0.5046569423998928,0.5475460284491938
RCSE_000175387,4507012174_00010,ESCALATE,CONTROLLED_CONTRADICTION,INVOICE_VALUE_CONTRADICTION,0.1,101595.0,R4_99_100,ood_test_r4,EXECUTE,EXECUTE,0.587549012668835,0.4748920780243674,0.023392293883655345,0.07265700485068134,0.3890586934475096,0.4524196898849374,2.489296251275559e-44,3.1227240013723764e-05,0.4748920780243674,0.6515948289798453
RCSE_000180013,4507030526_00010,ESCALATE,CONTROLLED_CONTRADICTION,INVOICE_VALUE_CONTRADICTION,0.1,51067.0,R4_99_100,ood_test_r4,ESCALATE,EXECUTE,0.38132293494138103,0.5046569423998928,0.001151303085616692,0.014533823274263056,0.6175257619730022,0.48077604985258343,5.630437585720606e-23,3.318447326069061e-05,0.5046569423998928,0.5475460284491938
RCSE_000178806,4507036149_00010,ESCALATE,CONTROLLED_CONTRADICTION,INVOICE_VALUE_CONTRADICTION,0.1,66683.0,R4_99_100,ood_test_r4,ESCALATE,EXECUTE,0.39754207563030064,0.5046569423998928,0.0005399195623455433,0.014533823274263056,0.6019180048073539,0.48077604985258343,4.523577073305231e-28,3.318447326069061e-05,0.5046569423998928,0.5475460284491938
RCSE_000182190,4507021921_00010,ESCALATE,CONTROLLED_CONTRADICTION,INVOICE_VALUE_CONTRADICTION,0.1,70494.0,R4_99_100,ood_test_r4,ESCALATE,EXECUTE,0.46211185112193115,0.5120475043992396,0.0002278016702384092,0.00010194239551029911,0.5376603472078304,0.4878168827545135,7.647558363791275e-32,3.367045073656265e-05,0.5120475043992396,0.5007442179902334
RCSE_000183150,4507034138_00010,ESCALATE,CONTROLLED_CONTRADICTION,INVOICE_VALUE_CONTRADICTION,0.1,57881.0,R4_99_100,ood_test_r4,ESCALATE,EXECUTE,0.3996696608593864,0.5120475043992396,0.00027194419905555474,0.00010194239551029911,0.6000583949415581,0.4878168827545135,2.1288497164210643e-27,3.367045073656265e-05,0.5120475043992396,0.5007442179902334
RCSE_000183143,4507023068_00010,ESCALATE,CONTROLLED_CONTRADICTION,INVOICE_VALUE_CONTRADICTION,0.1,112178.0,R4_99_100,ood_test_r4,EXECUTE,EXECUTE,0.5221355435083287,0.4748920780243674,0.027983884753667487,0.07265700485068134,0.44988057173800383,0.4524196898849374,4.704007860137511e-45,3.1227240013723764e-05,0.4748920780243674,0.6515948289798453
RCSE_000171863,4507004898_00010,ESCALATE,CONTROLLED_CONTRADICTION,INVOICE_VALUE_CONTRADICTION,0.1,111637.0,R4_99_100,ood_test_r4,EXECUTE,EXECUTE,0.6811493512131193,0.4748920780243674,0.017675816530342586,0.07265700485068134,0.30117483225653807,0.4524196898849374,2.849463962296208e-48,3.1227240013723764e-05,0.4748920780243674,0.6515948289798453
RCSE_000182428,4507020469_00010,ESCALATE,CONTROLLED_CONTRADICTION,INVOICE_VALUE_CONTRADICTION,0.1,112178.0,R4_99_100,ood_test_r4,EXECUTE,EXECUTE,0.52227333468327,0.4748920780243674,0.018458497767553397,0.07265700485068134,0.45926816754917665,0.4524196898849374,5.144194973278418e-45,3.1227240013723764e-05,0.4748920780243674,0.6515948289798453
RCSE_000173769,4507039315_00010,ESCALATE,CONTROLLED_CONTRADICTION,INVOICE_VALUE_CONTRADICTION,0.1,51822.0,R4_99_100,ood_test_r4,ESCALATE,EXECUTE,0.3666126254199148,0.5046569423998928,0.0005265668816966082,0.014533823274263056,0.6328608076983886,0.48077604985258343,2.6755736409203848e-24,3.318447326069061e-05,0.5046569423998928,0.5475460284491938
RCSE_000175374,4507037188_00010,ESCALATE,CONTROLLED_CONTRADICTION,INVOICE_VALUE_CONTRADICTION,0.1,89373.0,R4_99_100,ood_test_r4,ESCALATE,EXECUTE,0.44860429157604426,0.4748920780243674,0.02569790080416348,0.07265700485068134,0.5256978076197923,0.4524196898849374,4.569422313894423e-36,3.1227240013723764e-05,0.4748920780243674,0.6515948289798453
RCSE_000181507,4507031031_00020,ESCALATE,CONTROLLED_CONTRADICTION,INVOICE_VALUE_CONTRADICTION,0.1,70148.0,R4_99_100,ood_test_r4,EXECUTE,EXECUTE,0.8966867364875217,0.5120475043992396,3.88913942526654e-06,0.00010194239551029911,0.10330937437305299,0.4878168827545135,1.1038411015769119e-45,3.367045073656265e-05,0.5120475043992396,0.5007442179902334
RCSE_000181778,4507037019_00010,ESCALATE,CONTROLLED_CONTRADICTION,INVOICE_VALUE_CONTRADICTION,0.1,49575.0,R4_99_100,ood_test_r4,ESCALATE,EXECUTE,0.2865015808059888,0.5120475043992396,0.00014059666267840417,0.00010194239551029911,0.7133578225313328,0.4878168827545135,3.7706445089916507e-22,3.367045073656265e-05,0.5120475043992396,0.5007442179902334
RCSE_000176268,4507032284_00010,ESCALATE,CONTROLLED_CONTRADICTION,INVOICE_VALUE_CONTRADICTION,0.1,55827.0,R4_99_100,ood_test_r4,ESCALATE,EXECUTE,0.3869758768598052,0.5046569423998928,0.000491455148368202,0.014533823274263056,0.6125326679918267,0.48077604985258343,4.461051268744796e-26,3.318447326069061e-05,0.5046569423998928,0.5475460284491938
RCSE_000182637,4507031435_00010,ESCALATE,CONTROLLED_CONTRADICTION,INVOICE_VALUE_CONTRADICTION,0.1,49506.0,R4_99_100,ood_test_r4,ESCALATE,EXECUTE,0.3575963610147842,0.5120475043992396,0.00019773836996966383,0.00010194239551029911,0.6422059006152461,0.4878168827545135,1.0689716751226284e-23,3.367045073656265e-05,0.5120475043992396,0.5007442179902334
RCSE_000172935,4507040201_00010,ESCALATE,CONTROLLED_CONTRADICTION,INVOICE_VALUE_CONTRADICTION,0.1,54133.0,R4_99_100,ood_test_r4,ESCALATE,EXECUTE,0.3399808978648431,0.5046569423998928,0.0008547784759774784,0.014533823274263056,0.6591643236591794,0.48077604985258343,4.1080590029228974e-24,3.318447326069061e-05,0.5046569423998928,0.5475460284491938
RCSE_000185944,4507038283_00010,ESCALATE,CONTROLLED_CONTRADICTION,INVOICE_VALUE_CONTRADICTION,0.1,134887.0,R4_99_100,ood_test_r4,GATHER,EXECUTE,0.33160418783835416,0.3532671186467085,0.3735247819594006,0.31015950138296733,0.2948710302022452,0.33655015036171737,6.329161615190313e-53,2.322960860671875e-05,0.3532671186467085,0.791630578941228
RCSE_000173313,4507041446_00010,ESCALATE,CONTROLLED_CONTRADICTION,INVOICE_VALUE_CONTRADICTION,0.1,49239.0,R4_99_100,ood_test_r4,ESCALATE,EXECUTE,0.2840840473249158,0.5120475043992396,0.00016402351837774984,0.00010194239551029911,0.7157519291567065,0.4878168827545135,6.545813909603665e-22,3.367045073656265e-05,0.5120475043992396,0.5007442179902334
RCSE_000183920,4507041490_00010,ESCALATE,CONTROLLED_CONTRADICTION,INVOICE_VALUE_CONTRADICTION,0.1,49239.0,R4_99_100,ood_test_r4,ESCALATE,EXECUTE,0.28473951748629744,0.5120475043992396,0.00016739791294648621,0.00010194239551029911,0.715093084600756,0.4878168827545135,6.253221862242511e-22,3.367045073656265e-05,0.5120475043992396,0.5007442179902334
RCSE_000181200,4508042100_00110,ESCALATE,CONTROLLED_CONTRADICTION,INVOICE_VALUE_CONTRADICTION,0.1,53780.0,R4_99_100,ood_test_r4,ESCALATE,EXECUTE,0.41610399546998333,0.5120475043992396,1.476520678767454e-05,0.00010194239551029911,0.583881239323229,0.4878168827545135,1.0620178449632379e-23,3.367045073656265e-05,0.5120475043992396,0.5007442179902334
RCSE_000178868,4507039680_00010,ESCALATE,CONTROLLED_CONTRADICTION,INVOICE_VALUE_CONTRADICTION,0.1,56752.0,R4_99_100,ood_test_r4,ESCALATE,EXECUTE,0.43377930975818724,0.5046569423998928,0.001370756157454808,0.014533823274263056,0.5648499340843579,0.48077604985258343,7.740155597693544e-27,3.318447326069061e-05,0.5046569423998928,0.5475460284491938
RCSE_000180608,4507037657_00010,ESCALATE,CONTROLLED_CONTRADICTION,INVOICE_VALUE_CONTRADICTION,0.1,55557.0,R4_99_100,ood_test_r4,ESCALATE,EXECUTE,0.3921307559072222,0.5120475043992396,0.0001531433078341921,0.00010194239551029911,0.6077161007849436,0.4878168827545135,1.831810683117508e-26,3.367045073656265e-05,0.5120475043992396,0.5007442179902334
RCSE_000176185,2000000002_00001,ESCALATE,CONTROLLED_CONTRADICTION,INVOICE_VALUE_CONTRADICTION,0.1,76210.0,R4_99_100,ood_test_r4,ESCALATE,EXECUTE,0.49128533875679764,0.5120475043992396,3.7598737093020583e-06,0.00010194239551029911,0.508710901369493,0.4878168827545135,3.600717343541056e-36,3.367045073656265e-05,0.5120475043992396,0.5007442179902334
RCSE_000173886,2000033589_00001,ESCALATE,CONTROLLED_CONTRADICTION,INVOICE_VALUE_CONTRADICTION,0.1,165142.0,R4_99_100,ood_test_r4,GATHER,GATHER,0.13897672664807995,0.016178842588119986,0.8371901920260675,0.6501770225942963,0.023833081325852625,0.3336211073795063,1.1457145068586626e-70,2.3027438077316547e-05,0.6501770225942963,0.5143992167311986
RCSE_000174209,4508044474_00010,ESCALATE,CONTROLLED_CONTRADICTION,INVOICE_VALUE_CONTRADICTION,0.1,89373.0,R4_99_100,ood_test_r4,ESCALATE,EXECUTE,0.46323069413962437,0.4748920780243674,0.011509104982216745,0.07265700485068134,0.5252602008781588,0.4524196898849374,1.6949636726736118e-36,3.1227240013723764e-05,0.4748920780243674,0.6515948289798453
RCSE_000176199,4507040306_00010,ESCALATE,CONTROLLED_CONTRADICTION,INVOICE_VALUE_CONTRADICTION,0.1,56752.0,R4_99_100,ood_test_r4,ESCALATE,EXECUTE,0.4324910489116157,0.5046569423998928,0.0011684074831591227,0.014533823274263056,0.5663405436052252,0.48077604985258343,7.668263303112398e-27,3.318447326069061e-05,0.5046569423998928,0.5475460284491938
RCSE_000182700,4508046057_00020,ESCALATE,CONTROLLED_CONTRADICTION,INVOICE_VALUE_CONTRADICTION,0.1,64007.0,R4_99_100,ood_test_r4,EXECUTE,EXECUTE,0.5225676666709659,0.5046569423998928,0.0006870730933663419,0.014533823274263056,0.47674526023566777,0.48077604985258343,1.5004625641702509e-29,3.318447326069061e-05,0.5046569423998928,0.5475460284491938
RCSE_000178813,4508047332_00010,ESCALATE,CONTROLLED_CONTRADICTION,INVOICE_VALUE_CONTRADICTION,0.1,51615.0,R4_99_100,ood_test_r4,ESCALATE,EXECUTE,0.3544660200298884,0.5046569423998928,0.0005460359115093638,0.014533823274263056,0.6449879440586022,0.48077604985258343,6.062236759279762e-23,3.318447326069061e-05,0.5046569423998928,0.5475460284491938
RCSE_000173929,4507040316_00040,ESCALATE,CONTROLLED_CONTRADICTION,INVOICE_VALUE_CONTRADICTION,0.1,127742.0,R4_99_100,ood_test_r4,GATHER,EXECUTE,0.4314458556203583,0.3532671186467085,0.4344738834282331,0.31015950138296733,0.1340802609514086,0.33655015036171737,1.800264412388582e-54,2.322960860671875e-05,0.3532671186467085,0.791630578941228
RCSE_000172913,4508049062_00010,ESCALATE,CONTROLLED_CONTRADICTION,INVOICE_VALUE_CONTRADICTION,0.1,55860.0,R4_99_100,ood_test_r4,ESCALATE,EXECUTE,0.3452078109268711,0.5046569423998928,0.001094885306494108,0.014533823274263056,0.6536973037666348,0.48077604985258343,1.0276035144714084e-24,3.318447326069061e-05,0.5046569423998928,0.5475460284491938
RCSE_000173346,4508043526_00010,ESCALATE,CONTROLLED_CONTRADICTION,INVOICE_VALUE_CONTRADICTION,0.1,49211.0,R4_99_100,ood_test_r4,ESCALATE,EXECUTE,0.2858482081480944,0.5120475043992396,0.00011097910821342976,0.00010194239551029911,0.7140408127436922,0.4878168827545135,4.28025834672986e-22,3.367045073656265e-05,0.5120475043992396,0.5007442179902334
RCSE_000177166,4508050175_00010,ESCALATE,CONTROLLED_CONTRADICTION,INVOICE_VALUE_CONTRADICTION,0.1,55728.0,R4_99_100,ood_test_r4,ESCALATE,EXECUTE,0.34649615279051743,0.5046569423998928,0.0011241684859232253,0.014533823274263056,0.6523796787235593,0.48077604985258343,1.8075864275953588e-24,3.318447326069061e-05,0.5046569423998928,0.5475460284491938
RCSE_000179052,4507038892_00010,ESCALATE,CONTROLLED_CONTRADICTION,INVOICE_VALUE_CONTRADICTION,0.1,112453.0,R4_99_100,ood_test_r4,EXECUTE,EXECUTE,0.5187866678705013,0.4748920780243674,0.03819718717030148,0.07265700485068134,0.44301614495919717,0.4524196898849374,7.319848012557608e-45,3.1227240013723764e-05,0.4748920780243674,0.6515948289798453
RCSE_000182609,4508044252_00010,ESCALATE,CONTROLLED_CONTRADICTION,INVOICE_VALUE_CONTRADICTION,0.1,86602.0,R4_99_100,ood_test_r4,ESCALATE,ESCALATE,0.23037900754659008,0.08062817682316552,4.5216623316252654e-15,0.0,0.7696209924534054,0.9193382210695418,1.8014995293655541e-40,3.3602107292774404e-05,0.9193382210695418,0.2024662586086718
RCSE_000183111,4507012180_00010,ESCALATE,CONTROLLED_CONTRADICTION,INVOICE_VALUE_CONTRADICTION,0.1,101595.0,R4_99_100,ood_test_r4,ESCALATE,EXECUTE,0.4371970782089013,0.5046569423998928,0.001589763755405547,0.014533823274263056,0.5612131580356933,0.48077604985258343,1.5327009670577266e-41,3.318447326069061e-05,0.5046569423998928,0.5475460284491938
RCSE_000174210,4507038877_00010,ESCALATE,CONTROLLED_CONTRADICTION,INVOICE_VALUE_CONTRADICTION,0.1,112453.0,R4_99_100,ood_test_r4,EXECUTE,EXECUTE,0.6129651880799164,0.4504922917394507,0.1389992607583502,0.1203035585447123,0.24803555116173354,0.4291745269203231,2.4386543624528413e-48,2.9622795513886138e-05,0.4504922917394507,0.7050049012707168
RCSE_000185560,4508051982_00010,ESCALATE,CONTROLLED_CONTRADICTION,INVOICE_VALUE_CONTRADICTION,0.1,56088.0,R4_99_100,ood_test_r4,ESCALATE,EXECUTE,0.3478139847834141,0.5046569423998928,0.0011978681028647232,0.014533823274263056,0.6509881471137212,0.48077604985258343,1.3395500461726638e-24,3.318447326069061e-05,0.5046569423998928,0.5475460284491938
RCSE_000176253,4508048429_00010,ESCALATE,CONTROLLED_CONTRADICTION,INVOICE_VALUE_CONTRADICTION,0.1,53972.0,R4_99_100,ood_test_r4,ESCALATE,EXECUTE,0.3758486666706765,0.5046569423998928,0.0004939625693856246,0.014533823274263056,0.623657370759938,0.48077604985258343,1.792630800358294e-25,3.318447326069061e-05,0.5046569423998928,0.5475460284491938
RCSE_000184496,4508047741_00010,ESCALATE,CONTROLLED_CONTRADICTION,INVOICE_VALUE_CONTRADICTION,0.1,54314.0,R4_99_100,ood_test_r4,ESCALATE,EXECUTE,0.3795827756131807,0.5046569423998928,0.0004602901284933719,0.014533823274263056,0.6199569342583259,0.48077604985258343,1.8165377436594026e-25,3.318447326069061e-05,0.5046569423998928,0.5475460284491938
RCSE_000184320,4508045651_00030,ESCALATE,CONTROLLED_CONTRADICTION,INVOICE_VALUE_CONTRADICTION,0.1,72461.0,R4_99_100,ood_test_r4,ESCALATE,EXECUTE,0.4322292989885707,0.4748920780243674,0.00698070421748829,0.07265700485068134,0.5607899967939409,0.4524196898849374,1.0512349194619115e-33,3.1227240013723764e-05,0.4748920780243674,0.6515948289798453
RCSE_000180730,4508050176_00010,ESCALATE,CONTROLLED_CONTRADICTION,INVOICE_VALUE_CONTRADICTION,0.1,179977.0,R4_99_100,ood_test_r4,ESCALATE,EXECUTE,0.4868022382843139,0.5120997090703223,7.387491272646052e-12,0.0,0.5131977617082987,0.48786661704614465,8.947309450728338e-74,3.3673883532916135e-05,0.5120997090703223,0.5000457857569834
RCSE_000177294,4508051730_00010,ESCALATE,CONTROLLED_CONTRADICTION,INVOICE_VALUE_CONTRADICTION,0.1,50749.0,R4_99_100,ood_test_r4,EXECUTE,EXECUTE,0.513866415731779,0.5046569423998928,0.0008836589363154736,0.014533823274263056,0.4852499253319054,0.48077604985258343,3.1387108137464685e-24,3.318447326069061e-05,0.5046569423998928,0.5475460284491938
RCSE_000183456,4508047028_00010,ESCALATE,CONTROLLED_CONTRADICTION,INVOICE_VALUE_CONTRADICTION,0.1,54732.0,R4_99_100,ood_test_r4,ESCALATE,EXECUTE,0.460712651565152,0.5046569423998928,0.0004122088339958643,0.014533823274263056,0.5388751396008522,0.48077604985258343,1.8503710033914273e-24,3.318447326069061e-05,0.5046569423998928,0.5475460284491938
RCSE_000181816,4507029567_00010,ESCALATE,CONTROLLED_CONTRADICTION,INVOICE_VALUE_CONTRADICTION,0.1,101595.0,R4_99_100,ood_test_r4,EXECUTE,EXECUTE,0.5899190960671803,0.4748920780243674,0.016955532530664667,0.07265700485068134,0.39312537140215503,0.4524196898849374,3.9406849204702576e-44,3.1227240013723764e-05,0.4748920780243674,0.6515948289798453
RCSE_000186386,4507029547_00010,ESCALATE,CONTROLLED_CONTRADICTION,INVOICE_VALUE_CONTRADICTION,0.1,101595.0,R4_99_100,ood_test_r4,ESCALATE,EXECUTE,0.43477574946852127,0.4748920780243674,0.0047784294240937044,0.07265700485068134,0.5604458211073851,0.4524196898849374,2.0654304891500035e-41,3.1227240013723764e-05,0.4748920780243674,0.6515948289798453
RCSE_000175055,4508050309_00010,ESCALATE,CONTROLLED_CONTRADICTION,INVOICE_VALUE_CONTRADICTION,0.1,53679.0,R4_99_100,ood_test_r4,ESCALATE,EXECUTE,0.3060657294625632,0.5120475043992396,6.667364314698165e-05,0.00010194239551029911,0.6938675968942899,0.4878168827545135,5.8889814174741794e-24,3.367045073656265e-05,0.5120475043992396,0.5007442179902334
RCSE_000181972,4508052556_00010,ESCALATE,CONTROLLED_CONTRADICTION,INVOICE_VALUE_CONTRADICTION,0.1,55955.0,R4_99_100,ood_test_r4,ESCALATE,EXECUTE,0.2673554839228633,0.5120475043992396,0.00011576595134065076,0.00010194239551029911,0.732528750125796,0.4878168827545135,3.4610818869922465e-25,3.367045073656265e-05,0.5120475043992396,0.5007442179902334
RCSE_000185607,4508054787_00010,ESCALATE,CONTROLLED_CONTRADICTION,INVOICE_VALUE_CONTRADICTION,0.1,50749.0,R4_99_100,ood_test_r4,ESCALATE,EXECUTE,0.431270873934646,0.5120475043992396,0.0003051226248213552,0.00010194239551029911,0.5684240034405326,0.4878168827545135,1.2569283479171996e-22,3.367045073656265e-05,0.5120475043992396,0.5007442179902334
RCSE_000179148,4508057131_00010,ESCALATE,CONTROLLED_CONTRADICTION,INVOICE_VALUE_CONTRADICTION,0.1,50749.0,R4_99_100,ood_test_r4,EXECUTE,EXECUTE,0.5165914577922498,0.5046569423998928,0.0007826041319878506,0.014533823274263056,0.48262593807576226,0.48077604985258343,3.945029204996152e-24,3.318447326069061e-05,0.5046569423998928,0.5475460284491938
RCSE_000182537,4508047191_00010,ESCALATE,CONTROLLED_CONTRADICTION,INVOICE_VALUE_CONTRADICTION,0.1,107955.0,R4_99_100,ood_test_r4,EXECUTE,EXECUTE,0.6585497655258489,0.4748920780243674,0.05342501784661171,0.07265700485068134,0.2880252166275393,0.4524196898849374,1.0871303684739413e-46,3.1227240013723764e-05,0.4748920780243674,0.6515948289798453
RCSE_000179150,4508046046_00010,ESCALATE,CONTROLLED_CONTRADICTION,INVOICE_VALUE_CONTRADICTION,0.1,129197.0,R4_99_100,ood_test_r4,EXECUTE,EXECUTE,0.5003956917087289,0.42913668131373434,0.15546957988770532,0.16200561392077534,0.34413472840356585,0.4088294862401322,7.799381428406286e-51,2.8218525358069368e-05,0.42913668131373434,0.738578612721339
RCSE_000171983,4508058906_00010,ESCALATE,CONTROLLED_CONTRADICTION,INVOICE_VALUE_CONTRADICTION,0.1,55827.0,R4_99_100,ood_test_r4,ESCALATE,EXECUTE,0.30110268036970816,0.5120475043992396,0.000340247768363282,0.00010194239551029911,0.6985570718619286,0.4878168827545135,1.852665347980524e-24,3.367045073656265e-05,0.5120475043992396,0.5007442179902334
RCSE_000177146,4508057383_00010,ESCALATE,CONTROLLED_CONTRADICTION,INVOICE_VALUE_CONTRADICTION,0.1,52093.0,R4_99_100,ood_test_r4,ESCALATE,EXECUTE,0.27126685349490987,0.5120475043992396,0.0002741094163674024,0.00010194239551029911,0.7284590370887228,0.4878168827545135,1.4461054624887295e-22,3.367045073656265e-05,0.5120475043992396,0.5007442179902334
RCSE_000184664,4508058462_00010,ESCALATE,CONTROLLED_CONTRADICTION,INVOICE_VALUE_CONTRADICTION,0.1,51615.0,R4_99_100,ood_test_r4,ESCALATE,EXECUTE,0.4329876679713317,0.5046569423998928,0.0008472305252778617,0.014533823274263056,0.5661651015033905,0.48077604985258343,1.715067082412946e-24,3.318447326069061e-05,0.5046569423998928,0.5475460284491938
RCSE_000175348,4508045529_00020,ESCALATE,CONTROLLED_CONTRADICTION,INVOICE_VALUE_CONTRADICTION,0.1,109493.0,R4_99_100,ood_test_r4,ESCALATE,EXECUTE,0.4357663321047481,0.4748920780243674,0.029119543792837408,0.07265700485068134,0.5351141241024145,0.4524196898849374,1.1245741744223304e-43,3.1227240013723764e-05,0.4748920780243674,0.6515948289798453
RCSE_000177619,4508047777_00010,ESCALATE,CONTROLLED_CONTRADICTION,INVOICE_VALUE_CONTRADICTION,0.1,115645.0,R4_99_100,ood_test_r4,EXECUTE,EXECUTE,0.526284535925005,0.4748920780243674,0.03847571488920439,0.07265700485068134,0.4352397491857905,0.4524196898849374,5.0719033185492e-46,3.1227240013723764e-05,0.4748920780243674,0.6515948289798453
RCSE_000178188,4507034749_00010,ESCALATE,CONTROLLED_CONTRADICTION,INVOICE_VALUE_CONTRADICTION,0.1,101595.0,R4_99_100,ood_test_r4,EXECUTE,EXECUTE,0.5905289048392657,0.4748920780243674,0.013382512439919335,0.07265700485068134,0.3960885827208149,0.4524196898849374,3.7606527816269015e-44,3.1227240013723764e-05,0.4748920780243674,0.6515948289798453
RCSE_000181659,2000052831_00001,ESCALATE,CONTROLLED_CONTRADICTION,INVOICE_VALUE_CONTRADICTION,0.1,56591.0,R4_99_100,ood_test_r4,ESCALATE,EXECUTE,0.3368064743866994,0.5120475043992396,0.0001417859943954015,0.00010194239551029911,0.6630517396189051,0.4878168827545135,1.591568060566753e-27,3.367045073656265e-05,0.5120475043992396,0.5007442179902334
RCSE_000173595,4508052462_00010,ESCALATE,CONTROLLED_CONTRADICTION,INVOICE_VALUE_CONTRADICTION,0.1,56646.0,R4_99_100,ood_test_r4,ESCALATE,EXECUTE,0.32512782466903056,0.5046569423998928,0.0004246422815066941,0.014533823274263056,0.6744475330494627,0.48077604985258343,9.617900908835135e-26,3.318447326069061e-05,0.5046569423998928,0.5475460284491938
RCSE_000176433,4508058740_00010,ESCALATE,CONTROLLED_CONTRADICTION,INVOICE_VALUE_CONTRADICTION,0.1,63898.0,R4_99_100,ood_test_r4,ESCALATE,EXECUTE,0.3658872797042174,0.5046569423998928,0.0012780391414332444,0.014533823274263056,0.6328346811543493,0.48077604985258343,1.3504671467417837e-27,3.318447326069061e-05,0.5046569423998928,0.5475460284491938
RCSE_000175660,4508060257_00010,ESCALATE,CONTROLLED_CONTRADICTION,INVOICE_VALUE_CONTRADICTION,0.1,50749.0,R4_99_100,ood_test_r4,EXECUTE,EXECUTE,0.526308592590297,0.5046569423998928,0.0008175830355423074,0.014533823274263056,0.4728738243741607,0.48077604985258343,1.6791173664838714e-24,3.318447326069061e-05,0.5046569423998928,0.5475460284491938
RCSE_000181471,4508059461_00150,ESCALATE,CONTROLLED_CONTRADICTION,INVOICE_VALUE_CONTRADICTION,0.1,88884.0,R4_99_100,ood_test_r4,ESCALATE,EXECUTE,0.3984613078574669,0.4504922917394507,0.13313151124717348,0.1203035585447123,0.4684071808953597,0.4291745269203231,1.3563575079799618e-42,2.9622795513886138e-05,0.4504922917394507,0.7050049012707168
RCSE_000178322,4508059786_00010,ESCALATE,CONTROLLED_CONTRADICTION,INVOICE_VALUE_CONTRADICTION,0.1,55113.0,R4_99_100,ood_test_r4,ESCALATE,EXECUTE,0.30017962058132225,0.5120475043992396,0.00017313782516047014,0.00010194239551029911,0.6996472415935172,0.4878168827545135,6.159512062355139e-24,3.367045073656265e-05,0.5120475043992396,0.5007442179902334
RCSE_000186195,4508058553_00010,ESCALATE,CONTROLLED_CONTRADICTION,INVOICE_VALUE_CONTRADICTION,0.1,136595.0,R4_99_100,ood_test_r4,GATHER,GATHER,0.24465460178044354,0.08173812679728232,0.6680549827139987,0.498968469098287,0.08729041550555783,0.4192644653283766,4.521513025945047e-58,2.893877605407614e-05,0.498968469098287,0.6609923591071682
RCSE_000185797,4508045649_00020,ESCALATE,CONTROLLED_CONTRADICTION,INVOICE_VALUE_CONTRADICTION,0.1,71577.0,R4_99_100,ood_test_r4,EXECUTE,EXECUTE,0.5063430198314188,0.5046569423998928,0.0020975881948408805,0.014533823274263056,0.49155939197374043,0.48077604985258343,2.2050074230355905e-32,3.318447326069061e-05,0.5046569423998928,0.5475460284491938
RCSE_000181337,4508050521_00010,ESCALATE,CONTROLLED_CONTRADICTION,INVOICE_VALUE_CONTRADICTION,0.1,89373.0,R4_99_100,ood_test_r4,EXECUTE,EXECUTE,0.5997760534408896,0.4748920780243674,0.008471260975834697,0.07265700485068134,0.3917526855832758,0.4524196898849374,2.4541682629500994e-39,3.1227240013723764e-05,0.4748920780243674,0.6515948289798453
RCSE_000181302,4508069629_00010,ESCALATE,CONTROLLED_CONTRADICTION,INVOICE_VALUE_CONTRADICTION,0.1,53935.0,R4_99_100,ood_test_r4,ESCALATE,EXECUTE,0.42525462544423986,0.5046569423998928,0.0016949205135944581,0.014533823274263056,0.5730504540421657,0.48077604985258343,2.9210877995626513e-25,3.318447326069061e-05,0.5046569423998928,0.5475460284491938
RCSE_000175757,4508044124_00010,ESCALATE,CONTROLLED_CONTRADICTION,INVOICE_VALUE_CONTRADICTION,0.1,106749.0,R4_99_100,ood_test_r4,ESCALATE,EXECUTE,0.45042973338113174,0.4748920780243674,0.006627122633300001,0.07265700485068134,0.5429431439855683,0.4524196898849374,4.61955317202687e-43,3.1227240013723764e-05,0.4748920780243674,0.6515948289798453
RCSE_000185620,4507038955_00010,ESCALATE,CONTROLLED_CONTRADICTION,INVOICE_VALUE_CONTRADICTION,0.1,112453.0,R4_99_100,ood_test_r4,EXECUTE,EXECUTE,0.5240759629748841,0.4748920780243674,0.006109559807525048,0.07265700485068134,0.46981447721759084,0.4524196898849374,1.5117489941883573e-45,3.1227240013723764e-05,0.4748920780243674,0.6515948289798453
RCSE_000179778,4508066577_00010,ESCALATE,CONTROLLED_CONTRADICTION,INVOICE_VALUE_CONTRADICTION,0.1,64951.0,R4_99_100,ood_test_r4,ESCALATE,EXECUTE,0.3695932341568553,0.5046569423998928,0.0015194804293449631,0.014533823274263056,0.6288872854137998,0.48077604985258343,8.035095044808251e-28,3.318447326069061e-05,0.5046569423998928,0.5475460284491938
RCSE_000174529,4508063715_00010,ESCALATE,CONTROLLED_CONTRADICTION,INVOICE_VALUE_CONTRADICTION,0.1,50629.0,R4_99_100,ood_test_r4,ESCALATE,EXECUTE,0.2906371474314078,0.5120475043992396,0.00011317846039456052,0.00010194239551029911,0.7092496741081977,0.4878168827545135,1.8748341590501232e-22,3.367045073656265e-05,0.5120475043992396,0.5007442179902334
RCSE_000182083,4508050731_00010,ESCALATE,CONTROLLED_CONTRADICTION,INVOICE_VALUE_CONTRADICTION,0.1,133811.0,R4_99_100,ood_test_r4,EXECUTE,EXECUTE,0.5187279048434197,0.4504922917394507,0.14577756080875393,0.1203035585447123,0.33549453434782633,0.4291745269203231,1.1747208835261097e-52,2.9622795513886138e-05,0.4504922917394507,0.7050049012707168
RCSE_000183533,4508059640_00010,ESCALATE,CONTROLLED_CONTRADICTION,INVOICE_VALUE_CONTRADICTION,0.1,55726.0,R4_99_100,ood_test_r4,ESCALATE,EXECUTE,0.34688311356721746,0.5046569423998928,0.0003862545661333851,0.014533823274263056,0.6527306318666491,0.48077604985258343,7.900235493904643e-25,3.318447326069061e-05,0.5046569423998928,0.5475460284491938
RCSE_000179620,4508063264_00010,ESCALATE,CONTROLLED_CONTRADICTION,INVOICE_VALUE_CONTRADICTION,0.1,52785.0,R4_99_100,ood_test_r4,ESCALATE,EXECUTE,0.32618617303964315,0.5046569423998928,0.0005055253781118187,0.014533823274263056,0.6733083015822451,0.48077604985258343,2.187199033101858e-23,3.318447326069061e-05,0.5046569423998928,0.5475460284491938
RCSE_000185671,4507015998_00010,ESCALATE,CONTROLLED_CONTRADICTION,INVOICE_VALUE_CONTRADICTION,0.1,100718.0,R4_99_100,ood_test_r4,EXECUTE,EXECUTE,0.6568966613017339,0.5120997090703223,1.2847793024157472e-19,0.0,0.34310333869826604,0.48786661704614465,2.4455107057479185e-39,3.3673883532916135e-05,0.5120997090703223,0.5000457857569834
RCSE_000175167,4508066595_00010,ESCALATE,CONTROLLED_CONTRADICTION,INVOICE_VALUE_CONTRADICTION,0.1,57148.0,R4_99_100,ood_test_r4,ESCALATE,EXECUTE,0.3918425696241207,0.5046569423998928,0.0004578126621384065,0.014533823274263056,0.607699617713741,0.48077604985258343,2.082380525383668e-26,3.318447326069061e-05,0.5046569423998928,0.5475460284491938
RCSE_000184399,4508066828_00010,ESCALATE,CONTROLLED_CONTRADICTION,INVOICE_VALUE_CONTRADICTION,0.1,51164.0,R4_99_100,ood_test_r4,ESCALATE,EXECUTE,0.35088005003440836,0.5120475043992396,0.0003084850291626407,0.00010194239551029911,0.6488114649364289,0.4878168827545135,3.412872598143022e-24,3.367045073656265e-05,0.5120475043992396,0.5007442179902334
RCSE_000177574,4508057859_00010,ESCALATE,CONTROLLED_CONTRADICTION,INVOICE_VALUE_CONTRADICTION,0.1,107955.0,R4_99_100,ood_test_r4,EXECUTE,EXECUTE,0.5168953240831561,0.4748920780243674,0.015230107493677893,0.07265700485068134,0.46787456842316594,0.4524196898849374,3.54805298345703e-43,3.1227240013723764e-05,0.4748920780243674,0.6515948289798453
RCSE_000173492,4507000430_00030,ESCALATE,CONTROLLED_CONTRADICTION,INVOICE_VALUE_CONTRADICTION,0.1,503204.0,R4_99_100,ood_test_r4,GATHER,GATHER,5.048599412528963e-11,0.001436733436837446,0.9999999999494018,0.998529738602025,1.1224631577871482e-13,0.0,6.5002110948488954e-198,3.352796113766789e-05,0.998529738602025,0.008092504883414935
RCSE_000176908,4508059463_00010,ESCALATE,CONTROLLED_CONTRADICTION,INVOICE_VALUE_CONTRADICTION,0.1,133811.0,R4_99_100,ood_test_r4,EXECUTE,EXECUTE,0.5357053973663572,0.4550543465074578,0.11490866657863194,0.11139503021086652,0.3493859360550108,0.4335207005014161,8.500804408652575e-53,2.992278025944974e-05,0.4550543465074578,0.6963979222287732
RCSE_000184029,4508063605_00010,ESCALATE,CONTROLLED_CONTRADICTION,INVOICE_VALUE_CONTRADICTION,0.1,131688.0,R4_99_100,ood_test_r4,GATHER,EXECUTE,0.35701158121548493,0.3532671186467085,0.5390572004348115,0.31015950138296733,0.10393121834970363,0.33655015036171737,9.888343875501042e-56,2.322960860671875e-05,0.3532671186467085,0.791630578941228
RCSE_000178860,4508045875_00010,ESCALATE,CONTROLLED_CONTRADICTION,INVOICE_VALUE_CONTRADICTION,0.1,51961.0,R4_99_100,ood_test_r4,EXECUTE,EXECUTE,0.5011167288160401,0.5120475043992396,0.00017657007204711594,0.00010194239551029911,0.49870670111191273,0.4878168827545135,4.9021747382649486e-26,3.367045073656265e-05,0.5120475043992396,0.5007442179902334
RCSE_000172552,4508070138_00010,ESCALATE,CONTROLLED_CONTRADICTION,INVOICE_VALUE_CONTRADICTION,0.1,51164.0,R4_99_100,ood_test_r4,ESCALATE,EXECUTE,0.28340109067514585,0.5120475043992396,0.0002195824922954489,0.00010194239551029911,0.7163793268325587,0.4878168827545135,2.0700701803783791e-22,3.367045073656265e-05,0.5120475043992396,0.5007442179902334
RCSE_000181099,4508064002_00010,ESCALATE,CONTROLLED_CONTRADICTION,INVOICE_VALUE_CONTRADICTION,0.1,133811.0,R4_99_100,ood_test_r4,EXECUTE,EXECUTE,0.5090549698545208,0.42913668131373434,0.15803176071675326,0.16200561392077534,0.3329132694287259,0.4088294862401322,1.1102723491067097e-52,2.8218525358069368e-05,0.42913668131373434,0.738578612721339
RCSE_000183725,4508065857_00010,ESCALATE,CONTROLLED_CONTRADICTION,INVOICE_VALUE_CONTRADICTION,0.1,133811.0,R4_99_100,ood_test_r4,GATHER,EXECUTE,0.3677785954437169,0.3532671186467085,0.5318281241298973,0.31015950138296733,0.1003932804263857,0.33655015036171737,7.357088916435909e-57,2.322960860671875e-05,0.3532671186467085,0.791630578941228
RCSE_000183014,2000052735_00001,ESCALATE,CONTROLLED_CONTRADICTION,INVOICE_VALUE_CONTRADICTION,0.1,112470.0,R4_99_100,ood_test_r4,EXECUTE,EXECUTE,0.5536381426982276,0.4849497234307427,0.002839687851511977,0.05301699094668167,0.4435221694502604,0.462001397027021,8.396421630519431e-48,3.1888595554511906e-05,0.4849497234307427,0.6230734848707106
RCSE_000179262,4508046481_00010,ESCALATE,CONTROLLED_CONTRADICTION,INVOICE_VALUE_CONTRADICTION,0.1,103091.0,R4_99_100,ood_test_r4,EXECUTE,EXECUTE,0.6052953810410585,0.4748920780243674,0.013292004706025816,0.07265700485068134,0.3814126142529156,0.4524196898849374,8.225882504461153e-45,3.1227240013723764e-05,0.4748920780243674,0.6515948289798453
RCSE_000180593,4508046477_00010,ESCALATE,CONTROLLED_CONTRADICTION,INVOICE_VALUE_CONTRADICTION,0.1,103091.0,R4_99_100,ood_test_r4,EXECUTE,EXECUTE,0.6063424150733165,0.4748920780243674,0.013678347262024985,0.07265700485068134,0.3799792376646585,0.4524196898849374,7.55667162111233e-45,3.1227240013723764e-05,0.4748920780243674,0.6515948289798453
RCSE_000174371,4508046483_00010,ESCALATE,CONTROLLED_CONTRADICTION,INVOICE_VALUE_CONTRADICTION,0.1,103091.0,R4_99_100,ood_test_r4,ESCALATE,EXECUTE,0.4448788576676726,0.4748920780243674,0.0033819607302289943,0.07265700485068134,0.5517391816020983,0.4524196898849374,9.20854157283822e-42,3.1227240013723764e-05,0.4748920780243674,0.6515948289798453
RCSE_000182261,4508046475_00010,ESCALATE,CONTROLLED_CONTRADICTION,INVOICE_VALUE_CONTRADICTION,0.1,103091.0,R4_99_100,ood_test_r4,ESCALATE,EXECUTE,0.4477448361199235,0.4748920780243674,0.0036365034118832533,0.07265700485068134,0.5486186604681932,0.4524196898849374,7.724750827345249e-42,3.1227240013723764e-05,0.4748920780243674,0.6515948289798453
RCSE_000173246,4508066456_00010,ESCALATE,CONTROLLED_CONTRADICTION,INVOICE_VALUE_CONTRADICTION,0.1,55744.0,R4_99_100,ood_test_r4,ESCALATE,EXECUTE,0.31116509171933854,0.5120475043992396,4.265423135336319e-05,0.00010194239551029911,0.6887922540493081,0.4878168827545135,1.1998459497513738e-24,3.367045073656265e-05,0.5120475043992396,0.5007442179902334
RCSE_000182274,4508068886_00010,ESCALATE,CONTROLLED_CONTRADICTION,INVOICE_VALUE_CONTRADICTION,0.1,70494.0,R4_99_100,ood_test_r4,ESCALATE,EXECUTE,0.35595522871935353,0.5120475043992396,0.00011031993722112743,0.00010194239551029911,0.6439344513434254,0.4878168827545135,2.0954940183883685e-29,3.367045073656265e-05,0.5120475043992396,0.5007442179902334
RCSE_000181031,2000052935_00001,ESCALATE,CONTROLLED_CONTRADICTION,INVOICE_VALUE_CONTRADICTION,0.1,58370.0,R4_99_100,ood_test_r4,EXECUTE,EXECUTE,0.5097035904902418,0.5120475043992396,0.00015249864073328803,0.00010194239551029911,0.4901439108690248,0.4878168827545135,1.4703764951303462e-28,3.367045073656265e-05,0.5120475043992396,0.5007442179902334
RCSE_000174137,4508063412_00010,ESCALATE,CONTROLLED_CONTRADICTION,INVOICE_VALUE_CONTRADICTION,0.1,110740.0,R4_99_100,ood_test_r4,EXECUTE,EXECUTE,0.64915052291841,0.4748920780243674,0.0727243276166375,0.07265700485068134,0.27812514946495237,0.4524196898849374,2.1742868951798253e-47,3.1227240013723764e-05,0.4748920780243674,0.6515948289798453
RCSE_000205720,4507000980_00010,ESCALATE,CONTROLLED_CONTRADICTION,INVOICE_VALUE_CONTRADICTION,0.25,51662.0,R4_99_100,ood_test_r4,ESCALATE,EXECUTE,0.3740933747629409,0.5046569423998928,0.00175555069069354,0.014533823274263056,0.6241510745463655,0.48077604985258343,9.030596856578645e-26,3.318447326069061e-05,0.5046569423998928,0.5475460284491938
RCSE_000205252,4507000647_00010,ESCALATE,CONTROLLED_CONTRADICTION,INVOICE_VALUE_CONTRADICTION,0.25,848704.0,R4_99_100,ood_test_r4,GATHER,GATHER,9.937872858420714e-50,0.001436733436837446,1.0,0.998529738602025,3.382547536162836e-55,0.0,0.0,3.352796113766789e-05,0.998529738602025,0.008092504883414935
RCSE_000202561,4507000982_00010,ESCALATE,CONTROLLED_CONTRADICTION,INVOICE_VALUE_CONTRADICTION,0.25,52871.0,R4_99_100,ood_test_r4,ESCALATE,ESCALATE,0.21707100814685823,0.030455261681240065,0.00012595778757466822,0.0001016448228731052,0.7828030340655671,0.9694095213301158,2.605039108318938e-22,3.35721657711071e-05,0.9694095213301158,0.09935304324866885
RCSE_000204390,4507003965_00090,ESCALATE,CONTROLLED_CONTRADICTION,INVOICE_VALUE_CONTRADICTION,0.25,539870.0,R4_99_100,ood_test_r4,GATHER,GATHER,7.008214991713724e-21,0.001436733436837446,1.0,0.998529738602025,2.135646576080395e-25,0.0,7.050945169729757e-272,3.352796113766789e-05,0.998529738602025,0.008092504883414935
RCSE_000210876,2000000020_00001,ESCALATE,CONTROLLED_CONTRADICTION,INVOICE_VALUE_CONTRADICTION,0.25,155884.0,R4_99_100,ood_test_r4,GATHER,GATHER,0.07261194282862349,0.022863313641397175,0.6543392589535707,0.5056437190836532,0.27304879821780587,0.47146042579145025,2.1410482214211225e-69,3.2541483499328525e-05,0.5056437190836532,0.5670004752628609
RCSE_000205116,4507003965_00030,ESCALATE,CONTROLLED_CONTRADICTION,INVOICE_VALUE_CONTRADICTION,0.25,279927.0,R4_99_100,ood_test_r4,GATHER,GATHER,7.794768926806841e-09,0.001434793590798254,0.9999999921260961,0.9971815456047864,7.913496399067979e-11,0.0013501781119968526,9.820455711187203e-148,3.348269241839992e-05,0.9971815456047864,0.015490245654545019
RCSE_000205096,4507003965_00050,ESCALATE,CONTROLLED_CONTRADICTION,INVOICE_VALUE_CONTRADICTION,0.25,87760.0,R4_99_100,ood_test_r4,ESCALATE,ESCALATE,0.205708411567453,0.028251336951067046,0.00565858348814353,0.0724602650080884,0.7886330049444034,0.8992572553576096,1.5083091965465e-48,3.114268323495841e-05,0.8992572553576096,0.2789891780789053
RCSE_000206822,4507003124_00010,ESCALATE,CONTROLLED_CONTRADICTION,INVOICE_VALUE_CONTRADICTION,0.25,50835.0,R4_99_100,ood_test_r4,ESCALATE,ESCALATE,0.20717832732168526,0.030455261681240065,0.00015367126544391617,0.0001016448228731052,0.7926680014128709,0.9694095213301158,2.2867663763183443e-21,3.35721657711071e-05,0.9694095213301158,0.09935304324866885
RCSE_000211725,4507003374_00060,ESCALATE,CONTROLLED_CONTRADICTION,INVOICE_VALUE_CONTRADICTION,0.25,123973.0,R4_99_100,ood_test_r4,GATHER,GATHER,0.21218085495697891,0.02542310290187779,0.7214037060239039,0.5685232175163255,0.0664154390191172,0.40602565458454093,3.885521510347034e-70,2.802499725567954e-05,0.5685232175163255,0.5631337356526578
RCSE_000208598,4507002789_00040,ESCALATE,CONTROLLED_CONTRADICTION,INVOICE_VALUE_CONTRADICTION,0.25,88629.0,R4_99_100,ood_test_r4,EXECUTE,EXECUTE,0.6207176686949686,0.4550543465074578,0.10847817604028177,0.11139503021086652,0.27080415526474966,0.4335207005014161,4.823268423407823e-41,2.992278025944974e-05,0.4550543465074578,0.6963979222287732
RCSE_000209631,4507003502_00010,ESCALATE,CONTROLLED_CONTRADICTION,INVOICE_VALUE_CONTRADICTION,0.25,57190.0,R4_99_100,ood_test_r4,ESCALATE,EXECUTE,0.4674176260216316,0.4748920780243674,0.003790136117637625,0.07265700485068134,0.5287922378607308,0.4524196898849374,2.5195661483985016e-28,3.1227240013723764e-05,0.4748920780243674,0.6515948289798453
RCSE_000201751,2000000066_00001,ESCALATE,CONTROLLED_CONTRADICTION,INVOICE_VALUE_CONTRADICTION,0.25,294448.0,R4_99_100,ood_test_r4,GATHER,GATHER,6.880362315073027e-06,0.001434793590798254,0.9999859497298601,0.9971815456047864,7.169907824771523e-06,0.0013501781119968526,1.1079449597463979e-119,3.348269241839992e-05,0.9971815456047864,0.015490245654545019
RCSE_000214300,2000000067_00001,ESCALATE,CONTROLLED_CONTRADICTION,INVOICE_VALUE_CONTRADICTION,0.25,259807.0,R4_99_100,ood_test_r4,GATHER,GATHER,0.0001365306866527486,0.0014415904104370656,0.9996905133852718,0.997168194188731,0.00017295592807540835,0.001356574096176297,1.877868532562947e-105,3.364130465562288e-05,0.997168194188731,0.015553957684369431
RCSE_000213436,2000000058_00001,ESCALATE,CONTROLLED_CONTRADICTION,INVOICE_VALUE_CONTRADICTION,0.25,339481.0,R4_99_100,ood_test_r4,GATHER,GATHER,1.695654464645206e-07,0.001434793590798254,0.9999996960755921,0.9971815456047864,1.343589613693197e-07,0.0013501781119968526,9.882329911367269e-138,3.348269241839992e-05,0.9971815456047864,0.015490245654545019
RCSE_000203097,4507001607_00020,ESCALATE,CONTROLLED_CONTRADICTION,INVOICE_VALUE_CONTRADICTION,0.25,121243.0,R4_99_100,ood_test_r4,GATHER,GATHER,2.0663530272954092e-05,0.0014415904104370656,0.9998279772466184,0.997168194188731,0.00015135922310852482,0.001356574096176297,1.198214029794518e-97,3.364130465562288e-05,0.997168194188731,0.015553957684369431
RCSE_000206088,4507000269_00010,ESCALATE,CONTROLLED_CONTRADICTION,INVOICE_VALUE_CONTRADICTION,0.25,59375.0,R4_99_100,ood_test_r4,ESCALATE,EXECUTE,0.29732619563699353,0.5046569423998928,0.0008303789563234962,0.014533823274263056,0.701843425406683,0.48077604985258343,9.826396480674893e-25,3.318447326069061e-05,0.5046569423998928,0.5475460284491938
RCSE_000208968,4507007548_00020,ESCALATE,CONTROLLED_CONTRADICTION,INVOICE_VALUE_CONTRADICTION,0.25,51268.0,R4_99_100,ood_test_r4,ESCALATE,EXECUTE,0.3846576038137837,0.5120475043992396,0.0003381750003969391,0.00010194239551029911,0.6150042211858194,0.4878168827545135,4.864171013268162e-26,3.367045073656265e-05,0.5120475043992396,0.5007442179902334
RCSE_000207368,4507009565_00010,ESCALATE,CONTROLLED_CONTRADICTION,INVOICE_VALUE_CONTRADICTION,0.25,56741.0,R4_99_100,ood_test_r4,EXECUTE,EXECUTE,0.5763135205559844,0.5046569423998928,0.002603371477591744,0.014533823274263056,0.4210831079664239,0.48077604985258343,6.973618428837466e-28,3.318447326069061e-05,0.5046569423998928,0.5475460284491938
RCSE_000213180,4507000362_00010,ESCALATE,CONTROLLED_CONTRADICTION,INVOICE_VALUE_CONTRADICTION,0.25,93509.0,R4_99_100,ood_test_r4,ESCALATE,EXECUTE,0.38297179917842944,0.4883771658625271,0.00280667245251217,0.046324070854993654,0.6142215283690584,0.46526664931031303,5.70319952997228e-36,3.211397216617452e-05,0.4883771658625271,0.6121674918392964
RCSE_000211504,4507002980_00010,ESCALATE,CONTROLLED_CONTRADICTION,INVOICE_VALUE_CONTRADICTION,0.25,50714.0,R4_99_100,ood_test_r4,ESCALATE,EXECUTE,0.46714219261063195,0.5046569423998928,0.0010896952179421536,0.014533823274263056,0.5317681121714258,0.48077604985258343,5.931445079201722e-26,3.318447326069061e-05,0.5046569423998928,0.5475460284491938
RCSE_000209600,4507013371_00010,ESCALATE,CONTROLLED_CONTRADICTION,INVOICE_VALUE_CONTRADICTION,0.25,72947.0,R4_99_100,ood_test_r4,ESCALATE,ESCALATE,0.2403823232740756,0.09210767442969643,0.3026768335272571,0.4354060836045272,0.45694084319866723,0.47245363192848255,7.566286811258007e-62,3.261003729377567e-05,0.47245363192848255,0.6753817500612275
RCSE_000206022,4507005406_00010,ESCALATE,CONTROLLED_CONTRADICTION,INVOICE_VALUE_CONTRADICTION,0.25,109493.0,R4_99_100,ood_test_r4,EXECUTE,EXECUTE,0.4882436291031279,0.3532671186467085,0.3305674077701733,0.31015950138296733,0.18118896312669874,0.33655015036171737,1.1987647473615891e-49,2.322960860671875e-05,0.3532671186467085,0.791630578941228
RCSE_000215156,4507007118_00010,ESCALATE,CONTROLLED_CONTRADICTION,INVOICE_VALUE_CONTRADICTION,0.25,49363.0,R4_99_100,ood_test_r4,ESCALATE,EXECUTE,0.44158875624204047,0.5120475043992396,0.0001909041025462421,0.00010194239551029911,0.5582203396554133,0.4878168827545135,1.0638278264167793e-24,3.367045073656265e-05,0.5120475043992396,0.5007442179902334
RCSE_000214309,4507009588_00010,ESCALATE,CONTROLLED_CONTRADICTION,INVOICE_VALUE_CONTRADICTION,0.25,50662.0,R4_99_100,ood_test_r4,ESCALATE,EXECUTE,0.26929143147243817,0.5120475043992396,0.00023649044885636506,0.00010194239551029911,0.7304720780787054,0.4878168827545135,1.353858473372577e-21,3.367045073656265e-05,0.5120475043992396,0.5007442179902334
RCSE_000215955,4507004480_00010,ESCALATE,CONTROLLED_CONTRADICTION,INVOICE_VALUE_CONTRADICTION,0.25,127742.0,R4_99_100,ood_test_r4,ESCALATE,EXECUTE,0.38107131628266155,0.4748920780243674,0.034097583502751716,0.07265700485068134,0.5848311002145867,0.4524196898849374,1.5760034732657437e-47,3.1227240013723764e-05,0.4748920780243674,0.6515948289798453
RCSE_000206526,4507011478_00010,ESCALATE,CONTROLLED_CONTRADICTION,INVOICE_VALUE_CONTRADICTION,0.25,57439.0,R4_99_100,ood_test_r4,ESCALATE,ESCALATE,0.2593962076340242,0.33291702676789847,0.00044781410035115907,0.014489418370041142,0.7401559782656246,0.6525604717766678,3.921196519297247e-24,3.308308539261291e-05,0.6525604717766678,0.50956245255214
RCSE_000204055,2000000214_00001,ESCALATE,CONTROLLED_CONTRADICTION,INVOICE_VALUE_CONTRADICTION,0.25,161214.0,R4_99_100,ood_test_r4,GATHER,GATHER,0.07191464001286989,0.01870826145714878,0.9202873639485882,0.783009506915764,0.007797996038541921,0.1982556040528405,2.6408342037707922e-73,2.662757424657048e-05,0.783009506915764,0.42347851766880623
RCSE_000216119,4507015607_00010,ESCALATE,CONTROLLED_CONTRADICTION,INVOICE_VALUE_CONTRADICTION,0.25,56909.0,R4_99_100,ood_test_r4,ESCALATE,EXECUTE,0.46599631163827704,0.4748920780243674,0.00436597026789856,0.07265700485068134,0.5296377180938244,0.4524196898849374,3.569527671420008e-28,3.1227240013723764e-05,0.4748920780243674,0.6515948289798453
RCSE_000207827,4507017329_00010,ESCALATE,CONTROLLED_CONTRADICTION,INVOICE_VALUE_CONTRADICTION,0.25,56618.0,R4_99_100,ood_test_r4,ESCALATE,EXECUTE,0.464805640027536,0.4748920780243674,0.004457613559478811,0.07265700485068134,0.5307367464129851,0.4524196898849374,4.665851833738459e-28,3.1227240013723764e-05,0.4748920780243674,0.6515948289798453
RCSE_000204762,4507018950_00010,ESCALATE,CONTROLLED_CONTRADICTION,INVOICE_VALUE_CONTRADICTION,0.25,75655.0,R4_99_100,ood_test_r4,ESCALATE,EXECUTE,0.32065150876373266,0.5046569423998928,0.0023509828196843427,0.014533823274263056,0.676997508416583,0.48077604985258343,3.50361035656822e-30,3.318447326069061e-05,0.5046569423998928,0.5475460284491938
RCSE_000208027,4507013315_00010,ESCALATE,CONTROLLED_CONTRADICTION,INVOICE_VALUE_CONTRADICTION,0.25,52692.0,R4_99_100,ood_test_r4,ESCALATE,EXECUTE,0.3289596096961076,0.5120475043992396,9.991668423135714e-05,0.00010194239551029911,0.6709404736196609,0.4878168827545135,2.0916606760952004e-22,3.367045073656265e-05,0.5120475043992396,0.5007442179902334
RCSE_000215900,4507011270_00010,ESCALATE,CONTROLLED_CONTRADICTION,INVOICE_VALUE_CONTRADICTION,0.25,127742.0,R4_99_100,ood_test_r4,ESCALATE,EXECUTE,0.38008107500473287,0.4748920780243674,0.04151869057272051,0.07265700485068134,0.5784002344225465,0.4524196898849374,1.6230066254782482e-47,3.1227240013723764e-05,0.4748920780243674,0.6515948289798453
RCSE_000206904,4507019503_00010,ESCALATE,CONTROLLED_CONTRADICTION,INVOICE_VALUE_CONTRADICTION,0.25,56752.0,R4_99_100,ood_test_r4,ESCALATE,EXECUTE,0.46488721651285647,0.5046569423998928,0.0022349500856647334,0.014533823274263056,0.5328778334014788,0.48077604985258343,7.995675879493233e-28,3.318447326069061e-05,0.5046569423998928,0.5475460284491938
RCSE_000212085,4507021813_00010,ESCALATE,CONTROLLED_CONTRADICTION,INVOICE_VALUE_CONTRADICTION,0.25,56869.0,R4_99_100,ood_test_r4,ESCALATE,EXECUTE,0.4707786814985687,0.4748920780243674,0.004232035284441081,0.07265700485068134,0.5249892832169902,0.4524196898849374,7.77171248600892e-28,3.1227240013723764e-05,0.4748920780243674,0.6515948289798453
RCSE_000206144,4507021700_00010,ESCALATE,CONTROLLED_CONTRADICTION,INVOICE_VALUE_CONTRADICTION,0.25,121243.0,R4_99_100,ood_test_r4,EXECUTE,EXECUTE,0.6697520537216386,0.42913668131373434,0.1676282888733638,0.16200561392077534,0.16261965740499754,0.4088294862401322,6.860141021494858e-60,2.8218525358069368e-05,0.42913668131373434,0.738578612721339
RCSE_000212094,4507009516_00010,ESCALATE,CONTROLLED_CONTRADICTION,INVOICE_VALUE_CONTRADICTION,0.25,50658.0,R4_99_100,ood_test_r4,ESCALATE,EXECUTE,0.37081233143207876,0.5046569423998928,0.0005071165132837843,0.014533823274263056,0.6286805520546375,0.48077604985258343,2.5672821602859966e-25,3.318447326069061e-05,0.5046569423998928,0.5475460284491938
RCSE_000216269,4507015217_00140,ESCALATE,CONTROLLED_CONTRADICTION,INVOICE_VALUE_CONTRADICTION,0.25,88327.0,R4_99_100,ood_test_r4,GATHER,GATHER,0.08734739174168778,0.016178842588119986,0.8393957708502905,0.6501770225942963,0.07325683740802162,0.3336211073795063,3.2847613487385266e-50,2.3027438077316547e-05,0.6501770225942963,0.5143992167311986
RCSE_000209520,4507010590_00010,ESCALATE,CONTROLLED_CONTRADICTION,INVOICE_VALUE_CONTRADICTION,0.25,111637.0,R4_99_100,ood_test_r4,ESCALATE,EXECUTE,0.3623759534008568,0.4748920780243674,0.010304046967083683,0.07265700485068134,0.6273199996320595,0.4524196898849374,2.318404033034905e-42,3.1227240013723764e-05,0.4748920780243674,0.6515948289798453
RCSE_000207917,4507011273_00010,ESCALATE,CONTROLLED_CONTRADICTION,INVOICE_VALUE_CONTRADICTION,0.25,127742.0,R4_99_100,ood_test_r4,GATHER,GATHER,0.2979021592278706,0.3361912083960905,0.6457495440975621,0.3435043948640004,0.05634829667456724,0.32028228998336167,1.8014202390639e-57,2.2106756547220946e-05,0.3435043948640004,0.7923442396858396
RCSE_000203656,4507004497_00010,ESCALATE,CONTROLLED_CONTRADICTION,INVOICE_VALUE_CONTRADICTION,0.25,127742.0,R4_99_100,ood_test_r4,EXECUTE,EXECUTE,0.5143433670242988,0.3532671186467085,0.3838471363530358,0.31015950138296733,0.1018094966226653,0.33655015036171737,1.8487730719809935e-57,2.322960860671875e-05,0.3532671186467085,0.791630578941228
RCSE_000208890,4507019620_00020,ESCALATE,CONTROLLED_CONTRADICTION,INVOICE_VALUE_CONTRADICTION,0.25,50402.0,R4_99_100,ood_test_r4,ESCALATE,ESCALATE,0.1878694947013812,0.02369592781366141,2.7405777663284938e-08,0.00010211223834758642,0.8121304778928411,0.9761682334000354,4.670006211083985e-23,3.372654795555789e-05,0.9761682334000354,0.08188161768660511
RCSE_000211626,4507023184_00060,ESCALATE,CONTROLLED_CONTRADICTION,INVOICE_VALUE_CONTRADICTION,0.25,53208.0,R4_99_100,ood_test_r4,ESCALATE,EXECUTE,0.2716183577841706,0.5120475043992396,0.000267020356458908,0.00010194239551029911,0.7281146218593705,0.4878168827545135,1.068842232548795e-23,3.367045073656265e-05,0.5120475043992396,0.5007442179902334
RCSE_000216118,4507028443_00010,ESCALATE,CONTROLLED_CONTRADICTION,INVOICE_VALUE_CONTRADICTION,0.25,49229.0,R4_99_100,ood_test_r4,ESCALATE,EXECUTE,0.3777090863457633,0.5046569423998928,0.0005880372169182016,0.014533823274263056,0.6217028764373186,0.48077604985258343,1.9754792681929477e-24,3.318447326069061e-05,0.5046569423998928,0.5475460284491938
RCSE_000212838,2000013536_00001,ESCALATE,CONTROLLED_CONTRADICTION,INVOICE_VALUE_CONTRADICTION,0.25,113023.0,R4_99_100,ood_test_r4,ESCALATE,EXECUTE,0.3838754993294857,0.5046569423998928,0.0014399660453111144,0.014533823274263056,0.6146845346252031,0.48077604985258343,4.668154992952784e-44,3.318447326069061e-05,0.5046569423998928,0.5475460284491938
RCSE_000212465,4507025929_00010,ESCALATE,CONTROLLED_CONTRADICTION,INVOICE_VALUE_CONTRADICTION,0.25,54143.0,R4_99_100,ood_test_r4,ESCALATE,ESCALATE,0.15003007159150306,0.02369592781366141,1.1024324956472657e-08,0.00010211223834758642,0.849969917384172,0.9761682334000354,3.415190828911084e-24,3.372654795555789e-05,0.9761682334000354,0.08188161768660511
RCSE_000211538,4507025799_00010,ESCALATE,CONTROLLED_CONTRADICTION,INVOICE_VALUE_CONTRADICTION,0.25,50402.0,R4_99_100,ood_test_r4,ESCALATE,EXECUTE,0.47345878168232824,0.5046569423998928,0.001698547329805835,0.014533823274263056,0.5248426709878659,0.48077604985258343,2.9575051586001495e-25,3.318447326069061e-05,0.5046569423998928,0.5475460284491938
RCSE_000203610,4507026345_00010,ESCALATE,CONTROLLED_CONTRADICTION,INVOICE_VALUE_CONTRADICTION,0.25,54317.0,R4_99_100,ood_test_r4,ESCALATE,ESCALATE,0.2173038598810394,0.03001695481636522,0.0003548174036724634,0.014492009215018684,0.7823413227152881,0.955457946967655,1.1480828000461426e-22,3.30890009610258e-05,0.955457946967655,0.1518270850070934
RCSE_000208776,4507028566_00010,ESCALATE,CONTROLLED_CONTRADICTION,INVOICE_VALUE_CONTRADICTION,0.25,53813.0,R4_99_100,ood_test_r4,ESCALATE,EXECUTE,0.4018098512763849,0.5046569423998928,0.0013016910661649498,0.014533823274263056,0.5968884576574502,0.48077604985258343,1.2673046875388251e-26,3.318447326069061e-05,0.5046569423998928,0.5475460284491938
RCSE_000202160,4507017980_00010,ESCALATE,CONTROLLED_CONTRADICTION,INVOICE_VALUE_CONTRADICTION,0.25,127742.0,R4_99_100,ood_test_r4,GATHER,EXECUTE,0.3384918044111807,0.3532671186467085,0.5970902219926847,0.31015950138296733,0.06441797359613463,0.33655015036171737,1.8872134114991286e-57,2.322960860671875e-05,0.3532671186467085,0.791630578941228
RCSE_000215202,4507023457_00040,ESCALATE,CONTROLLED_CONTRADICTION,INVOICE_VALUE_CONTRADICTION,0.25,51398.0,R4_99_100,ood_test_r4,ESCALATE,EXECUTE,0.4864591862565864,0.5046569423998928,0.0011853952515333125,0.014533823274263056,0.5123554184918803,0.48077604985258343,6.359100492401006e-26,3.318447326069061e-05,0.5046569423998928,0.5475460284491938
RCSE_000214155,4507016078_00010,ESCALATE,CONTROLLED_CONTRADICTION,INVOICE_VALUE_CONTRADICTION,0.25,58799.0,R4_99_100,ood_test_r4,EXECUTE,EXECUTE,0.5022201114109015,0.5046569423998928,0.001198964884473727,0.014533823274263056,0.4965809237046247,0.48077604985258343,9.721143840947003e-29,3.318447326069061e-05,0.5046569423998928,0.5475460284491938
RCSE_000207022,4507021937_00010,ESCALATE,CONTROLLED_CONTRADICTION,INVOICE_VALUE_CONTRADICTION,0.25,55269.0,R4_99_100,ood_test_r4,ESCALATE,ESCALATE,0.22099695650809606,0.030455261681240065,3.849764796370647e-05,0.0001016448228731052,0.7789645458439403,0.9694095213301158,3.4471495647834333e-23,3.35721657711071e-05,0.9694095213301158,0.09935304324866885
RCSE_000204825,2000013523_00001,ESCALATE,CONTROLLED_CONTRADICTION,INVOICE_VALUE_CONTRADICTION,0.25,76210.0,R4_99_100,ood_test_r4,ESCALATE,ESCALATE,0.207323537246398,0.030455261681240065,0.0003338373246939676,0.0001016448228731052,0.7923426254289081,0.9694095213301158,2.944789878522701e-38,3.35721657711071e-05,0.9694095213301158,0.09935304324866885
RCSE_000208672,4507013907_00070,ESCALATE,CONTROLLED_CONTRADICTION,INVOICE_VALUE_CONTRADICTION,0.25,74541.0,R4_99_100,ood_test_r4,EXECUTE,EXECUTE,0.5765564273837798,0.4748920780243674,0.030264025705944886,0.07265700485068134,0.3931795469102754,0.4524196898849374,3.3775228468102113e-34,3.1227240013723764e-05,0.4748920780243674,0.6515948289798453
RCSE_000205551,4507020422_00010,ESCALATE,CONTROLLED_CONTRADICTION,INVOICE_VALUE_CONTRADICTION,0.25,54939.0,R4_99_100,ood_test_r4,ESCALATE,ESCALATE,0.22286739803697048,0.030455261681240065,3.295179023865551e-05,0.0001016448228731052,0.7770996501727908,0.9694095213301158,3.1451191176164375e-23,3.35721657711071e-05,0.9694095213301158,0.09935304324866885
RCSE_000214575,4507031463_00010,ESCALATE,CONTROLLED_CONTRADICTION,INVOICE_VALUE_CONTRADICTION,0.25,68930.0,R4_99_100,ood_test_r4,ESCALATE,EXECUTE,0.29392613092253855,0.4748920780243674,0.0033090701853268406,0.07265700485068134,0.7027647988921346,0.4524196898849374,1.1129749824952697e-28,3.1227240013723764e-05,0.4748920780243674,0.6515948289798453
RCSE_000201966,4507017979_00010,ESCALATE,CONTROLLED_CONTRADICTION,INVOICE_VALUE_CONTRADICTION,0.25,127742.0,R4_99_100,ood_test_r4,ESCALATE,EXECUTE,0.38110606698980637,0.4748920780243674,0.024937177199254167,0.07265700485068134,0.5939567558109394,0.4524196898849374,5.4111598436151057e-48,3.1227240013723764e-05,0.4748920780243674,0.6515948289798453
RCSE_000212962,4507017987_00020,ESCALATE,CONTROLLED_CONTRADICTION,INVOICE_VALUE_CONTRADICTION,0.25,127742.0,R4_99_100,ood_test_r4,ESCALATE,EXECUTE,0.3791462822387756,0.4748920780243674,0.02332314195399242,0.07265700485068134,0.5975305758072319,0.4524196898849374,6.367936578331282e-48,3.1227240013723764e-05,0.4748920780243674,0.6515948289798453
RCSE_000203059,4507028733_00010,ESCALATE,CONTROLLED_CONTRADICTION,INVOICE_VALUE_CONTRADICTION,0.25,56752.0,R4_99_100,ood_test_r4,ESCALATE,ESCALATE,0.25615585383954914,0.15255044196917755,0.0003406712435443686,0.00010189896366908804,0.7435034749169065,0.8473140029614757,6.764322945688074e-24,3.365610567764408e-05,0.8473140029614757,0.3091003304064699
RCSE_000212741,4507034752_00010,ESCALATE,CONTROLLED_CONTRADICTION,INVOICE_VALUE_CONTRADICTION,0.25,55017.0,R4_99_100,ood_test_r4,ESCALATE,EXECUTE,0.4058038529891657,0.5046569423998928,0.0010949379217434921,0.014533823274263056,0.5931012090890909,0.48077604985258343,3.771134576160084e-27,3.318447326069061e-05,0.5046569423998928,0.5475460284491938
RCSE_000202721,4507023050_00010,ESCALATE,CONTROLLED_CONTRADICTION,INVOICE_VALUE_CONTRADICTION,0.25,112178.0,R4_99_100,ood_test_r4,EXECUTE,EXECUTE,0.538788861084613,0.3532671186467085,0.3144973305650446,0.31015950138296733,0.14671380835034245,0.33655015036171737,5.002540102664783e-51,2.322960860671875e-05,0.3532671186467085,0.791630578941228
RCSE_000215897,4507014502_00010,ESCALATE,CONTROLLED_CONTRADICTION,INVOICE_VALUE_CONTRADICTION,0.25,112178.0,R4_99_100,ood_test_r4,EXECUTE,EXECUTE,0.6520888256477322,0.42913668131373434,0.1656029976729927,0.16200561392077534,0.1823081766792751,0.4088294862401322,5.49558759342861e-51,2.8218525358069368e-05,0.42913668131373434,0.738578612721339
RCSE_000203009,4507031671_00010,ESCALATE,CONTROLLED_CONTRADICTION,INVOICE_VALUE_CONTRADICTION,0.25,51615.0,R4_99_100,ood_test_r4,ESCALATE,EXECUTE,0.2692584220458663,0.5120475043992396,0.00022648334603038691,0.00010194239551029911,0.7305150946081033,0.4878168827545135,6.53496630344462e-22,3.367045073656265e-05,0.5120475043992396,0.5007442179902334
RCSE_000203317,4507032452_00010,ESCALATE,CONTROLLED_CONTRADICTION,INVOICE_VALUE_CONTRADICTION,0.25,55557.0,R4_99_100,ood_test_r4,ESCALATE,EXECUTE,0.4222625139107775,0.5049815776202519,0.0003536852287376969,0.013899893563682963,0.5773838008604849,0.4810853229959292,1.4510988982201868e-27,3.320582013593274e-05,0.5049815776202519,0.5459245555408238
RCSE_000215221,4507033685_00010,ESCALATE,CONTROLLED_CONTRADICTION,INVOICE_VALUE_CONTRADICTION,0.25,56752.0,R4_99_100,ood_test_r4,ESCALATE,EXECUTE,0.46194232024976084,0.4748920780243674,0.003019222443213016,0.07265700485068134,0.5350384573070261,0.4524196898849374,4.072831366646491e-28,3.1227240013723764e-05,0.4748920780243674,0.6515948289798453
RCSE_000213920,4507033132_00010,ESCALATE,CONTROLLED_CONTRADICTION,INVOICE_VALUE_CONTRADICTION,0.25,60367.0,R4_99_100,ood_test_r4,EXECUTE,EXECUTE,0.5043173379704771,0.4748920780243674,0.0036979996501586756,0.07265700485068134,0.4919846623793643,0.4524196898849374,2.1432735348914078e-29,3.1227240013723764e-05,0.4748920780243674,0.6515948289798453
RCSE_000201743,4507012171_00010,ESCALATE,CONTROLLED_CONTRADICTION,INVOICE_VALUE_CONTRADICTION,0.25,101595.0,R4_99_100,ood_test_r4,ESCALATE,EXECUTE,0.29083545219433804,0.5046569423998928,0.0017457846950329496,0.014533823274263056,0.7074187631106291,0.48077604985258343,3.0439768845778046e-39,3.318447326069061e-05,0.5046569423998928,0.5475460284491938
RCSE_000205267,4507012170_00010,ESCALATE,CONTROLLED_CONTRADICTION,INVOICE_VALUE_CONTRADICTION,0.25,101595.0,R4_99_100,ood_test_r4,ESCALATE,EXECUTE,0.29310319068957136,0.5046569423998928,0.001674977090059013,0.014533823274263056,0.7052218322203696,0.48077604985258343,4.2498322393754514e-39,3.318447326069061e-05,0.5046569423998928,0.5475460284491938
RCSE_000208888,4507034607_00010,ESCALATE,CONTROLLED_CONTRADICTION,INVOICE_VALUE_CONTRADICTION,0.25,55165.0,R4_99_100,ood_test_r4,ESCALATE,EXECUTE,0.4618398076950695,0.4748920780243674,0.002997232026314117,0.07265700485068134,0.5351629602786164,0.4524196898849374,3.287248900419464e-27,3.1227240013723764e-05,0.4748920780243674,0.6515948289798453
RCSE_000209231,4507029791_00010,ESCALATE,CONTROLLED_CONTRADICTION,INVOICE_VALUE_CONTRADICTION,0.25,112453.0,R4_99_100,ood_test_r4,GATHER,EXECUTE,0.3825273743533899,0.3532671186467085,0.509882008672832,0.31015950138296733,0.10759061697377809,0.33655015036171737,1.1190459375920062e-50,2.322960860671875e-05,0.3532671186467085,0.791630578941228
RCSE_000214837,4507027928_00010,ESCALATE,CONTROLLED_CONTRADICTION,INVOICE_VALUE_CONTRADICTION,0.25,49384.0,R4_99_100,ood_test_r4,ESCALATE,EXECUTE,0.3872480152061007,0.5120475043992396,0.00010707706620577862,0.00010194239551029911,0.6126449077276935,0.4878168827545135,3.18615589701955e-25,3.367045073656265e-05,0.5120475043992396,0.5007442179902334
RCSE_000209011,4507030641_00010,ESCALATE,CONTROLLED_CONTRADICTION,INVOICE_VALUE_CONTRADICTION,0.25,76419.0,R4_99_100,ood_test_r4,ESCALATE,ESCALATE,0.23137847245513418,0.08564568955333264,0.0009263323867551449,0.014426947705507905,0.7676951951581107,0.8998944222924329,8.447063955902072e-30,3.294044872656428e-05,0.8998944222924329,0.26465315137484396
RCSE_000202919,2000013621_00001,ESCALATE,CONTROLLED_CONTRADICTION,INVOICE_VALUE_CONTRADICTION,0.25,91890.0,R4_99_100,ood_test_r4,EXECUTE,EXECUTE,0.5726728542640809,0.4748920780243674,0.004138058388314905,0.07265700485068134,0.4231890873476042,0.4524196898849374,9.234412138832097e-44,3.1227240013723764e-05,0.4748920780243674,0.6515948289798453
RCSE_000213397,4507014512_00010,ESCALATE,CONTROLLED_CONTRADICTION,INVOICE_VALUE_CONTRADICTION,0.25,112178.0,R4_99_100,ood_test_r4,EXECUTE,EXECUTE,0.6918061162048923,0.4550543465074578,0.11318392612200397,0.11139503021086652,0.19500995767310372,0.4335207005014161,4.9661204564020047e-51,2.992278025944974e-05,0.4550543465074578,0.6963979222287732
RCSE_000206131,4507036546_00010,ESCALATE,CONTROLLED_CONTRADICTION,INVOICE_VALUE_CONTRADICTION,0.25,59882.0,R4_99_100,ood_test_r4,ESCALATE,ESCALATE,0.26475491711944915,0.46960077482590995,0.0007564487358105041,0.014507671640295337,0.7344886341447403,0.5158584287714705,1.1414931524420202e-24,3.312476232422547e-05,0.5158584287714705,0.5469044472034248
RCSE_000216195,4507034146_00010,ESCALATE,CONTROLLED_CONTRADICTION,INVOICE_VALUE_CONTRADICTION,0.25,67827.0,R4_99_100,ood_test_r4,ESCALATE,EXECUTE,0.4681256599440812,0.4748920780243674,0.0033033967971952236,0.07265700485068134,0.5285709432587237,0.4524196898849374,2.219843631421768e-32,3.1227240013723764e-05,0.4748920780243674,0.6515948289798453
RCSE_000205708,4507030332_00020,ESCALATE,CONTROLLED_CONTRADICTION,INVOICE_VALUE_CONTRADICTION,0.25,143803.0,R4_99_100,ood_test_r4,ESCALATE,EXECUTE,0.29768365181603906,0.4748920780243674,0.01991774566709805,0.07265700485068134,0.6823986025168629,0.4524196898849374,1.0028956843886245e-51,3.1227240013723764e-05,0.4748920780243674,0.6515948289798453
RCSE_000211098,4507004898_00010,ESCALATE,CONTROLLED_CONTRADICTION,INVOICE_VALUE_CONTRADICTION,0.25,111637.0,R4_99_100,ood_test_r4,ESCALATE,EXECUTE,0.35263775582035645,0.5046569423998928,0.0011193500259972895,0.014533823274263056,0.6462428941536462,0.48077604985258343,1.3777612463666753e-42,3.318447326069061e-05,0.5046569423998928,0.5475460284491938
RCSE_000215504,4507029314_00010,ESCALATE,CONTROLLED_CONTRADICTION,INVOICE_VALUE_CONTRADICTION,0.25,132304.0,R4_99_100,ood_test_r4,ESCALATE,EXECUTE,0.3697916139784723,0.4748920780243674,0.047788625563937884,0.07265700485068134,0.5824197604575898,0.4524196898849374,4.545577395945387e-50,3.1227240013723764e-05,0.4748920780243674,0.6515948289798453
RCSE_000202233,4507032596_00010,ESCALATE,CONTROLLED_CONTRADICTION,INVOICE_VALUE_CONTRADICTION,0.25,109493.0,R4_99_100,ood_test_r4,ESCALATE,EXECUTE,0.29894329923013097,0.4748920780243674,0.012291764444384028,0.07265700485068134,0.688764936325485,0.4524196898849374,6.170688667848965e-42,3.1227240013723764e-05,0.4748920780243674,0.6515948289798453
RCSE_000202964,4507036499_00010,ESCALATE,CONTROLLED_CONTRADICTION,INVOICE_VALUE_CONTRADICTION,0.25,54945.0,R4_99_100,ood_test_r4,ESCALATE,EXECUTE,0.4088871154175377,0.5046569423998928,0.000641656496233284,0.014533823274263056,0.5904712280862289,0.48077604985258343,3.764177912202106e-27,3.318447326069061e-05,0.5046569423998928,0.5475460284491938
RCSE_000206603,4507037760_00010,ESCALATE,CONTROLLED_CONTRADICTION,INVOICE_VALUE_CONTRADICTION,0.25,61986.0,R4_99_100,ood_test_r4,ESCALATE,ESCALATE,0.2562147158071403,0.1503495522381776,0.0005448948839591322,0.014527720575263353,0.7432403893089006,0.8350895566473366,2.7114692166704274e-26,3.317053922227883e-05,0.8350895566473366,0.35865179389296076
RCSE_000205430,4507040888_00010,ESCALATE,CONTROLLED_CONTRADICTION,INVOICE_VALUE_CONTRADICTION,0.25,55744.0,R4_99_100,ood_test_r4,ESCALATE,EXECUTE,0.4171407251973156,0.5120475043992396,0.0003302441716974337,0.00010194239551029911,0.5825290306309869,0.4878168827545135,5.647717104149723e-28,3.367045073656265e-05,0.5120475043992396,0.5007442179902334
RCSE_000211451,4507035191_00010,ESCALATE,CONTROLLED_CONTRADICTION,INVOICE_VALUE_CONTRADICTION,0.25,57546.0,R4_99_100,ood_test_r4,EXECUTE,EXECUTE,0.5009382488312842,0.5046569423998928,0.002014627954601915,0.014533823274263056,0.4970471232141138,0.48077604985258343,3.0731002037174615e-28,3.318447326069061e-05,0.5046569423998928,0.5475460284491938
RCSE_000215974,4507041899_00010,ESCALATE,CONTROLLED_CONTRADICTION,INVOICE_VALUE_CONTRADICTION,0.25,64432.0,R4_99_100,ood_test_r4,ESCALATE,EXECUTE,0.26819226251123646,0.5046569423998928,0.0007352879017361823,0.014533823274263056,0.7310724495870274,0.48077604985258343,1.9964116832321165e-26,3.318447326069061e-05,0.5046569423998928,0.5475460284491938
RCSE_000208276,4507037640_00010,ESCALATE,CONTROLLED_CONTRADICTION,INVOICE_VALUE_CONTRADICTION,0.25,55557.0,R4_99_100,ood_test_r4,ESCALATE,ESCALATE,0.22813548170702755,0.04439597616241295,2.9234114601604887e-05,0.00010168233422491374,0.7718352841783708,0.9554687569480046,9.775327810924104e-24,3.358455535756726e-05,0.9554687569480046,0.13206536293186197
RCSE_000202374,4507035476_00010,ESCALATE,CONTROLLED_CONTRADICTION,INVOICE_VALUE_CONTRADICTION,0.25,56752.0,R4_99_100,ood_test_r4,ESCALATE,EXECUTE,0.46619513083675085,0.5046569423998928,0.0013664021296370217,0.014533823274263056,0.5324384670336121,0.48077604985258343,3.119400073176227e-28,3.318447326069061e-05,0.5046569423998928,0.5475460284491938
RCSE_000215931,4508043990_00040,ESCALATE,CONTROLLED_CONTRADICTION,INVOICE_VALUE_CONTRADICTION,0.25,60968.0,R4_99_100,ood_test_r4,ESCALATE,EXECUTE,0.451032694111683,0.5046569423998928,0.0006749183596909388,0.014533823274263056,0.5482923875286261,0.48077604985258343,3.354880215151737e-29,3.318447326069061e-05,0.5046569423998928,0.5475460284491938
RCSE_000205028,4508044474_00010,ESCALATE,CONTROLLED_CONTRADICTION,INVOICE_VALUE_CONTRADICTION,0.25,89373.0,R4_99_100,ood_test_r4,EXECUTE,EXECUTE,0.6342040959118437,0.4748920780243674,0.06757046607521508,0.07265700485068134,0.29822543801294127,0.4524196898849374,3.3629593031796356e-41,3.1227240013723764e-05,0.4748920780243674,0.6515948289798453
RCSE_000214247,4508045272_00010,ESCALATE,CONTROLLED_CONTRADICTION,INVOICE_VALUE_CONTRADICTION,0.25,63170.0,R4_99_100,ood_test_r4,ESCALATE,ESCALATE,0.2576152000007086,0.1733570195609495,0.0009857188521677253,0.015167125687573767,0.7413990811471236,0.8114412242851965,1.0085068212515152e-25,3.463046628013619e-05,0.8114412242851965,0.38752340905509636
RCSE_000212411,4507039681_00010,ESCALATE,CONTROLLED_CONTRADICTION,INVOICE_VALUE_CONTRADICTION,0.25,56752.0,R4_99_100,ood_test_r4,ESCALATE,EXECUTE,0.4658206903840975,0.5046569423998928,0.0015943384305668956,0.014533823274263056,0.5325849711853357,0.48077604985258343,3.5565509222329958e-28,3.318447326069061e-05,0.5046569423998928,0.5475460284491938
RCSE_000208480,4507037345_00010,ESCALATE,CONTROLLED_CONTRADICTION,INVOICE_VALUE_CONTRADICTION,0.25,60015.0,R4_99_100,ood_test_r4,EXECUTE,EXECUTE,0.5031420527686533,0.5046569423998928,0.0008173752887614465,0.014533823274263056,0.4960405719425854,0.48077604985258343,3.549815450105363e-29,3.318447326069061e-05,0.5046569423998928,0.5475460284491938
RCSE_000212099,4507041358_00010,ESCALATE,CONTROLLED_CONTRADICTION,INVOICE_VALUE_CONTRADICTION,0.25,97168.0,R4_99_100,ood_test_r4,ESCALATE,EXECUTE,0.3492144494678372,0.4748920780243674,0.008070661305527123,0.07265700485068134,0.6427148892266357,0.4524196898849374,3.423038103832906e-37,3.1227240013723764e-05,0.4748920780243674,0.6515948289798453
RCSE_000213642,4507035033_00210,ESCALATE,CONTROLLED_CONTRADICTION,INVOICE_VALUE_CONTRADICTION,0.25,53984.0,R4_99_100,ood_test_r4,ESCALATE,ESCALATE,0.14834611082060511,0.02369592781366141,3.904178740114305e-06,0.00010211223834758642,0.8516499850006548,0.9761682334000354,9.207716003138434e-23,3.372654795555789e-05,0.9761682334000354,0.08188161768660511
RCSE_000203257,4508044252_00010,ESCALATE,CONTROLLED_CONTRADICTION,INVOICE_VALUE_CONTRADICTION,0.25,86602.0,R4_99_100,ood_test_r4,ESCALATE,EXECUTE,0.45893052297431736,0.5120997090703223,5.3005998289891774e-14,0.0,0.5410694770256297,0.48786661704614465,8.178912819931453e-45,3.3673883532916135e-05,0.5120997090703223,0.5000457857569834
RCSE_000207808,4508045774_00010,ESCALATE,CONTROLLED_CONTRADICTION,INVOICE_VALUE_CONTRADICTION,0.25,54571.0,R4_99_100,ood_test_r4,ESCALATE,EXECUTE,0.4066020801090504,0.5046569423998928,0.0005930886345250524,0.014533823274263056,0.5928048312564246,0.48077604985258343,5.264706343165295e-27,3.318447326069061e-05,0.5046569423998928,0.5475460284491938
RCSE_000215657,4507033202_00010,ESCALATE,CONTROLLED_CONTRADICTION,INVOICE_VALUE_CONTRADICTION,0.25,112453.0,R4_99_100,ood_test_r4,ESCALATE,EXECUTE,0.36894886963218265,0.4748920780243674,0.006942443266953455,0.07265700485068134,0.6241086871008639,0.4524196898849374,1.142289234309937e-42,3.1227240013723764e-05,0.4748920780243674,0.6515948289798453
RCSE_000206709,4507039669_00010,ESCALATE,CONTROLLED_CONTRADICTION,INVOICE_VALUE_CONTRADICTION,0.25,132304.0,R4_99_100,ood_test_r4,GATHER,GATHER,0.24215429824682735,0.07512060750083328,0.7166783387940848,0.5395319852172021,0.04116736295908782,0.3853208113894149,9.763310504897446e-60,2.6595892549681552e-05,0.5395319852172021,0.6457028607290431
RCSE_000210879,4507038876_00010,ESCALATE,CONTROLLED_CONTRADICTION,INVOICE_VALUE_CONTRADICTION,0.25,112453.0,R4_99_100,ood_test_r4,EXECUTE,EXECUTE,0.5748393591110745,0.35816081824145224,0.2706982579140101,0.30060335536673966,0.15446238297491538,0.3412122749906533,5.363803999583038e-51,2.3551401154692742e-05,0.35816081824145224,0.79074393785722
RCSE_000213975,4508048927_00010,ESCALATE,CONTROLLED_CONTRADICTION,INVOICE_VALUE_CONTRADICTION,0.25,51615.0,R4_99_100,ood_test_r4,ESCALATE,EXECUTE,0.27004038591975366,0.5120475043992396,0.0002054514909435513,0.00010194239551029911,0.7297541625893029,0.4878168827545135,5.660787860856033e-22,3.367045073656265e-05,0.5120475043992396,0.5007442179902334
RCSE_000211464,4508044796_00010,ESCALATE,CONTROLLED_CONTRADICTION,INVOICE_VALUE_CONTRADICTION,0.25,56201.0,R4_99_100,ood_test_r4,ESCALATE,ESCALATE,0.2136109145756195,0.030455261681240065,8.219732409838225e-05,0.0001016448228731052,0.786306888100282,0.9694095213301158,2.8426888920551762e-24,3.35721657711071e-05,0.9694095213301158,0.09935304324866885
RCSE_000215918,4508047741_00010,ESCALATE,CONTROLLED_CONTRADICTION,INVOICE_VALUE_CONTRADICTION,0.25,54314.0,R4_99_100,ood_test_r4,ESCALATE,ESCALATE,0.22165600917749462,0.030455261681240065,9.066467756155326e-05,0.0001016448228731052,0.7782533261449438,0.9694095213301158,8.19277589390216e-23,3.35721657711071e-05,0.9694095213301158,0.09935304324866885
RCSE_000210790,4508046246_00010,ESCALATE,CONTROLLED_CONTRADICTION,INVOICE_VALUE_CONTRADICTION,0.25,58117.0,R4_99_100,ood_test_r4,ESCALATE,ESCALATE,0.1908850995985051,0.02369592781366141,1.4455089290019746e-08,0.00010211223834758642,0.8091148859464057,0.9761682334000354,6.007332281833856e-26,3.372654795555789e-05,0.9761682334000354,0.08188161768660511
RCSE_000210985,4507017752_00010,ESCALATE,CONTROLLED_CONTRADICTION,INVOICE_VALUE_CONTRADICTION,0.25,101595.0,R4_99_100,ood_test_r4,EXECUTE,EXECUTE,0.6709662893315617,0.4748920780243674,0.015247428425007776,0.07265700485068134,0.3137862822434307,0.4524196898849374,1.0277698506128041e-46,3.1227240013723764e-05,0.4748920780243674,0.6515948289798453
RCSE_000202365,4508051576_00010,ESCALATE,CONTROLLED_CONTRADICTION,INVOICE_VALUE_CONTRADICTION,0.25,52255.0,R4_99_100,ood_test_r4,ESCALATE,EXECUTE,0.3796163343133147,0.5046569423998928,0.0006022353311721351,0.014533823274263056,0.6197814303555131,0.48077604985258343,7.853710649444957e-26,3.318447326069061e-05,0.5046569423998928,0.5475460284491938
RCSE_000205080,4508050191_00010,ESCALATE,CONTROLLED_CONTRADICTION,INVOICE_VALUE_CONTRADICTION,0.25,54033.0,R4_99_100,ood_test_r4,ESCALATE,ESCALATE,0.21925458645329235,0.030455261681240065,0.00011160417199151139,0.0001016448228731052,0.780633809374716,0.9694095213301158,8.488226904496208e-23,3.35721657711071e-05,0.9694095213301158,0.09935304324866885
RCSE_000202943,4508051730_00010,ESCALATE,CONTROLLED_CONTRADICTION,INVOICE_VALUE_CONTRADICTION,0.25,50749.0,R4_99_100,ood_test_r4,ESCALATE,EXECUTE,0.339048217083469,0.5120475043992396,0.00020947237844276464,0.00010194239551029911,0.6607423105380882,0.4878168827545135,1.0286565288258922e-21,3.367045073656265e-05,0.5120475043992396,0.5007442179902334
RCSE_000213361,4508044128_00010,ESCALATE,CONTROLLED_CONTRADICTION,INVOICE_VALUE_CONTRADICTION,0.25,129197.0,R4_99_100,ood_test_r4,GATHER,GATHER,0.21621298209889941,0.023765878305001722,0.7443733117103342,0.5966493648112757,0.03941370619076637,0.3795585587175566,2.7983311680582653e-58,2.6198166165912524e-05,0.5966493648112757,0.5518092285847112
RCSE_000201975,4508055022_00010,ESCALATE,CONTROLLED_CONTRADICTION,INVOICE_VALUE_CONTRADICTION,0.25,55668.0,R4_99_100,ood_test_r4,ESCALATE,EXECUTE,0.46243754852059615,0.4748920780243674,0.003008284233285594,0.07265700485068134,0.5345541672461183,0.4524196898849374,2.25336676212095e-27,3.1227240013723764e-05,0.4748920780243674,0.6515948289798453
RCSE_000206865,4508046218_00010,ESCALATE,CONTROLLED_CONTRADICTION,INVOICE_VALUE_CONTRADICTION,0.25,174071.0,R4_99_100,ood_test_r4,EXECUTE,EXECUTE,0.9279074515838605,0.4748920780243674,0.03177437249895846,0.07265700485068134,0.04031817591718102,0.4524196898849374,5.56713288812196e-76,3.1227240013723764e-05,0.4748920780243674,0.6515948289798453
RCSE_000215803,4508046052_00050,ESCALATE,CONTROLLED_CONTRADICTION,INVOICE_VALUE_CONTRADICTION,0.25,129197.0,R4_99_100,ood_test_r4,GATHER,GATHER,0.2031538893983149,0.022688251433980344,0.7596373585334512,0.6149386734303235,0.037208752068233875,0.36234806488471966,3.0533883079605923e-58,2.501025097634729e-05,0.6149386734303235,0.5431758422066425
RCSE_000208332,4507041776_00010,ESCALATE,CONTROLLED_CONTRADICTION,INVOICE_VALUE_CONTRADICTION,0.25,111398.0,R4_99_100,ood_test_r4,ESCALATE,EXECUTE,0.2860194820135248,0.4748920780243674,0.009965867827289508,0.07265700485068134,0.7040146501591856,0.4524196898849374,4.823736211474805e-42,3.1227240013723764e-05,0.4748920780243674,0.6515948289798453
RCSE_000211827,4508044002_00040,ESCALATE,CONTROLLED_CONTRADICTION,INVOICE_VALUE_CONTRADICTION,0.25,72139.0,R4_99_100,ood_test_r4,EXECUTE,EXECUTE,0.588703790788697,0.5046569423998928,0.002654951549807922,0.014533823274263056,0.4086412576614953,0.48077604985258343,3.3646170152201143e-34,3.318447326069061e-05,0.5046569423998928,0.5475460284491938
RCSE_000204322,4507029569_00010,ESCALATE,CONTROLLED_CONTRADICTION,INVOICE_VALUE_CONTRADICTION,0.25,101595.0,R4_99_100,ood_test_r4,EXECUTE,EXECUTE,0.6554523720529751,0.4748920780243674,0.03532090511438852,0.07265700485068134,0.30922672283263636,0.4524196898849374,1.249777624388373e-46,3.1227240013723764e-05,0.4748920780243674,0.6515948289798453
RCSE_000206954,4508048073_00010,ESCALATE,CONTROLLED_CONTRADICTION,INVOICE_VALUE_CONTRADICTION,0.25,53780.0,R4_99_100,ood_test_r4,ESCALATE,EXECUTE,0.41157382304411066,0.5120475043992396,0.00017657361507477374,0.00010194239551029911,0.5882496033408147,0.4878168827545135,5.5578677629803586e-27,3.367045073656265e-05,0.5120475043992396,0.5007442179902334
RCSE_000208261,4508052070_00010,ESCALATE,CONTROLLED_CONTRADICTION,INVOICE_VALUE_CONTRADICTION,0.25,55744.0,R4_99_100,ood_test_r4,ESCALATE,EXECUTE,0.42643405802915035,0.5120475043992396,0.0002658965455167267,0.00010194239551029911,0.573300045425333,0.4878168827545135,1.3639308195684478e-27,3.367045073656265e-05,0.5120475043992396,0.5007442179902334
RCSE_000209634,4507038946_00010,ESCALATE,CONTROLLED_CONTRADICTION,INVOICE_VALUE_CONTRADICTION,0.25,112453.0,R4_99_100,ood_test_r4,ESCALATE,EXECUTE,0.3624876361342834,0.4748920780243674,0.004731602770272432,0.07265700485068134,0.6327807610954441,0.4524196898849374,1.5705637433939078e-42,3.1227240013723764e-05,0.4748920780243674,0.6515948289798453
RCSE_000202305,4508057131_00010,ESCALATE,CONTROLLED_CONTRADICTION,INVOICE_VALUE_CONTRADICTION,0.25,50749.0,R4_99_100,ood_test_r4,EXECUTE,EXECUTE,0.5427521950477383,0.5046569423998928,0.0010655817166468611,0.014533823274263056,0.45618222323561475,0.48077604985258343,2.600424775517683e-25,3.318447326069061e-05,0.5046569423998928,0.5475460284491938
RCSE_000202704,4507038941_00010,ESCALATE,CONTROLLED_CONTRADICTION,INVOICE_VALUE_CONTRADICTION,0.25,112453.0,R4_99_100,ood_test_r4,EXECUTE,EXECUTE,0.6726828919703777,0.4504922917394507,0.14177198333668975,0.1203035585447123,0.1855451246929326,0.4291745269203231,5.789196686372456e-51,2.9622795513886138e-05,0.4504922917394507,0.7050049012707168
RCSE_000210554,4508053235_00010,ESCALATE,CONTROLLED_CONTRADICTION,INVOICE_VALUE_CONTRADICTION,0.25,60621.0,R4_99_100,ood_test_r4,ESCALATE,ESCALATE,0.22723661198203257,0.04439597616241295,0.000144112920097129,0.00010168233422491374,0.7726192750978703,0.9554687569480046,4.767855103945125e-25,3.358455535756726e-05,0.9554687569480046,0.13206536293186197
RCSE_000202824,4507038940_00010,ESCALATE,CONTROLLED_CONTRADICTION,INVOICE_VALUE_CONTRADICTION,0.25,112453.0,R4_99_100,ood_test_r4,ESCALATE,EXECUTE,0.36395792626758566,0.4748920780243674,0.004470915849721929,0.07265700485068134,0.6315711578826924,0.4524196898849374,1.3476019304396495e-42,3.1227240013723764e-05,0.4748920780243674,0.6515948289798453
RCSE_000211184,4508057309_00010,ESCALATE,CONTROLLED_CONTRADICTION,INVOICE_VALUE_CONTRADICTION,0.25,133811.0,R4_99_100,ood_test_r4,ESCALATE,EXECUTE,0.3722165848621446,0.4654235199199234,0.09023110926294098,0.09114668163966742,0.5375523058749144,0.44339919381961823,8.465185503748186e-50,3.060462079097019e-05,0.4654235199199234,0.6746111486788882
RCSE_000214942,4508057705_00010,ESCALATE,CONTROLLED_CONTRADICTION,INVOICE_VALUE_CONTRADICTION,0.25,49858.0,R4_99_100,ood_test_r4,ESCALATE,EXECUTE,0.38203238757933355,0.5046569423998928,0.0005844206739179192,0.014533823274263056,0.6173831917467486,0.48077604985258343,1.2159356662743744e-24,3.318447326069061e-05,0.5046569423998928,0.5475460284491938
RCSE_000209643,4508045017_00010,ESCALATE,CONTROLLED_CONTRADICTION,INVOICE_VALUE_CONTRADICTION,0.25,58273.0,R4_99_100,ood_test_r4,ESCALATE,EXECUTE,0.4301284082338663,0.5120475043992396,0.0001682877847437898,0.00010194239551029911,0.5697033039813899,0.4878168827545135,5.154018477166137e-29,3.367045073656265e-05,0.5120475043992396,0.5007442179902334
RCSE_000207291,4507033684_00020,ESCALATE,CONTROLLED_CONTRADICTION,INVOICE_VALUE_CONTRADICTION,0.25,127742.0,R4_99_100,ood_test_r4,ESCALATE,EXECUTE,0.3912231123881326,0.4748920780243674,0.007087874758634951,0.07265700485068134,0.6016890128532324,0.4524196898849374,2.8779143525622363e-48,3.1227240013723764e-05,0.4748920780243674,0.6515948289798453
RCSE_000205916,4507033683_00010,ESCALATE,CONTROLLED_CONTRADICTION,INVOICE_VALUE_CONTRADICTION,0.25,127742.0,R4_99_100,ood_test_r4,EXECUTE,EXECUTE,0.5852177044622646,0.3532671186467085,0.30525895632788164,0.31015950138296733,0.10952333920985383,0.33655015036171737,9.8705571250934e-58,2.322960860671875e-05,0.3532671186467085,0.791630578941228
RCSE_000206991,4508057398_00010,ESCALATE,CONTROLLED_CONTRADICTION,INVOICE_VALUE_CONTRADICTION,0.25,51279.0,R4_99_100,ood_test_r4,ESCALATE,ESCALATE,0.19866330491002462,0.030455261681240065,0.00011132380657911668,0.0001016448228731052,0.8012253712833963,0.9694095213301158,2.9918169279405005e-21,3.35721657711071e-05,0.9694095213301158,0.09935304324866885
RCSE_000203577,4507038956_00010,ESCALATE,CONTROLLED_CONTRADICTION,INVOICE_VALUE_CONTRADICTION,0.25,112453.0,R4_99_100,ood_test_r4,EXECUTE,EXECUTE,0.6991378678727023,0.4550543465074578,0.10031639742121208,0.11139503021086652,0.20054573470608572,0.4335207005014161,2.9368258847406224e-51,2.992278025944974e-05,0.4550543465074578,0.6963979222287732
RCSE_000212306,4507029568_00010,ESCALATE,CONTROLLED_CONTRADICTION,INVOICE_VALUE_CONTRADICTION,0.25,101595.0,R4_99_100,ood_test_r4,EXECUTE,EXECUTE,0.6674929495487351,0.4748920780243674,0.02005735333507527,0.07265700485068134,0.31244969711618953,0.4524196898849374,1.2719298905239479e-46,3.1227240013723764e-05,0.4748920780243674,0.6515948289798453
RCSE_000216646,4508053470_00010,ESCALATE,CONTROLLED_CONTRADICTION,INVOICE_VALUE_CONTRADICTION,0.25,70494.0,R4_99_100,ood_test_r4,ESCALATE,EXECUTE,0.49641401392642276,0.5046569423998928,0.0017405743092941846,0.014533823274263056,0.501845411764283,0.48077604985258343,5.454260942234923e-33,3.318447326069061e-05,0.5046569423998928,0.5475460284491938
RCSE_000202348,4508049286_00010,ESCALATE,CONTROLLED_CONTRADICTION,INVOICE_VALUE_CONTRADICTION,0.25,75517.0,R4_99_100,ood_test_r4,ESCALATE,EXECUTE,0.3173781791583791,0.5046569423998928,0.000818302588715835,0.014533823274263056,0.681803518252905,0.48077604985258343,2.6262881103341034e-30,3.318447326069061e-05,0.5046569423998928,0.5475460284491938
RCSE_000209667,4508065256_00010,ESCALATE,CONTROLLED_CONTRADICTION,INVOICE_VALUE_CONTRADICTION,0.25,56395.0,R4_99_100,ood_test_r4,ESCALATE,EXECUTE,0.4137090302898219,0.5046569423998928,0.0020506954148431923,0.014533823274263056,0.5842402742953348,0.48077604985258343,1.953889850371916e-27,3.318447326069061e-05,0.5046569423998928,0.5475460284491938
RCSE_000201895,4508061492_00010,ESCALATE,CONTROLLED_CONTRADICTION,INVOICE_VALUE_CONTRADICTION,0.25,63898.0,R4_99_100,ood_test_r4,ESCALATE,EXECUTE,0.2683006740619716,0.5046569423998928,0.0006512992661401055,0.014533823274263056,0.7310480266718884,0.48077604985258343,3.105791555777944e-26,3.318447326069061e-05,0.5046569423998928,0.5475460284491938
RCSE_000205956,4508062573_00050,ESCALATE,CONTROLLED_CONTRADICTION,INVOICE_VALUE_CONTRADICTION,0.25,50201.0,R4_99_100,ood_test_r4,ESCALATE,ESCALATE,0.2596067848012598,0.33392831394957484,0.0004900941079137497,0.014533432229019238,0.7399031210908265,0.6515050702410026,6.974614505072556e-21,3.31835804033748e-05,0.6515050702410026,0.510173237416787
RCSE_000204580,4507036333_00010,ESCALATE,CONTROLLED_CONTRADICTION,INVOICE_VALUE_CONTRADICTION,0.25,152890.0,R4_99_100,ood_test_r4,ESCALATE,EXECUTE,0.40510875536649427,0.4748920780243674,0.015290119535386486,0.07265700485068134,0.5796011250981192,0.4524196898849374,5.243948432871832e-57,3.1227240013723764e-05,0.4748920780243674,0.6515948289798453
RCSE_000211039,4508047664_00010,ESCALATE,CONTROLLED_CONTRADICTION,INVOICE_VALUE_CONTRADICTION,0.25,112453.0,R4_99_100,ood_test_r4,ESCALATE,EXECUTE,0.3634515532237232,0.4748920780243674,0.004382034139823231,0.07265700485068134,0.6321664126364537,0.4524196898849374,1.3888540848284795e-42,3.1227240013723764e-05,0.4748920780243674,0.6515948289798453
RCSE_000215175,4508065230_00010,ESCALATE,CONTROLLED_CONTRADICTION,INVOICE_VALUE_CONTRADICTION,0.25,56378.0,R4_99_100,ood_test_r4,ESCALATE,EXECUTE,0.40999675280856324,0.5046569423998928,0.0018786958287960198,0.014533823274263056,0.5881245513626407,0.48077604985258343,1.0479763083276805e-27,3.318447326069061e-05,0.5046569423998928,0.5475460284491938
RCSE_000206613,4508055305_00010,ESCALATE,CONTROLLED_CONTRADICTION,INVOICE_VALUE_CONTRADICTION,0.25,96994.0,R4_99_100,ood_test_r4,EXECUTE,EXECUTE,0.6319032837816927,0.4748920780243674,0.04867977733856933,0.07265700485068134,0.319416938879738,0.4524196898849374,1.2577410802938686e-44,3.1227240013723764e-05,0.4748920780243674,0.6515948289798453
RCSE_000208309,4508047686_00010,ESCALATE,CONTROLLED_CONTRADICTION,INVOICE_VALUE_CONTRADICTION,0.25,112453.0,R4_99_100,ood_test_r4,EXECUTE,EXECUTE,0.6851544263462106,0.4504922917394507,0.1264871738343825,0.1203035585447123,0.18835839981940702,0.4291745269203231,5.035698343760461e-51,2.9622795513886138e-05,0.4504922917394507,0.7050049012707168
RCSE_000211322,4508064915_00010,ESCALATE,CONTROLLED_CONTRADICTION,INVOICE_VALUE_CONTRADICTION,0.25,56001.0,R4_99_100,ood_test_r4,ESCALATE,EXECUTE,0.41984190654750586,0.5046569423998928,0.0006452987090108444,0.014533823274263056,0.5795127947434833,0.48077604985258343,2.7611222744490218e-27,3.318447326069061e-05,0.5046569423998928,0.5475460284491938
RCSE_000207514,4508065382_00010,ESCALATE,CONTROLLED_CONTRADICTION,INVOICE_VALUE_CONTRADICTION,0.25,85181.0,R4_99_100,ood_test_r4,EXECUTE,EXECUTE,0.6381525355083301,0.4748920780243674,0.02981410720232628,0.07265700485068134,0.3320333572893438,0.4524196898849374,1.2514591399749238e-39,3.1227240013723764e-05,0.4748920780243674,0.6515948289798453
RCSE_000213297,4508061378_00010,ESCALATE,CONTROLLED_CONTRADICTION,INVOICE_VALUE_CONTRADICTION,0.25,54760.0,R4_99_100,ood_test_r4,ESCALATE,EXECUTE,0.4561512727346718,0.5046569423998928,0.0009889967338881497,0.014533823274263056,0.54285973053144,0.48077604985258343,2.9362012892005074e-27,3.318447326069061e-05,0.5046569423998928,0.5475460284491938
RCSE_000213692,2000052726_00001,ESCALATE,CONTROLLED_CONTRADICTION,INVOICE_VALUE_CONTRADICTION,0.25,52028.0,R4_99_100,ood_test_r4,ESCALATE,ESCALATE,0.22434396040339738,0.030455261681240065,1.6231518465098517e-07,0.0001016448228731052,0.775655877281418,0.9694095213301158,4.088900317514501e-24,3.35721657711071e-05,0.9694095213301158,0.09935304324866885
RCSE_000206674,4507003343_00010,ESCALATE,CONTROLLED_CONTRADICTION,INVOICE_VALUE_CONTRADICTION,0.25,162431.0,R4_99_100,ood_test_r4,ESCALATE,EXECUTE,0.37944391932136695,0.4748920780243674,0.0071073033336971035,0.07265700485068134,0.613448777344936,0.4524196898849374,7.380992228197789e-61,3.1227240013723764e-05,0.4748920780243674,0.6515948289798453
RCSE_000205712,4508072692_00010,ESCALATE,CONTROLLED_CONTRADICTION,INVOICE_VALUE_CONTRADICTION,0.25,64172.0,R4_99_100,ood_test_r4,EXECUTE,EXECUTE,0.537361240633612,0.4748920780243674,0.01407714453391815,0.07265700485068134,0.44856161483246976,0.4524196898849374,1.978502605795103e-31,3.1227240013723764e-05,0.4748920780243674,0.6515948289798453
RCSE_000215093,4508066730_00010,ESCALATE,CONTROLLED_CONTRADICTION,INVOICE_VALUE_CONTRADICTION,0.25,84870.0,R4_99_100,ood_test_r4,ESCALATE,EXECUTE,0.33228847213406815,0.5046569423998928,0.0008309983822286135,0.014533823274263056,0.6668805294837032,0.48077604985258343,4.730281957323298e-33,3.318447326069061e-05,0.5046569423998928,0.5475460284491938
RCSE_000212371,4508068781_00010,ESCALATE,CONTROLLED_CONTRADICTION,INVOICE_VALUE_CONTRADICTION,0.25,58674.0,R4_99_100,ood_test_r4,ESCALATE,EXECUTE,0.3114954376240361,0.5120475043992396,2.6805328924306617e-05,0.00010194239551029911,0.6884777570470397,0.4878168827545135,9.401317396021752e-25,3.367045073656265e-05,0.5120475043992396,0.5007442179902334
RCSE_000206743,4508071192_00020,ESCALATE,CONTROLLED_CONTRADICTION,INVOICE_VALUE_CONTRADICTION,0.25,83414.0,R4_99_100,ood_test_r4,ESCALATE,EXECUTE,0.343558003150292,0.4748920780243674,0.0052035492218291445,0.07265700485068134,0.6512384476278789,0.4524196898849374,5.084339933156827e-33,3.1227240013723764e-05,0.4748920780243674,0.6515948289798453
RCSE_000204849,4508047711_00010,ESCALATE,CONTROLLED_CONTRADICTION,INVOICE_VALUE_CONTRADICTION,0.25,112453.0,R4_99_100,ood_test_r4,EXECUTE,EXECUTE,0.7272668699638396,0.4748920780243674,0.06987799055822594,0.07265700485068134,0.2028551394779344,0.4524196898849374,7.771766764393343e-51,3.1227240013723764e-05,0.4748920780243674,0.6515948289798453
RCSE_000205648,4508047697_00010,ESCALATE,CONTROLLED_CONTRADICTION,INVOICE_VALUE_CONTRADICTION,0.25,112453.0,R4_99_100,ood_test_r4,EXECUTE,EXECUTE,0.7274781799457797,0.4748920780243674,0.06928576470898914,0.07265700485068134,0.20323605534523104,0.4524196898849374,7.958576673585495e-51,3.1227240013723764e-05,0.4748920780243674,0.6515948289798453
RCSE_000201726,4508067089_00010,ESCALATE,CONTROLLED_CONTRADICTION,INVOICE_VALUE_CONTRADICTION,0.25,84870.0,R4_99_100,ood_test_r4,EXECUTE,EXECUTE,0.6382431223151334,0.5017075244045897,0.00268255458268893,0.020293283674382278,0.35907432310217763,0.4779662013911661,1.4334995762382027e-39,3.299052986196456e-05,0.5017075244045897,0.5614402621082174
RCSE_000211433,2000052735_00001,ESCALATE,CONTROLLED_CONTRADICTION,INVOICE_VALUE_CONTRADICTION,0.25,112470.0,R4_99_100,ood_test_r4,EXECUTE,EXECUTE,0.7763330693954658,0.4748920780243674,0.02569681448065764,0.07265700485068134,0.19797011612387655,0.4524196898849374,9.772781735470972e-54,3.1227240013723764e-05,0.4748920780243674,0.6515948289798453
RCSE_000206373,4508059042_00050,ESCALATE,CONTROLLED_CONTRADICTION,INVOICE_VALUE_CONTRADICTION,0.25,53786.0,R4_99_100,ood_test_r4,EXECUTE,EXECUTE,0.61354610105983,0.5120997090703223,4.894370253211115e-12,0.0,0.38645389893527554,0.48786661704614465,2.9778222315626346e-25,3.3673883532916135e-05,0.5120997090703223,0.5000457857569834
RCSE_000214476,4508058226_00010,ESCALATE,CONTROLLED_CONTRADICTION,INVOICE_VALUE_CONTRADICTION,0.25,60109.0,R4_99_100,ood_test_r4,ESCALATE,EXECUTE,0.2993298867353833,0.5120475043992396,0.0001257853489638438,0.00010194239551029911,0.7005443279156529,0.4878168827545135,3.5211522585446274e-25,3.367045073656265e-05,0.5120475043992396,0.5007442179902334
RCSE_000213585,4508067016_00010,ESCALATE,CONTROLLED_CONTRADICTION,INVOICE_VALUE_CONTRADICTION,0.25,106126.0,R4_99_100,ood_test_r4,EXECUTE,EXECUTE,0.5510444691788132,0.41499021224157545,0.21491874017144832,0.18963005662518664,0.2340367906497385,0.395352442830146,8.365079286652704e-48,2.7288303091779305e-05,0.41499021224157545,0.755570537703291
RCSE_000208373,4508070109_00010,ESCALATE,CONTROLLED_CONTRADICTION,INVOICE_VALUE_CONTRADICTION,0.25,133811.0,R4_99_100,ood_test_r4,GATHER,GATHER,0.21630807239473823,0.023128960777764877,0.7484822356928772,0.6074590258672169,0.0352096919123845,0.3693865172908743,5.39102004379263e-60,2.549606414391314e-05,0.6074590258672169,0.5468287575551524
RCSE_000208592,4508046489_00010,ESCALATE,CONTROLLED_CONTRADICTION,INVOICE_VALUE_CONTRADICTION,0.25,103091.0,R4_99_100,ood_test_r4,ESCALATE,EXECUTE,0.2944434086979722,0.5046569423998928,0.0007225735683298695,0.014533823274263056,0.7048340177336979,0.48077604985258343,1.338207926495759e-39,3.318447326069061e-05,0.5046569423998928,0.5475460284491938
RCSE_000243615,4507000647_00010,ESCALATE,CONTROLLED_CONTRADICTION,INVOICE_VALUE_CONTRADICTION,0.5,848704.0,R4_99_100,ood_test_r4,GATHER,GATHER,1.1607974969411144e-35,0.001436733436837446,1.0,0.998529738602025,5.56901213614585e-32,0.0,0.0,3.352796113766789e-05,0.998529738602025,0.008092504883414935
RCSE_000232093,4507001306_00010,ESCALATE,CONTROLLED_CONTRADICTION,INVOICE_VALUE_CONTRADICTION,0.5,173205.0,R4_99_100,ood_test_r4,GATHER,GATHER,3.666376736278647e-07,0.001434793590798254,0.999999620900003,0.9971815456047864,1.2462323206905932e-08,0.0013501781119968526,1.4769499997562943e-123,3.348269241839992e-05,0.9971815456047864,0.015490245654545019
RCSE_000245188,4507000985_00010,ESCALATE,CONTROLLED_CONTRADICTION,INVOICE_VALUE_CONTRADICTION,0.5,51511.0,R4_99_100,ood_test_r4,ESCALATE,ESCALATE,0.11955771836758994,0.02369592781366141,3.6825929362693425e-05,0.00010211223834758642,0.8804054557030475,0.9761682334000354,6.200496229318363e-20,3.372654795555789e-05,0.9761682334000354,0.08188161768660511
RCSE_000239845,4507003653_00010,ESCALATE,CONTROLLED_CONTRADICTION,INVOICE_VALUE_CONTRADICTION,0.5,556871.0,R4_99_100,ood_test_r4,GATHER,GATHER,2.0399204394392664e-11,0.001434793590798254,0.9999999996623394,0.9971815456047864,3.172612967900665e-10,0.0013501781119968526,4.268420809711631e-191,3.348269241839992e-05,0.9971815456047864,0.015490245654545019
RCSE_000237632,4507000896_00010,ESCALATE,CONTROLLED_CONTRADICTION,INVOICE_VALUE_CONTRADICTION,0.5,8833459.0,R4_99_100,ood_test_r4,GATHER,GATHER,0.0,0.001436733436837446,1.0,0.998529738602025,0.0,0.0,0.0,3.352796113766789e-05,0.998529738602025,0.008092504883414935
RCSE_000242023,4507003964_00010,ESCALATE,CONTROLLED_CONTRADICTION,INVOICE_VALUE_CONTRADICTION,0.5,1329794.0,R4_99_100,ood_test_r4,GATHER,GATHER,4.032231230663166e-34,0.001436733436837446,1.0,0.998529738602025,2.1078875451903067e-32,0.0,0.0,3.352796113766789e-05,0.998529738602025,0.008092504883414935
RCSE_000234431,4507005068_00010,ESCALATE,CONTROLLED_CONTRADICTION,INVOICE_VALUE_CONTRADICTION,0.5,54391.0,R4_99_100,ood_test_r4,ESCALATE,EXECUTE,0.4585395653864021,0.5046569423998928,0.0018597762719490955,0.014533823274263056,0.5396006583416488,0.48077604985258343,1.108173755830503e-28,3.318447326069061e-05,0.5046569423998928,0.5475460284491938
RCSE_000239335,2000000055_00001,ESCALATE,CONTROLLED_CONTRADICTION,INVOICE_VALUE_CONTRADICTION,0.5,433012.0,R4_99_100,ood_test_r4,GATHER,GATHER,1.5427523114593643e-07,0.001434793590798254,0.9999975825719749,0.9971815456047864,2.263152794025062e-06,0.0013501781119968526,2.5743038667158485e-150,3.348269241839992e-05,0.9971815456047864,0.015490245654545019
RCSE_000233407,2000000064_00001,ESCALATE,CONTROLLED_CONTRADICTION,INVOICE_VALUE_CONTRADICTION,0.5,259807.0,R4_99_100,ood_test_r4,GATHER,GATHER,0.0023840039632434043,0.0009701621716225883,0.9624841512989984,0.6710001477811939,0.035131844737758135,0.3280070501066397,7.92176986957811e-96,2.2639940543875457e-05,0.6710001477811939,0.46189964444785203
RCSE_000243595,2000000060_00001,ESCALATE,CONTROLLED_CONTRADICTION,INVOICE_VALUE_CONTRADICTION,0.5,356802.0,R4_99_100,ood_test_r4,GATHER,GATHER,7.993153526329364e-14,0.001436733436837446,0.9999999999999201,0.998529738602025,1.1087445798799338e-17,0.0,4.461251860598576e-191,3.352796113766789e-05,0.998529738602025,0.008092504883414935
RCSE_000232311,4507001996_00080,ESCALATE,CONTROLLED_CONTRADICTION,INVOICE_VALUE_CONTRADICTION,0.5,89272.0,R4_99_100,ood_test_r4,ESCALATE,ESCALATE,0.09577360401883114,0.023353354564206074,0.0013589779953479756,0.014557687526543487,0.9028674179858209,0.9620557189477367,9.47389340153092e-36,3.3238961513832424e-05,0.9620557189477367,0.13479855977276448
RCSE_000233782,2000000100_00001,ESCALATE,CONTROLLED_CONTRADICTION,INVOICE_VALUE_CONTRADICTION,0.5,7815013.0,R4_99_100,ood_test_r4,GATHER,GATHER,0.0,0.001436733436837446,1.0,0.998529738602025,0.0,0.0,0.0,3.352796113766789e-05,0.998529738602025,0.008092504883414935
RCSE_000235625,4507008596_00010,ESCALATE,CONTROLLED_CONTRADICTION,INVOICE_VALUE_CONTRADICTION,0.5,53503.0,R4_99_100,ood_test_r4,ESCALATE,ESCALATE,0.1248110800588604,0.02369592781366141,2.8441463713054372e-05,0.00010211223834758642,0.8751604784774266,0.9761682334000354,1.2660883796632197e-20,3.372654795555789e-05,0.9761682334000354,0.08188161768660511
RCSE_000243085,4507003374_00180,ESCALATE,CONTROLLED_CONTRADICTION,INVOICE_VALUE_CONTRADICTION,0.5,89420.0,R4_99_100,ood_test_r4,ESCALATE,ESCALATE,0.08968249042488542,0.023353354564206074,0.0004822520697142395,0.014557687526543487,0.9098352575054002,0.9620557189477367,2.336907021368629e-46,3.3238961513832424e-05,0.9620557189477367,0.13479855977276448
RCSE_000232770,4507005710_00010,ESCALATE,CONTROLLED_CONTRADICTION,INVOICE_VALUE_CONTRADICTION,0.5,805427.0,R4_99_100,ood_test_r4,GATHER,GATHER,2.225651247332278e-16,0.001436733436837446,0.9999999999999973,0.998529738602025,2.532487615005724e-15,0.0,3.6047219193495724e-271,3.352796113766789e-05,0.998529738602025,0.008092504883414935
RCSE_000242449,4507000879_00090,ESCALATE,CONTROLLED_CONTRADICTION,INVOICE_VALUE_CONTRADICTION,0.5,59615.0,R4_99_100,ood_test_r4,ESCALATE,EXECUTE,0.3423736300156846,0.4748920780243674,0.009869106203496084,0.07265700485068134,0.6477572637808193,0.4524196898849374,1.3415339610584914e-55,3.1227240013723764e-05,0.4748920780243674,0.6515948289798453
RCSE_000242551,4507005604_00010,ESCALATE,CONTROLLED_CONTRADICTION,INVOICE_VALUE_CONTRADICTION,0.5,57572.0,R4_99_100,ood_test_r4,EXECUTE,EXECUTE,0.5260028381677894,0.4748920780243674,0.006794771429127843,0.07265700485068134,0.4672023904030829,0.4524196898849374,9.873997500352063e-31,3.1227240013723764e-05,0.4748920780243674,0.6515948289798453
RCSE_000238760,4507005932_00010,ESCALATE,CONTROLLED_CONTRADICTION,INVOICE_VALUE_CONTRADICTION,0.5,89373.0,R4_99_100,ood_test_r4,ESCALATE,ESCALATE,0.15770151765834603,0.023353354564206074,0.00044083764922923485,0.014557687526543487,0.8418576446924247,0.9620557189477367,1.3503937881094888e-31,3.3238961513832424e-05,0.9620557189477367,0.13479855977276448
RCSE_000232622,4507004409_00010,ESCALATE,CONTROLLED_CONTRADICTION,INVOICE_VALUE_CONTRADICTION,0.5,606217.0,R4_99_100,ood_test_r4,GATHER,GATHER,9.938423590748693e-24,0.001436733436837446,1.0,0.998529738602025,1.9017031900497175e-31,0.0,2.62934240559444e-310,3.352796113766789e-05,0.998529738602025,0.008092504883414935
RCSE_000235908,4507002448_00010,ESCALATE,CONTROLLED_CONTRADICTION,INVOICE_VALUE_CONTRADICTION,0.5,68852.0,R4_99_100,ood_test_r4,ESCALATE,ESCALATE,0.11525404165334086,0.02369592781366141,0.00012475729159093122,0.00010211223834758642,0.8846212010550684,0.9761682334000354,2.791009991365038e-25,3.372654795555789e-05,0.9761682334000354,0.08188161768660511
RCSE_000240429,4507007064_00010,ESCALATE,CONTROLLED_CONTRADICTION,INVOICE_VALUE_CONTRADICTION,0.5,58117.0,R4_99_100,ood_test_r4,ESCALATE,ESCALATE,0.15772070698695645,0.02369592781366141,8.120033501945258e-05,0.00010211223834758642,0.8421980926780241,0.9761682334000354,3.170935929404072e-22,3.372654795555789e-05,0.9761682334000354,0.08188161768660511
RCSE_000243543,4507011244_00010,ESCALATE,CONTROLLED_CONTRADICTION,INVOICE_VALUE_CONTRADICTION,0.5,54143.0,R4_99_100,ood_test_r4,ESCALATE,ESCALATE,0.08986227473524808,0.02369592781366141,4.144175726258046e-09,0.00010211223834758642,0.9101377211205761,0.9761682334000354,2.2503268750038276e-22,3.372654795555789e-05,0.9761682334000354,0.08188161768660511
RCSE_000234959,4507004488_00010,ESCALATE,CONTROLLED_CONTRADICTION,INVOICE_VALUE_CONTRADICTION,0.5,127742.0,R4_99_100,ood_test_r4,GATHER,GATHER,0.08605316371546452,0.019595427391087692,0.9067102973585622,0.8201406621584403,0.00723653892597319,0.16023602016793848,5.634556962583022e-63,2.789028253344657e-05,0.8201406621584403,0.384750236771443
RCSE_000235283,4507004478_00010,ESCALATE,CONTROLLED_CONTRADICTION,INVOICE_VALUE_CONTRADICTION,0.5,127742.0,R4_99_100,ood_test_r4,GATHER,GATHER,0.10232254469399918,0.01870826145714878,0.8889907158873018,0.783009506915764,0.008686739418698927,0.1982556040528405,6.986562804330474e-63,2.662757424657048e-05,0.783009506915764,0.42347851766880623
RCSE_000233718,4507014963_00010,ESCALATE,CONTROLLED_CONTRADICTION,INVOICE_VALUE_CONTRADICTION,0.5,70494.0,R4_99_100,ood_test_r4,EXECUTE,EXECUTE,0.582425692678498,0.4748920780243674,0.006392049917610321,0.07265700485068134,0.4111822574038916,0.4524196898849374,2.9980209131695252e-36,3.1227240013723764e-05,0.4748920780243674,0.6515948289798453
RCSE_000234532,4507004434_00010,ESCALATE,CONTROLLED_CONTRADICTION,INVOICE_VALUE_CONTRADICTION,0.5,51961.0,R4_99_100,ood_test_r4,ESCALATE,ESCALATE,0.09646952557296086,0.02369592781366141,2.1924757082734163e-05,0.00010211223834758642,0.9035085496699565,0.9761682334000354,4.32367815064717e-28,3.372654795555789e-05,0.9761682334000354,0.08188161768660511
RCSE_000242968,4507013710_00010,ESCALATE,CONTROLLED_CONTRADICTION,INVOICE_VALUE_CONTRADICTION,0.5,59908.0,R4_99_100,ood_test_r4,ESCALATE,EXECUTE,0.4953885527937429,0.5046569423998928,0.0025076836261700985,0.014533823274263056,0.5021037635800869,0.48077604985258343,2.668328870472567e-31,3.318447326069061e-05,0.5046569423998928,0.5475460284491938
RCSE_000243915,4507007117_00010,ESCALATE,CONTROLLED_CONTRADICTION,INVOICE_VALUE_CONTRADICTION,0.5,138564.0,R4_99_100,ood_test_r4,GATHER,GATHER,0.10469134816287237,0.01870826145714878,0.8875831851674545,0.783009506915764,0.007725466669673072,0.1982556040528405,1.7716663142191258e-78,2.662757424657048e-05,0.783009506915764,0.42347851766880623
RCSE_000239151,4507005904_00010,ESCALATE,CONTROLLED_CONTRADICTION,INVOICE_VALUE_CONTRADICTION,0.5,62349.0,R4_99_100,ood_test_r4,EXECUTE,EXECUTE,0.5976371501103885,0.4748920780243674,0.013375553875641027,0.07265700485068134,0.3889872960139704,0.4524196898849374,1.493977303788968e-32,3.1227240013723764e-05,0.4748920780243674,0.6515948289798453
RCSE_000234451,4507017330_00010,ESCALATE,CONTROLLED_CONTRADICTION,INVOICE_VALUE_CONTRADICTION,0.5,56618.0,R4_99_100,ood_test_r4,ESCALATE,ESCALATE,0.14767439407480432,0.02369592781366141,0.00012591056103299132,0.00010211223834758642,0.8521996953641627,0.9761682334000354,6.304054640138524e-22,3.372654795555789e-05,0.9761682334000354,0.08188161768660511
RCSE_000241250,4507004481_00010,ESCALATE,CONTROLLED_CONTRADICTION,INVOICE_VALUE_CONTRADICTION,0.5,127742.0,R4_99_100,ood_test_r4,GATHER,GATHER,0.12284371019652544,0.016712232508696325,0.866672192171441,0.6994683587285212,0.010484097632033678,0.2837956221478172,7.985990713744497e-63,2.3786614965294646e-05,0.6994683587285212,0.487694677693775
RCSE_000245226,4507003573_00010,ESCALATE,CONTROLLED_CONTRADICTION,INVOICE_VALUE_CONTRADICTION,0.5,63932.0,R4_99_100,ood_test_r4,EXECUTE,EXECUTE,0.5615877358412464,0.4748920780243674,0.01949943511258038,0.07265700485068134,0.41891282904617316,0.4524196898849374,9.909987236768946e-34,3.1227240013723764e-05,0.4748920780243674,0.6515948289798453
RCSE_000236601,4507017963_00010,ESCALATE,CONTROLLED_CONTRADICTION,INVOICE_VALUE_CONTRADICTION,0.5,56752.0,R4_99_100,ood_test_r4,ESCALATE,ESCALATE,0.14670374923957097,0.02369592781366141,8.330714687282551e-05,0.00010211223834758642,0.8532129436135562,0.9761682334000354,8.25473874231347e-22,3.372654795555789e-05,0.9761682334000354,0.08188161768660511
RCSE_000234295,4507018950_00010,ESCALATE,CONTROLLED_CONTRADICTION,INVOICE_VALUE_CONTRADICTION,0.5,75655.0,R4_99_100,ood_test_r4,EXECUTE,EXECUTE,0.6563685336682867,0.4748920780243674,0.06875875252303255,0.07265700485068134,0.27487271380868056,0.4524196898849374,1.2106571849318467e-38,3.1227240013723764e-05,0.4748920780243674,0.6515948289798453
RCSE_000231940,4507001265_00010,ESCALATE,CONTROLLED_CONTRADICTION,INVOICE_VALUE_CONTRADICTION,0.5,155884.0,R4_99_100,ood_test_r4,GATHER,GATHER,0.09047439785911969,0.02261293225283129,0.9048017535597226,0.9464343319001004,0.004723848581157726,0.030920550732814103,2.1963635555577672e-85,3.2185114254154766e-05,0.9464343319001004,0.17717266866813036
RCSE_000239937,4507018887_00010,ESCALATE,CONTROLLED_CONTRADICTION,INVOICE_VALUE_CONTRADICTION,0.5,56521.0,R4_99_100,ood_test_r4,ESCALATE,ESCALATE,0.14641557242004694,0.02369592781366141,0.00010329789396945137,0.00010211223834758642,0.8534811296859837,0.9761682334000354,4.020401894397917e-22,3.372654795555789e-05,0.9761682334000354,0.08188161768660511
RCSE_000235340,4507011274_00010,ESCALATE,CONTROLLED_CONTRADICTION,INVOICE_VALUE_CONTRADICTION,0.5,127742.0,R4_99_100,ood_test_r4,GATHER,GATHER,0.09976809963202095,0.01870826145714878,0.8917963948351334,0.783009506915764,0.008435505532845713,0.1982556040528405,6.760470816454467e-63,2.662757424657048e-05,0.783009506915764,0.42347851766880623
RCSE_000242431,4507024446_00010,ESCALATE,CONTROLLED_CONTRADICTION,INVOICE_VALUE_CONTRADICTION,0.5,49683.0,R4_99_100,ood_test_r4,ESCALATE,EXECUTE,0.42064178544354125,0.5046569423998928,0.0010842034848070304,0.014533823274263056,0.5782740110716518,0.48077604985258343,1.551078054421293e-26,3.318447326069061e-05,0.5046569423998928,0.5475460284491938
RCSE_000240838,4507016830_00010,ESCALATE,CONTROLLED_CONTRADICTION,INVOICE_VALUE_CONTRADICTION,0.5,49384.0,R4_99_100,ood_test_r4,ESCALATE,ESCALATE,0.11702554404670484,0.02369592781366141,1.1133084539360945e-05,0.00010211223834758642,0.8829633228687558,0.9761682334000354,1.5160379382193598e-19,3.372654795555789e-05,0.9761682334000354,0.08188161768660511
RCSE_000245547,4507020173_00080,ESCALATE,CONTROLLED_CONTRADICTION,INVOICE_VALUE_CONTRADICTION,0.5,55776.0,R4_99_100,ood_test_r4,EXECUTE,EXECUTE,0.5247072788032133,0.4748920780243674,0.004071644393466168,0.07265700485068134,0.47122107680332065,0.4524196898849374,8.306029259736706e-30,3.1227240013723764e-05,0.4748920780243674,0.6515948289798453
RCSE_000232531,4507004491_00010,ESCALATE,CONTROLLED_CONTRADICTION,INVOICE_VALUE_CONTRADICTION,0.5,127742.0,R4_99_100,ood_test_r4,ESCALATE,ESCALATE,0.14669106584132657,0.023353354564206074,0.0007553690475150446,0.014557687526543487,0.8525535651111584,0.9620557189477367,1.6348063667795844e-43,3.3238961513832424e-05,0.9620557189477367,0.13479855977276448
RCSE_000245809,4507004497_00010,ESCALATE,CONTROLLED_CONTRADICTION,INVOICE_VALUE_CONTRADICTION,0.5,127742.0,R4_99_100,ood_test_r4,ESCALATE,ESCALATE,0.14744575484008335,0.023353354564206074,0.0007029775004343384,0.014557687526543487,0.8518512676594822,0.9620557189477367,2.450587031338137e-43,3.3238961513832424e-05,0.9620557189477367,0.13479855977276448
RCSE_000241268,4507019620_00020,ESCALATE,CONTROLLED_CONTRADICTION,INVOICE_VALUE_CONTRADICTION,0.5,50402.0,R4_99_100,ood_test_r4,ESCALATE,EXECUTE,0.4966478655139938,0.5120475043992396,9.35755850291577e-07,0.00010194239551029911,0.5033511987301559,0.4878168827545135,2.189942724259427e-28,3.367045073656265e-05,0.5120475043992396,0.5007442179902334
RCSE_000245588,4507017976_00010,ESCALATE,CONTROLLED_CONTRADICTION,INVOICE_VALUE_CONTRADICTION,0.5,127742.0,R4_99_100,ood_test_r4,ESCALATE,ESCALATE,0.1505754484144049,0.023353354564206074,0.002274967768647799,0.014557687526543487,0.8471495838169474,0.9620557189477367,1.960971913664471e-43,3.3238961513832424e-05,0.9620557189477367,0.13479855977276448
RCSE_000235748,4507008523_00010,ESCALATE,CONTROLLED_CONTRADICTION,INVOICE_VALUE_CONTRADICTION,0.5,58843.0,R4_99_100,ood_test_r4,EXECUTE,EXECUTE,0.5087906092772558,0.5120475043992396,0.00029050587666832093,0.00010194239551029911,0.4909188848460759,0.4878168827545135,3.4729344180535e-32,3.367045073656265e-05,0.5120475043992396,0.5007442179902334
RCSE_000237700,4507026345_00010,ESCALATE,CONTROLLED_CONTRADICTION,INVOICE_VALUE_CONTRADICTION,0.5,54317.0,R4_99_100,ood_test_r4,ESCALATE,ESCALATE,0.12300291388602652,0.02369592781366141,8.198942773336934e-05,0.00010211223834758642,0.8769150966862402,0.9761682334000354,6.987740355290167e-21,3.372654795555789e-05,0.9761682334000354,0.08188161768660511
RCSE_000235171,4507014172_00010,ESCALATE,CONTROLLED_CONTRADICTION,INVOICE_VALUE_CONTRADICTION,0.5,112178.0,R4_99_100,ood_test_r4,ESCALATE,ESCALATE,0.15260909970720207,0.023353354564206074,0.0006315512337873666,0.014557687526543487,0.8467593490590106,0.9620557189477367,1.1421525222343529e-38,3.3238961513832424e-05,0.9620557189477367,0.13479855977276448
RCSE_000241510,2000013615_00001,ESCALATE,CONTROLLED_CONTRADICTION,INVOICE_VALUE_CONTRADICTION,0.5,301376.0,R4_99_100,ood_test_r4,GATHER,GATHER,0.005229960193375211,0.0009701621716225883,0.9526699068129865,0.6710001477811939,0.04210013299363846,0.3280070501066397,1.9898843001064925e-100,2.2639940543875457e-05,0.6710001477811939,0.46189964444785203
RCSE_000244132,2000013531_00001,ESCALATE,CONTROLLED_CONTRADICTION,INVOICE_VALUE_CONTRADICTION,0.5,240216.0,R4_99_100,ood_test_r4,GATHER,GATHER,2.6203931435579856e-06,0.001434793590798254,0.9999973741316046,0.9971815456047864,5.475251856144548e-09,0.0013501781119968526,5.644640051181622e-120,3.348269241839992e-05,0.9971815456047864,0.015490245654545019
RCSE_000235940,4507019372_00010,ESCALATE,CONTROLLED_CONTRADICTION,INVOICE_VALUE_CONTRADICTION,0.5,54668.0,R4_99_100,ood_test_r4,ESCALATE,EXECUTE,0.4700517166938609,0.5120475043992396,0.00025589660534939705,0.00010194239551029911,0.5296923867007897,0.4878168827545135,1.28977831691071e-29,3.367045073656265e-05,0.5120475043992396,0.5007442179902334
RCSE_000235718,4507028733_00010,ESCALATE,CONTROLLED_CONTRADICTION,INVOICE_VALUE_CONTRADICTION,0.5,56752.0,R4_99_100,ood_test_r4,ESCALATE,ESCALATE,0.14569118368690093,0.02369592781366141,7.67013212507555e-05,0.00010211223834758642,0.8542321149918483,0.9761682334000354,5.130952320547291e-22,3.372654795555789e-05,0.9761682334000354,0.08188161768660511
RCSE_000245601,4507032439_00010,ESCALATE,CONTROLLED_CONTRADICTION,INVOICE_VALUE_CONTRADICTION,0.5,56752.0,R4_99_100,ood_test_r4,EXECUTE,EXECUTE,0.5198526446624148,0.4748920780243674,0.006487839127613593,0.07265700485068134,0.47365951620997165,0.4524196898849374,3.945254859340294e-30,3.1227240013723764e-05,0.4748920780243674,0.6515948289798453
RCSE_000245217,4507005408_00010,ESCALATE,CONTROLLED_CONTRADICTION,INVOICE_VALUE_CONTRADICTION,0.5,103548.0,R4_99_100,ood_test_r4,EXECUTE,EXECUTE,0.6702224461369407,0.41499021224157545,0.21195779254493688,0.18963005662518664,0.11781976131812254,0.395352442830146,1.7168556168500087e-51,2.7288303091779305e-05,0.41499021224157545,0.755570537703291
RCSE_000232413,4507030053_00010,ESCALATE,CONTROLLED_CONTRADICTION,INVOICE_VALUE_CONTRADICTION,0.5,55557.0,R4_99_100,ood_test_r4,ESCALATE,ESCALATE,0.1252182688244211,0.02369592781366141,8.630769070935403e-06,0.00010211223834758642,0.874773100406508,0.9761682334000354,4.432318917709815e-22,3.372654795555789e-05,0.9761682334000354,0.08188161768660511
RCSE_000237572,4507032048_00010,ESCALATE,CONTROLLED_CONTRADICTION,INVOICE_VALUE_CONTRADICTION,0.5,136024.0,R4_99_100,ood_test_r4,ESCALATE,ESCALATE,0.11551518031683043,0.021973836505056233,0.007371339863881556,0.07276925891214367,0.8771134798192881,0.9052256290971351,1.6385381106424978e-45,3.127548566501373e-05,0.9052256290971351,0.2633219288450254
RCSE_000244473,4507031095_00010,ESCALATE,CONTROLLED_CONTRADICTION,INVOICE_VALUE_CONTRADICTION,0.5,55407.0,R4_99_100,ood_test_r4,ESCALATE,EXECUTE,0.45124226468857115,0.5046569423998928,0.001241161203194794,0.014533823274263056,0.547516574108234,0.48077604985258343,3.9367092214854404e-29,3.318447326069061e-05,0.5046569423998928,0.5475460284491938
RCSE_000246257,4507027806_00010,ESCALATE,CONTROLLED_CONTRADICTION,INVOICE_VALUE_CONTRADICTION,0.5,59882.0,R4_99_100,ood_test_r4,ESCALATE,ESCALATE,0.1481528948419326,0.02369592781366141,0.00011013463327878225,0.00010211223834758642,0.8517369705247887,0.9761682334000354,8.536114034323474e-23,3.372654795555789e-05,0.9761682334000354,0.08188161768660511
RCSE_000233613,4507027385_00010,ESCALATE,CONTROLLED_CONTRADICTION,INVOICE_VALUE_CONTRADICTION,0.5,111398.0,R4_99_100,ood_test_r4,GATHER,GATHER,0.2383950178714562,0.07045802068492349,0.7289244286342008,0.5681123197792012,0.03268055349434299,0.3614047143975206,1.0020341304032907e-55,2.494513835472748e-05,0.5681123197792012,0.6320623211227373
RCSE_000240523,4507023162_00010,ESCALATE,CONTROLLED_CONTRADICTION,INVOICE_VALUE_CONTRADICTION,0.5,127742.0,R4_99_100,ood_test_r4,GATHER,GATHER,0.07715521172793038,0.020445443024405083,0.9159744016552329,0.8557169407687766,0.006870386616836692,0.12380851609223073,5.763795556006591e-63,2.9100114587523175e-05,0.8557169407687766,0.3403382933728394
RCSE_000233699,4507026762_00010,ESCALATE,CONTROLLED_CONTRADICTION,INVOICE_VALUE_CONTRADICTION,0.5,55827.0,R4_99_100,ood_test_r4,ESCALATE,ESCALATE,0.11931181140380104,0.02369592781366141,2.081726381724177e-05,0.00010211223834758642,0.8806673713323817,0.9761682334000354,1.6441855378490513e-22,3.372654795555789e-05,0.9761682334000354,0.08188161768660511
RCSE_000246453,4507019303_00010,ESCALATE,CONTROLLED_CONTRADICTION,INVOICE_VALUE_CONTRADICTION,0.5,108401.0,R4_99_100,ood_test_r4,ESCALATE,ESCALATE,0.11069330417218108,0.02369592781366141,0.0002873609300972296,0.00010211223834758642,0.8890193348977218,0.9761682334000354,1.1417472383916921e-37,3.372654795555789e-05,0.9761682334000354,0.08188161768660511
RCSE_000242204,4507037467_00010,ESCALATE,CONTROLLED_CONTRADICTION,INVOICE_VALUE_CONTRADICTION,0.5,53052.0,R4_99_100,ood_test_r4,ESCALATE,ESCALATE,0.11789324095284402,0.02369592781366141,2.186257153707619e-05,0.00010211223834758642,0.8820848964756189,0.9761682334000354,1.3175931162562391e-20,3.372654795555789e-05,0.9761682334000354,0.08188161768660511
RCSE_000238928,4507023070_00010,ESCALATE,CONTROLLED_CONTRADICTION,INVOICE_VALUE_CONTRADICTION,0.5,112178.0,R4_99_100,ood_test_r4,EXECUTE,EXECUTE,0.48802544147999394,0.3532671186467085,0.44317636268450006,0.31015950138296733,0.068798195835506,0.33655015036171737,1.5866332243203768e-55,2.322960860671875e-05,0.3532671186467085,0.791630578941228
RCSE_000239199,4507025830_00010,ESCALATE,CONTROLLED_CONTRADICTION,INVOICE_VALUE_CONTRADICTION,0.5,82119.0,R4_99_100,ood_test_r4,ESCALATE,ESCALATE,0.11653380434609265,0.02369592781366141,2.981262684166489e-06,0.00010211223834758642,0.8834632143912232,0.9761682334000354,6.83243332353205e-30,3.372654795555789e-05,0.9761682334000354,0.08188161768660511
RCSE_000235979,4507006786_00010,ESCALATE,CONTROLLED_CONTRADICTION,INVOICE_VALUE_CONTRADICTION,0.5,337516.0,R4_99_100,ood_test_r4,GATHER,GATHER,0.0026263048746928562,0.0009701621716225883,0.9765531936808852,0.6710001477811939,0.020820501444421987,0.3280070501066397,8.078506587346693e-108,2.2639940543875457e-05,0.6710001477811939,0.46189964444785203
RCSE_000237714,4507009139_00010,ESCALATE,CONTROLLED_CONTRADICTION,INVOICE_VALUE_CONTRADICTION,0.5,342037.0,R4_99_100,ood_test_r4,GATHER,GATHER,0.00045675282123244494,0.0013982950662343682,0.9959325746550078,0.9672202007206736,0.003610672523759783,0.031348873259125346,1.653037786775028e-109,3.2630953966586726e-05,0.9672202007206736,0.1084270742359047
RCSE_000235866,4507033363_00010,ESCALATE,CONTROLLED_CONTRADICTION,INVOICE_VALUE_CONTRADICTION,0.5,49252.0,R4_99_100,ood_test_r4,ESCALATE,ESCALATE,0.12610949681441194,0.02369592781366141,1.2956937075887346e-05,0.00010211223834758642,0.873877546248512,0.9761682334000354,1.4133905999873228e-19,3.372654795555789e-05,0.9761682334000354,0.08188161768660511
RCSE_000232255,4507034229_00010,ESCALATE,CONTROLLED_CONTRADICTION,INVOICE_VALUE_CONTRADICTION,0.5,55557.0,R4_99_100,ood_test_r4,ESCALATE,EXECUTE,0.47837875374139527,0.5046569423998928,0.0004289969976503952,0.014533823274263056,0.5211922492609543,0.48077604985258343,1.1111241719291567e-29,3.318447326069061e-05,0.5046569423998928,0.5475460284491938
RCSE_000239032,4507040202_00010,ESCALATE,CONTROLLED_CONTRADICTION,INVOICE_VALUE_CONTRADICTION,0.5,54133.0,R4_99_100,ood_test_r4,ESCALATE,ESCALATE,0.14859930135352065,0.02369592781366141,8.456765307528304e-05,0.00010211223834758642,0.8513161309934041,0.9761682334000354,4.5981142275261274e-21,3.372654795555789e-05,0.9761682334000354,0.08188161768660511
RCSE_000241814,4507039182_00010,ESCALATE,CONTROLLED_CONTRADICTION,INVOICE_VALUE_CONTRADICTION,0.5,55557.0,R4_99_100,ood_test_r4,ESCALATE,EXECUTE,0.46439032122002055,0.5046569423998928,0.0006489439208529406,0.014533823274263056,0.5349607348591267,0.48077604985258343,2.380867307572916e-30,3.318447326069061e-05,0.5046569423998928,0.5475460284491938
RCSE_000240658,4507039835_00010,ESCALATE,CONTROLLED_CONTRADICTION,INVOICE_VALUE_CONTRADICTION,0.5,54760.0,R4_99_100,ood_test_r4,ESCALATE,ESCALATE,0.14791896570634583,0.02369592781366141,8.056852723433397e-05,0.00010211223834758642,0.8520004657664199,0.9761682334000354,3.0887627770791967e-21,3.372654795555789e-05,0.9761682334000354,0.08188161768660511
RCSE_000232428,4507032818_00010,ESCALATE,CONTROLLED_CONTRADICTION,INVOICE_VALUE_CONTRADICTION,0.5,132304.0,R4_99_100,ood_test_r4,ESCALATE,ESCALATE,0.15146678193310623,0.023353354564206074,0.0025795265809075815,0.014557687526543487,0.8459536914859862,0.9620557189477367,1.122764151764807e-44,3.3238961513832424e-05,0.9620557189477367,0.13479855977276448
RCSE_000243171,4507009249_00010,ESCALATE,CONTROLLED_CONTRADICTION,INVOICE_VALUE_CONTRADICTION,0.5,62973.0,R4_99_100,ood_test_r4,EXECUTE,EXECUTE,0.5952147594943262,0.5046569423998928,0.0006351619930555219,0.014533823274263056,0.4041500785126183,0.48077604985258343,2.0425951621525103e-33,3.318447326069061e-05,0.5046569423998928,0.5475460284491938
RCSE_000242286,4507038512_00010,ESCALATE,CONTROLLED_CONTRADICTION,INVOICE_VALUE_CONTRADICTION,0.5,49437.0,R4_99_100,ood_test_r4,ESCALATE,EXECUTE,0.4200721965738303,0.5046569423998928,0.0005280101074423403,0.014533823274263056,0.5793997933187274,0.48077604985258343,1.1148521614420544e-26,3.318447326069061e-05,0.5046569423998928,0.5475460284491938
RCSE_000234040,4507040603_00010,ESCALATE,CONTROLLED_CONTRADICTION,INVOICE_VALUE_CONTRADICTION,0.5,54778.0,R4_99_100,ood_test_r4,ESCALATE,EXECUTE,0.46332871384653324,0.5046569423998928,0.001305631358274508,0.014533823274263056,0.5353656547951923,0.48077604985258343,4.9981322173523176e-29,3.318447326069061e-05,0.5046569423998928,0.5475460284491938
RCSE_000232678,4508043667_00010,ESCALATE,CONTROLLED_CONTRADICTION,INVOICE_VALUE_CONTRADICTION,0.5,216506.0,R4_99_100,ood_test_r4,ESCALATE,ESCALATE,0.14170797983394065,0.021973836505056233,0.029844751531593876,0.07276925891214367,0.8284472686344655,0.9052256290971351,2.013525621256318e-73,3.127548566501373e-05,0.9052256290971351,0.2633219288450254
RCSE_000237629,4508044702_00010,ESCALATE,CONTROLLED_CONTRADICTION,INVOICE_VALUE_CONTRADICTION,0.5,55538.0,R4_99_100,ood_test_r4,ESCALATE,ESCALATE,0.14774188850864198,0.02369592781366141,9.191331897940155e-05,0.00010211223834758642,0.8521661981723787,0.9761682334000354,1.1088855253670612e-21,3.372654795555789e-05,0.9761682334000354,0.08188161768660511
RCSE_000243750,2000033513_00001,ESCALATE,CONTROLLED_CONTRADICTION,INVOICE_VALUE_CONTRADICTION,0.5,51961.0,R4_99_100,ood_test_r4,ESCALATE,EXECUTE,0.4753647787996592,0.5046569423998928,0.0003667280657986851,0.014533823274263056,0.5242684931345419,0.48077604985258343,1.2301976078179035e-32,3.318447326069061e-05,0.5046569423998928,0.5475460284491938
RCSE_000240522,4507028319_00030,ESCALATE,CONTROLLED_CONTRADICTION,INVOICE_VALUE_CONTRADICTION,0.5,74913.0,R4_99_100,ood_test_r4,ESCALATE,ESCALATE,0.15104505972380086,0.02369592781366141,5.6556908783330014e-05,0.00010211223834758642,0.8488983833674159,0.9761682334000354,6.359248295474927e-27,3.372654795555789e-05,0.9761682334000354,0.08188161768660511
RCSE_000235880,4508043859_00010,ESCALATE,CONTROLLED_CONTRADICTION,INVOICE_VALUE_CONTRADICTION,0.5,59755.0,R4_99_100,ood_test_r4,EXECUTE,EXECUTE,0.564731494065509,0.4748920780243674,0.004804719942121378,0.07265700485068134,0.43046378599236956,0.4524196898849374,1.764616018018905e-31,3.1227240013723764e-05,0.4748920780243674,0.6515948289798453
RCSE_000241520,4508044516_00010,ESCALATE,CONTROLLED_CONTRADICTION,INVOICE_VALUE_CONTRADICTION,0.5,54170.0,R4_99_100,ood_test_r4,ESCALATE,EXECUTE,0.45666667975555997,0.5046569423998928,0.0009085323716591348,0.014533823274263056,0.5424247878727809,0.48077604985258343,8.404996199051202e-29,3.318447326069061e-05,0.5046569423998928,0.5475460284491938
RCSE_000233583,4507040890_00010,ESCALATE,CONTROLLED_CONTRADICTION,INVOICE_VALUE_CONTRADICTION,0.5,55744.0,R4_99_100,ood_test_r4,ESCALATE,ESCALATE,0.12823576067653175,0.02369592781366141,5.578286628498041e-06,0.00010211223834758642,0.87175866103684,0.9761682334000354,5.53371180311283e-22,3.372654795555789e-05,0.9761682334000354,0.08188161768660511
RCSE_000240033,4508043967_00010,ESCALATE,CONTROLLED_CONTRADICTION,INVOICE_VALUE_CONTRADICTION,0.5,55744.0,R4_99_100,ood_test_r4,ESCALATE,ESCALATE,0.12857652577474257,0.02369592781366141,5.9785736932275994e-06,0.00010211223834758642,0.8714174956515642,0.9761682334000354,9.70093481759877e-22,3.372654795555789e-05,0.9761682334000354,0.08188161768660511
RCSE_000236221,4507028399_00010,ESCALATE,CONTROLLED_CONTRADICTION,INVOICE_VALUE_CONTRADICTION,0.5,69420.0,R4_99_100,ood_test_r4,ESCALATE,ESCALATE,0.14233731963028146,0.02369592781366141,6.0223680681406235e-05,0.00010211223834758642,0.8576024566890371,0.9761682334000354,2.2237776028070803e-26,3.372654795555789e-05,0.9761682334000354,0.08188161768660511
RCSE_000237942,4508043965_00010,ESCALATE,CONTROLLED_CONTRADICTION,INVOICE_VALUE_CONTRADICTION,0.5,55744.0,R4_99_100,ood_test_r4,ESCALATE,EXECUTE,0.4766429857166975,0.5120475043992396,0.0003206175962179061,0.00010194239551029911,0.5230363966870845,0.4878168827545135,9.397815100750169e-30,3.367045073656265e-05,0.5120475043992396,0.5007442179902334
RCSE_000243103,4508051576_00010,ESCALATE,CONTROLLED_CONTRADICTION,INVOICE_VALUE_CONTRADICTION,0.5,52255.0,R4_99_100,ood_test_r4,ESCALATE,EXECUTE,0.42470775605340066,0.5046569423998928,0.001057861809690114,0.014533823274263056,0.5742343821369092,0.48077604985258343,7.618575934281747e-28,3.318447326069061e-05,0.5046569423998928,0.5475460284491938
RCSE_000232466,4508045102_00020,ESCALATE,CONTROLLED_CONTRADICTION,INVOICE_VALUE_CONTRADICTION,0.5,129197.0,R4_99_100,ood_test_r4,GATHER,GATHER,0.06251675932267454,0.02261293225283129,0.9324948343646173,0.9464343319001004,0.004988406312708129,0.030920550732814103,1.2108645937808923e-63,3.2185114254154766e-05,0.9464343319001004,0.17717266866813036
RCSE_000245426,4508052155_00020,ESCALATE,CONTROLLED_CONTRADICTION,INVOICE_VALUE_CONTRADICTION,0.5,53995.0,R4_99_100,ood_test_r4,ESCALATE,EXECUTE,0.45394760611068474,0.5046569423998928,0.0014111423178556726,0.014533823274263056,0.5446412515714596,0.48077604985258343,9.071686517878935e-29,3.318447326069061e-05,0.5046569423998928,0.5475460284491938
RCSE_000232507,4508050309_00010,ESCALATE,CONTROLLED_CONTRADICTION,INVOICE_VALUE_CONTRADICTION,0.5,53679.0,R4_99_100,ood_test_r4,ESCALATE,ESCALATE,0.12973870205654872,0.02369592781366141,6.827481701807864e-06,0.00010211223834758642,0.8702544704617494,0.9761682334000354,4.059857056984527e-21,3.372654795555789e-05,0.9761682334000354,0.08188161768660511
RCSE_000246647,4507041430_00010,ESCALATE,CONTROLLED_CONTRADICTION,INVOICE_VALUE_CONTRADICTION,0.5,52152.0,R4_99_100,ood_test_r4,ESCALATE,ESCALATE,0.152691247563786,0.02369592781366141,2.8079618059869926e-05,0.00010211223834758642,0.8472806728181542,0.9761682334000354,2.763566412009563e-20,3.372654795555789e-05,0.9761682334000354,0.08188161768660511
RCSE_000237487,4508044944_00010,ESCALATE,CONTROLLED_CONTRADICTION,INVOICE_VALUE_CONTRADICTION,0.5,107955.0,R4_99_100,ood_test_r4,ESCALATE,ESCALATE,0.15576756475571082,0.023353354564206074,0.0006071506231285559,0.014557687526543487,0.8436252846211606,0.9620557189477367,2.8451245464684435e-37,3.3238961513832424e-05,0.9620557189477367,0.13479855977276448
RCSE_000235237,4508053136_00010,ESCALATE,CONTROLLED_CONTRADICTION,INVOICE_VALUE_CONTRADICTION,0.5,52667.0,R4_99_100,ood_test_r4,ESCALATE,ESCALATE,0.11735084435649738,0.02369592781366141,1.4662361245498778e-05,0.00010211223834758642,0.8826344932822572,0.9761682334000354,1.4512299280724458e-20,3.372654795555789e-05,0.9761682334000354,0.08188161768660511
RCSE_000241785,4507025227_00010,ESCALATE,CONTROLLED_CONTRADICTION,INVOICE_VALUE_CONTRADICTION,0.5,62436.0,R4_99_100,ood_test_r4,EXECUTE,EXECUTE,0.5829548294250785,0.5046569423998928,0.0010048583447220783,0.014533823274263056,0.41604031223019955,0.48077604985258343,3.363628712963231e-33,3.318447326069061e-05,0.5046569423998928,0.5475460284491938
RCSE_000235536,4508055337_00010,ESCALATE,CONTROLLED_CONTRADICTION,INVOICE_VALUE_CONTRADICTION,0.5,53679.0,R4_99_100,ood_test_r4,ESCALATE,EXECUTE,0.4591640890693451,0.5120475043992396,0.0003328287729827014,0.00010194239551029911,0.5405030821576723,0.4878168827545135,5.590055710005556e-29,3.367045073656265e-05,0.5120475043992396,0.5007442179902334
RCSE_000238751,4508056291_00010,ESCALATE,CONTROLLED_CONTRADICTION,INVOICE_VALUE_CONTRADICTION,0.5,49550.0,R4_99_100,ood_test_r4,ESCALATE,EXECUTE,0.42528580088732626,0.5120475043992396,0.00020785118094396253,0.00010194239551029911,0.5745063479317297,0.4878168827545135,4.374920104794494e-27,3.367045073656265e-05,0.5120475043992396,0.5007442179902334
RCSE_000242598,4508053154_00010,ESCALATE,CONTROLLED_CONTRADICTION,INVOICE_VALUE_CONTRADICTION,0.5,133811.0,R4_99_100,ood_test_r4,ESCALATE,ESCALATE,0.1521116732177079,0.021973836505056233,0.004356557555065788,0.07276925891214367,0.8435317692272263,0.9052256290971351,5.846299876616033e-45,3.127548566501373e-05,0.9052256290971351,0.2633219288450254
RCSE_000244281,4507034734_00010,ESCALATE,CONTROLLED_CONTRADICTION,INVOICE_VALUE_CONTRADICTION,0.5,101595.0,R4_99_100,ood_test_r4,ESCALATE,ESCALATE,0.11936091174709533,0.02369592781366141,9.43748700417202e-05,0.00010211223834758642,0.8805447133828629,0.9761682334000354,3.884406482049875e-36,3.372654795555789e-05,0.9761682334000354,0.08188161768660511
RCSE_000238058,4508061715_00040,ESCALATE,CONTROLLED_CONTRADICTION,INVOICE_VALUE_CONTRADICTION,0.5,66471.0,R4_99_100,ood_test_r4,ESCALATE,ESCALATE,0.16862579121873214,0.02369592781366141,0.00022555104620919613,0.00010211223834758642,0.8311486577350586,0.9761682334000354,6.640260248794588e-25,3.372654795555789e-05,0.9761682334000354,0.08188161768660511
RCSE_000246244,4508059760_00010,ESCALATE,CONTROLLED_CONTRADICTION,INVOICE_VALUE_CONTRADICTION,0.5,55165.0,R4_99_100,ood_test_r4,EXECUTE,EXECUTE,0.5376643040518742,0.4748920780243674,0.0033449584807041305,0.07265700485068134,0.4589907374674217,0.4524196898849374,2.2166208325240263e-29,3.1227240013723764e-05,0.4748920780243674,0.6515948289798453
RCSE_000234365,4508060256_00010,ESCALATE,CONTROLLED_CONTRADICTION,INVOICE_VALUE_CONTRADICTION,0.5,50749.0,R4_99_100,ood_test_r4,ESCALATE,ESCALATE,0.2200982490644839,0.030455261681240065,5.532745685840446e-05,0.0001016448228731052,0.7798464234786576,0.9694095213301158,2.5126755135161067e-20,3.35721657711071e-05,0.9694095213301158,0.09935304324866885
RCSE_000241340,4508057312_00010,ESCALATE,CONTROLLED_CONTRADICTION,INVOICE_VALUE_CONTRADICTION,0.5,52871.0,R4_99_100,ood_test_r4,ESCALATE,EXECUTE,0.4248472063583655,0.5046569423998928,0.0004742666182285128,0.014533823274263056,0.574678527023406,0.48077604985258343,3.002204186097509e-28,3.318447326069061e-05,0.5046569423998928,0.5475460284491938
RCSE_000243336,4508065763_00010,ESCALATE,CONTROLLED_CONTRADICTION,INVOICE_VALUE_CONTRADICTION,0.5,50749.0,R4_99_100,ood_test_r4,ESCALATE,ESCALATE,0.21351686173456796,0.030455261681240065,5.0332787396176376e-05,0.0001016448228731052,0.7864328054780358,0.9694095213301158,9.963082188519025e-20,3.35721657711071e-05,0.9694095213301158,0.09935304324866885
RCSE_000232448,4508063097_00010,ESCALATE,CONTROLLED_CONTRADICTION,INVOICE_VALUE_CONTRADICTION,0.5,52618.0,R4_99_100,ood_test_r4,ESCALATE,ESCALATE,0.11769007401772769,0.02369592781366141,1.6176278699464754e-05,0.00010211223834758642,0.8822937497035728,0.9761682334000354,1.4452052362153678e-20,3.372654795555789e-05,0.9761682334000354,0.08188161768660511
RCSE_000239608,4508059151_00010,ESCALATE,CONTROLLED_CONTRADICTION,INVOICE_VALUE_CONTRADICTION,0.5,53679.0,R4_99_100,ood_test_r4,ESCALATE,ESCALATE,0.12701899754825013,0.02369592781366141,4.528395072636005e-06,0.00010211223834758642,0.8729764740566771,0.9761682334000354,2.5748130250356376e-21,3.372654795555789e-05,0.9761682334000354,0.08188161768660511
RCSE_000244842,4508045649_00020,ESCALATE,CONTROLLED_CONTRADICTION,INVOICE_VALUE_CONTRADICTION,0.5,71577.0,R4_99_100,ood_test_r4,EXECUTE,EXECUTE,0.636887968344708,0.4748920780243674,0.008026220061150491,0.07265700485068134,0.35508581159414154,0.4524196898849374,9.045906142502128e-37,3.1227240013723764e-05,0.4748920780243674,0.6515948289798453
RCSE_000238359,4507014510_00010,ESCALATE,CONTROLLED_CONTRADICTION,INVOICE_VALUE_CONTRADICTION,0.5,112178.0,R4_99_100,ood_test_r4,EXECUTE,EXECUTE,0.844167208673081,0.4748920780243674,0.0372317050821783,0.07265700485068134,0.11860108624474075,0.4524196898849374,3.0639433560775273e-56,3.1227240013723764e-05,0.4748920780243674,0.6515948289798453
RCSE_000237949,4508047663_00010,ESCALATE,CONTROLLED_CONTRADICTION,INVOICE_VALUE_CONTRADICTION,0.5,112453.0,R4_99_100,ood_test_r4,EXECUTE,EXECUTE,0.5655302226042125,0.3532671186467085,0.3557035372795614,0.31015950138296733,0.07876624011622611,0.33655015036171737,1.8070369384515246e-55,2.322960860671875e-05,0.3532671186467085,0.791630578941228
RCSE_000245876,4508063264_00010,ESCALATE,CONTROLLED_CONTRADICTION,INVOICE_VALUE_CONTRADICTION,0.5,52785.0,R4_99_100,ood_test_r4,ESCALATE,EXECUTE,0.481067862583724,0.5046569423998928,0.0026449132066595007,0.014533823274263056,0.5162872242096165,0.48077604985258343,3.588830842618183e-28,3.318447326069061e-05,0.5046569423998928,0.5475460284491938
RCSE_000235033,4508050043_00010,ESCALATE,CONTROLLED_CONTRADICTION,INVOICE_VALUE_CONTRADICTION,0.5,365472.0,R4_99_100,ood_test_r4,GATHER,GATHER,0.0001336567605988352,0.0013982950662343682,0.9986725811444623,0.9672202007206736,0.0011937620949387876,0.031348873259125346,3.524567562147246e-117,3.2630953966586726e-05,0.9672202007206736,0.1084270742359047
RCSE_000245748,2000052862_00001,ESCALATE,CONTROLLED_CONTRADICTION,INVOICE_VALUE_CONTRADICTION,0.5,126439.0,R4_99_100,ood_test_r4,EXECUTE,EXECUTE,0.8716123232115532,0.4748920780243674,0.04677037241611399,0.07265700485068134,0.08161730437233279,0.4524196898849374,4.33157589049844e-63,3.1227240013723764e-05,0.4748920780243674,0.6515948289798453
RCSE_000240396,2000052947_00001,ESCALATE,CONTROLLED_CONTRADICTION,INVOICE_VALUE_CONTRADICTION,0.5,69282.0,R4_99_100,ood_test_r4,EXECUTE,EXECUTE,0.522611915484593,0.5046569423998928,0.0023865371735298543,0.014533823274263056,0.47500154734187705,0.48077604985258343,1.2295494445129033e-36,3.318447326069061e-05,0.5046569423998928,0.5475460284491938
RCSE_000232554,4508060328_00010,ESCALATE,CONTROLLED_CONTRADICTION,INVOICE_VALUE_CONTRADICTION,0.5,115645.0,R4_99_100,ood_test_r4,GATHER,GATHER,0.30409400285008154,0.3361912083960905,0.6581117453139491,0.3435043948640004,0.03779425183596931,0.32028228998336167,5.079299068473647e-57,2.2106756547220946e-05,0.3435043948640004,0.7923442396858396
RCSE_000242425,4508064846_00010,ESCALATE,CONTROLLED_CONTRADICTION,INVOICE_VALUE_CONTRADICTION,0.5,55400.0,R4_99_100,ood_test_r4,EXECUTE,EXECUTE,0.5172768448975652,0.5014615543932189,0.0026847850319676944,0.02077360031392348,0.48003837007046707,0.4777318709371221,1.8346117055100646e-29,3.297435573538572e-05,0.5014615543932189,0.5625392001988447
RCSE_000237744,4508066595_00010,ESCALATE,CONTROLLED_CONTRADICTION,INVOICE_VALUE_CONTRADICTION,0.5,57148.0,R4_99_100,ood_test_r4,ESCALATE,EXECUTE,0.481125683658228,0.5046569423998928,0.0012772552735528853,0.014533823274263056,0.5175970610682191,0.48077604985258343,6.425194277294532e-30,3.318447326069061e-05,0.5046569423998928,0.5475460284491938
RCSE_000232242,4508057859_00010,ESCALATE,CONTROLLED_CONTRADICTION,INVOICE_VALUE_CONTRADICTION,0.5,107955.0,R4_99_100,ood_test_r4,ESCALATE,ESCALATE,0.1549940967793974,0.023353354564206074,0.0003680967177525427,0.014557687526543487,0.84463780650285,0.9620557189477367,3.7473983550070686e-37,3.3238961513832424e-05,0.9620557189477367,0.13479855977276448
RCSE_000237113,4508047695_00010,ESCALATE,CONTROLLED_CONTRADICTION,INVOICE_VALUE_CONTRADICTION,0.5,112453.0,R4_99_100,ood_test_r4,EXECUTE,EXECUTE,0.6836446807988341,0.41499021224157545,0.2197705740084364,0.18963005662518664,0.09658474519272947,0.395352442830146,3.122075562528952e-55,2.7288303091779305e-05,0.41499021224157545,0.755570537703291
RCSE_000236547,4508072393_00010,ESCALATE,CONTROLLED_CONTRADICTION,INVOICE_VALUE_CONTRADICTION,0.5,50749.0,R4_99_100,ood_test_r4,EXECUTE,EXECUTE,0.5877825865693803,0.5046569423998928,0.0015457422776606752,0.014533823274263056,0.41067167115295916,0.48077604985258343,3.784905728999742e-27,3.318447326069061e-05,0.5046569423998928,0.5475460284491938
RCSE_000233738,4508057378_00010,ESCALATE,CONTROLLED_CONTRADICTION,INVOICE_VALUE_CONTRADICTION,0.5,110740.0,R4_99_100,ood_test_r4,EXECUTE,EXECUTE,0.5548884490827023,0.3532671186467085,0.3652978290198573,0.31015950138296733,0.07981372189744039,0.33655015036171737,1.359237802372783e-54,2.322960860671875e-05,0.3532671186467085,0.791630578941228
RCSE_000236642,4508063982_00010,ESCALATE,CONTROLLED_CONTRADICTION,INVOICE_VALUE_CONTRADICTION,0.5,133811.0,R4_99_100,ood_test_r4,ESCALATE,ESCALATE,0.1543841893610635,0.023353354564206074,0.0024405232776931653,0.014557687526543487,0.8431752873612435,0.9620557189477367,3.8963306608603575e-45,3.3238961513832424e-05,0.9620557189477367,0.13479855977276448
RCSE_000238433,4508063986_00010,ESCALATE,CONTROLLED_CONTRADICTION,INVOICE_VALUE_CONTRADICTION,0.5,133811.0,R4_99_100,ood_test_r4,GATHER,GATHER,0.07151207758905441,0.02261293225283129,0.9235361640673714,0.9464343319001004,0.004951758343574254,0.030920550732814103,5.834463871604817e-66,3.2185114254154766e-05,0.9464343319001004,0.17717266866813036
RCSE_000235804,4508068493_00010,ESCALATE,CONTROLLED_CONTRADICTION,INVOICE_VALUE_CONTRADICTION,0.5,49508.0,R4_99_100,ood_test_r4,ESCALATE,ESCALATE,0.11440212243856497,0.02369592781366141,1.4127486301503693e-05,0.00010211223834758642,0.8855837500751335,0.9761682334000354,4.899788170823203e-19,3.372654795555789e-05,0.9761682334000354,0.08188161768660511
RCSE_000245674,4508059053_00010,ESCALATE,CONTROLLED_CONTRADICTION,INVOICE_VALUE_CONTRADICTION,0.5,96994.0,R4_99_100,ood_test_r4,ESCALATE,ESCALATE,0.12680754900415286,0.02369592781366141,0.000156429977060189,0.00010211223834758642,0.8730360210187869,0.9761682334000354,4.272232027743732e-34,3.372654795555789e-05,0.9761682334000354,0.08188161768660511
RCSE_000242944,4508062887_00010,ESCALATE,CONTROLLED_CONTRADICTION,INVOICE_VALUE_CONTRADICTION,0.5,396071.0,R4_99_100,ood_test_r4,GATHER,GATHER,1.8203444057890736e-14,0.001436733436837446,0.9999999999999818,0.998529738602025,3.612494237222408e-19,0.0,3.8601760588798635e-197,3.352796113766789e-05,0.998529738602025,0.008092504883414935
RCSE_000239048,4508046484_00010,ESCALATE,CONTROLLED_CONTRADICTION,INVOICE_VALUE_CONTRADICTION,0.5,103091.0,R4_99_100,ood_test_r4,ESCALATE,ESCALATE,0.12465401725748568,0.02369592781366141,8.177005656799581e-05,0.00010211223834758642,0.8752642126859463,0.9761682334000354,4.6629290406228224e-36,3.372654795555789e-05,0.9761682334000354,0.08188161768660511
RCSE_000233904,4508066202_00010,ESCALATE,CONTROLLED_CONTRADICTION,INVOICE_VALUE_CONTRADICTION,0.5,56700.0,R4_99_100,ood_test_r4,ESCALATE,EXECUTE,0.47683696847867596,0.5046569423998928,0.000940497762809203,0.014533823274263056,0.522222533758515,0.48077604985258343,9.532116091170627e-30,3.318447326069061e-05,0.5046569423998928,0.5475460284491938
RCSE_000243601,4508069708_00010,ESCALATE,CONTROLLED_CONTRADICTION,INVOICE_VALUE_CONTRADICTION,0.5,55744.0,R4_99_100,ood_test_r4,ESCALATE,EXECUTE,0.4762967840952414,0.5120475043992396,0.00030504965500713143,0.00010194239551029911,0.5233981662497514,0.4878168827545135,1.5682468709927755e-29,3.367045073656265e-05,0.5120475043992396,0.5007442179902334
RCSE_000232164,2000052935_00001,ESCALATE,CONTROLLED_CONTRADICTION,INVOICE_VALUE_CONTRADICTION,0.5,58370.0,R4_99_100,ood_test_r4,ESCALATE,ESCALATE,0.1840661384607236,0.02369592781366141,6.7056583298886425e-06,0.00010211223834758642,0.8159271558809464,0.9761682334000354,1.042797385809349e-23,3.372654795555789e-05,0.9761682334000354,0.08188161768660511
RCSE_000232380,4508075606_00010,ESCALATE,CONTROLLED_CONTRADICTION,INVOICE_VALUE_CONTRADICTION,0.5,228630.0,R4_99_100,ood_test_r4,ESCALATE,ESCALATE,0.15975040773118096,0.021973836505056233,0.027347601292442174,0.07276925891214367,0.8129019909763769,0.9052256290971351,1.5510825744530256e-74,3.127548566501373e-05,0.9052256290971351,0.2633219288450254
RCSE_000232935,4508055465_00010,ESCALATE,CONTROLLED_CONTRADICTION,INVOICE_VALUE_CONTRADICTION,0.5,359306.0,R4_99_100,ood_test_r4,GATHER,GATHER,3.673657445232182e-12,0.001436733436837446,0.999999999996326,0.998529738602025,2.5898676207011615e-16,0.0,6.870536680133364e-178,3.352796113766789e-05,0.998529738602025,0.008092504883414935
RCSE_000236910,4508073580_00010,ESCALATE,CONTROLLED_CONTRADICTION,INVOICE_VALUE_CONTRADICTION,0.5,133811.0,R4_99_100,ood_test_r4,GATHER,GATHER,0.04082124583106878,0.022445385124547246,0.9564072692359309,0.9468312186799488,0.0027714849330003643,0.030691449552024273,6.20411156757828e-66,3.194664347971098e-05,0.9468312186799488,0.17615305744566476
RCSE_000236655,4508070103_00020,ESCALATE,CONTROLLED_CONTRADICTION,INVOICE_VALUE_CONTRADICTION,0.5,133811.0,R4_99_100,ood_test_r4,GATHER,GATHER,0.061046607521984486,0.02261293225283129,0.9347343861247703,0.9464343319001004,0.004219006353245131,0.030920550732814103,9.584290394108133e-66,3.2185114254154766e-05,0.9464343319001004,0.17717266866813036
RCSE_000243778,4508046496_00010,ESCALATE,CONTROLLED_CONTRADICTION,INVOICE_VALUE_CONTRADICTION,0.5,103091.0,R4_99_100,ood_test_r4,EXECUTE,EXECUTE,0.7475119257364261,0.4748920780243674,0.06913257367674239,0.07265700485068134,0.1833555005868314,0.4524196898849374,4.799154779020902e-51,3.1227240013723764e-05,0.4748920780243674,0.6515948289798453
RCSE_000134838,4507000430_00010,ESCALATE,CONTROLLED_CONTRADICTION,PO_VALUE_CONTRADICTION,0.05,3348498.0,R4_99_100,ood_test_r4,GATHER,GATHER,4.922792529447246e-137,0.001436733436837446,1.0,0.998529738602025,3.142131890714408e-157,0.0,0.0,3.352796113766789e-05,0.998529738602025,0.008092504883414935
RCSE_000132119,4507001306_00010,ESCALATE,CONTROLLED_CONTRADICTION,PO_VALUE_CONTRADICTION,0.05,173205.0,R4_99_100,ood_test_r4,GATHER,GATHER,9.552598202476819e-05,0.0014415904104370656,0.9998735831251032,0.997168194188731,3.0890892872046587e-05,0.001356574096176297,4.983948363132688e-106,3.364130465562288e-05,0.997168194188731,0.015553957684369431
RCSE_000132695,4507001973_00010,ESCALATE,CONTROLLED_CONTRADICTION,PO_VALUE_CONTRADICTION,0.05,2868968.0,R4_99_100,ood_test_r4,GATHER,GATHER,5.780500211921899e-130,0.001436733436837446,1.0,0.998529738602025,1.3897840102814403e-145,0.0,0.0,3.352796113766789e-05,0.998529738602025,0.008092504883414935
RCSE_000131604,4507002869_00010,ESCALATE,CONTROLLED_CONTRADICTION,PO_VALUE_CONTRADICTION,0.05,57190.0,R4_99_100,ood_test_r4,ESCALATE,EXECUTE,0.39759427155985877,0.4748920780243674,0.004254173526553781,0.07265700485068134,0.5981515549135875,0.4524196898849374,7.965377993902856e-27,3.1227240013723764e-05,0.4748920780243674,0.6515948289798453
RCSE_000136081,4507003603_00010,ESCALATE,CONTROLLED_CONTRADICTION,PO_VALUE_CONTRADICTION,0.05,65489.0,R4_99_100,ood_test_r4,ESCALATE,EXECUTE,0.35320321408944605,0.5046569423998928,0.001362858577478172,0.014533823274263056,0.6454339273330757,0.48077604985258343,5.236550931302594e-29,3.318447326069061e-05,0.5046569423998928,0.5475460284491938
RCSE_000133965,4507001281_00010,ESCALATE,CONTROLLED_CONTRADICTION,PO_VALUE_CONTRADICTION,0.05,121243.0,R4_99_100,ood_test_r4,GATHER,EXECUTE,0.331457959807269,0.3532671186467085,0.3905193287647764,0.31015950138296733,0.27802271142795454,0.33655015036171737,5.6897588968031613e-70,2.322960860671875e-05,0.3532671186467085,0.791630578941228
RCSE_000138972,4507001607_00070,ESCALATE,CONTROLLED_CONTRADICTION,PO_VALUE_CONTRADICTION,0.05,51961.0,R4_99_100,ood_test_r4,GATHER,GATHER,0.0126313224136781,0.01575400423913034,0.909761787541436,0.6593629835399087,0.07760689004488604,0.32486058945770624,1.9266930315120551e-62,2.242276325456921e-05,0.6593629835399087,0.5089119437562742
RCSE_000136938,4507000890_00010,ESCALATE,CONTROLLED_CONTRADICTION,PO_VALUE_CONTRADICTION,0.05,2078460.0,R4_99_100,ood_test_r4,GATHER,GATHER,3.358328743408648e-65,0.001436733436837446,1.0,0.998529738602025,3.410133270093978e-79,0.0,0.0,3.352796113766789e-05,0.998529738602025,0.008092504883414935
RCSE_000133139,4507005068_00010,ESCALATE,CONTROLLED_CONTRADICTION,PO_VALUE_CONTRADICTION,0.05,54391.0,R4_99_100,ood_test_r4,ESCALATE,EXECUTE,0.34897290172443984,0.5046569423998928,0.0009312723080846013,0.014533823274263056,0.6500958259674754,0.48077604985258343,4.769763126090236e-25,3.318447326069061e-05,0.5046569423998928,0.5475460284491938
RCSE_000139155,2000000070_00001,ESCALATE,CONTROLLED_CONTRADICTION,PO_VALUE_CONTRADICTION,0.05,242487.0,R4_99_100,ood_test_r4,GATHER,GATHER,0.0001901397723211124,0.0014415904104370656,0.9997846556392548,0.997168194188731,2.5204588424194916e-05,0.001356574096176297,4.924605709545415e-106,3.364130465562288e-05,0.997168194188731,0.015553957684369431
RCSE_000137346,2000000057_00001,ESCALATE,CONTROLLED_CONTRADICTION,PO_VALUE_CONTRADICTION,0.05,277128.0,R4_99_100,ood_test_r4,GATHER,GATHER,4.5274052101921174e-08,0.001434793590798254,0.9999999494214186,0.9971815456047864,5.304529227972742e-09,0.0013501781119968526,3.59326228735993e-129,3.348269241839992e-05,0.9971815456047864,0.015490245654545019
RCSE_000129002,2000000058_00001,ESCALATE,CONTROLLED_CONTRADICTION,PO_VALUE_CONTRADICTION,0.05,339481.0,R4_99_100,ood_test_r4,GATHER,GATHER,7.505171043809507e-11,0.001434793590798254,0.9999999999212543,0.9971815456047864,3.694063690358152e-12,0.0013501781119968526,2.108262403490989e-157,3.348269241839992e-05,0.9971815456047864,0.015490245654545019
RCSE_000138805,4507005600_00010,ESCALATE,CONTROLLED_CONTRADICTION,PO_VALUE_CONTRADICTION,0.05,57572.0,R4_99_100,ood_test_r4,ESCALATE,EXECUTE,0.424878983984746,0.5046569423998928,0.0011584500638051533,0.014533823274263056,0.5739625659514489,0.48077604985258343,2.1613186910325693e-25,3.318447326069061e-05,0.5046569423998928,0.5475460284491938
RCSE_000128278,4507008599_00010,ESCALATE,CONTROLLED_CONTRADICTION,PO_VALUE_CONTRADICTION,0.05,53503.0,R4_99_100,ood_test_r4,ESCALATE,EXECUTE,0.34520556641215877,0.5046569423998928,0.0008872155237868594,0.014533823274263056,0.6539072180640544,0.48077604985258343,1.1409102358303293e-24,3.318447326069061e-05,0.5046569423998928,0.5475460284491938
RCSE_000132844,4507005710_00010,ESCALATE,CONTROLLED_CONTRADICTION,PO_VALUE_CONTRADICTION,0.05,805427.0,R4_99_100,ood_test_r4,GATHER,GATHER,1.0418126227095508e-28,0.001436733436837446,1.0,0.998529738602025,2.4069412932164414e-33,0.0,0.0,3.352796113766789e-05,0.998529738602025,0.008092504883414935
RCSE_000140747,4507010304_00010,ESCALATE,CONTROLLED_CONTRADICTION,PO_VALUE_CONTRADICTION,0.05,57409.0,R4_99_100,ood_test_r4,ESCALATE,EXECUTE,0.42275569020823267,0.5046569423998928,0.0016096889058978023,0.014533823274263056,0.5756346208858695,0.48077604985258343,1.9807719517490719e-25,3.318447326069061e-05,0.5046569423998928,0.5475460284491938
RCSE_000135948,4507007874_00010,ESCALATE,CONTROLLED_CONTRADICTION,PO_VALUE_CONTRADICTION,0.05,57459.0,R4_99_100,ood_test_r4,ESCALATE,EXECUTE,0.41886854538892954,0.5046569423998928,0.0013585795340628063,0.014533823274263056,0.5797728750770076,0.48077604985258343,1.3144986460762993e-25,3.318447326069061e-05,0.5046569423998928,0.5475460284491938
RCSE_000137102,4507007870_00010,ESCALATE,CONTROLLED_CONTRADICTION,PO_VALUE_CONTRADICTION,0.05,57459.0,R4_99_100,ood_test_r4,ESCALATE,EXECUTE,0.4214449004778684,0.5046569423998928,0.0012987102678700623,0.014533823274263056,0.5772563892542615,0.48077604985258343,1.8432129806563536e-25,3.318447326069061e-05,0.5046569423998928,0.5475460284491938
RCSE_000129996,4507000709_00020,ESCALATE,CONTROLLED_CONTRADICTION,PO_VALUE_CONTRADICTION,0.05,3342858.0,R4_99_100,ood_test_r4,GATHER,GATHER,4.6760994444540656e-136,0.001436733436837446,1.0,0.998529738602025,5.013124012173279e-157,0.0,0.0,3.352796113766789e-05,0.998529738602025,0.008092504883414935
RCSE_000131814,4507000396_00010,ESCALATE,CONTROLLED_CONTRADICTION,PO_VALUE_CONTRADICTION,0.05,55260.0,R4_99_100,ood_test_r4,ESCALATE,EXECUTE,0.43629177582267564,0.5120475043992396,0.00018468975816320112,0.00010194239551029911,0.5635235344191611,0.4878168827545135,1.3730991820328748e-24,3.367045073656265e-05,0.5120475043992396,0.5007442179902334
RCSE_000129981,4507007934_00010,ESCALATE,CONTROLLED_CONTRADICTION,PO_VALUE_CONTRADICTION,0.05,51615.0,R4_99_100,ood_test_r4,ESCALATE,EXECUTE,0.39729932347680436,0.5046569423998928,0.0010548140273052863,0.014533823274263056,0.6016458624958904,0.48077604985258343,8.484202045674031e-23,3.318447326069061e-05,0.5046569423998928,0.5475460284491938
RCSE_000137534,4507009565_00010,ESCALATE,CONTROLLED_CONTRADICTION,PO_VALUE_CONTRADICTION,0.05,56741.0,R4_99_100,ood_test_r4,EXECUTE,EXECUTE,0.5280537532318298,0.5046569423998928,0.0008652201913175736,0.014533823274263056,0.4710810265768526,0.48077604985258343,3.92838120832164e-25,3.318447326069061e-05,0.5046569423998928,0.5475460284491938
RCSE_000126949,4507002980_00020,ESCALATE,CONTROLLED_CONTRADICTION,PO_VALUE_CONTRADICTION,0.05,49820.0,R4_99_100,ood_test_r4,ESCALATE,EXECUTE,0.4257057007975721,0.5046569423998928,0.0003846410157410562,0.014533823274263056,0.5739096581866867,0.48077604985258343,3.6175589389875555e-23,3.318447326069061e-05,0.5046569423998928,0.5475460284491938
RCSE_000136526,4507009275_00010,ESCALATE,CONTROLLED_CONTRADICTION,PO_VALUE_CONTRADICTION,0.05,54144.0,R4_99_100,ood_test_r4,ESCALATE,EXECUTE,0.36049223884471837,0.5120475043992396,0.00025517070436019185,0.00010194239551029911,0.6392525904509215,0.4878168827545135,4.3680648843573495e-24,3.367045073656265e-05,0.5120475043992396,0.5007442179902334
RCSE_000140390,4507009081_00010,ESCALATE,CONTROLLED_CONTRADICTION,PO_VALUE_CONTRADICTION,0.05,89373.0,R4_99_100,ood_test_r4,EXECUTE,EXECUTE,0.5678449607516196,0.4748920780243674,0.013681947231412424,0.07265700485068134,0.418473092016968,0.4524196898849374,5.109457502218936e-37,3.1227240013723764e-05,0.4748920780243674,0.6515948289798453
RCSE_000132898,4507002448_00010,ESCALATE,CONTROLLED_CONTRADICTION,PO_VALUE_CONTRADICTION,0.05,68852.0,R4_99_100,ood_test_r4,ESCALATE,EXECUTE,0.40047102600939216,0.5046569423998928,0.0020198830199972444,0.014533823274263056,0.5975090909706107,0.48077604985258343,3.022362647371698e-29,3.318447326069061e-05,0.5046569423998928,0.5475460284491938
RCSE_000129907,4507009927_00010,ESCALATE,CONTROLLED_CONTRADICTION,PO_VALUE_CONTRADICTION,0.05,54802.0,R4_99_100,ood_test_r4,ESCALATE,EXECUTE,0.35980108534671396,0.5046569423998928,0.0006358595773457476,0.014533823274263056,0.6395630550759401,0.48077604985258343,2.7891894414372498e-24,3.318447326069061e-05,0.5046569423998928,0.5475460284491938
RCSE_000138550,4507010328_00010,ESCALATE,CONTROLLED_CONTRADICTION,PO_VALUE_CONTRADICTION,0.05,147934.0,R4_99_100,ood_test_r4,GATHER,EXECUTE,0.3902200798069871,0.3532671186467085,0.5190550851462481,0.31015950138296733,0.09072483504676492,0.33655015036171737,1.596456783173777e-58,2.322960860671875e-05,0.3532671186467085,0.791630578941228
RCSE_000130268,4507014404_00010,ESCALATE,CONTROLLED_CONTRADICTION,PO_VALUE_CONTRADICTION,0.05,56912.0,R4_99_100,ood_test_r4,ESCALATE,EXECUTE,0.39932221249874367,0.4748920780243674,0.0037029089476801453,0.07265700485068134,0.5969748785535763,0.4524196898849374,1.360483332322049e-26,3.1227240013723764e-05,0.4748920780243674,0.6515948289798453
RCSE_000138255,4507004489_00010,ESCALATE,CONTROLLED_CONTRADICTION,PO_VALUE_CONTRADICTION,0.05,127742.0,R4_99_100,ood_test_r4,GATHER,EXECUTE,0.3016163481108096,0.3532671186467085,0.5539960042726298,0.31015950138296733,0.1443876476165606,0.33655015036171737,4.717995237079073e-54,2.322960860671875e-05,0.3532671186467085,0.791630578941228
RCSE_000138631,4507009157_00190,ESCALATE,CONTROLLED_CONTRADICTION,PO_VALUE_CONTRADICTION,0.05,58943.0,R4_99_100,ood_test_r4,ESCALATE,EXECUTE,0.4459491762464787,0.4748920780243674,0.0035384171612551025,0.07265700485068134,0.5505124065922662,0.4524196898849374,1.6618026169829483e-26,3.1227240013723764e-05,0.4748920780243674,0.6515948289798453
RCSE_000134614,4507013220_00010,ESCALATE,CONTROLLED_CONTRADICTION,PO_VALUE_CONTRADICTION,0.05,89373.0,R4_99_100,ood_test_r4,EXECUTE,EXECUTE,0.5117999060686541,0.4748920780243674,0.06190978913596518,0.07265700485068134,0.4262903047953807,0.4524196898849374,8.433975465344432e-39,3.1227240013723764e-05,0.4748920780243674,0.6515948289798453
RCSE_000127750,4507010120_00010,ESCALATE,CONTROLLED_CONTRADICTION,PO_VALUE_CONTRADICTION,0.05,58799.0,R4_99_100,ood_test_r4,ESCALATE,EXECUTE,0.45055872819420073,0.5046569423998928,0.0008013026677645388,0.014533823274263056,0.5486399691380347,0.48077604985258343,1.0271176599193466e-25,3.318447326069061e-05,0.5046569423998928,0.5475460284491938
RCSE_000134439,4507003712_00070,ESCALATE,CONTROLLED_CONTRADICTION,PO_VALUE_CONTRADICTION,0.05,49741.0,R4_99_100,ood_test_r4,ESCALATE,EXECUTE,0.3884375757249391,0.5046569423998928,0.0013026158249093013,0.014533823274263056,0.6102598084501516,0.48077604985258343,7.292087799348445e-23,3.318447326069061e-05,0.5046569423998928,0.5475460284491938
RCSE_000134072,4507015597_00010,ESCALATE,CONTROLLED_CONTRADICTION,PO_VALUE_CONTRADICTION,0.05,56909.0,R4_99_100,ood_test_r4,ESCALATE,EXECUTE,0.41921184976589215,0.5046569423998928,0.0013373702261578338,0.014533823274263056,0.57945078000795,0.48077604985258343,1.7445671682204383e-25,3.318447326069061e-05,0.5046569423998928,0.5475460284491938
RCSE_000135800,2000000122_00001,ESCALATE,CONTROLLED_CONTRADICTION,PO_VALUE_CONTRADICTION,0.05,52537.0,R4_99_100,ood_test_r4,ESCALATE,EXECUTE,0.3409766641347106,0.5120475043992396,5.440118872724171e-05,0.00010194239551029911,0.6589689346765623,0.4878168827545135,2.794265963514941e-28,3.367045073656265e-05,0.5120475043992396,0.5007442179902334
RCSE_000139399,4507020649_00010,ESCALATE,CONTROLLED_CONTRADICTION,PO_VALUE_CONTRADICTION,0.05,59569.0,R4_99_100,ood_test_r4,ESCALATE,EXECUTE,0.39660032174345883,0.5120475043992396,0.0002956223650123595,0.00010194239551029911,0.6031040558915287,0.4878168827545135,1.0253429767519627e-26,3.367045073656265e-05,0.5120475043992396,0.5007442179902334
RCSE_000136305,4507011990_00010,ESCALATE,CONTROLLED_CONTRADICTION,PO_VALUE_CONTRADICTION,0.05,125159.0,R4_99_100,ood_test_r4,EXECUTE,EXECUTE,0.5030948373772214,0.3958248565465035,0.23965503642727984,0.2270551036533625,0.2572501261954988,0.377094011743717,1.1581881756584527e-49,2.6028056416938604e-05,0.3958248565465035,0.7729289668673819
RCSE_000140211,4507014963_00020,ESCALATE,CONTROLLED_CONTRADICTION,PO_VALUE_CONTRADICTION,0.05,70494.0,R4_99_100,ood_test_r4,ESCALATE,EXECUTE,0.4335528316972758,0.5046569423998928,0.00046668711395541794,0.014533823274263056,0.5659804811887689,0.48077604985258343,1.0213563528250019e-29,3.318447326069061e-05,0.5046569423998928,0.5475460284491938
RCSE_000139808,4507018575_00010,ESCALATE,CONTROLLED_CONTRADICTION,PO_VALUE_CONTRADICTION,0.05,50132.0,R4_99_100,ood_test_r4,ESCALATE,EXECUTE,0.30957419718057033,0.5046569423998928,0.0007810619838035811,0.014533823274263056,0.689644740835626,0.48077604985258343,3.4654029072109366e-23,3.318447326069061e-05,0.5046569423998928,0.5475460284491938
RCSE_000135997,4507018225_00010,ESCALATE,CONTROLLED_CONTRADICTION,PO_VALUE_CONTRADICTION,0.05,51268.0,R4_99_100,ood_test_r4,ESCALATE,EXECUTE,0.32939867612786855,0.5046569423998928,0.0006285110056584056,0.014533823274263056,0.669972812866473,0.48077604985258343,2.747752251455417e-24,3.318447326069061e-05,0.5046569423998928,0.5475460284491938
RCSE_000137578,4507019197_00010,ESCALATE,CONTROLLED_CONTRADICTION,PO_VALUE_CONTRADICTION,0.05,70494.0,R4_99_100,ood_test_r4,ESCALATE,EXECUTE,0.410924786451427,0.5046569423998928,0.0020862743447113957,0.014533823274263056,0.5869889392038617,0.48077604985258343,4.47692594833585e-31,3.318447326069061e-05,0.5046569423998928,0.5475460284491938
RCSE_000134248,4507020659_00010,ESCALATE,CONTROLLED_CONTRADICTION,PO_VALUE_CONTRADICTION,0.05,56801.0,R4_99_100,ood_test_r4,ESCALATE,EXECUTE,0.42220697831248116,0.5046569423998928,0.0012217151476876407,0.014533823274263056,0.5765713065398312,0.48077604985258343,4.319500057257559e-25,3.318447326069061e-05,0.5046569423998928,0.5475460284491938
RCSE_000140185,4507019905_00010,ESCALATE,CONTROLLED_CONTRADICTION,PO_VALUE_CONTRADICTION,0.05,53541.0,R4_99_100,ood_test_r4,ESCALATE,EXECUTE,0.3437716257166755,0.5046569423998928,0.0008938582592253086,0.014533823274263056,0.6553345160240991,0.48077604985258343,7.50575934511575e-25,3.318447326069061e-05,0.5046569423998928,0.5475460284491938
RCSE_000128568,4507016036_00010,ESCALATE,CONTROLLED_CONTRADICTION,PO_VALUE_CONTRADICTION,0.05,51286.0,R4_99_100,ood_test_r4,ESCALATE,EXECUTE,0.4112823681695452,0.5046569423998928,0.0004493792449435054,0.014533823274263056,0.5882682525855112,0.48077604985258343,1.7265374734171693e-24,3.318447326069061e-05,0.5046569423998928,0.5475460284491938
RCSE_000141267,4507017325_00010,ESCALATE,CONTROLLED_CONTRADICTION,PO_VALUE_CONTRADICTION,0.05,63219.0,R4_99_100,ood_test_r4,ESCALATE,EXECUTE,0.46550351429843484,0.5046569423998928,0.0009259533402885378,0.014533823274263056,0.5335705323612767,0.48077604985258343,2.1852651367783065e-27,3.318447326069061e-05,0.5046569423998928,0.5475460284491938
RCSE_000133953,4507021769_00010,ESCALATE,CONTROLLED_CONTRADICTION,PO_VALUE_CONTRADICTION,0.05,147934.0,R4_99_100,ood_test_r4,GATHER,EXECUTE,0.31417244805774475,0.3532671186467085,0.6131947293545861,0.31015950138296733,0.07263282258766912,0.33655015036171737,1.5217255851267379e-58,2.322960860671875e-05,0.3532671186467085,0.791630578941228
RCSE_000130239,4507024258_00010,ESCALATE,CONTROLLED_CONTRADICTION,PO_VALUE_CONTRADICTION,0.05,55827.0,R4_99_100,ood_test_r4,ESCALATE,EXECUTE,0.34864833162052183,0.5046569423998928,0.001778602081348884,0.014533823274263056,0.6495730662981293,0.48077604985258343,5.57815585073126e-26,3.318447326069061e-05,0.5046569423998928,0.5475460284491938
RCSE_000139578,4507023331_00010,ESCALATE,CONTROLLED_CONTRADICTION,PO_VALUE_CONTRADICTION,0.05,56675.0,R4_99_100,ood_test_r4,ESCALATE,EXECUTE,0.42129584177968443,0.5046569423998928,0.0013163971110280945,0.014533823274263056,0.5773877611092875,0.48077604985258343,5.246666014495965e-25,3.318447326069061e-05,0.5046569423998928,0.5475460284491938
RCSE_000128801,4507000693_00010,ESCALATE,CONTROLLED_CONTRADICTION,PO_VALUE_CONTRADICTION,0.05,1922576.0,R4_99_100,ood_test_r4,GATHER,GATHER,2.8535389820106235e-57,0.001436733436837446,1.0,0.998529738602025,1.590887516192138e-70,0.0,0.0,3.352796113766789e-05,0.998529738602025,0.008092504883414935
RCSE_000136280,4507018070_00010,ESCALATE,CONTROLLED_CONTRADICTION,PO_VALUE_CONTRADICTION,0.05,55557.0,R4_99_100,ood_test_r4,ESCALATE,EXECUTE,0.3615446378155005,0.5120475043992396,0.00010144798865508348,0.00010194239551029911,0.6383539141958444,0.4878168827545135,3.7993693959075036e-26,3.367045073656265e-05,0.5120475043992396,0.5007442179902334
RCSE_000127799,2000013457_00001,ESCALATE,CONTROLLED_CONTRADICTION,PO_VALUE_CONTRADICTION,0.05,93184.0,R4_99_100,ood_test_r4,ESCALATE,EXECUTE,0.43156975907101525,0.4748920780243674,0.014384706151816353,0.07265700485068134,0.5540455347771684,0.4524196898849374,4.4377321596348493e-45,3.1227240013723764e-05,0.4748920780243674,0.6515948289798453
RCSE_000132915,4507005387_00010,ESCALATE,CONTROLLED_CONTRADICTION,PO_VALUE_CONTRADICTION,0.05,111637.0,R4_99_100,ood_test_r4,EXECUTE,EXECUTE,0.6464897091198313,0.4748920780243674,0.013282308531516596,0.07265700485068134,0.34022798234865204,0.4524196898849374,2.4171405549887508e-45,3.1227240013723764e-05,0.4748920780243674,0.6515948289798453
RCSE_000141108,4507013748_00010,ESCALATE,CONTROLLED_CONTRADICTION,PO_VALUE_CONTRADICTION,0.05,49479.0,R4_99_100,ood_test_r4,ESCALATE,EXECUTE,0.3892691162617192,0.5120475043992396,0.0003175888528202584,0.00010194239551029911,0.6104132948854606,0.4878168827545135,1.3131705464780536e-23,3.367045073656265e-05,0.5120475043992396,0.5007442179902334
RCSE_000133437,4507017982_00010,ESCALATE,CONTROLLED_CONTRADICTION,PO_VALUE_CONTRADICTION,0.05,127742.0,R4_99_100,ood_test_r4,GATHER,EXECUTE,0.319027432028527,0.3532671186467085,0.5284573274919876,0.31015950138296733,0.1525152404794854,0.33655015036171737,4.51371769765391e-54,2.322960860671875e-05,0.3532671186467085,0.791630578941228
RCSE_000141149,4507014172_00010,ESCALATE,CONTROLLED_CONTRADICTION,PO_VALUE_CONTRADICTION,0.05,112178.0,R4_99_100,ood_test_r4,EXECUTE,EXECUTE,0.5223174625029352,0.42913668131373434,0.1652075401065044,0.16200561392077534,0.3124749973905604,0.4088294862401322,9.588247941073045e-48,2.8218525358069368e-05,0.42913668131373434,0.738578612721339
RCSE_000135077,4507027609_00010,ESCALATE,CONTROLLED_CONTRADICTION,PO_VALUE_CONTRADICTION,0.05,179976.0,R4_99_100,ood_test_r4,GATHER,GATHER,0.054079692750523226,0.017926280411733372,0.9359467664085459,0.7502807258801418,0.00997354084093093,0.2317674791319189,8.422866051809738e-71,2.5514576205897222e-05,0.7502807258801418,0.4521193735700544
RCSE_000137442,2000013523_00001,ESCALATE,CONTROLLED_CONTRADICTION,PO_VALUE_CONTRADICTION,0.05,76210.0,R4_99_100,ood_test_r4,ESCALATE,EXECUTE,0.39137987649973394,0.5046569423998928,0.001021512062537623,0.014533823274263056,0.6075986114377283,0.48077604985258343,4.149940636577834e-40,3.318447326069061e-05,0.5046569423998928,0.5475460284491938
RCSE_000137433,4507014498_00010,ESCALATE,CONTROLLED_CONTRADICTION,PO_VALUE_CONTRADICTION,0.05,112178.0,R4_99_100,ood_test_r4,EXECUTE,EXECUTE,0.5314118182036777,0.42913668131373434,0.15039355293680504,0.16200561392077534,0.3181946288595173,0.4088294862401322,9.153006318866658e-48,2.8218525358069368e-05,0.42913668131373434,0.738578612721339
RCSE_000138853,2000013531_00001,ESCALATE,CONTROLLED_CONTRADICTION,PO_VALUE_CONTRADICTION,0.05,240216.0,R4_99_100,ood_test_r4,GATHER,GATHER,0.006932429334680848,0.02304687022131235,0.9926731039480068,0.9723121609010527,0.00039446671731228287,0.004608166137018165,1.2350190625827981e-95,3.280274061674337e-05,0.9723121609010527,0.10050038317013048
RCSE_000138970,4507019372_00010,ESCALATE,CONTROLLED_CONTRADICTION,PO_VALUE_CONTRADICTION,0.05,54668.0,R4_99_100,ood_test_r4,ESCALATE,EXECUTE,0.35807896953965923,0.5120475043992396,0.00012769991985946822,0.00010194239551029911,0.6417933305404813,0.4878168827545135,5.799416088584241e-26,3.367045073656265e-05,0.5120475043992396,0.5007442179902334
RCSE_000133564,2000000102_00001,ESCALATE,CONTROLLED_CONTRADICTION,PO_VALUE_CONTRADICTION,0.05,132664.0,R4_99_100,ood_test_r4,EXECUTE,EXECUTE,0.5610240330859266,0.4748920780243674,0.055349856417918654,0.07265700485068134,0.3836261104961547,0.4524196898849374,4.570838653180488e-62,3.1227240013723764e-05,0.4748920780243674,0.6515948289798453
RCSE_000128178,4507030219_00010,ESCALATE,CONTROLLED_CONTRADICTION,PO_VALUE_CONTRADICTION,0.05,69108.0,R4_99_100,ood_test_r4,ESCALATE,EXECUTE,0.48394189244193986,0.4748920780243674,0.0045171277752260415,0.07265700485068134,0.511540979782834,0.4524196898849374,3.280180121951496e-29,3.1227240013723764e-05,0.4748920780243674,0.6515948289798453
RCSE_000140340,4507023550_00010,ESCALATE,CONTROLLED_CONTRADICTION,PO_VALUE_CONTRADICTION,0.05,130700.0,R4_99_100,ood_test_r4,GATHER,GATHER,0.16863256357521886,0.017662312434479088,0.7629293223713762,0.6181010668688859,0.06843811405340494,0.36421148182754276,2.2792512684521623e-55,2.513886909226964e-05,0.6181010668688859,0.5314806196603253
RCSE_000135813,4507024387_00050,ESCALATE,CONTROLLED_CONTRADICTION,PO_VALUE_CONTRADICTION,0.05,49554.0,R4_99_100,ood_test_r4,ESCALATE,EXECUTE,0.4102926799118446,0.5046569423998928,0.0009055930701698959,0.014533823274263056,0.5888017270179856,0.48077604985258343,4.229087244201447e-23,3.318447326069061e-05,0.5046569423998928,0.5475460284491938
RCSE_000136686,4507030053_00010,ESCALATE,CONTROLLED_CONTRADICTION,PO_VALUE_CONTRADICTION,0.05,55557.0,R4_99_100,ood_test_r4,ESCALATE,EXECUTE,0.35305393166281535,0.5120475043992396,0.00026078460882378345,0.00010194239551029911,0.6466852837283609,0.4878168827545135,2.4635977658132454e-26,3.367045073656265e-05,0.5120475043992396,0.5007442179902334
RCSE_000134345,4507030626_00010,ESCALATE,CONTROLLED_CONTRADICTION,PO_VALUE_CONTRADICTION,0.05,55557.0,R4_99_100,ood_test_r4,ESCALATE,EXECUTE,0.3536238090819947,0.5120475043992396,0.0002889126829624339,0.00010194239551029911,0.6460872782350428,0.4878168827545135,2.5280597411097256e-26,3.367045073656265e-05,0.5120475043992396,0.5007442179902334
RCSE_000131535,4507029783_00010,ESCALATE,CONTROLLED_CONTRADICTION,PO_VALUE_CONTRADICTION,0.05,112453.0,R4_99_100,ood_test_r4,GATHER,EXECUTE,0.3350760655077254,0.3532671186467085,0.4632667838299558,0.31015950138296733,0.20165715066231873,0.33655015036171737,1.8195550470294426e-47,2.322960860671875e-05,0.3532671186467085,0.791630578941228
RCSE_000130755,4507021465_00010,ESCALATE,CONTROLLED_CONTRADICTION,PO_VALUE_CONTRADICTION,0.05,105785.0,R4_99_100,ood_test_r4,EXECUTE,EXECUTE,0.6411791231430102,0.4748920780243674,0.027518625790892447,0.07265700485068134,0.3313022510660974,0.4524196898849374,3.5360025594764314e-43,3.1227240013723764e-05,0.4748920780243674,0.6515948289798453
RCSE_000133275,4507023225_00010,ESCALATE,CONTROLLED_CONTRADICTION,PO_VALUE_CONTRADICTION,0.05,127742.0,R4_99_100,ood_test_r4,EXECUTE,EXECUTE,0.602258173620457,0.4504922917394507,0.13536532806542026,0.1203035585447123,0.2623764983141228,0.4291745269203231,1.677064697058515e-51,2.9622795513886138e-05,0.4504922917394507,0.7050049012707168
RCSE_000137770,4507031231_00010,ESCALATE,CONTROLLED_CONTRADICTION,PO_VALUE_CONTRADICTION,0.05,51206.0,R4_99_100,ood_test_r4,ESCALATE,EXECUTE,0.4462495386371235,0.5120475043992396,0.00015779242816241342,0.00010194239551029911,0.5535926689347139,0.4878168827545135,7.52566698379482e-23,3.367045073656265e-05,0.5120475043992396,0.5007442179902334
RCSE_000129027,4507012177_00010,ESCALATE,CONTROLLED_CONTRADICTION,PO_VALUE_CONTRADICTION,0.05,101595.0,R4_99_100,ood_test_r4,EXECUTE,EXECUTE,0.5527886577172739,0.4748920780243674,0.005455240108096869,0.07265700485068134,0.44175610217462924,0.4524196898849374,9.773624155576207e-42,3.1227240013723764e-05,0.4748920780243674,0.6515948289798453
RCSE_000127877,4507020334_00010,ESCALATE,CONTROLLED_CONTRADICTION,PO_VALUE_CONTRADICTION,0.05,109493.0,R4_99_100,ood_test_r4,EXECUTE,EXECUTE,0.5797317493947858,0.4748920780243674,0.0204095619418574,0.07265700485068134,0.3998586886633568,0.4524196898849374,2.7494601805938533e-44,3.1227240013723764e-05,0.4748920780243674,0.6515948289798453
RCSE_000128736,2000013622_00001,ESCALATE,CONTROLLED_CONTRADICTION,PO_VALUE_CONTRADICTION,0.05,129903.0,R4_99_100,ood_test_r4,EXECUTE,EXECUTE,0.6149788876933151,0.4748920780243674,0.04866848657350014,0.07265700485068134,0.33635262573318486,0.4524196898849374,4.323182072505888e-57,3.1227240013723764e-05,0.4748920780243674,0.6515948289798453
RCSE_000127498,4507025531_00010,ESCALATE,CONTROLLED_CONTRADICTION,PO_VALUE_CONTRADICTION,0.05,49575.0,R4_99_100,ood_test_r4,ESCALATE,EXECUTE,0.3465032911492206,0.5120475043992396,9.38063298476335e-05,0.00010194239551029911,0.6534029025209317,0.4878168827545135,1.8027410982982127e-22,3.367045073656265e-05,0.5120475043992396,0.5007442179902334
RCSE_000138687,4507037236_00010,ESCALATE,CONTROLLED_CONTRADICTION,PO_VALUE_CONTRADICTION,0.05,55085.0,R4_99_100,ood_test_r4,ESCALATE,EXECUTE,0.4137410728627331,0.5046569423998928,0.0012333582988417343,0.014533823274263056,0.5850255688384253,0.48077604985258343,1.2915397357029203e-24,3.318447326069061e-05,0.5046569423998928,0.5475460284491938
RCSE_000139864,4507034201_00010,ESCALATE,CONTROLLED_CONTRADICTION,PO_VALUE_CONTRADICTION,0.05,55224.0,R4_99_100,ood_test_r4,ESCALATE,EXECUTE,0.4116267478573565,0.5046569423998928,0.0010292864415008477,0.014533823274263056,0.5873439657011426,0.48077604985258343,7.031126366777014e-25,3.318447326069061e-05,0.5046569423998928,0.5475460284491938
RCSE_000127859,4507027737_00010,ESCALATE,CONTROLLED_CONTRADICTION,PO_VALUE_CONTRADICTION,0.05,60621.0,R4_99_100,ood_test_r4,ESCALATE,EXECUTE,0.38846469227033664,0.5120475043992396,0.0003251815339348749,0.00010194239551029911,0.6112101261957283,0.4878168827545135,2.4395867900165738e-26,3.367045073656265e-05,0.5120475043992396,0.5007442179902334
RCSE_000137628,4507037215_00010,ESCALATE,CONTROLLED_CONTRADICTION,PO_VALUE_CONTRADICTION,0.05,55085.0,R4_99_100,ood_test_r4,ESCALATE,EXECUTE,0.39306545505424095,0.4748920780243674,0.0032342223210159887,0.07265700485068134,0.603700322624743,0.4524196898849374,6.946770832957932e-26,3.1227240013723764e-05,0.4748920780243674,0.6515948289798453
RCSE_000137956,2000013658_00001,ESCALATE,CONTROLLED_CONTRADICTION,PO_VALUE_CONTRADICTION,0.05,88202.0,R4_99_100,ood_test_r4,ESCALATE,EXECUTE,0.41105154078742545,0.4748920780243674,0.003227540448866694,0.07265700485068134,0.5857209187637079,0.4524196898849374,5.166229825998097e-40,3.1227240013723764e-05,0.4748920780243674,0.6515948289798453
RCSE_000138992,4507037214_00010,ESCALATE,CONTROLLED_CONTRADICTION,PO_VALUE_CONTRADICTION,0.05,55085.0,R4_99_100,ood_test_r4,ESCALATE,EXECUTE,0.41079518877286275,0.5046569423998928,0.0011265620078092008,0.014533823274263056,0.5880782492193282,0.48077604985258343,8.654819040535807e-25,3.318447326069061e-05,0.5046569423998928,0.5475460284491938
RCSE_000136961,4507014515_00010,ESCALATE,CONTROLLED_CONTRADICTION,PO_VALUE_CONTRADICTION,0.05,112178.0,R4_99_100,ood_test_r4,EXECUTE,EXECUTE,0.6489596020084869,0.4748920780243674,0.011641531827147597,0.07265700485068134,0.33939886616436554,0.4524196898849374,1.424778662690601e-45,3.1227240013723764e-05,0.4748920780243674,0.6515948289798453
RCSE_000128977,4507020747_00010,ESCALATE,CONTROLLED_CONTRADICTION,PO_VALUE_CONTRADICTION,0.05,65286.0,R4_99_100,ood_test_r4,ESCALATE,EXECUTE,0.2792510959094992,0.5046569423998928,0.00038630561905082756,0.014533823274263056,0.7203625984714499,0.48077604985258343,1.5944246362776312e-39,3.318447326069061e-05,0.5046569423998928,0.5475460284491938
RCSE_000136343,4507037314_00010,ESCALATE,CONTROLLED_CONTRADICTION,PO_VALUE_CONTRADICTION,0.05,59538.0,R4_99_100,ood_test_r4,ESCALATE,EXECUTE,0.4257338747360663,0.4748920780243674,0.0036678667609680153,0.07265700485068134,0.5705982585029657,0.4524196898849374,2.6926534073471892e-27,3.1227240013723764e-05,0.4748920780243674,0.6515948289798453
RCSE_000135177,4507032596_00010,ESCALATE,CONTROLLED_CONTRADICTION,PO_VALUE_CONTRADICTION,0.05,109493.0,R4_99_100,ood_test_r4,EXECUTE,EXECUTE,0.41881482835269734,0.3823252181387167,0.24371310283562733,0.2534164511969773,0.33747206881167524,0.364233190296836,5.127111696412353e-47,2.5140367469984197e-05,0.3823252181387167,0.7816501082366815
RCSE_000127537,4507040061_00010,ESCALATE,CONTROLLED_CONTRADICTION,PO_VALUE_CONTRADICTION,0.05,51615.0,R4_99_100,ood_test_r4,ESCALATE,EXECUTE,0.42279393284367345,0.5046569423998928,0.0005761980157992598,0.014533823274263056,0.5766298691405274,0.48077604985258343,3.7611991920658533e-23,3.318447326069061e-05,0.5046569423998928,0.5475460284491938
RCSE_000137100,4507032217_00010,ESCALATE,CONTROLLED_CONTRADICTION,PO_VALUE_CONTRADICTION,0.05,55378.0,R4_99_100,ood_test_r4,ESCALATE,EXECUTE,0.35348564674014327,0.5046569423998928,0.0005248714407179547,0.014533823274263056,0.6459894818191387,0.48077604985258343,1.1384500120339169e-25,3.318447326069061e-05,0.5046569423998928,0.5475460284491938
RCSE_000133015,4507040204_00010,ESCALATE,CONTROLLED_CONTRADICTION,PO_VALUE_CONTRADICTION,0.05,54133.0,R4_99_100,ood_test_r4,ESCALATE,EXECUTE,0.3932579800372548,0.5046569423998928,0.0022839372675653334,0.014533823274263056,0.6044580826951799,0.48077604985258343,3.2285656329537416e-25,3.318447326069061e-05,0.5046569423998928,0.5475460284491938
RCSE_000139843,4507034497_00010,ESCALATE,CONTROLLED_CONTRADICTION,PO_VALUE_CONTRADICTION,0.05,89373.0,R4_99_100,ood_test_r4,EXECUTE,EXECUTE,0.5723647805425127,0.4748920780243674,0.0086133152911246,0.07265700485068134,0.4190219041663627,0.4524196898849374,5.712564791441147e-37,3.1227240013723764e-05,0.4748920780243674,0.6515948289798453
RCSE_000138643,4507036344_00010,ESCALATE,CONTROLLED_CONTRADICTION,PO_VALUE_CONTRADICTION,0.05,55557.0,R4_99_100,ood_test_r4,ESCALATE,EXECUTE,0.3796676696622692,0.5120475043992396,9.005194974993191e-05,0.00010194239551029911,0.6202422783879808,0.4878168827545135,7.993691445729918e-25,3.367045073656265e-05,0.5120475043992396,0.5007442179902334
RCSE_000133312,4507035987_00010,ESCALATE,CONTROLLED_CONTRADICTION,PO_VALUE_CONTRADICTION,0.05,49213.0,R4_99_100,ood_test_r4,ESCALATE,EXECUTE,0.33196950446790024,0.5094703725066864,0.00035135868174373587,0.005134423076336722,0.6676791368503561,0.48536170342940865,3.169429747076283e-23,3.350098756823485e-05,0.5094703725066864,0.5206976561220139
RCSE_000133716,4508043360_00010,ESCALATE,CONTROLLED_CONTRADICTION,PO_VALUE_CONTRADICTION,0.05,55694.0,R4_99_100,ood_test_r4,ESCALATE,EXECUTE,0.37260251649909387,0.5046569423998928,0.0008241421526030436,0.014533823274263056,0.6265733413483031,0.48077604985258343,3.0852930455323304e-26,3.318447326069061e-05,0.5046569423998928,0.5475460284491938
RCSE_000134884,4507038283_00010,ESCALATE,CONTROLLED_CONTRADICTION,PO_VALUE_CONTRADICTION,0.05,134887.0,R4_99_100,ood_test_r4,EXECUTE,EXECUTE,0.4586355424458823,0.3532671186467085,0.3207825425090873,0.31015950138296733,0.22058191504503044,0.33655015036171737,1.6322452438861642e-53,2.322960860671875e-05,0.3532671186467085,0.791630578941228
RCSE_000127369,4507036505_00010,ESCALATE,CONTROLLED_CONTRADICTION,PO_VALUE_CONTRADICTION,0.05,56752.0,R4_99_100,ood_test_r4,ESCALATE,EXECUTE,0.4168079389191336,0.5046569423998928,0.0006850805587882098,0.014533823274263056,0.5825069805220783,0.48077604985258343,2.445498128547595e-25,3.318447326069061e-05,0.5046569423998928,0.5475460284491938
RCSE_000137157,4507038616_00010,ESCALATE,CONTROLLED_CONTRADICTION,PO_VALUE_CONTRADICTION,0.05,63652.0,R4_99_100,ood_test_r4,ESCALATE,EXECUTE,0.4598836425731839,0.5046569423998928,0.002199824734574254,0.014533823274263056,0.5379165326922418,0.48077604985258343,8.579428811517883e-29,3.318447326069061e-05,0.5046569423998928,0.5475460284491938
RCSE_000140339,4507031334_00010,ESCALATE,CONTROLLED_CONTRADICTION,PO_VALUE_CONTRADICTION,0.05,69399.0,R4_99_100,ood_test_r4,EXECUTE,EXECUTE,0.5639595174927164,0.5120475043992396,6.445027210181369e-05,0.00010194239551029911,0.4359760322351818,0.4878168827545135,5.966982476970483e-31,3.367045073656265e-05,0.5120475043992396,0.5007442179902334
RCSE_000140052,4507040888_00010,ESCALATE,CONTROLLED_CONTRADICTION,PO_VALUE_CONTRADICTION,0.05,55744.0,R4_99_100,ood_test_r4,ESCALATE,EXECUTE,0.3544159279467898,0.5120475043992396,0.0002964942582666672,0.00010194239551029911,0.6452875777949436,0.4878168827545135,2.1295272257213522e-26,3.367045073656265e-05,0.5120475043992396,0.5007442179902334
RCSE_000135882,4507040889_00010,ESCALATE,CONTROLLED_CONTRADICTION,PO_VALUE_CONTRADICTION,0.05,55744.0,R4_99_100,ood_test_r4,ESCALATE,EXECUTE,0.3785416383413838,0.5120475043992396,0.00011007535985037937,0.00010194239551029911,0.6213482862987658,0.4878168827545135,9.061492477102666e-25,3.367045073656265e-05,0.5120475043992396,0.5007442179902334
RCSE_000130350,4507039112_00010,ESCALATE,CONTROLLED_CONTRADICTION,PO_VALUE_CONTRADICTION,0.05,59882.0,R4_99_100,ood_test_r4,ESCALATE,EXECUTE,0.43348616066785006,0.5046569423998928,0.0015237924985087665,0.014533823274263056,0.5649900468336411,0.48077604985258343,3.550446799817284e-26,3.318447326069061e-05,0.5046569423998928,0.5475460284491938
RCSE_000134269,4507034050_00010,ESCALATE,CONTROLLED_CONTRADICTION,PO_VALUE_CONTRADICTION,0.05,61543.0,R4_99_100,ood_test_r4,ESCALATE,EXECUTE,0.47355654982589995,0.5046569423998928,0.0005791020669479295,0.014533823274263056,0.5258643481071522,0.48077604985258343,6.016775470392058e-27,3.318447326069061e-05,0.5046569423998928,0.5475460284491938
RCSE_000136130,4507031134_00010,ESCALATE,CONTROLLED_CONTRADICTION,PO_VALUE_CONTRADICTION,0.05,107955.0,R4_99_100,ood_test_r4,EXECUTE,EXECUTE,0.5351806181956147,0.4504922917394507,0.13204995798464372,0.1203035585447123,0.33276942381974156,0.4291745269203231,5.05444645024643e-46,2.9622795513886138e-05,0.4504922917394507,0.7050049012707168
RCSE_000134633,4508044702_00010,ESCALATE,CONTROLLED_CONTRADICTION,PO_VALUE_CONTRADICTION,0.05,55538.0,R4_99_100,ood_test_r4,ESCALATE,EXECUTE,0.39691395652989997,0.5046569423998928,0.002644502422074442,0.014533823274263056,0.6004415410480256,0.48077604985258343,5.895095713062826e-26,3.318447326069061e-05,0.5046569423998928,0.5475460284491938
RCSE_000135437,4508046965_00010,ESCALATE,CONTROLLED_CONTRADICTION,PO_VALUE_CONTRADICTION,0.05,56752.0,R4_99_100,ood_test_r4,ESCALATE,EXECUTE,0.41619669054124314,0.5046569423998928,0.0009570287554214364,0.014533823274263056,0.5828462807033354,0.48077604985258343,3.233019752855783e-25,3.318447326069061e-05,0.5046569423998928,0.5475460284491938
RCSE_000134026,4507036916_00010,ESCALATE,CONTROLLED_CONTRADICTION,PO_VALUE_CONTRADICTION,0.05,130700.0,R4_99_100,ood_test_r4,GATHER,GATHER,0.21117625849657728,0.02542310290187779,0.7030842026395969,0.5685232175163255,0.08573953886382583,0.40602565458454093,2.308062686055957e-55,2.802499725567954e-05,0.5685232175163255,0.5631337356526578
RCSE_000141204,4507038511_00010,ESCALATE,CONTROLLED_CONTRADICTION,PO_VALUE_CONTRADICTION,0.05,49437.0,R4_99_100,ood_test_r4,ESCALATE,EXECUTE,0.3305279484400832,0.5120475043992396,0.00021465335891948206,0.00010194239551029911,0.6692573982009973,0.4878168827545135,1.2312138985028893e-23,3.367045073656265e-05,0.5120475043992396,0.5007442179902334
RCSE_000138933,4508044896_00010,ESCALATE,CONTROLLED_CONTRADICTION,PO_VALUE_CONTRADICTION,0.05,54388.0,R4_99_100,ood_test_r4,ESCALATE,EXECUTE,0.3642497806938212,0.5120475043992396,0.00024102809566820056,0.00010194239551029911,0.6355091912105106,0.4878168827545135,2.812325588967148e-24,3.367045073656265e-05,0.5120475043992396,0.5007442179902334
RCSE_000129688,4508047755_00010,ESCALATE,CONTROLLED_CONTRADICTION,PO_VALUE_CONTRADICTION,0.05,56364.0,R4_99_100,ood_test_r4,ESCALATE,EXECUTE,0.41775871755415217,0.5046569423998928,0.0010440886883276023,0.014533823274263056,0.5811971937575201,0.48077604985258343,4.002596556140665e-25,3.318447326069061e-05,0.5046569423998928,0.5475460284491938
RCSE_000132810,4508050178_00010,ESCALATE,CONTROLLED_CONTRADICTION,PO_VALUE_CONTRADICTION,0.05,55728.0,R4_99_100,ood_test_r4,ESCALATE,EXECUTE,0.39909827827015193,0.4748920780243674,0.003219517443128029,0.07265700485068134,0.5976822042867201,0.4524196898849374,8.731059870358699e-26,3.1227240013723764e-05,0.4748920780243674,0.6515948289798453
RCSE_000134576,4507033659_00010,ESCALATE,CONTROLLED_CONTRADICTION,PO_VALUE_CONTRADICTION,0.05,115645.0,R4_99_100,ood_test_r4,EXECUTE,EXECUTE,0.6559879585945543,0.4748920780243674,0.02731926253132854,0.07265700485068134,0.3166927788741172,0.4524196898849374,1.34870791773463e-46,3.1227240013723764e-05,0.4748920780243674,0.6515948289798453
RCSE_000129820,4507033214_00010,ESCALATE,CONTROLLED_CONTRADICTION,PO_VALUE_CONTRADICTION,0.05,112453.0,R4_99_100,ood_test_r4,EXECUTE,EXECUTE,0.5390229087171827,0.4504922917394507,0.14662300174233386,0.1203035585447123,0.3143540895404834,0.4291745269203231,8.027686875199279e-48,2.9622795513886138e-05,0.4504922917394507,0.7050049012707168
RCSE_000127266,4507034527_00010,ESCALATE,CONTROLLED_CONTRADICTION,PO_VALUE_CONTRADICTION,0.05,107955.0,R4_99_100,ood_test_r4,EXECUTE,EXECUTE,0.5490029795503355,0.4550543465074578,0.1098126364505349,0.11139503021086652,0.34118438399912954,0.4335207005014161,4.412046600604346e-46,2.992278025944974e-05,0.4550543465074578,0.6963979222287732
RCSE_000136869,4507033208_00010,ESCALATE,CONTROLLED_CONTRADICTION,PO_VALUE_CONTRADICTION,0.05,112453.0,R4_99_100,ood_test_r4,EXECUTE,EXECUTE,0.5382905562653131,0.42913668131373434,0.1487305150897267,0.16200561392077534,0.31297892864496035,0.4088294862401322,7.657035218455995e-48,2.8218525358069368e-05,0.42913668131373434,0.738578612721339
RCSE_000137989,4507039669_00010,ESCALATE,CONTROLLED_CONTRADICTION,PO_VALUE_CONTRADICTION,0.05,132304.0,R4_99_100,ood_test_r4,EXECUTE,EXECUTE,0.6373577874220395,0.4504922917394507,0.12922272234593646,0.1203035585447123,0.23341949023202413,0.4291745269203231,6.954824107718712e-53,2.9622795513886138e-05,0.4504922917394507,0.7050049012707168
RCSE_000133054,4507029804_00010,ESCALATE,CONTROLLED_CONTRADICTION,PO_VALUE_CONTRADICTION,0.05,112453.0,R4_99_100,ood_test_r4,EXECUTE,EXECUTE,0.5206006940921685,0.42913668131373434,0.16325861159778032,0.16200561392077534,0.31614069431005115,0.4088294862401322,1.1535459309488384e-47,2.8218525358069368e-05,0.42913668131373434,0.738578612721339
RCSE_000129437,4507038875_00010,ESCALATE,CONTROLLED_CONTRADICTION,PO_VALUE_CONTRADICTION,0.05,112453.0,R4_99_100,ood_test_r4,EXECUTE,EXECUTE,0.645717258858344,0.4748920780243674,0.03253193395229862,0.07265700485068134,0.3217508071893573,0.4524196898849374,1.784847649350083e-45,3.1227240013723764e-05,0.4748920780243674,0.6515948289798453
RCSE_000133593,4507038887_00010,ESCALATE,CONTROLLED_CONTRADICTION,PO_VALUE_CONTRADICTION,0.05,112453.0,R4_99_100,ood_test_r4,EXECUTE,EXECUTE,0.5038648092272896,0.42282743231008196,0.20299465882933254,0.17432596656285415,0.29314053194337786,0.40281879747582566,9.507138145243645e-48,2.780365123811555e-05,0.42282743231008196,0.7466276826247457
RCSE_000140557,4508051969_00010,ESCALATE,CONTROLLED_CONTRADICTION,PO_VALUE_CONTRADICTION,0.05,56088.0,R4_99_100,ood_test_r4,ESCALATE,EXECUTE,0.4195855031920714,0.5046569423998928,0.0011181133851977856,0.014533823274263056,0.5792963834227308,0.48077604985258343,7.548461784704248e-25,3.318447326069061e-05,0.5046569423998928,0.5475460284491938
RCSE_000127333,4507017755_00010,ESCALATE,CONTROLLED_CONTRADICTION,PO_VALUE_CONTRADICTION,0.05,101595.0,R4_99_100,ood_test_r4,EXECUTE,EXECUTE,0.554017098577364,0.5046569423998928,0.0016692410783418511,0.014533823274263056,0.44431366034429415,0.48077604985258343,7.886741530063001e-42,3.318447326069061e-05,0.5046569423998928,0.5475460284491938
RCSE_000136371,4508046359_00010,ESCALATE,CONTROLLED_CONTRADICTION,PO_VALUE_CONTRADICTION,0.05,57881.0,R4_99_100,ood_test_r4,ESCALATE,EXECUTE,0.3848556840217713,0.5120475043992396,9.095557706384186e-05,0.00010194239551029911,0.6150533604011649,0.4878168827545135,7.770866600910398e-26,3.367045073656265e-05,0.5120475043992396,0.5007442179902334
RCSE_000132532,4508049824_00010,ESCALATE,CONTROLLED_CONTRADICTION,PO_VALUE_CONTRADICTION,0.05,52829.0,R4_99_100,ood_test_r4,ESCALATE,EXECUTE,0.34462541162110955,0.5120475043992396,0.00020317779194464815,0.00010194239551029911,0.6551714105869458,0.4878168827545135,1.3914775082922453e-23,3.367045073656265e-05,0.5120475043992396,0.5007442179902334
RCSE_000132856,4508046414_00010,ESCALATE,CONTROLLED_CONTRADICTION,PO_VALUE_CONTRADICTION,0.05,89373.0,R4_99_100,ood_test_r4,EXECUTE,EXECUTE,0.5256766451400441,0.4748920780243674,0.034056717301717485,0.07265700485068134,0.4402666375582384,0.4524196898849374,1.0836529371046895e-38,3.1227240013723764e-05,0.4748920780243674,0.6515948289798453
RCSE_000131094,4508053101_00010,ESCALATE,CONTROLLED_CONTRADICTION,PO_VALUE_CONTRADICTION,0.05,49986.0,R4_99_100,ood_test_r4,ESCALATE,EXECUTE,0.3185073119887278,0.5046569423998928,0.0005218940444497728,0.014533823274263056,0.6809707939668225,0.48077604985258343,1.6339292798730146e-23,3.318447326069061e-05,0.5046569423998928,0.5475460284491938
RCSE_000139599,4508044985_00010,ESCALATE,CONTROLLED_CONTRADICTION,PO_VALUE_CONTRADICTION,0.05,55744.0,R4_99_100,ood_test_r4,ESCALATE,EXECUTE,0.3780818283167203,0.5120475043992396,5.5984551319013145e-05,0.00010194239551029911,0.6218621871319607,0.4878168827545135,5.788340820973113e-25,3.367045073656265e-05,0.5120475043992396,0.5007442179902334
RCSE_000134819,4507041776_00010,ESCALATE,CONTROLLED_CONTRADICTION,PO_VALUE_CONTRADICTION,0.05,111398.0,R4_99_100,ood_test_r4,EXECUTE,EXECUTE,0.42321232490007965,0.41499021224157545,0.21764965421378454,0.18963005662518664,0.3591380208861357,0.395352442830146,3.426042186936765e-47,2.7288303091779305e-05,0.41499021224157545,0.755570537703291
RCSE_000129864,4507042004_00010,ESCALATE,CONTROLLED_CONTRADICTION,PO_VALUE_CONTRADICTION,0.05,73037.0,R4_99_100,ood_test_r4,ESCALATE,EXECUTE,0.4819753801238163,0.5046569423998928,0.0017066395939661074,0.014533823274263056,0.5163179802822175,0.48077604985258343,1.8368003908536295e-30,3.318447326069061e-05,0.5046569423998928,0.5475460284491938
RCSE_000129976,4507023160_00010,ESCALATE,CONTROLLED_CONTRADICTION,PO_VALUE_CONTRADICTION,0.05,127742.0,R4_99_100,ood_test_r4,EXECUTE,EXECUTE,0.5101090289382533,0.3823252181387167,0.24307223772826964,0.2534164511969773,0.2468187333334771,0.364233190296836,4.065764242778177e-54,2.5140367469984197e-05,0.3823252181387167,0.7816501082366815
RCSE_000131022,4507029564_00010,ESCALATE,CONTROLLED_CONTRADICTION,PO_VALUE_CONTRADICTION,0.05,101595.0,R4_99_100,ood_test_r4,EXECUTE,EXECUTE,0.5117169783434367,0.4748920780243674,0.025071684760977278,0.07265700485068134,0.46321133689558613,0.4524196898849374,1.0820803970685884e-43,3.1227240013723764e-05,0.4748920780243674,0.6515948289798453
RCSE_000137326,4507017770_00010,ESCALATE,CONTROLLED_CONTRADICTION,PO_VALUE_CONTRADICTION,0.05,101595.0,R4_99_100,ood_test_r4,EXECUTE,EXECUTE,0.5511326014440955,0.5046569423998928,0.0012468207980948685,0.014533823274263056,0.4476205777578096,0.48077604985258343,8.119672969606112e-42,3.318447326069061e-05,0.5046569423998928,0.5475460284491938
RCSE_000127098,2000033466_00001,ESCALATE,CONTROLLED_CONTRADICTION,PO_VALUE_CONTRADICTION,0.05,598854.0,R4_99_100,ood_test_r4,GATHER,GATHER,1.0956238395585309e-18,0.001436733436837446,1.0,0.998529738602025,5.686117328274118e-22,0.0,4.45454567849257e-255,3.352796113766789e-05,0.998529738602025,0.008092504883414935
RCSE_000137710,4508057578_00010,ESCALATE,CONTROLLED_CONTRADICTION,PO_VALUE_CONTRADICTION,0.05,55836.0,R4_99_100,ood_test_r4,ESCALATE,EXECUTE,0.3986387320829948,0.5046569423998928,0.002463401194234669,0.014533823274263056,0.5988978667227706,0.48077604985258343,6.773597979775968e-26,3.318447326069061e-05,0.5046569423998928,0.5475460284491938
RCSE_000131340,4508046146_00010,ESCALATE,CONTROLLED_CONTRADICTION,PO_VALUE_CONTRADICTION,0.05,56009.0,R4_99_100,ood_test_r4,ESCALATE,EXECUTE,0.4193580533264743,0.5046569423998928,0.00039552351515848645,0.014533823274263056,0.5802464231583673,0.48077604985258343,2.2100349186673393e-25,3.318447326069061e-05,0.5046569423998928,0.5475460284491938
RCSE_000141483,4508046585_00010,ESCALATE,CONTROLLED_CONTRADICTION,PO_VALUE_CONTRADICTION,0.05,107955.0,R4_99_100,ood_test_r4,EXECUTE,EXECUTE,0.6351620731280125,0.4748920780243674,0.01849331821595587,0.07265700485068134,0.34634460865603156,0.4524196898849374,9.057618511215848e-44,3.1227240013723764e-05,0.4748920780243674,0.6515948289798453
RCSE_000133947,4508060354_00010,ESCALATE,CONTROLLED_CONTRADICTION,PO_VALUE_CONTRADICTION,0.05,53850.0,R4_99_100,ood_test_r4,ESCALATE,EXECUTE,0.32028592354604,0.5046569423998928,0.0005576830132464701,0.014533823274263056,0.6791563934407134,0.48077604985258343,2.931309770680638e-23,3.318447326069061e-05,0.5046569423998928,0.5475460284491938
RCSE_000139417,4507033684_00020,ESCALATE,CONTROLLED_CONTRADICTION,PO_VALUE_CONTRADICTION,0.05,127742.0,R4_99_100,ood_test_r4,EXECUTE,EXECUTE,0.6989617988816607,0.4748920780243674,0.024233388703603788,0.07265700485068134,0.27680481241473553,0.4524196898849374,1.2891646227318893e-51,3.1227240013723764e-05,0.4748920780243674,0.6515948289798453
RCSE_000132567,4508045529_00020,ESCALATE,CONTROLLED_CONTRADICTION,PO_VALUE_CONTRADICTION,0.05,109493.0,R4_99_100,ood_test_r4,EXECUTE,EXECUTE,0.452101742932702,0.42913668131373434,0.1643663164280176,0.16200561392077534,0.3835319406392803,0.4088294862401322,2.1408278988668842e-46,2.8218525358069368e-05,0.42913668131373434,0.738578612721339
RCSE_000131892,4508050459_00010,ESCALATE,CONTROLLED_CONTRADICTION,PO_VALUE_CONTRADICTION,0.05,133811.0,R4_99_100,ood_test_r4,EXECUTE,EXECUTE,0.5838580460821605,0.41499021224157545,0.20875511123004942,0.18963005662518664,0.2073868426877902,0.395352442830146,2.917164352049643e-53,2.7288303091779305e-05,0.41499021224157545,0.755570537703291
RCSE_000136364,4507038956_00010,ESCALATE,CONTROLLED_CONTRADICTION,PO_VALUE_CONTRADICTION,0.05,112453.0,R4_99_100,ood_test_r4,EXECUTE,EXECUTE,0.6461873444801901,0.4748920780243674,0.009841279733303463,0.07265700485068134,0.34397137578650633,0.4524196898849374,8.106863682013553e-46,3.1227240013723764e-05,0.4748920780243674,0.6515948289798453
RCSE_000140364,4507034738_00010,ESCALATE,CONTROLLED_CONTRADICTION,PO_VALUE_CONTRADICTION,0.05,101595.0,R4_99_100,ood_test_r4,EXECUTE,EXECUTE,0.5115806779528185,0.4748920780243674,0.020958450350713188,0.07265700485068134,0.4674608716964684,0.4524196898849374,1.138760387718971e-43,3.1227240013723764e-05,0.4748920780243674,0.6515948289798453
RCSE_000138317,4507034741_00010,ESCALATE,CONTROLLED_CONTRADICTION,PO_VALUE_CONTRADICTION,0.05,101595.0,R4_99_100,ood_test_r4,EXECUTE,EXECUTE,0.5526782879552083,0.4748920780243674,0.0032473152684377934,0.07265700485068134,0.4440743967763539,0.4524196898849374,1.318266216580796e-41,3.1227240013723764e-05,0.4748920780243674,0.6515948289798453
RCSE_000134190,4508061715_00040,ESCALATE,CONTROLLED_CONTRADICTION,PO_VALUE_CONTRADICTION,0.05,66471.0,R4_99_100,ood_test_r4,ESCALATE,EXECUTE,0.4739698363190053,0.4748920780243674,0.009921813511519646,0.07265700485068134,0.5161083501694751,0.4524196898849374,4.1714994336520334e-30,3.1227240013723764e-05,0.4748920780243674,0.6515948289798453
RCSE_000132049,4508062318_00010,ESCALATE,CONTROLLED_CONTRADICTION,PO_VALUE_CONTRADICTION,0.05,55912.0,R4_99_100,ood_test_r4,ESCALATE,EXECUTE,0.4172875796400367,0.5046569423998928,0.0009115216823011251,0.014533823274263056,0.5818008986776622,0.48077604985258343,8.270817391037948e-25,3.318447326069061e-05,0.5046569423998928,0.5475460284491938
RCSE_000136278,4508064017_00010,ESCALATE,CONTROLLED_CONTRADICTION,PO_VALUE_CONTRADICTION,0.05,55583.0,R4_99_100,ood_test_r4,ESCALATE,EXECUTE,0.39828274122043994,0.5046569423998928,0.0024708180232275814,0.014533823274263056,0.5992464407563325,0.48077604985258343,8.262346351957848e-26,3.318447326069061e-05,0.5046569423998928,0.5475460284491938
RCSE_000134523,4508057346_00010,ESCALATE,CONTROLLED_CONTRADICTION,PO_VALUE_CONTRADICTION,0.05,56752.0,R4_99_100,ood_test_r4,ESCALATE,EXECUTE,0.3957125203491023,0.5046569423998928,0.0009820386255353353,0.014533823274263056,0.6033054410253623,0.48077604985258343,1.286250818665558e-26,3.318447326069061e-05,0.5046569423998928,0.5475460284491938
RCSE_000134364,4508060257_00010,ESCALATE,CONTROLLED_CONTRADICTION,PO_VALUE_CONTRADICTION,0.05,50749.0,R4_99_100,ood_test_r4,EXECUTE,EXECUTE,0.514320238793616,0.5046569423998928,0.0004286335715023121,0.014533823274263056,0.48525112763488176,0.48077604985258343,3.253978536768826e-23,3.318447326069061e-05,0.5046569423998928,0.5475460284491938
RCSE_000139301,4508060928_00010,ESCALATE,CONTROLLED_CONTRADICTION,PO_VALUE_CONTRADICTION,0.05,62353.0,R4_99_100,ood_test_r4,ESCALATE,EXECUTE,0.39662983713415245,0.5046569423998928,0.0005370899198496261,0.014533823274263056,0.6028330729459979,0.48077604985258343,8.28652832384551e-27,3.318447326069061e-05,0.5046569423998928,0.5475460284491938
RCSE_000140365,4508067883_00010,ESCALATE,CONTROLLED_CONTRADICTION,PO_VALUE_CONTRADICTION,0.05,55868.0,R4_99_100,ood_test_r4,ESCALATE,EXECUTE,0.41724593789980574,0.5046569423998928,0.0009250824556090377,0.014533823274263056,0.5818289796445851,0.48077604985258343,8.600403939071072e-25,3.318447326069061e-05,0.5046569423998928,0.5475460284491938
RCSE_000128663,4508066954_00010,ESCALATE,CONTROLLED_CONTRADICTION,PO_VALUE_CONTRADICTION,0.05,55886.0,R4_99_100,ood_test_r4,ESCALATE,EXECUTE,0.40138426186222304,0.5046569423998928,0.002196518137873051,0.014533823274263056,0.5964192199999038,0.48077604985258343,8.653507228954962e-26,3.318447326069061e-05,0.5046569423998928,0.5475460284491938
RCSE_000137858,4508068995_00010,ESCALATE,CONTROLLED_CONTRADICTION,PO_VALUE_CONTRADICTION,0.05,54148.0,R4_99_100,ood_test_r4,ESCALATE,EXECUTE,0.3953884679493107,0.5046569423998928,0.0021852777005294376,0.014533823274263056,0.60242625435016,0.48077604985258343,4.410651293157029e-25,3.318447326069061e-05,0.5046569423998928,0.5475460284491938
RCSE_000128739,4508068321_00010,ESCALATE,CONTROLLED_CONTRADICTION,PO_VALUE_CONTRADICTION,0.05,58543.0,R4_99_100,ood_test_r4,ESCALATE,EXECUTE,0.43954018633231084,0.5120475043992396,0.00031378784926483136,0.00010194239551029911,0.5601460258184243,0.4878168827545135,5.698240510790338e-26,3.367045073656265e-05,0.5120475043992396,0.5007442179902334
RCSE_000131163,4508047674_00010,ESCALATE,CONTROLLED_CONTRADICTION,PO_VALUE_CONTRADICTION,0.05,112453.0,R4_99_100,ood_test_r4,EXECUTE,EXECUTE,0.6546984665853447,0.4748920780243674,0.010632887450483968,0.07265700485068134,0.3346686459641714,0.4524196898849374,2.300736205794572e-45,3.1227240013723764e-05,0.4748920780243674,0.6515948289798453
RCSE_000129647,4508064332_00010,ESCALATE,CONTROLLED_CONTRADICTION,PO_VALUE_CONTRADICTION,0.05,51615.0,R4_99_100,ood_test_r4,ESCALATE,EXECUTE,0.4256417818377913,0.5120475043992396,0.00010912822359779416,0.00010194239551029911,0.5742490899386109,0.4878168827545135,2.9034514690365714e-23,3.367045073656265e-05,0.5120475043992396,0.5007442179902334
RCSE_000141115,4507035814_00010,ESCALATE,CONTROLLED_CONTRADICTION,PO_VALUE_CONTRADICTION,0.05,103548.0,R4_99_100,ood_test_r4,EXECUTE,EXECUTE,0.5929859459760817,0.4748920780243674,0.01603611354391897,0.07265700485068134,0.3909779404799993,0.4524196898849374,3.7270207698884854e-45,3.1227240013723764e-05,0.4748920780243674,0.6515948289798453
RCSE_000129069,4508066595_00010,ESCALATE,CONTROLLED_CONTRADICTION,PO_VALUE_CONTRADICTION,0.05,57148.0,R4_99_100,ood_test_r4,ESCALATE,EXECUTE,0.3588659567294573,0.5046569423998928,0.0006000126201453968,0.014533823274263056,0.6405340306503972,0.48077604985258343,4.147463269566622e-26,3.318447326069061e-05,0.5046569423998928,0.5475460284491938
RCSE_000129156,4507003343_00010,ESCALATE,CONTROLLED_CONTRADICTION,PO_VALUE_CONTRADICTION,0.05,162431.0,R4_99_100,ood_test_r4,EXECUTE,EXECUTE,0.448034016772417,0.3532671186467085,0.38178035772472,0.31015950138296733,0.17018562550286287,0.33655015036171737,1.4477844873019144e-68,2.322960860671875e-05,0.3532671186467085,0.791630578941228
RCSE_000131975,4508059461_00010,ESCALATE,CONTROLLED_CONTRADICTION,PO_VALUE_CONTRADICTION,0.05,69688.0,R4_99_100,ood_test_r4,ESCALATE,EXECUTE,0.4244072723185247,0.4748920780243674,0.0038002563445688332,0.07265700485068134,0.5717924713369064,0.4524196898849374,1.4328661212661661e-30,3.1227240013723764e-05,0.4748920780243674,0.6515948289798453
RCSE_000135944,4508064917_00010,ESCALATE,CONTROLLED_CONTRADICTION,PO_VALUE_CONTRADICTION,0.05,56001.0,R4_99_100,ood_test_r4,ESCALATE,EXECUTE,0.35566283264737497,0.5046569423998928,0.000470865750370439,0.014533823274263056,0.6438663016022547,0.48077604985258343,9.776568306333938e-26,3.318447326069061e-05,0.5046569423998928,0.5475460284491938
RCSE_000130974,4508067890_00010,ESCALATE,CONTROLLED_CONTRADICTION,PO_VALUE_CONTRADICTION,0.05,53468.0,R4_99_100,ood_test_r4,ESCALATE,EXECUTE,0.3980796672343124,0.5046569423998928,0.0005741136917951639,0.014533823274263056,0.6013462190738925,0.48077604985258343,5.882677645863318e-25,3.318447326069061e-05,0.5046569423998928,0.5475460284491938
RCSE_000139580,4508066643_00010,ESCALATE,CONTROLLED_CONTRADICTION,PO_VALUE_CONTRADICTION,0.05,53102.0,R4_99_100,ood_test_r4,ESCALATE,EXECUTE,0.4507511723978624,0.5120475043992396,0.00033538228594473074,0.00010194239551029911,0.5489134453161929,0.4878168827545135,8.188428417091939e-26,3.367045073656265e-05,0.5120475043992396,0.5007442179902334
RCSE_000128184,4508067558_00010,ESCALATE,CONTROLLED_CONTRADICTION,PO_VALUE_CONTRADICTION,0.05,61938.0,R4_99_100,ood_test_r4,ESCALATE,EXECUTE,0.46702455901898293,0.5046569423998928,0.0008125905977441034,0.014533823274263056,0.5321628503832729,0.48077604985258343,6.627414969589237e-27,3.318447326069061e-05,0.5046569423998928,0.5475460284491938
RCSE_000135794,4508072519_00020,ESCALATE,CONTROLLED_CONTRADICTION,PO_VALUE_CONTRADICTION,0.05,100610.0,R4_99_100,ood_test_r4,EXECUTE,EXECUTE,0.5527868934444268,0.4748920780243674,0.08187718688856292,0.07265700485068134,0.36533591966701034,0.4524196898849374,8.714846236639646e-45,3.1227240013723764e-05,0.4748920780243674,0.6515948289798453
RCSE_000137201,4508047678_00010,ESCALATE,CONTROLLED_CONTRADICTION,PO_VALUE_CONTRADICTION,0.05,112453.0,R4_99_100,ood_test_r4,EXECUTE,EXECUTE,0.6565671104778991,0.4748920780243674,0.007090959239971582,0.07265700485068134,0.3363419302821295,0.4524196898849374,1.791711208514729e-45,3.1227240013723764e-05,0.4748920780243674,0.6515948289798453
RCSE_000138121,4508047698_00010,ESCALATE,CONTROLLED_CONTRADICTION,PO_VALUE_CONTRADICTION,0.05,112453.0,R4_99_100,ood_test_r4,EXECUTE,EXECUTE,0.654033310730097,0.4748920780243674,0.006576819856962384,0.07265700485068134,0.33938986941294075,0.4524196898849374,2.1670615136483987e-45,3.1227240013723764e-05,0.4748920780243674,0.6515948289798453
RCSE_000131106,4508060265_00010,ESCALATE,CONTROLLED_CONTRADICTION,PO_VALUE_CONTRADICTION,0.05,107955.0,R4_99_100,ood_test_r4,EXECUTE,EXECUTE,0.5576190307968961,0.4654235199199234,0.091928262810713,0.09114668163966742,0.3504527063923908,0.44339919381961823,8.124955489153072e-46,3.060462079097019e-05,0.4654235199199234,0.6746111486788882
RCSE_000141630,4508071347_00010,ESCALATE,CONTROLLED_CONTRADICTION,PO_VALUE_CONTRADICTION,0.05,54497.0,R4_99_100,ood_test_r4,ESCALATE,EXECUTE,0.39664178570329506,0.5046569423998928,0.001616840857309604,0.014533823274263056,0.6017413734393953,0.48077604985258343,2.594149862375621e-25,3.318447326069061e-05,0.5046569423998928,0.5475460284491938
RCSE_000134832,4508057378_00010,ESCALATE,CONTROLLED_CONTRADICTION,PO_VALUE_CONTRADICTION,0.05,110740.0,R4_99_100,ood_test_r4,EXECUTE,EXECUTE,0.56447950967135,0.4550543465074578,0.10002752282493706,0.11139503021086652,0.33549296750371294,0.4335207005014161,4.668721835465605e-47,2.992278025944974e-05,0.4550543465074578,0.6963979222287732
RCSE_000135493,4508059464_00010,ESCALATE,CONTROLLED_CONTRADICTION,PO_VALUE_CONTRADICTION,0.05,133811.0,R4_99_100,ood_test_r4,EXECUTE,EXECUTE,0.6721304643285271,0.4654235199199234,0.08960378863195673,0.09114668163966742,0.23826574703951625,0.44339919381961823,2.0372536315752466e-53,3.060462079097019e-05,0.4654235199199234,0.6746111486788882
RCSE_000141054,4508059465_00010,ESCALATE,CONTROLLED_CONTRADICTION,PO_VALUE_CONTRADICTION,0.05,133811.0,R4_99_100,ood_test_r4,GATHER,EXECUTE,0.3258572040795115,0.3532671186467085,0.536126924926849,0.31015950138296733,0.13801587099363943,0.33655015036171737,2.3719873479218893e-56,2.322960860671875e-05,0.3532671186467085,0.791630578941228
RCSE_000130048,4508072486_00010,ESCALATE,CONTROLLED_CONTRADICTION,PO_VALUE_CONTRADICTION,0.05,50181.0,R4_99_100,ood_test_r4,ESCALATE,EXECUTE,0.3348078192999633,0.5120475043992396,0.00032982873158870867,0.00010194239551029911,0.6648623519684479,0.4878168827545135,2.0995586976290406e-23,3.367045073656265e-05,0.5120475043992396,0.5007442179902334
RCSE_000130864,4508059042_00050,ESCALATE,CONTROLLED_CONTRADICTION,PO_VALUE_CONTRADICTION,0.05,53786.0,R4_99_100,ood_test_r4,EXECUTE,EXECUTE,0.5707209277966268,0.5120997090703223,1.7625916254013536e-12,0.0,0.42927907220161066,0.48786661704614465,1.226650494920461e-22,3.3673883532916135e-05,0.5120997090703223,0.5000457857569834
RCSE_000168793,4507001945_00010,ESCALATE,CONTROLLED_CONTRADICTION,PO_VALUE_CONTRADICTION,0.1,57014.0,R4_99_100,ood_test_r4,ESCALATE,EXECUTE,0.42284843675475803,0.5046569423998928,0.0011148074031164755,0.014533823274263056,0.5760367558421257,0.48077604985258343,5.1188763365358055e-25,3.318447326069061e-05,0.5046569423998928,0.5475460284491938
RCSE_000162420,4507000985_00010,ESCALATE,CONTROLLED_CONTRADICTION,PO_VALUE_CONTRADICTION,0.1,51511.0,R4_99_100,ood_test_r4,ESCALATE,EXECUTE,0.3169190849867017,0.5046569423998928,0.0015111941298567154,0.014533823274263056,0.6815697208834415,0.48077604985258343,2.2593874916580078e-24,3.318447326069061e-05,0.5046569423998928,0.5475460284491938
RCSE_000157993,4507000449_00060,ESCALATE,CONTROLLED_CONTRADICTION,PO_VALUE_CONTRADICTION,0.1,405212.0,R4_99_100,ood_test_r4,GATHER,GATHER,3.127274452640905e-23,0.001436733436837446,1.0,0.998529738602025,8.768347242512352e-24,0.0,4.0168380431152583e-262,3.352796113766789e-05,0.998529738602025,0.008092504883414935
RCSE_000157149,4507003374_00010,ESCALATE,CONTROLLED_CONTRADICTION,PO_VALUE_CONTRADICTION,0.1,203890.0,R4_99_100,ood_test_r4,GATHER,GATHER,4.901397926707321e-05,0.0014415904104370656,0.9999395065889962,0.997168194188731,1.1479431736608866e-05,0.001356574096176297,1.7697046037963704e-101,3.364130465562288e-05,0.997168194188731,0.015553957684369431
RCSE_000171640,4507000896_00010,ESCALATE,CONTROLLED_CONTRADICTION,PO_VALUE_CONTRADICTION,0.1,8833459.0,R4_99_100,ood_test_r4,GATHER,GATHER,1.456525262446372e-249,0.001436733436837446,1.0,0.998529738602025,1.429307621e-314,0.0,0.0,3.352796113766789e-05,0.998529738602025,0.008092504883414935
RCSE_000169460,4507000890_00010,ESCALATE,CONTROLLED_CONTRADICTION,PO_VALUE_CONTRADICTION,0.1,2078460.0,R4_99_100,ood_test_r4,GATHER,GATHER,1.0316832528550217e-56,0.001436733436837446,1.0,0.998529738602025,2.6592775066292185e-71,0.0,0.0,3.352796113766789e-05,0.998529738602025,0.008092504883414935
RCSE_000168031,4507005068_00010,ESCALATE,CONTROLLED_CONTRADICTION,PO_VALUE_CONTRADICTION,0.1,54391.0,R4_99_100,ood_test_r4,ESCALATE,EXECUTE,0.3383368160305751,0.5046569423998928,0.001542120752242852,0.014533823274263056,0.660121063217182,0.48077604985258343,1.3481028165960109e-25,3.318447326069061e-05,0.5046569423998928,0.5475460284491938
RCSE_000169676,4507001990_00020,ESCALATE,CONTROLLED_CONTRADICTION,PO_VALUE_CONTRADICTION,0.1,89373.0,R4_99_100,ood_test_r4,EXECUTE,EXECUTE,0.46626383796367316,0.4550543465074578,0.12259351546436853,0.11139503021086652,0.4111426465719584,0.4335207005014161,1.3260931956670803e-39,2.992278025944974e-05,0.4550543465074578,0.6963979222287732
RCSE_000165136,2000000066_00001,ESCALATE,CONTROLLED_CONTRADICTION,PO_VALUE_CONTRADICTION,0.1,294448.0,R4_99_100,ood_test_r4,GATHER,GATHER,3.259994753517762e-05,0.001434793590798254,0.9999657323549729,0.9971815456047864,1.6676974920590328e-06,0.0013501781119968526,1.7281787013305712e-124,3.348269241839992e-05,0.9971815456047864,0.015490245654545019
RCSE_000170479,2000000069_00001,ESCALATE,CONTROLLED_CONTRADICTION,PO_VALUE_CONTRADICTION,0.1,495366.0,R4_99_100,ood_test_r4,GATHER,GATHER,1.5322501767362882e-19,0.001436733436837446,1.0,0.998529738602025,1.0931788761810601e-21,0.0,8.25042204895914e-233,3.352796113766789e-05,0.998529738602025,0.008092504883414935
RCSE_000171336,4507001607_00020,ESCALATE,CONTROLLED_CONTRADICTION,PO_VALUE_CONTRADICTION,0.1,121243.0,R4_99_100,ood_test_r4,GATHER,GATHER,3.515431039952147e-07,0.001434793590798254,0.9999987456348665,0.9971815456047864,9.028220295975193e-07,0.0013501781119968526,2.1119572939704568e-106,3.348269241839992e-05,0.9971815456047864,0.015490245654545019
RCSE_000159284,2000000047_00001,ESCALATE,CONTROLLED_CONTRADICTION,PO_VALUE_CONTRADICTION,0.1,649519.0,R4_99_100,ood_test_r4,GATHER,GATHER,4.513688758985766e-19,0.001436733436837446,1.0,0.998529738602025,6.062005755085326e-23,0.0,1.2946563885566519e-295,3.352796113766789e-05,0.998529738602025,0.008092504883414935
RCSE_000164688,4507005634_00010,ESCALATE,CONTROLLED_CONTRADICTION,PO_VALUE_CONTRADICTION,0.1,966241.0,R4_99_100,ood_test_r4,EXECUTE,EXECUTE,0.9998321778487429,0.9972899992834033,3.5703573137243794e-27,0.0,0.00016782215125713112,0.0026444224186800446,0.0,6.557829791658741e-05,0.9972899992834033,0.013729724897472394
RCSE_000162090,4507001677_00020,ESCALATE,CONTROLLED_CONTRADICTION,PO_VALUE_CONTRADICTION,0.1,56464.0,R4_99_100,ood_test_r4,ESCALATE,EXECUTE,0.493177339168265,0.5046569423998928,0.0003778623307806576,0.014533823274263056,0.5064447985009544,0.48077604985258343,2.0594148269242247e-24,3.318447326069061e-05,0.5046569423998928,0.5475460284491938
RCSE_000158497,4507004026_00010,ESCALATE,CONTROLLED_CONTRADICTION,PO_VALUE_CONTRADICTION,0.1,57236.0,R4_99_100,ood_test_r4,ESCALATE,EXECUTE,0.42896994870690003,0.5046569423998928,0.000594368910426681,0.014533823274263056,0.5704356823826733,0.48077604985258343,1.0076380322274353e-24,3.318447326069061e-05,0.5046569423998928,0.5475460284491938
RCSE_000157563,4507008599_00010,ESCALATE,CONTROLLED_CONTRADICTION,PO_VALUE_CONTRADICTION,0.1,53503.0,R4_99_100,ood_test_r4,ESCALATE,EXECUTE,0.3347714095827028,0.5046569423998928,0.0014573098337686038,0.014533823274263056,0.6637712805835285,0.48077604985258343,3.290802965928955e-25,3.318447326069061e-05,0.5046569423998928,0.5475460284491938
RCSE_000159983,4507000879_00010,ESCALATE,CONTROLLED_CONTRADICTION,PO_VALUE_CONTRADICTION,0.1,225166.0,R4_99_100,ood_test_r4,GATHER,GATHER,5.551605688262919e-07,0.001434793590798254,0.9999992668272577,0.9971815456047864,1.7801217344290142e-07,0.0013501781119968526,3.222137120708668e-127,3.348269241839992e-05,0.9971815456047864,0.015490245654545019
RCSE_000160114,4507000879_00110,ESCALATE,CONTROLLED_CONTRADICTION,PO_VALUE_CONTRADICTION,0.1,879504.0,R4_99_100,ood_test_r4,GATHER,GATHER,7.564760212786642e-37,0.001436733436837446,1.0,0.998529738602025,1.8765698497007855e-40,0.0,0.0,3.352796113766789e-05,0.998529738602025,0.008092504883414935
RCSE_000168652,4507005932_00010,ESCALATE,CONTROLLED_CONTRADICTION,PO_VALUE_CONTRADICTION,0.1,89373.0,R4_99_100,ood_test_r4,EXECUTE,EXECUTE,0.4733686328844517,0.4550543465074578,0.10884989532484458,0.11139503021086652,0.41778147179070374,0.4335207005014161,1.24334675951531e-39,2.992278025944974e-05,0.4550543465074578,0.6963979222287732
RCSE_000161268,4507000362_00010,ESCALATE,CONTROLLED_CONTRADICTION,PO_VALUE_CONTRADICTION,0.1,93509.0,R4_99_100,ood_test_r4,EXECUTE,EXECUTE,0.5376640285463385,0.4550543465074578,0.09676721654720523,0.11139503021086652,0.3655687549064562,0.4335207005014161,3.3747802422088756e-41,2.992278025944974e-05,0.4550543465074578,0.6963979222287732
RCSE_000158423,4507008100_00010,ESCALATE,CONTROLLED_CONTRADICTION,PO_VALUE_CONTRADICTION,0.1,57491.0,R4_99_100,ood_test_r4,ESCALATE,EXECUTE,0.417729887736707,0.5046569423998928,0.0007779534714802374,0.014533823274263056,0.5814921587918127,0.48077604985258343,1.4956787934404223e-24,3.318447326069061e-05,0.5046569423998928,0.5475460284491938
RCSE_000163836,4507005720_00010,ESCALATE,CONTROLLED_CONTRADICTION,PO_VALUE_CONTRADICTION,0.1,78025.0,R4_99_100,ood_test_r4,ESCALATE,EXECUTE,0.465659725172287,0.5120475043992396,0.0002686379307941016,0.00010194239551029911,0.5340716368969189,0.4878168827545135,2.600824881231234e-40,3.367045073656265e-05,0.5120475043992396,0.5007442179902334
RCSE_000169638,4507012068_00010,ESCALATE,CONTROLLED_CONTRADICTION,PO_VALUE_CONTRADICTION,0.1,55126.0,R4_99_100,ood_test_r4,ESCALATE,EXECUTE,0.34101112286282564,0.5046569423998928,0.00182866673087582,0.014533823274263056,0.6571602104062985,0.48077604985258343,7.52921056790792e-26,3.318447326069061e-05,0.5046569423998928,0.5475460284491938
RCSE_000162704,4507004688_00010,ESCALATE,CONTROLLED_CONTRADICTION,PO_VALUE_CONTRADICTION,0.1,54746.0,R4_99_100,ood_test_r4,ESCALATE,EXECUTE,0.3361254259470322,0.4748920780243674,0.0029517438389247207,0.07265700485068134,0.660922830214043,0.4524196898849374,1.0010636054144024e-25,3.1227240013723764e-05,0.4748920780243674,0.6515948289798453
RCSE_000163794,4507010927_00030,ESCALATE,CONTROLLED_CONTRADICTION,PO_VALUE_CONTRADICTION,0.1,74876.0,R4_99_100,ood_test_r4,ESCALATE,EXECUTE,0.30417329990218317,0.4748920780243674,0.024431530373444282,0.07265700485068134,0.6713951697243725,0.4524196898849374,7.513398226547234e-34,3.1227240013723764e-05,0.4748920780243674,0.6515948289798453
RCSE_000165716,4507004477_00010,ESCALATE,CONTROLLED_CONTRADICTION,PO_VALUE_CONTRADICTION,0.1,127742.0,R4_99_100,ood_test_r4,EXECUTE,EXECUTE,0.690128153640725,0.4748920780243674,0.05700683052070143,0.07265700485068134,0.2528650158385736,0.4524196898849374,1.6697196262303058e-50,3.1227240013723764e-05,0.4748920780243674,0.6515948289798453
RCSE_000161899,4507003429_00020,ESCALATE,CONTROLLED_CONTRADICTION,PO_VALUE_CONTRADICTION,0.1,323365.0,R4_99_100,ood_test_r4,GATHER,GATHER,0.0002111963745256061,0.0014415904104370656,0.999785695155074,0.997168194188731,3.108470400488078e-06,0.001356574096176297,2.4927651417678756e-132,3.364130465562288e-05,0.997168194188731,0.015553957684369431
RCSE_000158691,4507005742_00010,ESCALATE,CONTROLLED_CONTRADICTION,PO_VALUE_CONTRADICTION,0.1,69282.0,R4_99_100,ood_test_r4,ESCALATE,ESCALATE,0.01264946570294804,0.02369592781366141,2.087816127668644e-06,0.00010211223834758642,0.9873484464809242,0.9761682334000354,7.444664327650814e-43,3.372654795555789e-05,0.9761682334000354,0.08188161768660511
RCSE_000167437,4507013220_00010,ESCALATE,CONTROLLED_CONTRADICTION,PO_VALUE_CONTRADICTION,0.1,89373.0,R4_99_100,ood_test_r4,EXECUTE,EXECUTE,0.4586844944108088,0.4504922917394507,0.1317451831832225,0.1203035585447123,0.40957032240596863,0.4291745269203231,9.998740323631578e-40,2.9622795513886138e-05,0.4504922917394507,0.7050049012707168
RCSE_000170707,4507016950_00010,ESCALATE,CONTROLLED_CONTRADICTION,PO_VALUE_CONTRADICTION,0.1,190525.0,R4_99_100,ood_test_r4,GATHER,GATHER,0.00014155053230279998,0.0014415904104370656,0.9997858499776179,0.997168194188731,7.259949007939613e-05,0.001356574096176297,4.0038930486951696e-110,3.364130465562288e-05,0.997168194188731,0.015553957684369431
RCSE_000171600,4507004482_00010,ESCALATE,CONTROLLED_CONTRADICTION,PO_VALUE_CONTRADICTION,0.1,127742.0,R4_99_100,ood_test_r4,EXECUTE,EXECUTE,0.7092241698128995,0.4748920780243674,0.02712539403437862,0.07265700485068134,0.2636504361527218,0.4524196898849374,1.2625221406821256e-49,3.1227240013723764e-05,0.4748920780243674,0.6515948289798453
RCSE_000158727,4507016947_00010,ESCALATE,CONTROLLED_CONTRADICTION,PO_VALUE_CONTRADICTION,0.1,294448.0,R4_99_100,ood_test_r4,GATHER,GATHER,6.960619680446599e-16,0.001436733436837446,0.9999999999999989,0.998529738602025,3.8757487195384365e-16,0.0,2.6225129098447784e-195,3.352796113766789e-05,0.998529738602025,0.008092504883414935
RCSE_000162429,2000000011_00001,ESCALATE,CONTROLLED_CONTRADICTION,PO_VALUE_CONTRADICTION,0.1,112583.0,R4_99_100,ood_test_r4,EXECUTE,EXECUTE,0.6473825463107151,0.5046569423998928,0.0008807378522111519,0.014533823274263056,0.3517367158370738,0.48077604985258343,2.445081576127557e-46,3.318447326069061e-05,0.5046569423998928,0.5475460284491938
RCSE_000160886,4507002016_00010,ESCALATE,CONTROLLED_CONTRADICTION,PO_VALUE_CONTRADICTION,0.1,208961.0,R4_99_100,ood_test_r4,GATHER,GATHER,0.0002505359016045475,0.0014367494348417906,0.9993560517783575,0.9938196238475974,0.00039341232003804554,0.004710098383089832,5.610610694626235e-90,3.352833447099068e-05,0.9938196238475974,0.02968176992737504
RCSE_000157615,4507018225_00010,ESCALATE,CONTROLLED_CONTRADICTION,PO_VALUE_CONTRADICTION,0.1,51268.0,R4_99_100,ood_test_r4,ESCALATE,EXECUTE,0.3492219416487382,0.5120475043992396,0.00016193118158301442,0.00010194239551029911,0.6506161271696788,0.4878168827545135,9.344879856400575e-23,3.367045073656265e-05,0.5120475043992396,0.5007442179902334
RCSE_000161750,4507002116_00010,ESCALATE,CONTROLLED_CONTRADICTION,PO_VALUE_CONTRADICTION,0.1,98467.0,R4_99_100,ood_test_r4,EXECUTE,EXECUTE,0.6562256407918797,0.5046569423998928,0.0006251900225708544,0.014533823274263056,0.3431491691855495,0.48077604985258343,3.8052611259581516e-40,3.318447326069061e-05,0.5046569423998928,0.5475460284491938
RCSE_000168841,4507020297_00010,ESCALATE,CONTROLLED_CONTRADICTION,PO_VALUE_CONTRADICTION,0.1,67723.0,R4_99_100,ood_test_r4,ESCALATE,EXECUTE,0.4661430889455746,0.5046569423998928,0.0020775076952592873,0.014533823274263056,0.531779403359166,0.48077604985258343,8.585742215048786e-29,3.318447326069061e-05,0.5046569423998928,0.5475460284491938
RCSE_000168465,4507017344_00020,ESCALATE,CONTROLLED_CONTRADICTION,PO_VALUE_CONTRADICTION,0.1,89114.0,R4_99_100,ood_test_r4,EXECUTE,EXECUTE,0.45493584947546106,0.42913668131373434,0.17331328144059782,0.16200561392077534,0.3717508690839412,0.4088294862401322,1.3404790251793985e-39,2.8218525358069368e-05,0.42913668131373434,0.738578612721339
RCSE_000163831,4507011275_00010,ESCALATE,CONTROLLED_CONTRADICTION,PO_VALUE_CONTRADICTION,0.1,127742.0,R4_99_100,ood_test_r4,GATHER,GATHER,0.12899382948676455,0.016576834468088428,0.8046928452038461,0.6415715427105817,0.06631332530938938,0.3418280289191609,2.3278172170395933e-55,2.3593902169004893e-05,0.6415715427105817,0.5192968706505057
RCSE_000166145,4507011274_00010,ESCALATE,CONTROLLED_CONTRADICTION,PO_VALUE_CONTRADICTION,0.1,127742.0,R4_99_100,ood_test_r4,EXECUTE,EXECUTE,0.7050512137944135,0.4748920780243674,0.03628257278241455,0.07265700485068134,0.25866621342317203,0.4524196898849374,1.2699974070901846e-49,3.1227240013723764e-05,0.4748920780243674,0.6515948289798453
RCSE_000168850,4507018070_00010,ESCALATE,CONTROLLED_CONTRADICTION,PO_VALUE_CONTRADICTION,0.1,55557.0,R4_99_100,ood_test_r4,ESCALATE,EXECUTE,0.33423571164071336,0.5046569423998928,0.0004599244127148429,0.014533823274263056,0.6653043639465719,0.48077604985258343,8.109996974577752e-28,3.318447326069061e-05,0.5046569423998928,0.5475460284491938
RCSE_000167629,4507021183_00010,ESCALATE,CONTROLLED_CONTRADICTION,PO_VALUE_CONTRADICTION,0.1,51268.0,R4_99_100,ood_test_r4,ESCALATE,EXECUTE,0.33736806343116665,0.5120475043992396,0.00016712477526962784,0.00010194239551029911,0.6624648117935638,0.4878168827545135,1.9988177284155165e-24,3.367045073656265e-05,0.5120475043992396,0.5007442179902334
RCSE_000170031,2000013529_00001,ESCALATE,CONTROLLED_CONTRADICTION,PO_VALUE_CONTRADICTION,0.1,144378.0,R4_99_100,ood_test_r4,EXECUTE,EXECUTE,0.6689383018924421,0.4748920780243674,0.04541083618791462,0.07265700485068134,0.2856508619196433,0.4524196898849374,1.3833973732466054e-59,3.1227240013723764e-05,0.4748920780243674,0.6515948289798453
RCSE_000160688,2000013536_00001,ESCALATE,CONTROLLED_CONTRADICTION,PO_VALUE_CONTRADICTION,0.1,113023.0,R4_99_100,ood_test_r4,EXECUTE,EXECUTE,0.6925343278938522,0.5046569423998928,0.0016871293760349095,0.014533823274263056,0.305778542730113,0.48077604985258343,7.110996839886246e-46,3.318447326069061e-05,0.5046569423998928,0.5475460284491938
RCSE_000170394,4507020368_00020,ESCALATE,CONTROLLED_CONTRADICTION,PO_VALUE_CONTRADICTION,0.1,60111.0,R4_99_100,ood_test_r4,ESCALATE,EXECUTE,0.4731231180066066,0.5120475043992396,0.00033906618744409357,0.00010194239551029911,0.5265378158059493,0.4878168827545135,7.601486187614457e-26,3.367045073656265e-05,0.5120475043992396,0.5007442179902334
RCSE_000160885,4507017599_00010,ESCALATE,CONTROLLED_CONTRADICTION,PO_VALUE_CONTRADICTION,0.1,100458.0,R4_99_100,ood_test_r4,EXECUTE,EXECUTE,0.5789924269425037,0.4748920780243674,0.009121142878908564,0.07265700485068134,0.41188643017858767,0.4524196898849374,7.816169002854145e-40,3.1227240013723764e-05,0.4748920780243674,0.6515948289798453
RCSE_000156768,4507018037_00010,ESCALATE,CONTROLLED_CONTRADICTION,PO_VALUE_CONTRADICTION,0.1,58799.0,R4_99_100,ood_test_r4,ESCALATE,EXECUTE,0.4524037568339193,0.5120475043992396,0.00023867022327496705,0.00010194239551029911,0.5473575729428057,0.4878168827545135,3.3896542368546256e-25,3.367045073656265e-05,0.5120475043992396,0.5007442179902334
RCSE_000164375,4507021571_00010,ESCALATE,CONTROLLED_CONTRADICTION,PO_VALUE_CONTRADICTION,0.1,61439.0,R4_99_100,ood_test_r4,ESCALATE,EXECUTE,0.4769156421891266,0.5046569423998928,0.0006207506902029456,0.014533823274263056,0.5224636071206703,0.48077604985258343,2.097631490155147e-26,3.318447326069061e-05,0.5046569423998928,0.5475460284491938
RCSE_000171151,4507020952_00010,ESCALATE,CONTROLLED_CONTRADICTION,PO_VALUE_CONTRADICTION,0.1,55269.0,R4_99_100,ood_test_r4,ESCALATE,EXECUTE,0.34205163766823926,0.5046569423998928,0.00038761700103378594,0.014533823274263056,0.6575607453307268,0.48077604985258343,2.8148503976890303e-26,3.318447326069061e-05,0.5046569423998928,0.5475460284491938
RCSE_000157047,4507023550_00010,ESCALATE,CONTROLLED_CONTRADICTION,PO_VALUE_CONTRADICTION,0.1,130700.0,R4_99_100,ood_test_r4,EXECUTE,EXECUTE,0.6974779935187119,0.4748920780243674,0.08129681738709343,0.07265700485068134,0.22122518909419467,0.4524196898849374,6.580443447237037e-51,3.1227240013723764e-05,0.4748920780243674,0.6515948289798453
RCSE_000161336,4507035590_00010,ESCALATE,CONTROLLED_CONTRADICTION,PO_VALUE_CONTRADICTION,0.1,84870.0,R4_99_100,ood_test_r4,EXECUTE,EXECUTE,0.4952783355468147,0.4748920780243674,0.05662693581397658,0.07265700485068134,0.44809472863920863,0.4524196898849374,1.1142969716981513e-37,3.1227240013723764e-05,0.4748920780243674,0.6515948289798453
RCSE_000160729,4507036557_00010,ESCALATE,CONTROLLED_CONTRADICTION,PO_VALUE_CONTRADICTION,0.1,54497.0,R4_99_100,ood_test_r4,ESCALATE,EXECUTE,0.3345669634901496,0.5046569423998928,0.0018998715863416395,0.014533823274263056,0.6635331649235087,0.48077604985258343,6.343490270496784e-26,3.318447326069061e-05,0.5046569423998928,0.5475460284491938
RCSE_000158434,4507023226_00010,ESCALATE,CONTROLLED_CONTRADICTION,PO_VALUE_CONTRADICTION,0.1,127742.0,R4_99_100,ood_test_r4,EXECUTE,EXECUTE,0.7068128893601202,0.4748920780243674,0.02951404467887873,0.07265700485068134,0.26367306596100115,0.4524196898849374,8.112614654071714e-50,3.1227240013723764e-05,0.4748920780243674,0.6515948289798453
RCSE_000171569,2000000019_00001,ESCALATE,CONTROLLED_CONTRADICTION,PO_VALUE_CONTRADICTION,0.1,502814.0,R4_99_100,ood_test_r4,GATHER,GATHER,2.0147791896538763e-08,0.001434793590798254,0.999999979840829,0.9971815456047864,1.1379204390562753e-11,0.0013501781119968526,3.066228410592175e-204,3.348269241839992e-05,0.9971815456047864,0.015490245654545019
RCSE_000158889,4507029789_00010,ESCALATE,CONTROLLED_CONTRADICTION,PO_VALUE_CONTRADICTION,0.1,112453.0,R4_99_100,ood_test_r4,EXECUTE,EXECUTE,0.6488644536836035,0.4748920780243674,0.033137574100809884,0.07265700485068134,0.31799797221558657,0.4524196898849374,6.977658557137765e-44,3.1227240013723764e-05,0.4748920780243674,0.6515948289798453
RCSE_000162234,4507040446_00010,ESCALATE,CONTROLLED_CONTRADICTION,PO_VALUE_CONTRADICTION,0.1,51827.0,R4_99_100,ood_test_r4,ESCALATE,EXECUTE,0.37151064029172143,0.5120475043992396,9.216931897013227e-05,0.00010194239551029911,0.6283971903893084,0.4878168827545135,1.9977885706377902e-23,3.367045073656265e-05,0.5120475043992396,0.5007442179902334
RCSE_000170226,4507019505_00010,ESCALATE,CONTROLLED_CONTRADICTION,PO_VALUE_CONTRADICTION,0.1,54904.0,R4_99_100,ood_test_r4,ESCALATE,EXECUTE,0.4090060571061114,0.5120475043992396,0.00018358222894340385,0.00010194239551029911,0.5908103606649453,0.4878168827545135,4.313295396756743e-24,3.367045073656265e-05,0.5120475043992396,0.5007442179902334
RCSE_000164535,4507033180_00010,ESCALATE,CONTROLLED_CONTRADICTION,PO_VALUE_CONTRADICTION,0.1,53581.0,R4_99_100,ood_test_r4,ESCALATE,EXECUTE,0.43877946606580837,0.5046569423998928,0.0003788433050943474,0.014533823274263056,0.5608416906290974,0.48077604985258343,2.238451432699031e-23,3.318447326069061e-05,0.5046569423998928,0.5475460284491938
RCSE_000160272,4507014512_00010,ESCALATE,CONTROLLED_CONTRADICTION,PO_VALUE_CONTRADICTION,0.1,112178.0,R4_99_100,ood_test_r4,EXECUTE,EXECUTE,0.6678668143737507,0.4748920780243674,0.0041854050473620445,0.07265700485068134,0.32794778057888724,0.4524196898849374,1.7406650694378755e-44,3.1227240013723764e-05,0.4748920780243674,0.6515948289798453
RCSE_000159976,4508043363_00010,ESCALATE,CONTROLLED_CONTRADICTION,PO_VALUE_CONTRADICTION,0.1,55694.0,R4_99_100,ood_test_r4,ESCALATE,EXECUTE,0.4233589618891848,0.5046569423998928,0.0007482323139883322,0.014533823274263056,0.5758928057968269,0.48077604985258343,4.201526628912969e-24,3.318447326069061e-05,0.5046569423998928,0.5475460284491938
RCSE_000163647,4507035191_00010,ESCALATE,CONTROLLED_CONTRADICTION,PO_VALUE_CONTRADICTION,0.1,57546.0,R4_99_100,ood_test_r4,ESCALATE,EXECUTE,0.4566508422103427,0.5046569423998928,0.0003926721634790194,0.014533823274263056,0.5429564856261783,0.48077604985258343,6.871796328937037e-25,3.318447326069061e-05,0.5046569423998928,0.5475460284491938
RCSE_000166530,4507030214_00010,ESCALATE,CONTROLLED_CONTRADICTION,PO_VALUE_CONTRADICTION,0.1,61054.0,R4_99_100,ood_test_r4,ESCALATE,EXECUTE,0.4523238597674446,0.4748920780243674,0.004532651151778103,0.07265700485068134,0.5431434890807775,0.4524196898849374,8.770683436601758e-29,3.1227240013723764e-05,0.4748920780243674,0.6515948289798453
RCSE_000158408,4508042987_00010,ESCALATE,CONTROLLED_CONTRADICTION,PO_VALUE_CONTRADICTION,0.1,53437.0,R4_99_100,ood_test_r4,ESCALATE,EXECUTE,0.3506614161068826,0.5120475043992396,0.00014762172028270546,0.00010194239551029911,0.6491909621728347,0.4878168827545135,3.343766020210524e-23,3.367045073656265e-05,0.5120475043992396,0.5007442179902334
RCSE_000159912,4507027355_00010,ESCALATE,CONTROLLED_CONTRADICTION,PO_VALUE_CONTRADICTION,0.1,96994.0,R4_99_100,ood_test_r4,EXECUTE,EXECUTE,0.5687458042722546,0.4748920780243674,0.0033838603305239644,0.07265700485068134,0.42787033539722147,0.4524196898849374,8.962324619440899e-39,3.1227240013723764e-05,0.4748920780243674,0.6515948289798453
RCSE_000171105,4508042468_00010,ESCALATE,CONTROLLED_CONTRADICTION,PO_VALUE_CONTRADICTION,0.1,55165.0,R4_99_100,ood_test_r4,ESCALATE,EXECUTE,0.39202475804742504,0.4748920780243674,0.0071442225276755235,0.07265700485068134,0.6008310194248994,0.4524196898849374,2.456381677323756e-26,3.1227240013723764e-05,0.4748920780243674,0.6515948289798453
RCSE_000171413,4507037330_00020,ESCALATE,CONTROLLED_CONTRADICTION,PO_VALUE_CONTRADICTION,0.1,70494.0,R4_99_100,ood_test_r4,ESCALATE,EXECUTE,0.39810528958475,0.5046569423998928,0.0022378145095072626,0.014533823274263056,0.5996568959057428,0.48077604985258343,5.355826312409391e-32,3.318447326069061e-05,0.5046569423998928,0.5475460284491938
RCSE_000163802,4507039994_00010,ESCALATE,CONTROLLED_CONTRADICTION,PO_VALUE_CONTRADICTION,0.1,70869.0,R4_99_100,ood_test_r4,ESCALATE,EXECUTE,0.488350699603065,0.5046569423998928,0.00189669897130399,0.014533823274263056,0.5097526014256312,0.48077604985258343,3.8825377385832726e-30,3.318447326069061e-05,0.5046569423998928,0.5475460284491938
RCSE_000170718,2000000002_00001,ESCALATE,CONTROLLED_CONTRADICTION,PO_VALUE_CONTRADICTION,0.1,76210.0,R4_99_100,ood_test_r4,ESCALATE,EXECUTE,0.4228055586350325,0.5120475043992396,1.0555174888033898e-05,0.00010194239551029911,0.5771838861900793,0.4878168827545135,1.5314368907715222e-36,3.367045073656265e-05,0.5120475043992396,0.5007442179902334
RCSE_000157060,4507035476_00010,ESCALATE,CONTROLLED_CONTRADICTION,PO_VALUE_CONTRADICTION,0.1,56752.0,R4_99_100,ood_test_r4,ESCALATE,EXECUTE,0.423406233368803,0.5120475043992396,0.000272055027482447,0.00010194239551029911,0.5763217116037146,0.4878168827545135,6.249973864792122e-25,3.367045073656265e-05,0.5120475043992396,0.5007442179902334
RCSE_000164879,4507034143_00040,ESCALATE,CONTROLLED_CONTRADICTION,PO_VALUE_CONTRADICTION,0.1,49694.0,R4_99_100,ood_test_r4,ESCALATE,EXECUTE,0.42596819052511187,0.5046569423998928,0.00039589500530818684,0.014533823274263056,0.57363591446958,0.48077604985258343,7.164812319947222e-22,3.318447326069061e-05,0.5046569423998928,0.5475460284491938
RCSE_000157531,4508043138_00010,ESCALATE,CONTROLLED_CONTRADICTION,PO_VALUE_CONTRADICTION,0.1,50662.0,R4_99_100,ood_test_r4,ESCALATE,ESCALATE,0.2388428059727455,0.09484288082362193,1.015804716665099e-11,0.0,0.7611571940170964,0.9051235407595973,1.593457889785675e-25,3.35784167807658e-05,0.9051235407595973,0.2264870317556222
RCSE_000171562,4508043428_00010,ESCALATE,CONTROLLED_CONTRADICTION,PO_VALUE_CONTRADICTION,0.1,56395.0,R4_99_100,ood_test_r4,ESCALATE,EXECUTE,0.3415814978163157,0.4748920780243674,0.003879470705528795,0.07265700485068134,0.6545390314781556,0.4524196898849374,1.4756730407866858e-26,3.1227240013723764e-05,0.4748920780243674,0.6515948289798453
RCSE_000158162,4507038756_00010,ESCALATE,CONTROLLED_CONTRADICTION,PO_VALUE_CONTRADICTION,0.1,62353.0,R4_99_100,ood_test_r4,ESCALATE,EXECUTE,0.36727480710464594,0.5046569423998928,0.002561374179748609,0.014533823274263056,0.6301638187156056,0.48077604985258343,8.392841538215446e-29,3.318447326069061e-05,0.5046569423998928,0.5475460284491938
RCSE_000163919,4508044896_00010,ESCALATE,CONTROLLED_CONTRADICTION,PO_VALUE_CONTRADICTION,0.1,54388.0,R4_99_100,ood_test_r4,ESCALATE,EXECUTE,0.3372127561648729,0.5046569423998928,0.001058719047041877,0.014533823274263056,0.6617285247880853,0.48077604985258343,6.50716505623455e-26,3.318447326069061e-05,0.5046569423998928,0.5475460284491938
RCSE_000169003,4508047755_00010,ESCALATE,CONTROLLED_CONTRADICTION,PO_VALUE_CONTRADICTION,0.1,56364.0,R4_99_100,ood_test_r4,ESCALATE,EXECUTE,0.38707129300683235,0.4748920780243674,0.004853520749125227,0.07265700485068134,0.6080751862440424,0.4524196898849374,8.107291029871876e-27,3.1227240013723764e-05,0.4748920780243674,0.6515948289798453
RCSE_000162371,4508049061_00010,ESCALATE,CONTROLLED_CONTRADICTION,PO_VALUE_CONTRADICTION,0.1,55860.0,R4_99_100,ood_test_r4,ESCALATE,EXECUTE,0.3861338567859854,0.4748920780243674,0.005334152158185709,0.07265700485068134,0.6085319910558289,0.4524196898849374,1.317006256736876e-26,3.1227240013723764e-05,0.4748920780243674,0.6515948289798453
RCSE_000170841,4507033207_00010,ESCALATE,CONTROLLED_CONTRADICTION,PO_VALUE_CONTRADICTION,0.1,112453.0,R4_99_100,ood_test_r4,EXECUTE,EXECUTE,0.6746495794645706,0.4748920780243674,0.008146879322572022,0.07265700485068134,0.3172035412128574,0.4524196898849374,1.8767364122406088e-44,3.1227240013723764e-05,0.4748920780243674,0.6515948289798453
RCSE_000164125,4507038875_00010,ESCALATE,CONTROLLED_CONTRADICTION,PO_VALUE_CONTRADICTION,0.1,112453.0,R4_99_100,ood_test_r4,GATHER,EXECUTE,0.34936574937834947,0.3532671186467085,0.43074369113243005,0.31015950138296733,0.21989055948922043,0.33655015036171737,4.718749489486647e-49,2.322960860671875e-05,0.3532671186467085,0.791630578941228
RCSE_000170923,4507038882_00010,ESCALATE,CONTROLLED_CONTRADICTION,PO_VALUE_CONTRADICTION,0.1,112453.0,R4_99_100,ood_test_r4,GATHER,EXECUTE,0.3515777048971283,0.3532671186467085,0.42661289799697133,0.31015950138296733,0.22180939710590036,0.33655015036171737,4.9099054477622885e-49,2.322960860671875e-05,0.3532671186467085,0.791630578941228
RCSE_000160258,4507038877_00010,ESCALATE,CONTROLLED_CONTRADICTION,PO_VALUE_CONTRADICTION,0.1,112453.0,R4_99_100,ood_test_r4,GATHER,EXECUTE,0.3509742061317767,0.3532671186467085,0.42778610931276656,0.31015950138296733,0.22123968455545667,0.33655015036171737,4.837878056796254e-49,2.322960860671875e-05,0.3532671186467085,0.791630578941228
RCSE_000169319,4507041562_00010,ESCALATE,CONTROLLED_CONTRADICTION,PO_VALUE_CONTRADICTION,0.1,129197.0,R4_99_100,ood_test_r4,GATHER,GATHER,0.08853396161254642,0.01575400423913034,0.8624479403423949,0.6593629835399087,0.049018098045058626,0.32486058945770624,9.914436839506173e-58,2.242276325456921e-05,0.6593629835399087,0.5089119437562742
RCSE_000160583,2000033620_00001,ESCALATE,CONTROLLED_CONTRADICTION,PO_VALUE_CONTRADICTION,0.1,84801.0,R4_99_100,ood_test_r4,EXECUTE,EXECUTE,0.5632555773172152,0.5046569423998928,0.00110597225688805,0.014533823274263056,0.4356384504258968,0.48077604985258343,2.5386250111915317e-39,3.318447326069061e-05,0.5046569423998928,0.5475460284491938
RCSE_000167627,4507033666_00010,ESCALATE,CONTROLLED_CONTRADICTION,PO_VALUE_CONTRADICTION,0.1,115645.0,R4_99_100,ood_test_r4,EXECUTE,EXECUTE,0.3886265738887678,0.3532671186467085,0.3705226652276641,0.31015950138296733,0.24085076088356816,0.33655015036171737,3.3825989480311245e-50,2.322960860671875e-05,0.3532671186467085,0.791630578941228
RCSE_000170420,4507028399_00010,ESCALATE,CONTROLLED_CONTRADICTION,PO_VALUE_CONTRADICTION,0.1,69420.0,R4_99_100,ood_test_r4,ESCALATE,EXECUTE,0.47087717384188704,0.5046569423998928,0.0005026025431074945,0.014533823274263056,0.5286202236150055,0.48077604985258343,1.0021001370320297e-29,3.318447326069061e-05,0.5046569423998928,0.5475460284491938
RCSE_000161152,4508052515_00010,ESCALATE,CONTROLLED_CONTRADICTION,PO_VALUE_CONTRADICTION,0.1,55844.0,R4_99_100,ood_test_r4,ESCALATE,EXECUTE,0.38818120940337986,0.4748920780243674,0.005224328675098535,0.07265700485068134,0.6065944619215214,0.4524196898849374,1.9741132702562613e-26,3.1227240013723764e-05,0.4748920780243674,0.6515948289798453
RCSE_000162441,4508053746_00010,ESCALATE,CONTROLLED_CONTRADICTION,PO_VALUE_CONTRADICTION,0.1,55758.0,R4_99_100,ood_test_r4,ESCALATE,EXECUTE,0.4203439099012892,0.5046569423998928,0.0006651685867460701,0.014533823274263056,0.5789909215119647,0.48077604985258343,2.5455663303266935e-24,3.318447326069061e-05,0.5046569423998928,0.5475460284491938
RCSE_000165516,4507017750_00010,ESCALATE,CONTROLLED_CONTRADICTION,PO_VALUE_CONTRADICTION,0.1,101595.0,R4_99_100,ood_test_r4,EXECUTE,EXECUTE,0.49021331748414815,0.4748920780243674,0.02782787917074101,0.07265700485068134,0.4819588033451108,0.4524196898849374,6.286479013490371e-45,3.1227240013723764e-05,0.4748920780243674,0.6515948289798453
RCSE_000170695,4508050176_00010,ESCALATE,CONTROLLED_CONTRADICTION,PO_VALUE_CONTRADICTION,0.1,179977.0,R4_99_100,ood_test_r4,EXECUTE,EXECUTE,0.6920041110789171,0.5120997090703223,9.474353509957718e-13,0.0,0.3079958889201355,0.48786661704614465,7.565646399066897e-73,3.3673883532916135e-05,0.5120997090703223,0.5000457857569834
RCSE_000169554,4507041837_00030,ESCALATE,CONTROLLED_CONTRADICTION,PO_VALUE_CONTRADICTION,0.1,129197.0,R4_99_100,ood_test_r4,EXECUTE,EXECUTE,0.7035256336004272,0.4748920780243674,0.04493337675552702,0.07265700485068134,0.2515409896440459,0.4524196898849374,2.917429359851369e-50,3.1227240013723764e-05,0.4748920780243674,0.6515948289798453
RCSE_000164762,4508053201_00010,ESCALATE,CONTROLLED_CONTRADICTION,PO_VALUE_CONTRADICTION,0.1,67342.0,R4_99_100,ood_test_r4,ESCALATE,EXECUTE,0.4380258838858854,0.4748920780243674,0.012242331535371964,0.07265700485068134,0.5497317845787426,0.4524196898849374,8.161804615210317e-31,3.1227240013723764e-05,0.4748920780243674,0.6515948289798453
RCSE_000161330,4508047295_00010,ESCALATE,CONTROLLED_CONTRADICTION,PO_VALUE_CONTRADICTION,0.1,53147.0,R4_99_100,ood_test_r4,ESCALATE,EXECUTE,0.35063698179423497,0.5120475043992396,9.134395753986066e-05,0.00010194239551029911,0.6492716742482252,0.4878168827545135,2.7791562539992334e-23,3.367045073656265e-05,0.5120475043992396,0.5007442179902334
RCSE_000169139,4507029567_00010,ESCALATE,CONTROLLED_CONTRADICTION,PO_VALUE_CONTRADICTION,0.1,101595.0,R4_99_100,ood_test_r4,EXECUTE,EXECUTE,0.47158301338277364,0.4748920780243674,0.06272984943864318,0.07265700485068134,0.46568713717858323,0.4524196898849374,1.2139775392473372e-44,3.1227240013723764e-05,0.4748920780243674,0.6515948289798453
RCSE_000164974,4507041776_00010,ESCALATE,CONTROLLED_CONTRADICTION,PO_VALUE_CONTRADICTION,0.1,111398.0,R4_99_100,ood_test_r4,EXECUTE,EXECUTE,0.5840610630002812,0.4748920780243674,0.013350433508111468,0.07265700485068134,0.40258850349160735,0.4524196898849374,8.923086135948129e-44,3.1227240013723764e-05,0.4748920780243674,0.6515948289798453
RCSE_000168261,4507029571_00010,ESCALATE,CONTROLLED_CONTRADICTION,PO_VALUE_CONTRADICTION,0.1,101595.0,R4_99_100,ood_test_r4,EXECUTE,EXECUTE,0.5722722173786144,0.5046569423998928,0.0017110352881921065,0.014533823274263056,0.42601674733319356,0.48077604985258343,1.0524970706679704e-40,3.318447326069061e-05,0.5046569423998928,0.5475460284491938
RCSE_000157838,4507038935_00010,ESCALATE,CONTROLLED_CONTRADICTION,PO_VALUE_CONTRADICTION,0.1,112453.0,R4_99_100,ood_test_r4,EXECUTE,EXECUTE,0.4206485270774682,0.3532671186467085,0.30867173478100507,0.31015950138296733,0.27067973814152674,0.33655015036171737,5.958321070894272e-49,2.322960860671875e-05,0.3532671186467085,0.791630578941228
RCSE_000160299,4508051370_00010,ESCALATE,CONTROLLED_CONTRADICTION,PO_VALUE_CONTRADICTION,0.1,55827.0,R4_99_100,ood_test_r4,ESCALATE,EXECUTE,0.341836589266763,0.5046569423998928,0.0015220823107025682,0.014533823274263056,0.6566413284225343,0.48077604985258343,2.1397785995684413e-26,3.318447326069061e-05,0.5046569423998928,0.5475460284491938
RCSE_000158445,4508050458_00010,ESCALATE,CONTROLLED_CONTRADICTION,PO_VALUE_CONTRADICTION,0.1,133811.0,R4_99_100,ood_test_r4,EXECUTE,EXECUTE,0.671960451608014,0.4550543465074578,0.10794723282056394,0.11139503021086652,0.22009231557142203,0.4335207005014161,8.413899130659179e-52,2.992278025944974e-05,0.4550543465074578,0.6963979222287732
RCSE_000167860,4508056749_00010,ESCALATE,CONTROLLED_CONTRADICTION,PO_VALUE_CONTRADICTION,0.1,72053.0,R4_99_100,ood_test_r4,ESCALATE,EXECUTE,0.4503220712459495,0.4748920780243674,0.007549418066356816,0.07265700485068134,0.5421285106876937,0.4524196898849374,3.866713677293627e-33,3.1227240013723764e-05,0.4748920780243674,0.6515948289798453
RCSE_000171003,4508058883_00010,ESCALATE,CONTROLLED_CONTRADICTION,PO_VALUE_CONTRADICTION,0.1,56036.0,R4_99_100,ood_test_r4,ESCALATE,EXECUTE,0.38769629703999137,0.4748920780243674,0.004251328604842366,0.07265700485068134,0.6080523743551662,0.4524196898849374,1.5159935521149947e-26,3.1227240013723764e-05,0.4748920780243674,0.6515948289798453
RCSE_000160990,4508055860_00010,ESCALATE,CONTROLLED_CONTRADICTION,PO_VALUE_CONTRADICTION,0.1,49986.0,R4_99_100,ood_test_r4,ESCALATE,EXECUTE,0.3386902969285584,0.5120475043992396,0.00010229217059032934,0.00010194239551029911,0.6612074109008513,0.4878168827545135,6.467455242168344e-22,3.367045073656265e-05,0.5120475043992396,0.5007442179902334
RCSE_000164005,4508057119_00010,ESCALATE,CONTROLLED_CONTRADICTION,PO_VALUE_CONTRADICTION,0.1,50321.0,R4_99_100,ood_test_r4,ESCALATE,EXECUTE,0.3243168248067111,0.5046569423998928,0.0009367830226374509,0.014533823274263056,0.6747463921706515,0.48077604985258343,4.002779768942119e-24,3.318447326069061e-05,0.5046569423998928,0.5475460284491938
RCSE_000159304,4508057313_00010,ESCALATE,CONTROLLED_CONTRADICTION,PO_VALUE_CONTRADICTION,0.1,51861.0,R4_99_100,ood_test_r4,ESCALATE,EXECUTE,0.3059264918670489,0.5046569423998928,0.001015005600502741,0.014533823274263056,0.6930585025324483,0.48077604985258343,2.7845467033642913e-24,3.318447326069061e-05,0.5046569423998928,0.5475460284491938
RCSE_000170688,4508053064_00010,ESCALATE,CONTROLLED_CONTRADICTION,PO_VALUE_CONTRADICTION,0.1,49735.0,R4_99_100,ood_test_r4,ESCALATE,EXECUTE,0.38552633120094776,0.5046569423998928,0.0010209311879655282,0.014533823274263056,0.6134527376110868,0.48077604985258343,3.164813021246728e-24,3.318447326069061e-05,0.5046569423998928,0.5475460284491938
RCSE_000163705,4508051379_00010,ESCALATE,CONTROLLED_CONTRADICTION,PO_VALUE_CONTRADICTION,0.1,86682.0,R4_99_100,ood_test_r4,EXECUTE,EXECUTE,0.46641632769553326,0.4748920780243674,0.07579828075552453,0.07265700485068134,0.4577853915489422,0.4524196898849374,2.095666889251542e-38,3.1227240013723764e-05,0.4748920780243674,0.6515948289798453
RCSE_000170342,4508048709_00010,ESCALATE,CONTROLLED_CONTRADICTION,PO_VALUE_CONTRADICTION,0.1,133811.0,R4_99_100,ood_test_r4,GATHER,GATHER,0.05673665640489293,0.01575400423913034,0.9159310169935093,0.6593629835399087,0.02733232660159773,0.32486058945770624,1.0239682774649929e-58,2.242276325456921e-05,0.6593629835399087,0.5089119437562742
RCSE_000163261,4507034731_00010,ESCALATE,CONTROLLED_CONTRADICTION,PO_VALUE_CONTRADICTION,0.1,101595.0,R4_99_100,ood_test_r4,EXECUTE,EXECUTE,0.47781252642032623,0.4748920780243674,0.05520930811000962,0.07265700485068134,0.46697816546966414,0.4524196898849374,9.124620425807629e-45,3.1227240013723764e-05,0.4748920780243674,0.6515948289798453
RCSE_000171178,4508047777_00010,ESCALATE,CONTROLLED_CONTRADICTION,PO_VALUE_CONTRADICTION,0.1,115645.0,R4_99_100,ood_test_r4,EXECUTE,EXECUTE,0.6802875247883272,0.4748920780243674,0.011660060407578238,0.07265700485068134,0.30805241480409457,0.4524196898849374,2.1193063719950953e-45,3.1227240013723764e-05,0.4748920780243674,0.6515948289798453
RCSE_000170109,4508057735_00010,ESCALATE,CONTROLLED_CONTRADICTION,PO_VALUE_CONTRADICTION,0.1,53555.0,R4_99_100,ood_test_r4,ESCALATE,EXECUTE,0.3619463797450132,0.5120475043992396,6.692200407529649e-05,0.00010194239551029911,0.6379866982509115,0.4878168827545135,2.0825263849595605e-23,3.367045073656265e-05,0.5120475043992396,0.5007442179902334
RCSE_000169280,4507018020_00010,ESCALATE,CONTROLLED_CONTRADICTION,PO_VALUE_CONTRADICTION,0.1,97230.0,R4_99_100,ood_test_r4,EXECUTE,EXECUTE,0.5379752627804816,0.5120475043992396,0.00020170909732248314,0.00010194239551029911,0.4618230281221958,0.4878168827545135,2.0172576499718988e-39,3.367045073656265e-05,0.5120475043992396,0.5007442179902334
RCSE_000161166,4507036055_00010,ESCALATE,CONTROLLED_CONTRADICTION,PO_VALUE_CONTRADICTION,0.1,324759.0,R4_99_100,ood_test_r4,GATHER,GATHER,7.180741331069567e-10,0.001434793590798254,0.9999999992480004,0.9971815456047864,3.392534511218381e-11,0.0013501781119968526,2.1907788431520056e-141,3.348269241839992e-05,0.9971815456047864,0.015490245654545019
RCSE_000166493,4508061715_00040,ESCALATE,CONTROLLED_CONTRADICTION,PO_VALUE_CONTRADICTION,0.1,66471.0,R4_99_100,ood_test_r4,EXECUTE,EXECUTE,0.5073868948954974,0.5046569423998928,0.0016798687641922175,0.014533823274263056,0.4909332363403104,0.48077604985258343,4.0134370410868073e-28,3.318447326069061e-05,0.5046569423998928,0.5475460284491938
RCSE_000163244,4508045773_00020,ESCALATE,CONTROLLED_CONTRADICTION,PO_VALUE_CONTRADICTION,0.1,66310.0,R4_99_100,ood_test_r4,ESCALATE,EXECUTE,0.46026314351055597,0.5120475043992396,0.0003114689063910507,0.00010194239551029911,0.539425387583053,0.4878168827545135,1.8174549030565173e-27,3.367045073656265e-05,0.5120475043992396,0.5007442179902334
RCSE_000166881,4508049498_00020,ESCALATE,CONTROLLED_CONTRADICTION,PO_VALUE_CONTRADICTION,0.1,50991.0,R4_99_100,ood_test_r4,ESCALATE,ESCALATE,0.07176201513015956,0.02369592781366141,1.2797194960467022e-06,0.00010211223834758642,0.9282367051503444,0.9761682334000354,1.3989496510677674e-25,3.372654795555789e-05,0.9761682334000354,0.08188161768660511
RCSE_000171577,4508047991_00010,ESCALATE,CONTROLLED_CONTRADICTION,PO_VALUE_CONTRADICTION,0.1,89373.0,R4_99_100,ood_test_r4,EXECUTE,EXECUTE,0.5084316349400939,0.4748920780243674,0.031809796390188126,0.07265700485068134,0.459758568669718,0.4524196898849374,8.3131436974407e-40,3.1227240013723764e-05,0.4748920780243674,0.6515948289798453
RCSE_000159020,4508048430_00010,ESCALATE,CONTROLLED_CONTRADICTION,PO_VALUE_CONTRADICTION,0.1,56752.0,R4_99_100,ood_test_r4,ESCALATE,EXECUTE,0.4123825016063369,0.5120475043992396,0.0001258204519769046,0.00010194239551029911,0.5874916779416862,0.4878168827545135,7.906035307598017e-26,3.367045073656265e-05,0.5120475043992396,0.5007442179902334
RCSE_000157847,4508052462_00010,ESCALATE,CONTROLLED_CONTRADICTION,PO_VALUE_CONTRADICTION,0.1,56646.0,R4_99_100,ood_test_r4,ESCALATE,EXECUTE,0.4014345607038906,0.5120475043992396,0.0002771370727711349,0.00010194239551029911,0.5982883022233382,0.4878168827545135,2.15333733381175e-25,3.367045073656265e-05,0.5120475043992396,0.5007442179902334
RCSE_000166157,4508059393_00010,ESCALATE,CONTROLLED_CONTRADICTION,PO_VALUE_CONTRADICTION,0.1,69757.0,R4_99_100,ood_test_r4,EXECUTE,EXECUTE,0.51064746061619,0.5046569423998928,0.001823864828635652,0.014533823274263056,0.48752867455517435,0.48077604985258343,1.0583705851860412e-28,3.318447326069061e-05,0.5046569423998928,0.5475460284491938
RCSE_000170218,4508044124_00010,ESCALATE,CONTROLLED_CONTRADICTION,PO_VALUE_CONTRADICTION,0.1,106749.0,R4_99_100,ood_test_r4,EXECUTE,EXECUTE,0.5911890255629292,0.5046569423998928,0.0023051701395333567,0.014533823274263056,0.40650580429753735,0.48077604985258343,1.7963534996468587e-42,3.318447326069061e-05,0.5046569423998928,0.5475460284491938
RCSE_000168417,4507038958_00010,ESCALATE,CONTROLLED_CONTRADICTION,PO_VALUE_CONTRADICTION,0.1,112453.0,R4_99_100,ood_test_r4,EXECUTE,EXECUTE,0.6672641855897535,0.5046569423998928,0.001767553620839478,0.014533823274263056,0.33096826078940694,0.48077604985258343,9.300106108176904e-45,3.318447326069061e-05,0.5046569423998928,0.5475460284491938
RCSE_000168275,4507038963_00010,ESCALATE,CONTROLLED_CONTRADICTION,PO_VALUE_CONTRADICTION,0.1,112453.0,R4_99_100,ood_test_r4,EXECUTE,EXECUTE,0.5378631904733985,0.4550543465074578,0.09881666014913938,0.11139503021086652,0.3633201493774621,0.4335207005014161,2.1654428356809227e-49,2.992278025944974e-05,0.4550543465074578,0.6963979222287732
RCSE_000169424,4508063716_00010,ESCALATE,CONTROLLED_CONTRADICTION,PO_VALUE_CONTRADICTION,0.1,50629.0,R4_99_100,ood_test_r4,ESCALATE,EXECUTE,0.3268964327147467,0.5046569423998928,0.0004560006949903994,0.014533823274263056,0.6726475665902629,0.48077604985258343,3.7026946257774495e-24,3.318447326069061e-05,0.5046569423998928,0.5475460284491938
RCSE_000157553,4508064289_00010,ESCALATE,CONTROLLED_CONTRADICTION,PO_VALUE_CONTRADICTION,0.1,51164.0,R4_99_100,ood_test_r4,ESCALATE,EXECUTE,0.34471306494646736,0.5120475043992396,9.889134194584679e-05,0.00010194239551029911,0.6551880437115869,0.4878168827545135,2.0151539966673082e-22,3.367045073656265e-05,0.5120475043992396,0.5007442179902334
RCSE_000169170,4508063357_00010,ESCALATE,CONTROLLED_CONTRADICTION,PO_VALUE_CONTRADICTION,0.1,56700.0,R4_99_100,ood_test_r4,ESCALATE,EXECUTE,0.3447018467350057,0.5046569423998928,0.0009493697245856188,0.014533823274263056,0.6543487835404086,0.48077604985258343,1.1040062579211459e-26,3.318447326069061e-05,0.5046569423998928,0.5475460284491938
RCSE_000171132,4508065672_00010,ESCALATE,CONTROLLED_CONTRADICTION,PO_VALUE_CONTRADICTION,0.1,51615.0,R4_99_100,ood_test_r4,ESCALATE,EXECUTE,0.4270267001474383,0.5120475043992396,0.00019815941250443732,0.00010194239551029911,0.5727751404400572,0.4878168827545135,7.983336109371378e-23,3.367045073656265e-05,0.5120475043992396,0.5007442179902334
RCSE_000166737,4508063730_00010,ESCALATE,CONTROLLED_CONTRADICTION,PO_VALUE_CONTRADICTION,0.1,57808.0,R4_99_100,ood_test_r4,ESCALATE,EXECUTE,0.3555764189169829,0.5120475043992396,0.000301970824091221,0.00010194239551029911,0.6441216102589259,0.4878168827545135,1.9406511988829674e-27,3.367045073656265e-05,0.5120475043992396,0.5007442179902334
RCSE_000168356,4508059391_00010,ESCALATE,CONTROLLED_CONTRADICTION,PO_VALUE_CONTRADICTION,0.1,57273.0,R4_99_100,ood_test_r4,ESCALATE,EXECUTE,0.4359644573030947,0.5046569423998928,0.0005874090126235655,0.014533823274263056,0.5634481336842817,0.48077604985258343,2.1434844043627062e-24,3.318447326069061e-05,0.5046569423998928,0.5475460284491938
RCSE_000162212,4507000430_00030,ESCALATE,CONTROLLED_CONTRADICTION,PO_VALUE_CONTRADICTION,0.1,503204.0,R4_99_100,ood_test_r4,GATHER,GATHER,4.491626039624235e-08,0.001434793590798254,0.9999999550745595,0.9971815456047864,9.180054646697058e-12,0.0013501781119968526,8.337400176682205e-193,3.348269241839992e-05,0.9971815456047864,0.015490245654545019
RCSE_000171663,4508047675_00010,ESCALATE,CONTROLLED_CONTRADICTION,PO_VALUE_CONTRADICTION,0.1,112453.0,R4_99_100,ood_test_r4,EXECUTE,EXECUTE,0.5223040839514748,0.4504922917394507,0.14104618651264897,0.1203035585447123,0.33664972953587635,0.4291745269203231,6.5664969928203116e-49,2.9622795513886138e-05,0.4504922917394507,0.7050049012707168
RCSE_000157228,4508047679_00010,ESCALATE,CONTROLLED_CONTRADICTION,PO_VALUE_CONTRADICTION,0.1,112453.0,R4_99_100,ood_test_r4,EXECUTE,EXECUTE,0.5233499073861623,0.4504922917394507,0.1377547830890631,0.1203035585447123,0.3388953095247746,0.4291745269203231,7.057026512932808e-49,2.9622795513886138e-05,0.4504922917394507,0.7050049012707168
RCSE_000169204,4508068523_00010,ESCALATE,CONTROLLED_CONTRADICTION,PO_VALUE_CONTRADICTION,0.1,50749.0,R4_99_100,ood_test_r4,ESCALATE,EXECUTE,0.47842850147196864,0.5046569423998928,0.0010005131054408572,0.014533823274263056,0.5205709854225905,0.48077604985258343,2.494815109442964e-24,3.318447326069061e-05,0.5046569423998928,0.5475460284491938
RCSE_000164003,4508070709_00010,ESCALATE,CONTROLLED_CONTRADICTION,PO_VALUE_CONTRADICTION,0.1,86775.0,R4_99_100,ood_test_r4,EXECUTE,EXECUTE,0.5854557131291298,0.5046569423998928,0.0013592369490228375,0.014533823274263056,0.4131850499218474,0.48077604985258343,1.5856444523934566e-38,3.318447326069061e-05,0.5046569423998928,0.5475460284491938
RCSE_000163326,4508065857_00010,ESCALATE,CONTROLLED_CONTRADICTION,PO_VALUE_CONTRADICTION,0.1,133811.0,R4_99_100,ood_test_r4,GATHER,GATHER,0.08402444679361618,0.01575400423913034,0.8765532347049414,0.6593629835399087,0.03942231850144248,0.32486058945770624,4.7238716697493044e-58,2.242276325456921e-05,0.6593629835399087,0.5089119437562742
RCSE_000171423,4508046481_00010,ESCALATE,CONTROLLED_CONTRADICTION,PO_VALUE_CONTRADICTION,0.1,103091.0,R4_99_100,ood_test_r4,EXECUTE,EXECUTE,0.5814401572665358,0.5046569423998928,0.001254799324406161,0.014533823274263056,0.4173050434090581,0.48077604985258343,3.323916297935333e-41,3.318447326069061e-05,0.5046569423998928,0.5475460284491938
RCSE_000166457,4508070920_00010,ESCALATE,CONTROLLED_CONTRADICTION,PO_VALUE_CONTRADICTION,0.1,68277.0,R4_99_100,ood_test_r4,EXECUTE,EXECUTE,0.49766210886773526,0.4748920780243674,0.008540428978835364,0.07265700485068134,0.49379746215342946,0.4524196898849374,3.2534755653543504e-31,3.1227240013723764e-05,0.4748920780243674,0.6515948289798453
RCSE_000164195,4508071108_00010,ESCALATE,CONTROLLED_CONTRADICTION,PO_VALUE_CONTRADICTION,0.1,50353.0,R4_99_100,ood_test_r4,ESCALATE,EXECUTE,0.3542296244058105,0.5120475043992396,7.665267511087104e-05,0.00010194239551029911,0.6456937229190786,0.4878168827545135,5.480672064664609e-22,3.367045073656265e-05,0.5120475043992396,0.5007442179902334
RCSE_000167618,4508058226_00010,ESCALATE,CONTROLLED_CONTRADICTION,PO_VALUE_CONTRADICTION,0.1,60109.0,R4_99_100,ood_test_r4,ESCALATE,EXECUTE,0.4442961619509835,0.5046569423998928,0.0016024561014888836,0.014533823274263056,0.5541013819475276,0.48077604985258343,1.9107088108278228e-28,3.318447326069061e-05,0.5046569423998928,0.5475460284491938
RCSE_000158817,4507023056_00010,ESCALATE,CONTROLLED_CONTRADICTION,PO_VALUE_CONTRADICTION,0.1,112178.0,R4_99_100,ood_test_r4,EXECUTE,EXECUTE,0.646365730264477,0.5120475043992396,0.0001226110334921362,0.00010194239551029911,0.3535116587020307,0.4878168827545135,3.3012888873990295e-44,3.367045073656265e-05,0.5120475043992396,0.5007442179902334
RCSE_000168345,4508070129_00010,ESCALATE,CONTROLLED_CONTRADICTION,PO_VALUE_CONTRADICTION,0.1,133811.0,R4_99_100,ood_test_r4,GATHER,GATHER,0.08667994634072845,0.01575400423913034,0.8726629243192795,0.6593629835399087,0.04065712933999214,0.32486058945770624,8.344232294078064e-58,2.242276325456921e-05,0.6593629835399087,0.5089119437562742
RCSE_000189360,2000000010_00001,ESCALATE,CONTROLLED_CONTRADICTION,PO_VALUE_CONTRADICTION,0.25,1668264.0,R4_99_100,ood_test_r4,GATHER,GATHER,2.3435794526749905e-91,0.001436733436837446,1.0,0.998529738602025,9.197938987539787e-100,0.0,0.0,3.352796113766789e-05,0.998529738602025,0.008092504883414935
RCSE_000195947,4507000548_00010,ESCALATE,CONTROLLED_CONTRADICTION,PO_VALUE_CONTRADICTION,0.25,56200.0,R4_99_100,ood_test_r4,ESCALATE,EXECUTE,0.41089817268823303,0.5120475043992396,4.378240627696896e-05,0.00010194239551029911,0.58905804490549,0.4878168827545135,2.644314943146197e-23,3.367045073656265e-05,0.5120475043992396,0.5007442179902334
RCSE_000194383,4507000444_00010,ESCALATE,CONTROLLED_CONTRADICTION,PO_VALUE_CONTRADICTION,0.25,481965.0,R4_99_100,ood_test_r4,GATHER,GATHER,4.987230659018329e-25,0.001436733436837446,1.0,0.998529738602025,9.451869796442881e-27,0.0,9.003114819306542e-246,3.352796113766789e-05,0.998529738602025,0.008092504883414935
RCSE_000196200,4507003965_00010,ESCALATE,CONTROLLED_CONTRADICTION,PO_VALUE_CONTRADICTION,0.25,511592.0,R4_99_100,ood_test_r4,GATHER,GATHER,4.131597798951091e-06,0.001434793590798254,0.9999958663413482,0.9971815456047864,2.060852928244021e-09,0.0013501781119968526,3.56655222686413e-197,3.348269241839992e-05,0.9971815456047864,0.015490245654545019
RCSE_000200821,4507003965_00030,ESCALATE,CONTROLLED_CONTRADICTION,PO_VALUE_CONTRADICTION,0.25,279927.0,R4_99_100,ood_test_r4,GATHER,GATHER,0.08781002712774666,0.02261293225283129,0.9092426528372214,0.9464343319001004,0.0029473200350319537,0.030920550732814103,3.6937501470109156e-116,3.2185114254154766e-05,0.9464343319001004,0.17717266866813036
RCSE_000189107,4507007819_00010,ESCALATE,CONTROLLED_CONTRADICTION,PO_VALUE_CONTRADICTION,0.25,86602.0,R4_99_100,ood_test_r4,ESCALATE,EXECUTE,0.46305610468355457,0.5046569423998928,0.0005803331930242401,0.014533823274263056,0.5363635621234212,0.48077604985258343,6.427956989338333e-46,3.318447326069061e-05,0.5046569423998928,0.5475460284491938
RCSE_000200731,2000000058_00001,ESCALATE,CONTROLLED_CONTRADICTION,PO_VALUE_CONTRADICTION,0.25,339481.0,R4_99_100,ood_test_r4,GATHER,GATHER,0.013617437984117542,0.023125344534497418,0.9861981940697138,0.9755144777643262,0.0001843679461687046,0.0013272632676261116,3.569924344549174e-129,3.29144335501338e-05,0.9755144777643262,0.08686812501277616
RCSE_000201464,4507005649_00010,ESCALATE,CONTROLLED_CONTRADICTION,PO_VALUE_CONTRADICTION,0.25,370139.0,R4_99_100,ood_test_r4,GATHER,GATHER,0.06676475375665802,0.023303236981428426,0.9329640363081388,0.9753261221072509,0.00027120993520312757,0.0013374732824454553,3.6042981107099916e-136,3.3167628875066005e-05,0.9753261221072509,0.08739826547668819
RCSE_000196318,4507000643_00010,ESCALATE,CONTROLLED_CONTRADICTION,PO_VALUE_CONTRADICTION,0.25,207846.0,R4_99_100,ood_test_r4,GATHER,GATHER,2.356541564406631e-10,0.001434793590798254,0.9999999995603956,0.9971815456047864,2.0395028154801486e-10,0.0013501781119968526,1.985508324677477e-136,3.348269241839992e-05,0.9971815456047864,0.015490245654545019
RCSE_000190744,4507000879_00010,ESCALATE,CONTROLLED_CONTRADICTION,PO_VALUE_CONTRADICTION,0.25,225166.0,R4_99_100,ood_test_r4,GATHER,GATHER,9.043846089086396e-10,0.001434793590798254,0.9999999986291928,0.9971815456047864,4.664225699727435e-10,0.0013501781119968526,1.2276611471956804e-136,3.348269241839992e-05,0.9971815456047864,0.015490245654545019
RCSE_000196442,4507000879_00090,ESCALATE,CONTROLLED_CONTRADICTION,PO_VALUE_CONTRADICTION,0.25,59615.0,R4_99_100,ood_test_r4,ESCALATE,ESCALATE,0.1940267595177065,0.028808185474763787,0.034709176885412314,0.0738884944637887,0.7712640635968813,0.897271563539752,4.345439478841537e-54,3.1756521695537416e-05,0.897271563539752,0.2829628238613812
RCSE_000197276,4507007874_00010,ESCALATE,CONTROLLED_CONTRADICTION,PO_VALUE_CONTRADICTION,0.25,57459.0,R4_99_100,ood_test_r4,ESCALATE,EXECUTE,0.345766390254859,0.4748920780243674,0.031186436788708815,0.07265700485068134,0.6230471729564323,0.4524196898849374,4.440884841911477e-29,3.1227240013723764e-05,0.4748920780243674,0.6515948289798453
RCSE_000193269,4507000709_00010,ESCALATE,CONTROLLED_CONTRADICTION,PO_VALUE_CONTRADICTION,0.25,4243524.0,R4_99_100,ood_test_r4,GATHER,GATHER,3.0601211814957555e-238,0.001436733436837446,1.0,0.998529738602025,1.036172026538024e-260,0.0,0.0,3.352796113766789e-05,0.998529738602025,0.008092504883414935
RCSE_000188654,4507000709_00020,ESCALATE,CONTROLLED_CONTRADICTION,PO_VALUE_CONTRADICTION,0.25,3342858.0,R4_99_100,ood_test_r4,GATHER,GATHER,4.3457420918578386e-54,0.001436733436837446,1.0,0.998529738602025,7.840836255602404e-81,0.0,0.0,3.352796113766789e-05,0.998529738602025,0.008092504883414935
RCSE_000196625,2000000115_00001,ESCALATE,CONTROLLED_CONTRADICTION,PO_VALUE_CONTRADICTION,0.25,2159297.0,R4_99_100,ood_test_r4,GATHER,GATHER,2.76303930944307e-119,0.001436733436837446,1.0,0.998529738602025,2.5123764359058495e-130,0.0,0.0,3.352796113766789e-05,0.998529738602025,0.008092504883414935
RCSE_000199457,4507001991_00010,ESCALATE,CONTROLLED_CONTRADICTION,PO_VALUE_CONTRADICTION,0.25,69152.0,R4_99_100,ood_test_r4,ESCALATE,EXECUTE,0.4627000134386281,0.5046569423998928,0.00038498641680299433,0.014533823274263056,0.5369150001445688,0.48077604985258343,8.353961519345622e-29,3.318447326069061e-05,0.5046569423998928,0.5475460284491938
RCSE_000197014,4507011244_00010,ESCALATE,CONTROLLED_CONTRADICTION,PO_VALUE_CONTRADICTION,0.25,54143.0,R4_99_100,ood_test_r4,ESCALATE,ESCALATE,0.26316294219472414,0.4764653934731999,4.802828146609605e-09,0.00010175628266597558,0.7368370530024476,0.5233992412644207,2.3265090211594278e-23,3.360897971339444e-05,0.5233992412644207,0.5001595736195814
RCSE_000199230,4507005720_00010,ESCALATE,CONTROLLED_CONTRADICTION,PO_VALUE_CONTRADICTION,0.25,78025.0,R4_99_100,ood_test_r4,ESCALATE,EXECUTE,0.3586564126359245,0.4748920780243674,0.037173250702856854,0.07265700485068134,0.6041703366612187,0.4524196898849374,8.713395206989421e-46,3.1227240013723764e-05,0.4748920780243674,0.6515948289798453
RCSE_000194702,4507003739_00010,ESCALATE,CONTROLLED_CONTRADICTION,PO_VALUE_CONTRADICTION,0.25,57834.0,R4_99_100,ood_test_r4,ESCALATE,EXECUTE,0.3759555405940271,0.5120475043992396,1.969553932423577e-05,0.00010194239551029911,0.6240247638666486,0.4878168827545135,7.806986421419291e-25,3.367045073656265e-05,0.5120475043992396,0.5007442179902334
RCSE_000190406,4507012555_00010,ESCALATE,CONTROLLED_CONTRADICTION,PO_VALUE_CONTRADICTION,0.25,63219.0,R4_99_100,ood_test_r4,ESCALATE,EXECUTE,0.4984935021849016,0.5120475043992396,0.00022468477555299312,0.00010194239551029911,0.5012818130395453,0.4878168827545135,7.72963855166564e-25,3.367045073656265e-05,0.5120475043992396,0.5007442179902334
RCSE_000189091,4507011477_00010,ESCALATE,CONTROLLED_CONTRADICTION,PO_VALUE_CONTRADICTION,0.25,57439.0,R4_99_100,ood_test_r4,ESCALATE,EXECUTE,0.4461556337993572,0.5120475043992396,0.0001520953698330664,0.00010194239551029911,0.5536922708308099,0.4878168827545135,4.351033717777484e-23,3.367045073656265e-05,0.5120475043992396,0.5007442179902334
RCSE_000187843,4507007114_00010,ESCALATE,CONTROLLED_CONTRADICTION,PO_VALUE_CONTRADICTION,0.25,233826.0,R4_99_100,ood_test_r4,EXECUTE,EXECUTE,0.8818387377708492,0.4654235199199234,0.09215251278815523,0.09114668163966742,0.026008749440995644,0.44339919381961823,4.8613717660509855e-91,3.060462079097019e-05,0.4654235199199234,0.6746111486788882
RCSE_000196716,4507005436_00010,ESCALATE,CONTROLLED_CONTRADICTION,PO_VALUE_CONTRADICTION,0.25,107955.0,R4_99_100,ood_test_r4,GATHER,GATHER,0.0412156511347038,0.01575400423913034,0.9232560600152301,0.6593629835399087,0.0355282888500661,0.32486058945770624,3.100952945307736e-51,2.242276325456921e-05,0.6593629835399087,0.5089119437562742
RCSE_000198158,4507017329_00010,ESCALATE,CONTROLLED_CONTRADICTION,PO_VALUE_CONTRADICTION,0.25,56618.0,R4_99_100,ood_test_r4,ESCALATE,EXECUTE,0.43883801045358667,0.5120475043992396,0.00021066908822472313,0.00010194239551029911,0.5609513204581885,0.4878168827545135,4.335220368066586e-23,3.367045073656265e-05,0.5120475043992396,0.5007442179902334
RCSE_000191917,4507014227_00040,ESCALATE,CONTROLLED_CONTRADICTION,PO_VALUE_CONTRADICTION,0.25,66471.0,R4_99_100,ood_test_r4,EXECUTE,EXECUTE,0.5339656735300655,0.5120475043992396,0.0002748729466000675,0.00010194239551029911,0.4657594535233343,0.4878168827545135,4.204100835254949e-26,3.367045073656265e-05,0.5120475043992396,0.5007442179902334
RCSE_000194902,4507011160_00010,ESCALATE,CONTROLLED_CONTRADICTION,PO_VALUE_CONTRADICTION,0.25,127742.0,R4_99_100,ood_test_r4,GATHER,GATHER,0.0026957150950434666,0.0013982950662343682,0.9954960240252414,0.9672202007206736,0.0018082608797150943,0.031348873259125346,8.56665344169798e-61,3.2630953966586726e-05,0.9672202007206736,0.1084270742359047
RCSE_000191957,4507011266_00010,ESCALATE,CONTROLLED_CONTRADICTION,PO_VALUE_CONTRADICTION,0.25,127742.0,R4_99_100,ood_test_r4,GATHER,GATHER,0.0027740789531067503,0.0013982950662343682,0.9953595015202071,0.9672202007206736,0.0018664195266860563,0.031348873259125346,9.142884861497483e-61,3.2630953966586726e-05,0.9672202007206736,0.1084270742359047
RCSE_000187526,2000000182_00001,ESCALATE,CONTROLLED_CONTRADICTION,PO_VALUE_CONTRADICTION,0.25,165085.0,R4_99_100,ood_test_r4,GATHER,GATHER,0.00024102010280905277,0.0014415904104370656,0.9996244158031271,0.997168194188731,0.00013456409406378792,0.001356574096176297,4.419588707425804e-79,3.364130465562288e-05,0.997168194188731,0.015553957684369431
RCSE_000198242,4507019197_00010,ESCALATE,CONTROLLED_CONTRADICTION,PO_VALUE_CONTRADICTION,0.25,70494.0,R4_99_100,ood_test_r4,ESCALATE,EXECUTE,0.4647868827695768,0.5120475043992396,5.1177786640251285e-05,0.00010194239551029911,0.5351619394437829,0.4878168827545135,6.951437137045482e-27,3.367045073656265e-05,0.5120475043992396,0.5007442179902334
RCSE_000195721,4507007826_00010,ESCALATE,CONTROLLED_CONTRADICTION,PO_VALUE_CONTRADICTION,0.25,100458.0,R4_99_100,ood_test_r4,GATHER,GATHER,0.11920441420736583,0.018505741821308094,0.7332465396323212,0.5998642259005063,0.14754904616031297,0.38160369295128105,1.4021403243491938e-47,2.633932690450248e-05,0.5998642259005063,0.539782875410636
RCSE_000193148,4507021813_00010,ESCALATE,CONTROLLED_CONTRADICTION,PO_VALUE_CONTRADICTION,0.25,56869.0,R4_99_100,ood_test_r4,ESCALATE,EXECUTE,0.4443765453435254,0.5120475043992396,0.00019698735733775374,0.00010194239551029911,0.5554264672991368,0.4878168827545135,7.593654749173813e-23,3.367045073656265e-05,0.5120475043992396,0.5007442179902334
RCSE_000188255,4507016237_00010,ESCALATE,CONTROLLED_CONTRADICTION,PO_VALUE_CONTRADICTION,0.25,107955.0,R4_99_100,ood_test_r4,EXECUTE,EXECUTE,0.6987461577757464,0.5046569423998928,0.0009623021458847332,0.014533823274263056,0.30029154007836867,0.48077604985258343,2.32143079369453e-39,3.318447326069061e-05,0.5046569423998928,0.5475460284491938
RCSE_000195244,4507007947_00010,ESCALATE,CONTROLLED_CONTRADICTION,PO_VALUE_CONTRADICTION,0.25,351606.0,R4_99_100,ood_test_r4,GATHER,GATHER,2.5681729424924483e-21,0.001436733436837446,1.0,0.998529738602025,1.420263741788079e-27,0.0,2.6533646797043235e-239,3.352796113766789e-05,0.998529738602025,0.008092504883414935
RCSE_000193366,4507011996_00010,ESCALATE,CONTROLLED_CONTRADICTION,PO_VALUE_CONTRADICTION,0.25,109493.0,R4_99_100,ood_test_r4,EXECUTE,EXECUTE,0.7056871487673955,0.5046569423998928,0.0009503122626078355,0.014533823274263056,0.29336253896999676,0.48077604985258343,4.013939248049982e-40,3.318447326069061e-05,0.5046569423998928,0.5475460284491938
RCSE_000186997,4507019462_00010,ESCALATE,CONTROLLED_CONTRADICTION,PO_VALUE_CONTRADICTION,0.25,52598.0,R4_99_100,ood_test_r4,ESCALATE,EXECUTE,0.33713094827404927,0.4748920780243674,0.013175170658904934,0.07265700485068134,0.6496938810670458,0.4524196898849374,4.938667610683785e-27,3.1227240013723764e-05,0.4748920780243674,0.6515948289798453
RCSE_000187018,4507011193_00020,ESCALATE,CONTROLLED_CONTRADICTION,PO_VALUE_CONTRADICTION,0.25,63254.0,R4_99_100,ood_test_r4,EXECUTE,EXECUTE,0.5006255605993994,0.5120475043992396,0.0002609713253124624,0.00010194239551029911,0.4991134680752882,0.4878168827545135,1.1698258244549161e-24,3.367045073656265e-05,0.5120475043992396,0.5007442179902334
RCSE_000200710,4507000693_00010,ESCALATE,CONTROLLED_CONTRADICTION,PO_VALUE_CONTRADICTION,0.25,1922576.0,R4_99_100,ood_test_r4,GATHER,GATHER,1.7414172947058515e-104,0.001436733436837446,1.0,0.998529738602025,2.18401372632925e-114,0.0,0.0,3.352796113766789e-05,0.998529738602025,0.008092504883414935
RCSE_000191780,4507020923_00010,ESCALATE,CONTROLLED_CONTRADICTION,PO_VALUE_CONTRADICTION,0.25,51615.0,R4_99_100,ood_test_r4,ESCALATE,EXECUTE,0.35767933388629203,0.4748920780243674,0.009249429499549204,0.07265700485068134,0.6330712366141589,0.4524196898849374,1.305860228679168e-26,3.1227240013723764e-05,0.4748920780243674,0.6515948289798453
RCSE_000194842,4507008905_00070,ESCALATE,CONTROLLED_CONTRADICTION,PO_VALUE_CONTRADICTION,0.25,98230.0,R4_99_100,ood_test_r4,EXECUTE,EXECUTE,0.6451189422223386,0.5046569423998928,0.0005294945841311786,0.014533823274263056,0.3543515631935303,0.48077604985258343,1.5320232811457473e-35,3.318447326069061e-05,0.5046569423998928,0.5475460284491938
RCSE_000197344,4507019294_00010,ESCALATE,CONTROLLED_CONTRADICTION,PO_VALUE_CONTRADICTION,0.25,51268.0,R4_99_100,ood_test_r4,ESCALATE,EXECUTE,0.4678727162049926,0.5120475043992396,0.00012873828713708845,0.00010194239551029911,0.5319985455078703,0.4878168827545135,2.7236751601610972e-21,3.367045073656265e-05,0.5120475043992396,0.5007442179902334
RCSE_000198613,2000013549_00001,ESCALATE,CONTROLLED_CONTRADICTION,PO_VALUE_CONTRADICTION,0.25,63011.0,R4_99_100,ood_test_r4,ESCALATE,EXECUTE,0.3548310448110034,0.5120475043992396,2.8056671730760355e-06,0.00010194239551029911,0.6451661495218235,0.4878168827545135,3.6691382200055924e-26,3.367045073656265e-05,0.5120475043992396,0.5007442179902334
RCSE_000193692,4507011702_00010,ESCALATE,CONTROLLED_CONTRADICTION,PO_VALUE_CONTRADICTION,0.25,50229.0,R4_99_100,ood_test_r4,ESCALATE,EXECUTE,0.29997938513174566,0.5046569423998928,0.0017364036989641295,0.014533823274263056,0.6982842111692902,0.48077604985258343,6.431967489923806e-26,3.318447326069061e-05,0.5046569423998928,0.5475460284491938
RCSE_000195710,4507013748_00010,ESCALATE,CONTROLLED_CONTRADICTION,PO_VALUE_CONTRADICTION,0.25,49479.0,R4_99_100,ood_test_r4,ESCALATE,EXECUTE,0.34976702527185793,0.5046569423998928,0.001995991180977331,0.014533823274263056,0.6482369835471647,0.48077604985258343,1.3308066184260107e-25,3.318447326069061e-05,0.5046569423998928,0.5475460284491938
RCSE_000191883,2000013454_00001,ESCALATE,CONTROLLED_CONTRADICTION,PO_VALUE_CONTRADICTION,0.25,311769.0,R4_99_100,ood_test_r4,GATHER,GATHER,0.2896552433983854,0.41715438265687577,0.7053419369609465,0.5564653329411411,0.005002819640668101,0.0263528537906237,2.2275248160541536e-116,2.7430611359523698e-05,0.5564653329411411,0.567701806025691
RCSE_000190855,4507028566_00010,ESCALATE,CONTROLLED_CONTRADICTION,PO_VALUE_CONTRADICTION,0.25,53813.0,R4_99_100,ood_test_r4,ESCALATE,EXECUTE,0.3786875690816346,0.5120475043992396,7.260963897133584e-05,0.00010194239551029911,0.6212398212793941,0.4878168827545135,6.681351486435103e-22,3.367045073656265e-05,0.5120475043992396,0.5007442179902334
RCSE_000201601,4507009071_00010,ESCALATE,CONTROLLED_CONTRADICTION,PO_VALUE_CONTRADICTION,0.25,53260.0,R4_99_100,ood_test_r4,ESCALATE,EXECUTE,0.38508362796397894,0.5120475043992396,4.973419256736158e-06,0.00010194239551029911,0.6149113986167644,0.4878168827545135,4.475725798225114e-22,3.367045073656265e-05,0.5120475043992396,0.5007442179902334
RCSE_000194470,4507021571_00030,ESCALATE,CONTROLLED_CONTRADICTION,PO_VALUE_CONTRADICTION,0.25,49596.0,R4_99_100,ood_test_r4,ESCALATE,EXECUTE,0.45256604408080237,0.5120475043992396,0.00012221149789833218,0.00010194239551029911,0.5473117444212994,0.4878168827545135,1.2052649327771987e-20,3.367045073656265e-05,0.5120475043992396,0.5007442179902334
RCSE_000198270,2000013615_00001,ESCALATE,CONTROLLED_CONTRADICTION,PO_VALUE_CONTRADICTION,0.25,301376.0,R4_99_100,ood_test_r4,EXECUTE,EXECUTE,0.6771955054178324,0.4223632550024403,0.31313873360777744,0.3708241431466283,0.009665760974390293,0.20678482872236748,1.3726364105002118e-106,2.7773128563879855e-05,0.4223632550024403,0.7632565480532912
RCSE_000187868,4507031241_00010,ESCALATE,CONTROLLED_CONTRADICTION,PO_VALUE_CONTRADICTION,0.25,53819.0,R4_99_100,ood_test_r4,ESCALATE,EXECUTE,0.30225949031750166,0.4748920780243674,0.008626507629097675,0.07265700485068134,0.6891140020534007,0.4524196898849374,2.9214668427158583e-27,3.1227240013723764e-05,0.4748920780243674,0.6515948289798453
RCSE_000196584,2000013574_00001,ESCALATE,CONTROLLED_CONTRADICTION,PO_VALUE_CONTRADICTION,0.25,55578.0,R4_99_100,ood_test_r4,ESCALATE,EXECUTE,0.47380092739845436,0.5120475043992396,6.177187844895522e-06,0.00010194239551029911,0.5261928954137006,0.4878168827545135,5.521409289716595e-24,3.367045073656265e-05,0.5120475043992396,0.5007442179902334
RCSE_000191670,4507019372_00010,ESCALATE,CONTROLLED_CONTRADICTION,PO_VALUE_CONTRADICTION,0.25,54668.0,R4_99_100,ood_test_r4,ESCALATE,EXECUTE,0.3938458261864821,0.5120475043992396,7.449540562471595e-06,0.00010194239551029911,0.6061467242729555,0.4878168827545135,1.0252434525761158e-22,3.367045073656265e-05,0.5120475043992396,0.5007442179902334
RCSE_000197174,4507023633_00010,ESCALATE,CONTROLLED_CONTRADICTION,PO_VALUE_CONTRADICTION,0.25,55127.0,R4_99_100,ood_test_r4,ESCALATE,EXECUTE,0.4889780172880226,0.5120475043992396,9.442605875361707e-06,0.00010194239551029911,0.511012540106102,0.4878168827545135,5.562318728180666e-23,3.367045073656265e-05,0.5120475043992396,0.5007442179902334
RCSE_000194325,4507035094_00010,ESCALATE,CONTROLLED_CONTRADICTION,PO_VALUE_CONTRADICTION,0.25,49319.0,R4_99_100,ood_test_r4,ESCALATE,EXECUTE,0.36079854821908264,0.5120475043992396,4.60348018038567e-05,0.00010194239551029911,0.6391554169791134,0.4878168827545135,3.9221523201760116e-20,3.367045073656265e-05,0.5120475043992396,0.5007442179902334
RCSE_000200745,4507035762_00010,ESCALATE,CONTROLLED_CONTRADICTION,PO_VALUE_CONTRADICTION,0.25,54898.0,R4_99_100,ood_test_r4,ESCALATE,EXECUTE,0.38282963037242623,0.5120475043992396,7.588695668188387e-05,0.00010194239551029911,0.6170944826708918,0.4878168827545135,3.0053279519548185e-22,3.367045073656265e-05,0.5120475043992396,0.5007442179902334
RCSE_000195132,4507035365_00010,ESCALATE,CONTROLLED_CONTRADICTION,PO_VALUE_CONTRADICTION,0.25,49389.0,R4_99_100,ood_test_r4,ESCALATE,EXECUTE,0.36195980796898636,0.5120475043992396,4.799887901103708e-05,0.00010194239551029911,0.6379921931520026,0.4878168827545135,3.569242552987797e-20,3.367045073656265e-05,0.5120475043992396,0.5007442179902334
RCSE_000197816,4507030626_00010,ESCALATE,CONTROLLED_CONTRADICTION,PO_VALUE_CONTRADICTION,0.25,55557.0,R4_99_100,ood_test_r4,ESCALATE,EXECUTE,0.3123214266112245,0.5046569423998928,0.0022440273633480123,0.014533823274263056,0.6854345460254276,0.48077604985258343,1.4541676776165126e-28,3.318447326069061e-05,0.5046569423998928,0.5475460284491938
RCSE_000199793,4507034401_00010,ESCALATE,CONTROLLED_CONTRADICTION,PO_VALUE_CONTRADICTION,0.25,55174.0,R4_99_100,ood_test_r4,ESCALATE,EXECUTE,0.38563904486774103,0.5120475043992396,6.42685582425207e-05,0.00010194239551029911,0.6142966865740165,0.4878168827545135,3.3575580217248853e-22,3.367045073656265e-05,0.5120475043992396,0.5007442179902334
RCSE_000190307,4507023085_00200,ESCALATE,CONTROLLED_CONTRADICTION,PO_VALUE_CONTRADICTION,0.25,91351.0,R4_99_100,ood_test_r4,ESCALATE,EXECUTE,0.38583648619534394,0.5120475043992396,0.00031372687163802067,0.00010194239551029911,0.613849786933018,0.4878168827545135,5.983000074994122e-39,3.367045073656265e-05,0.5120475043992396,0.5007442179902334
RCSE_000188927,4507033723_00010,ESCALATE,CONTROLLED_CONTRADICTION,PO_VALUE_CONTRADICTION,0.25,51615.0,R4_99_100,ood_test_r4,ESCALATE,EXECUTE,0.4411782875709094,0.5120475043992396,0.00011038665783758005,0.00010194239551029911,0.558711325771253,0.4878168827545135,4.22433785961666e-21,3.367045073656265e-05,0.5120475043992396,0.5007442179902334
RCSE_000187114,4507029890_00010,ESCALATE,CONTROLLED_CONTRADICTION,PO_VALUE_CONTRADICTION,0.25,51615.0,R4_99_100,ood_test_r4,ESCALATE,EXECUTE,0.44046049009867155,0.5120475043992396,7.576925224124831e-05,0.00010194239551029911,0.5594637406490872,0.4878168827545135,3.409565382174554e-21,3.367045073656265e-05,0.5120475043992396,0.5007442179902334
RCSE_000195452,4507032452_00010,ESCALATE,CONTROLLED_CONTRADICTION,PO_VALUE_CONTRADICTION,0.25,55557.0,R4_99_100,ood_test_r4,ESCALATE,EXECUTE,0.3178975053713803,0.5046569423998928,0.0024759104564782385,0.014533823274263056,0.6796265841721415,0.48077604985258343,3.1188883106689866e-28,3.318447326069061e-05,0.5046569423998928,0.5475460284491938
RCSE_000194590,4507021465_00010,ESCALATE,CONTROLLED_CONTRADICTION,PO_VALUE_CONTRADICTION,0.25,105785.0,R4_99_100,ood_test_r4,EXECUTE,EXECUTE,0.7057716018106227,0.5046569423998928,0.000654108308096109,0.014533823274263056,0.29357428988128137,0.48077604985258343,5.366993416903428e-39,3.318447326069061e-05,0.5046569423998928,0.5475460284491938
RCSE_000200266,4507030174_00010,ESCALATE,CONTROLLED_CONTRADICTION,PO_VALUE_CONTRADICTION,0.25,51441.0,R4_99_100,ood_test_r4,ESCALATE,EXECUTE,0.3618805913025629,0.4748920780243674,0.00414755709482074,0.07265700485068134,0.6339718516026164,0.4524196898849374,5.347876310685134e-27,3.1227240013723764e-05,0.4748920780243674,0.6515948289798453
RCSE_000188713,4507032822_00010,ESCALATE,CONTROLLED_CONTRADICTION,PO_VALUE_CONTRADICTION,0.25,56752.0,R4_99_100,ood_test_r4,ESCALATE,EXECUTE,0.3446590487475579,0.4748920780243674,0.01982914646544222,0.07265700485068134,0.6355118047869999,0.4524196898849374,8.529908570640009e-29,3.1227240013723764e-05,0.4748920780243674,0.6515948289798453
RCSE_000188690,4507023226_00010,ESCALATE,CONTROLLED_CONTRADICTION,PO_VALUE_CONTRADICTION,0.25,127742.0,R4_99_100,ood_test_r4,GATHER,GATHER,0.004985831026880883,0.0013982950662343682,0.9915696160594415,0.9672202007206736,0.0034445529136776063,0.031348873259125346,9.594722332991669e-61,3.2630953966586726e-05,0.9672202007206736,0.1084270742359047
RCSE_000200109,4507012177_00010,ESCALATE,CONTROLLED_CONTRADICTION,PO_VALUE_CONTRADICTION,0.25,101595.0,R4_99_100,ood_test_r4,GATHER,ESCALATE,0.17972339502987977,0.024614724099847742,0.5972282867765444,0.46777428448735175,0.22304831819357585,0.507575957136899,3.283142898190304e-48,3.5034275901521095e-05,0.507575957136899,0.5706831481022571
RCSE_000201588,4507027141_00020,ESCALATE,CONTROLLED_CONTRADICTION,PO_VALUE_CONTRADICTION,0.25,54851.0,R4_99_100,ood_test_r4,ESCALATE,EXECUTE,0.38585851286813583,0.5120475043992396,2.133907877585334e-05,0.00010194239551029911,0.6141201480530883,0.4878168827545135,2.8712621321715835e-22,3.367045073656265e-05,0.5120475043992396,0.5007442179902334
RCSE_000197995,4507014508_00010,ESCALATE,CONTROLLED_CONTRADICTION,PO_VALUE_CONTRADICTION,0.25,112178.0,R4_99_100,ood_test_r4,EXECUTE,EXECUTE,0.7082719776793999,0.5120475043992396,0.0002484445566519574,0.00010194239551029911,0.2914795777639482,0.4878168827545135,3.791785984153315e-41,3.367045073656265e-05,0.5120475043992396,0.5007442179902334
RCSE_000194818,4507037010_00010,ESCALATE,CONTROLLED_CONTRADICTION,PO_VALUE_CONTRADICTION,0.25,55221.0,R4_99_100,ood_test_r4,ESCALATE,EXECUTE,0.3876909331123837,0.5120475043992396,4.6712241048689665e-05,0.00010194239551029911,0.6122623546465676,0.4878168827545135,3.9271651899458406e-22,3.367045073656265e-05,0.5120475043992396,0.5007442179902334
RCSE_000192473,4507036919_00010,ESCALATE,CONTROLLED_CONTRADICTION,PO_VALUE_CONTRADICTION,0.25,72962.0,R4_99_100,ood_test_r4,ESCALATE,EXECUTE,0.3613422730134901,0.42913668131373434,0.1620879747394388,0.16200561392077534,0.4765697522470712,0.4088294862401322,2.58964772542062e-35,2.8218525358069368e-05,0.42913668131373434,0.738578612721339
RCSE_000187324,4507039677_00010,ESCALATE,CONTROLLED_CONTRADICTION,PO_VALUE_CONTRADICTION,0.25,60164.0,R4_99_100,ood_test_r4,ESCALATE,EXECUTE,0.37294616372358447,0.4748920780243674,0.03024394773987648,0.07265700485068134,0.596809888536539,0.4524196898849374,7.348546491709965e-30,3.1227240013723764e-05,0.4748920780243674,0.6515948289798453
RCSE_000201015,4507031534_00010,ESCALATE,CONTROLLED_CONTRADICTION,PO_VALUE_CONTRADICTION,0.25,118775.0,R4_99_100,ood_test_r4,EXECUTE,EXECUTE,0.7171830887159053,0.5046569423998928,0.0023576582325437728,0.014533823274263056,0.28045925305155084,0.48077604985258343,9.378505768547532e-43,3.318447326069061e-05,0.5046569423998928,0.5475460284491938
RCSE_000192377,4507007883_00010,ESCALATE,CONTROLLED_CONTRADICTION,PO_VALUE_CONTRADICTION,0.25,355062.0,R4_99_100,ood_test_r4,GATHER,GATHER,0.3150960574826162,0.43929357320304646,0.6832453062041631,0.5329260896391586,0.001658636313220664,0.027751450750794892,8.346154744030619e-121,2.8886407000021543e-05,0.5329260896391586,0.5745839365576474
RCSE_000192993,4507029676_00010,ESCALATE,CONTROLLED_CONTRADICTION,PO_VALUE_CONTRADICTION,0.25,55557.0,R4_99_100,ood_test_r4,ESCALATE,EXECUTE,0.3132927755711299,0.5046569423998928,0.0011045651269615197,0.014533823274263056,0.6856026593019086,0.48077604985258343,8.281624510819086e-29,3.318447326069061e-05,0.5046569423998928,0.5475460284491938
RCSE_000199958,4507033360_00010,ESCALATE,CONTROLLED_CONTRADICTION,PO_VALUE_CONTRADICTION,0.25,49252.0,R4_99_100,ood_test_r4,ESCALATE,EXECUTE,0.29578805556698984,0.5046569423998928,0.001791624947212048,0.014533823274263056,0.7024203194857981,0.48077604985258343,2.7400647881451177e-25,3.318447326069061e-05,0.5046569423998928,0.5475460284491938
RCSE_000192898,4507034497_00010,ESCALATE,CONTROLLED_CONTRADICTION,PO_VALUE_CONTRADICTION,0.25,89373.0,R4_99_100,ood_test_r4,GATHER,ESCALATE,0.21631847399362633,0.03155547171767115,0.5494674773870268,0.4644456477619938,0.2342140486193468,0.5039640955449644,1.1690129438889839e-42,3.478497537073213e-05,0.5039640955449644,0.5849716965324646
RCSE_000189323,4507037017_00010,ESCALATE,CONTROLLED_CONTRADICTION,PO_VALUE_CONTRADICTION,0.25,49575.0,R4_99_100,ood_test_r4,ESCALATE,EXECUTE,0.29562595310508516,0.5046569423998928,0.002342921439640098,0.014533823274263056,0.7020311254552748,0.48077604985258343,2.5361702334678237e-25,3.318447326069061e-05,0.5046569423998928,0.5475460284491938
RCSE_000200146,4507035366_00010,ESCALATE,CONTROLLED_CONTRADICTION,PO_VALUE_CONTRADICTION,0.25,49389.0,R4_99_100,ood_test_r4,ESCALATE,EXECUTE,0.29535664163427644,0.5046569423998928,0.0020203506039806144,0.014533823274263056,0.7026230077617428,0.48077604985258343,2.7522058235962786e-25,3.318447326069061e-05,0.5046569423998928,0.5475460284491938
RCSE_000196769,4507038616_00010,ESCALATE,CONTROLLED_CONTRADICTION,PO_VALUE_CONTRADICTION,0.25,63652.0,R4_99_100,ood_test_r4,ESCALATE,EXECUTE,0.40116854242662653,0.4748920780243674,0.02289303723952221,0.07265700485068134,0.5759384203338513,0.4524196898849374,2.345632313140692e-31,3.1227240013723764e-05,0.4748920780243674,0.6515948289798453
RCSE_000197969,4507039835_00010,ESCALATE,CONTROLLED_CONTRADICTION,PO_VALUE_CONTRADICTION,0.25,54760.0,R4_99_100,ood_test_r4,ESCALATE,EXECUTE,0.4323489787530359,0.5120475043992396,0.00012952662233666018,0.00010194239551029911,0.5675214946246274,0.4878168827545135,3.395591428647525e-22,3.367045073656265e-05,0.5120475043992396,0.5007442179902334
RCSE_000197814,4507031334_00010,ESCALATE,CONTROLLED_CONTRADICTION,PO_VALUE_CONTRADICTION,0.25,69399.0,R4_99_100,ood_test_r4,EXECUTE,EXECUTE,0.6150570159482436,0.5120475043992396,1.621743832964879e-06,0.00010194239551029911,0.3849413623079234,0.4878168827545135,7.701483681530018e-27,3.367045073656265e-05,0.5120475043992396,0.5007442179902334
RCSE_000200583,4507039183_00010,ESCALATE,CONTROLLED_CONTRADICTION,PO_VALUE_CONTRADICTION,0.25,55557.0,R4_99_100,ood_test_r4,ESCALATE,EXECUTE,0.3952398409848433,0.5120475043992396,1.512326226795564e-05,0.00010194239551029911,0.6047450357528887,0.4878168827545135,1.0577754181018155e-22,3.367045073656265e-05,0.5120475043992396,0.5007442179902334
RCSE_000189614,4507036507_00010,ESCALATE,CONTROLLED_CONTRADICTION,PO_VALUE_CONTRADICTION,0.25,105785.0,R4_99_100,ood_test_r4,GATHER,GATHER,0.03181147495909261,0.015672499610845495,0.9419771385962589,0.6611252969800485,0.0262113864446486,0.3231798966518493,1.7464574283219808e-50,2.2306757256573897e-05,0.6611252969800485,0.5078283415002478
RCSE_000199866,4507035191_00010,ESCALATE,CONTROLLED_CONTRADICTION,PO_VALUE_CONTRADICTION,0.25,57546.0,R4_99_100,ood_test_r4,ESCALATE,EXECUTE,0.4725950110791718,0.5120475043992396,9.001056322776983e-05,0.00010194239551029911,0.5273149783576004,0.4878168827545135,3.439471289670807e-23,3.367045073656265e-05,0.5120475043992396,0.5007442179902334
RCSE_000198136,4508043288_00020,ESCALATE,CONTROLLED_CONTRADICTION,PO_VALUE_CONTRADICTION,0.25,54871.0,R4_99_100,ood_test_r4,ESCALATE,EXECUTE,0.3779456821588821,0.5120475043992396,8.078520352369001e-05,0.00010194239551029911,0.6219735326375941,0.4878168827545135,1.5836462320921605e-22,3.367045073656265e-05,0.5120475043992396,0.5007442179902334
RCSE_000200905,4507034409_00010,ESCALATE,CONTROLLED_CONTRADICTION,PO_VALUE_CONTRADICTION,0.25,127742.0,R4_99_100,ood_test_r4,EXECUTE,EXECUTE,0.7686115399226041,0.5046569423998928,0.0011643244265586918,0.014533823274263056,0.23022413565083716,0.48077604985258343,7.376939392178641e-46,3.318447326069061e-05,0.5046569423998928,0.5475460284491938
RCSE_000188878,4507027355_00010,ESCALATE,CONTROLLED_CONTRADICTION,PO_VALUE_CONTRADICTION,0.25,96994.0,R4_99_100,ood_test_r4,GATHER,ESCALATE,0.1683519618537507,0.024614724099847742,0.6284230754272091,0.46777428448735175,0.20322496271904023,0.507575957136899,5.74910811738063e-46,3.5034275901521095e-05,0.507575957136899,0.5706831481022571
RCSE_000192948,4507017407_00010,ESCALATE,CONTROLLED_CONTRADICTION,PO_VALUE_CONTRADICTION,0.25,101595.0,R4_99_100,ood_test_r4,EXECUTE,EXECUTE,0.5995124500776075,0.5120475043992396,0.0001088031836161124,0.00010194239551029911,0.40037874673877655,0.4878168827545135,4.2126367055661335e-38,3.367045073656265e-05,0.5120475043992396,0.5007442179902334
RCSE_000201268,4507037640_00010,ESCALATE,CONTROLLED_CONTRADICTION,PO_VALUE_CONTRADICTION,0.25,55557.0,R4_99_100,ood_test_r4,ESCALATE,EXECUTE,0.31883975375667706,0.5046569423998928,0.0015474909143708693,0.014533823274263056,0.6796127553289522,0.48077604985258343,2.104687543395162e-28,3.318447326069061e-05,0.5046569423998928,0.5475460284491938
RCSE_000195260,4507037657_00010,ESCALATE,CONTROLLED_CONTRADICTION,PO_VALUE_CONTRADICTION,0.25,55557.0,R4_99_100,ood_test_r4,ESCALATE,EXECUTE,0.39735589022989243,0.5120475043992396,1.1123977900429063e-05,0.00010194239551029911,0.6026329857922071,0.4878168827545135,7.171592772535036e-23,3.367045073656265e-05,0.5120475043992396,0.5007442179902334
RCSE_000196702,4508045819_00010,ESCALATE,CONTROLLED_CONTRADICTION,PO_VALUE_CONTRADICTION,0.25,51615.0,R4_99_100,ood_test_r4,ESCALATE,EXECUTE,0.4386761245992658,0.5120475043992396,9.889684565716126e-05,0.00010194239551029911,0.561224978555077,0.4878168827545135,2.6783243005093037e-21,3.367045073656265e-05,0.5120475043992396,0.5007442179902334
RCSE_000194513,4508045272_00010,ESCALATE,CONTROLLED_CONTRADICTION,PO_VALUE_CONTRADICTION,0.25,63170.0,R4_99_100,ood_test_r4,ESCALATE,EXECUTE,0.3360433126935473,0.4748920780243674,0.0767384245534124,0.07265700485068134,0.5872182627530403,0.4524196898849374,4.374699894357207e-31,3.1227240013723764e-05,0.4748920780243674,0.6515948289798453
RCSE_000200623,4508049219_00010,ESCALATE,CONTROLLED_CONTRADICTION,PO_VALUE_CONTRADICTION,0.25,50749.0,R4_99_100,ood_test_r4,ESCALATE,EXECUTE,0.4425180896181487,0.4748920780243674,0.009520136279735553,0.07265700485068134,0.5479617741021158,0.4524196898849374,8.388756808383375e-26,3.1227240013723764e-05,0.4748920780243674,0.6515948289798453
RCSE_000201112,4507039180_00010,ESCALATE,CONTROLLED_CONTRADICTION,PO_VALUE_CONTRADICTION,0.25,55557.0,R4_99_100,ood_test_r4,ESCALATE,EXECUTE,0.3182496656690193,0.5046569423998928,0.0010138379582475623,0.014533823274263056,0.6807364963727331,0.48077604985258343,1.5784758398272102e-28,3.318447326069061e-05,0.5046569423998928,0.5475460284491938
RCSE_000201411,4507041118_00010,ESCALATE,CONTROLLED_CONTRADICTION,PO_VALUE_CONTRADICTION,0.25,49231.0,R4_99_100,ood_test_r4,ESCALATE,EXECUTE,0.3624362742806154,0.5120475043992396,1.9943962414045832e-05,0.00010194239551029911,0.6375437817569705,0.4878168827545135,1.9498653047845534e-20,3.367045073656265e-05,0.5120475043992396,0.5007442179902334
RCSE_000198855,4508042471_00010,ESCALATE,CONTROLLED_CONTRADICTION,PO_VALUE_CONTRADICTION,0.25,70494.0,R4_99_100,ood_test_r4,ESCALATE,EXECUTE,0.45770593513403196,0.5120475043992396,2.8574704987679282e-05,0.00010194239551029911,0.5422654901609804,0.4878168827545135,1.3554370913611125e-27,3.367045073656265e-05,0.5120475043992396,0.5007442179902334
RCSE_000194288,4507034527_00010,ESCALATE,CONTROLLED_CONTRADICTION,PO_VALUE_CONTRADICTION,0.25,107955.0,R4_99_100,ood_test_r4,GATHER,GATHER,0.06886690543859776,0.01575400423913034,0.8720210769566147,0.6593629835399087,0.0591120176047876,0.32486058945770624,3.1678782663485324e-51,2.242276325456921e-05,0.6593629835399087,0.5089119437562742
RCSE_000194201,4508044004_00010,ESCALATE,CONTROLLED_CONTRADICTION,PO_VALUE_CONTRADICTION,0.25,58654.0,R4_99_100,ood_test_r4,ESCALATE,EXECUTE,0.41125287082446665,0.4748920780243674,0.011096761780269433,0.07265700485068134,0.5776503673952639,0.4524196898849374,5.1516225999976296e-30,3.1227240013723764e-05,0.4748920780243674,0.6515948289798453
RCSE_000194994,4508044796_00010,ESCALATE,CONTROLLED_CONTRADICTION,PO_VALUE_CONTRADICTION,0.25,56201.0,R4_99_100,ood_test_r4,ESCALATE,EXECUTE,0.37880861878370364,0.5120475043992396,3.0970757877025226e-05,0.00010194239551029911,0.6211604104584193,0.4878168827545135,2.1963847045620355e-23,3.367045073656265e-05,0.5120475043992396,0.5007442179902334
RCSE_000190242,4507017752_00010,ESCALATE,CONTROLLED_CONTRADICTION,PO_VALUE_CONTRADICTION,0.25,101595.0,R4_99_100,ood_test_r4,EXECUTE,EXECUTE,0.6056154697544501,0.5120475043992396,4.693285319028462e-05,0.00010194239551029911,0.39433759739235963,0.4878168827545135,7.836395647196916e-38,3.367045073656265e-05,0.5120475043992396,0.5007442179902334
RCSE_000189422,4508043766_00010,ESCALATE,CONTROLLED_CONTRADICTION,PO_VALUE_CONTRADICTION,0.25,54746.0,R4_99_100,ood_test_r4,ESCALATE,EXECUTE,0.39068321706997255,0.5120475043992396,5.651883090605018e-05,0.00010194239551029911,0.6092602640991215,0.4878168827545135,2.0368159833948724e-22,3.367045073656265e-05,0.5120475043992396,0.5007442179902334
RCSE_000190746,4508050501_00020,ESCALATE,CONTROLLED_CONTRADICTION,PO_VALUE_CONTRADICTION,0.25,66471.0,R4_99_100,ood_test_r4,EXECUTE,EXECUTE,0.5342502071153472,0.5120475043992396,0.00026639436351497565,0.00010194239551029911,0.46548339852113774,0.4878168827545135,4.034846513688911e-26,3.367045073656265e-05,0.5120475043992396,0.5007442179902334
RCSE_000197159,4508045101_00010,ESCALATE,CONTROLLED_CONTRADICTION,PO_VALUE_CONTRADICTION,0.25,129197.0,R4_99_100,ood_test_r4,GATHER,GATHER,0.0021741298135937895,0.0013982950662343682,0.996384134543496,0.9672202007206736,0.0014417356429102534,0.031348873259125346,1.360387051400309e-61,3.2630953966586726e-05,0.9672202007206736,0.1084270742359047
RCSE_000194687,4508046047_00020,ESCALATE,CONTROLLED_CONTRADICTION,PO_VALUE_CONTRADICTION,0.25,129197.0,R4_99_100,ood_test_r4,GATHER,GATHER,0.0020040248631661584,0.0013982950662343682,0.9966651935279482,0.9672202007206736,0.0013307816088856052,0.031348873259125346,1.3656072048455279e-61,3.2630953966586726e-05,0.9672202007206736,0.1084270742359047
RCSE_000192528,4508044985_00010,ESCALATE,CONTROLLED_CONTRADICTION,PO_VALUE_CONTRADICTION,0.25,55744.0,R4_99_100,ood_test_r4,ESCALATE,EXECUTE,0.319452588716172,0.5046569423998928,0.0011939277980164496,0.014533823274263056,0.6793534834858116,0.48077604985258343,2.5253571394186676e-28,3.318447326069061e-05,0.5046569423998928,0.5475460284491938
RCSE_000200218,4508048747_00010,ESCALATE,CONTROLLED_CONTRADICTION,PO_VALUE_CONTRADICTION,0.25,56201.0,R4_99_100,ood_test_r4,ESCALATE,EXECUTE,0.3894596454147154,0.5120475043992396,4.8330499263708656e-05,0.00010194239551029911,0.6104920240860209,0.4878168827545135,7.855987209519688e-23,3.367045073656265e-05,0.5120475043992396,0.5007442179902334
RCSE_000199013,4507038918_00010,ESCALATE,CONTROLLED_CONTRADICTION,PO_VALUE_CONTRADICTION,0.25,112453.0,R4_99_100,ood_test_r4,GATHER,GATHER,0.04524626001851303,0.01575400423913034,0.9174341711486359,0.6593629835399087,0.03731956883285099,0.32486058945770624,3.198291349522945e-53,2.242276325456921e-05,0.6593629835399087,0.5089119437562742
RCSE_000199399,4508046052_00050,ESCALATE,CONTROLLED_CONTRADICTION,PO_VALUE_CONTRADICTION,0.25,129197.0,R4_99_100,ood_test_r4,EXECUTE,EXECUTE,0.772805466624807,0.5046569423998928,0.0018951911837825147,0.014533823274263056,0.2252993421914105,0.48077604985258343,2.5457462614916158e-46,3.318447326069061e-05,0.5046569423998928,0.5475460284491938
RCSE_000200366,4507042004_00010,ESCALATE,CONTROLLED_CONTRADICTION,PO_VALUE_CONTRADICTION,0.25,73037.0,R4_99_100,ood_test_r4,ESCALATE,EXECUTE,0.36742416305424297,0.4673007217942724,0.08724634627120678,0.08748098560215767,0.5453294906745502,0.44518756454455755,6.939024448585068e-35,3.0728059012404366e-05,0.4673007217942724,0.6703039427424233
RCSE_000190440,4508055904_00010,ESCALATE,CONTROLLED_CONTRADICTION,PO_VALUE_CONTRADICTION,0.25,55731.0,R4_99_100,ood_test_r4,ESCALATE,EXECUTE,0.43793932216293746,0.5120475043992396,0.0001511458247529788,0.00010194239551029911,0.5619095320123096,0.4878168827545135,1.5702554638436964e-22,3.367045073656265e-05,0.5120475043992396,0.5007442179902334
RCSE_000192595,4507029571_00010,ESCALATE,CONTROLLED_CONTRADICTION,PO_VALUE_CONTRADICTION,0.25,101595.0,R4_99_100,ood_test_r4,EXECUTE,EXECUTE,0.6097874344402776,0.5120475043992396,0.00011633438379757274,0.00010194239551029911,0.3900962311759249,0.4878168827545135,1.073150674517517e-37,3.367045073656265e-05,0.5120475043992396,0.5007442179902334
RCSE_000191406,4507029566_00010,ESCALATE,CONTROLLED_CONTRADICTION,PO_VALUE_CONTRADICTION,0.25,101595.0,R4_99_100,ood_test_r4,GATHER,ESCALATE,0.21679101765282022,0.03155547171767115,0.5154874917343364,0.4644456477619938,0.2677214906128433,0.5039640955449644,4.9998962744075063e-48,3.478497537073213e-05,0.5039640955449644,0.5849716965324646
RCSE_000192723,4508046930_00010,ESCALATE,CONTROLLED_CONTRADICTION,PO_VALUE_CONTRADICTION,0.25,70148.0,R4_99_100,ood_test_r4,EXECUTE,EXECUTE,0.9954579703923183,0.9405226099305504,4.972847901061493e-11,0.0,0.00454202955795328,0.05941554459626165,2.43664604805086e-72,6.184547318796962e-05,0.9405226099305504,0.16303444156857722
RCSE_000195641,4508054790_00010,ESCALATE,CONTROLLED_CONTRADICTION,PO_VALUE_CONTRADICTION,0.25,54473.0,R4_99_100,ood_test_r4,ESCALATE,EXECUTE,0.30520230552944627,0.4748920780243674,0.00474481975111648,0.07265700485068134,0.6900528747194373,0.4524196898849374,1.5068104899680847e-27,3.1227240013723764e-05,0.4748920780243674,0.6515948289798453
RCSE_000186764,4508049290_00010,ESCALATE,CONTROLLED_CONTRADICTION,PO_VALUE_CONTRADICTION,0.25,93759.0,R4_99_100,ood_test_r4,EXECUTE,EXECUTE,0.5416873537486919,0.5046569423998928,0.0006080943814517424,0.014533823274263056,0.4577045518698563,0.48077604985258343,7.86943291903947e-35,3.318447326069061e-05,0.5046569423998928,0.5475460284491938
RCSE_000195296,4508054787_00010,ESCALATE,CONTROLLED_CONTRADICTION,PO_VALUE_CONTRADICTION,0.25,50749.0,R4_99_100,ood_test_r4,ESCALATE,EXECUTE,0.44043240802461286,0.4748920780243674,0.005315443744719785,0.07265700485068134,0.5542521482306674,0.4524196898849374,7.133511517873445e-26,3.1227240013723764e-05,0.4748920780243674,0.6515948289798453
RCSE_000193260,4508053066_00010,ESCALATE,CONTROLLED_CONTRADICTION,PO_VALUE_CONTRADICTION,0.25,70494.0,R4_99_100,ood_test_r4,ESCALATE,EXECUTE,0.32367312711589435,0.4748920780243674,0.0580926585581064,0.07265700485068134,0.6182342143259992,0.4524196898849374,6.688613215070598e-34,3.1227240013723764e-05,0.4748920780243674,0.6515948289798453
RCSE_000189797,4508053136_00010,ESCALATE,CONTROLLED_CONTRADICTION,PO_VALUE_CONTRADICTION,0.25,52667.0,R4_99_100,ood_test_r4,ESCALATE,EXECUTE,0.3589050127355193,0.5120475043992396,2.581689139979029e-05,0.00010194239551029911,0.641069170373081,0.4878168827545135,1.9084238355834846e-21,3.367045073656265e-05,0.5120475043992396,0.5007442179902334
RCSE_000196083,4507038941_00010,ESCALATE,CONTROLLED_CONTRADICTION,PO_VALUE_CONTRADICTION,0.25,112453.0,R4_99_100,ood_test_r4,EXECUTE,EXECUTE,0.7116526854961168,0.5120475043992396,0.00026741206139684905,0.00010194239551029911,0.28807990244248644,0.4878168827545135,4.607211185007312e-41,3.367045073656265e-05,0.5120475043992396,0.5007442179902334
RCSE_000187215,4508046681_00010,ESCALATE,CONTROLLED_CONTRADICTION,PO_VALUE_CONTRADICTION,0.25,133811.0,R4_99_100,ood_test_r4,EXECUTE,EXECUTE,0.7897924741286007,0.5046569423998928,0.0015239572500926723,0.014533823274263056,0.20868356862130658,0.48077604985258343,8.774399569049219e-48,3.318447326069061e-05,0.5046569423998928,0.5475460284491938
RCSE_000198276,4508047294_00010,ESCALATE,CONTROLLED_CONTRADICTION,PO_VALUE_CONTRADICTION,0.25,129197.0,R4_99_100,ood_test_r4,EXECUTE,EXECUTE,0.7735706096244326,0.5046569423998928,0.0014699007279185894,0.014533823274263056,0.2249594896476489,0.48077604985258343,2.022327462907768e-46,3.318447326069061e-05,0.5046569423998928,0.5475460284491938
RCSE_000200040,4508046690_00010,ESCALATE,CONTROLLED_CONTRADICTION,PO_VALUE_CONTRADICTION,0.25,129197.0,R4_99_100,ood_test_r4,EXECUTE,EXECUTE,0.7779792848288946,0.5046569423998928,0.0005385618941373649,0.014533823274263056,0.22148215327696802,0.48077604985258343,2.266611204727138e-46,3.318447326069061e-05,0.5046569423998928,0.5475460284491938
RCSE_000199663,4508055860_00010,ESCALATE,CONTROLLED_CONTRADICTION,PO_VALUE_CONTRADICTION,0.25,49986.0,R4_99_100,ood_test_r4,ESCALATE,EXECUTE,0.34964876380551746,0.5120475043992396,2.895956325777299e-05,0.00010194239551029911,0.6503222766312248,0.4878168827545135,1.934598833734158e-20,3.367045073656265e-05,0.5120475043992396,0.5007442179902334
RCSE_000195473,4508057704_00010,ESCALATE,CONTROLLED_CONTRADICTION,PO_VALUE_CONTRADICTION,0.25,49858.0,R4_99_100,ood_test_r4,ESCALATE,EXECUTE,0.3643796874376901,0.5120475043992396,4.2642316466074154e-05,0.00010194239551029911,0.6355776702458438,0.4878168827545135,2.765121427600294e-20,3.367045073656265e-05,0.5120475043992396,0.5007442179902334
RCSE_000192922,4508057388_00010,ESCALATE,CONTROLLED_CONTRADICTION,PO_VALUE_CONTRADICTION,0.25,50388.0,R4_99_100,ood_test_r4,ESCALATE,EXECUTE,0.28345603442968687,0.5046569423998928,0.0022488100931842355,0.014533823274263056,0.714295155477129,0.48077604985258343,1.707095466617206e-25,3.318447326069061e-05,0.5046569423998928,0.5475460284491938
RCSE_000194982,4508056995_00010,ESCALATE,CONTROLLED_CONTRADICTION,PO_VALUE_CONTRADICTION,0.25,51615.0,R4_99_100,ood_test_r4,ESCALATE,EXECUTE,0.44019468646129634,0.5120475043992396,6.942668025530438e-05,0.00010194239551029911,0.5597358868584483,0.4878168827545135,3.110910554082169e-21,3.367045073656265e-05,0.5120475043992396,0.5007442179902334
RCSE_000187812,4507038957_00010,ESCALATE,CONTROLLED_CONTRADICTION,PO_VALUE_CONTRADICTION,0.25,112453.0,R4_99_100,ood_test_r4,EXECUTE,EXECUTE,0.7029225755663666,0.5120475043992396,0.00018028782782942486,0.00010194239551029911,0.2968971366058039,0.4878168827545135,2.3714944971599855e-41,3.367045073656265e-05,0.5120475043992396,0.5007442179902334
RCSE_000188688,4508053064_00010,ESCALATE,CONTROLLED_CONTRADICTION,PO_VALUE_CONTRADICTION,0.25,49735.0,R4_99_100,ood_test_r4,ESCALATE,EXECUTE,0.42829985775269624,0.5120475043992396,4.862924553906927e-05,0.00010194239551029911,0.5716515130017648,0.4878168827545135,8.94212303686705e-21,3.367045073656265e-05,0.5120475043992396,0.5007442179902334
RCSE_000198626,4507034734_00010,ESCALATE,CONTROLLED_CONTRADICTION,PO_VALUE_CONTRADICTION,0.25,101595.0,R4_99_100,ood_test_r4,GATHER,ESCALATE,0.22932381391960063,0.07934746041160112,0.4782184684589507,0.44152561414256153,0.29245771762144873,0.4790938570821062,1.536877382087645e-48,3.306836373104922e-05,0.4790938570821062,0.65996249499673
RCSE_000188613,4508062316_00010,ESCALATE,CONTROLLED_CONTRADICTION,PO_VALUE_CONTRADICTION,0.25,55912.0,R4_99_100,ood_test_r4,ESCALATE,EXECUTE,0.34997899866561577,0.4748920780243674,0.019703337808549364,0.07265700485068134,0.6303176635258348,0.4524196898849374,3.4242073723904034e-28,3.1227240013723764e-05,0.4748920780243674,0.6515948289798453
RCSE_000196190,4508062318_00010,ESCALATE,CONTROLLED_CONTRADICTION,PO_VALUE_CONTRADICTION,0.25,55912.0,R4_99_100,ood_test_r4,ESCALATE,EXECUTE,0.4381675539582766,0.5120475043992396,0.00013528140745288288,0.00010194239551029911,0.5616971646342706,0.4878168827545135,1.3221855665909147e-22,3.367045073656265e-05,0.5120475043992396,0.5007442179902334
RCSE_000199744,4508051588_00010,ESCALATE,CONTROLLED_CONTRADICTION,PO_VALUE_CONTRADICTION,0.25,56752.0,R4_99_100,ood_test_r4,ESCALATE,EXECUTE,0.4271742897972659,0.5120475043992396,4.067916962446318e-05,0.00010194239551029911,0.5727850310331095,0.4878168827545135,4.853191000036712e-24,3.367045073656265e-05,0.5120475043992396,0.5007442179902334
RCSE_000198263,4508048430_00010,ESCALATE,CONTROLLED_CONTRADICTION,PO_VALUE_CONTRADICTION,0.25,56752.0,R4_99_100,ood_test_r4,ESCALATE,EXECUTE,0.3438415268423612,0.4748920780243674,0.0046367340542958985,0.07265700485068134,0.651521739103343,0.4524196898849374,8.284831329421297e-30,3.1227240013723764e-05,0.4748920780243674,0.6515948289798453
RCSE_000188115,4508065256_00010,ESCALATE,CONTROLLED_CONTRADICTION,PO_VALUE_CONTRADICTION,0.25,56395.0,R4_99_100,ood_test_r4,ESCALATE,EXECUTE,0.38767775716763286,0.5120475043992396,9.748260067654023e-05,0.00010194239551029911,0.6122247602316906,0.4878168827545135,1.7227403456533458e-22,3.367045073656265e-05,0.5120475043992396,0.5007442179902334
RCSE_000199596,4508062585_00010,ESCALATE,CONTROLLED_CONTRADICTION,PO_VALUE_CONTRADICTION,0.25,50749.0,R4_99_100,ood_test_r4,EXECUTE,EXECUTE,0.5232010375435006,0.5120475043992396,4.813080381339155e-05,0.00010194239551029911,0.47675083165268606,0.4878168827545135,9.245489212647214e-21,3.367045073656265e-05,0.5120475043992396,0.5007442179902334
RCSE_000189418,4508068866_00010,ESCALATE,CONTROLLED_CONTRADICTION,PO_VALUE_CONTRADICTION,0.25,72399.0,R4_99_100,ood_test_r4,ESCALATE,EXECUTE,0.35478492645567405,0.4748920780243674,0.030349637868221573,0.07265700485068134,0.6148654356761044,0.4524196898849374,1.3494314802588922e-34,3.1227240013723764e-05,0.4748920780243674,0.6515948289798453
RCSE_000191627,2000052834_00001,ESCALATE,CONTROLLED_CONTRADICTION,PO_VALUE_CONTRADICTION,0.25,216506.0,R4_99_100,ood_test_r4,EXECUTE,EXECUTE,0.9271728681498232,0.4748920780243674,0.006377999146741898,0.07265700485068134,0.06644913270343475,0.4524196898849374,5.043492571514701e-76,3.1227240013723764e-05,0.4748920780243674,0.6515948289798453
RCSE_000200050,4508058874_00010,ESCALATE,CONTROLLED_CONTRADICTION,PO_VALUE_CONTRADICTION,0.25,70148.0,R4_99_100,ood_test_r4,EXECUTE,EXECUTE,0.9741577814916244,0.5120997090703223,1.1007190786944959e-10,0.0,0.02584221839830365,0.48786661704614465,8.72568069126132e-53,3.3673883532916135e-05,0.5120997090703223,0.5000457857569834
RCSE_000193118,2000052802_00001,ESCALATE,CONTROLLED_CONTRADICTION,PO_VALUE_CONTRADICTION,0.25,53042.0,R4_99_100,ood_test_r4,ESCALATE,EXECUTE,0.40856508850675466,0.5046569423998928,0.0007145481364659943,0.014533823274263056,0.5907203633567794,0.48077604985258343,2.3282948367518e-28,3.318447326069061e-05,0.5046569423998928,0.5475460284491938
RCSE_000187096,4508063719_00010,ESCALATE,CONTROLLED_CONTRADICTION,PO_VALUE_CONTRADICTION,0.25,50629.0,R4_99_100,ood_test_r4,ESCALATE,EXECUTE,0.2989194018740519,0.5046569423998928,0.0015836883127785498,0.014533823274263056,0.6994969098131696,0.48077604985258343,1.0112178575963076e-25,3.318447326069061e-05,0.5046569423998928,0.5475460284491938
RCSE_000193778,2000052726_00001,ESCALATE,CONTROLLED_CONTRADICTION,PO_VALUE_CONTRADICTION,0.25,52028.0,R4_99_100,ood_test_r4,ESCALATE,EXECUTE,0.38226840344524277,0.5120475043992396,6.784881574870132e-08,0.00010194239551029911,0.6177315287059415,0.4878168827545135,2.7406023677057467e-23,3.367045073656265e-05,0.5120475043992396,0.5007442179902334
RCSE_000192864,4508065913_00010,ESCALATE,CONTROLLED_CONTRADICTION,PO_VALUE_CONTRADICTION,0.25,51020.0,R4_99_100,ood_test_r4,ESCALATE,EXECUTE,0.3687821518612497,0.5120475043992396,2.1118759971657965e-05,0.00010194239551029911,0.6311967293787788,0.4878168827545135,9.707966280313309e-21,3.367045073656265e-05,0.5120475043992396,0.5007442179902334
RCSE_000192769,4508065221_00010,ESCALATE,CONTROLLED_CONTRADICTION,PO_VALUE_CONTRADICTION,0.25,58231.0,R4_99_100,ood_test_r4,ESCALATE,EXECUTE,0.34267656060783586,0.4748920780243674,0.018187904918025983,0.07265700485068134,0.6391355344741381,0.4524196898849374,5.347329246277968e-29,3.1227240013723764e-05,0.4748920780243674,0.6515948289798453
RCSE_000188692,4508066064_00010,ESCALATE,CONTROLLED_CONTRADICTION,PO_VALUE_CONTRADICTION,0.25,50749.0,R4_99_100,ood_test_r4,ESCALATE,EXECUTE,0.4547306865175808,0.4748920780243674,0.0065447657649995794,0.07265700485068134,0.5387245477174196,0.4524196898849374,4.033242327243039e-26,3.1227240013723764e-05,0.4748920780243674,0.6515948289798453
RCSE_000188733,2000052866_00001,ESCALATE,CONTROLLED_CONTRADICTION,PO_VALUE_CONTRADICTION,0.25,52165.0,R4_99_100,ood_test_r4,ESCALATE,EXECUTE,0.46225500860895574,0.5120475043992396,5.382695384402781e-06,0.00010194239551029911,0.53773960869566,0.4878168827545135,1.5325789977379704e-22,3.367045073656265e-05,0.5120475043992396,0.5007442179902334
RCSE_000192063,4508057859_00010,ESCALATE,CONTROLLED_CONTRADICTION,PO_VALUE_CONTRADICTION,0.25,107955.0,R4_99_100,ood_test_r4,GATHER,GATHER,0.08480438413281753,0.016178842588119986,0.8416580694827906,0.6501770225942963,0.0735375463843918,0.3336211073795063,6.683856076345753e-51,2.3027438077316547e-05,0.6501770225942963,0.5143992167311986
RCSE_000196292,4508063963_00010,ESCALATE,CONTROLLED_CONTRADICTION,PO_VALUE_CONTRADICTION,0.25,130700.0,R4_99_100,ood_test_r4,GATHER,GATHER,0.0012488953358223785,0.0014367494348417906,0.9979105308274964,0.9938196238475974,0.0008405738366813302,0.004710098383089832,4.646000306872909e-62,3.352833447099068e-05,0.9938196238475974,0.02968176992737504
RCSE_000193594,4508070756_00010,ESCALATE,CONTROLLED_CONTRADICTION,PO_VALUE_CONTRADICTION,0.25,83311.0,R4_99_100,ood_test_r4,EXECUTE,EXECUTE,0.5932173049662497,0.5120475043992396,0.00029735149909386016,0.00010194239551029911,0.4064853435346565,0.4878168827545135,2.5796404531635883e-31,3.367045073656265e-05,0.5120475043992396,0.5007442179902334
RCSE_000195868,4508060265_00010,ESCALATE,CONTROLLED_CONTRADICTION,PO_VALUE_CONTRADICTION,0.25,107955.0,R4_99_100,ood_test_r4,EXECUTE,EXECUTE,0.6961005473316699,0.5120475043992396,0.00029971076877662,0.00010194239551029911,0.30359974189955347,0.4878168827545135,2.2319689607094497e-39,3.367045073656265e-05,0.5120475043992396,0.5007442179902334
RCSE_000200966,4508047709_00010,ESCALATE,CONTROLLED_CONTRADICTION,PO_VALUE_CONTRADICTION,0.25,112453.0,R4_99_100,ood_test_r4,EXECUTE,EXECUTE,0.706651770260912,0.5120475043992396,0.00011204194475993785,0.00010194239551029911,0.29323618779432814,0.4878168827545135,6.960974284157043e-41,3.367045073656265e-05,0.5120475043992396,0.5007442179902334
RCSE_000190851,4508068523_00010,ESCALATE,CONTROLLED_CONTRADICTION,PO_VALUE_CONTRADICTION,0.25,50749.0,R4_99_100,ood_test_r4,EXECUTE,EXECUTE,0.5239826488603028,0.5120475043992396,4.394391922375737e-05,0.00010194239551029911,0.4759734072204734,0.4878168827545135,8.157696100067937e-21,3.367045073656265e-05,0.5120475043992396,0.5007442179902334
RCSE_000199152,4508058995_00010,ESCALATE,CONTROLLED_CONTRADICTION,PO_VALUE_CONTRADICTION,0.25,133811.0,R4_99_100,ood_test_r4,GATHER,GATHER,0.003598988947923088,0.0013982950662343682,0.9941560178374443,0.9672202007206736,0.002244993214632529,0.031348873259125346,1.3272857765249926e-63,3.2630953966586726e-05,0.9672202007206736,0.1084270742359047
RCSE_000191036,4508059465_00010,ESCALATE,CONTROLLED_CONTRADICTION,PO_VALUE_CONTRADICTION,0.25,133811.0,R4_99_100,ood_test_r4,EXECUTE,EXECUTE,0.7898488547113777,0.5046569423998928,0.0007873943951755772,0.014533823274263056,0.20936375089344672,0.48077604985258343,4.207545424584636e-48,3.318447326069061e-05,0.5046569423998928,0.5475460284491938
RCSE_000193838,4508067697_00010,ESCALATE,CONTROLLED_CONTRADICTION,PO_VALUE_CONTRADICTION,0.25,57691.0,R4_99_100,ood_test_r4,ESCALATE,EXECUTE,0.32189294555433556,0.5046569423998928,0.0014690331189966565,0.014533823274263056,0.6766380213266678,0.48077604985258343,2.7169951509678197e-28,3.318447326069061e-05,0.5046569423998928,0.5475460284491938
RCSE_000194268,4508062676_00010,ESCALATE,CONTROLLED_CONTRADICTION,PO_VALUE_CONTRADICTION,0.25,166285.0,R4_99_100,ood_test_r4,GATHER,GATHER,2.7939909069009395e-05,0.001434793590798254,0.999959387841505,0.9971815456047864,1.2672249426084714e-05,0.0013501781119968526,1.3623451407906805e-79,3.348269241839992e-05,0.9971815456047864,0.015490245654545019
RCSE_000201545,4508062887_00010,ESCALATE,CONTROLLED_CONTRADICTION,PO_VALUE_CONTRADICTION,0.25,396071.0,R4_99_100,ood_test_r4,GATHER,GATHER,0.027359352917125067,0.023125344534497418,0.972577256983229,0.9755144777643262,6.33900996459512e-05,0.0013272632676261116,5.165343130454694e-135,3.29144335501338e-05,0.9755144777643262,0.08686812501277616
RCSE_000196273,4508063412_00010,ESCALATE,CONTROLLED_CONTRADICTION,PO_VALUE_CONTRADICTION,0.25,110740.0,R4_99_100,ood_test_r4,GATHER,GATHER,0.062161093895555075,0.01575400423913034,0.8851668016998181,0.6593629835399087,0.05267210440462678,0.32486058945770624,3.9991203698227425e-52,2.242276325456921e-05,0.6593629835399087,0.5089119437562742
RCSE_000188211,4508070101_00010,ESCALATE,CONTROLLED_CONTRADICTION,PO_VALUE_CONTRADICTION,0.25,133811.0,R4_99_100,ood_test_r4,EXECUTE,EXECUTE,0.7897171128644774,0.5046569423998928,0.0013763831391890241,0.014533823274263056,0.2089065039963336,0.48077604985258343,1.0684728773102373e-47,3.318447326069061e-05,0.5046569423998928,0.5475460284491938
RCSE_000193182,4508070103_00020,ESCALATE,CONTROLLED_CONTRADICTION,PO_VALUE_CONTRADICTION,0.25,133811.0,R4_99_100,ood_test_r4,EXECUTE,EXECUTE,0.7896151995189784,0.5046569423998928,0.0013675745870324568,0.014533823274263056,0.2090172258939892,0.48077604985258343,1.0769056379923276e-47,3.318447326069061e-05,0.5046569423998928,0.5475460284491938
RCSE_000217393,4507000980_00010,ESCALATE,CONTROLLED_CONTRADICTION,PO_VALUE_CONTRADICTION,0.5,51662.0,R4_99_100,ood_test_r4,ESCALATE,EXECUTE,0.358239007516409,0.5120475043992396,1.4173972954718311e-05,0.00010194239551029911,0.6417468185106363,0.4878168827545135,1.0077882662528062e-18,3.367045073656265e-05,0.5120475043992396,0.5007442179902334
RCSE_000221148,4507003117_00010,ESCALATE,CONTROLLED_CONTRADICTION,PO_VALUE_CONTRADICTION,0.5,52836.0,R4_99_100,ood_test_r4,ESCALATE,EXECUTE,0.37881577619125284,0.5120475043992396,5.3471126836593054e-06,0.00010194239551029911,0.6211788766960634,0.4878168827545135,6.248316307664911e-19,3.367045073656265e-05,0.5120475043992396,0.5007442179902334
RCSE_000226869,4507000886_00010,ESCALATE,CONTROLLED_CONTRADICTION,PO_VALUE_CONTRADICTION,0.5,1385640.0,R4_99_100,ood_test_r4,GATHER,GATHER,1.8927662685869943e-105,0.001436733436837446,1.0,0.998529738602025,3.194251593284406e-110,0.0,0.0,3.352796113766789e-05,0.998529738602025,0.008092504883414935
RCSE_000219181,4507002063_00010,ESCALATE,CONTROLLED_CONTRADICTION,PO_VALUE_CONTRADICTION,0.5,56741.0,R4_99_100,ood_test_r4,ESCALATE,EXECUTE,0.32564994834267524,0.41499021224157545,0.2087199490975361,0.18963005662518664,0.46563010255978865,0.395352442830146,2.5285198086715006e-31,2.7288303091779305e-05,0.41499021224157545,0.755570537703291
RCSE_000216940,4507005272_00010,ESCALATE,CONTROLLED_CONTRADICTION,PO_VALUE_CONTRADICTION,0.5,49806.0,R4_99_100,ood_test_r4,ESCALATE,ESCALATE,0.23900718251553602,0.14381301025962126,0.03037762451261815,0.11846704203701519,0.7306151929718459,0.7376690317763581,1.0073322379782053e-27,5.091592700536547e-05,0.7376690317763581,0.5457276243897403
RCSE_000226875,4507003502_00010,ESCALATE,CONTROLLED_CONTRADICTION,PO_VALUE_CONTRADICTION,0.5,57190.0,R4_99_100,ood_test_r4,ESCALATE,ESCALATE,0.2215185613020417,0.03221458735158714,0.28029806966770765,0.45325924403683115,0.49818336903025073,0.5144906570642459,5.066307098867548e-32,3.5511547335726485e-05,0.5144906570642459,0.5854534781709585
RCSE_000223316,4507003500_00010,ESCALATE,CONTROLLED_CONTRADICTION,PO_VALUE_CONTRADICTION,0.5,57190.0,R4_99_100,ood_test_r4,ESCALATE,ESCALATE,0.22582449384950992,0.04626192009477964,0.27169480205223223,0.44668022007480507,0.5024807040982578,0.5070228637305281,7.181040588376591e-32,3.4996099887220865e-05,0.5070228637305281,0.6109068611153715
RCSE_000221894,2000000068_00001,ESCALATE,CONTROLLED_CONTRADICTION,PO_VALUE_CONTRADICTION,0.5,381051.0,R4_99_100,ood_test_r4,GATHER,GATHER,1.2136327300440551e-26,0.001436733436837446,1.0,0.998529738602025,3.331486370481188e-27,0.0,6.842418869576331e-223,3.352796113766789e-05,0.998529738602025,0.008092504883414935
RCSE_000218592,4507001898_00010,ESCALATE,CONTROLLED_CONTRADICTION,PO_VALUE_CONTRADICTION,0.5,51961.0,R4_99_100,ood_test_r4,ESCALATE,EXECUTE,0.4582213869784342,0.5120475043992396,1.6158298920146136e-05,0.00010194239551029911,0.5417624547226457,0.4878168827545135,1.4003311346567984e-29,3.367045073656265e-05,0.5120475043992396,0.5007442179902334
RCSE_000217142,4507000898_00010,ESCALATE,CONTROLLED_CONTRADICTION,PO_VALUE_CONTRADICTION,0.5,2598076.0,R4_99_100,ood_test_r4,EXECUTE,EXECUTE,1.0,0.9999342478255592,5.884237021658559e-17,0.0,1.970388722555362e-25,0.0,0.0,6.57521744407555e-05,0.9999342478255592,0.0005041629994060935
RCSE_000217001,4507003374_00040,ESCALATE,CONTROLLED_CONTRADICTION,PO_VALUE_CONTRADICTION,0.5,110170.0,R4_99_100,ood_test_r4,EXECUTE,EXECUTE,0.6428636340134227,0.5120475043992396,8.131675250340464e-06,0.00010194239551029911,0.3571282343113269,0.4878168827545135,4.052504161662021e-47,3.367045073656265e-05,0.5120475043992396,0.5007442179902334
RCSE_000218920,4507000269_00010,ESCALATE,CONTROLLED_CONTRADICTION,PO_VALUE_CONTRADICTION,0.5,59375.0,R4_99_100,ood_test_r4,EXECUTE,EXECUTE,0.5074112485315965,0.5120475043992396,2.35151119178183e-05,0.00010194239551029911,0.49256523635648575,0.4878168827545135,6.062531429454291e-21,3.367045073656265e-05,0.5120475043992396,0.5007442179902334
RCSE_000225080,4507007472_00010,ESCALATE,CONTROLLED_CONTRADICTION,PO_VALUE_CONTRADICTION,0.5,130700.0,R4_99_100,ood_test_r4,GATHER,GATHER,1.4060116504125625e-06,0.001434793590798254,0.9999972603992587,0.9971815456047864,1.3335890907508086e-06,0.0013501781119968526,8.928478033974634e-72,3.348269241839992e-05,0.9971815456047864,0.015490245654545019
RCSE_000223757,4507007888_00020,ESCALATE,CONTROLLED_CONTRADICTION,PO_VALUE_CONTRADICTION,0.5,49883.0,R4_99_100,ood_test_r4,EXECUTE,EXECUTE,0.5251102844443531,0.4748920780243674,0.04695147726439042,0.07265700485068134,0.4279382382912565,0.4524196898849374,1.7948207207584572e-36,3.1227240013723764e-05,0.4748920780243674,0.6515948289798453
RCSE_000229094,4507001138_00010,ESCALATE,CONTROLLED_CONTRADICTION,PO_VALUE_CONTRADICTION,0.5,63871.0,R4_99_100,ood_test_r4,EXECUTE,EXECUTE,0.5112189682909755,0.5120475043992396,5.800721033542872e-06,0.00010194239551029911,0.488775230987991,0.4878168827545135,4.978252537253496e-22,3.367045073656265e-05,0.5120475043992396,0.5007442179902334
RCSE_000229915,4507004494_00010,ESCALATE,CONTROLLED_CONTRADICTION,PO_VALUE_CONTRADICTION,0.5,127742.0,R4_99_100,ood_test_r4,EXECUTE,EXECUTE,0.8117054838285209,0.5120475043992396,5.768942420935373e-06,0.00010194239551029911,0.1882887472290581,0.4878168827545135,7.203236160999205e-40,3.367045073656265e-05,0.5120475043992396,0.5007442179902334
RCSE_000225075,4507012555_00010,ESCALATE,CONTROLLED_CONTRADICTION,PO_VALUE_CONTRADICTION,0.5,63219.0,R4_99_100,ood_test_r4,GATHER,ESCALATE,0.15876119752297221,0.024614724099847742,0.5409691171713381,0.46777428448735175,0.30026968530568965,0.507575957136899,1.2265155261625598e-34,3.5034275901521095e-05,0.507575957136899,0.5706831481022571
RCSE_000219768,4507003429_00020,ESCALATE,CONTROLLED_CONTRADICTION,PO_VALUE_CONTRADICTION,0.5,323365.0,R4_99_100,ood_test_r4,GATHER,GATHER,2.5261341910950784e-20,0.001436733436837446,1.0,0.998529738602025,5.191345264144804e-21,0.0,2.507895369837315e-186,3.352796113766789e-05,0.998529738602025,0.008092504883414935
RCSE_000219727,4507012548_00010,ESCALATE,CONTROLLED_CONTRADICTION,PO_VALUE_CONTRADICTION,0.5,54141.0,R4_99_100,ood_test_r4,EXECUTE,EXECUTE,0.5137350000563111,0.5120475043992396,2.7754087529381728e-05,0.00010194239551029911,0.48623724585615946,0.4878168827545135,2.341760115509189e-20,3.367045073656265e-05,0.5120475043992396,0.5007442179902334
RCSE_000221742,4507011822_00010,ESCALATE,CONTROLLED_CONTRADICTION,PO_VALUE_CONTRADICTION,0.5,79154.0,R4_99_100,ood_test_r4,GATHER,GATHER,0.03227538481796744,0.01575400423913034,0.9322954307122618,0.6593629835399087,0.03542918446977067,0.32486058945770624,4.263968409056388e-43,2.242276325456921e-05,0.6593629835399087,0.5089119437562742
RCSE_000219552,4507004434_00010,ESCALATE,CONTROLLED_CONTRADICTION,PO_VALUE_CONTRADICTION,0.5,51961.0,R4_99_100,ood_test_r4,ESCALATE,EXECUTE,0.31118362948092154,0.5120475043992396,5.107447840515618e-06,0.00010194239551029911,0.6888112630712381,0.4878168827545135,2.0847815408433533e-26,3.367045073656265e-05,0.5120475043992396,0.5007442179902334
RCSE_000229342,4507004489_00010,ESCALATE,CONTROLLED_CONTRADICTION,PO_VALUE_CONTRADICTION,0.5,127742.0,R4_99_100,ood_test_r4,GATHER,GATHER,9.280438349837459e-06,0.001434793590798254,0.9999805105800316,0.9971815456047864,1.0208981618575864e-05,0.0013501781119968526,7.447836569655762e-70,3.348269241839992e-05,0.9971815456047864,0.015490245654545019
RCSE_000227056,4507004133_00010,ESCALATE,CONTROLLED_CONTRADICTION,PO_VALUE_CONTRADICTION,0.5,59859.0,R4_99_100,ood_test_r4,ESCALATE,EXECUTE,0.49678224873251925,0.5120475043992396,1.4913405641989207e-05,0.00010194239551029911,0.5032028378618387,0.4878168827545135,1.5320844424253106e-21,3.367045073656265e-05,0.5120475043992396,0.5007442179902334
RCSE_000223141,4507017674_00010,ESCALATE,CONTROLLED_CONTRADICTION,PO_VALUE_CONTRADICTION,0.5,56501.0,R4_99_100,ood_test_r4,ESCALATE,ESCALATE,0.2143280090076231,0.03155547171767115,0.30151451434079846,0.4644456477619938,0.48415747665157843,0.5039640955449644,1.182955838629371e-31,3.478497537073213e-05,0.5039640955449644,0.5849716965324646
RCSE_000231444,4507017382_00010,ESCALATE,CONTROLLED_CONTRADICTION,PO_VALUE_CONTRADICTION,0.5,58117.0,R4_99_100,ood_test_r4,ESCALATE,EXECUTE,0.28279197201175854,0.4550543465074578,0.09681001900399448,0.11139503021086652,0.6203980089842469,0.4335207005014161,2.186271238612791e-31,2.992278025944974e-05,0.4550543465074578,0.6963979222287732
RCSE_000222218,4507011266_00010,ESCALATE,CONTROLLED_CONTRADICTION,PO_VALUE_CONTRADICTION,0.5,127742.0,R4_99_100,ood_test_r4,GATHER,GATHER,6.337505730147158e-06,0.001434793590798254,0.9999869327461177,0.9971815456047864,6.7297481521488935e-06,0.0013501781119968526,1.1188772092742027e-69,3.348269241839992e-05,0.9971815456047864,0.015490245654545019
RCSE_000222057,4507018950_00010,ESCALATE,CONTROLLED_CONTRADICTION,PO_VALUE_CONTRADICTION,0.5,75655.0,R4_99_100,ood_test_r4,GATHER,GATHER,0.026659604714859206,0.01575400423913034,0.9306547879659917,0.6593629835399087,0.042685607319149214,0.32486058945770624,1.5065556252194458e-41,2.242276325456921e-05,0.6593629835399087,0.5089119437562742
RCSE_000221001,4507011267_00010,ESCALATE,CONTROLLED_CONTRADICTION,PO_VALUE_CONTRADICTION,0.5,127742.0,R4_99_100,ood_test_r4,EXECUTE,EXECUTE,0.8155476749433849,0.5120475043992396,6.46029430161592e-06,0.00010194239551029911,0.18444586476231348,0.4878168827545135,1.5816089725084912e-39,3.367045073656265e-05,0.5120475043992396,0.5007442179902334
RCSE_000228654,4507016824_00010,ESCALATE,CONTROLLED_CONTRADICTION,PO_VALUE_CONTRADICTION,0.5,52598.0,R4_99_100,ood_test_r4,ESCALATE,EXECUTE,0.426170127795334,0.5120475043992396,1.3005985573831446e-05,0.00010194239551029911,0.5738168662190922,0.4878168827545135,6.284855757932248e-19,3.367045073656265e-05,0.5120475043992396,0.5007442179902334
RCSE_000217027,4507023329_00010,ESCALATE,CONTROLLED_CONTRADICTION,PO_VALUE_CONTRADICTION,0.5,56675.0,R4_99_100,ood_test_r4,ESCALATE,ESCALATE,0.21189514700821763,0.03155547171767115,0.3113296775763594,0.4644456477619938,0.47677517541542297,0.5039640955449644,9.333296349523366e-32,3.478497537073213e-05,0.5039640955449644,0.5849716965324646
RCSE_000223006,4507010590_00010,ESCALATE,CONTROLLED_CONTRADICTION,PO_VALUE_CONTRADICTION,0.5,111637.0,R4_99_100,ood_test_r4,EXECUTE,EXECUTE,0.7531413398863541,0.5120475043992396,5.012131363257505e-06,0.00010194239551029911,0.24685364798228265,0.4878168827545135,2.2934253390627417e-35,3.367045073656265e-05,0.5120475043992396,0.5007442179902334
RCSE_000222064,2000013457_00001,ESCALATE,CONTROLLED_CONTRADICTION,PO_VALUE_CONTRADICTION,0.5,93184.0,R4_99_100,ood_test_r4,GATHER,GATHER,0.009267685762132875,0.015672499610845495,0.9685082263092643,0.6611252969800485,0.02222408792860293,0.3231798966518493,5.499609325780156e-55,2.2306757256573897e-05,0.6611252969800485,0.5078283415002478
RCSE_000230511,4507016830_00010,ESCALATE,CONTROLLED_CONTRADICTION,PO_VALUE_CONTRADICTION,0.5,49384.0,R4_99_100,ood_test_r4,ESCALATE,EXECUTE,0.3457556023285344,0.5120475043992396,2.8369684468987293e-06,0.00010194239551029911,0.6542415607030186,0.4878168827545135,5.901263857857686e-18,3.367045073656265e-05,0.5120475043992396,0.5007442179902334
RCSE_000226125,4507004491_00010,ESCALATE,CONTROLLED_CONTRADICTION,PO_VALUE_CONTRADICTION,0.5,127742.0,R4_99_100,ood_test_r4,GATHER,GATHER,2.5237862962373373e-05,0.001434793590798254,0.999946296044635,0.9971815456047864,2.8466092402594502e-05,0.0013501781119968526,1.5871519561620783e-69,3.348269241839992e-05,0.9971815456047864,0.015490245654545019
RCSE_000220147,4507016341_00010,ESCALATE,CONTROLLED_CONTRADICTION,PO_VALUE_CONTRADICTION,0.5,76088.0,R4_99_100,ood_test_r4,ESCALATE,EXECUTE,0.39313322770147086,0.5120475043992396,1.5305398187530157e-06,0.00010194239551029911,0.6068652417587104,0.4878168827545135,3.547322098832604e-26,3.367045073656265e-05,0.5120475043992396,0.5007442179902334
RCSE_000226815,4507016891_00010,ESCALATE,CONTROLLED_CONTRADICTION,PO_VALUE_CONTRADICTION,0.5,54634.0,R4_99_100,ood_test_r4,ESCALATE,EXECUTE,0.47600278940500945,0.5120475043992396,1.1120676098706857e-06,0.00010194239551029911,0.5239960985273807,0.4878168827545135,1.3372394592683097e-20,3.367045073656265e-05,0.5120475043992396,0.5007442179902334
RCSE_000226800,4507010599_00010,ESCALATE,CONTROLLED_CONTRADICTION,PO_VALUE_CONTRADICTION,0.5,111637.0,R4_99_100,ood_test_r4,GATHER,GATHER,0.00024270688743305193,0.0014415904104370656,0.9994538415812484,0.997168194188731,0.0003034515313185457,0.001356574096176297,8.07800658720447e-61,3.364130465562288e-05,0.997168194188731,0.015553957684369431
RCSE_000218491,4507026039_00010,ESCALATE,CONTROLLED_CONTRADICTION,PO_VALUE_CONTRADICTION,0.5,55867.0,R4_99_100,ood_test_r4,ESCALATE,EXECUTE,0.4414513539207556,0.5120475043992396,1.6374161446325685e-05,0.00010194239551029911,0.5585322719177981,0.4878168827545135,3.767432236639012e-20,3.367045073656265e-05,0.5120475043992396,0.5007442179902334
RCSE_000216728,4507027831_00010,ESCALATE,CONTROLLED_CONTRADICTION,PO_VALUE_CONTRADICTION,0.5,55455.0,R4_99_100,ood_test_r4,ESCALATE,ESCALATE,0.23609081355131475,0.11641436326358776,0.23543405596059672,0.2864129760453133,0.5284751304880886,0.5971314450513483,7.95554440936768e-31,4.121563975056553e-05,0.5971314450513483,0.6613144926815214
RCSE_000231098,4507020284_00010,ESCALATE,CONTROLLED_CONTRADICTION,PO_VALUE_CONTRADICTION,0.5,107955.0,R4_99_100,ood_test_r4,EXECUTE,EXECUTE,0.7400227984145111,0.5120475043992396,6.6496593588116145e-06,0.00010194239551029911,0.25997055192613006,0.4878168827545135,3.9243616971999445e-34,3.367045073656265e-05,0.5120475043992396,0.5007442179902334
RCSE_000230928,4507024793_00010,ESCALATE,CONTROLLED_CONTRADICTION,PO_VALUE_CONTRADICTION,0.5,64007.0,R4_99_100,ood_test_r4,GATHER,ESCALATE,0.21333651417067467,0.03155547171767115,0.4133131677024372,0.4644456477619938,0.3733503181268882,0.5039640955449644,7.253545925346046e-35,3.478497537073213e-05,0.5039640955449644,0.5849716965324646
RCSE_000228934,2000013561_00001,ESCALATE,CONTROLLED_CONTRADICTION,PO_VALUE_CONTRADICTION,0.5,94553.0,R4_99_100,ood_test_r4,EXECUTE,EXECUTE,0.5545637217131218,0.5120475043992396,7.254875033126514e-07,0.00010194239551029911,0.44543555279937486,0.4878168827545135,3.288481688888808e-32,3.367045073656265e-05,0.5120475043992396,0.5007442179902334
RCSE_000225823,2000013574_00001,ESCALATE,CONTROLLED_CONTRADICTION,PO_VALUE_CONTRADICTION,0.5,55578.0,R4_99_100,ood_test_r4,ESCALATE,EXECUTE,0.481478035907155,0.5120475043992396,6.539615146054863e-07,0.00010194239551029911,0.5185213101313304,0.4878168827545135,2.805247820147037e-21,3.367045073656265e-05,0.5120475043992396,0.5007442179902334
RCSE_000216868,4507014501_00010,ESCALATE,CONTROLLED_CONTRADICTION,PO_VALUE_CONTRADICTION,0.5,112178.0,R4_99_100,ood_test_r4,EXECUTE,EXECUTE,0.7528096628944883,0.5120475043992396,3.1529460617082953e-06,0.00010194239551029911,0.24718718415945007,0.4878168827545135,1.522057088002027e-35,3.367045073656265e-05,0.5120475043992396,0.5007442179902334
RCSE_000229564,4507034797_00010,ESCALATE,CONTROLLED_CONTRADICTION,PO_VALUE_CONTRADICTION,0.5,197081.0,R4_99_100,ood_test_r4,ESCALATE,EXECUTE,0.40066519665889205,0.4748920780243674,0.0034447109221481384,0.07265700485068134,0.5958900924189597,0.4524196898849374,6.086250542859231e-88,3.1227240013723764e-05,0.4748920780243674,0.6515948289798453
RCSE_000229860,4507033361_00010,ESCALATE,CONTROLLED_CONTRADICTION,PO_VALUE_CONTRADICTION,0.5,49252.0,R4_99_100,ood_test_r4,ESCALATE,EXECUTE,0.36271651675413535,0.5120475043992396,5.807218187392896e-06,0.00010194239551029911,0.6372776760276774,0.4878168827545135,9.40542194061362e-18,3.367045073656265e-05,0.5120475043992396,0.5007442179902334
RCSE_000221723,4507014503_00010,ESCALATE,CONTROLLED_CONTRADICTION,PO_VALUE_CONTRADICTION,0.5,112178.0,R4_99_100,ood_test_r4,GATHER,GATHER,0.00028431171382265456,0.0014367494348417906,0.9993581358837375,0.9938196238475974,0.00035755240244001574,0.004710098383089832,5.361423644257306e-61,3.352833447099068e-05,0.9938196238475974,0.02968176992737504
RCSE_000219755,4507014502_00010,ESCALATE,CONTROLLED_CONTRADICTION,PO_VALUE_CONTRADICTION,0.5,112178.0,R4_99_100,ood_test_r4,GATHER,GATHER,0.00028478856902842785,0.0014367494348417906,0.9993572343312751,0.9938196238475974,0.000357977099696386,0.004710098383089832,5.317823935513748e-61,3.352833447099068e-05,0.9938196238475974,0.02968176992737504
RCSE_000224562,4507032048_00010,ESCALATE,CONTROLLED_CONTRADICTION,PO_VALUE_CONTRADICTION,0.5,136024.0,R4_99_100,ood_test_r4,EXECUTE,EXECUTE,0.7942068234287002,0.5120475043992396,1.1173427992883992e-05,0.00010194239551029911,0.20578200314330689,0.4878168827545135,1.0352607491973307e-41,3.367045073656265e-05,0.5120475043992396,0.5007442179902334
RCSE_000219035,4507030793_00010,ESCALATE,CONTROLLED_CONTRADICTION,PO_VALUE_CONTRADICTION,0.5,49690.0,R4_99_100,ood_test_r4,ESCALATE,EXECUTE,0.3397840614241512,0.5120475043992396,5.894785539363239e-06,0.00010194239551029911,0.6602100437903095,0.4878168827545135,1.697416126451701e-17,3.367045073656265e-05,0.5120475043992396,0.5007442179902334
RCSE_000230172,4507032451_00010,ESCALATE,CONTROLLED_CONTRADICTION,PO_VALUE_CONTRADICTION,0.5,55557.0,R4_99_100,ood_test_r4,ESCALATE,EXECUTE,0.26775409094779257,0.4748920780243674,0.02892196057830489,0.07265700485068134,0.7033239484739026,0.4524196898849374,6.847049051895393e-31,3.1227240013723764e-05,0.4748920780243674,0.6515948289798453
RCSE_000224299,4507012171_00010,ESCALATE,CONTROLLED_CONTRADICTION,PO_VALUE_CONTRADICTION,0.5,101595.0,R4_99_100,ood_test_r4,EXECUTE,EXECUTE,0.6516546710690977,0.5120475043992396,2.076131993950535e-06,0.00010194239551029911,0.3483432527989084,0.4878168827545135,8.165766804626086e-33,3.367045073656265e-05,0.5120475043992396,0.5007442179902334
RCSE_000224261,4507020334_00010,ESCALATE,CONTROLLED_CONTRADICTION,PO_VALUE_CONTRADICTION,0.5,109493.0,R4_99_100,ood_test_r4,GATHER,GATHER,0.0002896953384498085,0.0014367494348417906,0.9992346478073311,0.9938196238475974,0.0004756568542192518,0.004710098383089832,2.047776086435666e-59,3.352833447099068e-05,0.9938196238475974,0.02968176992737504
RCSE_000222221,4507035594_00010,ESCALATE,CONTROLLED_CONTRADICTION,PO_VALUE_CONTRADICTION,0.5,60968.0,R4_99_100,ood_test_r4,ESCALATE,EXECUTE,0.42625994522082966,0.5120475043992396,7.154079570119356e-06,0.00010194239551029911,0.5737329006996003,0.4878168827545135,6.864644201524224e-21,3.367045073656265e-05,0.5120475043992396,0.5007442179902334
RCSE_000227366,4507021921_00010,ESCALATE,CONTROLLED_CONTRADICTION,PO_VALUE_CONTRADICTION,0.5,70494.0,R4_99_100,ood_test_r4,ESCALATE,EXECUTE,0.2744602113113295,0.4550543465074578,0.09403278072057683,0.11139503021086652,0.6315070079680937,0.4335207005014161,6.812579941511788e-38,2.992278025944974e-05,0.4550543465074578,0.6963979222287732
RCSE_000220264,4507037236_00010,ESCALATE,CONTROLLED_CONTRADICTION,PO_VALUE_CONTRADICTION,0.5,55085.0,R4_99_100,ood_test_r4,ESCALATE,ESCALATE,0.23251689632097208,0.10310886451191781,0.24215906566024947,0.3679719090692309,0.5253240380187785,0.5288827214920048,8.039987455806218e-31,3.650492684644783e-05,0.5288827214920048,0.6776374137728339
RCSE_000218346,4507014507_00010,ESCALATE,CONTROLLED_CONTRADICTION,PO_VALUE_CONTRADICTION,0.5,112178.0,R4_99_100,ood_test_r4,EXECUTE,EXECUTE,0.7517096429094693,0.5120475043992396,1.917957251734375e-06,0.00010194239551029911,0.24828843913327894,0.4878168827545135,1.1906281900152274e-35,3.367045073656265e-05,0.5120475043992396,0.5007442179902334
RCSE_000220538,4507032337_00010,ESCALATE,CONTROLLED_CONTRADICTION,PO_VALUE_CONTRADICTION,0.5,55378.0,R4_99_100,ood_test_r4,ESCALATE,ESCALATE,0.24812454497111286,0.14381301025962126,0.07170599484054226,0.11846704203701519,0.6801694601883448,0.7376690317763581,8.87272162737232e-31,5.091592700536547e-05,0.7376690317763581,0.5457276243897403
RCSE_000221044,4507032215_00010,ESCALATE,CONTROLLED_CONTRADICTION,PO_VALUE_CONTRADICTION,0.5,55378.0,R4_99_100,ood_test_r4,ESCALATE,ESCALATE,0.25067519244961345,0.14381301025962126,0.06776766277004498,0.11846704203701519,0.6815571447803415,0.7376690317763581,1.2907092892658941e-30,5.091592700536547e-05,0.7376690317763581,0.5457276243897403
RCSE_000219777,4507025194_00010,ESCALATE,CONTROLLED_CONTRADICTION,PO_VALUE_CONTRADICTION,0.5,50371.0,R4_99_100,ood_test_r4,ESCALATE,ESCALATE,0.2569389010878764,0.20204673249765737,0.008038770526865531,0.10371608465068166,0.735022328385258,0.6941926067357678,1.924721439927445e-28,4.457611589311414e-05,0.6941926067357678,0.5857242635574618
RCSE_000226007,4507040446_00010,ESCALATE,CONTROLLED_CONTRADICTION,PO_VALUE_CONTRADICTION,0.5,51827.0,R4_99_100,ood_test_r4,ESCALATE,EXECUTE,0.3881223048193633,0.5120475043992396,3.1160482872739544e-06,0.00010194239551029911,0.6118745791323494,0.4878168827545135,2.242391186619477e-19,3.367045073656265e-05,0.5120475043992396,0.5007442179902334
RCSE_000225318,4507019505_00010,ESCALATE,CONTROLLED_CONTRADICTION,PO_VALUE_CONTRADICTION,0.5,54904.0,R4_99_100,ood_test_r4,ESCALATE,EXECUTE,0.27709391559098334,0.4748920780243674,0.06932485150484131,0.07265700485068134,0.6535812329041754,0.4524196898849374,9.850023510530952e-31,3.1227240013723764e-05,0.4748920780243674,0.6515948289798453
RCSE_000226528,4507037214_00010,ESCALATE,CONTROLLED_CONTRADICTION,PO_VALUE_CONTRADICTION,0.5,55085.0,R4_99_100,ood_test_r4,ESCALATE,EXECUTE,0.43834219100471555,0.5120475043992396,1.8689682791998603e-05,0.00010194239551029911,0.5616391193124924,0.4878168827545135,6.170116536657249e-20,3.367045073656265e-05,0.5120475043992396,0.5007442179902334
RCSE_000230894,4507018878_00010,ESCALATE,CONTROLLED_CONTRADICTION,PO_VALUE_CONTRADICTION,0.5,76321.0,R4_99_100,ood_test_r4,EXECUTE,EXECUTE,0.5692369946598458,0.5120475043992396,4.047082577919137e-06,0.00010194239551029911,0.4307589582575764,0.4878168827545135,6.555728492975503e-26,3.367045073656265e-05,0.5120475043992396,0.5007442179902334
RCSE_000221109,4507019634_00020,ESCALATE,CONTROLLED_CONTRADICTION,PO_VALUE_CONTRADICTION,0.5,52611.0,R4_99_100,ood_test_r4,ESCALATE,EXECUTE,0.4536598354614382,0.5120475043992396,1.616936259519891e-06,0.00010194239551029911,0.5463385476023024,0.4878168827545135,1.7613007573253704e-19,3.367045073656265e-05,0.5120475043992396,0.5007442179902334
RCSE_000217819,4507023068_00010,ESCALATE,CONTROLLED_CONTRADICTION,PO_VALUE_CONTRADICTION,0.5,112178.0,R4_99_100,ood_test_r4,GATHER,GATHER,0.00021022851364179963,0.0014415904104370656,0.9995296636550483,0.997168194188731,0.0002601078313099326,0.001356574096176297,3.611473490516002e-61,3.364130465562288e-05,0.997168194188731,0.015553957684369431
RCSE_000218082,4507029017_00010,ESCALATE,CONTROLLED_CONTRADICTION,PO_VALUE_CONTRADICTION,0.5,100597.0,R4_99_100,ood_test_r4,GATHER,GATHER,0.0006678828709971392,0.0014367494348417906,0.9986154743777467,0.9938196238475974,0.0007166427512561674,0.004710098383089832,8.724732716384346e-55,3.352833447099068e-05,0.9938196238475974,0.02968176992737504
RCSE_000224599,4507023070_00010,ESCALATE,CONTROLLED_CONTRADICTION,PO_VALUE_CONTRADICTION,0.5,112178.0,R4_99_100,ood_test_r4,EXECUTE,EXECUTE,0.7535098842294429,0.5120475043992396,2.6849434803155055e-06,0.00010194239551029911,0.2464874308270769,0.4878168827545135,1.2027618891462702e-35,3.367045073656265e-05,0.5120475043992396,0.5007442179902334
RCSE_000220664,4507004898_00010,ESCALATE,CONTROLLED_CONTRADICTION,PO_VALUE_CONTRADICTION,0.5,111637.0,R4_99_100,ood_test_r4,EXECUTE,EXECUTE,0.7424029474669158,0.5120475043992396,5.515365418891317e-07,0.00010194239551029911,0.25759650099654224,0.4878168827545135,1.380585190584819e-35,3.367045073656265e-05,0.5120475043992396,0.5007442179902334
RCSE_000228059,4507025830_00010,ESCALATE,CONTROLLED_CONTRADICTION,PO_VALUE_CONTRADICTION,0.5,82119.0,R4_99_100,ood_test_r4,ESCALATE,ESCALATE,0.24178539047835843,0.11976727856375166,0.2044891115805516,0.2658605563649451,0.5537254979410899,0.6143297623568201,7.645545288417764e-44,4.24027144830263e-05,0.6143297623568201,0.6536282055026309
RCSE_000225945,4507009141_00010,ESCALATE,CONTROLLED_CONTRADICTION,PO_VALUE_CONTRADICTION,0.5,348384.0,R4_99_100,ood_test_r4,GATHER,GATHER,1.0953865402646686e-22,0.001436733436837446,1.0,0.998529738602025,1.7524449375387958e-23,0.0,6.523915023875491e-191,3.352796113766789e-05,0.998529738602025,0.008092504883414935
RCSE_000225613,4507029977_00010,ESCALATE,CONTROLLED_CONTRADICTION,PO_VALUE_CONTRADICTION,0.5,76088.0,R4_99_100,ood_test_r4,GATHER,ESCALATE,0.11591538284579143,0.024614724099847742,0.4669826304513643,0.46777428448735175,0.41710198670284426,0.507575957136899,2.917392874944052e-41,3.5034275901521095e-05,0.507575957136899,0.5706831481022571
RCSE_000230841,4507037019_00010,ESCALATE,CONTROLLED_CONTRADICTION,PO_VALUE_CONTRADICTION,0.5,49575.0,R4_99_100,ood_test_r4,ESCALATE,ESCALATE,0.25131176025978513,0.14381301025962126,0.021933022724992545,0.11846704203701519,0.7267552170152224,0.7376690317763581,7.9971340751118005e-28,5.091592700536547e-05,0.7376690317763581,0.5457276243897403
RCSE_000230982,4507036344_00010,ESCALATE,CONTROLLED_CONTRADICTION,PO_VALUE_CONTRADICTION,0.5,55557.0,R4_99_100,ood_test_r4,ESCALATE,EXECUTE,0.26980903541910484,0.4748920780243674,0.02347832007129755,0.07265700485068134,0.7067126445095976,0.4524196898849374,5.596145854920054e-31,3.1227240013723764e-05,0.4748920780243674,0.6515948289798453
RCSE_000219921,4507034493_00010,ESCALATE,CONTROLLED_CONTRADICTION,PO_VALUE_CONTRADICTION,0.5,58058.0,R4_99_100,ood_test_r4,ESCALATE,EXECUTE,0.32166380782739784,0.4748920780243674,0.03421291667651714,0.07265700485068134,0.6441232754960852,0.4524196898849374,5.575082035300275e-32,3.1227240013723764e-05,0.4748920780243674,0.6515948289798453
RCSE_000217312,4507031334_00010,ESCALATE,CONTROLLED_CONTRADICTION,PO_VALUE_CONTRADICTION,0.5,69399.0,R4_99_100,ood_test_r4,ESCALATE,EXECUTE,0.4348141632944412,0.4748920780243674,0.02075058239814428,0.07265700485068134,0.5444352543074145,0.4524196898849374,3.3420654745659707e-37,3.1227240013723764e-05,0.4748920780243674,0.6515948289798453
RCSE_000225315,4507040889_00010,ESCALATE,CONTROLLED_CONTRADICTION,PO_VALUE_CONTRADICTION,0.5,55744.0,R4_99_100,ood_test_r4,ESCALATE,EXECUTE,0.40595516720483193,0.5120475043992396,1.735623281000016e-06,0.00010194239551029911,0.594043097171887,0.4878168827545135,7.423249437491004e-20,3.367045073656265e-05,0.5120475043992396,0.5007442179902334
RCSE_000230784,4507039237_00010,ESCALATE,CONTROLLED_CONTRADICTION,PO_VALUE_CONTRADICTION,0.5,53175.0,R4_99_100,ood_test_r4,ESCALATE,EXECUTE,0.4531969955066179,0.5120475043992396,1.0752627424432951e-05,0.00010194239551029911,0.5467922518659577,0.4878168827545135,5.515867623205009e-19,3.367045073656265e-05,0.5120475043992396,0.5007442179902334
RCSE_000227568,4508044154_00010,ESCALATE,CONTROLLED_CONTRADICTION,PO_VALUE_CONTRADICTION,0.5,55090.0,R4_99_100,ood_test_r4,ESCALATE,EXECUTE,0.3947373924287223,0.5120475043992396,5.977640866379643e-06,0.00010194239551029911,0.6052566299304113,0.4878168827545135,2.2323290817713135e-19,3.367045073656265e-05,0.5120475043992396,0.5007442179902334
RCSE_000225758,4507032677_00030,ESCALATE,CONTROLLED_CONTRADICTION,PO_VALUE_CONTRADICTION,0.5,127742.0,R4_99_100,ood_test_r4,GATHER,GATHER,1.0644958695183476e-05,0.001434793590798254,0.9999779762299112,0.9971815456047864,1.1378811393609267e-05,0.0013501781119968526,1.3969891554801285e-69,3.348269241839992e-05,0.9971815456047864,0.015490245654545019
RCSE_000218703,4507037639_00010,ESCALATE,CONTROLLED_CONTRADICTION,PO_VALUE_CONTRADICTION,0.5,55557.0,R4_99_100,ood_test_r4,ESCALATE,EXECUTE,0.4048946550973004,0.5120475043992396,1.187935860823559e-06,0.00010194239551029911,0.5951041569668387,0.4878168827545135,3.6119736166916904e-20,3.367045073656265e-05,0.5120475043992396,0.5007442179902334
RCSE_000221540,4507031134_00010,ESCALATE,CONTROLLED_CONTRADICTION,PO_VALUE_CONTRADICTION,0.5,107955.0,R4_99_100,ood_test_r4,GATHER,GATHER,0.0003693103930698878,0.0014367494348417906,0.9991620350654782,0.9938196238475974,0.00046865454145189964,0.004710098383089832,9.993055965724221e-59,3.352833447099068e-05,0.9938196238475974,0.02968176992737504
RCSE_000225268,4507040004_00010,ESCALATE,CONTROLLED_CONTRADICTION,PO_VALUE_CONTRADICTION,0.5,50402.0,R4_99_100,ood_test_r4,ESCALATE,EXECUTE,0.30858337821204046,0.4748920780243674,0.07803673182083427,0.07265700485068134,0.6133798899671252,0.4524196898849374,1.6687444422440578e-28,3.1227240013723764e-05,0.4748920780243674,0.6515948289798453
RCSE_000222650,4508046369_00010,ESCALATE,CONTROLLED_CONTRADICTION,PO_VALUE_CONTRADICTION,0.5,130700.0,R4_99_100,ood_test_r4,GATHER,GATHER,1.5221751555776343e-06,0.001434793590798254,0.9999970264809439,0.9971815456047864,1.4513439004105026e-06,0.0013501781119968526,1.008201653297229e-71,3.348269241839992e-05,0.9971815456047864,0.015490245654545019
RCSE_000227294,4508044186_00010,ESCALATE,CONTROLLED_CONTRADICTION,PO_VALUE_CONTRADICTION,0.5,51615.0,R4_99_100,ood_test_r4,ESCALATE,EXECUTE,0.44323333529006226,0.5120475043992396,1.0916130482484204e-05,0.00010194239551029911,0.5567557485794552,0.4878168827545135,7.710354522866697e-19,3.367045073656265e-05,0.5120475043992396,0.5007442179902334
RCSE_000230714,4508043568_00020,ESCALATE,CONTROLLED_CONTRADICTION,PO_VALUE_CONTRADICTION,0.5,69108.0,R4_99_100,ood_test_r4,GATHER,GATHER,0.07416479900239645,0.017662312434479088,0.785404660306568,0.6181010668688859,0.14043054069103558,0.36421148182754276,1.7480519307611332e-37,2.513886909226964e-05,0.6181010668688859,0.5314806196603253
RCSE_000220285,4507024864_00050,ESCALATE,CONTROLLED_CONTRADICTION,PO_VALUE_CONTRADICTION,0.5,75420.0,R4_99_100,ood_test_r4,EXECUTE,EXECUTE,0.537736936432048,0.5120997090703223,5.0669019694628175e-12,0.0,0.4622630635628851,0.48786661704614465,1.372134729404695e-38,3.3673883532916135e-05,0.5120997090703223,0.5000457857569834
RCSE_000221428,4508042546_00010,ESCALATE,CONTROLLED_CONTRADICTION,PO_VALUE_CONTRADICTION,0.5,55744.0,R4_99_100,ood_test_r4,ESCALATE,EXECUTE,0.2722260133404008,0.4748920780243674,0.019485376219754942,0.07265700485068134,0.7082886104398441,0.4524196898849374,3.5534141602799157e-31,3.1227240013723764e-05,0.4748920780243674,0.6515948289798453
RCSE_000219418,4508044252_00010,ESCALATE,CONTROLLED_CONTRADICTION,PO_VALUE_CONTRADICTION,0.5,86602.0,R4_99_100,ood_test_r4,ESCALATE,EXECUTE,0.370481414573158,0.5120997090703223,5.469613572650745e-18,0.0,0.629518585426842,0.48786661704614465,3.947138453927094e-33,3.3673883532916135e-05,0.5120997090703223,0.5000457857569834
RCSE_000227491,4507038874_00010,ESCALATE,CONTROLLED_CONTRADICTION,PO_VALUE_CONTRADICTION,0.5,112453.0,R4_99_100,ood_test_r4,EXECUTE,EXECUTE,0.7602053246307269,0.5120475043992396,4.646044170924647e-06,0.00010194239551029911,0.23979002932510207,0.4878168827545135,1.5674495259470242e-35,3.367045073656265e-05,0.5120475043992396,0.5007442179902334
RCSE_000227854,4507041562_00010,ESCALATE,CONTROLLED_CONTRADICTION,PO_VALUE_CONTRADICTION,0.5,129197.0,R4_99_100,ood_test_r4,EXECUTE,EXECUTE,0.8043108592658741,0.5120475043992396,5.800984452246741e-06,0.00010194239551029911,0.19568333974967358,0.4878168827545135,1.3380945188240145e-41,3.367045073656265e-05,0.5120475043992396,0.5007442179902334
RCSE_000218169,2000052671_00001,ESCALATE,CONTROLLED_CONTRADICTION,PO_VALUE_CONTRADICTION,0.5,91937.0,R4_99_100,ood_test_r4,GATHER,GATHER,0.019850391185395055,0.015672499610845495,0.9535514967405249,0.6611252969800485,0.02659811207408006,0.3231798966518493,1.433320772778647e-50,2.2306757256573897e-05,0.6611252969800485,0.5078283415002478
RCSE_000218884,4507028399_00010,ESCALATE,CONTROLLED_CONTRADICTION,PO_VALUE_CONTRADICTION,0.5,69420.0,R4_99_100,ood_test_r4,GATHER,ESCALATE,0.16320721921117484,0.024614724099847742,0.5008041844749033,0.46777428448735175,0.3359885963139218,0.507575957136899,2.289124448038422e-38,3.5034275901521095e-05,0.507575957136899,0.5706831481022571
RCSE_000219346,4508053243_00010,ESCALATE,CONTROLLED_CONTRADICTION,PO_VALUE_CONTRADICTION,0.5,55887.0,R4_99_100,ood_test_r4,ESCALATE,ESCALATE,0.2409957499920803,0.11641436326358776,0.21890026387689712,0.2864129760453133,0.5401039861310226,0.5971314450513483,4.706879154217069e-31,4.121563975056553e-05,0.5971314450513483,0.6613144926815214
RCSE_000219572,4508051122_00010,ESCALATE,CONTROLLED_CONTRADICTION,PO_VALUE_CONTRADICTION,0.5,50749.0,R4_99_100,ood_test_r4,ESCALATE,EXECUTE,0.36729398912906647,0.4748920780243674,0.07335709609970667,0.07265700485068134,0.5593489147712268,0.4524196898849374,1.219393059293963e-28,3.1227240013723764e-05,0.4748920780243674,0.6515948289798453
RCSE_000220522,4508050472_00010,ESCALATE,CONTROLLED_CONTRADICTION,PO_VALUE_CONTRADICTION,0.5,60898.0,R4_99_100,ood_test_r4,EXECUTE,EXECUTE,0.5840655748697103,0.5120475043992396,9.553178559962023e-06,0.00010194239551029911,0.4159248719517297,0.4878168827545135,3.3753670930542174e-21,3.367045073656265e-05,0.5120475043992396,0.5007442179902334
RCSE_000216762,4508051583_00010,ESCALATE,CONTROLLED_CONTRADICTION,PO_VALUE_CONTRADICTION,0.5,53525.0,R4_99_100,ood_test_r4,ESCALATE,EXECUTE,0.3850456531679265,0.5120475043992396,5.251731033016373e-06,0.00010194239551029911,0.6149490951010406,0.4878168827545135,3.421182438518427e-19,3.367045073656265e-05,0.5120475043992396,0.5007442179902334
RCSE_000220448,4508050458_00010,ESCALATE,CONTROLLED_CONTRADICTION,PO_VALUE_CONTRADICTION,0.5,133811.0,R4_99_100,ood_test_r4,GATHER,GATHER,1.4968766228854505e-06,0.001434793590798254,0.9999969988015704,0.9971815456047864,1.504321806582995e-06,0.0013501781119968526,3.248950269052625e-73,3.348269241839992e-05,0.9971815456047864,0.015490245654545019
RCSE_000227928,4507038926_00010,ESCALATE,CONTROLLED_CONTRADICTION,PO_VALUE_CONTRADICTION,0.5,112453.0,R4_99_100,ood_test_r4,GATHER,GATHER,0.0002910670610924324,0.0014367494348417906,0.9993463742008528,0.9938196238475974,0.0003625587380546513,0.004710098383089832,5.9570439279949596e-61,3.352833447099068e-05,0.9938196238475974,0.02968176992737504
RCSE_000223123,4508052157_00010,ESCALATE,CONTROLLED_CONTRADICTION,PO_VALUE_CONTRADICTION,0.5,69178.0,R4_99_100,ood_test_r4,EXECUTE,EXECUTE,0.5316514784911579,0.5120475043992396,1.4008729356817873e-05,0.00010194239551029911,0.46833451277948523,0.4878168827545135,1.847286175886368e-23,3.367045073656265e-05,0.5120475043992396,0.5007442179902334
RCSE_000218531,4507038924_00010,ESCALATE,CONTROLLED_CONTRADICTION,PO_VALUE_CONTRADICTION,0.5,112453.0,R4_99_100,ood_test_r4,EXECUTE,EXECUTE,0.7552577334192441,0.5120475043992396,2.3705028968519706e-06,0.00010194239551029911,0.244739896077859,0.4878168827545135,1.6115642994211636e-35,3.367045073656265e-05,0.5120475043992396,0.5007442179902334
RCSE_000229057,4508051578_00010,ESCALATE,CONTROLLED_CONTRADICTION,PO_VALUE_CONTRADICTION,0.5,56201.0,R4_99_100,ood_test_r4,ESCALATE,ESCALATE,0.24518904692956578,0.14381301025962126,0.07208105427453966,0.11846704203701519,0.6827298987958946,0.7376690317763581,2.867644714283427e-31,5.091592700536547e-05,0.7376690317763581,0.5457276243897403
RCSE_000225020,4508046714_00010,ESCALATE,CONTROLLED_CONTRADICTION,PO_VALUE_CONTRADICTION,0.5,56062.0,R4_99_100,ood_test_r4,ESCALATE,EXECUTE,0.4479802945563848,0.5120475043992396,6.229622494070384e-06,0.00010194239551029911,0.5520134758211211,0.4878168827545135,1.936332858442153e-20,3.367045073656265e-05,0.5120475043992396,0.5007442179902334
RCSE_000229010,4508057119_00010,ESCALATE,CONTROLLED_CONTRADICTION,PO_VALUE_CONTRADICTION,0.5,50321.0,R4_99_100,ood_test_r4,ESCALATE,ESCALATE,0.24856216744088086,0.14381301025962126,0.036203480032977055,0.11846704203701519,0.715234352526142,0.7376690317763581,3.3714321046663653e-28,5.091592700536547e-05,0.7376690317763581,0.5457276243897403
RCSE_000220040,4508045017_00010,ESCALATE,CONTROLLED_CONTRADICTION,PO_VALUE_CONTRADICTION,0.5,58273.0,R4_99_100,ood_test_r4,ESCALATE,EXECUTE,0.2672119733514675,0.4748920780243674,0.017820532891339502,0.07265700485068134,0.7149674937571929,0.4524196898849374,1.170635568767266e-32,3.1227240013723764e-05,0.4748920780243674,0.6515948289798453
RCSE_000224572,4507034735_00010,ESCALATE,CONTROLLED_CONTRADICTION,PO_VALUE_CONTRADICTION,0.5,101595.0,R4_99_100,ood_test_r4,EXECUTE,EXECUTE,0.6499666713823984,0.5120475043992396,1.2201079848309875e-06,0.00010194239551029911,0.3500321085096168,0.4878168827545135,1.13114169054832e-32,3.367045073656265e-05,0.5120475043992396,0.5007442179902334
RCSE_000220994,4508061793_00010,ESCALATE,CONTROLLED_CONTRADICTION,PO_VALUE_CONTRADICTION,0.5,53881.0,R4_99_100,ood_test_r4,ESCALATE,EXECUTE,0.38563303079184696,0.5120475043992396,5.910626510525535e-06,0.00010194239551029911,0.6143610585816426,0.4878168827545135,3.305071450836652e-19,3.367045073656265e-05,0.5120475043992396,0.5007442179902334
RCSE_000219271,4508061134_00010,ESCALATE,CONTROLLED_CONTRADICTION,PO_VALUE_CONTRADICTION,0.5,55579.0,R4_99_100,ood_test_r4,ESCALATE,EXECUTE,0.44443102089611763,0.5120475043992396,1.2704377069189751e-05,0.00010194239551029911,0.5555562747268132,0.4878168827545135,7.865567247206504e-20,3.367045073656265e-05,0.5120475043992396,0.5007442179902334
RCSE_000219464,2000052722_00001,ESCALATE,CONTROLLED_CONTRADICTION,PO_VALUE_CONTRADICTION,0.5,58471.0,R4_99_100,ood_test_r4,ESCALATE,EXECUTE,0.34714210299508585,0.5120475043992396,1.883243146094964e-07,0.00010194239551029911,0.6528577086805994,0.4878168827545135,5.454194479287673e-22,3.367045073656265e-05,0.5120475043992396,0.5007442179902334
RCSE_000226464,4508056239_00010,ESCALATE,CONTROLLED_CONTRADICTION,PO_VALUE_CONTRADICTION,0.5,77917.0,R4_99_100,ood_test_r4,ESCALATE,EXECUTE,0.40450842706128165,0.5120475043992396,1.6845292448874668e-06,0.00010194239551029911,0.5954898884094735,0.4878168827545135,1.8866460974867043e-26,3.367045073656265e-05,0.5120475043992396,0.5007442179902334
RCSE_000220373,4508054785_00010,ESCALATE,CONTROLLED_CONTRADICTION,PO_VALUE_CONTRADICTION,0.5,51816.0,R4_99_100,ood_test_r4,ESCALATE,EXECUTE,0.28308893710428695,0.4748920780243674,0.03902806639982174,0.07265700485068134,0.6778829964958913,0.4524196898849374,1.9134041428616144e-29,3.1227240013723764e-05,0.4748920780243674,0.6515948289798453
RCSE_000226156,4508057121_00010,ESCALATE,CONTROLLED_CONTRADICTION,PO_VALUE_CONTRADICTION,0.5,50321.0,R4_99_100,ood_test_r4,ESCALATE,EXECUTE,0.37001400484245683,0.5120475043992396,3.517454988379862e-06,0.00010194239551029911,0.6299824777025548,0.4878168827545135,3.63587633635208e-18,3.367045073656265e-05,0.5120475043992396,0.5007442179902334
RCSE_000217551,4508060179_00010,ESCALATE,CONTROLLED_CONTRADICTION,PO_VALUE_CONTRADICTION,0.5,50749.0,R4_99_100,ood_test_r4,ESCALATE,EXECUTE,0.37799371210865274,0.4748920780243674,0.04916037656766572,0.07265700485068134,0.5728459113236817,0.4524196898849374,1.4117062189823817e-28,3.1227240013723764e-05,0.4748920780243674,0.6515948289798453
RCSE_000229260,4508059786_00010,ESCALATE,CONTROLLED_CONTRADICTION,PO_VALUE_CONTRADICTION,0.5,55113.0,R4_99_100,ood_test_r4,ESCALATE,ESCALATE,0.2540629314749102,0.14381301025962126,0.045149779792992666,0.11846704203701519,0.7007872887320971,0.7376690317763581,2.966068971891461e-30,5.091592700536547e-05,0.7376690317763581,0.5457276243897403
RCSE_000223958,4508062584_00010,ESCALATE,CONTROLLED_CONTRADICTION,PO_VALUE_CONTRADICTION,0.5,50749.0,R4_99_100,ood_test_r4,EXECUTE,EXECUTE,0.5256204062845464,0.5120475043992396,7.113140017598901e-06,0.00010194239551029911,0.4743724805754361,0.4878168827545135,1.8272573383977562e-18,3.367045073656265e-05,0.5120475043992396,0.5007442179902334
RCSE_000223530,4508050521_00010,ESCALATE,CONTROLLED_CONTRADICTION,PO_VALUE_CONTRADICTION,0.5,89373.0,R4_99_100,ood_test_r4,GATHER,GATHER,0.018063461912057214,0.015672499610845495,0.9537911222723015,0.6611252969800485,0.02814541581564142,0.3231798966518493,3.039645139411119e-48,2.2306757256573897e-05,0.6611252969800485,0.5078283415002478
RCSE_000226560,2000052714_00001,ESCALATE,CONTROLLED_CONTRADICTION,PO_VALUE_CONTRADICTION,0.5,69282.0,R4_99_100,ood_test_r4,ESCALATE,EXECUTE,0.34792484252854533,0.4748920780243674,0.023995689364596222,0.07265700485068134,0.6280794681068586,0.4524196898849374,5.972393896823127e-39,3.1227240013723764e-05,0.4748920780243674,0.6515948289798453
RCSE_000218925,4508066954_00010,ESCALATE,CONTROLLED_CONTRADICTION,PO_VALUE_CONTRADICTION,0.5,55886.0,R4_99_100,ood_test_r4,ESCALATE,ESCALATE,0.2533987537175046,0.12251429088620519,0.18420929940945818,0.2490221500635847,0.5623919468730373,0.6284201837764389,6.189991580182513e-31,4.3375273771232474e-05,0.6284201837764389,0.6461701575913442
RCSE_000226173,4508064359_00010,ESCALATE,CONTROLLED_CONTRADICTION,PO_VALUE_CONTRADICTION,0.5,63393.0,R4_99_100,ood_test_r4,EXECUTE,EXECUTE,0.5170339666963017,0.5120475043992396,2.6458724101946636e-05,0.00010194239551029911,0.48293957457959613,0.4878168827545135,2.383778900967403e-23,3.367045073656265e-05,0.5120475043992396,0.5007442179902334
RCSE_000222109,4508050043_00010,ESCALATE,CONTROLLED_CONTRADICTION,PO_VALUE_CONTRADICTION,0.5,365472.0,R4_99_100,ood_test_r4,GATHER,GATHER,8.076042167148594e-24,0.001436733436837446,1.0,0.998529738602025,1.395499424405145e-24,0.0,3.1347840454179496e-200,3.352796113766789e-05,0.998529738602025,0.008092504883414935
RCSE_000224189,4508047674_00010,ESCALATE,CONTROLLED_CONTRADICTION,PO_VALUE_CONTRADICTION,0.5,112453.0,R4_99_100,ood_test_r4,EXECUTE,EXECUTE,0.7550769736495889,0.5120475043992396,1.4741053699808333e-06,0.00010194239551029911,0.244921552245041,0.4878168827545135,2.0588647191649734e-35,3.367045073656265e-05,0.5120475043992396,0.5007442179902334
RCSE_000228551,4508064332_00010,ESCALATE,CONTROLLED_CONTRADICTION,PO_VALUE_CONTRADICTION,0.5,51615.0,R4_99_100,ood_test_r4,ESCALATE,EXECUTE,0.3160479832489693,0.4748920780243674,0.019761277090278632,0.07265700485068134,0.6641907396607519,0.4524196898849374,5.655728321413953e-29,3.1227240013723764e-05,0.4748920780243674,0.6515948289798453
RCSE_000228272,2000052937_00001,ESCALATE,CONTROLLED_CONTRADICTION,PO_VALUE_CONTRADICTION,0.5,385985.0,R4_99_100,ood_test_r4,GATHER,GATHER,2.6810780121160643e-25,0.001436733436837446,1.0,0.998529738602025,4.360535589096633e-26,0.0,1.707269820352544e-212,3.352796113766789e-05,0.998529738602025,0.008092504883414935
RCSE_000229406,4508063357_00010,ESCALATE,CONTROLLED_CONTRADICTION,PO_VALUE_CONTRADICTION,0.5,56700.0,R4_99_100,ood_test_r4,ESCALATE,EXECUTE,0.40174429501453696,0.5120475043992396,2.9619314141893396e-06,0.00010194239551029911,0.5982527430540489,0.4878168827545135,5.58639576849249e-20,3.367045073656265e-05,0.5120475043992396,0.5007442179902334
RCSE_000219850,4508059461_00010,ESCALATE,CONTROLLED_CONTRADICTION,PO_VALUE_CONTRADICTION,0.5,69688.0,R4_99_100,ood_test_r4,GATHER,ESCALATE,0.14249352649239677,0.024614724099847742,0.5460257970908143,0.46777428448735175,0.311480676416789,0.507575957136899,3.2953902264897763e-37,3.5034275901521095e-05,0.507575957136899,0.5706831481022571
RCSE_000223726,4508063730_00010,ESCALATE,CONTROLLED_CONTRADICTION,PO_VALUE_CONTRADICTION,0.5,57808.0,R4_99_100,ood_test_r4,ESCALATE,EXECUTE,0.41519541875059435,0.5120475043992396,8.327929886358127e-07,0.00010194239551029911,0.584803748456417,0.4878168827545135,1.328475142826536e-20,3.367045073656265e-05,0.5120475043992396,0.5007442179902334
RCSE_000228141,4508059391_00010,ESCALATE,CONTROLLED_CONTRADICTION,PO_VALUE_CONTRADICTION,0.5,57273.0,R4_99_100,ood_test_r4,ESCALATE,ESCALATE,0.24199717469502421,0.11641436326358776,0.23753753499508207,0.2864129760453133,0.5204652903098936,0.5971314450513483,2.1102544166015e-31,4.121563975056553e-05,0.5971314450513483,0.6613144926815214
RCSE_000231483,4508066446_00010,ESCALATE,CONTROLLED_CONTRADICTION,PO_VALUE_CONTRADICTION,0.5,60898.0,R4_99_100,ood_test_r4,ESCALATE,EXECUTE,0.29618456725423215,0.3532671186467085,0.31387560208836623,0.31015950138296733,0.3899398306574016,0.33655015036171737,1.2925586487379587e-33,2.322960860671875e-05,0.3532671186467085,0.791630578941228
RCSE_000224252,4508066255_00010,ESCALATE,CONTROLLED_CONTRADICTION,PO_VALUE_CONTRADICTION,0.5,53173.0,R4_99_100,ood_test_r4,ESCALATE,ESCALATE,0.24416555286393388,0.14381301025962126,0.024997066529423743,0.11846704203701519,0.7308373806066425,0.7376690317763581,1.6614988115196684e-29,5.091592700536547e-05,0.7376690317763581,0.5457276243897403
RCSE_000221677,4508067558_00010,ESCALATE,CONTROLLED_CONTRADICTION,PO_VALUE_CONTRADICTION,0.5,61938.0,R4_99_100,ood_test_r4,ESCALATE,ESCALATE,0.24091924111606605,0.09210767442969643,0.2978570417981781,0.4354060836045272,0.4612237170857559,0.47245363192848255,6.899200314587582e-34,3.261003729377567e-05,0.47245363192848255,0.6753817500612275
RCSE_000222703,4508068195_00020,ESCALATE,CONTROLLED_CONTRADICTION,PO_VALUE_CONTRADICTION,0.5,49903.0,R4_99_100,ood_test_r4,ESCALATE,EXECUTE,0.3471761552552421,0.5120475043992396,2.2301166560726406e-06,0.00010194239551029911,0.6528216146281017,0.4878168827545135,6.331443945833894e-18,3.367045073656265e-05,0.5120475043992396,0.5007442179902334
RCSE_000228409,4508071192_00020,ESCALATE,CONTROLLED_CONTRADICTION,PO_VALUE_CONTRADICTION,0.5,83414.0,R4_99_100,ood_test_r4,EXECUTE,EXECUTE,0.6469752848180205,0.5120475043992396,2.290274899616809e-05,0.00010194239551029911,0.35300181243298345,0.4878168827545135,9.421265349473198e-28,3.367045073656265e-05,0.5120475043992396,0.5007442179902334
RCSE_000229586,4508047699_00010,ESCALATE,CONTROLLED_CONTRADICTION,PO_VALUE_CONTRADICTION,0.5,112453.0,R4_99_100,ood_test_r4,GATHER,GATHER,0.0007490302435356925,0.0014367494348417906,0.9983046384767811,0.9938196238475974,0.0009463312796833354,0.004710098383089832,1.7946996985696106e-60,3.352833447099068e-05,0.9938196238475974,0.02968176992737504
RCSE_000230073,4508047705_00010,ESCALATE,CONTROLLED_CONTRADICTION,PO_VALUE_CONTRADICTION,0.5,112453.0,R4_99_100,ood_test_r4,EXECUTE,EXECUTE,0.7510827206861035,0.5120475043992396,8.753922138085492e-07,0.00010194239551029911,0.24891640392168274,0.4878168827545135,2.1271431861361076e-35,3.367045073656265e-05,0.5120475043992396,0.5007442179902334
RCSE_000224094,4508068523_00010,ESCALATE,CONTROLLED_CONTRADICTION,PO_VALUE_CONTRADICTION,0.5,50749.0,R4_99_100,ood_test_r4,EXECUTE,EXECUTE,0.5276617761911874,0.5120475043992396,5.7872480416549576e-06,0.00010194239551029911,0.472332436560771,0.4878168827545135,2.3806041661150236e-18,3.367045073656265e-05,0.5120475043992396,0.5007442179902334
RCSE_000228481,4508063982_00010,ESCALATE,CONTROLLED_CONTRADICTION,PO_VALUE_CONTRADICTION,0.5,133811.0,R4_99_100,ood_test_r4,GATHER,GATHER,3.9819337388901665e-06,0.001434793590798254,0.9999920388014664,0.9971815456047864,3.97926479464078e-06,0.0013501781119968526,4.9211197607077885e-73,3.348269241839992e-05,0.9971815456047864,0.015490245654545019
RCSE_000225479,4508072057_00030,ESCALATE,CONTROLLED_CONTRADICTION,PO_VALUE_CONTRADICTION,0.5,3772406.0,R4_99_100,ood_test_r4,EXECUTE,EXECUTE,1.0,0.9999342478255592,2.733046222494716e-20,0.0,4.383409085396908e-37,0.0,0.0,6.57521744407555e-05,0.9999342478255592,0.0005041629994060935
RCSE_000224291,4508066951_00010,ESCALATE,CONTROLLED_CONTRADICTION,PO_VALUE_CONTRADICTION,0.5,55886.0,R4_99_100,ood_test_r4,ESCALATE,EXECUTE,0.277319293458263,0.4550543465074578,0.10919777997368203,0.11139503021086652,0.6134829265680549,0.4335207005014161,4.096049143815472e-31,2.992278025944974e-05,0.4550543465074578,0.6963979222287732
RCSE_000227538,4508046485_00010,ESCALATE,CONTROLLED_CONTRADICTION,PO_VALUE_CONTRADICTION,0.5,103091.0,R4_99_100,ood_test_r4,GATHER,GATHER,0.003697728234793141,0.00126271212178402,0.9898901632144945,0.8733385459722813,0.006412108550712462,0.12536927494855624,1.6709772747380484e-55,2.9466957378278616e-05,0.8733385459722813,0.279407914658105
RCSE_000227178,2000052815_00001,ESCALATE,CONTROLLED_CONTRADICTION,PO_VALUE_CONTRADICTION,0.5,78994.0,R4_99_100,ood_test_r4,ESCALATE,EXECUTE,0.3560319450550001,0.4748920780243674,0.029170619321214685,0.07265700485068134,0.6147974356237853,0.4524196898849374,2.187515723215627e-43,3.1227240013723764e-05,0.4748920780243674,0.6515948289798453
RCSE_000227812,4508074115_00010,ESCALATE,CONTROLLED_CONTRADICTION,PO_VALUE_CONTRADICTION,0.5,77747.0,R4_99_100,ood_test_r4,GATHER,GATHER,0.033893520147346694,0.01575400423913034,0.8833926943963328,0.6593629835399087,0.08271378545632051,0.32486058945770624,5.513178292808152e-42,2.242276325456921e-05,0.6593629835399087,0.5089119437562742
RCSE_000223463,4508071108_00010,ESCALATE,CONTROLLED_CONTRADICTION,PO_VALUE_CONTRADICTION,0.5,50353.0,R4_99_100,ood_test_r4,ESCALATE,ESCALATE,0.2536646616385859,0.14381301025962126,0.018293582173804765,0.11846704203701519,0.7280417561876094,0.7376690317763581,4.542316632382932e-28,5.091592700536547e-05,0.7376690317763581,0.5457276243897403
RCSE_000225413,4508069708_00010,ESCALATE,CONTROLLED_CONTRADICTION,PO_VALUE_CONTRADICTION,0.5,55744.0,R4_99_100,ood_test_r4,ESCALATE,EXECUTE,0.2694898175475486,0.4748920780243674,0.014588864947620078,0.07265700485068134,0.7159213175048312,0.4524196898849374,7.211232239297204e-31,3.1227240013723764e-05,0.4748920780243674,0.6515948289798453
RCSE_000216801,4508069701_00010,ESCALATE,CONTROLLED_CONTRADICTION,PO_VALUE_CONTRADICTION,0.5,50749.0,R4_99_100,ood_test_r4,ESCALATE,EXECUTE,0.379312725753513,0.4748920780243674,0.034375252301402384,0.07265700485068134,0.5863120219450845,0.4524196898849374,2.814634369997321e-28,3.1227240013723764e-05,0.4748920780243674,0.6515948289798453
RCSE_000231174,4508062981_00010,ESCALATE,CONTROLLED_CONTRADICTION,PO_VALUE_CONTRADICTION,0.5,71356.0,R4_99_100,ood_test_r4,GATHER,GATHER,0.11206246926013876,0.01980361120210039,0.7019043540216765,0.5718013698216763,0.18603317671818478,0.4083668323844953,9.935544841124377e-39,2.81865917280434e-05,0.5718013698216763,0.5506103835689821
RCSE_000231145,4508059042_00050,ESCALATE,CONTROLLED_CONTRADICTION,PO_VALUE_CONTRADICTION,0.5,53786.0,R4_99_100,ood_test_r4,EXECUTE,EXECUTE,0.5957796526036764,0.5120997090703223,3.1936624652784895e-14,0.0,0.4042203473962917,0.48786661704614465,6.569657657677035e-18,3.3673883532916135e-05,0.5120997090703223,0.5000457857569834
RCSE_000230436,4508070109_00010,ESCALATE,CONTROLLED_CONTRADICTION,PO_VALUE_CONTRADICTION,0.5,133811.0,R4_99_100,ood_test_r4,GATHER,GATHER,3.5843182908396902e-06,0.001434793590798254,0.999992799348638,0.9971815456047864,3.6163330711241854e-06,0.0013501781119968526,1.0121977068632075e-72,3.348269241839992e-05,0.9971815456047864,0.015490245654545019
RCSE_000217215,4508046489_00010,ESCALATE,CONTROLLED_CONTRADICTION,PO_VALUE_CONTRADICTION,0.5,103091.0,R4_99_100,ood_test_r4,GATHER,GATHER,0.004510769616565901,0.001154187394208964,0.9876348041470523,0.7982788184640595,0.007854426236381728,0.2005400597438075,1.906141926695471e-55,2.6934397924089384e-05,0.7982788184640595,0.36800036450580237
RCSE_000073425,4507001945_00010,GATHER,CONTROLLED_MISSINGNESS,MISSING_GR,1.0,57014.0,R4_99_100,ood_test_r4,GATHER,GATHER,1.9281173428675179e-10,0.001434793590798254,0.9999999997259379,0.9971815456047864,8.125026466440473e-11,0.0013501781119968526,1.5033409123375578e-26,3.348269241839992e-05,0.9971815456047864,0.015490245654545019
RCSE_000071033,4507001306_00010,GATHER,CONTROLLED_MISSINGNESS,MISSING_GR,1.0,173205.0,R4_99_100,ood_test_r4,GATHER,GATHER,4.439712425555086e-25,0.001436733436837446,1.0,0.998529738602025,3.107984223172548e-26,0.0,4.4107857901120764e-116,3.352796113766789e-05,0.998529738602025,0.008092504883414935
RCSE_000069627,4507000985_00010,GATHER,CONTROLLED_MISSINGNESS,MISSING_GR,1.0,51511.0,R4_99_100,ood_test_r4,GATHER,GATHER,1.903157358195681e-09,0.001434793590798254,0.9999999969744859,0.9971815456047864,1.1223566342594552e-09,0.0013501781119968526,8.418571308768951e-23,3.348269241839992e-05,0.9971815456047864,0.015490245654545019
RCSE_000081163,2000000021_00001,GATHER,CONTROLLED_MISSINGNESS,MISSING_GR,1.0,277128.0,R4_99_100,ood_test_r4,GATHER,GATHER,3.817060640359727e-33,0.001436733436837446,1.0,0.998529738602025,3.4725489958755025e-35,0.0,1.4450480454453714e-134,3.352796113766789e-05,0.998529738602025,0.008092504883414935
RCSE_000068697,4507003965_00030,GATHER,CONTROLLED_MISSINGNESS,MISSING_GR,1.0,279927.0,R4_99_100,ood_test_r4,GATHER,GATHER,3.562995469245977e-34,0.001436733436837446,1.0,0.998529738602025,3.768746726303878e-36,0.0,1.7399750404569948e-147,3.352796113766789e-05,0.998529738602025,0.008092504883414935
RCSE_000078583,4507003965_00160,GATHER,CONTROLLED_MISSINGNESS,MISSING_GR,1.0,119824.0,R4_99_100,ood_test_r4,GATHER,GATHER,9.490493709542324e-17,0.001436733436837446,0.9999999999999998,0.998529738602025,1.8114288778793637e-17,0.0,4.041516688658542e-67,3.352796113766789e-05,0.998529738602025,0.008092504883414935
RCSE_000072849,4507003965_00050,GATHER,CONTROLLED_MISSINGNESS,MISSING_GR,1.0,87760.0,R4_99_100,ood_test_r4,GATHER,GATHER,1.1886601537644207e-13,0.001436733436837446,0.999999999999835,0.998529738602025,4.62021808676313e-14,0.0,2.2661610025950515e-54,3.352796113766789e-05,0.998529738602025,0.008092504883414935
RCSE_000081131,4507005728_00010,GATHER,CONTROLLED_MISSINGNESS,MISSING_GR,1.0,79096.0,R4_99_100,ood_test_r4,GATHER,GATHER,8.553009639881918e-12,0.001434793590798254,0.9999999999887823,0.9971815456047864,2.6646870125011825e-12,0.0013501781119968526,7.021519893162229e-36,3.348269241839992e-05,0.9971815456047864,0.015490245654545019
RCSE_000077774,4507003964_00010,GATHER,CONTROLLED_MISSINGNESS,MISSING_GR,1.0,1329794.0,R4_99_100,ood_test_r4,GATHER,GATHER,5.130373102771237e-146,0.001436733436837446,1.0,0.998529738602025,1.954939100882244e-156,0.0,0.0,3.352796113766789e-05,0.998529738602025,0.008092504883414935
RCSE_000075974,4507005068_00010,GATHER,CONTROLLED_MISSINGNESS,MISSING_GR,1.0,54391.0,R4_99_100,ood_test_r4,GATHER,GATHER,1.3480648455008256e-09,0.001434793590798254,0.9999999979407206,0.9971815456047864,7.112146052011136e-10,0.0013501781119968526,4.518576247076686e-24,3.348269241839992e-05,0.9971815456047864,0.015490245654545019
RCSE_000071946,2000000071_00001,GATHER,CONTROLLED_MISSINGNESS,MISSING_GR,1.0,207846.0,R4_99_100,ood_test_r4,GATHER,GATHER,9.758747097782485e-26,0.001436733436837446,1.0,0.998529738602025,4.1054107054928914e-27,0.0,4.118363697922147e-102,3.352796113766789e-05,0.998529738602025,0.008092504883414935
RCSE_000071036,4507001898_00010,GATHER,CONTROLLED_MISSINGNESS,MISSING_GR,1.0,51961.0,R4_99_100,ood_test_r4,GATHER,GATHER,1.1073580590712933e-09,0.001434793590798254,0.999999998452954,0.9971815456047864,4.3968793513021716e-10,0.0013501781119968526,1.8324627028735817e-34,3.348269241839992e-05,0.9971815456047864,0.015490245654545019
RCSE_000071778,4507005071_00010,GATHER,CONTROLLED_MISSINGNESS,MISSING_GR,1.0,54391.0,R4_99_100,ood_test_r4,GATHER,GATHER,1.7496411651629224e-09,0.001434793590798254,0.9999999973087099,0.9971815456047864,9.41648867814707e-10,0.0013501781119968526,3.8292588338000286e-24,3.348269241839992e-05,0.9971815456047864,0.015490245654545019
RCSE_000077356,4507004396_00020,GATHER,CONTROLLED_MISSINGNESS,MISSING_GR,1.0,103923.0,R4_99_100,ood_test_r4,GATHER,GATHER,3.6585428913708585e-30,0.001436733436837446,1.0,0.998529738602025,4.426319502391208e-29,0.0,5.0586437519480586e-191,3.352796113766789e-05,0.998529738602025,0.008092504883414935
RCSE_000074309,4507005634_00010,GATHER,CONTROLLED_MISSINGNESS,MISSING_GR,1.0,966241.0,R4_99_100,ood_test_r4,GATHER,GATHER,3.8687060136016424e-104,0.001436733436837446,1.0,0.998529738602025,4.812067100139108e-112,0.0,0.0,3.352796113766789e-05,0.998529738602025,0.008092504883414935
RCSE_000070204,4507007870_00010,GATHER,CONTROLLED_MISSINGNESS,MISSING_GR,1.0,57459.0,R4_99_100,ood_test_r4,GATHER,GATHER,2.5432912383800627e-10,0.001434793590798254,0.9999999996406483,0.9971815456047864,1.0502259678536903e-10,0.0013501781119968526,2.626733715026e-26,3.348269241839992e-05,0.9971815456047864,0.015490245654545019
RCSE_000076855,4507005916_00010,GATHER,CONTROLLED_MISSINGNESS,MISSING_GR,1.0,56513.0,R4_99_100,ood_test_r4,GATHER,GATHER,8.913337832935493e-10,0.001434793590798254,0.9999999986508352,0.9971815456047864,4.5783100108067106e-10,0.0013501781119968526,2.2408489700278225e-25,3.348269241839992e-05,0.9971815456047864,0.015490245654545019
RCSE_000074611,4507005431_00010,GATHER,CONTROLLED_MISSINGNESS,MISSING_GR,1.0,59062.0,R4_99_100,ood_test_r4,GATHER,GATHER,1.7299144678701056e-10,0.001434793590798254,0.9999999997373603,0.9971815456047864,8.964829962967593e-11,0.0013501781119968526,1.21933155759532e-26,3.348269241839992e-05,0.9971815456047864,0.015490245654545019
RCSE_000076239,4507008600_00010,GATHER,CONTROLLED_MISSINGNESS,MISSING_GR,1.0,53503.0,R4_99_100,ood_test_r4,GATHER,GATHER,1.972004654751628e-09,0.001434793590798254,0.9999999969551243,0.9971815456047864,1.07287092529371e-09,0.0013501781119968526,8.774718779742777e-24,3.348269241839992e-05,0.9971815456047864,0.015490245654545019
RCSE_000074467,4507010149_00010,GATHER,CONTROLLED_MISSINGNESS,MISSING_GR,1.0,53541.0,R4_99_100,ood_test_r4,GATHER,GATHER,1.486761089802841e-09,0.001434793590798254,0.9999999977095093,0.9971815456047864,8.037295038739003e-10,0.0013501781119968526,7.370191723109526e-24,3.348269241839992e-05,0.9971815456047864,0.015490245654545019
RCSE_000067257,4507004702_00010,GATHER,CONTROLLED_MISSINGNESS,MISSING_GR,1.0,52598.0,R4_99_100,ood_test_r4,GATHER,GATHER,1.2512919015886005e-09,0.001434793590798254,0.9999999981766923,0.9971815456047864,5.720159056818217e-10,0.0013501781119968526,3.099555651352864e-24,3.348269241839992e-05,0.9971815456047864,0.015490245654545019
RCSE_000076167,4507011244_00010,GATHER,CONTROLLED_MISSINGNESS,MISSING_GR,1.0,54143.0,R4_99_100,ood_test_r4,GATHER,GATHER,1.3279207802283224e-09,0.001434793590798254,0.9999999979674523,0.9971815456047864,7.046268073162564e-10,0.0013501781119968526,6.128660648302291e-24,3.348269241839992e-05,0.9971815456047864,0.015490245654545019
RCSE_000071914,4507010847_00010,GATHER,CONTROLLED_MISSINGNESS,MISSING_GR,1.0,57452.0,R4_99_100,ood_test_r4,GATHER,GATHER,2.059282921133633e-10,0.001434793590798254,0.9999999996835252,0.9971815456047864,1.1054659233508382e-10,0.0013501781119968526,6.67490346408698e-26,3.348269241839992e-05,0.9971815456047864,0.015490245654545019
RCSE_000067732,4507013043_00020,GATHER,CONTROLLED_MISSINGNESS,MISSING_GR,1.0,56464.0,R4_99_100,ood_test_r4,GATHER,GATHER,5.064600729453081e-10,0.001434793590798254,0.9999999993320872,0.9971815456047864,1.6145267603208488e-10,0.0013501781119968526,1.8374693508060348e-25,3.348269241839992e-05,0.9971815456047864,0.015490245654545019
RCSE_000071577,4507007881_00010,GATHER,CONTROLLED_MISSINGNESS,MISSING_GR,1.0,601021.0,R4_99_100,ood_test_r4,GATHER,GATHER,6.78482949165031e-67,0.001436733436837446,1.0,0.998529738602025,6.285587517167488e-72,0.0,8.11376756875722e-284,3.352796113766789e-05,0.998529738602025,0.008092504883414935
RCSE_000068305,4507007996_00010,GATHER,CONTROLLED_MISSINGNESS,MISSING_GR,1.0,72292.0,R4_99_100,ood_test_r4,GATHER,GATHER,8.608941526886342e-12,0.001434793590798254,0.999999999987859,0.9971815456047864,3.5319253634778127e-12,0.0013501781119968526,1.9733746578997794e-32,3.348269241839992e-05,0.9971815456047864,0.015490245654545019
RCSE_000080730,4507011439_00010,GATHER,CONTROLLED_MISSINGNESS,MISSING_GR,1.0,89373.0,R4_99_100,ood_test_r4,GATHER,GATHER,1.8648079776134527e-13,0.001436733436837446,0.9999999999997757,0.998529738602025,3.7830199219840183e-14,0.0,1.2803911828188453e-40,3.352796113766789e-05,0.998529738602025,0.008092504883414935
RCSE_000078498,4507015317_00010,GATHER,CONTROLLED_MISSINGNESS,MISSING_GR,1.0,59741.0,R4_99_100,ood_test_r4,GATHER,GATHER,1.1820854878949208e-10,0.001434793590798254,0.9999999998424878,0.9971815456047864,3.930362748883113e-11,0.0013501781119968526,1.795744249848322e-27,3.348269241839992e-05,0.9971815456047864,0.015490245654545019
RCSE_000068923,4507007023_00010,GATHER,CONTROLLED_MISSINGNESS,MISSING_GR,1.0,85464.0,R4_99_100,ood_test_r4,GATHER,GATHER,5.325731722453285e-13,0.001436733436837446,0.9999999999993459,0.998529738602025,1.2166479118393344e-13,0.0,2.387299060419697e-38,3.352796113766789e-05,0.998529738602025,0.008092504883414935
RCSE_000078671,2000000220_00001,GATHER,CONTROLLED_MISSINGNESS,MISSING_GR,1.0,69903.0,R4_99_100,ood_test_r4,GATHER,GATHER,1.185594821400113e-10,0.001434793590798254,0.9999999998299216,0.9971815456047864,5.1518806537323894e-11,0.0013501781119968526,5.932441616373114e-34,3.348269241839992e-05,0.9971815456047864,0.015490245654545019
RCSE_000078711,4507015607_00010,GATHER,CONTROLLED_MISSINGNESS,MISSING_GR,1.0,56909.0,R4_99_100,ood_test_r4,GATHER,GATHER,2.5327965591024427e-10,0.001434793590798254,0.999999999640454,0.9971815456047864,1.0626632501285121e-10,0.0013501781119968526,2.8105514356682947e-26,3.348269241839992e-05,0.9971815456047864,0.015490245654545019
RCSE_000080537,4507013710_00010,GATHER,CONTROLLED_MISSINGNESS,MISSING_GR,1.0,59908.0,R4_99_100,ood_test_r4,GATHER,GATHER,5.302310276455356e-10,0.001434793590798254,0.9999999992111539,0.9971815456047864,2.586151266474851e-10,0.0013501781119968526,1.4676840849185906e-26,3.348269241839992e-05,0.9971815456047864,0.015490245654545019
RCSE_000071133,4507010239_00010,GATHER,CONTROLLED_MISSINGNESS,MISSING_GR,1.0,148090.0,R4_99_100,ood_test_r4,GATHER,GATHER,1.6223026103962605e-19,0.001436733436837446,1.0,0.998529738602025,9.798753050082642e-21,0.0,1.0243419782713288e-67,3.352796113766789e-05,0.998529738602025,0.008092504883414935
RCSE_000067628,2000000120_00001,GATHER,CONTROLLED_MISSINGNESS,MISSING_GR,1.0,54319.0,R4_99_100,ood_test_r4,GATHER,GATHER,2.9991728349611745e-08,0.001434793590798254,0.999999955783867,0.9971815456047864,1.4224404719067174e-08,0.0013501781119968526,9.614986791957846e-25,3.348269241839992e-05,0.9971815456047864,0.015490245654545019
RCSE_000069489,2000000122_00001,GATHER,CONTROLLED_MISSINGNESS,MISSING_GR,1.0,52537.0,R4_99_100,ood_test_r4,GATHER,GATHER,2.9493391613749195e-08,0.001434793590798254,0.9999999542381642,0.9971815456047864,1.6268444227149818e-08,0.0013501781119968526,5.0808933105954935e-26,3.348269241839992e-05,0.9971815456047864,0.015490245654545019
RCSE_000076755,4507017963_00010,GATHER,CONTROLLED_MISSINGNESS,MISSING_GR,1.0,56752.0,R4_99_100,ood_test_r4,GATHER,GATHER,4.028900295787582e-10,0.001434793590798254,0.9999999994280324,0.9971815456047864,1.690775359629551e-10,0.0013501781119968526,1.0507228352198305e-25,3.348269241839992e-05,0.9971815456047864,0.015490245654545019
RCSE_000067614,4507021700_00010,GATHER,CONTROLLED_MISSINGNESS,MISSING_GR,1.0,121243.0,R4_99_100,ood_test_r4,GATHER,GATHER,1.0481339195137544e-15,0.001436733436837446,0.9999999999999989,0.998529738602025,1.2672559606440156e-16,0.0,2.257777493966042e-59,3.352796113766789e-05,0.998529738602025,0.008092504883414935
RCSE_000069228,4507019866_00020,GATHER,CONTROLLED_MISSINGNESS,MISSING_GR,1.0,59055.0,R4_99_100,ood_test_r4,GATHER,GATHER,2.6107255806957576e-10,0.001434793590798254,0.9999999996640476,0.9971815456047864,7.48797981774221e-11,0.0013501781119968526,9.826659646135851e-27,3.348269241839992e-05,0.9971815456047864,0.015490245654545019
RCSE_000068966,4507009516_00010,GATHER,CONTROLLED_MISSINGNESS,MISSING_GR,1.0,50658.0,R4_99_100,ood_test_r4,GATHER,GATHER,4.205063261443043e-09,0.001434793590798254,0.9999999932386068,0.9971815456047864,2.556329907706265e-09,0.0013501781119968526,1.6621356629300516e-22,3.348269241839992e-05,0.9971815456047864,0.015490245654545019
RCSE_000068658,4507023892_00010,GATHER,CONTROLLED_MISSINGNESS,MISSING_GR,1.0,50086.0,R4_99_100,ood_test_r4,GATHER,GATHER,3.253026436028852e-09,0.001434793590798254,0.9999999948779157,0.9971815456047864,1.8690578824364558e-09,0.0013501781119968526,4.023376458210856e-22,3.348269241839992e-05,0.9971815456047864,0.015490245654545019
RCSE_000072661,4507017344_00020,GATHER,CONTROLLED_MISSINGNESS,MISSING_GR,1.0,89114.0,R4_99_100,ood_test_r4,GATHER,GATHER,1.4642413379267862e-13,0.001436733436837446,0.9999999999998261,0.998529738602025,2.7330098629102306e-14,0.0,1.4245246015916313e-40,3.352796113766789e-05,0.998529738602025,0.008092504883414935
RCSE_000078863,4507021769_00010,GATHER,CONTROLLED_MISSINGNESS,MISSING_GR,1.0,147934.0,R4_99_100,ood_test_r4,GATHER,GATHER,1.4892209700552614e-19,0.001436733436837446,1.0,0.998529738602025,8.012067440449836e-21,0.0,5.267229491350175e-67,3.352796113766789e-05,0.998529738602025,0.008092504883414935
RCSE_000080555,4507008905_00140,GATHER,CONTROLLED_MISSINGNESS,MISSING_GR,1.0,55098.0,R4_99_100,ood_test_r4,GATHER,GATHER,1.8659175943059007e-10,0.001434793590798254,0.999999999739621,0.9971815456047864,7.378724065763227e-11,0.0013501781119968526,2.732308355027741e-26,3.348269241839992e-05,0.9971815456047864,0.015490245654545019
RCSE_000075056,4507010591_00010,GATHER,CONTROLLED_MISSINGNESS,MISSING_GR,1.0,111637.0,R4_99_100,ood_test_r4,GATHER,GATHER,2.1480914003610537e-15,0.001436733436837446,0.9999999999999976,0.998529738602025,2.8529949199616984e-16,0.0,1.856557382200741e-50,3.352796113766789e-05,0.998529738602025,0.008092504883414935
RCSE_000079744,4507021427_00010,GATHER,CONTROLLED_MISSINGNESS,MISSING_GR,1.0,57729.0,R4_99_100,ood_test_r4,GATHER,GATHER,1.0791198107592568e-09,0.001434793590798254,0.9999999983576786,0.9971815456047864,5.632015259151677e-10,0.0013501781119968526,3.4950682584144106e-26,3.348269241839992e-05,0.9971815456047864,0.015490245654545019
RCSE_000078277,4507016830_00010,GATHER,CONTROLLED_MISSINGNESS,MISSING_GR,1.0,49384.0,R4_99_100,ood_test_r4,GATHER,GATHER,9.027157584257328e-09,0.001434793590798254,0.9999999852825372,0.9971815456047864,5.69030511761775e-09,0.0013501781119968526,1.2775912300933096e-21,3.348269241839992e-05,0.9971815456047864,0.015490245654545019
RCSE_000072237,4507008905_00130,GATHER,CONTROLLED_MISSINGNESS,MISSING_GR,1.0,98618.0,R4_99_100,ood_test_r4,GATHER,GATHER,2.627378294460584e-14,0.001436733436837446,0.9999999999999685,0.998529738602025,5.343493527831647e-15,0.0,1.765524665100072e-43,3.352796113766789e-05,0.998529738602025,0.008092504883414935
RCSE_000067412,4507022350_00010,GATHER,CONTROLLED_MISSINGNESS,MISSING_GR,1.0,55780.0,R4_99_100,ood_test_r4,GATHER,GATHER,1.2490561264569056e-09,0.001434793590798254,0.9999999981001895,0.9971815456047864,6.50754418837492e-10,0.0013501781119968526,8.461530719012932e-25,3.348269241839992e-05,0.9971815456047864,0.015490245654545019
RCSE_000070501,4507004491_00010,GATHER,CONTROLLED_MISSINGNESS,MISSING_GR,1.0,127742.0,R4_99_100,ood_test_r4,GATHER,GATHER,1.2966397783700014e-16,0.001436733436837446,0.9999999999999998,0.998529738602025,1.3251379420494019e-17,0.0,1.7304218929805153e-57,3.352796113766789e-05,0.998529738602025,0.008092504883414935
RCSE_000069484,4507010594_00010,GATHER,CONTROLLED_MISSINGNESS,MISSING_GR,1.0,111637.0,R4_99_100,ood_test_r4,GATHER,GATHER,3.132628992226429e-15,0.001436733436837446,0.9999999999999964,0.998529738602025,4.158923364708831e-16,0.0,2.0476669445334693e-50,3.352796113766789e-05,0.998529738602025,0.008092504883414935
RCSE_000067501,4507005387_00010,GATHER,CONTROLLED_MISSINGNESS,MISSING_GR,1.0,111637.0,R4_99_100,ood_test_r4,GATHER,GATHER,5.377669351617556e-15,0.001436733436837446,0.9999999999999938,0.998529738602025,7.306869407840347e-16,0.0,3.7061153056505852e-50,3.352796113766789e-05,0.998529738602025,0.008092504883414935
RCSE_000068707,4507010603_00010,GATHER,CONTROLLED_MISSINGNESS,MISSING_GR,1.0,111637.0,R4_99_100,ood_test_r4,GATHER,GATHER,3.3531701181859516e-15,0.001436733436837446,0.9999999999999962,0.998529738602025,4.493999783190869e-16,0.0,2.4987450044631844e-50,3.352796113766789e-05,0.998529738602025,0.008092504883414935
RCSE_000074924,4507017977_00010,GATHER,CONTROLLED_MISSINGNESS,MISSING_GR,1.0,127742.0,R4_99_100,ood_test_r4,GATHER,GATHER,4.7325261068329105e-17,0.001436733436837446,1.0,0.998529738602025,4.646966940126979e-18,0.0,1.0755627841293872e-57,3.352796113766789e-05,0.998529738602025,0.008092504883414935
RCSE_000066807,2000013536_00001,GATHER,CONTROLLED_MISSINGNESS,MISSING_GR,1.0,113023.0,R4_99_100,ood_test_r4,GATHER,GATHER,1.2863458547410257e-14,0.001436733436837446,0.9999999999999856,0.998529738602025,1.5536303627339222e-15,0.0,2.0086199845531413e-51,3.352796113766789e-05,0.998529738602025,0.008092504883414935
RCSE_000079702,4507026345_00010,GATHER,CONTROLLED_MISSINGNESS,MISSING_GR,1.0,54317.0,R4_99_100,ood_test_r4,GATHER,GATHER,5.314151270583506e-10,0.001434793590798254,0.9999999991816451,0.9971815456047864,2.869399164277389e-10,0.0013501781119968526,1.8576225380852253e-24,3.348269241839992e-05,0.9971815456047864,0.015490245654545019
RCSE_000069978,4507030425_00010,GATHER,CONTROLLED_MISSINGNESS,MISSING_GR,1.0,55063.0,R4_99_100,ood_test_r4,GATHER,GATHER,3.5224869152372454e-10,0.001434793590798254,0.9999999994961901,0.9971815456047864,1.5156125188061847e-10,0.0013501781119968526,2.7039656003616765e-25,3.348269241839992e-05,0.9971815456047864,0.015490245654545019
RCSE_000073865,4507008905_00090,GATHER,CONTROLLED_MISSINGNESS,MISSING_GR,1.0,74681.0,R4_99_100,ood_test_r4,GATHER,GATHER,6.0862372943729296e-12,0.001434793590798254,0.9999999999925187,0.9971815456047864,1.395177748677608e-12,0.0013501781119968526,1.684873203466572e-33,3.348269241839992e-05,0.9971815456047864,0.015490245654545019
RCSE_000073838,2000013574_00001,GATHER,CONTROLLED_MISSINGNESS,MISSING_GR,1.0,55578.0,R4_99_100,ood_test_r4,GATHER,GATHER,1.1705795317287365e-08,0.001434793590798254,0.9999999840123026,0.9971815456047864,4.2819020649697275e-09,0.0013501781119968526,2.0305976247825128e-25,3.348269241839992e-05,0.9971815456047864,0.015490245654545019
RCSE_000075246,2000013448_00001,GATHER,CONTROLLED_MISSINGNESS,MISSING_GR,1.0,207846.0,R4_99_100,ood_test_r4,GATHER,GATHER,3.905202014925959e-25,0.001436733436837446,1.0,0.998529738602025,1.1612241682397715e-26,0.0,3.877591031462934e-102,3.352796113766789e-05,0.998529738602025,0.008092504883414935
RCSE_000069700,4507013907_00060,GATHER,CONTROLLED_MISSINGNESS,MISSING_GR,1.0,51085.0,R4_99_100,ood_test_r4,GATHER,GATHER,8.301949650152042e-10,0.001434793590798254,0.9999999988152863,0.9971815456047864,3.5451871207983385e-10,0.0013501781119968526,1.6092453102646858e-22,3.348269241839992e-05,0.9971815456047864,0.015490245654545019
RCSE_000068767,4507020422_00010,GATHER,CONTROLLED_MISSINGNESS,MISSING_GR,1.0,54939.0,R4_99_100,ood_test_r4,GATHER,GATHER,5.290028803916904e-09,0.001434793590798254,0.9999999919636345,0.9971815456047864,2.746336652823639e-09,0.0013501781119968526,4.854251518749015e-24,3.348269241839992e-05,0.9971815456047864,0.015490245654545019
RCSE_000074275,4507017987_00020,GATHER,CONTROLLED_MISSINGNESS,MISSING_GR,1.0,127742.0,R4_99_100,ood_test_r4,GATHER,GATHER,6.725833707588645e-17,0.001436733436837446,1.0,0.998529738602025,6.72955540578333e-18,0.0,9.616113402805052e-58,3.352796113766789e-05,0.998529738602025,0.008092504883414935
RCSE_000072811,4507028733_00010,GATHER,CONTROLLED_MISSINGNESS,MISSING_GR,1.0,56752.0,R4_99_100,ood_test_r4,GATHER,GATHER,4.345682512586554e-10,0.001434793590798254,0.9999999993815731,0.9971815456047864,1.8385853075770883e-10,0.0013501781119968526,7.093527110501021e-26,3.348269241839992e-05,0.9971815456047864,0.015490245654545019
RCSE_000076765,4507016709_00010,GATHER,CONTROLLED_MISSINGNESS,MISSING_GR,1.0,218986.0,R4_99_100,ood_test_r4,GATHER,GATHER,7.59485692356076e-26,0.001436733436837446,1.0,0.998529738602025,1.4271526462968036e-27,0.0,6.4657343766278375e-99,3.352796113766789e-05,0.998529738602025,0.008092504883414935
RCSE_000069368,4507020093_00030,GATHER,CONTROLLED_MISSINGNESS,MISSING_GR,1.0,54746.0,R4_99_100,ood_test_r4,GATHER,GATHER,1.7231973827992862e-09,0.001434793590798254,0.9999999973839089,0.9971815456047864,8.928936718759386e-10,0.0013501781119968526,2.302443770215308e-24,3.348269241839992e-05,0.9971815456047864,0.015490245654545019
RCSE_000070319,4507011402_00010,GATHER,CONTROLLED_MISSINGNESS,MISSING_GR,1.0,72962.0,R4_99_100,ood_test_r4,GATHER,GATHER,2.5812347944338966e-11,0.001434793590798254,0.9999999999672367,0.9971815456047864,6.9509127448128e-12,0.0013501781119968526,6.764254423226698e-33,3.348269241839992e-05,0.9971815456047864,0.015490245654545019
RCSE_000069450,4507034797_00010,GATHER,CONTROLLED_MISSINGNESS,MISSING_GR,1.0,197081.0,R4_99_100,ood_test_r4,GATHER,GATHER,1.0011472584323951e-27,0.001436733436837446,1.0,0.998529738602025,7.879779754859632e-28,0.0,3.115434534433197e-121,3.352796113766789e-05,0.998529738602025,0.008092504883414935
RCSE_000067891,4507035361_00010,GATHER,CONTROLLED_MISSINGNESS,MISSING_GR,1.0,49389.0,R4_99_100,ood_test_r4,GATHER,GATHER,4.092964138635959e-09,0.001434793590798254,0.9999999935187978,0.9971815456047864,2.388237991360789e-09,0.0013501781119968526,8.796266765565576e-22,3.348269241839992e-05,0.9971815456047864,0.015490245654545019
RCSE_000073286,4507033362_00010,GATHER,CONTROLLED_MISSINGNESS,MISSING_GR,1.0,49252.0,R4_99_100,ood_test_r4,GATHER,GATHER,4.845934919360848e-09,0.001434793590798254,0.9999999923145023,0.9971815456047864,2.8395628119027536e-09,0.0013501781119968526,1.086350726999906e-21,3.348269241839992e-05,0.9971815456047864,0.015490245654545019
RCSE_000067562,4507034576_00010,GATHER,CONTROLLED_MISSINGNESS,MISSING_GR,1.0,62491.0,R4_99_100,ood_test_r4,GATHER,GATHER,6.172754664570589e-11,0.001434793590798254,0.9999999999190621,0.9971815456047864,1.9210344849644766e-11,0.0013501781119968526,1.4088128317203204e-28,3.348269241839992e-05,0.9971815456047864,0.015490245654545019
RCSE_000066814,4507033723_00010,GATHER,CONTROLLED_MISSINGNESS,MISSING_GR,1.0,51615.0,R4_99_100,ood_test_r4,GATHER,GATHER,1.3545981386715914e-09,0.001434793590798254,0.9999999980799319,0.9971815456047864,5.654699085287128e-10,0.0013501781119968526,2.37658443394109e-23,3.348269241839992e-05,0.9971815456047864,0.015490245654545019
RCSE_000081565,4507032384_00010,GATHER,CONTROLLED_MISSINGNESS,MISSING_GR,1.0,54889.0,R4_99_100,ood_test_r4,GATHER,GATHER,5.089295840055952e-10,0.001434793590798254,0.9999999992719364,0.9971815456047864,2.1913405332770138e-10,0.0013501781119968526,3.37682866513809e-25,3.348269241839992e-05,0.9971815456047864,0.015490245654545019
RCSE_000074293,4507031418_00010,GATHER,CONTROLLED_MISSINGNESS,MISSING_GR,1.0,49907.0,R4_99_100,ood_test_r4,GATHER,GATHER,3.1686866322370746e-09,0.001434793590798254,0.9999999955450454,0.9971815456047864,1.2862679849995463e-09,0.0013501781119968526,1.7994994174919434e-23,3.348269241839992e-05,0.9971815456047864,0.015490245654545019
RCSE_000069920,2000013552_00001,GATHER,CONTROLLED_MISSINGNESS,MISSING_GR,1.0,428204.0,R4_99_100,ood_test_r4,GATHER,GATHER,4.336310241836877e-47,0.001436733436837446,1.0,0.998529738602025,1.0468919713110013e-50,0.0,1.2042617791366653e-198,3.352796113766789e-05,0.998529738602025,0.008092504883414935
RCSE_000071355,4507030793_00010,GATHER,CONTROLLED_MISSINGNESS,MISSING_GR,1.0,49690.0,R4_99_100,ood_test_r4,GATHER,GATHER,3.956922132815867e-09,0.001434793590798254,0.9999999934793689,0.9971815456047864,2.563708960651981e-09,0.0013501781119968526,1.5582308377049696e-21,3.348269241839992e-05,0.9971815456047864,0.015490245654545019
RCSE_000068741,4507023209_00010,GATHER,CONTROLLED_MISSINGNESS,MISSING_GR,1.0,127742.0,R4_99_100,ood_test_r4,GATHER,GATHER,3.601726135646181e-17,0.001436733436837446,1.0,0.998529738602025,3.68885852641328e-18,0.0,1.3822522570492805e-57,3.352796113766789e-05,0.998529738602025,0.008092504883414935
RCSE_000081379,4507032353_00020,GATHER,CONTROLLED_MISSINGNESS,MISSING_GR,1.0,58815.0,R4_99_100,ood_test_r4,GATHER,GATHER,1.212090736390826e-10,0.001434793590798254,0.9999999998372064,0.9971815456047864,4.158447897149839e-11,0.0013501781119968526,4.56965722252695e-28,3.348269241839992e-05,0.9971815456047864,0.015490245654545019
RCSE_000067632,4507012170_00010,GATHER,CONTROLLED_MISSINGNESS,MISSING_GR,1.0,101595.0,R4_99_100,ood_test_r4,GATHER,GATHER,5.685933180935918e-14,0.001436733436837446,0.9999999999999314,0.998529738602025,1.1796210899633552e-14,0.0,1.4566188903631647e-45,3.352796113766789e-05,0.998529738602025,0.008092504883414935
RCSE_000076178,4507036149_00010,GATHER,CONTROLLED_MISSINGNESS,MISSING_GR,1.0,66683.0,R4_99_100,ood_test_r4,GATHER,GATHER,1.5253065955387677e-10,0.001434793590798254,0.9999999997994906,0.9971815456047864,4.79788195686655e-11,0.0013501781119968526,2.5941053979406367e-29,3.348269241839992e-05,0.9971815456047864,0.015490245654545019
RCSE_000075468,4507036156_00010,GATHER,CONTROLLED_MISSINGNESS,MISSING_GR,1.0,55131.0,R4_99_100,ood_test_r4,GATHER,GATHER,4.010877480409818e-10,0.001434793590798254,0.9999999994249307,0.9971815456047864,1.7398166183607283e-10,0.0013501781119968526,1.7775305752061888e-25,3.348269241839992e-05,0.9971815456047864,0.015490245654545019
RCSE_000075843,4507026762_00010,GATHER,CONTROLLED_MISSINGNESS,MISSING_GR,1.0,55827.0,R4_99_100,ood_test_r4,GATHER,GATHER,1.5481267481060162e-09,0.001434793590798254,0.9999999976120117,0.9971815456047864,8.398613950500897e-10,0.0013501781119968526,1.101189552347355e-25,3.348269241839992e-05,0.9971815456047864,0.015490245654545019
RCSE_000080672,4507024725_00010,GATHER,CONTROLLED_MISSINGNESS,MISSING_GR,1.0,70494.0,R4_99_100,ood_test_r4,GATHER,GATHER,3.830700021755646e-10,0.001434793590798254,0.9999999994747708,0.9971815456047864,1.4215914500028834e-10,0.0013501781119968526,1.5523513140252011e-30,3.348269241839992e-05,0.9971815456047864,0.015490245654545019
RCSE_000081605,4507023940_00010,GATHER,CONTROLLED_MISSINGNESS,MISSING_GR,1.0,49384.0,R4_99_100,ood_test_r4,GATHER,GATHER,3.927299057694097e-08,0.001434793590798254,0.9999999386307312,0.9971815456047864,2.209627829001131e-08,0.0013501781119968526,1.85857953517864e-21,3.348269241839992e-05,0.9971815456047864,0.015490245654545019
RCSE_000068299,4507023681_00010,GATHER,CONTROLLED_MISSINGNESS,MISSING_GR,1.0,49384.0,R4_99_100,ood_test_r4,GATHER,GATHER,3.4875925839839374e-08,0.001434793590798254,0.9999999452015659,0.9971815456047864,1.9922508193548585e-08,0.0013501781119968526,7.691236601778445e-22,3.348269241839992e-05,0.9971815456047864,0.015490245654545019
RCSE_000073370,4507028945_00010,GATHER,CONTROLLED_MISSINGNESS,MISSING_GR,1.0,54871.0,R4_99_100,ood_test_r4,GATHER,GATHER,2.435672764753895e-09,0.001434793590798254,0.9999999962753385,0.9971815456047864,1.288988711425377e-09,0.0013501781119968526,2.2771585241463923e-24,3.348269241839992e-05,0.9971815456047864,0.015490245654545019
RCSE_000079422,4507014508_00010,GATHER,CONTROLLED_MISSINGNESS,MISSING_GR,1.0,112178.0,R4_99_100,ood_test_r4,GATHER,GATHER,4.892956063641965e-15,0.001436733436837446,0.9999999999999944,0.998529738602025,6.558812347519397e-16,0.0,2.0059429751904406e-50,3.352796113766789e-05,0.998529738602025,0.008092504883414935
RCSE_000068945,4507026270_00010,GATHER,CONTROLLED_MISSINGNESS,MISSING_GR,1.0,70494.0,R4_99_100,ood_test_r4,GATHER,GATHER,1.4089720992903295e-10,0.001434793590798254,0.9999999998052687,0.9971815456047864,5.3834154610215846e-11,0.0013501781119968526,5.913678084431005e-31,3.348269241839992e-05,0.9971815456047864,0.015490245654545019
RCSE_000074195,4507027562_00010,GATHER,CONTROLLED_MISSINGNESS,MISSING_GR,1.0,62395.0,R4_99_100,ood_test_r4,GATHER,GATHER,1.2457624482180226e-09,0.001434793590798254,0.9999999983361929,0.9971815456047864,4.1804461214459e-10,0.0013501781119968526,1.2706433816872167e-27,3.348269241839992e-05,0.9971815456047864,0.015490245654545019
RCSE_000077470,4507035763_00010,GATHER,CONTROLLED_MISSINGNESS,MISSING_GR,1.0,58799.0,R4_99_100,ood_test_r4,GATHER,GATHER,2.5010700843981613e-10,0.001434793590798254,0.9999999996597193,0.9971815456047864,9.017372623334173e-11,0.0013501781119968526,1.3863459385932528e-26,3.348269241839992e-05,0.9971815456047864,0.015490245654545019
RCSE_000069691,4507039093_00010,GATHER,CONTROLLED_MISSINGNESS,MISSING_GR,1.0,54441.0,R4_99_100,ood_test_r4,GATHER,GATHER,5.17437014131377e-10,0.001434793590798254,0.9999999992580864,0.9971815456047864,2.244765352416936e-10,0.0013501781119968526,5.140373694742532e-25,3.348269241839992e-05,0.9971815456047864,0.015490245654545019
RCSE_000081663,4507029314_00010,GATHER,CONTROLLED_MISSINGNESS,MISSING_GR,1.0,132304.0,R4_99_100,ood_test_r4,GATHER,GATHER,1.4952627041213236e-17,0.001436733436837446,1.0,0.998529738602025,1.4173830419786723e-18,0.0,1.3774615712606028e-60,3.352796113766789e-05,0.998529738602025,0.008092504883414935
RCSE_000081135,4507009139_00010,GATHER,CONTROLLED_MISSINGNESS,MISSING_GR,1.0,342037.0,R4_99_100,ood_test_r4,GATHER,GATHER,6.000151664081072e-39,0.001436733436837446,1.0,0.998529738602025,1.1756286507388528e-41,0.0,3.843801106523906e-154,3.352796113766789e-05,0.998529738602025,0.008092504883414935
RCSE_000078363,4507029977_00010,GATHER,CONTROLLED_MISSINGNESS,MISSING_GR,1.0,76088.0,R4_99_100,ood_test_r4,GATHER,GATHER,2.8386648609951515e-11,0.001434793590798254,0.9999999999559475,0.9971815456047864,1.56659580671772e-11,0.0013501781119968526,5.701504039426936e-34,3.348269241839992e-05,0.9971815456047864,0.015490245654545019
RCSE_000080289,4507040204_00010,GATHER,CONTROLLED_MISSINGNESS,MISSING_GR,1.0,54133.0,R4_99_100,ood_test_r4,GATHER,GATHER,6.430086257024328e-10,0.001434793590798254,0.999999999076784,0.9971815456047864,2.802073780667328e-10,0.0013501781119968526,1.267135383499881e-24,3.348269241839992e-05,0.9971815456047864,0.015490245654545019
RCSE_000069968,4508042823_00010,GATHER,CONTROLLED_MISSINGNESS,MISSING_GR,1.0,54433.0,R4_99_100,ood_test_r4,GATHER,GATHER,4.4180112705392023e-10,0.001434793590798254,0.9999999993661277,0.9971815456047864,1.92071129866326e-10,0.0013501781119968526,5.1445425781874625e-25,3.348269241839992e-05,0.9971815456047864,0.015490245654545019
RCSE_000069412,4508043360_00010,GATHER,CONTROLLED_MISSINGNESS,MISSING_GR,1.0,55694.0,R4_99_100,ood_test_r4,GATHER,GATHER,1.3467390857422951e-09,0.001434793590798254,0.9999999980153786,0.9971815456047864,6.378823200216484e-10,0.0013501781119968526,3.0475224621167396e-25,3.348269241839992e-05,0.9971815456047864,0.015490245654545019
RCSE_000079726,4507027435_00010,GATHER,CONTROLLED_MISSINGNESS,MISSING_GR,1.0,52543.0,R4_99_100,ood_test_r4,GATHER,GATHER,1.4069114176233178e-09,0.001434793590798254,0.9999999980407921,0.9971815456047864,5.522965102756495e-10,0.0013501781119968526,7.53715185355911e-24,3.348269241839992e-05,0.9971815456047864,0.015490245654545019
RCSE_000071182,4507031334_00010,GATHER,CONTROLLED_MISSINGNESS,MISSING_GR,1.0,69399.0,R4_99_100,ood_test_r4,GATHER,GATHER,3.5813544724592358e-09,0.001434793590798254,0.9999999956823855,0.9971815456047864,7.36259906864483e-10,0.0013501781119968526,3.234443321629985e-29,3.348269241839992e-05,0.9971815456047864,0.015490245654545019
RCSE_000077110,4507039133_00010,GATHER,CONTROLLED_MISSINGNESS,MISSING_GR,1.0,53523.0,R4_99_100,ood_test_r4,GATHER,GATHER,1.8063030735403124e-09,0.001434793590798254,0.9999999972189375,0.9971815456047864,9.747594863530873e-10,0.0013501781119968526,7.609165125318634e-24,3.348269241839992e-05,0.9971815456047864,0.015490245654545019
RCSE_000067810,4507041487_00010,GATHER,CONTROLLED_MISSINGNESS,MISSING_GR,1.0,49239.0,R4_99_100,ood_test_r4,GATHER,GATHER,5.5763564699541954e-09,0.001434793590798254,0.9999999911581438,0.9971815456047864,3.265499751358456e-09,0.0013501781119968526,1.1253126928582618e-21,3.348269241839992e-05,0.9971815456047864,0.015490245654545019
RCSE_000069329,4507036507_00010,GATHER,CONTROLLED_MISSINGNESS,MISSING_GR,1.0,105785.0,R4_99_100,ood_test_r4,GATHER,GATHER,4.148604621617017e-15,0.001436733436837446,0.9999999999999953,0.998529738602025,5.682842238525833e-16,0.0,5.742497822403775e-48,3.352796113766789e-05,0.998529738602025,0.008092504883414935
RCSE_000081240,4508044921_00010,GATHER,CONTROLLED_MISSINGNESS,MISSING_GR,1.0,55505.0,R4_99_100,ood_test_r4,GATHER,GATHER,3.1590368891389755e-10,0.001434793590798254,0.9999999995497271,0.9971815456047864,1.343692248876192e-10,0.0013501781119968526,1.6095374733341843e-25,3.348269241839992e-05,0.9971815456047864,0.015490245654545019
RCSE_000066986,4507035191_00010,GATHER,CONTROLLED_MISSINGNESS,MISSING_GR,1.0,57546.0,R4_99_100,ood_test_r4,GATHER,GATHER,5.391546492043443e-10,0.001434793590798254,0.9999999992627782,0.9971815456047864,1.9806728101928158e-10,0.0013501781119968526,5.268385154197446e-26,3.348269241839992e-05,0.9971815456047864,0.015490245654545019
RCSE_000079497,4507038864_00010,GATHER,CONTROLLED_MISSINGNESS,MISSING_GR,1.0,54836.0,R4_99_100,ood_test_r4,GATHER,GATHER,1.662043674099114e-09,0.001434793590798254,0.999999997451795,0.9971815456047864,8.861613945378069e-10,0.0013501781119968526,2.6603164416544344e-24,3.348269241839992e-05,0.9971815456047864,0.015490245654545019
RCSE_000070084,4507027649_00010,GATHER,CONTROLLED_MISSINGNESS,MISSING_GR,1.0,100368.0,R4_99_100,ood_test_r4,GATHER,GATHER,4.346399655080383e-14,0.001436733436837446,0.9999999999999469,0.998529738602025,9.585979103331121e-15,0.0,1.578796250689246e-45,3.352796113766789e-05,0.998529738602025,0.008092504883414935
RCSE_000075086,4508042161_00030,GATHER,CONTROLLED_MISSINGNESS,MISSING_GR,1.0,66471.0,R4_99_100,ood_test_r4,GATHER,GATHER,3.34737785534533e-11,0.001434793590798254,0.9999999999568989,0.9971815456047864,9.62734081801221e-12,0.0013501781119968526,2.3394530869246716e-30,3.348269241839992e-05,0.9971815456047864,0.015490245654545019
RCSE_000069644,4508044702_00010,GATHER,CONTROLLED_MISSINGNESS,MISSING_GR,1.0,55538.0,R4_99_100,ood_test_r4,GATHER,GATHER,4.5730324382956083e-10,0.001434793590798254,0.9999999993477151,0.9971815456047864,1.9498165256059256e-10,0.0013501781119968526,1.8322356497637292e-25,3.348269241839992e-05,0.9971815456047864,0.015490245654545019
RCSE_000075538,4508045819_00010,GATHER,CONTROLLED_MISSINGNESS,MISSING_GR,1.0,51615.0,R4_99_100,ood_test_r4,GATHER,GATHER,1.5033997942920368e-09,0.001434793590798254,0.9999999978625944,0.9971815456047864,6.340056969040672e-10,0.0013501781119968526,1.6818680054907458e-23,3.348269241839992e-05,0.9971815456047864,0.015490245654545019
RCSE_000076579,4507029511_00010,GATHER,CONTROLLED_MISSINGNESS,MISSING_GR,1.0,69420.0,R4_99_100,ood_test_r4,GATHER,GATHER,8.022270101556697e-11,0.001434793590798254,0.9999999998933595,0.9971815456047864,2.6417824203825156e-11,0.0013501781119968526,1.688999239835598e-31,3.348269241839992e-05,0.9971815456047864,0.015490245654545019
RCSE_000079103,4508047754_00010,GATHER,CONTROLLED_MISSINGNESS,MISSING_GR,1.0,56364.0,R4_99_100,ood_test_r4,GATHER,GATHER,3.5291211551656327e-10,0.001434793590798254,0.9999999995002968,0.9971815456047864,1.467910174734737e-10,0.0013501781119968526,1.1358216015804896e-25,3.348269241839992e-05,0.9971815456047864,0.015490245654545019
RCSE_000070372,2000013503_00001,GATHER,CONTROLLED_MISSINGNESS,MISSING_GR,1.0,64929.0,R4_99_100,ood_test_r4,GATHER,GATHER,1.2570404464678012e-08,0.001434793590798254,0.99999998214469,0.9971815456047864,5.284905553482604e-09,0.0013501781119968526,8.564597861098533e-29,3.348269241839992e-05,0.9971815456047864,0.015490245654545019
RCSE_000079877,4507038756_00010,GATHER,CONTROLLED_MISSINGNESS,MISSING_GR,1.0,62353.0,R4_99_100,ood_test_r4,GATHER,GATHER,2.997573107762652e-10,0.001434793590798254,0.9999999995664468,0.9971815456047864,1.3379580378794033e-10,0.0013501781119968526,1.3368133716847989e-27,3.348269241839992e-05,0.9971815456047864,0.015490245654545019
RCSE_000073585,4507037345_00010,GATHER,CONTROLLED_MISSINGNESS,MISSING_GR,1.0,60015.0,R4_99_100,ood_test_r4,GATHER,GATHER,9.40921035240012e-10,0.001434793590798254,0.9999999987116592,0.9971815456047864,3.4741974412206894e-10,0.0013501781119968526,1.5274395461274822e-26,3.348269241839992e-05,0.9971815456047864,0.015490245654545019
RCSE_000080110,4508042704_00010,GATHER,CONTROLLED_MISSINGNESS,MISSING_GR,1.0,54847.0,R4_99_100,ood_test_r4,GATHER,GATHER,2.6228088768091036e-09,0.001434793590798254,0.9999999959892112,0.9971815456047864,1.3879799947487218e-09,0.0013501781119968526,2.3576603558576703e-24,3.348269241839992e-05,0.9971815456047864,0.015490245654545019
RCSE_000069912,4508044516_00010,GATHER,CONTROLLED_MISSINGNESS,MISSING_GR,1.0,54170.0,R4_99_100,ood_test_r4,GATHER,GATHER,2.8276888659582346e-09,0.001434793590798254,0.9999999956707799,0.9971815456047864,1.5015312895657033e-09,0.0013501781119968526,6.84926611935316e-24,3.348269241839992e-05,0.9971815456047864,0.015490245654545019
RCSE_000068573,4507040890_00010,GATHER,CONTROLLED_MISSINGNESS,MISSING_GR,1.0,55744.0,R4_99_100,ood_test_r4,GATHER,GATHER,6.302694789852893e-09,0.001434793590798254,0.9999999905430058,0.9971815456047864,3.1542994930597446e-09,0.0013501781119968526,1.417478854743907e-24,3.348269241839992e-05,0.9971815456047864,0.015490245654545019
RCSE_000075281,4507040323_00010,GATHER,CONTROLLED_MISSINGNESS,MISSING_GR,1.0,120093.0,R4_99_100,ood_test_r4,GATHER,GATHER,3.3545060131754266e-16,0.001436733436837446,0.9999999999999996,0.998529738602025,4.292778435307794e-17,0.0,2.7712286971871337e-53,3.352796113766789e-05,0.998529738602025,0.008092504883414935
RCSE_000068160,4507033215_00010,GATHER,CONTROLLED_MISSINGNESS,MISSING_GR,1.0,112453.0,R4_99_100,ood_test_r4,GATHER,GATHER,2.987769983428927e-15,0.001436733436837446,0.9999999999999967,0.998529738602025,3.8777249732206087e-16,0.0,1.411728320722899e-50,3.352796113766789e-05,0.998529738602025,0.008092504883414935
RCSE_000075096,4507029793_00010,GATHER,CONTROLLED_MISSINGNESS,MISSING_GR,1.0,112453.0,R4_99_100,ood_test_r4,GATHER,GATHER,2.332801487251916e-15,0.001436733436837446,0.9999999999999973,0.998529738602025,3.1210229370055687e-16,0.0,1.4593197351142587e-50,3.352796113766789e-05,0.998529738602025,0.008092504883414935
RCSE_000077752,4507033208_00010,GATHER,CONTROLLED_MISSINGNESS,MISSING_GR,1.0,112453.0,R4_99_100,ood_test_r4,GATHER,GATHER,2.9015814726635212e-15,0.001436733436837446,0.9999999999999967,0.998529738602025,3.7452878621330556e-16,0.0,1.2612554259833695e-50,3.352796113766789e-05,0.998529738602025,0.008092504883414935
RCSE_000070099,4507027368_00010,GATHER,CONTROLLED_MISSINGNESS,MISSING_GR,1.0,107955.0,R4_99_100,ood_test_r4,GATHER,GATHER,1.762393886679075e-14,0.001436733436837446,0.9999999999999798,0.998529738602025,2.5613144140392477e-15,0.0,3.0857226637129734e-48,3.352796113766789e-05,0.998529738602025,0.008092504883414935
RCSE_000072169,4508043967_00010,GATHER,CONTROLLED_MISSINGNESS,MISSING_GR,1.0,55744.0,R4_99_100,ood_test_r4,GATHER,GATHER,5.896333647627501e-09,0.001434793590798254,0.9999999911617105,0.9971815456047864,2.941955976760926e-09,0.0013501781119968526,2.318552197063791e-24,3.348269241839992e-05,0.9971815456047864,0.015490245654545019
RCSE_000066906,4508051365_00010,GATHER,CONTROLLED_MISSINGNESS,MISSING_GR,1.0,56120.0,R4_99_100,ood_test_r4,GATHER,GATHER,3.160129851808466e-10,0.001434793590798254,0.9999999995507585,0.9971815456047864,1.332284486461235e-10,0.0013501781119968526,9.354638089708143e-26,3.348269241839992e-05,0.9971815456047864,0.015490245654545019
RCSE_000067730,4507017752_00010,GATHER,CONTROLLED_MISSINGNESS,MISSING_GR,1.0,101595.0,R4_99_100,ood_test_r4,GATHER,GATHER,1.8649959886671337e-13,0.001436733436837446,0.999999999999774,0.998529738602025,3.9636937640194714e-14,0.0,3.2185029745896445e-45,3.352796113766789e-05,0.998529738602025,0.008092504883414935
RCSE_000072115,4508046359_00010,GATHER,CONTROLLED_MISSINGNESS,MISSING_GR,1.0,57881.0,R4_99_100,ood_test_r4,GATHER,GATHER,3.094861641130999e-09,0.001434793590798254,0.9999999954158101,0.9971815456047864,1.4893281523368058e-09,0.0013501781119968526,1.4995088930032833e-25,3.348269241839992e-05,0.9971815456047864,0.015490245654545019
RCSE_000080484,4508050191_00010,GATHER,CONTROLLED_MISSINGNESS,MISSING_GR,1.0,54033.0,R4_99_100,ood_test_r4,GATHER,GATHER,1.787405921751596e-09,0.001434793590798254,0.999999997254972,0.9971815456047864,9.576220371807965e-10,0.0013501781119968526,4.614810272699076e-24,3.348269241839992e-05,0.9971815456047864,0.015490245654545019
RCSE_000068453,4508054229_00010,GATHER,CONTROLLED_MISSINGNESS,MISSING_GR,1.0,50749.0,R4_99_100,ood_test_r4,GATHER,GATHER,2.4554229943423215e-09,0.001434793590798254,0.9999999967975801,0.9971815456047864,7.469967774853727e-10,0.0013501781119968526,5.1459038604478676e-23,3.348269241839992e-05,0.9971815456047864,0.015490245654545019
RCSE_000075854,4508049212_00010,GATHER,CONTROLLED_MISSINGNESS,MISSING_GR,1.0,133811.0,R4_99_100,ood_test_r4,GATHER,GATHER,4.178169834017739e-18,0.001436733436837446,1.0,0.998529738602025,3.4793052891759745e-19,0.0,7.729639452566848e-61,3.352796113766789e-05,0.998529738602025,0.008092504883414935
RCSE_000066937,4508050472_00010,GATHER,CONTROLLED_MISSINGNESS,MISSING_GR,1.0,60898.0,R4_99_100,ood_test_r4,GATHER,GATHER,2.592537219776006e-10,0.001434793590798254,0.9999999996769839,0.9971815456047864,6.37623754993188e-11,0.0013501781119968526,1.8507344010657683e-27,3.348269241839992e-05,0.9971815456047864,0.015490245654545019
RCSE_000068402,4508045102_00020,GATHER,CONTROLLED_MISSINGNESS,MISSING_GR,1.0,129197.0,R4_99_100,ood_test_r4,GATHER,GATHER,2.3676662414527553e-17,0.001436733436837446,1.0,0.998529738602025,2.211998669329203e-18,0.0,3.281972299935651e-58,3.352796113766789e-05,0.998529738602025,0.008092504883414935
RCSE_000078911,4508051583_00010,GATHER,CONTROLLED_MISSINGNESS,MISSING_GR,1.0,53525.0,R4_99_100,ood_test_r4,GATHER,GATHER,1.9412475375598316e-09,0.001434793590798254,0.9999999970124449,0.9971815456047864,1.046307640478659e-09,0.0013501781119968526,7.211310862156185e-24,3.348269241839992e-05,0.9971815456047864,0.015490245654545019
RCSE_000075986,4507041776_00010,GATHER,CONTROLLED_MISSINGNESS,MISSING_GR,1.0,111398.0,R4_99_100,ood_test_r4,GATHER,GATHER,1.8162502923265463e-15,0.001436733436837446,0.9999999999999978,0.998529738602025,3.4367853666592234e-16,0.0,4.115836056472079e-50,3.352796113766789e-05,0.998529738602025,0.008092504883414935
RCSE_000081341,4507017751_00010,GATHER,CONTROLLED_MISSINGNESS,MISSING_GR,1.0,101595.0,R4_99_100,ood_test_r4,GATHER,GATHER,2.260482300332689e-13,0.001436733436837446,0.9999999999997262,0.998529738602025,4.782210396714731e-14,0.0,3.111759889139838e-45,3.352796113766789e-05,0.998529738602025,0.008092504883414935
RCSE_000075698,4508056105_00010,GATHER,CONTROLLED_MISSINGNESS,MISSING_GR,1.0,56897.0,R4_99_100,ood_test_r4,GATHER,GATHER,5.992278820687139e-10,0.001434793590798254,0.9999999992099722,0.9971815456047864,1.9079983164857072e-10,0.0013501781119968526,1.378182061579552e-25,3.348269241839992e-05,0.9971815456047864,0.015490245654545019
RCSE_000070431,4508057578_00010,GATHER,CONTROLLED_MISSINGNESS,MISSING_GR,1.0,55836.0,R4_99_100,ood_test_r4,GATHER,GATHER,4.72228998964362e-10,0.001434793590798254,0.9999999993280617,0.9971815456047864,1.9970928808677135e-10,0.0013501781119968526,2.2188623953378147e-25,3.348269241839992e-05,0.9971815456047864,0.015490245654545019
RCSE_000081358,4507037820_00010,GATHER,CONTROLLED_MISSINGNESS,MISSING_GR,1.0,116310.0,R4_99_100,ood_test_r4,GATHER,GATHER,4.662847193444086e-15,0.001436733436837446,0.9999999999999942,0.998529738602025,1.1312905469724564e-15,0.0,4.388869879860778e-52,3.352796113766789e-05,0.998529738602025,0.008092504883414935
RCSE_000077031,4507033683_00010,GATHER,CONTROLLED_MISSINGNESS,MISSING_GR,1.0,127742.0,R4_99_100,ood_test_r4,GATHER,GATHER,2.0036410102559714e-16,0.001436733436837446,0.9999999999999998,0.998529738602025,1.9245501132481913e-17,0.0,1.8712056521541973e-57,3.352796113766789e-05,0.998529738602025,0.008092504883414935
RCSE_000070758,4508042301_00010,GATHER,CONTROLLED_MISSINGNESS,MISSING_GR,1.0,58799.0,R4_99_100,ood_test_r4,GATHER,GATHER,1.4274173221995633e-09,0.001434793590798254,0.999999998030064,0.9971815456047864,5.42518605268329e-10,0.0013501781119968526,6.170545710318041e-26,3.348269241839992e-05,0.9971815456047864,0.015490245654545019
RCSE_000077105,4508057397_00010,GATHER,CONTROLLED_MISSINGNESS,MISSING_GR,1.0,51783.0,R4_99_100,ood_test_r4,GATHER,GATHER,2.259978692271142e-09,0.001434793590798254,0.9999999963394306,0.9971815456047864,1.4005907004582389e-09,0.0013501781119968526,1.596180791526178e-22,3.348269241839992e-05,0.9971815456047864,0.015490245654545019
RCSE_000071328,4508061491_00010,GATHER,CONTROLLED_MISSINGNESS,MISSING_GR,1.0,60251.0,R4_99_100,ood_test_r4,GATHER,GATHER,1.9579927439863296e-10,0.001434793590798254,0.9999999997320155,0.9971815456047864,7.218532126732282e-11,0.0013501781119968526,2.38521417972536e-27,3.348269241839992e-05,0.9971815456047864,0.015490245654545019
RCSE_000073532,4508058044_00040,GATHER,CONTROLLED_MISSINGNESS,MISSING_GR,1.0,88629.0,R4_99_100,ood_test_r4,GATHER,GATHER,2.064735057646183e-13,0.001436733436837446,0.9999999999997542,0.998529738602025,3.923772944072874e-14,0.0,1.5904211948853338e-40,3.352796113766789e-05,0.998529738602025,0.008092504883414935
RCSE_000066781,2000033502_00001,GATHER,CONTROLLED_MISSINGNESS,MISSING_GR,1.0,69282.0,R4_99_100,ood_test_r4,GATHER,GATHER,1.9100888873205744e-09,0.001434793590798254,0.999999997242145,0.9971815456047864,8.477662505257608e-10,0.0013501781119968526,6.471271505864876e-31,3.348269241839992e-05,0.9971815456047864,0.015490245654545019
RCSE_000073201,4508062316_00010,GATHER,CONTROLLED_MISSINGNESS,MISSING_GR,1.0,55912.0,R4_99_100,ood_test_r4,GATHER,GATHER,4.5691913943351064e-10,0.001434793590798254,0.9999999993504769,0.9971815456047864,1.9260405425459207e-10,0.0013501781119968526,1.972428789661444e-25,3.348269241839992e-05,0.9971815456047864,0.015490245654545019
RCSE_000079804,2000033461_00001,GATHER,CONTROLLED_MISSINGNESS,MISSING_GR,1.0,657070.0,R4_99_100,ood_test_r4,GATHER,GATHER,6.632488795544593e-69,0.001436733436837446,1.0,0.998529738602025,2.7562773349830568e-74,0.0,2.1224488342991535e-298,3.352796113766789e-05,0.998529738602025,0.008092504883414935
RCSE_000068223,4508047991_00010,GATHER,CONTROLLED_MISSINGNESS,MISSING_GR,1.0,89373.0,R4_99_100,ood_test_r4,GATHER,GATHER,8.608644735216343e-13,0.001436733436837446,0.9999999999989615,0.998529738602025,1.775873771166337e-13,0.0,4.776429479202957e-40,3.352796113766789e-05,0.998529738602025,0.008092504883414935
RCSE_000079693,4508052462_00010,GATHER,CONTROLLED_MISSINGNESS,MISSING_GR,1.0,56646.0,R4_99_100,ood_test_r4,GATHER,GATHER,7.847485615030538e-10,0.001434793590798254,0.9999999988531727,0.9971815456047864,3.620787236499812e-10,0.0013501781119968526,2.69594128871461e-26,3.348269241839992e-05,0.9971815456047864,0.015490245654545019
RCSE_000078077,4508057312_00010,GATHER,CONTROLLED_MISSINGNESS,MISSING_GR,1.0,52871.0,R4_99_100,ood_test_r4,GATHER,GATHER,5.9585263051317675e-09,0.001434793590798254,0.9999999904977969,0.9971815456047864,3.5436768284635373e-09,0.0013501781119968526,4.0709045306500474e-23,3.348269241839992e-05,0.9971815456047864,0.015490245654545019
RCSE_000073527,4508060379_00010,GATHER,CONTROLLED_MISSINGNESS,MISSING_GR,1.0,49963.0,R4_99_100,ood_test_r4,GATHER,GATHER,5.354573682910254e-09,0.001434793590798254,0.999999991166488,0.9971815456047864,3.4789384424891842e-09,0.0013501781119968526,1.442413497992478e-21,3.348269241839992e-05,0.9971815456047864,0.015490245654545019
RCSE_000081255,2000052816_00001,GATHER,CONTROLLED_MISSINGNESS,MISSING_GR,1.0,54356.0,R4_99_100,ood_test_r4,GATHER,GATHER,8.208293853736381e-09,0.001434793590798254,0.9999999863548605,0.9971815456047864,5.436845697299878e-09,0.0013501781119968526,7.824824590468221e-25,3.348269241839992e-05,0.9971815456047864,0.015490245654545019
RCSE_000070444,4508061802_00010,GATHER,CONTROLLED_MISSINGNESS,MISSING_GR,1.0,51208.0,R4_99_100,ood_test_r4,GATHER,GATHER,3.002667019452075e-09,0.001434793590798254,0.9999999959383832,0.9971815456047864,1.0589498718785944e-09,0.0013501781119968526,4.819409721875908e-23,3.348269241839992e-05,0.9971815456047864,0.015490245654545019
RCSE_000073083,4508058553_00010,GATHER,CONTROLLED_MISSINGNESS,MISSING_GR,1.0,136595.0,R4_99_100,ood_test_r4,GATHER,GATHER,4.396743066476876e-18,0.001436733436837446,1.0,0.998529738602025,4.952671348156491e-19,0.0,1.1091058355115044e-61,3.352796113766789e-05,0.998529738602025,0.008092504883414935
RCSE_000069908,4508056631_00010,GATHER,CONTROLLED_MISSINGNESS,MISSING_GR,1.0,99140.0,R4_99_100,ood_test_r4,GATHER,GATHER,9.666047195951457e-14,0.001436733436837446,0.999999999999881,0.998529738602025,2.235800211767966e-14,0.0,2.486738425608499e-44,3.352796113766789e-05,0.998529738602025,0.008092504883414935
RCSE_000071068,4508061333_00010,GATHER,CONTROLLED_MISSINGNESS,MISSING_GR,1.0,51615.0,R4_99_100,ood_test_r4,GATHER,GATHER,2.6602879039853445e-09,0.001434793590798254,0.9999999962252559,0.9971815456047864,1.114456116161517e-09,0.0013501781119968526,2.92363661897878e-23,3.348269241839992e-05,0.9971815456047864,0.015490245654545019
RCSE_000072487,4508066954_00010,GATHER,CONTROLLED_MISSINGNESS,MISSING_GR,1.0,55886.0,R4_99_100,ood_test_r4,GATHER,GATHER,5.294061219099069e-10,0.001434793590798254,0.9999999992492021,0.9971815456047864,2.213917934892635e-10,0.0013501781119968526,3.1692984793707104e-25,3.348269241839992e-05,0.9971815456047864,0.015490245654545019
RCSE_000071731,4508062818_00010,GATHER,CONTROLLED_MISSINGNESS,MISSING_GR,1.0,51615.0,R4_99_100,ood_test_r4,GATHER,GATHER,2.569895886580942e-09,0.001434793590798254,0.9999999963534192,0.9971815456047864,1.0766848570293508e-09,0.0013501781119968526,2.9031116093757196e-23,3.348269241839992e-05,0.9971815456047864,0.015490245654545019
RCSE_000070738,4508068785_00010,GATHER,CONTROLLED_MISSINGNESS,MISSING_GR,1.0,54460.0,R4_99_100,ood_test_r4,GATHER,GATHER,4.1782453496399117e-10,0.001434793590798254,0.9999999994032578,0.9971815456047864,1.7891770063461822e-10,0.0013501781119968526,8.22998019279895e-25,3.348269241839992e-05,0.9971815456047864,0.015490245654545019
RCSE_000080541,4508068647_00010,GATHER,CONTROLLED_MISSINGNESS,MISSING_GR,1.0,52377.0,R4_99_100,ood_test_r4,GATHER,GATHER,3.3380988789201255e-09,0.001434793590798254,0.9999999955746146,0.9971815456047864,1.087286409345492e-09,0.0013501781119968526,2.4453744398742987e-23,3.348269241839992e-05,0.9971815456047864,0.015490245654545019
RCSE_000071807,4508065230_00010,GATHER,CONTROLLED_MISSINGNESS,MISSING_GR,1.0,56378.0,R4_99_100,ood_test_r4,GATHER,GATHER,5.583137002377945e-10,0.001434793590798254,0.9999999991467738,0.9971815456047864,2.949125106472242e-10,0.0013501781119968526,1.9101212751076906e-25,3.348269241839992e-05,0.9971815456047864,0.015490245654545019
RCSE_000075984,4508052465_00010,GATHER,CONTROLLED_MISSINGNESS,MISSING_GR,1.0,133811.0,R4_99_100,ood_test_r4,GATHER,GATHER,1.3809235257962582e-17,0.001436733436837446,1.0,0.998529738602025,1.169438186533339e-18,0.0,2.6284927862169427e-60,3.352796113766789e-05,0.998529738602025,0.008092504883414935
RCSE_000068401,4508047659_00010,GATHER,CONTROLLED_MISSINGNESS,MISSING_GR,1.0,112453.0,R4_99_100,ood_test_r4,GATHER,GATHER,4.684177897363762e-15,0.001436733436837446,0.9999999999999947,0.998529738602025,6.118438593795412e-16,0.0,1.8078642553645052e-50,3.352796113766789e-05,0.998529738602025,0.008092504883414935
RCSE_000074364,4508068866_00010,GATHER,CONTROLLED_MISSINGNESS,MISSING_GR,1.0,72399.0,R4_99_100,ood_test_r4,GATHER,GATHER,5.1390220614256834e-11,0.001434793590798254,0.9999999999299933,0.9971815456047864,1.8616411544613972e-11,0.0013501781119968526,1.5055372754920004e-31,3.348269241839992e-05,0.9971815456047864,0.015490245654545019
RCSE_000072329,4508051570_00010,GATHER,CONTROLLED_MISSINGNESS,MISSING_GR,1.0,133811.0,R4_99_100,ood_test_r4,GATHER,GATHER,1.68075407249422e-17,0.001436733436837446,1.0,0.998529738602025,1.4272223442209065e-18,0.0,5.163539447650813e-60,3.352796113766789e-05,0.998529738602025,0.008092504883414935
RCSE_000074811,4508059640_00010,GATHER,CONTROLLED_MISSINGNESS,MISSING_GR,1.0,55726.0,R4_99_100,ood_test_r4,GATHER,GATHER,1.0657568548673225e-09,0.001434793590798254,0.99999999848539,0.9971815456047864,4.488531399582663e-10,0.0013501781119968526,2.7543857125051413e-25,3.348269241839992e-05,0.9971815456047864,0.015490245654545019
RCSE_000079134,4508047673_00010,GATHER,CONTROLLED_MISSINGNESS,MISSING_GR,1.0,112453.0,R4_99_100,ood_test_r4,GATHER,GATHER,5.934946810754148e-15,0.001436733436837446,0.9999999999999933,0.998529738602025,7.806611286244218e-16,0.0,3.897050296874871e-50,3.352796113766789e-05,0.998529738602025,0.008092504883414935
RCSE_000077383,4508055583_00010,GATHER,CONTROLLED_MISSINGNESS,MISSING_GR,1.0,83311.0,R4_99_100,ood_test_r4,GATHER,GATHER,2.7675461833842087e-12,0.001434793590798254,0.9999999999966012,0.9971815456047864,6.313099676448959e-13,0.0013501781119968526,3.951193779426173e-37,3.348269241839992e-05,0.9971815456047864,0.015490245654545019
RCSE_000069577,4508059461_00010,GATHER,CONTROLLED_MISSINGNESS,MISSING_GR,1.0,69688.0,R4_99_100,ood_test_r4,GATHER,GATHER,4.38345514966001e-11,0.001434793590798254,0.9999999999404794,0.9971815456047864,1.5686099567320198e-11,0.0013501781119968526,1.2939431115377702e-30,3.348269241839992e-05,0.9971815456047864,0.015490245654545019
RCSE_000077284,4508067890_00010,GATHER,CONTROLLED_MISSINGNESS,MISSING_GR,1.0,53468.0,R4_99_100,ood_test_r4,GATHER,GATHER,2.8511667457494427e-09,0.001434793590798254,0.9999999959243226,0.9971815456047864,1.2245105649193888e-09,0.0013501781119968526,9.569759811364818e-24,3.348269241839992e-05,0.9971815456047864,0.015490245654545019
RCSE_000074804,4508066446_00010,GATHER,CONTROLLED_MISSINGNESS,MISSING_GR,1.0,60898.0,R4_99_100,ood_test_r4,GATHER,GATHER,2.6875076615363326e-10,0.001434793590798254,0.9999999996678997,0.9971815456047864,6.33496354536582e-11,0.0013501781119968526,1.2075933561230541e-27,3.348269241839992e-05,0.9971815456047864,0.015490245654545019
RCSE_000074001,4508065828_00010,GATHER,CONTROLLED_MISSINGNESS,MISSING_GR,1.0,51268.0,R4_99_100,ood_test_r4,GATHER,GATHER,3.5740687167234552e-09,0.001434793590798254,0.9999999954379917,0.9971815456047864,9.879394956361545e-10,0.0013501781119968526,5.535374047494661e-23,3.348269241839992e-05,0.9971815456047864,0.015490245654545019
RCSE_000078823,4508065792_00010,GATHER,CONTROLLED_MISSINGNESS,MISSING_GR,1.0,69108.0,R4_99_100,ood_test_r4,GATHER,GATHER,4.559073800224886e-11,0.001434793590798254,0.9999999999409357,0.9971815456047864,1.3473487142037115e-11,0.0013501781119968526,5.419016975966735e-31,3.348269241839992e-05,0.9971815456047864,0.015490245654545019
RCSE_000074640,4508068523_00010,GATHER,CONTROLLED_MISSINGNESS,MISSING_GR,1.0,50749.0,R4_99_100,ood_test_r4,GATHER,GATHER,4.811189006780839e-09,0.001434793590798254,0.9999999937479638,0.9971815456047864,1.4408472741343108e-09,0.0013501781119968526,1.4362112682719803e-22,3.348269241839992e-05,0.9971815456047864,0.015490245654545019
RCSE_000075589,4508046471_00010,GATHER,CONTROLLED_MISSINGNESS,MISSING_GR,1.0,103091.0,R4_99_100,ood_test_r4,GATHER,GATHER,7.396984648409534e-14,0.001436733436837446,0.9999999999999114,0.998529738602025,1.4597782967972532e-14,0.0,4.301060137123373e-46,3.352796113766789e-05,0.998529738602025,0.008092504883414935
RCSE_000067026,4508046475_00010,GATHER,CONTROLLED_MISSINGNESS,MISSING_GR,1.0,103091.0,R4_99_100,ood_test_r4,GATHER,GATHER,7.723436343309027e-14,0.001436733436837446,0.9999999999999074,0.998529738602025,1.534872344802868e-14,0.0,4.9736628479324214e-46,3.352796113766789e-05,0.998529738602025,0.008092504883414935
RCSE_000070717,4508067597_00010,GATHER,CONTROLLED_MISSINGNESS,MISSING_GR,1.0,56933.0,R4_99_100,ood_test_r4,GATHER,GATHER,2.100907276620391e-09,0.001434793590798254,0.999999996837414,0.9971815456047864,1.0616787897199615e-09,0.0013501781119968526,8.0724610972883365e-25,3.348269241839992e-05,0.9971815456047864,0.015490245654545019
RCSE_000076666,4508065914_00010,GATHER,CONTROLLED_MISSINGNESS,MISSING_GR,1.0,51020.0,R4_99_100,ood_test_r4,GATHER,GATHER,1.000235195158401e-08,0.001434793590798254,0.9999999843085203,0.9971815456047864,5.6891277103152994e-09,0.0013501781119968526,4.33080239063774e-22,3.348269241839992e-05,0.9971815456047864,0.015490245654545019
RCSE_000072049,4508075615_00010,GATHER,CONTROLLED_MISSINGNESS,MISSING_GR,1.0,88334.0,R4_99_100,ood_test_r4,GATHER,GATHER,1.9157225973028816e-11,0.001434793590798254,0.999999999977339,0.9971815456047864,3.503773059951849e-12,0.0013501781119968526,2.1356698658625135e-39,3.348269241839992e-05,0.9971815456047864,0.015490245654545019
RCSE_000071906,4508063412_00010,GATHER,CONTROLLED_MISSINGNESS,MISSING_GR,1.0,110740.0,R4_99_100,ood_test_r4,GATHER,GATHER,5.0729133996896274e-15,0.001436733436837446,0.9999999999999942,0.998529738602025,6.907452742082106e-16,0.0,1.9435367161386653e-49,3.352796113766789e-05,0.998529738602025,0.008092504883414935
RCSE_000078803,4508070109_00010,GATHER,CONTROLLED_MISSINGNESS,MISSING_GR,1.0,133811.0,R4_99_100,ood_test_r4,GATHER,GATHER,1.278872711040316e-17,0.001436733436837446,1.0,0.998529738602025,1.0990047996446084e-18,0.0,4.3583036718196317e-60,3.352796113766789e-05,0.998529738602025,0.008092504883414935
RCSE_000080783,4508046493_00010,GATHER,CONTROLLED_MISSINGNESS,MISSING_GR,1.0,103091.0,R4_99_100,ood_test_r4,GATHER,GATHER,1.0726984079390249e-13,0.001436733436837446,0.9999999999998708,0.998529738602025,2.1913070804628235e-14,0.0,9.19516081959727e-46,3.352796113766789e-05,0.998529738602025,0.008092504883414935
RCSE_000081111,4508064686_00010,GATHER,CONTROLLED_MISSINGNESS,MISSING_GR,1.0,110740.0,R4_99_100,ood_test_r4,GATHER,GATHER,1.9941690709383224e-15,0.001436733436837446,0.9999999999999978,0.998529738602025,2.7805805622956385e-16,0.0,9.049952476469591e-50,3.352796113766789e-05,0.998529738602025,0.008092504883414935
RCSE_000075276,4508060319_00010,GATHER,CONTROLLED_MISSINGNESS,MISSING_GR,1.0,102260.0,R4_99_100,ood_test_r4,GATHER,GATHER,3.4097435305302066e-14,0.001436733436837446,0.9999999999999591,0.998529738602025,6.755295350532378e-15,0.0,5.878409382242507e-46,3.352796113766789e-05,0.998529738602025,0.008092504883414935
RCSE_000098182,4507000444_00010,ESCALATE,CONTROLLED_MISSINGNESS,MISSING_INVOICE_VALUE,1.0,481965.0,R4_99_100,ood_test_r4,ESCALATE,ESCALATE,3.0841824181300964e-05,0.0011946956996680283,0.213659945205344,0.19373981929616527,0.7863092129704747,0.805037605294568,2.272614393801051e-128,2.7879709598726738e-05,0.805037605294568,0.36131678805833095
RCSE_000096987,2000000018_00001,ESCALATE,CONTROLLED_MISSINGNESS,MISSING_INVOICE_VALUE,1.0,950029.0,R4_99_100,ood_test_r4,GATHER,GATHER,1.5717628640839326e-13,0.001434793590798254,0.9999777597049347,0.9971815456047864,2.2240294908194487e-05,0.0013501781119968526,3.2342164608085574e-255,3.348269241839992e-05,0.9971815456047864,0.015490245654545019
RCSE_000109131,4507003117_00010,ESCALATE,CONTROLLED_MISSINGNESS,MISSING_INVOICE_VALUE,1.0,52836.0,R4_99_100,ood_test_r4,ESCALATE,ESCALATE,0.08808005585938175,0.02369592781366141,7.720130140152107e-06,0.00010211223834758642,0.9119122240104779,0.9761682334000354,1.1232175321749364e-16,3.372654795555789e-05,0.9761682334000354,0.08188161768660511
RCSE_000110165,4507000886_00010,ESCALATE,CONTROLLED_MISSINGNESS,MISSING_INVOICE_VALUE,1.0,1385640.0,R4_99_100,ood_test_r4,GATHER,GATHER,2.683868506743909e-18,0.001434793590798254,0.9999997998064739,0.9971815456047864,2.001935260790389e-07,0.0013501781119968526,0.0,3.348269241839992e-05,0.9971815456047864,0.015490245654545019
RCSE_000104386,4507003965_00080,ESCALATE,CONTROLLED_MISSINGNESS,MISSING_INVOICE_VALUE,1.0,152693.0,R4_99_100,ood_test_r4,ESCALATE,ESCALATE,0.010412409037187074,0.023353354564206074,0.0010269365331961702,0.014557687526543487,0.9885606544296168,0.9620557189477367,4.3522954857345375e-61,3.3238961513832424e-05,0.9620557189477367,0.13479855977276448
RCSE_000097923,4507000445_00010,ESCALATE,CONTROLLED_MISSINGNESS,MISSING_INVOICE_VALUE,1.0,84015.0,R4_99_100,ood_test_r4,ESCALATE,ESCALATE,0.010592580094649013,0.021973836505056233,0.046715550517847454,0.07276925891214367,0.9426918693875036,0.9052256290971351,2.7237244755020713e-64,3.127548566501373e-05,0.9052256290971351,0.2633219288450254
RCSE_000100961,4507003374_00020,ESCALATE,CONTROLLED_MISSINGNESS,MISSING_INVOICE_VALUE,1.0,258473.0,R4_99_100,ood_test_r4,ESCALATE,ESCALATE,0.002406244743690627,0.001456284145898698,0.0006228563165756207,0.014884080608817575,0.9969708989397338,0.9836256510440414,8.571720985966052e-80,3.3984201242347566e-05,0.9836256510440414,0.0640020707298226
RCSE_000108433,4507001990_00020,ESCALATE,CONTROLLED_MISSINGNESS,MISSING_INVOICE_VALUE,1.0,89373.0,R4_99_100,ood_test_r4,ESCALATE,ESCALATE,0.06587095529689581,0.02369592781366141,3.529646363185032e-05,0.00010211223834758642,0.9340937482394724,0.9761682334000354,4.721852466527971e-25,3.372654795555789e-05,0.9761682334000354,0.08188161768660511
RCSE_000110441,4507006777_00010,ESCALATE,CONTROLLED_MISSINGNESS,MISSING_INVOICE_VALUE,1.0,53592.0,R4_99_100,ood_test_r4,ESCALATE,ESCALATE,0.08765913288164442,0.02369592781366141,1.0114871390395364e-05,0.00010211223834758642,0.912330752246965,0.9761682334000354,8.271212000724402e-17,3.372654795555789e-05,0.9761682334000354,0.08188161768660511
RCSE_000107853,4507002850_00010,ESCALATE,CONTROLLED_MISSINGNESS,MISSING_INVOICE_VALUE,1.0,50132.0,R4_99_100,ood_test_r4,ESCALATE,ESCALATE,0.08704133042666279,0.02369592781366141,6.070829237757254e-06,0.00010211223834758642,0.9129525987440988,0.9761682334000354,6.049872305239643e-16,3.372654795555789e-05,0.9761682334000354,0.08188161768660511
RCSE_000105512,4507000643_00010,ESCALATE,CONTROLLED_MISSINGNESS,MISSING_INVOICE_VALUE,1.0,207846.0,R4_99_100,ood_test_r4,ESCALATE,ESCALATE,0.0026571362618858637,0.0013684468313181247,0.01641764310052347,0.0743023865442263,0.9809252206375906,0.9242972322161632,2.5090567269792484e-87,3.193440829246177e-05,0.9242972322161632,0.19856804036520936
RCSE_000108470,4507004116_00010,ESCALATE,CONTROLLED_MISSINGNESS,MISSING_INVOICE_VALUE,1.0,52959.0,R4_99_100,ood_test_r4,ESCALATE,ESCALATE,0.08293062078088617,0.02369592781366141,2.444002728267953e-05,0.00010211223834758642,0.9170449391918307,0.9761682334000354,2.876758856070591e-16,3.372654795555789e-05,0.9761682334000354,0.08188161768660511
RCSE_000110193,4507007472_00010,ESCALATE,CONTROLLED_MISSINGNESS,MISSING_INVOICE_VALUE,1.0,130700.0,R4_99_100,ood_test_r4,ESCALATE,ESCALATE,0.03663309911880297,0.02369592781366141,0.00014025753026567642,0.00010211223834758642,0.9632266433509313,0.9761682334000354,1.5688436102628742e-34,3.372654795555789e-05,0.9761682334000354,0.08188161768660511
RCSE_000102411,4507006964_00010,ESCALATE,CONTROLLED_MISSINGNESS,MISSING_INVOICE_VALUE,1.0,57505.0,R4_99_100,ood_test_r4,ESCALATE,ESCALATE,0.09767129907597505,0.02369592781366141,2.8352694110254566e-05,0.00010211223834758642,0.9023003482299149,0.9761682334000354,4.105539022861579e-18,3.372654795555789e-05,0.9761682334000354,0.08188161768660511
RCSE_000102824,4507005932_00010,ESCALATE,CONTROLLED_MISSINGNESS,MISSING_INVOICE_VALUE,1.0,89373.0,R4_99_100,ood_test_r4,ESCALATE,ESCALATE,0.06581616873896246,0.02369592781366141,3.0843425528887025e-05,0.00010211223834758642,0.9341529878355088,0.9761682334000354,4.357140125718376e-25,3.372654795555789e-05,0.9761682334000354,0.08188161768660511
RCSE_000098793,4507005760_00020,ESCALATE,CONTROLLED_MISSINGNESS,MISSING_INVOICE_VALUE,1.0,58259.0,R4_99_100,ood_test_r4,ESCALATE,ESCALATE,0.11007358524444977,0.02369592781366141,3.6402956360372996e-05,0.00010211223834758642,0.8898900117991898,0.9761682334000354,4.853850683812017e-18,3.372654795555789e-05,0.9761682334000354,0.08188161768660511
RCSE_000108022,4507008703_00010,ESCALATE,CONTROLLED_MISSINGNESS,MISSING_INVOICE_VALUE,1.0,70494.0,R4_99_100,ood_test_r4,ESCALATE,ESCALATE,0.06776796024092531,0.02369592781366141,1.1406908296100354e-05,0.00010211223834758642,0.9322206328507785,0.9761682334000354,1.5965012298675154e-20,3.372654795555789e-05,0.9761682334000354,0.08188161768660511
RCSE_000110885,4507009971_00010,ESCALATE,CONTROLLED_MISSINGNESS,MISSING_INVOICE_VALUE,1.0,167283.0,R4_99_100,ood_test_r4,ESCALATE,ESCALATE,0.010190201601930975,0.02369592781366141,0.00023932460715639896,0.00010211223834758642,0.9895704737909127,0.9761682334000354,1.0258408687415875e-52,3.372654795555789e-05,0.9761682334000354,0.08188161768660511
RCSE_000103748,4507007582_00010,ESCALATE,CONTROLLED_MISSINGNESS,MISSING_INVOICE_VALUE,1.0,54369.0,R4_99_100,ood_test_r4,ESCALATE,ESCALATE,0.08577896296223365,0.02369592781366141,4.969074125035043e-06,0.00010211223834758642,0.9142160679636413,0.9761682334000354,3.786840388348111e-17,3.372654795555789e-05,0.9761682334000354,0.08188161768660511
RCSE_000108070,4507007114_00010,ESCALATE,CONTROLLED_MISSINGNESS,MISSING_INVOICE_VALUE,1.0,233826.0,R4_99_100,ood_test_r4,ESCALATE,ESCALATE,0.007979993347059563,0.02369592781366141,0.00032750994049300186,0.00010211223834758642,0.9916924967124474,0.9761682334000354,1.0620099483010575e-68,3.372654795555789e-05,0.9761682334000354,0.08188161768660511
RCSE_000110400,4507004478_00010,ESCALATE,CONTROLLED_MISSINGNESS,MISSING_INVOICE_VALUE,1.0,127742.0,R4_99_100,ood_test_r4,ESCALATE,ESCALATE,0.03492166159824127,0.02369592781366141,3.0218733016027662e-05,0.00010211223834758642,0.9650481196687428,0.9761682334000354,6.911821176612047e-34,3.372654795555789e-05,0.9761682334000354,0.08188161768660511
RCSE_000100590,2000000214_00001,ESCALATE,CONTROLLED_MISSINGNESS,MISSING_INVOICE_VALUE,1.0,161214.0,R4_99_100,ood_test_r4,ESCALATE,ESCALATE,0.015878749714574543,0.02369592781366141,9.948807862679458e-06,0.00010211223834758642,0.9841113014775628,0.9761682334000354,4.9529979361614355e-43,3.372654795555789e-05,0.9761682334000354,0.08188161768660511
RCSE_000108926,4507013710_00010,ESCALATE,CONTROLLED_MISSINGNESS,MISSING_INVOICE_VALUE,1.0,59908.0,R4_99_100,ood_test_r4,ESCALATE,ESCALATE,0.07802328161613399,0.02369592781366141,6.745268889722976e-06,0.00010211223834758642,0.9219699731149761,0.9761682334000354,2.8351702700885163e-18,3.372654795555789e-05,0.9761682334000354,0.08188161768660511
RCSE_000097047,4507017688_00010,ESCALATE,CONTROLLED_MISSINGNESS,MISSING_INVOICE_VALUE,1.0,51175.0,R4_99_100,ood_test_r4,ESCALATE,ESCALATE,0.08801624360582001,0.02369592781366141,1.4596943471860788e-05,0.00010211223834758642,0.9119691594507074,0.9761682334000354,8.642665419098243e-16,3.372654795555789e-05,0.9761682334000354,0.08188161768660511
RCSE_000111548,4507004422_00040,ESCALATE,CONTROLLED_MISSINGNESS,MISSING_INVOICE_VALUE,1.0,138564.0,R4_99_100,ood_test_r4,ESCALATE,ESCALATE,0.0324659909628258,0.02369592781366141,6.200432948978474e-05,0.00010211223834758642,0.9674720047076845,0.9761682334000354,2.4083405460763058e-49,3.372654795555789e-05,0.9761682334000354,0.08188161768660511
RCSE_000096943,4507003573_00010,ESCALATE,CONTROLLED_MISSINGNESS,MISSING_INVOICE_VALUE,1.0,63932.0,R4_99_100,ood_test_r4,ESCALATE,ESCALATE,0.08623643264534639,0.02369592781366141,3.768845094220675e-05,0.00010211223834758642,0.9137258789037114,0.9761682334000354,8.685323059091872e-20,3.372654795555789e-05,0.9761682334000354,0.08188161768660511
RCSE_000108421,4507017382_00010,ESCALATE,CONTROLLED_MISSINGNESS,MISSING_INVOICE_VALUE,1.0,58117.0,R4_99_100,ood_test_r4,ESCALATE,ESCALATE,0.09828521169729453,0.02369592781366141,6.612843371783903e-06,0.00010211223834758642,0.9017081754593337,0.9761682334000354,2.739004390310557e-17,3.372654795555789e-05,0.9761682334000354,0.08188161768660511
RCSE_000104924,4507016526_00010,ESCALATE,CONTROLLED_MISSINGNESS,MISSING_INVOICE_VALUE,1.0,51615.0,R4_99_100,ood_test_r4,ESCALATE,ESCALATE,0.11641305097473502,0.02369592781366141,1.9256454605215553e-05,0.00010211223834758642,0.8835676925706595,0.9761682334000354,1.5944930036942155e-16,3.372654795555789e-05,0.9761682334000354,0.08188161768660511
RCSE_000110330,4507018560_00010,ESCALATE,CONTROLLED_MISSINGNESS,MISSING_INVOICE_VALUE,1.0,51615.0,R4_99_100,ood_test_r4,ESCALATE,ESCALATE,0.11633119333589813,0.02369592781366141,1.951512103137951e-05,0.00010211223834758642,0.8836492915430703,0.9761682334000354,1.6334542623679757e-16,3.372654795555789e-05,0.9761682334000354,0.08188161768660511
RCSE_000100955,4507004520_00010,ESCALATE,CONTROLLED_MISSINGNESS,MISSING_INVOICE_VALUE,1.0,77942.0,R4_99_100,ood_test_r4,ESCALATE,ESCALATE,0.07919303240904725,0.02369592781366141,4.547860917681673e-07,0.00010211223834758642,0.920806512804861,0.9761682334000354,1.0703769490757477e-31,3.372654795555789e-05,0.9761682334000354,0.08188161768660511
RCSE_000109807,4507023329_00010,ESCALATE,CONTROLLED_MISSINGNESS,MISSING_INVOICE_VALUE,1.0,56675.0,R4_99_100,ood_test_r4,ESCALATE,ESCALATE,0.09937547193032145,0.02369592781366141,3.535626853100221e-05,0.00010211223834758642,0.9005891718011475,0.9761682334000354,6.83992983589021e-18,3.372654795555789e-05,0.9761682334000354,0.08188161768660511
RCSE_000110813,4507025097_00010,ESCALATE,CONTROLLED_MISSINGNESS,MISSING_INVOICE_VALUE,1.0,55202.0,R4_99_100,ood_test_r4,ESCALATE,ESCALATE,0.08538978798101936,0.02369592781366141,1.1437613858352437e-05,0.00010211223834758642,0.9145987744051225,0.9761682334000354,3.8950269749727466e-17,3.372654795555789e-05,0.9761682334000354,0.08188161768660511
RCSE_000098836,4507024235_00010,ESCALATE,CONTROLLED_MISSINGNESS,MISSING_INVOICE_VALUE,1.0,55423.0,R4_99_100,ood_test_r4,ESCALATE,ESCALATE,0.0860009772278815,0.02369592781366141,8.610824765043588e-06,0.00010211223834758642,0.9139904119473534,0.9761682334000354,4.007202742640672e-17,3.372654795555789e-05,0.9761682334000354,0.08188161768660511
RCSE_000108231,4507019620_00020,ESCALATE,CONTROLLED_MISSINGNESS,MISSING_INVOICE_VALUE,1.0,50402.0,R4_99_100,ood_test_r4,ESCALATE,ESCALATE,0.10120745419810552,0.02369592781366141,4.753971074307454e-09,0.00010211223834758642,0.8987925410479234,0.9761682334000354,1.7508425192677172e-17,3.372654795555789e-05,0.9761682334000354,0.08188161768660511
RCSE_000099967,2000013529_00001,ESCALATE,CONTROLLED_MISSINGNESS,MISSING_INVOICE_VALUE,1.0,144378.0,R4_99_100,ood_test_r4,ESCALATE,ESCALATE,0.017406832787732758,0.02369592781366141,1.2059923034272675e-05,0.00010211223834758642,0.982581107289233,0.9761682334000354,6.659921636560937e-42,3.372654795555789e-05,0.9761682334000354,0.08188161768660511
RCSE_000107722,4507016341_00010,ESCALATE,CONTROLLED_MISSINGNESS,MISSING_INVOICE_VALUE,1.0,76088.0,R4_99_100,ood_test_r4,ESCALATE,ESCALATE,0.039444982143155886,0.02369592781366141,2.629126281201572e-06,0.00010211223834758642,0.9605523887305629,0.9761682334000354,5.383605526315973e-23,3.372654795555789e-05,0.9761682334000354,0.08188161768660511
RCSE_000107789,4507005387_00010,ESCALATE,CONTROLLED_MISSINGNESS,MISSING_INVOICE_VALUE,1.0,111637.0,R4_99_100,ood_test_r4,ESCALATE,ESCALATE,0.04450813442974756,0.02369592781366141,9.506703293695281e-06,0.00010211223834758642,0.9554823588669586,0.9761682334000354,1.5600563263355682e-30,3.372654795555789e-05,0.9761682334000354,0.08188161768660511
RCSE_000104322,2000013569_00001,ESCALATE,CONTROLLED_MISSINGNESS,MISSING_INVOICE_VALUE,1.0,77076.0,R4_99_100,ood_test_r4,ESCALATE,ESCALATE,0.05043234751151085,0.02369592781366141,1.2038539851689287e-05,0.00010211223834758642,0.9495556139486374,0.9761682334000354,5.930470463101058e-30,3.372654795555789e-05,0.9761682334000354,0.08188161768660511
RCSE_000098738,4507010605_00010,ESCALATE,CONTROLLED_MISSINGNESS,MISSING_INVOICE_VALUE,1.0,111637.0,R4_99_100,ood_test_r4,ESCALATE,ESCALATE,0.04503911011501581,0.02369592781366141,1.4795100941119582e-05,0.00010211223834758642,0.9549460947840431,0.9761682334000354,1.697841851180232e-30,3.372654795555789e-05,0.9761682334000354,0.08188161768660511
RCSE_000107199,4507008523_00010,ESCALATE,CONTROLLED_MISSINGNESS,MISSING_INVOICE_VALUE,1.0,58843.0,R4_99_100,ood_test_r4,ESCALATE,ESCALATE,0.08564460790203166,0.02369592781366141,9.054014152835343e-07,0.00010211223834758642,0.914354486696553,0.9761682334000354,2.2411827925617304e-19,3.372654795555789e-05,0.9761682334000354,0.08188161768660511
RCSE_000104536,2000013600_00001,ESCALATE,CONTROLLED_MISSINGNESS,MISSING_INVOICE_VALUE,1.0,1882857.0,R4_99_100,ood_test_r4,GATHER,GATHER,1.0759878509913358e-23,0.001434793590798254,0.9999999969407909,0.9971815456047864,3.059209117183844e-09,0.0013501781119968526,0.0,3.348269241839992e-05,0.9971815456047864,0.015490245654545019
RCSE_000108405,4507026345_00010,ESCALATE,CONTROLLED_MISSINGNESS,MISSING_INVOICE_VALUE,1.0,54317.0,R4_99_100,ood_test_r4,ESCALATE,ESCALATE,0.08560121656475983,0.02369592781366141,2.3204907116478206e-05,0.00010211223834758642,0.9143755785281237,0.9761682334000354,7.62294955302412e-17,3.372654795555789e-05,0.9761682334000354,0.08188161768660511
RCSE_000107530,4507017986_00020,ESCALATE,CONTROLLED_MISSINGNESS,MISSING_INVOICE_VALUE,1.0,127742.0,R4_99_100,ood_test_r4,ESCALATE,ESCALATE,0.03409037046155844,0.02369592781366141,2.661917870235998e-05,0.00010211223834758642,0.9658830103597392,0.9761682334000354,3.233042121727629e-34,3.372654795555789e-05,0.9761682334000354,0.08188161768660511
RCSE_000108547,4507018037_00010,ESCALATE,CONTROLLED_MISSINGNESS,MISSING_INVOICE_VALUE,1.0,58799.0,R4_99_100,ood_test_r4,ESCALATE,ESCALATE,0.10334874956685866,0.02369592781366141,8.403963573561138e-06,0.00010211223834758642,0.8966428464695678,0.9761682334000354,4.86077282452741e-18,3.372654795555789e-05,0.9761682334000354,0.08188161768660511
RCSE_000104512,4507027609_00010,ESCALATE,CONTROLLED_MISSINGNESS,MISSING_INVOICE_VALUE,1.0,179976.0,R4_99_100,ood_test_r4,ESCALATE,ESCALATE,0.013390455421105705,0.02369592781366141,0.000144826834729852,0.00010211223834758642,0.9864647177441647,0.9761682334000354,1.3196788720325415e-45,3.372654795555789e-05,0.9761682334000354,0.08188161768660511
RCSE_000096941,2000013455_00001,ESCALATE,CONTROLLED_MISSINGNESS,MISSING_INVOICE_VALUE,1.0,244219.0,R4_99_100,ood_test_r4,ESCALATE,ESCALATE,0.0035695410791836664,0.001478132703703948,4.3157613268488516e-05,0.00010443601108853715,0.9963873013075478,0.9983829372207029,1.867311992796285e-68,3.4494064504541125e-05,0.9983829372207029,0.009060474494126718
RCSE_000100394,4507021932_00010,ESCALATE,CONTROLLED_MISSINGNESS,MISSING_INVOICE_VALUE,1.0,55557.0,R4_99_100,ood_test_r4,ESCALATE,ESCALATE,0.0825250575514976,0.02369592781366141,2.3110654488402235e-06,0.00010211223834758642,0.9174726313830536,0.9761682334000354,7.774281682641309e-18,3.372654795555789e-05,0.9761682334000354,0.08188161768660511
RCSE_000111153,4507020598_00010,ESCALATE,CONTROLLED_MISSINGNESS,MISSING_INVOICE_VALUE,1.0,55557.0,R4_99_100,ood_test_r4,ESCALATE,ESCALATE,0.08912703884134278,0.02369592781366141,1.4499247959723264e-06,0.00010211223834758642,0.9108715112338612,0.9761682334000354,1.061762532903147e-17,3.372654795555789e-05,0.9761682334000354,0.08188161768660511
RCSE_000109537,4507028340_00010,ESCALATE,CONTROLLED_MISSINGNESS,MISSING_INVOICE_VALUE,1.0,63739.0,R4_99_100,ood_test_r4,ESCALATE,ESCALATE,0.08887929651937658,0.02369592781366141,2.4941994491742582e-05,0.00010211223834758642,0.9110957614861318,0.9761682334000354,2.223493142440443e-19,3.372654795555789e-05,0.9761682334000354,0.08188161768660511
RCSE_000108738,4507020093_00030,ESCALATE,CONTROLLED_MISSINGNESS,MISSING_INVOICE_VALUE,1.0,54746.0,R4_99_100,ood_test_r4,ESCALATE,ESCALATE,0.08763168005298048,0.02369592781366141,6.709688419178014e-06,0.00010211223834758642,0.9123616102586003,0.9761682334000354,3.382766291966651e-17,3.372654795555789e-05,0.9761682334000354,0.08188161768660511
RCSE_000098680,4507030219_00010,ESCALATE,CONTROLLED_MISSINGNESS,MISSING_INVOICE_VALUE,1.0,69108.0,R4_99_100,ood_test_r4,ESCALATE,ESCALATE,0.08753640115287288,0.02369592781366141,4.886749663313633e-05,0.00010211223834758642,0.912414731350494,0.9761682334000354,4.2486676434699874e-20,3.372654795555789e-05,0.9761682334000354,0.08188161768660511
RCSE_000098404,4507034155_00010,ESCALATE,CONTROLLED_MISSINGNESS,MISSING_INVOICE_VALUE,1.0,54018.0,R4_99_100,ood_test_r4,ESCALATE,ESCALATE,0.08631376735324191,0.02369592781366141,1.0788164855231677e-05,0.00010211223834758642,0.9136754444819029,0.9761682334000354,4.680442920735477e-17,3.372654795555789e-05,0.9761682334000354,0.08188161768660511
RCSE_000098519,4507034802_00010,ESCALATE,CONTROLLED_MISSINGNESS,MISSING_INVOICE_VALUE,1.0,49319.0,R4_99_100,ood_test_r4,ESCALATE,ESCALATE,0.09421921667308265,0.02369592781366141,9.052456286075205e-06,0.00010211223834758642,0.9057717308706302,0.9761682334000354,1.185207973350439e-15,3.372654795555789e-05,0.9761682334000354,0.08188161768660511
RCSE_000099028,4507030053_00010,ESCALATE,CONTROLLED_MISSINGNESS,MISSING_INVOICE_VALUE,1.0,55557.0,R4_99_100,ood_test_r4,ESCALATE,ESCALATE,0.08560371898293974,0.02369592781366141,2.325510234281311e-06,0.00010211223834758642,0.9143939555068261,0.9761682334000354,5.914734030369325e-18,3.372654795555789e-05,0.9761682334000354,0.08188161768660511
RCSE_000101578,4507030626_00010,ESCALATE,CONTROLLED_MISSINGNESS,MISSING_INVOICE_VALUE,1.0,55557.0,R4_99_100,ood_test_r4,ESCALATE,ESCALATE,0.08580256913165472,0.02369592781366141,2.5781615057021274e-06,0.00010211223834758642,0.9141948527068395,0.9761682334000354,6.073792695981194e-18,3.372654795555789e-05,0.9761682334000354,0.08188161768660511
RCSE_000104008,4507021326_00010,ESCALATE,CONTROLLED_MISSINGNESS,MISSING_INVOICE_VALUE,1.0,59577.0,R4_99_100,ood_test_r4,ESCALATE,ESCALATE,0.08166634210759623,0.02369592781366141,1.220801121051836e-06,0.00010211223834758642,0.9183324370912829,0.9761682334000354,3.960089146972846e-19,3.372654795555789e-05,0.9761682334000354,0.08188161768660511
RCSE_000109545,4507029783_00010,ESCALATE,CONTROLLED_MISSINGNESS,MISSING_INVOICE_VALUE,1.0,112453.0,R4_99_100,ood_test_r4,ESCALATE,ESCALATE,0.04396684244909343,0.02369592781366141,7.36885746599012e-05,0.00010211223834758642,0.9559594689762467,0.9761682334000354,4.7138202035142994e-30,3.372654795555789e-05,0.9761682334000354,0.08188161768660511
RCSE_000098752,4507032384_00010,ESCALATE,CONTROLLED_MISSINGNESS,MISSING_INVOICE_VALUE,1.0,54889.0,R4_99_100,ood_test_r4,ESCALATE,ESCALATE,0.10312731912284104,0.02369592781366141,2.5964088692215638e-05,0.00010211223834758642,0.8968467167884667,0.9761682334000354,2.0615522199082883e-17,3.372654795555789e-05,0.9761682334000354,0.08188161768660511
RCSE_000102351,4507023232_00010,ESCALATE,CONTROLLED_MISSINGNESS,MISSING_INVOICE_VALUE,1.0,127742.0,R4_99_100,ood_test_r4,ESCALATE,ESCALATE,0.03463676419930468,0.02369592781366141,2.2950769935889996e-05,0.00010211223834758642,0.9653402850307595,0.9761682334000354,6.6511327061271816e-34,3.372654795555789e-05,0.9761682334000354,0.08188161768660511
RCSE_000103210,4507012170_00010,ESCALATE,CONTROLLED_MISSINGNESS,MISSING_INVOICE_VALUE,1.0,101595.0,R4_99_100,ood_test_r4,ESCALATE,ESCALATE,0.04205676295897179,0.02369592781366141,6.643672851559832e-06,0.00010211223834758642,0.9579365933681767,0.9761682334000354,2.8827716369173393e-28,3.372654795555789e-05,0.9761682334000354,0.08188161768660511
RCSE_000101437,4507003965_00260,ESCALATE,CONTROLLED_MISSINGNESS,MISSING_INVOICE_VALUE,1.0,84470.0,R4_99_100,ood_test_r4,ESCALATE,ESCALATE,0.05205195208853684,0.02369592781366141,1.1819229285958734e-05,0.00010211223834758642,0.9479362286821772,0.9761682334000354,2.2503730552933424e-33,3.372654795555789e-05,0.9761682334000354,0.08188161768660511
RCSE_000105837,4507023681_00010,ESCALATE,CONTROLLED_MISSINGNESS,MISSING_INVOICE_VALUE,1.0,49384.0,R4_99_100,ood_test_r4,ESCALATE,ESCALATE,0.0956903923229024,0.02369592781366141,1.0855352598836198e-06,0.00010211223834758642,0.9043085221418375,0.9761682334000354,1.2652986359221284e-16,3.372654795555789e-05,0.9761682334000354,0.08188161768660511
RCSE_000103345,4507028945_00010,ESCALATE,CONTROLLED_MISSINGNESS,MISSING_INVOICE_VALUE,1.0,54871.0,R4_99_100,ood_test_r4,ESCALATE,ESCALATE,0.0856038167529609,0.02369592781366141,4.519935706518025e-06,0.00010211223834758642,0.9143916633113326,0.9761682334000354,2.3985250743661417e-17,3.372654795555789e-05,0.9761682334000354,0.08188161768660511
RCSE_000107638,4507014507_00010,ESCALATE,CONTROLLED_MISSINGNESS,MISSING_INVOICE_VALUE,1.0,112178.0,R4_99_100,ood_test_r4,ESCALATE,ESCALATE,0.0442772067809625,0.02369592781366141,9.335360842794187e-06,0.00010211223834758642,0.9557134578581946,0.9761682334000354,1.0718844667433724e-30,3.372654795555789e-05,0.9761682334000354,0.08188161768660511
RCSE_000111515,4507030257_00010,ESCALATE,CONTROLLED_MISSINGNESS,MISSING_INVOICE_VALUE,1.0,49551.0,R4_99_100,ood_test_r4,ESCALATE,ESCALATE,0.09421500715147181,0.02369592781366141,4.9866019942002e-06,0.00010211223834758642,0.9057800062465335,0.9761682334000354,6.330217275900368e-16,3.372654795555789e-05,0.9761682334000354,0.08188161768660511
RCSE_000108901,4507034202_00010,ESCALATE,CONTROLLED_MISSINGNESS,MISSING_INVOICE_VALUE,1.0,55224.0,R4_99_100,ood_test_r4,ESCALATE,ESCALATE,0.10161868069327831,0.02369592781366141,2.534851596495344e-05,0.00010211223834758642,0.8983559707907568,0.9761682334000354,1.1723141714779493e-17,3.372654795555789e-05,0.9761682334000354,0.08188161768660511
RCSE_000097555,4507036878_00010,ESCALATE,CONTROLLED_MISSINGNESS,MISSING_INVOICE_VALUE,1.0,54484.0,R4_99_100,ood_test_r4,ESCALATE,ESCALATE,0.08526738760626988,0.02369592781366141,9.104987609109002e-06,0.00010211223834758642,0.9147235074061209,0.9761682334000354,3.569117095011147e-17,3.372654795555789e-05,0.9761682334000354,0.08188161768660511
RCSE_000101051,4507040446_00010,ESCALATE,CONTROLLED_MISSINGNESS,MISSING_INVOICE_VALUE,1.0,51827.0,R4_99_100,ood_test_r4,ESCALATE,ESCALATE,0.0946441760366952,0.02369592781366141,4.515147080005566e-06,0.00010211223834758642,0.9053513088162248,0.9761682334000354,3.7157445242743687e-17,3.372654795555789e-05,0.9761682334000354,0.08188161768660511
RCSE_000098702,4507035763_00010,ESCALATE,CONTROLLED_MISSINGNESS,MISSING_INVOICE_VALUE,1.0,58799.0,R4_99_100,ood_test_r4,ESCALATE,ESCALATE,0.10648543236263971,0.02369592781366141,2.449316766654972e-05,0.00010211223834758642,0.8934900744696938,0.9761682334000354,5.5973383446862954e-18,3.372654795555789e-05,0.9761682334000354,0.08188161768660511
RCSE_000107534,4507018878_00010,ESCALATE,CONTROLLED_MISSINGNESS,MISSING_INVOICE_VALUE,1.0,76321.0,R4_99_100,ood_test_r4,ESCALATE,ESCALATE,0.07664130970715279,0.02369592781366141,9.424110105771326e-06,0.00010211223834758642,0.9233492661827414,0.9761682334000354,1.375475016090576e-22,3.372654795555789e-05,0.9761682334000354,0.08188161768660511
RCSE_000107318,4507029017_00010,ESCALATE,CONTROLLED_MISSINGNESS,MISSING_INVOICE_VALUE,1.0,100597.0,R4_99_100,ood_test_r4,ESCALATE,ESCALATE,0.06860795830561325,0.02369592781366141,4.308459526918567e-05,0.00010211223834758642,0.9313489570991175,0.9761682334000354,1.596659499070048e-27,3.372654795555789e-05,0.9761682334000354,0.08188161768660511
RCSE_000097662,4507023051_00010,ESCALATE,CONTROLLED_MISSINGNESS,MISSING_INVOICE_VALUE,1.0,112178.0,R4_99_100,ood_test_r4,ESCALATE,ESCALATE,0.04498005666704487,0.02369592781366141,1.6251451511191476e-05,0.00010211223834758642,0.955003691881444,0.9761682334000354,1.1719442515406875e-30,3.372654795555789e-05,0.9761682334000354,0.08188161768660511
RCSE_000106649,4507014504_00010,ESCALATE,CONTROLLED_MISSINGNESS,MISSING_INVOICE_VALUE,1.0,112178.0,R4_99_100,ood_test_r4,ESCALATE,ESCALATE,0.043895996828322535,0.02369592781366141,6.9534015621910455e-06,0.00010211223834758642,0.9560970497701154,0.9761682334000354,1.0275400360209121e-30,3.372654795555789e-05,0.9761682334000354,0.08188161768660511
RCSE_000109754,4507023053_00010,ESCALATE,CONTROLLED_MISSINGNESS,MISSING_INVOICE_VALUE,1.0,112178.0,R4_99_100,ood_test_r4,ESCALATE,ESCALATE,0.04491192772398689,0.02369592781366141,1.6063764968374095e-05,0.00010211223834758642,0.9550720085110447,0.9761682334000354,1.1973458088660536e-30,3.372654795555789e-05,0.9761682334000354,0.08188161768660511
RCSE_000110724,4507040121_00010,ESCALATE,CONTROLLED_MISSINGNESS,MISSING_INVOICE_VALUE,1.0,58117.0,R4_99_100,ood_test_r4,ESCALATE,ESCALATE,0.10472988083400507,0.02369592781366141,2.5769631767844416e-05,0.00010211223834758642,0.8952443495342269,0.9761682334000354,8.404028299287384e-18,3.372654795555789e-05,0.9761682334000354,0.08188161768660511
RCSE_000106544,4507037188_00010,ESCALATE,CONTROLLED_MISSINGNESS,MISSING_INVOICE_VALUE,1.0,89373.0,R4_99_100,ood_test_r4,ESCALATE,ESCALATE,0.0636562833130081,0.02369592781366141,7.174877415411998e-05,0.00010211223834758642,0.9362719679128377,0.9761682334000354,1.2732877574647266e-24,3.372654795555789e-05,0.9761682334000354,0.08188161768660511
RCSE_000107279,4507036324_00010,ESCALATE,CONTROLLED_MISSINGNESS,MISSING_INVOICE_VALUE,1.0,55827.0,R4_99_100,ood_test_r4,ESCALATE,ESCALATE,0.08279952467160191,0.02369592781366141,5.932864844479686e-06,0.00010211223834758642,0.9171945424635536,0.9761682334000354,8.163455027590142e-18,3.372654795555789e-05,0.9761682334000354,0.08188161768660511
RCSE_000105404,4507037017_00010,ESCALATE,CONTROLLED_MISSINGNESS,MISSING_INVOICE_VALUE,1.0,49575.0,R4_99_100,ood_test_r4,ESCALATE,ESCALATE,0.09371861144456782,0.02369592781366141,5.570661260931882e-06,0.00010211223834758642,0.9062758178941704,0.9761682334000354,7.493993565085687e-16,3.372654795555789e-05,0.9761682334000354,0.08188161768660511
RCSE_000099343,4507036853_00010,ESCALATE,CONTROLLED_MISSINGNESS,MISSING_INVOICE_VALUE,1.0,70200.0,R4_99_100,ood_test_r4,ESCALATE,ESCALATE,0.09040738860879036,0.02369592781366141,3.0981724637288685e-05,0.00010211223834758642,0.9095616296665723,0.9761682334000354,7.162250858718724e-21,3.372654795555789e-05,0.9761682334000354,0.08188161768660511
RCSE_000099483,4507034493_00010,ESCALATE,CONTROLLED_MISSINGNESS,MISSING_INVOICE_VALUE,1.0,58058.0,R4_99_100,ood_test_r4,ESCALATE,ESCALATE,0.10682257914657592,0.02369592781366141,2.2521971143112356e-06,0.00010211223834758642,0.8931751686563097,0.9761682334000354,6.4495148100257386e-18,3.372654795555789e-05,0.9761682334000354,0.08188161768660511
RCSE_000111164,4507035191_00010,ESCALATE,CONTROLLED_MISSINGNESS,MISSING_INVOICE_VALUE,1.0,57546.0,R4_99_100,ood_test_r4,ESCALATE,ESCALATE,0.1090501973439005,0.02369592781366141,1.5039807596055146e-05,0.00010211223834758642,0.8909347628485034,0.9761682334000354,6.997687683820068e-18,3.372654795555789e-05,0.9761682334000354,0.08188161768660511
RCSE_000098429,4507031061_00020,ESCALATE,CONTROLLED_MISSINGNESS,MISSING_INVOICE_VALUE,1.0,86682.0,R4_99_100,ood_test_r4,ESCALATE,ESCALATE,0.06774642651559959,0.02369592781366141,1.3197028611278691e-05,0.00010211223834758642,0.9322403764557892,0.9761682334000354,1.6268438006444015e-24,3.372654795555789e-05,0.9761682334000354,0.08188161768660511
RCSE_000096993,4507039085_00010,ESCALATE,CONTROLLED_MISSINGNESS,MISSING_INVOICE_VALUE,1.0,50146.0,R4_99_100,ood_test_r4,ESCALATE,ESCALATE,0.08607587432490983,0.02369592781366141,4.014356490693297e-06,0.00010211223834758642,0.9139201113185988,0.9761682334000354,5.322774119044988e-16,3.372654795555789e-05,0.9761682334000354,0.08188161768660511
RCSE_000097112,4507030554_00010,ESCALATE,CONTROLLED_MISSINGNESS,MISSING_INVOICE_VALUE,1.0,112453.0,R4_99_100,ood_test_r4,ESCALATE,ESCALATE,0.04392785670610017,0.02369592781366141,3.154175211473554e-05,0.00010211223834758642,0.9560406015417849,0.9761682334000354,2.6069273215329553e-30,3.372654795555789e-05,0.9761682334000354,0.08188161768660511
RCSE_000099290,4507040603_00010,ESCALATE,CONTROLLED_MISSINGNESS,MISSING_INVOICE_VALUE,1.0,54778.0,R4_99_100,ood_test_r4,ESCALATE,ESCALATE,0.08716316292330101,0.02369592781366141,6.1897800532018115e-06,0.00010211223834758642,0.9128306472966459,0.9761682334000354,4.169117770256628e-17,3.372654795555789e-05,0.9761682334000354,0.08188161768660511
RCSE_000102200,4507039680_00010,ESCALATE,CONTROLLED_MISSINGNESS,MISSING_INVOICE_VALUE,1.0,56752.0,R4_99_100,ood_test_r4,ESCALATE,ESCALATE,0.0993369628836728,0.02369592781366141,1.5351896310107317e-05,0.00010211223834758642,0.9006476852200173,0.9761682334000354,5.954316804185686e-18,3.372654795555789e-05,0.9761682334000354,0.08188161768660511
RCSE_000098253,4508046369_00010,ESCALATE,CONTROLLED_MISSINGNESS,MISSING_INVOICE_VALUE,1.0,130700.0,R4_99_100,ood_test_r4,ESCALATE,ESCALATE,0.036449288792725076,0.02369592781366141,0.00012890381578458497,0.00010211223834758642,0.9634218073914903,0.9761682334000354,1.6281308734955807e-34,3.372654795555789e-05,0.9761682334000354,0.08188161768660511
RCSE_000104506,2000033513_00001,ESCALATE,CONTROLLED_MISSINGNESS,MISSING_INVOICE_VALUE,1.0,51961.0,R4_99_100,ood_test_r4,ESCALATE,ESCALATE,0.1030377482755373,0.02369592781366141,2.4803079444441496e-06,0.00010211223834758642,0.8969597714165184,0.9761682334000354,2.651710349720141e-21,3.372654795555789e-05,0.9761682334000354,0.08188161768660511
RCSE_000108537,4507026133_00010,ESCALATE,CONTROLLED_MISSINGNESS,MISSING_INVOICE_VALUE,1.0,132540.0,R4_99_100,ood_test_r4,ESCALATE,ESCALATE,0.03473038812593053,0.02369592781366141,6.599704632943467e-05,0.00010211223834758642,0.9652036148277401,0.9761682334000354,4.035761985184496e-35,3.372654795555789e-05,0.9761682334000354,0.08188161768660511
RCSE_000104247,4508043122_00010,ESCALATE,CONTROLLED_MISSINGNESS,MISSING_INVOICE_VALUE,1.0,113463.0,R4_99_100,ood_test_r4,ESCALATE,ESCALATE,0.032447157148414965,0.02369592781366141,1.4108019303557043e-05,0.00010211223834758642,0.9675387348322815,0.9761682334000354,6.969818650251925e-31,3.372654795555789e-05,0.9761682334000354,0.08188161768660511
RCSE_000110327,4507041565_00010,ESCALATE,CONTROLLED_MISSINGNESS,MISSING_INVOICE_VALUE,1.0,56752.0,R4_99_100,ood_test_r4,ESCALATE,ESCALATE,0.09844293218534048,0.02369592781366141,1.364072731977491e-05,0.00010211223834758642,0.9015434270873398,0.9761682334000354,6.60369649015488e-18,3.372654795555789e-05,0.9761682334000354,0.08188161768660511
RCSE_000109881,4507041273_00030,ESCALATE,CONTROLLED_MISSINGNESS,MISSING_INVOICE_VALUE,1.0,52611.0,R4_99_100,ood_test_r4,ESCALATE,ESCALATE,0.11484170213840889,0.02369592781366141,6.76846714964988e-06,0.00010211223834758642,0.8851515293944413,0.9761682334000354,5.92532263185445e-17,3.372654795555789e-05,0.9761682334000354,0.08188161768660511
RCSE_000106098,4507041068_00030,ESCALATE,CONTROLLED_MISSINGNESS,MISSING_INVOICE_VALUE,1.0,50471.0,R4_99_100,ood_test_r4,ESCALATE,ESCALATE,0.0853034637487706,0.02369592781366141,1.124110387405294e-05,0.00010211223834758642,0.914685295147355,0.9761682334000354,3.847473552449765e-16,3.372654795555789e-05,0.9761682334000354,0.08188161768660511
RCSE_000104443,4508043527_00010,ESCALATE,CONTROLLED_MISSINGNESS,MISSING_INVOICE_VALUE,1.0,49211.0,R4_99_100,ood_test_r4,ESCALATE,ESCALATE,0.09428956082202622,0.02369592781366141,4.555405774557086e-06,0.00010211223834758642,0.9057058837721983,0.9761682334000354,7.814559794975472e-16,3.372654795555789e-05,0.9761682334000354,0.08188161768660511
RCSE_000106073,4508042546_00010,ESCALATE,CONTROLLED_MISSINGNESS,MISSING_INVOICE_VALUE,1.0,55744.0,R4_99_100,ood_test_r4,ESCALATE,ESCALATE,0.08906133843130222,0.02369592781366141,1.7663496016478682e-06,0.00010211223834758642,0.9109368952190962,0.9761682334000354,1.0589947572900716e-17,3.372654795555789e-05,0.9761682334000354,0.08188161768660511
RCSE_000100418,4507035351_00010,ESCALATE,CONTROLLED_MISSINGNESS,MISSING_INVOICE_VALUE,1.0,107955.0,R4_99_100,ood_test_r4,ESCALATE,ESCALATE,0.048147220634875476,0.02369592781366141,1.4771111267177522e-05,0.00010211223834758642,0.9518380082538573,0.9761682334000354,1.8932786302669443e-29,3.372654795555789e-05,0.9761682334000354,0.08188161768660511
RCSE_000107264,4507035841_00010,ESCALATE,CONTROLLED_MISSINGNESS,MISSING_INVOICE_VALUE,1.0,58799.0,R4_99_100,ood_test_r4,ESCALATE,ESCALATE,0.10274679010522007,0.02369592781366141,8.182546947101287e-06,0.00010211223834758642,0.8972450273478328,0.9761682334000354,1.728238048072186e-18,3.372654795555789e-05,0.9761682334000354,0.08188161768660511
RCSE_000107849,4507038890_00010,ESCALATE,CONTROLLED_MISSINGNESS,MISSING_INVOICE_VALUE,1.0,112453.0,R4_99_100,ood_test_r4,ESCALATE,ESCALATE,0.0451826420826054,0.02369592781366141,2.2989811447489883e-05,0.00010211223834758642,0.9547943681059471,0.9761682334000354,1.921081417507612e-30,3.372654795555789e-05,0.9761682334000354,0.08188161768660511
RCSE_000109190,4507039669_00010,ESCALATE,CONTROLLED_MISSINGNESS,MISSING_INVOICE_VALUE,1.0,132304.0,R4_99_100,ood_test_r4,ESCALATE,ESCALATE,0.03248263765509698,0.02369592781366141,2.9256302650432438e-05,0.00010211223834758642,0.9674881060422524,0.9761682334000354,3.119435748495203e-35,3.372654795555789e-05,0.9761682334000354,0.08188161768660511
RCSE_000105787,4507038877_00010,ESCALATE,CONTROLLED_MISSINGNESS,MISSING_INVOICE_VALUE,1.0,112453.0,R4_99_100,ood_test_r4,ESCALATE,ESCALATE,0.045621021946730615,0.02369592781366141,2.284252763250074e-05,0.00010211223834758642,0.9543561355256368,0.9761682334000354,1.580825091685285e-30,3.372654795555789e-05,0.9761682334000354,0.08188161768660511
RCSE_000100087,4508051982_00010,ESCALATE,CONTROLLED_MISSINGNESS,MISSING_INVOICE_VALUE,1.0,56088.0,R4_99_100,ood_test_r4,ESCALATE,ESCALATE,0.1018821893379965,0.02369592781366141,3.139551840882558e-05,0.00010211223834758642,0.8980864151435947,0.9761682334000354,1.924179323665034e-17,3.372654795555789e-05,0.9761682334000354,0.08188161768660511
RCSE_000108176,4508047741_00010,ESCALATE,CONTROLLED_MISSINGNESS,MISSING_INVOICE_VALUE,1.0,54314.0,R4_99_100,ood_test_r4,ESCALATE,ESCALATE,0.0875913478063656,0.02369592781366141,5.948831248722609e-06,0.00010211223834758642,0.9124027033623858,0.9761682334000354,5.452609812375599e-17,3.372654795555789e-05,0.9761682334000354,0.08188161768660511
RCSE_000099346,4508043766_00010,ESCALATE,CONTROLLED_MISSINGNESS,MISSING_INVOICE_VALUE,1.0,54746.0,R4_99_100,ood_test_r4,ESCALATE,ESCALATE,0.08832033020470667,0.02369592781366141,9.342455279051316e-06,0.00010211223834758642,0.9116703273400143,0.9761682334000354,2.0685042235270217e-17,3.372654795555789e-05,0.9761682334000354,0.08188161768660511
RCSE_000110120,4508051576_00010,ESCALATE,CONTROLLED_MISSINGNESS,MISSING_INVOICE_VALUE,1.0,52255.0,R4_99_100,ood_test_r4,ESCALATE,ESCALATE,0.08455041513467933,0.02369592781366141,6.42633485604514e-06,0.00010211223834758642,0.9154431585304643,0.9761682334000354,1.7629376793233097e-16,3.372654795555789e-05,0.9761682334000354,0.08188161768660511
RCSE_000101292,4507040312_00020,ESCALATE,CONTROLLED_MISSINGNESS,MISSING_INVOICE_VALUE,1.0,129197.0,R4_99_100,ood_test_r4,ESCALATE,ESCALATE,0.034515490499920906,0.02369592781366141,3.6392482940656155e-05,0.00010211223834758642,0.9654481170171385,0.9761682334000354,2.1147306632984993e-34,3.372654795555789e-05,0.9761682334000354,0.08188161768660511
RCSE_000099734,4508051122_00010,ESCALATE,CONTROLLED_MISSINGNESS,MISSING_INVOICE_VALUE,1.0,50749.0,R4_99_100,ood_test_r4,ESCALATE,ESCALATE,0.15984304640144345,0.02369592781366141,1.8226563916184122e-05,0.00010211223834758642,0.8401387270346402,0.9761682334000354,2.6722085929942163e-16,3.372654795555789e-05,0.9761682334000354,0.08188161768660511
RCSE_000103006,4508053201_00010,ESCALATE,CONTROLLED_MISSINGNESS,MISSING_INVOICE_VALUE,1.0,67342.0,R4_99_100,ood_test_r4,ESCALATE,ESCALATE,0.09002319314879444,0.02369592781366141,2.3652649188668622e-05,0.00010211223834758642,0.909953154202017,0.9761682334000354,6.441763317643883e-20,3.372654795555789e-05,0.9761682334000354,0.08188161768660511
RCSE_000104809,4508045101_00010,ESCALATE,CONTROLLED_MISSINGNESS,MISSING_INVOICE_VALUE,1.0,129197.0,R4_99_100,ood_test_r4,ESCALATE,ESCALATE,0.03443901660060349,0.02369592781366141,4.973701166803424e-05,0.00010211223834758642,0.9655112463877285,0.9761682334000354,2.763838023068166e-34,3.372654795555789e-05,0.9761682334000354,0.08188161768660511
RCSE_000111008,4507041960_00020,ESCALATE,CONTROLLED_MISSINGNESS,MISSING_INVOICE_VALUE,1.0,50184.0,R4_99_100,ood_test_r4,ESCALATE,ESCALATE,0.11246484689992013,0.02369592781366141,9.567550203306067e-06,0.00010211223834758642,0.887525585549876,0.9761682334000354,5.203993040232173e-16,3.372654795555789e-05,0.9761682334000354,0.08188161768660511
RCSE_000109569,4508046047_00020,ESCALATE,CONTROLLED_MISSINGNESS,MISSING_INVOICE_VALUE,1.0,129197.0,R4_99_100,ood_test_r4,ESCALATE,ESCALATE,0.03439269304601652,0.02369592781366141,5.390139240803509e-05,0.00010211223834758642,0.9655534055615753,0.9761682334000354,3.005894302258382e-34,3.372654795555789e-05,0.9761682334000354,0.08188161768660511
RCSE_000097588,4508049828_00010,ESCALATE,CONTROLLED_MISSINGNESS,MISSING_INVOICE_VALUE,1.0,56752.0,R4_99_100,ood_test_r4,ESCALATE,ESCALATE,0.09869002237229732,0.02369592781366141,1.6699076494549594e-05,0.00010211223834758642,0.9012932785512081,0.9761682334000354,7.25199129307091e-18,3.372654795555789e-05,0.9761682334000354,0.08188161768660511
RCSE_000107317,4507018510_00010,ESCALATE,CONTROLLED_MISSINGNESS,MISSING_INVOICE_VALUE,1.0,96994.0,R4_99_100,ood_test_r4,ESCALATE,ESCALATE,0.05463746262701642,0.02369592781366141,6.292042074244578e-06,0.00010211223834758642,0.9453562453309093,0.9761682334000354,2.0266916518131994e-27,3.372654795555789e-05,0.9761682334000354,0.08188161768660511
RCSE_000107618,2000052709_00001,ESCALATE,CONTROLLED_MISSINGNESS,MISSING_INVOICE_VALUE,1.0,117303.0,R4_99_100,ood_test_r4,ESCALATE,ESCALATE,0.03652283423729191,0.02369592781366141,5.120256454205861e-06,0.00010211223834758642,0.9634720455062539,0.9761682334000354,9.36297117861782e-33,3.372654795555789e-05,0.9761682334000354,0.08188161768660511
RCSE_000100699,4508051611_00010,ESCALATE,CONTROLLED_MISSINGNESS,MISSING_INVOICE_VALUE,1.0,59917.0,R4_99_100,ood_test_r4,ESCALATE,ESCALATE,0.09885744630542266,0.02369592781366141,4.741094057263245e-05,0.00010211223834758642,0.9010951427540046,0.9761682334000354,7.581757395523165e-18,3.372654795555789e-05,0.9761682334000354,0.08188161768660511
RCSE_000098061,4508051644_00010,ESCALATE,CONTROLLED_MISSINGNESS,MISSING_INVOICE_VALUE,1.0,83321.0,R4_99_100,ood_test_r4,ESCALATE,ESCALATE,0.078417151898956,0.02369592781366141,4.7378041861967193e-05,0.00010211223834758642,0.921535470059182,0.9761682334000354,8.663186815567911e-24,3.372654795555789e-05,0.9761682334000354,0.08188161768660511
RCSE_000097276,4508048073_00010,ESCALATE,CONTROLLED_MISSINGNESS,MISSING_INVOICE_VALUE,1.0,53780.0,R4_99_100,ood_test_r4,ESCALATE,ESCALATE,0.09018377474250469,0.02369592781366141,1.6833574511506196e-06,0.00010211223834758642,0.9098145419000443,0.9761682334000354,2.4091208451845588e-17,3.372654795555789e-05,0.9761682334000354,0.08188161768660511
RCSE_000097819,2000033540_00001,ESCALATE,CONTROLLED_MISSINGNESS,MISSING_INVOICE_VALUE,1.0,133384.0,R4_99_100,ood_test_r4,ESCALATE,ESCALATE,0.032501561644644045,0.02369592781366141,1.6198841033385506e-06,0.00010211223834758642,0.9674968184712526,0.9761682334000354,2.458493470646777e-37,3.372654795555789e-05,0.9761682334000354,0.08188161768660511
RCSE_000105613,4507038939_00010,ESCALATE,CONTROLLED_MISSINGNESS,MISSING_INVOICE_VALUE,1.0,112453.0,R4_99_100,ood_test_r4,ESCALATE,ESCALATE,0.04453120451780702,0.02369592781366141,1.2414410127701879e-05,0.00010211223834758642,0.9554563810720653,0.9761682334000354,1.6401932579040666e-30,3.372654795555789e-05,0.9761682334000354,0.08188161768660511
RCSE_000102084,4508044944_00010,ESCALATE,CONTROLLED_MISSINGNESS,MISSING_INVOICE_VALUE,1.0,107955.0,R4_99_100,ood_test_r4,ESCALATE,ESCALATE,0.048742189578997404,0.02369592781366141,1.9911544775480514e-05,0.00010211223834758642,0.9512378988762269,0.9761682334000354,1.8418483553941384e-29,3.372654795555789e-05,0.9761682334000354,0.08188161768660511
RCSE_000111387,4508060107_00010,ESCALATE,CONTROLLED_MISSINGNESS,MISSING_INVOICE_VALUE,1.0,58899.0,R4_99_100,ood_test_r4,ESCALATE,ESCALATE,0.08234546322790823,0.02369592781366141,4.679830915991574e-06,0.00010211223834758642,0.9176498569411757,0.9761682334000354,2.695317786339732e-19,3.372654795555789e-05,0.9761682334000354,0.08188161768660511
RCSE_000099401,4507038940_00010,ESCALATE,CONTROLLED_MISSINGNESS,MISSING_INVOICE_VALUE,1.0,112453.0,R4_99_100,ood_test_r4,ESCALATE,ESCALATE,0.04455650744167549,0.02369592781366141,1.0023744917571143e-05,0.00010211223834758642,0.955433468813407,0.9761682334000354,1.3906623564356245e-30,3.372654795555789e-05,0.9761682334000354,0.08188161768660511
RCSE_000097065,4508046148_00010,ESCALATE,CONTROLLED_MISSINGNESS,MISSING_INVOICE_VALUE,1.0,56009.0,R4_99_100,ood_test_r4,ESCALATE,ESCALATE,0.10172587425766215,0.02369592781366141,9.715616537600669e-06,0.00010211223834758642,0.8982644101258003,0.9761682334000354,5.180945589318561e-18,3.372654795555789e-05,0.9761682334000354,0.08188161768660511
RCSE_000100552,4508046147_00010,ESCALATE,CONTROLLED_MISSINGNESS,MISSING_INVOICE_VALUE,1.0,56009.0,R4_99_100,ood_test_r4,ESCALATE,ESCALATE,0.1026852409137367,0.02369592781366141,9.202094305165037e-06,0.00010211223834758642,0.8973055569919581,0.9761682334000354,7.227199234714919e-18,3.372654795555789e-05,0.9761682334000354,0.08188161768660511
RCSE_000099957,4508057383_00010,ESCALATE,CONTROLLED_MISSINGNESS,MISSING_INVOICE_VALUE,1.0,52093.0,R4_99_100,ood_test_r4,ESCALATE,ESCALATE,0.08167403061105016,0.02369592781366141,8.856592555511362e-06,0.00010211223834758642,0.9183171127963937,0.9761682334000354,5.984194901232013e-16,3.372654795555789e-05,0.9761682334000354,0.08188161768660511
RCSE_000099907,4508056995_00010,ESCALATE,CONTROLLED_MISSINGNESS,MISSING_INVOICE_VALUE,1.0,51615.0,R4_99_100,ood_test_r4,ESCALATE,ESCALATE,0.11739369768995601,0.02369592781366141,1.3686036158910868e-05,0.00010211223834758642,0.8825926162738849,0.9761682334000354,1.7533938570964053e-16,3.372654795555789e-05,0.9761682334000354,0.08188161768660511
RCSE_000098348,4508053159_00020,ESCALATE,CONTROLLED_MISSINGNESS,MISSING_INVOICE_VALUE,1.0,133811.0,R4_99_100,ood_test_r4,ESCALATE,ESCALATE,0.03164273343839455,0.02369592781366141,4.864707528260862e-05,0.00010211223834758642,0.968308619486323,0.9761682334000354,2.560831421825173e-35,3.372654795555789e-05,0.9761682334000354,0.08188161768660511
RCSE_000110445,4508048711_00010,ESCALATE,CONTROLLED_MISSINGNESS,MISSING_INVOICE_VALUE,1.0,133811.0,R4_99_100,ood_test_r4,ESCALATE,ESCALATE,0.03207952143605074,0.02369592781366141,3.8065958490423114e-05,0.00010211223834758642,0.9678824126054588,0.9761682334000354,3.053172896114805e-35,3.372654795555789e-05,0.9761682334000354,0.08188161768660511
RCSE_000110007,4508052137_00010,ESCALATE,CONTROLLED_MISSINGNESS,MISSING_INVOICE_VALUE,1.0,133811.0,R4_99_100,ood_test_r4,ESCALATE,ESCALATE,0.032010390933960686,0.02369592781366141,5.667987340518609e-05,0.00010211223834758642,0.9679329291926342,0.9761682334000354,2.4002750378683843e-35,3.372654795555789e-05,0.9761682334000354,0.08188161768660511
RCSE_000102761,4508053154_00010,ESCALATE,CONTROLLED_MISSINGNESS,MISSING_INVOICE_VALUE,1.0,133811.0,R4_99_100,ood_test_r4,ESCALATE,ESCALATE,0.031740013498250806,0.02369592781366141,4.9556721840623154e-05,0.00010211223834758642,0.9682104297799087,0.9761682334000354,2.4452508811279046e-35,3.372654795555789e-05,0.9761682334000354,0.08188161768660511
RCSE_000110993,4508053156_00010,ESCALATE,CONTROLLED_MISSINGNESS,MISSING_INVOICE_VALUE,1.0,133811.0,R4_99_100,ood_test_r4,ESCALATE,ESCALATE,0.03196458172372002,0.02369592781366141,4.658694135502665e-05,0.00010211223834758642,0.967988831334925,0.9761682334000354,3.6024231033603496e-35,3.372654795555789e-05,0.9761682334000354,0.08188161768660511
RCSE_000101809,4508055968_00010,ESCALATE,CONTROLLED_MISSINGNESS,MISSING_INVOICE_VALUE,1.0,59917.0,R4_99_100,ood_test_r4,ESCALATE,ESCALATE,0.10152189169847511,0.02369592781366141,1.6925383423091337e-05,0.00010211223834758642,0.8984611829181016,0.9761682334000354,2.5444753012532887e-18,3.372654795555789e-05,0.9761682334000354,0.08188161768660511
RCSE_000105914,4508056239_00010,ESCALATE,CONTROLLED_MISSINGNESS,MISSING_INVOICE_VALUE,1.0,77917.0,R4_99_100,ood_test_r4,ESCALATE,ESCALATE,0.03852398978505675,0.02369592781366141,2.9747022825142647e-06,0.00010211223834758642,0.9614730355126606,0.9761682334000354,3.434010062990553e-23,3.372654795555789e-05,0.9761682334000354,0.08188161768660511
RCSE_000097700,4508056500_00010,ESCALATE,CONTROLLED_MISSINGNESS,MISSING_INVOICE_VALUE,1.0,53271.0,R4_99_100,ood_test_r4,ESCALATE,ESCALATE,0.08213731137915269,0.02369592781366141,2.6020975260453304e-06,0.00010211223834758642,0.9178600865233213,0.9761682334000354,6.630510656552863e-17,3.372654795555789e-05,0.9761682334000354,0.08188161768660511
RCSE_000109022,4508056672_00010,ESCALATE,CONTROLLED_MISSINGNESS,MISSING_INVOICE_VALUE,1.0,59755.0,R4_99_100,ood_test_r4,ESCALATE,ESCALATE,0.10193142359059337,0.02369592781366141,8.345734473256227e-06,0.00010211223834758642,0.8980602306749333,0.9761682334000354,1.2113141152739491e-18,3.372654795555789e-05,0.9761682334000354,0.08188161768660511
RCSE_000110037,4508061704_00010,ESCALATE,CONTROLLED_MISSINGNESS,MISSING_INVOICE_VALUE,1.0,56700.0,R4_99_100,ood_test_r4,ESCALATE,ESCALATE,0.08349565689367017,0.02369592781366141,4.827693652876512e-06,0.00010211223834758642,0.916499515412677,0.9761682334000354,1.4686683307016053e-17,3.372654795555789e-05,0.9761682334000354,0.08188161768660511
RCSE_000106117,4508057346_00010,ESCALATE,CONTROLLED_MISSINGNESS,MISSING_INVOICE_VALUE,1.0,56752.0,R4_99_100,ood_test_r4,ESCALATE,ESCALATE,0.09767370468220506,0.02369592781366141,8.298209879214645e-06,0.00010211223834758642,0.9023179971079157,0.9761682334000354,4.929029310227871e-18,3.372654795555789e-05,0.9761682334000354,0.08188161768660511
RCSE_000096830,4508058171_00010,ESCALATE,CONTROLLED_MISSINGNESS,MISSING_INVOICE_VALUE,1.0,49690.0,R4_99_100,ood_test_r4,ESCALATE,ESCALATE,0.08441993764534314,0.02369592781366141,4.748322995259944e-06,0.00010211223834758642,0.9155753140316603,0.9761682334000354,1.4530425874559484e-15,3.372654795555789e-05,0.9761682334000354,0.08188161768660511
RCSE_000108671,4508066950_00010,ESCALATE,CONTROLLED_MISSINGNESS,MISSING_INVOICE_VALUE,1.0,55886.0,R4_99_100,ood_test_r4,ESCALATE,ESCALATE,0.10154863464823692,0.02369592781366141,2.5740222280199246e-05,0.00010211223834758642,0.8984256251294829,0.9761682334000354,2.0222486977250034e-17,3.372654795555789e-05,0.9761682334000354,0.08188161768660511
RCSE_000108235,4508056631_00010,ESCALATE,CONTROLLED_MISSINGNESS,MISSING_INVOICE_VALUE,1.0,99140.0,R4_99_100,ood_test_r4,ESCALATE,ESCALATE,0.04126658508219841,0.02369592781366141,6.339933098017525e-06,0.00010211223834758642,0.9587270749847034,0.9761682334000354,1.3827444930099561e-27,3.372654795555789e-05,0.9761682334000354,0.08188161768660511
RCSE_000108157,4508063253_00010,ESCALATE,CONTROLLED_MISSINGNESS,MISSING_INVOICE_VALUE,1.0,56478.0,R4_99_100,ood_test_r4,ESCALATE,ESCALATE,0.08412605150278898,0.02369592781366141,5.633510890147937e-06,0.00010211223834758642,0.9158683149863209,0.9761682334000354,1.787837186883197e-17,3.372654795555789e-05,0.9761682334000354,0.08188161768660511
RCSE_000108277,4507025913_00010,ESCALATE,CONTROLLED_MISSINGNESS,MISSING_INVOICE_VALUE,1.0,115645.0,R4_99_100,ood_test_r4,ESCALATE,ESCALATE,0.04257191258330035,0.02369592781366141,1.6189125324686316e-06,0.00010211223834758642,0.9574264685041671,0.9761682334000354,5.930400024241299e-32,3.372654795555789e-05,0.9761682334000354,0.08188161768660511
RCSE_000102114,4508047672_00010,ESCALATE,CONTROLLED_MISSINGNESS,MISSING_INVOICE_VALUE,1.0,112453.0,R4_99_100,ood_test_r4,ESCALATE,ESCALATE,0.0442519288207712,0.02369592781366141,8.422056440037052e-06,0.00010211223834758642,0.9557396491227887,0.9761682334000354,1.4049934305756455e-30,3.372654795555789e-05,0.9761682334000354,0.08188161768660511
RCSE_000098449,4508044124_00010,ESCALATE,CONTROLLED_MISSINGNESS,MISSING_INVOICE_VALUE,1.0,106749.0,R4_99_100,ood_test_r4,ESCALATE,ESCALATE,0.03811344424732435,0.02369592781366141,5.004212004967996e-06,0.00010211223834758642,0.9618815515406707,0.9761682334000354,1.9401744149555478e-29,3.372654795555789e-05,0.9761682334000354,0.08188161768660511
RCSE_000109751,4507038960_00010,ESCALATE,CONTROLLED_MISSINGNESS,MISSING_INVOICE_VALUE,1.0,112453.0,R4_99_100,ood_test_r4,ESCALATE,ESCALATE,0.043194642478055975,0.02369592781366141,3.1801769503348085e-06,0.00010211223834758642,0.9568021773449937,0.9761682334000354,6.037685321557503e-31,3.372654795555789e-05,0.9761682334000354,0.08188161768660511
RCSE_000106205,4508059640_00010,ESCALATE,CONTROLLED_MISSINGNESS,MISSING_INVOICE_VALUE,1.0,55726.0,R4_99_100,ood_test_r4,ESCALATE,ESCALATE,0.10237100259865281,0.02369592781366141,1.0368802250038353e-05,0.00010211223834758642,0.897618628599097,0.9761682334000354,1.0188562393025983e-17,3.372654795555789e-05,0.9761682334000354,0.08188161768660511
RCSE_000108940,4508061985_00010,ESCALATE,CONTROLLED_MISSINGNESS,MISSING_INVOICE_VALUE,1.0,49550.0,R4_99_100,ood_test_r4,ESCALATE,ESCALATE,0.09588681746491717,0.02369592781366141,1.1704254170151401e-06,0.00010211223834758642,0.9041120121096654,0.9761682334000354,3.3028435685712833e-16,3.372654795555789e-05,0.9761682334000354,0.08188161768660511
RCSE_000107578,4508055583_00010,ESCALATE,CONTROLLED_MISSINGNESS,MISSING_INVOICE_VALUE,1.0,83311.0,R4_99_100,ood_test_r4,ESCALATE,ESCALATE,0.07189826068354112,0.02369592781366141,9.869041566452466e-06,0.00010211223834758642,0.9280918702748925,0.9761682334000354,1.288658287960133e-23,3.372654795555789e-05,0.9761682334000354,0.08188161768660511
RCSE_000111318,4508064917_00010,ESCALATE,CONTROLLED_MISSINGNESS,MISSING_INVOICE_VALUE,1.0,56001.0,R4_99_100,ood_test_r4,ESCALATE,ESCALATE,0.085407991352281,0.02369592781366141,4.049270253086061e-06,0.00010211223834758642,0.9145879593774658,0.9761682334000354,2.74746758744967e-17,3.372654795555789e-05,0.9761682334000354,0.08188161768660511
RCSE_000101561,4508066064_00010,ESCALATE,CONTROLLED_MISSINGNESS,MISSING_INVOICE_VALUE,1.0,50749.0,R4_99_100,ood_test_r4,ESCALATE,ESCALATE,0.16684058365386983,0.02369592781366141,1.605908355118444e-05,0.00010211223834758642,0.8331433572625789,0.9761682334000354,2.385679943055661e-16,3.372654795555789e-05,0.9761682334000354,0.08188161768660511
RCSE_000106460,4508072448_00010,ESCALATE,CONTROLLED_MISSINGNESS,MISSING_INVOICE_VALUE,1.0,51961.0,R4_99_100,ood_test_r4,ESCALATE,ESCALATE,0.14798549454360166,0.02369592781366141,2.2368392825745154e-07,0.00010211223834758642,0.8520142817724701,0.9761682334000354,1.8493434476275867e-18,3.372654795555789e-05,0.9761682334000354,0.08188161768660511
RCSE_000106115,4508047696_00010,ESCALATE,CONTROLLED_MISSINGNESS,MISSING_INVOICE_VALUE,1.0,112453.0,R4_99_100,ood_test_r4,ESCALATE,ESCALATE,0.04398447011626524,0.02369592781366141,4.4662043224100596e-06,0.00010211223834758642,0.9560110636794124,0.9761682334000354,1.769168215527908e-30,3.372654795555789e-05,0.9761682334000354,0.08188161768660511
RCSE_000102233,4508047700_00010,ESCALATE,CONTROLLED_MISSINGNESS,MISSING_INVOICE_VALUE,1.0,112453.0,R4_99_100,ood_test_r4,ESCALATE,ESCALATE,0.04381211191875656,0.02369592781366141,4.348148566308391e-06,0.00010211223834758642,0.9561835399326771,0.9761682334000354,1.8752759597937464e-30,3.372654795555789e-05,0.9761682334000354,0.08188161768660511
RCSE_000102224,4508047703_00010,ESCALATE,CONTROLLED_MISSINGNESS,MISSING_INVOICE_VALUE,1.0,112453.0,R4_99_100,ood_test_r4,ESCALATE,ESCALATE,0.04372480980825837,0.02369592781366141,4.287873270613452e-06,0.00010211223834758642,0.9562709023184711,0.9761682334000354,1.9297808759435844e-30,3.372654795555789e-05,0.9761682334000354,0.08188161768660511
RCSE_000108640,4508047707_00010,ESCALATE,CONTROLLED_MISSINGNESS,MISSING_INVOICE_VALUE,1.0,112453.0,R4_99_100,ood_test_r4,ESCALATE,ESCALATE,0.04355726737575894,0.02369592781366141,4.174880674884538e-06,0.00010211223834758642,0.9564385577435662,0.9761682334000354,2.0412560047603392e-30,3.372654795555789e-05,0.9761682334000354,0.08188161768660511
RCSE_000108897,4508071347_00010,ESCALATE,CONTROLLED_MISSINGNESS,MISSING_INVOICE_VALUE,1.0,54497.0,R4_99_100,ood_test_r4,ESCALATE,ESCALATE,0.10469351732556,0.02369592781366141,1.6725674925946464e-05,0.00010211223834758642,0.8952897569995141,0.9761682334000354,4.5495882243870116e-17,3.372654795555789e-05,0.9761682334000354,0.08188161768660511
RCSE_000100081,4508070181_00010,ESCALATE,CONTROLLED_MISSINGNESS,MISSING_INVOICE_VALUE,1.0,112453.0,R4_99_100,ood_test_r4,ESCALATE,ESCALATE,0.04622066354148367,0.02369592781366141,3.7293426758135486e-05,0.00010211223834758642,0.9537420430317581,0.9761682334000354,2.9246842546660603e-30,3.372654795555789e-05,0.9761682334000354,0.08188161768660511
RCSE_000101286,4508059463_00010,ESCALATE,CONTROLLED_MISSINGNESS,MISSING_INVOICE_VALUE,1.0,133811.0,R4_99_100,ood_test_r4,ESCALATE,ESCALATE,0.03195124568616923,0.02369592781366141,1.7851831007482014e-05,0.00010211223834758642,0.9680309024828232,0.9761682334000354,1.3895216920483528e-35,3.372654795555789e-05,0.9761682334000354,0.08188161768660511
RCSE_000104029,4508063606_00010,ESCALATE,CONTROLLED_MISSINGNESS,MISSING_INVOICE_VALUE,1.0,133811.0,R4_99_100,ood_test_r4,ESCALATE,ESCALATE,0.032217846828808204,0.02369592781366141,2.7297663723673674e-05,0.00010211223834758642,0.967754855507468,0.9761682334000354,1.6051299213588407e-35,3.372654795555789e-05,0.9761682334000354,0.08188161768660511
RCSE_000103109,4508045875_00010,ESCALATE,CONTROLLED_MISSINGNESS,MISSING_INVOICE_VALUE,1.0,51961.0,R4_99_100,ood_test_r4,ESCALATE,ESCALATE,0.1463757818835334,0.02369592781366141,3.2924953753757418e-06,0.00010211223834758642,0.8536209256210912,0.9761682334000354,7.455124979264854e-18,3.372654795555789e-05,0.9761682334000354,0.08188161768660511
RCSE_000100298,4507040672_00010,ESCALATE,CONTROLLED_MISSINGNESS,MISSING_INVOICE_VALUE,1.0,71970.0,R4_99_100,ood_test_r4,ESCALATE,ESCALATE,0.09297277640946797,0.02369592781366141,5.811373075886062e-07,0.00010211223834758642,0.9070266424532244,0.9761682334000354,2.9586405606227464e-22,3.372654795555789e-05,0.9761682334000354,0.08188161768660511
RCSE_000104912,4508069535_00010,ESCALATE,CONTROLLED_MISSINGNESS,MISSING_INVOICE_VALUE,1.0,57881.0,R4_99_100,ood_test_r4,ESCALATE,ESCALATE,0.08473767273523271,0.02369592781366141,1.7142351781636664e-06,0.00010211223834758642,0.915260613029589,0.9761682334000354,4.388247931748287e-18,3.372654795555789e-05,0.9761682334000354,0.08188161768660511
RCSE_000110484,2000052735_00001,ESCALATE,CONTROLLED_MISSINGNESS,MISSING_INVOICE_VALUE,1.0,112470.0,R4_99_100,ood_test_r4,ESCALATE,ESCALATE,0.04796019316012582,0.02369592781366141,1.6921090205041519e-06,0.00010211223834758642,0.9520381147308538,0.9761682334000354,2.231628470782183e-33,3.372654795555789e-05,0.9761682334000354,0.08188161768660511
RCSE_000104734,4508046471_00010,ESCALATE,CONTROLLED_MISSINGNESS,MISSING_INVOICE_VALUE,1.0,103091.0,R4_99_100,ood_test_r4,ESCALATE,ESCALATE,0.04188632671022244,0.02369592781366141,3.7439446380096704e-06,0.00010211223834758642,0.9581099293451397,0.9761682334000354,1.0105396470728558e-28,3.372654795555789e-05,0.9761682334000354,0.08188161768660511
RCSE_000102487,4508060541_00010,ESCALATE,CONTROLLED_MISSINGNESS,MISSING_INVOICE_VALUE,1.0,396071.0,R4_99_100,ood_test_r4,ESCALATE,ESCALATE,0.0002993015541951575,0.0013684468313181247,0.0030555918394947214,0.0743023865442263,0.9966451066063101,0.9242972322161632,1.4396038987209701e-95,3.193440829246177e-05,0.9242972322161632,0.19856804036520936
RCSE_000105017,4508070935_00040,ESCALATE,CONTROLLED_MISSINGNESS,MISSING_INVOICE_VALUE,1.0,66471.0,R4_99_100,ood_test_r4,ESCALATE,ESCALATE,0.0982087006216596,0.02369592781366141,3.4276170581976775e-05,0.00010211223834758642,0.9017570232077585,0.9761682334000354,1.307063779100808e-19,3.372654795555789e-05,0.9761682334000354,0.08188161768660511
RCSE_000102703,4508062573_00150,ESCALATE,CONTROLLED_MISSINGNESS,MISSING_INVOICE_VALUE,1.0,49320.0,R4_99_100,ood_test_r4,ESCALATE,ESCALATE,0.08972546601191579,0.02369592781366141,5.8739289898592444e-06,0.00010211223834758642,0.9102686600590886,0.9761682334000354,5.5908994995034e-15,3.372654795555789e-05,0.9761682334000354,0.08188161768660511
RCSE_000102469,2000052966_00001,ESCALATE,CONTROLLED_MISSINGNESS,MISSING_INVOICE_VALUE,1.0,129903.0,R4_99_100,ood_test_r4,ESCALATE,ESCALATE,0.029668326560626804,0.02369592781366141,4.179923950649188e-06,0.00010211223834758642,0.9703274935154225,0.9761682334000354,1.602262851977405e-35,3.372654795555789e-05,0.9761682334000354,0.08188161768660511
RCSE_000102559,2000052935_00001,ESCALATE,CONTROLLED_MISSINGNESS,MISSING_INVOICE_VALUE,1.0,58370.0,R4_99_100,ood_test_r4,ESCALATE,ESCALATE,0.12350167632814575,0.02369592781366141,1.651585402339289e-06,0.00010211223834758642,0.8764966720864519,0.9761682334000354,2.2463348116928623e-19,3.372654795555789e-05,0.9761682334000354,0.08188161768660511
RCSE_000105971,4508055465_00010,ESCALATE,CONTROLLED_MISSINGNESS,MISSING_INVOICE_VALUE,1.0,359306.0,R4_99_100,ood_test_r4,ESCALATE,ESCALATE,0.000504618745187296,0.001478132703703948,0.00032306257466637486,0.00010443601108853715,0.9991723186801462,0.9983829372207029,6.363710543404294e-87,3.4494064504541125e-05,0.9983829372207029,0.009060474494126718
RCSE_000105796,4508067016_00010,ESCALATE,CONTROLLED_MISSINGNESS,MISSING_INVOICE_VALUE,1.0,106126.0,R4_99_100,ood_test_r4,ESCALATE,ESCALATE,0.037727390593292005,0.02369592781366141,2.3419802297059575e-05,0.00010211223834758642,0.9622491896044109,0.9761682334000354,1.2803728993862557e-28,3.372654795555789e-05,0.9761682334000354,0.08188161768660511
RCSE_000100625,4508070101_00010,ESCALATE,CONTROLLED_MISSINGNESS,MISSING_INVOICE_VALUE,1.0,133811.0,R4_99_100,ood_test_r4,ESCALATE,ESCALATE,0.031965491434093725,0.02369592781366141,3.096036891145538e-05,0.00010211223834758642,0.9680035481969947,0.9761682334000354,3.613994337270021e-35,3.372654795555789e-05,0.9761682334000354,0.08188161768660511
RCSE_000090693,4507000430_00010,ESCALATE,CONTROLLED_MISSINGNESS,MISSING_PO_VALUE,1.0,3348498.0,R4_99_100,ood_test_r4,EXECUTE,EXECUTE,1.0,0.9999342478255592,5.6070883395701005e-152,0.0,2.9165724752315407e-41,0.0,0.0,6.57521744407555e-05,0.9999342478255592,0.0005041629994060935
RCSE_000083267,4507001245_00010,ESCALATE,CONTROLLED_MISSINGNESS,MISSING_PO_VALUE,1.0,57465.0,R4_99_100,ood_test_r4,EXECUTE,EXECUTE,0.596627519118131,0.5120475043992396,9.068625464366841e-08,0.00010194239551029911,0.4033723901956091,0.4878168827545135,5.3334713254543744e-15,3.367045073656265e-05,0.5120475043992396,0.5007442179902334
RCSE_000084970,4507002866_00010,ESCALATE,CONTROLLED_MISSINGNESS,MISSING_PO_VALUE,1.0,57190.0,R4_99_100,ood_test_r4,EXECUTE,EXECUTE,0.5953414180160675,0.5120475043992396,8.929438695143932e-08,0.00010194239551029911,0.40465849268954,0.4878168827545135,5.498687838050568e-15,3.367045073656265e-05,0.5120475043992396,0.5007442179902334
RCSE_000089407,2000000020_00001,ESCALATE,CONTROLLED_MISSINGNESS,MISSING_PO_VALUE,1.0,155884.0,R4_99_100,ood_test_r4,EXECUTE,EXECUTE,0.9044317563629649,0.5120997090703223,1.455348119491689e-11,0.0,0.09556824362248158,0.48786661704614465,9.277110692414044e-44,3.3673883532916135e-05,0.5120997090703223,0.5000457857569834
RCSE_000087716,4507002867_00010,ESCALATE,CONTROLLED_MISSINGNESS,MISSING_PO_VALUE,1.0,57190.0,R4_99_100,ood_test_r4,EXECUTE,EXECUTE,0.595033825641712,0.5120475043992396,8.702638518360965e-08,0.00010194239551029911,0.40496608733189726,0.4878168827545135,5.53066829884942e-15,3.367045073656265e-05,0.5120475043992396,0.5007442179902334
RCSE_000086467,4507000449_00010,ESCALATE,CONTROLLED_MISSINGNESS,MISSING_PO_VALUE,1.0,155241.0,R4_99_100,ood_test_r4,EXECUTE,EXECUTE,0.7551216355771678,0.5120475043992396,7.877233325677361e-08,0.00010194239551029911,0.24487828565049893,0.4878168827545135,1.0418297244280358e-76,3.367045073656265e-05,0.5120475043992396,0.5007442179902334
RCSE_000093871,4507003374_00020,ESCALATE,CONTROLLED_MISSINGNESS,MISSING_PO_VALUE,1.0,258473.0,R4_99_100,ood_test_r4,EXECUTE,EXECUTE,0.9971254084822272,0.9405226099305504,9.47976974689498e-17,0.0,0.002874591517772803,0.05941554459626165,3.367779550452109e-66,6.184547318796962e-05,0.9405226099305504,0.16303444156857722
RCSE_000088432,4507000449_00030,ESCALATE,CONTROLLED_MISSINGNESS,MISSING_PO_VALUE,1.0,52200.0,R4_99_100,ood_test_r4,ESCALATE,EXECUTE,0.3020517705053668,0.5120475043992396,2.030219790543714e-06,0.00010194239551029911,0.6979461992748426,0.4878168827545135,1.1695337178457882e-37,3.367045073656265e-05,0.5120475043992396,0.5007442179902334
RCSE_000095975,4507005068_00010,ESCALATE,CONTROLLED_MISSINGNESS,MISSING_PO_VALUE,1.0,54391.0,R4_99_100,ood_test_r4,EXECUTE,EXECUTE,0.5326737803030372,0.5120475043992396,3.362101524311936e-08,0.00010194239551029911,0.4673261860758566,0.4878168827545135,9.101738863776686e-14,3.367045073656265e-05,0.5120475043992396,0.5007442179902334
RCSE_000091881,2000000055_00001,ESCALATE,CONTROLLED_MISSINGNESS,MISSING_PO_VALUE,1.0,433012.0,R4_99_100,ood_test_r4,EXECUTE,EXECUTE,0.9999757325516485,0.9972899992834033,2.417676618695479e-24,0.0,2.4267448351543073e-05,0.0026444224186800446,8.199770931077831e-92,6.557829791658741e-05,0.9972899992834033,0.013729724897472394
RCSE_000082766,2000000060_00001,ESCALATE,CONTROLLED_MISSINGNESS,MISSING_PO_VALUE,1.0,356802.0,R4_99_100,ood_test_r4,EXECUTE,EXECUTE,0.9997409586384948,0.9972899992834033,1.7050883299069125e-20,0.0,0.00025904136150520956,0.0026444224186800446,1.4448379568738512e-80,6.557829791658741e-05,0.9972899992834033,0.013729724897472394
RCSE_000089577,4507004508_00010,ESCALATE,CONTROLLED_MISSINGNESS,MISSING_PO_VALUE,1.0,67342.0,R4_99_100,ood_test_r4,EXECUTE,EXECUTE,0.6813458091528848,0.5120475043992396,2.232553241380355e-08,0.00010194239551029911,0.3186541685215826,0.4878168827545135,2.443421774462124e-16,3.367045073656265e-05,0.5120475043992396,0.5007442179902334
RCSE_000090194,4507005649_00010,ESCALATE,CONTROLLED_MISSINGNESS,MISSING_PO_VALUE,1.0,370139.0,R4_99_100,ood_test_r4,EXECUTE,EXECUTE,0.9999051239136681,0.9972899992834033,2.6089796742257207e-22,0.0,9.48760863318426e-05,0.0026444224186800446,1.2623897245006305e-80,6.557829791658741e-05,0.9972899992834033,0.013729724897472394
RCSE_000083925,4507000643_00010,ESCALATE,CONTROLLED_MISSINGNESS,MISSING_PO_VALUE,1.0,207846.0,R4_99_100,ood_test_r4,EXECUTE,EXECUTE,0.9742521106079318,0.5120997090703223,2.367266320736381e-12,0.0,0.02574788938970093,0.48786661704614465,6.111112536774835e-76,3.3673883532916135e-05,0.5120997090703223,0.5000457857569834
RCSE_000084805,4507005603_00010,ESCALATE,CONTROLLED_MISSINGNESS,MISSING_PO_VALUE,1.0,57572.0,R4_99_100,ood_test_r4,EXECUTE,EXECUTE,0.5991403333232648,0.5120475043992396,6.791387163003453e-08,0.00010194239551029911,0.4008595987628571,0.4878168827545135,6.424178522912473e-15,3.367045073656265e-05,0.5120475043992396,0.5007442179902334
RCSE_000088528,4507006424_00010,ESCALATE,CONTROLLED_MISSINGNESS,MISSING_PO_VALUE,1.0,70494.0,R4_99_100,ood_test_r4,EXECUTE,EXECUTE,0.649626911087819,0.5120475043992396,1.1846224704464249e-09,0.00010194239551029911,0.35037308772755843,0.4878168827545135,5.78631944931421e-17,3.367045073656265e-05,0.5120475043992396,0.5007442179902334
RCSE_000089564,4507000396_00010,ESCALATE,CONTROLLED_MISSINGNESS,MISSING_PO_VALUE,1.0,55260.0,R4_99_100,ood_test_r4,EXECUTE,EXECUTE,0.6074970751771592,0.5120475043992396,1.4464553951799833e-08,0.00010194239551029911,0.3925029103582571,0.4878168827545135,2.974833682149885e-14,3.367045073656265e-05,0.5120475043992396,0.5007442179902334
RCSE_000088838,4507009290_00010,ESCALATE,CONTROLLED_MISSINGNESS,MISSING_PO_VALUE,1.0,173205.0,R4_99_100,ood_test_r4,EXECUTE,EXECUTE,0.9717410210985099,0.5120997090703223,2.288476711665015e-13,0.0,0.02825897890126113,0.48786661704614465,9.314602645019597e-35,3.3673883532916135e-05,0.5120997090703223,0.5000457857569834
RCSE_000087012,4507005760_00020,ESCALATE,CONTROLLED_MISSINGNESS,MISSING_PO_VALUE,1.0,58259.0,R4_99_100,ood_test_r4,EXECUTE,EXECUTE,0.6380876525501282,0.5120475043992396,7.426240983419708e-08,0.00010194239551029911,0.3619122731874539,0.4878168827545135,8.048605712608846e-15,3.367045073656265e-05,0.5120475043992396,0.5007442179902334
RCSE_000086827,4507003965_00170,ESCALATE,CONTROLLED_MISSINGNESS,MISSING_PO_VALUE,1.0,77961.0,R4_99_100,ood_test_r4,EXECUTE,EXECUTE,0.7014061170307444,0.5120997090703223,5.092812254007505e-10,0.0,0.2985938824599743,0.48786661704614465,9.053131427542123e-26,3.3673883532916135e-05,0.5120997090703223,0.5000457857569834
RCSE_000092939,4507014114_00010,ESCALATE,CONTROLLED_MISSINGNESS,MISSING_PO_VALUE,1.0,49806.0,R4_99_100,ood_test_r4,ESCALATE,EXECUTE,0.48397339430180847,0.5120475043992396,4.3017808897334555e-08,0.00010194239551029911,0.5160265626796628,0.4878168827545135,7.197928743709495e-13,3.367045073656265e-05,0.5120475043992396,0.5007442179902334
RCSE_000094145,4507001607_00030,ESCALATE,CONTROLLED_MISSINGNESS,MISSING_PO_VALUE,1.0,207846.0,R4_99_100,ood_test_r4,EXECUTE,EXECUTE,0.9944319122075773,0.781352873380524,2.9024755247520466e-15,0.0,0.005568087792419836,0.2185957475907629,3.108989617588415e-51,5.1379028713160305e-05,0.781352873380524,0.37919149378398526
RCSE_000096517,4507012548_00010,ESCALATE,CONTROLLED_MISSINGNESS,MISSING_PO_VALUE,1.0,54141.0,R4_99_100,ood_test_r4,EXECUTE,EXECUTE,0.6521045117459006,0.5120475043992396,1.437309842264899e-07,0.00010194239551029911,0.34789534452311005,0.4878168827545135,5.188518674409631e-15,3.367045073656265e-05,0.5120475043992396,0.5007442179902334
RCSE_000085105,4507015685_00010,ESCALATE,CONTROLLED_MISSINGNESS,MISSING_PO_VALUE,1.0,67896.0,R4_99_100,ood_test_r4,EXECUTE,EXECUTE,0.7006956820068697,0.5120475043992396,1.1648459314008064e-08,0.00010194239551029911,0.29930430634467076,0.4878168827545135,2.8898120210005575e-16,3.367045073656265e-05,0.5120475043992396,0.5007442179902334
RCSE_000096566,4507015718_00010,ESCALATE,CONTROLLED_MISSINGNESS,MISSING_PO_VALUE,1.0,54412.0,R4_99_100,ood_test_r4,EXECUTE,EXECUTE,0.5296306760465214,0.5120475043992396,4.48383457432655e-08,0.00010194239551029911,0.4703692791150852,0.4878168827545135,4.775172099462536e-14,3.367045073656265e-05,0.5120475043992396,0.5007442179902334
RCSE_000086009,4507013710_00010,ESCALATE,CONTROLLED_MISSINGNESS,MISSING_PO_VALUE,1.0,59908.0,R4_99_100,ood_test_r4,EXECUTE,EXECUTE,0.5654825333087365,0.5120475043992396,1.3707178215366619e-08,0.00010194239551029911,0.4345174529840784,0.4878168827545135,6.9085512909491105e-15,3.367045073656265e-05,0.5120475043992396,0.5007442179902334
RCSE_000085272,4507002887_00010,ESCALATE,CONTROLLED_MISSINGNESS,MISSING_PO_VALUE,1.0,57746.0,R4_99_100,ood_test_r4,EXECUTE,EXECUTE,0.6046889700880221,0.5120475043992396,2.2932445891518703e-08,0.00010194239551029911,0.39531100697952176,0.4878168827545135,1.0132347171399877e-14,3.367045073656265e-05,0.5120475043992396,0.5007442179902334
RCSE_000089136,4507011990_00010,ESCALATE,CONTROLLED_MISSINGNESS,MISSING_PO_VALUE,1.0,125159.0,R4_99_100,ood_test_r4,EXECUTE,EXECUTE,0.9044895371270174,0.5120997090703223,8.96487778679543e-11,0.0,0.09551046278333364,0.48786661704614465,3.4582325766718346e-26,3.3673883532916135e-05,0.5120997090703223,0.5000457857569834
RCSE_000086010,4507020377_00010,ESCALATE,CONTROLLED_MISSINGNESS,MISSING_PO_VALUE,1.0,49503.0,R4_99_100,ood_test_r4,ESCALATE,EXECUTE,0.49693716185555403,0.5120475043992396,6.066288074049465e-08,0.00010194239551029911,0.5030627774808413,0.4878168827545135,7.24012863811466e-13,3.367045073656265e-05,0.5120475043992396,0.5007442179902334
RCSE_000086742,4507005000_00010,ESCALATE,CONTROLLED_MISSINGNESS,MISSING_PO_VALUE,1.0,69282.0,R4_99_100,ood_test_r4,EXECUTE,EXECUTE,0.7815270187943651,0.5120997090703223,3.3277388321389406e-11,0.0,0.21847298117235742,0.48786661704614465,6.47558283533806e-22,3.3673883532916135e-05,0.5120997090703223,0.5000457857569834
RCSE_000093367,4507008905_00160,ESCALATE,CONTROLLED_MISSINGNESS,MISSING_PO_VALUE,1.0,51274.0,R4_99_100,ood_test_r4,EXECUTE,EXECUTE,0.5494147000935822,0.5120475043992396,1.9361375804956657e-07,0.00010194239551029911,0.4505851062926483,0.4878168827545135,1.1439556960531464e-14,3.367045073656265e-05,0.5120475043992396,0.5007442179902334
RCSE_000083384,4507019503_00010,ESCALATE,CONTROLLED_MISSINGNESS,MISSING_PO_VALUE,1.0,56752.0,R4_99_100,ood_test_r4,EXECUTE,EXECUTE,0.5927514787315634,0.5120475043992396,4.4505079060649567e-08,0.00010194239551029911,0.40724847676333903,0.4878168827545135,1.8523844481144134e-14,3.367045073656265e-05,0.5120475043992396,0.5007442179902334
RCSE_000086004,4507021813_00010,ESCALATE,CONTROLLED_MISSINGNESS,MISSING_PO_VALUE,1.0,56869.0,R4_99_100,ood_test_r4,EXECUTE,EXECUTE,0.5995188764227013,0.5120475043992396,8.221274229521662e-08,0.00010194239551029911,0.4004810413645373,0.4878168827545135,1.9155912662511936e-14,3.367045073656265e-05,0.5120475043992396,0.5007442179902334
RCSE_000085650,4507009307_00010,ESCALATE,CONTROLLED_MISSINGNESS,MISSING_PO_VALUE,1.0,109493.0,R4_99_100,ood_test_r4,EXECUTE,EXECUTE,0.8254779432400166,0.5120997090703223,1.8404172387766374e-11,0.0,0.17452205674157928,0.48786661704614465,1.1313267984949946e-23,3.3673883532916135e-05,0.5120997090703223,0.5000457857569834
RCSE_000095619,4507023291_00010,ESCALATE,CONTROLLED_MISSINGNESS,MISSING_PO_VALUE,1.0,56752.0,R4_99_100,ood_test_r4,EXECUTE,EXECUTE,0.5932176238116316,0.5120475043992396,6.598657195146008e-08,0.00010194239551029911,0.4067823102017824,0.4878168827545135,1.4110838208180849e-14,3.367045073656265e-05,0.5120475043992396,0.5007442179902334
RCSE_000087896,4507026001_00010,ESCALATE,CONTROLLED_MISSINGNESS,MISSING_PO_VALUE,1.0,55328.0,R4_99_100,ood_test_r4,EXECUTE,EXECUTE,0.5370815292500178,0.5120475043992396,3.927442082645923e-08,0.00010194239551029911,0.46291843147551087,0.4878168827545135,5.0497923173369616e-14,3.367045073656265e-05,0.5120475043992396,0.5007442179902334
RCSE_000089499,2000000114_00001,ESCALATE,CONTROLLED_MISSINGNESS,MISSING_PO_VALUE,1.0,78912.0,R4_99_100,ood_test_r4,EXECUTE,EXECUTE,0.7208171896008853,0.5120475043992396,9.332113477916626e-10,0.00010194239551029911,0.2791828094659034,0.4878168827545135,2.2733883820384392e-25,3.367045073656265e-05,0.5120475043992396,0.5007442179902334
RCSE_000092979,4507004490_00010,ESCALATE,CONTROLLED_MISSINGNESS,MISSING_PO_VALUE,1.0,127742.0,R4_99_100,ood_test_r4,EXECUTE,EXECUTE,0.9235436205662496,0.5120997090703223,7.415688632989664e-12,0.0,0.07645637942633467,0.48786661704614465,1.806120485457915e-27,3.3673883532916135e-05,0.5120997090703223,0.5000457857569834
RCSE_000094273,4507003650_00010,ESCALATE,CONTROLLED_MISSINGNESS,MISSING_PO_VALUE,1.0,186608.0,R4_99_100,ood_test_r4,EXECUTE,EXECUTE,0.9765694256481875,0.5120997090703223,1.5339373324106154e-14,0.0,0.023430574351797136,0.48786661704614465,1.4024277973275131e-52,3.3673883532916135e-05,0.5120997090703223,0.5000457857569834
RCSE_000088953,2000013569_00001,ESCALATE,CONTROLLED_MISSINGNESS,MISSING_PO_VALUE,1.0,77076.0,R4_99_100,ood_test_r4,EXECUTE,EXECUTE,0.6429212660863137,0.5120475043992396,4.040072295583993e-09,0.00010194239551029911,0.35707872987361405,0.4878168827545135,1.3669809152978591e-25,3.367045073656265e-05,0.5120475043992396,0.5007442179902334
RCSE_000085299,4507009852_00030,ESCALATE,CONTROLLED_MISSINGNESS,MISSING_PO_VALUE,1.0,54746.0,R4_99_100,ood_test_r4,EXECUTE,EXECUTE,0.5409875181015225,0.5120475043992396,2.21400987223248e-09,0.00010194239551029911,0.45901247968444514,0.4878168827545135,2.2499910187595793e-14,3.367045073656265e-05,0.5120475043992396,0.5007442179902334
RCSE_000085941,4507030677_00010,ESCALATE,CONTROLLED_MISSINGNESS,MISSING_PO_VALUE,1.0,83943.0,R4_99_100,ood_test_r4,EXECUTE,EXECUTE,0.7388266552554039,0.5120475043992396,1.1339060455189313e-09,0.00010194239551029911,0.26117334361069,0.4878168827545135,7.68622231493106e-20,3.367045073656265e-05,0.5120475043992396,0.5007442179902334
RCSE_000090766,4507017599_00010,ESCALATE,CONTROLLED_MISSINGNESS,MISSING_PO_VALUE,1.0,100458.0,R4_99_100,ood_test_r4,EXECUTE,EXECUTE,0.8251921398119366,0.5120997090703223,5.610482923379223e-10,0.0,0.17480785962701517,0.48786661704614465,4.787711033299112e-22,3.3673883532916135e-05,0.5120997090703223,0.5000457857569834
RCSE_000084008,4507014172_00010,ESCALATE,CONTROLLED_MISSINGNESS,MISSING_PO_VALUE,1.0,112178.0,R4_99_100,ood_test_r4,EXECUTE,EXECUTE,0.888464500833548,0.5120997090703223,7.231664277719954e-11,0.0,0.11153549909413531,0.48786661704614465,1.636697530361393e-24,3.3673883532916135e-05,0.5120997090703223,0.5000457857569834
RCSE_000085802,4507021571_00010,ESCALATE,CONTROLLED_MISSINGNESS,MISSING_PO_VALUE,1.0,61439.0,R4_99_100,ood_test_r4,EXECUTE,EXECUTE,0.657529648258847,0.5120475043992396,2.754606199138849e-08,0.00010194239551029911,0.3424703241950896,0.4878168827545135,1.6016122925632992e-15,3.367045073656265e-05,0.5120475043992396,0.5007442179902334
RCSE_000090218,4507008905_00090,ESCALATE,CONTROLLED_MISSINGNESS,MISSING_PO_VALUE,1.0,74681.0,R4_99_100,ood_test_r4,EXECUTE,EXECUTE,0.7619111863691362,0.5120475043992396,1.0197568029695547e-08,0.00010194239551029911,0.23808880343329572,0.4878168827545135,3.0136739404593565e-17,3.367045073656265e-05,0.5120475043992396,0.5007442179902334
RCSE_000085888,2000013615_00001,ESCALATE,CONTROLLED_MISSINGNESS,MISSING_PO_VALUE,1.0,301376.0,R4_99_100,ood_test_r4,EXECUTE,EXECUTE,0.9993376657093362,0.9907824498801968,1.4274801442722572e-19,0.0,0.0006623342906637721,0.009152399735546176,3.6070611348522927e-62,6.515038425679234e-05,0.9907824498801968,0.03805965623311472
RCSE_000090582,4507013907_00060,ESCALATE,CONTROLLED_MISSINGNESS,MISSING_PO_VALUE,1.0,51085.0,R4_99_100,ood_test_r4,EXECUTE,EXECUTE,0.5768721130644306,0.5120475043992396,1.8350782860171406e-07,0.00010194239551029911,0.4231277034261771,0.4878168827545135,1.5636901296330627e-12,3.367045073656265e-05,0.5120475043992396,0.5007442179902334
RCSE_000090151,4507013907_00070,ESCALATE,CONTROLLED_MISSINGNESS,MISSING_PO_VALUE,1.0,74541.0,R4_99_100,ood_test_r4,EXECUTE,EXECUTE,0.7283252953225016,0.5120475043992396,1.671959962800154e-08,0.00010194239551029911,0.27167468795789873,0.4878168827545135,1.1557821400080526e-16,3.367045073656265e-05,0.5120475043992396,0.5007442179902334
RCSE_000091980,4507028733_00010,ESCALATE,CONTROLLED_MISSINGNESS,MISSING_PO_VALUE,1.0,56752.0,R4_99_100,ood_test_r4,EXECUTE,EXECUTE,0.5926047041390033,0.5120475043992396,5.1674666600294973e-08,0.00010194239551029911,0.40739524418631773,0.4878168827545135,1.2419779716286069e-14,3.367045073656265e-05,0.5120475043992396,0.5007442179902334
RCSE_000093479,4507023550_00010,ESCALATE,CONTROLLED_MISSINGNESS,MISSING_PO_VALUE,1.0,130700.0,R4_99_100,ood_test_r4,EXECUTE,EXECUTE,0.938329806011216,0.5120997090703223,2.802431724930608e-11,0.0,0.06167019396075979,0.48786661704614465,8.325381146564376e-28,3.3673883532916135e-05,0.5120997090703223,0.5000457857569834
RCSE_000084655,4507005414_00020,ESCALATE,CONTROLLED_MISSINGNESS,MISSING_PO_VALUE,1.0,52813.0,R4_99_100,ood_test_r4,EXECUTE,EXECUTE,0.5366481762244706,0.5120475043992396,1.6237953877051607e-08,0.00010194239551029911,0.4633518075375357,0.4878168827545135,3.978526790679812e-14,3.367045073656265e-05,0.5120475043992396,0.5007442179902334
RCSE_000082262,4507035094_00010,ESCALATE,CONTROLLED_MISSINGNESS,MISSING_PO_VALUE,1.0,49319.0,R4_99_100,ood_test_r4,ESCALATE,EXECUTE,0.4948140049274072,0.5120475043992396,5.674249238876624e-08,0.00010194239551029911,0.5051859383293215,0.4878168827545135,7.789901146215776e-13,3.367045073656265e-05,0.5120475043992396,0.5007442179902334
RCSE_000087665,4507032386_00010,ESCALATE,CONTROLLED_MISSINGNESS,MISSING_PO_VALUE,1.0,54889.0,R4_99_100,ood_test_r4,EXECUTE,EXECUTE,0.5837782279483889,0.5120475043992396,8.20122830901405e-08,0.00010194239551029911,0.4162216900393038,0.4878168827545135,2.4223288234544293e-14,3.367045073656265e-05,0.5120475043992396,0.5007442179902334
RCSE_000083938,4507032452_00010,ESCALATE,CONTROLLED_MISSINGNESS,MISSING_PO_VALUE,1.0,55557.0,R4_99_100,ood_test_r4,EXECUTE,EXECUTE,0.5480570181858796,0.5120475043992396,9.115664786140269e-09,0.00010194239551029911,0.45194297269843775,0.4878168827545135,1.794462843001627e-14,3.367045073656265e-05,0.5120475043992396,0.5007442179902334
RCSE_000084247,4507035989_00010,ESCALATE,CONTROLLED_MISSINGNESS,MISSING_PO_VALUE,1.0,54817.0,R4_99_100,ood_test_r4,EXECUTE,EXECUTE,0.5355293233564967,0.5120475043992396,3.388042581639212e-08,0.00010194239551029911,0.46447064276299665,0.4878168827545135,8.077536461601489e-14,3.367045073656265e-05,0.5120475043992396,0.5007442179902334
RCSE_000092342,4507023225_00010,ESCALATE,CONTROLLED_MISSINGNESS,MISSING_PO_VALUE,1.0,127742.0,R4_99_100,ood_test_r4,EXECUTE,EXECUTE,0.9199010654129711,0.5120997090703223,2.709839633755019e-11,0.0,0.08009893455993039,0.48786661704614465,1.2890494080599001e-27,3.3673883532916135e-05,0.5120997090703223,0.5000457857569834
RCSE_000095493,4507031231_00010,ESCALATE,CONTROLLED_MISSINGNESS,MISSING_PO_VALUE,1.0,51206.0,R4_99_100,ood_test_r4,EXECUTE,EXECUTE,0.6048797013557932,0.5120475043992396,2.484912483213477e-08,0.00010194239551029911,0.3951202737948033,0.4878168827545135,2.7862064963883257e-13,3.367045073656265e-05,0.5120475043992396,0.5007442179902334
RCSE_000090880,4507030526_00010,ESCALATE,CONTROLLED_MISSINGNESS,MISSING_PO_VALUE,1.0,51067.0,R4_99_100,ood_test_r4,EXECUTE,EXECUTE,0.6087444019699789,0.5120475043992396,1.959249443789327e-07,0.00010194239551029911,0.39125540210495063,0.4878168827545135,1.2597963042380295e-13,3.367045073656265e-05,0.5120475043992396,0.5007442179902334
RCSE_000092138,4507026576_00010,ESCALATE,CONTROLLED_MISSINGNESS,MISSING_PO_VALUE,1.0,49384.0,R4_99_100,ood_test_r4,EXECUTE,EXECUTE,0.5039994096461858,0.5120475043992396,8.469208091370547e-09,0.00010194239551029911,0.49600058188447904,0.4878168827545135,1.270270722999862e-13,3.367045073656265e-05,0.5120475043992396,0.5007442179902334
RCSE_000092294,4507024332_00010,ESCALATE,CONTROLLED_MISSINGNESS,MISSING_PO_VALUE,1.0,70148.0,R4_99_100,ood_test_r4,EXECUTE,EXECUTE,0.9216692652182188,0.5120475043992396,1.4865689042724496e-08,0.00010194239551029911,0.07833071991609224,0.4878168827545135,8.098109649279104e-28,3.367045073656265e-05,0.5120475043992396,0.5007442179902334
RCSE_000082072,4507031473_00010,ESCALATE,CONTROLLED_MISSINGNESS,MISSING_PO_VALUE,1.0,55225.0,R4_99_100,ood_test_r4,EXECUTE,EXECUTE,0.5373643229484738,0.5120475043992396,2.185887000210757e-08,0.00010194239551029911,0.4626356551926245,0.4878168827545135,3.170011657434319e-14,3.367045073656265e-05,0.5120475043992396,0.5007442179902334
RCSE_000095127,4507027737_00010,ESCALATE,CONTROLLED_MISSINGNESS,MISSING_PO_VALUE,1.0,60621.0,R4_99_100,ood_test_r4,EXECUTE,EXECUTE,0.5762300673534833,0.5120475043992396,1.039582491481349e-08,0.00010194239551029911,0.4237699222506863,0.4878168827545135,5.62056250219798e-15,3.367045073656265e-05,0.5120475043992396,0.5007442179902334
RCSE_000095073,4507035598_00010,ESCALATE,CONTROLLED_MISSINGNESS,MISSING_PO_VALUE,1.0,70494.0,R4_99_100,ood_test_r4,EXECUTE,EXECUTE,0.6503118098408122,0.5120475043992396,2.6928303354440488e-09,0.00010194239551029911,0.34968818746635744,0.4878168827545135,1.6538935432177194e-16,3.367045073656265e-05,0.5120475043992396,0.5007442179902334
RCSE_000092066,4507017396_00010,ESCALATE,CONTROLLED_MISSINGNESS,MISSING_PO_VALUE,1.0,101595.0,R4_99_100,ood_test_r4,EXECUTE,EXECUTE,0.8195235981444244,0.5120997090703223,1.2672690365806505e-10,0.0,0.18047640172884885,0.48786661704614465,1.5449390768277242e-22,3.3673883532916135e-05,0.5120997090703223,0.5000457857569834
RCSE_000088893,4507039093_00010,ESCALATE,CONTROLLED_MISSINGNESS,MISSING_PO_VALUE,1.0,54441.0,R4_99_100,ood_test_r4,EXECUTE,EXECUTE,0.5810381859074175,0.5120475043992396,9.392215405332362e-08,0.00010194239551029911,0.41896172017039834,0.4878168827545135,3.0006124645445355e-14,3.367045073656265e-05,0.5120475043992396,0.5007442179902334
RCSE_000084643,4507007883_00010,ESCALATE,CONTROLLED_MISSINGNESS,MISSING_PO_VALUE,1.0,355062.0,R4_99_100,ood_test_r4,EXECUTE,EXECUTE,0.9998570731644172,0.9972899992834033,3.4060150555818246e-22,0.0,0.00014292683558273127,0.0026444224186800446,3.744441468839624e-68,6.557829791658741e-05,0.9972899992834033,0.013729724897472394
RCSE_000086385,4507023054_00010,ESCALATE,CONTROLLED_MISSINGNESS,MISSING_PO_VALUE,1.0,112178.0,R4_99_100,ood_test_r4,EXECUTE,EXECUTE,0.8891864520315436,0.5120997090703223,5.966647361439145e-11,0.0,0.11081354790878986,0.48786661704614465,1.239847652502887e-24,3.3673883532916135e-05,0.5120997090703223,0.5000457857569834
RCSE_000089540,4507036343_00010,ESCALATE,CONTROLLED_MISSINGNESS,MISSING_PO_VALUE,1.0,49384.0,R4_99_100,ood_test_r4,ESCALATE,EXECUTE,0.4969901690229411,0.5120475043992396,9.989298134330505e-09,0.00010194239551029911,0.5030098209876902,0.4878168827545135,7.05388878943621e-14,3.367045073656265e-05,0.5120475043992396,0.5007442179902334
RCSE_000081757,4507039221_00010,ESCALATE,CONTROLLED_MISSINGNESS,MISSING_PO_VALUE,1.0,54441.0,R4_99_100,ood_test_r4,EXECUTE,EXECUTE,0.5800130749580493,0.5120475043992396,8.149543169991958e-08,0.00010194239551029911,0.41998684354648963,0.4878168827545135,2.933664214557515e-14,3.367045073656265e-05,0.5120475043992396,0.5007442179902334
RCSE_000084476,4507028011_00010,ESCALATE,CONTROLLED_MISSINGNESS,MISSING_PO_VALUE,1.0,54760.0,R4_99_100,ood_test_r4,EXECUTE,EXECUTE,0.5819191841195156,0.5120475043992396,2.9480505425431376e-08,0.00010194239551029911,0.41808078639995594,0.4878168827545135,2.3031127340116196e-14,3.367045073656265e-05,0.5120475043992396,0.5007442179902334
RCSE_000094409,4507040889_00010,ESCALATE,CONTROLLED_MISSINGNESS,MISSING_PO_VALUE,1.0,55744.0,R4_99_100,ood_test_r4,EXECUTE,EXECUTE,0.5506411394052478,0.5120475043992396,8.259015199800743e-09,0.00010194239551029911,0.44935885233571166,0.4878168827545135,2.5244111635502483e-14,3.367045073656265e-05,0.5120475043992396,0.5007442179902334
RCSE_000091057,4508044700_00010,ESCALATE,CONTROLLED_MISSINGNESS,MISSING_PO_VALUE,1.0,55538.0,R4_99_100,ood_test_r4,EXECUTE,EXECUTE,0.5879042469173478,0.5120475043992396,1.0424572726062246e-07,0.00010194239551029911,0.412095648836901,0.4878168827545135,2.4022331828414575e-14,3.367045073656265e-05,0.5120475043992396,0.5007442179902334
RCSE_000088385,4507035191_00010,ESCALATE,CONTROLLED_MISSINGNESS,MISSING_PO_VALUE,1.0,57546.0,R4_99_100,ood_test_r4,EXECUTE,EXECUTE,0.6280196493740565,0.5120475043992396,3.362732898752671e-08,0.00010194239551029911,0.3719803169986038,0.4878168827545135,1.0749678663891679e-14,3.367045073656265e-05,0.5120475043992396,0.5007442179902334
RCSE_000085582,4507032677_00030,ESCALATE,CONTROLLED_MISSINGNESS,MISSING_PO_VALUE,1.0,127742.0,R4_99_100,ood_test_r4,EXECUTE,EXECUTE,0.9272014727378016,0.5120997090703223,1.7593425871826323e-11,0.0,0.07279852724460495,0.48786661704614465,3.827289185354995e-27,3.3673883532916135e-05,0.5120997090703223,0.5000457857569834
RCSE_000086674,4507031134_00010,ESCALATE,CONTROLLED_MISSINGNESS,MISSING_PO_VALUE,1.0,107955.0,R4_99_100,ood_test_r4,EXECUTE,EXECUTE,0.8784121406927953,0.5120997090703223,1.2857460392966602e-10,0.0,0.12158785917863003,0.48786661704614465,1.123116389594271e-23,3.3673883532916135e-05,0.5120997090703223,0.5000457857569834
RCSE_000094324,4508046369_00010,ESCALATE,CONTROLLED_MISSINGNESS,MISSING_PO_VALUE,1.0,130700.0,R4_99_100,ood_test_r4,EXECUTE,EXECUTE,0.9380750287510142,0.5120997090703223,5.396997954598625e-11,0.0,0.06192497119501595,0.48786661704614465,1.45050106119596e-27,3.3673883532916135e-05,0.5120997090703223,0.5000457857569834
RCSE_000081741,4507038931_00010,ESCALATE,CONTROLLED_MISSINGNESS,MISSING_PO_VALUE,1.0,112453.0,R4_99_100,ood_test_r4,EXECUTE,EXECUTE,0.8921989210775106,0.5120997090703223,1.2974618383912564e-10,0.0,0.10780107879274317,0.48786661704614465,2.2562265617767828e-24,3.3673883532916135e-05,0.5120997090703223,0.5000457857569834
RCSE_000087514,4508043619_00010,ESCALATE,CONTROLLED_MISSINGNESS,MISSING_PO_VALUE,1.0,56752.0,R4_99_100,ood_test_r4,EXECUTE,EXECUTE,0.5926697195903835,0.5120475043992396,4.387307651358122e-08,0.00010194239551029911,0.40733023653652883,0.4878168827545135,1.0981474454992977e-14,3.367045073656265e-05,0.5120475043992396,0.5007442179902334
RCSE_000093588,4508047332_00010,ESCALATE,CONTROLLED_MISSINGNESS,MISSING_PO_VALUE,1.0,51615.0,R4_99_100,ood_test_r4,EXECUTE,EXECUTE,0.5828750143673691,0.5120475043992396,8.656784125627002e-08,0.00010194239551029911,0.4171248990646142,0.4878168827545135,1.7552812074328756e-13,3.367045073656265e-05,0.5120475043992396,0.5007442179902334
RCSE_000090100,4508042218_00010,ESCALATE,CONTROLLED_MISSINGNESS,MISSING_PO_VALUE,1.0,55744.0,R4_99_100,ood_test_r4,EXECUTE,EXECUTE,0.5510808589970202,0.5120475043992396,4.953352167141025e-09,0.00010194239551029911,0.44891913604961076,0.4878168827545135,1.6902276271891125e-14,3.367045073656265e-05,0.5120475043992396,0.5007442179902334
RCSE_000091965,2000033598_00001,ESCALATE,CONTROLLED_MISSINGNESS,MISSING_PO_VALUE,1.0,104789.0,R4_99_100,ood_test_r4,EXECUTE,EXECUTE,0.8252162473926109,0.5120997090703223,4.117631147392155e-11,0.0,0.17478375256621279,0.48786661704614465,2.8879023439125575e-24,3.3673883532916135e-05,0.5120997090703223,0.5000457857569834
RCSE_000090663,4508048902_00010,ESCALATE,CONTROLLED_MISSINGNESS,MISSING_PO_VALUE,1.0,54384.0,R4_99_100,ood_test_r4,EXECUTE,EXECUTE,0.5313689891825039,0.5120475043992396,1.987993304882064e-08,0.00010194239551029911,0.4686309909374976,0.4878168827545135,6.543431958310839e-14,3.367045073656265e-05,0.5120475043992396,0.5007442179902334
RCSE_000092100,4507017750_00010,ESCALATE,CONTROLLED_MISSINGNESS,MISSING_PO_VALUE,1.0,101595.0,R4_99_100,ood_test_r4,EXECUTE,EXECUTE,0.8187699489827528,0.5120997090703223,3.640745760368976e-11,0.0,0.1812300509808397,0.48786661704614465,6.933076766005977e-23,3.3673883532916135e-05,0.5120997090703223,0.5000457857569834
RCSE_000095676,4507017755_00010,ESCALATE,CONTROLLED_MISSINGNESS,MISSING_PO_VALUE,1.0,101595.0,R4_99_100,ood_test_r4,EXECUTE,EXECUTE,0.817548073894016,0.5120997090703223,3.4744424987046484e-11,0.0,0.18245192607123964,0.48786661704614465,7.837267426623839e-23,3.3673883532916135e-05,0.5120997090703223,0.5000457857569834
RCSE_000094412,4508051122_00010,ESCALATE,CONTROLLED_MISSINGNESS,MISSING_PO_VALUE,1.0,50749.0,R4_99_100,ood_test_r4,EXECUTE,EXECUTE,0.6574293454039634,0.5120475043992396,7.425356441231292e-08,0.00010194239551029911,0.3425705803423217,0.4878168827545135,1.506130427857719e-13,3.367045073656265e-05,0.5120475043992396,0.5007442179902334
RCSE_000082429,4508053201_00010,ESCALATE,CONTROLLED_MISSINGNESS,MISSING_PO_VALUE,1.0,67342.0,R4_99_100,ood_test_r4,EXECUTE,EXECUTE,0.6817686784682064,0.5120475043992396,1.8031933629601744e-08,0.00010194239551029911,0.3182313034998596,0.4878168827545135,3.398334107249153e-16,3.367045073656265e-05,0.5120475043992396,0.5007442179902334
RCSE_000082610,4508054695_00010,ESCALATE,CONTROLLED_MISSINGNESS,MISSING_PO_VALUE,1.0,55711.0,R4_99_100,ood_test_r4,EXECUTE,EXECUTE,0.5899128474379768,0.5120475043992396,7.329804597755864e-08,0.00010194239551029911,0.4100870792639494,0.4878168827545135,2.778566653842171e-14,3.367045073656265e-05,0.5120475043992396,0.5007442179902334
RCSE_000090356,4508044985_00010,ESCALATE,CONTROLLED_MISSINGNESS,MISSING_PO_VALUE,1.0,55744.0,R4_99_100,ood_test_r4,EXECUTE,EXECUTE,0.550135787144406,0.5120475043992396,4.201800695361186e-09,0.00010194239551029911,0.4498642086537772,0.4878168827545135,1.613034096690718e-14,3.367045073656265e-05,0.5120475043992396,0.5007442179902334
RCSE_000081801,4508046756_00010,ESCALATE,CONTROLLED_MISSINGNESS,MISSING_PO_VALUE,1.0,55744.0,R4_99_100,ood_test_r4,EXECUTE,EXECUTE,0.5474533564614442,0.5120475043992396,5.055609723132865e-09,0.00010194239551029911,0.45254663848293314,0.4878168827545135,1.2812332775710273e-14,3.367045073656265e-05,0.5120475043992396,0.5007442179902334
RCSE_000084194,2000033584_00001,ESCALATE,CONTROLLED_MISSINGNESS,MISSING_PO_VALUE,1.0,95262.0,R4_99_100,ood_test_r4,EXECUTE,EXECUTE,0.8067674879892927,0.5120997090703223,4.3784962042969317e-11,0.0,0.19323251196692232,0.48786661704614465,1.5660333277669576e-22,3.3673883532916135e-05,0.5120997090703223,0.5000457857569834
RCSE_000095442,4507038937_00010,ESCALATE,CONTROLLED_MISSINGNESS,MISSING_PO_VALUE,1.0,112453.0,R4_99_100,ood_test_r4,EXECUTE,EXECUTE,0.88901952251923,0.5120997090703223,6.101844085837324e-11,0.0,0.11098047741975138,0.48786661704614465,1.3809829680174853e-24,3.3673883532916135e-05,0.5120997090703223,0.5000457857569834
RCSE_000089033,4508055069_00010,ESCALATE,CONTROLLED_MISSINGNESS,MISSING_PO_VALUE,1.0,51615.0,R4_99_100,ood_test_r4,EXECUTE,EXECUTE,0.5826287671404716,0.5120475043992396,7.970016397001391e-08,0.00010194239551029911,0.417371153159204,0.4878168827545135,1.603479785403561e-13,3.367045073656265e-05,0.5120475043992396,0.5007442179902334
RCSE_000088891,4507038923_00010,ESCALATE,CONTROLLED_MISSINGNESS,MISSING_PO_VALUE,1.0,112453.0,R4_99_100,ood_test_r4,EXECUTE,EXECUTE,0.8901837477527522,0.5120997090703223,5.45480369212092e-11,0.0,0.10981625219269987,0.48786661704614465,1.795515841115611e-24,3.3673883532916135e-05,0.5120997090703223,0.5000457857569834
RCSE_000084781,4508050309_00010,ESCALATE,CONTROLLED_MISSINGNESS,MISSING_PO_VALUE,1.0,53679.0,R4_99_100,ood_test_r4,EXECUTE,EXECUTE,0.5371755760407643,0.5120475043992396,7.728333907574965e-09,0.00010194239551029911,0.46282441623085885,0.4878168827545135,4.298287032952165e-14,3.367045073656265e-05,0.5120475043992396,0.5007442179902334
RCSE_000095626,4508054790_00010,ESCALATE,CONTROLLED_MISSINGNESS,MISSING_PO_VALUE,1.0,54473.0,R4_99_100,ood_test_r4,EXECUTE,EXECUTE,0.5296630435023347,0.5120475043992396,2.26979261362782e-08,0.00010194239551029911,0.4703369337996918,0.4878168827545135,4.7317143293016007e-14,3.367045073656265e-05,0.5120475043992396,0.5007442179902334
RCSE_000091043,4507040549_00010,ESCALATE,CONTROLLED_MISSINGNESS,MISSING_PO_VALUE,1.0,57746.0,R4_99_100,ood_test_r4,EXECUTE,EXECUTE,0.6015495235150585,0.5120475043992396,1.2236855606390621e-08,0.00010194239551029911,0.39845046424807745,0.4878168827545135,8.267002130370721e-15,3.367045073656265e-05,0.5120475043992396,0.5007442179902334
RCSE_000093419,4508046046_00010,ESCALATE,CONTROLLED_MISSINGNESS,MISSING_PO_VALUE,1.0,129197.0,R4_99_100,ood_test_r4,EXECUTE,EXECUTE,0.9305425749588796,0.5120997090703223,1.859084154691002e-11,0.0,0.06945742502252972,0.48786661704614465,2.7329623806561825e-27,3.3673883532916135e-05,0.5120997090703223,0.5000457857569834
RCSE_000088621,4507037820_00010,ESCALATE,CONTROLLED_MISSINGNESS,MISSING_PO_VALUE,1.0,116310.0,R4_99_100,ood_test_r4,EXECUTE,EXECUTE,0.8196851181621602,0.5120997090703223,9.162617496064434e-12,0.0,0.18031488182867728,0.48786661704614465,1.3054703847682222e-25,3.3673883532916135e-05,0.5120997090703223,0.5000457857569834
RCSE_000089536,4508046146_00010,ESCALATE,CONTROLLED_MISSINGNESS,MISSING_PO_VALUE,1.0,56009.0,R4_99_100,ood_test_r4,EXECUTE,EXECUTE,0.5932587556762398,0.5120475043992396,2.7524619951866752e-08,0.00010194239551029911,0.40674121679913366,0.4878168827545135,6.70897939256912e-15,3.367045073656265e-05,0.5120475043992396,0.5007442179902334
RCSE_000083402,4508046585_00010,ESCALATE,CONTROLLED_MISSINGNESS,MISSING_PO_VALUE,1.0,107955.0,R4_99_100,ood_test_r4,EXECUTE,EXECUTE,0.8771918067306861,0.5120997090703223,1.1544139802325381e-10,0.0,0.12280819315387255,0.48786661704614465,1.2910052254872187e-23,3.3673883532916135e-05,0.5120997090703223,0.5000457857569834
RCSE_000082825,4507033684_00020,ESCALATE,CONTROLLED_MISSINGNESS,MISSING_PO_VALUE,1.0,127742.0,R4_99_100,ood_test_r4,EXECUTE,EXECUTE,0.9266532558215816,0.5120997090703223,4.210713524375699e-12,0.0,0.0733467441742077,0.48786661704614465,8.600694515498963e-28,3.3673883532916135e-05,0.5120997090703223,0.5000457857569834
RCSE_000095085,4508048712_00010,ESCALATE,CONTROLLED_MISSINGNESS,MISSING_PO_VALUE,1.0,133811.0,R4_99_100,ood_test_r4,EXECUTE,EXECUTE,0.9381409961986694,0.5120997090703223,1.2461738579845467e-11,0.0,0.06185900378886891,0.48786661704614465,2.975816866664435e-28,3.3673883532916135e-05,0.5120997090703223,0.5000457857569834
RCSE_000091279,4508049695_00010,ESCALATE,CONTROLLED_MISSINGNESS,MISSING_PO_VALUE,1.0,101387.0,R4_99_100,ood_test_r4,EXECUTE,EXECUTE,0.8586621762080918,0.5120997090703223,4.0449105671093476e-10,0.0,0.1413378233874172,0.48786661704614465,1.0317160482024144e-22,3.3673883532916135e-05,0.5120997090703223,0.5000457857569834
RCSE_000088954,2000033461_00001,ESCALATE,CONTROLLED_MISSINGNESS,MISSING_PO_VALUE,1.0,657070.0,R4_99_100,ood_test_r4,EXECUTE,EXECUTE,0.9999999811339723,0.9972899992834033,2.731901840169114e-38,0.0,1.8866027694730686e-08,0.0026444224186800446,4.1448375957604824e-126,6.557829791658741e-05,0.9972899992834033,0.013729724897472394
RCSE_000091547,4508058740_00010,ESCALATE,CONTROLLED_MISSINGNESS,MISSING_PO_VALUE,1.0,63898.0,R4_99_100,ood_test_r4,EXECUTE,EXECUTE,0.6431723783344228,0.5120475043992396,2.2796721046662915e-08,0.00010194239551029911,0.35682759886885557,0.4878168827545135,6.95595961274927e-16,3.367045073656265e-05,0.5120475043992396,0.5007442179902334
RCSE_000094252,4508065256_00010,ESCALATE,CONTROLLED_MISSINGNESS,MISSING_PO_VALUE,1.0,56395.0,R4_99_100,ood_test_r4,EXECUTE,EXECUTE,0.5411227854877362,0.5120475043992396,4.5007117968642885e-08,0.00010194239551029911,0.45887716950510765,0.4878168827545135,3.8291000597639775e-14,3.367045073656265e-05,0.5120475043992396,0.5007442179902334
RCSE_000084646,4508057401_00010,ESCALATE,CONTROLLED_MISSINGNESS,MISSING_PO_VALUE,1.0,52404.0,R4_99_100,ood_test_r4,ESCALATE,EXECUTE,0.4895698299986918,0.5120475043992396,2.594054353306094e-08,0.00010194239551029911,0.5104301440603899,0.4878168827545135,3.7480171668237826e-13,3.367045073656265e-05,0.5120475043992396,0.5007442179902334
RCSE_000089670,4508060966_00010,ESCALATE,CONTROLLED_MISSINGNESS,MISSING_PO_VALUE,1.0,50931.0,R4_99_100,ood_test_r4,EXECUTE,EXECUTE,0.5050795348940477,0.5120475043992396,2.143776775515101e-08,0.00010194239551029911,0.4949204436679447,0.4878168827545135,2.3985544595117885e-13,3.367045073656265e-05,0.5120475043992396,0.5007442179902334
RCSE_000095609,4508056631_00010,ESCALATE,CONTROLLED_MISSINGNESS,MISSING_PO_VALUE,1.0,99140.0,R4_99_100,ood_test_r4,EXECUTE,EXECUTE,0.801195429530422,0.5120997090703223,1.549573545234382e-10,0.0,0.19880457031462062,0.48786661704614465,4.2176987422959963e-22,3.3673883532916135e-05,0.5120997090703223,0.5000457857569834
RCSE_000090360,4508057706_00010,ESCALATE,CONTROLLED_MISSINGNESS,MISSING_PO_VALUE,1.0,49858.0,R4_99_100,ood_test_r4,ESCALATE,EXECUTE,0.4980610433915965,0.5120475043992396,2.5585460671781604e-08,0.00010194239551029911,0.5019389310224613,0.4878168827545135,4.816307058238787e-13,3.367045073656265e-05,0.5120475043992396,0.5007442179902334
RCSE_000083614,4508060164_00010,ESCALATE,CONTROLLED_MISSINGNESS,MISSING_PO_VALUE,1.0,50653.0,R4_99_100,ood_test_r4,EXECUTE,EXECUTE,0.5046592390253068,0.5120475043992396,3.055116100955646e-08,0.00010194239551029911,0.49534073042313725,0.4878168827545135,3.9481343854744373e-13,3.367045073656265e-05,0.5120475043992396,0.5007442179902334
RCSE_000090366,4508063253_00010,ESCALATE,CONTROLLED_MISSINGNESS,MISSING_PO_VALUE,1.0,56478.0,R4_99_100,ood_test_r4,EXECUTE,EXECUTE,0.5467288293606786,0.5120475043992396,1.6467831007322396e-08,0.00010194239551029911,0.4532711541714625,0.4878168827545135,2.7913425095832883e-14,3.367045073656265e-05,0.5120475043992396,0.5007442179902334
RCSE_000082490,4508047662_00010,ESCALATE,CONTROLLED_MISSINGNESS,MISSING_PO_VALUE,1.0,112453.0,R4_99_100,ood_test_r4,EXECUTE,EXECUTE,0.889944988510641,0.5120997090703223,3.602343306614569e-11,0.0,0.11005501145333563,0.48786661704614465,1.3961488820439528e-24,3.3673883532916135e-05,0.5120997090703223,0.5000457857569834
RCSE_000089387,4508050045_00010,ESCALATE,CONTROLLED_MISSINGNESS,MISSING_PO_VALUE,1.0,365472.0,R4_99_100,ood_test_r4,EXECUTE,EXECUTE,0.9998912824778121,0.9972899992834033,1.6113201399002804e-22,0.0,0.00010871752218798682,0.0026444224186800446,1.6090321902298046e-69,6.557829791658741e-05,0.9972899992834033,0.013729724897472394
RCSE_000091951,4508059231_00010,ESCALATE,CONTROLLED_MISSINGNESS,MISSING_PO_VALUE,1.0,107955.0,R4_99_100,ood_test_r4,EXECUTE,EXECUTE,0.8791440394232649,0.5120997090703223,1.436060805879296e-10,0.0,0.12085596043312911,0.48786661704614465,1.0158005912170164e-23,3.3673883532916135e-05,0.5120997090703223,0.5000457857569834
RCSE_000087953,2000052937_00001,ESCALATE,CONTROLLED_MISSINGNESS,MISSING_PO_VALUE,1.0,385985.0,R4_99_100,ood_test_r4,EXECUTE,EXECUTE,0.9999314736509586,0.9972899992834033,1.5500411542060848e-23,0.0,6.852634904134578e-05,0.0026444224186800446,2.003038803286264e-74,6.557829791658741e-05,0.9972899992834033,0.013729724897472394
RCSE_000084087,4508065382_00010,ESCALATE,CONTROLLED_MISSINGNESS,MISSING_PO_VALUE,1.0,85181.0,R4_99_100,ood_test_r4,EXECUTE,EXECUTE,0.7877469337656965,0.5120475043992396,1.896419676684437e-09,0.00010194239551029911,0.21225306433788385,0.4878168827545135,1.3119069042679988e-19,3.367045073656265e-05,0.5120475043992396,0.5007442179902334
RCSE_000085883,4508065911_00010,ESCALATE,CONTROLLED_MISSINGNESS,MISSING_PO_VALUE,1.0,51020.0,R4_99_100,ood_test_r4,EXECUTE,EXECUTE,0.5083949482620238,0.5120475043992396,2.451512487729837e-08,0.00010194239551029911,0.49160502722248123,0.4878168827545135,3.700969898325434e-13,3.367045073656265e-05,0.5120475043992396,0.5007442179902334
RCSE_000082883,4508058801_00010,ESCALATE,CONTROLLED_MISSINGNESS,MISSING_PO_VALUE,1.0,133811.0,R4_99_100,ood_test_r4,EXECUTE,EXECUTE,0.9385113740048378,0.5120997090703223,7.898574789074307e-12,0.0,0.06148862598726357,0.48786661704614465,2.4320248435725175e-28,3.3673883532916135e-05,0.5120997090703223,0.5000457857569834
RCSE_000083168,4508064038_00010,ESCALATE,CONTROLLED_MISSINGNESS,MISSING_PO_VALUE,1.0,50749.0,R4_99_100,ood_test_r4,EXECUTE,EXECUTE,0.6570115051057276,0.5120475043992396,3.409573524536604e-08,0.00010194239551029911,0.3429884607982722,0.4878168827545135,2.6499340960642903e-13,3.367045073656265e-05,0.5120475043992396,0.5007442179902334
RCSE_000094456,4508065213_00010,ESCALATE,CONTROLLED_MISSINGNESS,MISSING_PO_VALUE,1.0,63898.0,R4_99_100,ood_test_r4,EXECUTE,EXECUTE,0.6428603499785287,0.5120475043992396,1.448137104844925e-08,0.00010194239551029911,0.35713963554009953,0.4878168827545135,6.933326565962087e-16,3.367045073656265e-05,0.5120475043992396,0.5007442179902334
RCSE_000096403,4508066595_00010,ESCALATE,CONTROLLED_MISSINGNESS,MISSING_PO_VALUE,1.0,57148.0,R4_99_100,ood_test_r4,EXECUTE,EXECUTE,0.552857283825421,0.5120475043992396,1.2673752435391452e-08,0.00010194239551029911,0.44714270350079705,0.4878168827545135,2.953822776395036e-14,3.367045073656265e-05,0.5120475043992396,0.5007442179902334
RCSE_000083524,4507003343_00010,ESCALATE,CONTROLLED_MISSINGNESS,MISSING_PO_VALUE,1.0,162431.0,R4_99_100,ood_test_r4,EXECUTE,EXECUTE,0.9620347369181624,0.5120997090703223,1.0184378345780242e-14,0.0,0.03796526308182728,0.48786661704614465,7.024431267256073e-35,3.3673883532916135e-05,0.5120997090703223,0.5000457857569834
RCSE_000090930,4508059391_00010,ESCALATE,CONTROLLED_MISSINGNESS,MISSING_PO_VALUE,1.0,57273.0,R4_99_100,ood_test_r4,EXECUTE,EXECUTE,0.6075564631078134,0.5120475043992396,5.338851753634842e-08,0.00010194239551029911,0.39244348350363845,0.4878168827545135,3.040789286020839e-14,3.367045073656265e-05,0.5120475043992396,0.5007442179902334
RCSE_000085541,4508072692_00010,ESCALATE,CONTROLLED_MISSINGNESS,MISSING_PO_VALUE,1.0,64172.0,R4_99_100,ood_test_r4,EXECUTE,EXECUTE,0.6749442734596388,0.5120475043992396,6.215003090378527e-08,0.00010194239551029911,0.32505566439032985,0.4878168827545135,2.4858853306274446e-16,3.367045073656265e-05,0.5120475043992396,0.5007442179902334
RCSE_000084299,2000052961_00001,ESCALATE,CONTROLLED_MISSINGNESS,MISSING_PO_VALUE,1.0,76424.0,R4_99_100,ood_test_r4,EXECUTE,EXECUTE,0.7606500084027875,0.5120997090703223,7.579184526779135e-10,0.0,0.239349990839294,0.48786661704614465,4.2629564691846815e-19,3.3673883532916135e-05,0.5120997090703223,0.5000457857569834
RCSE_000085273,4508068195_00020,ESCALATE,CONTROLLED_MISSINGNESS,MISSING_PO_VALUE,1.0,49903.0,R4_99_100,ood_test_r4,ESCALATE,EXECUTE,0.47841069965161936,0.5120475043992396,1.868785419048903e-08,0.00010194239551029911,0.5215892816599417,0.4878168827545135,5.847006488892555e-13,3.367045073656265e-05,0.5120475043992396,0.5007442179902334
RCSE_000091155,4508071192_00020,ESCALATE,CONTROLLED_MISSINGNESS,MISSING_PO_VALUE,1.0,83414.0,R4_99_100,ood_test_r4,EXECUTE,EXECUTE,0.7980465630328909,0.5120475043992396,7.3181129827440796e-09,0.00010194239551029911,0.2019534296489962,0.4878168827545135,1.5094601059851893e-19,3.367045073656265e-05,0.5120475043992396,0.5007442179902334
RCSE_000086134,4508047698_00010,ESCALATE,CONTROLLED_MISSINGNESS,MISSING_PO_VALUE,1.0,112453.0,R4_99_100,ood_test_r4,EXECUTE,EXECUTE,0.8882109308616879,0.5120997090703223,1.8052060743220877e-11,0.0,0.11178906912026015,0.48786661704614465,2.0934578513517352e-24,3.3673883532916135e-05,0.5120997090703223,0.5000457857569834
RCSE_000094380,4508047712_00010,ESCALATE,CONTROLLED_MISSINGNESS,MISSING_PO_VALUE,1.0,112453.0,R4_99_100,ood_test_r4,EXECUTE,EXECUTE,0.8879066946460863,0.5120997090703223,1.7742814361255488e-11,0.0,0.11209330533617104,0.48786661704614465,2.1922454765454455e-24,3.3673883532916135e-05,0.5120997090703223,0.5000457857569834
RCSE_000086769,4508071049_00010,ESCALATE,CONTROLLED_MISSINGNESS,MISSING_PO_VALUE,1.0,50749.0,R4_99_100,ood_test_r4,EXECUTE,EXECUTE,0.6601670577030511,0.5120475043992396,5.212083788141275e-08,0.00010194239551029911,0.33983289017583584,0.4878168827545135,2.7511051546503483e-13,3.367045073656265e-05,0.5120475043992396,0.5007442179902334
RCSE_000093956,4508047707_00010,ESCALATE,CONTROLLED_MISSINGNESS,MISSING_PO_VALUE,1.0,112453.0,R4_99_100,ood_test_r4,EXECUTE,EXECUTE,0.8872722288305214,0.5120997090703223,1.7097638910720456e-11,0.0,0.11272777115238092,0.48786661704614465,2.4079282486959624e-24,3.3673883532916135e-05,0.5120997090703223,0.5000457857569834
RCSE_000088906,4508047708_00010,ESCALATE,CONTROLLED_MISSINGNESS,MISSING_PO_VALUE,1.0,112453.0,R4_99_100,ood_test_r4,EXECUTE,EXECUTE,0.8871907419846348,0.5120997090703223,1.701963579177e-11,0.0,0.11280925799834546,0.48786661704614465,2.4374778725109785e-24,3.3673883532916135e-05,0.5120997090703223,0.5000457857569834
RCSE_000093650,4508071347_00010,ESCALATE,CONTROLLED_MISSINGNESS,MISSING_PO_VALUE,1.0,54497.0,R4_99_100,ood_test_r4,EXECUTE,EXECUTE,0.5836306875544821,0.5120475043992396,5.510195937406512e-08,0.00010194239551029911,0.4163692573435084,0.4878168827545135,5.017986326985322e-14,3.367045073656265e-05,0.5120475043992396,0.5007442179902334
RCSE_000086391,4508058995_00010,ESCALATE,CONTROLLED_MISSINGNESS,MISSING_PO_VALUE,1.0,133811.0,R4_99_100,ood_test_r4,EXECUTE,EXECUTE,0.938648114486341,0.5120997090703223,5.51774624514406e-12,0.0,0.06135188550814115,0.48786661704614465,1.7958082167396603e-28,3.3673883532916135e-05,0.5120997090703223,0.5000457857569834
RCSE_000086764,4507040672_00010,ESCALATE,CONTROLLED_MISSINGNESS,MISSING_PO_VALUE,1.0,71970.0,R4_99_100,ood_test_r4,EXECUTE,EXECUTE,0.7331107400584297,0.5120997090703223,2.437913803621901e-10,0.0,0.266889259697779,0.48786661704614465,2.557623695878356e-18,3.3673883532916135e-05,0.5120997090703223,0.5000457857569834
RCSE_000096069,4508071001_00010,ESCALATE,CONTROLLED_MISSINGNESS,MISSING_PO_VALUE,1.0,292754.0,R4_99_100,ood_test_r4,EXECUTE,EXECUTE,0.9999744962720841,0.9972899992834033,9.974974667165681e-23,0.0,2.550372791592649e-05,0.0026444224186800446,3.6762896375390476e-73,6.557829791658741e-05,0.9972899992834033,0.013729724897472394
RCSE_000089036,4508072057_00030,ESCALATE,CONTROLLED_MISSINGNESS,MISSING_PO_VALUE,1.0,3772406.0,R4_99_100,ood_test_r4,EXECUTE,EXECUTE,1.0,0.9999342478255592,9.314160773144582e-175,0.0,4.321806094896682e-48,0.0,0.0,6.57521744407555e-05,0.9999342478255592,0.0005041629994060935
RCSE_000092350,2000052934_00001,ESCALATE,CONTROLLED_MISSINGNESS,MISSING_PO_VALUE,1.0,138564.0,R4_99_100,ood_test_r4,EXECUTE,EXECUTE,0.9288843636985676,0.5120997090703223,1.659342462305759e-12,0.0,0.07111563629977301,0.48786661704614465,2.3847646443514854e-30,3.3673883532916135e-05,0.5120997090703223,0.5000457857569834
RCSE_000091753,4508071105_00010,ESCALATE,CONTROLLED_MISSINGNESS,MISSING_PO_VALUE,1.0,50353.0,R4_99_100,ood_test_r4,EXECUTE,EXECUTE,0.5027487481942627,0.5120475043992396,2.302209074855845e-08,0.00010194239551029911,0.4972512287831772,0.4878168827545135,4.693228127133073e-13,3.367045073656265e-05,0.5120475043992396,0.5007442179902334
RCSE_000088590,4508055465_00010,ESCALATE,CONTROLLED_MISSINGNESS,MISSING_PO_VALUE,1.0,359306.0,R4_99_100,ood_test_r4,EXECUTE,EXECUTE,0.9998673239476373,0.9972899992834033,2.1732107418206667e-22,0.0,0.00013267605236265854,0.0026444224186800446,2.33703637397022e-68,6.557829791658741e-05,0.9972899992834033,0.013729724897472394
RCSE_000093234,4508046497_00010,ESCALATE,CONTROLLED_MISSINGNESS,MISSING_PO_VALUE,1.0,103091.0,R4_99_100,ood_test_r4,EXECUTE,EXECUTE,0.8246978651267668,0.5120997090703223,3.5538257247206735e-11,0.0,0.17530213483769497,0.48786661704614465,7.707037571797685e-23,3.3673883532916135e-05,0.5120997090703223,0.5000457857569834
RCSE_000082068,4508046494_00010,ESCALATE,CONTROLLED_MISSINGNESS,MISSING_PO_VALUE,1.0,103091.0,R4_99_100,ood_test_r4,EXECUTE,EXECUTE,0.8259871841201387,0.5120997090703223,3.728917943091441e-11,0.0,0.17401281584257208,0.48786661704614465,6.717131790459001e-23,3.3673883532916135e-05,0.5120997090703223,0.5000457857569834
RCSE_000118133,4507000647_00010,ABSTAIN,CONTROLLED_SEVERE_MISSINGNESS,MULTI_FIELD_MISSING,1.0,848704.0,R4_99_100,ood_test_r4,GATHER,GATHER,4.671848489043299e-22,0.001436733436837446,1.0,0.998529738602025,3.30039805613196e-19,0.0,6.570036879567455e-145,3.352796113766789e-05,0.998529738602025,0.008092504883414935
RCSE_000113952,4507001973_00010,ABSTAIN,CONTROLLED_SEVERE_MISSINGNESS,MULTI_FIELD_MISSING,1.0,2868968.0,R4_99_100,ood_test_r4,GATHER,GATHER,7.884844792787556e-21,0.001436733436837446,1.0,0.998529738602025,5.927404453124523e-18,0.0,2.8775282809854823e-131,3.352796113766789e-05,0.998529738602025,0.008092504883414935
RCSE_000118342,4507001250_00010,ABSTAIN,CONTROLLED_SEVERE_MISSINGNESS,MULTI_FIELD_MISSING,1.0,52677.0,R4_99_100,ood_test_r4,ABSTAIN,ABSTAIN,6.225275890565955e-05,0.0014351499057610583,0.43135269291227385,0.447168712736787,8.224188443914863e-05,0.0013505134136505821,0.5685028124443814,0.5500456239438014,0.5500456239438014,0.5099929974942761
RCSE_000114213,4507001281_00010,ABSTAIN,CONTROLLED_SEVERE_MISSINGNESS,MULTI_FIELD_MISSING,1.0,121243.0,R4_99_100,ood_test_r4,GATHER,GATHER,6.316048992557159e-05,0.0014415904104370656,0.9997969391326856,0.997168194188731,0.00013990037738889323,0.001356574096176297,4.780398702978545e-22,3.364130465562288e-05,0.997168194188731,0.015553957684369431
RCSE_000116351,4507001607_00050,ABSTAIN,CONTROLLED_SEVERE_MISSINGNESS,MULTI_FIELD_MISSING,1.0,147224.0,R4_99_100,ood_test_r4,GATHER,GATHER,3.8776925265017236e-08,0.001434793590798254,0.9999998440054704,0.9971815456047864,1.172176044016464e-07,0.0013501781119968526,2.0201593995634008e-42,3.348269241839992e-05,0.9971815456047864,0.015490245654545019
RCSE_000122562,4507003964_00010,ABSTAIN,CONTROLLED_SEVERE_MISSINGNESS,MULTI_FIELD_MISSING,1.0,1329794.0,R4_99_100,ood_test_r4,GATHER,GATHER,4.152033512291193e-08,0.001434793590798254,0.9999997060398336,0.9971815456047864,2.524398312167129e-07,0.0013501781119968526,5.797201273057979e-43,3.348269241839992e-05,0.9971815456047864,0.015490245654545019
RCSE_000111797,2000000065_00001,ABSTAIN,CONTROLLED_SEVERE_MISSINGNESS,MULTI_FIELD_MISSING,1.0,207846.0,R4_99_100,ood_test_r4,GATHER,GATHER,7.274740200010231e-05,0.0014415904104370656,0.9997202874657197,0.997168194188731,0.00020696512609651738,0.001356574096176297,6.183767976264626e-12,3.364130465562288e-05,0.997168194188731,0.015553957684369431
RCSE_000123684,2000000071_00001,ABSTAIN,CONTROLLED_SEVERE_MISSINGNESS,MULTI_FIELD_MISSING,1.0,207846.0,R4_99_100,ood_test_r4,GATHER,GATHER,0.00030614021746143476,0.0014367494348417906,0.9989674065826173,0.9938196238475974,0.0007264106501108046,0.004710098383089832,4.254981048224701e-08,3.352833447099068e-05,0.9938196238475974,0.02968176992737504
RCSE_000116729,4507006777_00010,ABSTAIN,CONTROLLED_SEVERE_MISSINGNESS,MULTI_FIELD_MISSING,1.0,53592.0,R4_99_100,ood_test_r4,ABSTAIN,ABSTAIN,5.3714307152539034e-05,0.0014608556887080073,0.11949596739017926,0.12691183795650812,8.210883284468915e-05,0.001374703224442393,0.8803682094698234,0.8702526031303414,0.8702526031303414,0.2896326199102675
RCSE_000124568,4507000644_00010,ABSTAIN,CONTROLLED_SEVERE_MISSINGNESS,MULTI_FIELD_MISSING,1.0,78808.0,R4_99_100,ood_test_r4,GATHER,GATHER,1.1472719671157545e-06,0.001434793590798254,0.9999946188061793,0.9971815456047864,4.233921853617048e-06,0.0013501781119968526,4.370272601347915e-39,3.348269241839992e-05,0.9971815456047864,0.015490245654545019
RCSE_000114434,4507000898_00010,ABSTAIN,CONTROLLED_SEVERE_MISSINGNESS,MULTI_FIELD_MISSING,1.0,2598076.0,R4_99_100,ood_test_r4,GATHER,GATHER,0.004208181918650112,0.00126271212178402,0.9895210094336586,0.8733385459722813,0.006270808647688562,0.12536927494855624,2.7920772144476383e-15,2.9466957378278616e-05,0.8733385459722813,0.279407914658105
RCSE_000118378,4507005600_00010,ABSTAIN,CONTROLLED_SEVERE_MISSINGNESS,MULTI_FIELD_MISSING,1.0,57572.0,R4_99_100,ood_test_r4,ABSTAIN,ABSTAIN,6.63718682217359e-05,0.0014351499057610583,0.29283474185153346,0.447168712736787,8.261680614991201e-05,0.0013505134136505821,0.7070162694740948,0.5500456239438014,0.5500456239438014,0.5099929974942761
RCSE_000124755,4507004390_00010,ABSTAIN,CONTROLLED_SEVERE_MISSINGNESS,MULTI_FIELD_MISSING,1.0,70494.0,R4_99_100,ood_test_r4,ABSTAIN,ABSTAIN,4.1579987768824826e-05,0.0013956969804611184,0.07346928796906424,0.07578198448597478,6.307720408600843e-05,0.0013133871841107712,0.926426054839081,0.9215089313494533,0.9215089313494533,0.20827221710219093
RCSE_000125616,4507000879_00050,ABSTAIN,CONTROLLED_SEVERE_MISSINGNESS,MULTI_FIELD_MISSING,1.0,519615.0,R4_99_100,ood_test_r4,GATHER,GATHER,3.77661256118281e-05,0.0014415904104370656,0.9998411546366004,0.997168194188731,0.00012107923778783662,0.001356574096176297,2.807746395038638e-30,3.364130465562288e-05,0.997168194188731,0.015553957684369431
RCSE_000118349,4507000879_00070,ABSTAIN,CONTROLLED_SEVERE_MISSINGNESS,MULTI_FIELD_MISSING,1.0,1700873.0,R4_99_100,ood_test_r4,GATHER,GATHER,1.3725445716578513e-05,0.0014415904104370656,0.9999350221590542,0.997168194188731,5.125239522924468e-05,0.001356574096176297,2.446686946411192e-33,3.364130465562288e-05,0.997168194188731,0.015553957684369431
RCSE_000119800,4507009742_00010,ABSTAIN,CONTROLLED_SEVERE_MISSINGNESS,MULTI_FIELD_MISSING,1.0,57250.0,R4_99_100,ood_test_r4,GATHER,ABSTAIN,8.264272959677549e-05,0.0014351499057610583,0.535878863272494,0.447168712736787,0.00010406229122823302,0.0013505134136505821,0.46393443170668097,0.5500456239438014,0.5500456239438014,0.5099929974942761
RCSE_000119867,4507006961_00010,ABSTAIN,CONTROLLED_SEVERE_MISSINGNESS,MULTI_FIELD_MISSING,1.0,57505.0,R4_99_100,ood_test_r4,ABSTAIN,ABSTAIN,8.295068535446504e-05,0.0014351499057610583,0.3895810063450843,0.447168712736787,0.0001040853861877731,0.0013505134136505821,0.6102319575833735,0.5500456239438014,0.5500456239438014,0.5099929974942761
RCSE_000117779,4507006962_00010,ABSTAIN,CONTROLLED_SEVERE_MISSINGNESS,MULTI_FIELD_MISSING,1.0,57505.0,R4_99_100,ood_test_r4,ABSTAIN,ABSTAIN,8.204147697123036e-05,0.0014351499057610583,0.3820481196992023,0.447168712736787,0.0001031058193081524,0.0013505134136505821,0.6177667330045182,0.5500456239438014,0.5500456239438014,0.5099929974942761
RCSE_000124562,4507004030_00010,ABSTAIN,CONTROLLED_SEVERE_MISSINGNESS,MULTI_FIELD_MISSING,1.0,57236.0,R4_99_100,ood_test_r4,ABSTAIN,ABSTAIN,0.00011983456502151055,0.0014351499057610583,0.47024418918392946,0.447168712736787,0.00015186364357621537,0.0013505134136505821,0.5294841126074729,0.5500456239438014,0.5500456239438014,0.5099929974942761
RCSE_000114719,4507009834_00010,ABSTAIN,CONTROLLED_SEVERE_MISSINGNESS,MULTI_FIELD_MISSING,1.0,57250.0,R4_99_100,ood_test_r4,ABSTAIN,ABSTAIN,8.789484766763436e-05,0.0014351499057610583,0.47905747493402956,0.447168712736787,0.00011171930337321226,0.0013505134136505821,0.5207429109149295,0.5500456239438014,0.5500456239438014,0.5099929974942761
RCSE_000125932,4507008765_00010,ABSTAIN,CONTROLLED_SEVERE_MISSINGNESS,MULTI_FIELD_MISSING,1.0,55524.0,R4_99_100,ood_test_r4,ABSTAIN,ABSTAIN,7.442816290444757e-05,0.001465265168920762,0.1670220632863129,0.1963102250409503,0.0001145594749904096,0.0013788526600871623,0.8327889490757922,0.8008456571300417,0.8008456571300417,0.37229164861999864
RCSE_000111893,4507000396_00010,ABSTAIN,CONTROLLED_SEVERE_MISSINGNESS,MULTI_FIELD_MISSING,1.0,55260.0,R4_99_100,ood_test_r4,ABSTAIN,ABSTAIN,9.810578198292306e-05,0.0013956969804611184,0.07997297587398433,0.07578198448597478,0.00011238076051658163,0.0013133871841107712,0.9198165375835163,0.9215089313494533,0.9215089313494533,0.20827221710219093
RCSE_000119816,4507000557_00010,ABSTAIN,CONTROLLED_SEVERE_MISSINGNESS,MULTI_FIELD_MISSING,1.0,70494.0,R4_99_100,ood_test_r4,ABSTAIN,ABSTAIN,0.0001782339659145508,0.0013956969804611184,0.07088827220698202,0.07578198448597478,0.00027231133764555286,0.0013133871841107712,0.9286611824894576,0.9215089313494533,0.9215089313494533,0.20827221710219093
RCSE_000123567,4507009290_00010,ABSTAIN,CONTROLLED_SEVERE_MISSINGNESS,MULTI_FIELD_MISSING,1.0,173205.0,R4_99_100,ood_test_r4,ABSTAIN,ABSTAIN,3.107519032872887e-05,0.0013956969804611184,0.05128811518148992,0.07578198448597478,5.012641288863618e-05,0.0013133871841107712,0.9486306832152926,0.9215089313494533,0.9215089313494533,0.20827221710219093
RCSE_000119597,4507008100_00010,ABSTAIN,CONTROLLED_SEVERE_MISSINGNESS,MULTI_FIELD_MISSING,1.0,57491.0,R4_99_100,ood_test_r4,ABSTAIN,ABSTAIN,4.1205217654574955e-05,0.0014289044462652883,0.20810546683676687,0.23172067103602093,5.410494767527541e-05,0.0013446362737158687,0.7917992229979033,0.7655057882439977,0.7655057882439977,0.40513422790543985
RCSE_000112926,4507003965_00170,ABSTAIN,CONTROLLED_SEVERE_MISSINGNESS,MULTI_FIELD_MISSING,1.0,77961.0,R4_99_100,ood_test_r4,GATHER,GATHER,0.0037863051406881536,0.001262589598874154,0.9906683836501308,0.8733508361290381,0.005544174739265282,0.12535711017393386,1.1364699157441266e-06,2.9464098153835775e-05,0.8733508361290381,0.27939028213871875
RCSE_000123389,4507007791_00020,ABSTAIN,CONTROLLED_SEVERE_MISSINGNESS,MULTI_FIELD_MISSING,1.0,56464.0,R4_99_100,ood_test_r4,ABSTAIN,ABSTAIN,8.965320194273536e-05,0.0014392419404403213,0.20448183398864095,0.2105838207591628,8.48702337146691e-05,0.001354364124786251,0.7953436425757016,0.7866225731756106,0.7866225731756106,0.3860795569572363
RCSE_000126275,4507003429_00010,ABSTAIN,CONTROLLED_SEVERE_MISSINGNESS,MULTI_FIELD_MISSING,1.0,128164.0,R4_99_100,ood_test_r4,GATHER,GATHER,0.003633638510720575,0.0013858329932467752,0.9912392265393362,0.9586000110142794,0.005127132526365808,0.03998181585647521,2.4235774014688255e-09,3.2340135998472526e-05,0.9586000110142794,0.12890536432893518
RCSE_000119976,4507012548_00010,ABSTAIN,CONTROLLED_SEVERE_MISSINGNESS,MULTI_FIELD_MISSING,1.0,54141.0,R4_99_100,ood_test_r4,GATHER,GATHER,0.0001302152601662444,0.0014369718692367895,0.8749712366169332,0.9860856580953317,0.00011920786015034956,0.001352227928701086,0.12477934026275021,0.011125142106730414,0.9860856580953317,0.05929633914576495
RCSE_000122887,4507010328_00010,ABSTAIN,CONTROLLED_SEVERE_MISSINGNESS,MULTI_FIELD_MISSING,1.0,147934.0,R4_99_100,ood_test_r4,ABSTAIN,ABSTAIN,7.576035623926142e-05,0.001465265168920762,0.1816911150126537,0.1963102250409503,7.232068228000507e-05,0.0013788526600871623,0.8181608039488272,0.8008456571300417,0.8008456571300417,0.37229164861999864
RCSE_000119754,4507005639_00010,ABSTAIN,CONTROLLED_SEVERE_MISSINGNESS,MULTI_FIELD_MISSING,1.0,273046.0,R4_99_100,ood_test_r4,GATHER,GATHER,0.004858149718324061,0.00126271212178402,0.9887413912323935,0.8733385459722813,0.006400421024498632,0.12536927494855624,3.802478391697511e-08,2.9466957378278616e-05,0.8733385459722813,0.279407914658105
RCSE_000121697,4507009731_00010,ABSTAIN,CONTROLLED_SEVERE_MISSINGNESS,MULTI_FIELD_MISSING,1.0,70494.0,R4_99_100,ood_test_r4,ABSTAIN,ABSTAIN,0.00012232147473523596,0.001465265168920762,0.18009244956525208,0.1963102250409503,0.0001923545937822258,0.0013788526600871623,0.8195928743662304,0.8008456571300417,0.8008456571300417,0.37229164861999864
RCSE_000120105,4507009903_00010,ABSTAIN,CONTROLLED_SEVERE_MISSINGNESS,MULTI_FIELD_MISSING,1.0,68298.0,R4_99_100,ood_test_r4,GATHER,GATHER,2.800898678599007e-05,0.0014396016306914656,0.9994848819735922,0.9957925274992184,3.9883206875740785e-05,0.0013547026026741564,0.00044722583274608887,0.0014131682674160574,0.9957925274992184,0.022966458109511353
RCSE_000118645,4507011475_00010,ABSTAIN,CONTROLLED_SEVERE_MISSINGNESS,MULTI_FIELD_MISSING,1.0,57439.0,R4_99_100,ood_test_r4,ABSTAIN,ABSTAIN,0.00010911242826862798,0.0014351499057610583,0.4491055710833953,0.447168712736787,0.0001389933437034697,0.0013505134136505821,0.5506463231446326,0.5500456239438014,0.5500456239438014,0.5099929974942761
RCSE_000125612,4507004133_00010,ABSTAIN,CONTROLLED_SEVERE_MISSINGNESS,MULTI_FIELD_MISSING,1.0,59859.0,R4_99_100,ood_test_r4,GATHER,ABSTAIN,0.00015467156759876383,0.0014351499057610583,0.6097919444958113,0.447168712736787,0.00017237478296102426,0.0013505134136505821,0.389881009153629,0.5500456239438014,0.5500456239438014,0.5099929974942761
RCSE_000118243,4507009157_00190,ABSTAIN,CONTROLLED_SEVERE_MISSINGNESS,MULTI_FIELD_MISSING,1.0,58943.0,R4_99_100,ood_test_r4,GATHER,GATHER,7.110646942071987e-05,0.0014304374451355236,0.8234834273049715,0.9303092705106172,8.27375747005937e-05,0.001346078865551783,0.17636272865090724,0.0669142131786954,0.9303092705106172,0.19218882693940617
RCSE_000116590,4507004486_00010,ABSTAIN,CONTROLLED_SEVERE_MISSINGNESS,MULTI_FIELD_MISSING,1.0,129293.0,R4_99_100,ood_test_r4,ABSTAIN,ABSTAIN,4.430066790387255e-05,0.0013956969804611184,0.0824511404474651,0.07578198448597478,5.399459802967608e-05,0.0013133871841107712,0.9174505642866012,0.9215089313494533,0.9215089313494533,0.20827221710219093
RCSE_000126032,4507007117_00010,ABSTAIN,CONTROLLED_SEVERE_MISSINGNESS,MULTI_FIELD_MISSING,1.0,138564.0,R4_99_100,ood_test_r4,GATHER,GATHER,0.002516380243615891,0.0013982950662343682,0.9938766652543338,0.9672202007206736,0.00360695396523706,0.031348873259125346,5.368131779819963e-10,3.2630953966586726e-05,0.9672202007206736,0.1084270742359047
RCSE_000117879,4507020377_00010,ABSTAIN,CONTROLLED_SEVERE_MISSINGNESS,MULTI_FIELD_MISSING,1.0,49503.0,R4_99_100,ood_test_r4,ABSTAIN,ABSTAIN,3.572635932287296e-05,0.0013956969804611184,0.08219732422733814,0.07578198448597478,5.420244424159372e-05,0.0013133871841107712,0.9177127469690974,0.9215089313494533,0.9215089313494533,0.20827221710219093
RCSE_000122922,4507002016_00010,ABSTAIN,CONTROLLED_SEVERE_MISSINGNESS,MULTI_FIELD_MISSING,1.0,208961.0,R4_99_100,ood_test_r4,ABSTAIN,ABSTAIN,5.218415624677599e-05,0.0013270076173836434,0.010166601079993162,0.0720523667251275,0.00060252914695837,0.004350331575856755,0.9891786856168017,0.9222702940816321,0.9222702940816321,0.213949686138206
RCSE_000118937,4507021324_00010,ABSTAIN,CONTROLLED_SEVERE_MISSINGNESS,MULTI_FIELD_MISSING,1.0,59577.0,R4_99_100,ood_test_r4,GATHER,GATHER,0.00041415158257821654,0.0014347739804796615,0.9979913086076097,0.992453174511694,0.0007235212606837266,0.004703622247327192,0.0008710185491283712,0.0014084292604991029,0.992453174511694,0.03705332171515349
RCSE_000114529,4507001261_00010,ABSTAIN,CONTROLLED_SEVERE_MISSINGNESS,MULTI_FIELD_MISSING,1.0,346410.0,R4_99_100,ood_test_r4,GATHER,GATHER,0.0010368896805910128,0.0013982950662343682,0.9966804122944971,0.9672202007206736,0.002271797455528188,0.031348873259125346,1.0900569383655171e-05,3.2630953966586726e-05,0.9672202007206736,0.1084270742359047
RCSE_000122205,4507004520_00010,ABSTAIN,CONTROLLED_SEVERE_MISSINGNESS,MULTI_FIELD_MISSING,1.0,77942.0,R4_99_100,ood_test_r4,GATHER,GATHER,0.019846456774053167,0.015672499610845495,0.957667462376212,0.6611252969800485,0.02248595903326711,0.3231798966518493,1.218164676246683e-07,2.2306757256573897e-05,0.6611252969800485,0.5078283415002478
RCSE_000119527,4507001265_00010,ABSTAIN,CONTROLLED_SEVERE_MISSINGNESS,MULTI_FIELD_MISSING,1.0,155884.0,R4_99_100,ood_test_r4,GATHER,GATHER,0.01385828936204498,0.015672499610845495,0.9615795600987845,0.6611252969800485,0.024562120863317854,0.3231798966518493,2.9675852682276562e-08,2.2306757256573897e-05,0.6611252969800485,0.5078283415002478
RCSE_000112768,4507021328_00010,ABSTAIN,CONTROLLED_SEVERE_MISSINGNESS,MULTI_FIELD_MISSING,1.0,59577.0,R4_99_100,ood_test_r4,ABSTAIN,ABSTAIN,0.000445397412579889,0.0014303520170166283,0.3014491669899621,0.4456737708320503,0.000655408427936738,0.004689125716163003,0.6974500271695213,0.54820675143477,0.54820675143477,0.5224157101606426
RCSE_000111761,4507011209_00030,ABSTAIN,CONTROLLED_SEVERE_MISSINGNESS,MULTI_FIELD_MISSING,1.0,83018.0,R4_99_100,ood_test_r4,GATHER,GATHER,0.0009936287794947351,0.0013880968196669289,0.9471954807730417,0.9600592543959259,0.0012129696426564777,0.031120235150597274,0.05059792080480703,0.007432413633809827,0.9600592543959259,0.13899118859556633
RCSE_000115324,4507008905_00140,ABSTAIN,CONTROLLED_SEVERE_MISSINGNESS,MULTI_FIELD_MISSING,1.0,55098.0,R4_99_100,ood_test_r4,GATHER,GATHER,7.239082032500597e-05,0.0014369718692367895,0.8722695291590347,0.9860856580953317,8.342157376393598e-05,0.001352227928701086,0.1275746584468763,0.011125142106730414,0.9860856580953317,0.05929633914576495
RCSE_000124889,4507010590_00010,ABSTAIN,CONTROLLED_SEVERE_MISSINGNESS,MULTI_FIELD_MISSING,1.0,111637.0,R4_99_100,ood_test_r4,ABSTAIN,ABSTAIN,0.0001312629022871421,0.001465265168920762,0.18771569523293263,0.1963102250409503,0.00015200366993147808,0.0013788526600871623,0.8120010381948487,0.8008456571300417,0.8008456571300417,0.37229164861999864
RCSE_000126428,4507000684_00010,ABSTAIN,CONTROLLED_SEVERE_MISSINGNESS,MULTI_FIELD_MISSING,1.0,3550704.0,R4_99_100,ood_test_r4,GATHER,GATHER,3.540490454510271e-08,0.001434793590798254,0.9999996501264284,0.9971815456047864,3.1446866705788265e-07,0.0013501781119968526,3.1054799798061625e-63,3.348269241839992e-05,0.9971815456047864,0.015490245654545019
RCSE_000112186,4507004079_00010,ABSTAIN,CONTROLLED_SEVERE_MISSINGNESS,MULTI_FIELD_MISSING,1.0,106749.0,R4_99_100,ood_test_r4,ABSTAIN,ABSTAIN,0.00022232027257156677,0.0014602641600387988,0.18042376295358886,0.19564021035700535,0.0003395885836439187,0.004787186751070591,0.8190143281901955,0.7981123387318853,0.7981123387318853,0.38539308922761306
RCSE_000124862,4507010592_00010,ABSTAIN,CONTROLLED_SEVERE_MISSINGNESS,MULTI_FIELD_MISSING,1.0,111637.0,R4_99_100,ood_test_r4,ABSTAIN,ABSTAIN,0.00016195686639635084,0.001465265168920762,0.1768012879838775,0.1963102250409503,0.00018752057141030128,0.0013788526600871623,0.8228492345783159,0.8008456571300417,0.8008456571300417,0.37229164861999864
RCSE_000123868,4507012735_00010,ABSTAIN,CONTROLLED_SEVERE_MISSINGNESS,MULTI_FIELD_MISSING,1.0,79625.0,R4_99_100,ood_test_r4,ABSTAIN,ABSTAIN,0.00011110363782515545,0.0014608556887080073,0.10527729578501191,0.12691183795650812,0.00014369286880769412,0.001374703224442393,0.8944679077083553,0.8702526031303414,0.8702526031303414,0.2896326199102675
RCSE_000123458,4507024774_00010,ABSTAIN,CONTROLLED_SEVERE_MISSINGNESS,MULTI_FIELD_MISSING,1.0,56509.0,R4_99_100,ood_test_r4,ABSTAIN,ABSTAIN,0.00010543018085840594,0.0014351499057610583,0.4752461257635522,0.447168712736787,0.00013374152086996697,0.0013505134136505821,0.5245147025347194,0.5500456239438014,0.5500456239438014,0.5099929974942761
RCSE_000119284,4507020088_00010,ABSTAIN,CONTROLLED_SEVERE_MISSINGNESS,MULTI_FIELD_MISSING,1.0,216913.0,R4_99_100,ood_test_r4,ABSTAIN,ABSTAIN,0.00013826579992302356,0.0014351499057610583,0.33356789356399175,0.447168712736787,0.0001575562459063558,0.0013505134136505821,0.6661362843901789,0.5500456239438014,0.5500456239438014,0.5099929974942761
RCSE_000126271,4507016941_00010,ABSTAIN,CONTROLLED_SEVERE_MISSINGNESS,MULTI_FIELD_MISSING,1.0,80349.0,R4_99_100,ood_test_r4,ABSTAIN,ABSTAIN,6.26796297225326e-07,0.0014348416331593263,4.020488292748657e-23,0.0,1.8662035941339334e-07,0.0013502233211090094,0.9999991865833433,0.9972149350457317,0.9972149350457317,0.015217722313656461
RCSE_000126058,4507020284_00010,ABSTAIN,CONTROLLED_SEVERE_MISSINGNESS,MULTI_FIELD_MISSING,1.0,107955.0,R4_99_100,ood_test_r4,ABSTAIN,ABSTAIN,8.286434545714927e-05,0.001465265168920762,0.15449958771239214,0.1963102250409503,9.465996272179885e-05,0.0013788526600871623,0.8453228879794289,0.8008456571300417,0.8008456571300417,0.37229164861999864
RCSE_000122790,4507027832_00010,ABSTAIN,CONTROLLED_SEVERE_MISSINGNESS,MULTI_FIELD_MISSING,1.0,55455.0,R4_99_100,ood_test_r4,ABSTAIN,ABSTAIN,6.32916910123726e-05,0.0014351499057610583,0.3012475745199288,0.447168712736787,7.870393566954465e-05,0.0013505134136505821,0.6986104298533893,0.5500456239438014,0.5500456239438014,0.5099929974942761
RCSE_000114809,4507017599_00010,ABSTAIN,CONTROLLED_SEVERE_MISSINGNESS,MULTI_FIELD_MISSING,1.0,100458.0,R4_99_100,ood_test_r4,ABSTAIN,ABSTAIN,5.6861700351649284e-05,0.001444193394340696,0.14356221125361543,0.13687014669092504,7.990253211324951e-05,0.0013590235717769,0.8563010245139198,0.8603266363429574,0.8603266363429574,0.30299714196890054
RCSE_000111958,4507021937_00010,ABSTAIN,CONTROLLED_SEVERE_MISSINGNESS,MULTI_FIELD_MISSING,1.0,55269.0,R4_99_100,ood_test_r4,ABSTAIN,ABSTAIN,6.948721059304751e-05,0.0013311362467644634,0.035293669376839094,0.07227653839853923,0.00010621125193132461,0.001252633853394271,0.9645306321606365,0.925139691501302,0.925139691501302,0.2012990307930954
RCSE_000116245,4507020422_00010,ABSTAIN,CONTROLLED_SEVERE_MISSINGNESS,MULTI_FIELD_MISSING,1.0,54939.0,R4_99_100,ood_test_r4,ABSTAIN,ABSTAIN,9.842629452992377e-05,0.0013311362467644634,0.043452051812104604,0.07227653839853923,0.0001484477025199791,0.001252633853394271,0.9563010741908455,0.925139691501302,0.925139691501302,0.2012990307930954
RCSE_000113618,4507023161_00010,ABSTAIN,CONTROLLED_SEVERE_MISSINGNESS,MULTI_FIELD_MISSING,1.0,127742.0,R4_99_100,ood_test_r4,ABSTAIN,ABSTAIN,0.00014271880158931338,0.0014351499057610583,0.3456127098372683,0.447168712736787,0.00017976231588096793,0.0013505134136505821,0.6540648090452614,0.5500456239438014,0.5500456239438014,0.5099929974942761
RCSE_000123947,4507034124_00010,ABSTAIN,CONTROLLED_SEVERE_MISSINGNESS,MULTI_FIELD_MISSING,1.0,55074.0,R4_99_100,ood_test_r4,ABSTAIN,ABSTAIN,7.124643145851928e-05,0.001465265168920762,0.16532459973391253,0.1963102250409503,0.00011007175403324093,0.0013788526600871623,0.8344940820805957,0.8008456571300417,0.8008456571300417,0.37229164861999864
RCSE_000111754,4507021985_00010,ABSTAIN,CONTROLLED_SEVERE_MISSINGNESS,MULTI_FIELD_MISSING,1.0,107955.0,R4_99_100,ood_test_r4,ABSTAIN,ABSTAIN,9.865304089816611e-05,0.001444193394340696,0.13321264388016832,0.13687014669092504,0.00011318488107712365,0.0013590235717769,0.8665755181978564,0.8603266363429574,0.8603266363429574,0.30299714196890054
RCSE_000111876,4507030546_00010,ABSTAIN,CONTROLLED_SEVERE_MISSINGNESS,MULTI_FIELD_MISSING,1.0,72139.0,R4_99_100,ood_test_r4,ABSTAIN,ABSTAIN,7.414315785725306e-05,0.0014348416331593263,0.2731153724573965,0.42737782930531354,8.303353225125254e-05,0.0013502233211090094,0.7267274508524951,0.5698371057404181,0.5698371057404181,0.5064598281539681
RCSE_000113405,4507031095_00010,ABSTAIN,CONTROLLED_SEVERE_MISSINGNESS,MULTI_FIELD_MISSING,1.0,55407.0,R4_99_100,ood_test_r4,ABSTAIN,ABSTAIN,4.004327002677503e-05,0.0013311362467644634,0.04795755777584709,0.07227653839853923,6.469679335016898e-05,0.001252633853394271,0.9519377021607759,0.925139691501302,0.925139691501302,0.2012990307930954
RCSE_000117215,4507035989_00010,ABSTAIN,CONTROLLED_SEVERE_MISSINGNESS,MULTI_FIELD_MISSING,1.0,54817.0,R4_99_100,ood_test_r4,ABSTAIN,ABSTAIN,3.830224590675167e-05,0.0013956969804611184,0.07923720413871586,0.07578198448597478,5.8140855329030925e-05,0.0013133871841107712,0.9206663527600483,0.9215089313494533,0.9215089313494533,0.20827221710219093
RCSE_000116818,4507012171_00010,ABSTAIN,CONTROLLED_SEVERE_MISSINGNESS,MULTI_FIELD_MISSING,1.0,101595.0,R4_99_100,ood_test_r4,ABSTAIN,ABSTAIN,0.0002111817974083542,0.0014437428570454143,0.13141088510343718,0.1368274480427131,0.00031807643294406014,0.001670564260330468,0.8680598566662103,0.860058244839911,0.860058244839911,0.3043640468913361
RCSE_000116764,4507035594_00010,ABSTAIN,CONTROLLED_SEVERE_MISSINGNESS,MULTI_FIELD_MISSING,1.0,60968.0,R4_99_100,ood_test_r4,ABSTAIN,ABSTAIN,3.448081464591136e-05,0.0013956969804611184,0.07680642609642171,0.07578198448597478,5.2354120489140496e-05,0.0013133871841107712,0.9231067389684434,0.9215089313494533,0.9215089313494533,0.20827221710219093
RCSE_000119917,4507036149_00010,ABSTAIN,CONTROLLED_SEVERE_MISSINGNESS,MULTI_FIELD_MISSING,1.0,66683.0,R4_99_100,ood_test_r4,ABSTAIN,ABSTAIN,4.158647166553181e-05,0.0013311362467644634,0.03849617477471685,0.07227653839853923,4.772499996789994e-05,0.001252633853394271,0.9614145137536496,0.925139691501302,0.925139691501302,0.2012990307930954
RCSE_000117658,4507036153_00010,ABSTAIN,CONTROLLED_SEVERE_MISSINGNESS,MULTI_FIELD_MISSING,1.0,55131.0,R4_99_100,ood_test_r4,ABSTAIN,ABSTAIN,4.3655931885252735e-05,0.0014351499057610583,0.36391629457239033,0.447168712736787,5.6967229389701284e-05,0.0013505134136505821,0.6359830822663349,0.5500456239438014,0.5500456239438014,0.5099929974942761
RCSE_000123649,4507024387_00070,ABSTAIN,CONTROLLED_SEVERE_MISSINGNESS,MULTI_FIELD_MISSING,1.0,54044.0,R4_99_100,ood_test_r4,ABSTAIN,ABSTAIN,4.5717590275919157e-05,0.0014392419404403213,0.2012156921765619,0.2105838207591628,5.1107857149488327e-05,0.001354364124786251,0.7986874823760126,0.7866225731756106,0.7866225731756106,0.3860795569572363
RCSE_000122510,4507027140_00010,ABSTAIN,CONTROLLED_SEVERE_MISSINGNESS,MULTI_FIELD_MISSING,1.0,54851.0,R4_99_100,ood_test_r4,ABSTAIN,ABSTAIN,0.00010699264265167082,0.0013349958017776263,0.1022765847061146,0.11597776027943128,0.00016301971347875444,0.0012562657951134424,0.897453402937755,0.8814309781236777,0.8814309781236777,0.27290676289192595
RCSE_000123536,4507023681_00010,ABSTAIN,CONTROLLED_SEVERE_MISSINGNESS,MULTI_FIELD_MISSING,1.0,49384.0,R4_99_100,ood_test_r4,ABSTAIN,ABSTAIN,0.0003430201422225429,0.0013731368195533673,0.08660181943573693,0.08751172104397005,0.0005111019973832963,0.004501557026365991,0.9125440584246572,0.9066135851101106,0.9066135851101106,0.24196430752844478
RCSE_000113898,4507028945_00010,ABSTAIN,CONTROLLED_SEVERE_MISSINGNESS,MULTI_FIELD_MISSING,1.0,54871.0,R4_99_100,ood_test_r4,ABSTAIN,ABSTAIN,9.663270078842992e-05,0.0013349958017776263,0.094171159364351,0.11597776027943128,0.00014837066696596102,0.0012562657951134424,0.9055838372678948,0.8814309781236777,0.8814309781236777,0.27290676289192595
RCSE_000116910,4507029675_00010,ABSTAIN,CONTROLLED_SEVERE_MISSINGNESS,MULTI_FIELD_MISSING,1.0,49384.0,R4_99_100,ood_test_r4,ABSTAIN,ABSTAIN,0.00012839354209716016,0.0013311362467644634,0.049347794863743945,0.07227653839853923,0.00018716340625065552,0.001252633853394271,0.9503366481879082,0.925139691501302,0.925139691501302,0.2012990307930954
RCSE_000117890,4507027737_00010,ABSTAIN,CONTROLLED_SEVERE_MISSINGNESS,MULTI_FIELD_MISSING,1.0,60621.0,R4_99_100,ood_test_r4,ABSTAIN,ABSTAIN,5.466981573087928e-05,0.0013956969804611184,0.058871732597568636,0.07578198448597478,8.335835605599562e-05,0.0013133871841107712,0.9409902392306444,0.9215089313494533,0.9215089313494533,0.20827221710219093
RCSE_000113677,4507038513_00010,ABSTAIN,CONTROLLED_SEVERE_MISSINGNESS,MULTI_FIELD_MISSING,1.0,49585.0,R4_99_100,ood_test_r4,ABSTAIN,ABSTAIN,6.937553897587221e-05,0.0014724508404585675,0.14800095465460428,0.16731089833530424,0.00010778834262083416,0.001385614564024122,0.851821881463799,0.829831036260213,0.829831036260213,0.34094317338331864
RCSE_000126142,4507014504_00010,ABSTAIN,CONTROLLED_SEVERE_MISSINGNESS,MULTI_FIELD_MISSING,1.0,112178.0,R4_99_100,ood_test_r4,ABSTAIN,ABSTAIN,0.00020767618839333807,0.0013824553482229816,0.08598922946956068,0.08455047452401583,0.0002475514690867579,0.0013009264635376486,0.9135555428729593,0.9127661436642236,0.9127661436642236,0.2235697466442545
RCSE_000117690,4507032596_00010,ABSTAIN,CONTROLLED_SEVERE_MISSINGNESS,MULTI_FIELD_MISSING,1.0,109493.0,R4_99_100,ood_test_r4,ABSTAIN,ABSTAIN,0.00016172110629340765,0.0014351499057610583,0.3902727107241252,0.447168712736787,0.00024517210730200614,0.0013505134136505821,0.6093203960622793,0.5500456239438014,0.5500456239438014,0.5099929974942761
RCSE_000113858,4507006789_00010,ABSTAIN,CONTROLLED_SEVERE_MISSINGNESS,MULTI_FIELD_MISSING,1.0,354392.0,R4_99_100,ood_test_r4,ABSTAIN,ABSTAIN,0.0002833592092433543,0.0013911588410564113,0.05174275076194882,0.07553557769798483,0.0004959682042001915,0.0045606386534632355,0.9474779218246075,0.9185126248074955,0.9185126248074955,0.22140085908650342
RCSE_000117581,4507023054_00010,ABSTAIN,CONTROLLED_SEVERE_MISSINGNESS,MULTI_FIELD_MISSING,1.0,112178.0,R4_99_100,ood_test_r4,ABSTAIN,ABSTAIN,0.00018213137754188478,0.001465265168920762,0.1529870212702528,0.1963102250409503,0.00021198733152376877,0.0013788526600871623,0.8466188600206815,0.8008456571300417,0.8008456571300417,0.37229164861999864
RCSE_000121019,4507036584_00010,ABSTAIN,CONTROLLED_SEVERE_MISSINGNESS,MULTI_FIELD_MISSING,1.0,54945.0,R4_99_100,ood_test_r4,ABSTAIN,ABSTAIN,5.6042204120894974e-05,0.0013956969804611184,0.07376312055750253,0.07578198448597478,8.484974472244574e-05,0.0013133871841107712,0.9260959874936541,0.9215089313494533,0.9215089313494533,0.20827221710219093
RCSE_000120646,4507032284_00010,ABSTAIN,CONTROLLED_SEVERE_MISSINGNESS,MULTI_FIELD_MISSING,1.0,55827.0,R4_99_100,ood_test_r4,ABSTAIN,ABSTAIN,6.282287179104889e-05,0.0013956969804611184,0.07338596781078921,0.07578198448597478,9.472671673001671e-05,0.0013133871841107712,0.9264564826006897,0.9215089313494533,0.9215089313494533,0.20827221710219093
RCSE_000121455,4507036853_00010,ABSTAIN,CONTROLLED_SEVERE_MISSINGNESS,MULTI_FIELD_MISSING,1.0,70200.0,R4_99_100,ood_test_r4,ABSTAIN,ABSTAIN,9.461953540490598e-05,0.0014351499057610583,0.35479191899099966,0.447168712736787,0.00010568501326942647,0.0013505134136505821,0.6450077764603259,0.5500456239438014,0.5500456239438014,0.5099929974942761
RCSE_000121594,4507041490_00010,ABSTAIN,CONTROLLED_SEVERE_MISSINGNESS,MULTI_FIELD_MISSING,1.0,49239.0,R4_99_100,ood_test_r4,ABSTAIN,ABSTAIN,4.109630940617533e-05,0.0013956969804611184,0.06602982016211895,0.07578198448597478,6.279396121678533e-05,0.0013133871841107712,0.933866289567258,0.9215089313494533,0.9215089313494533,0.20827221710219093
RCSE_000116624,4508043849_00010,ABSTAIN,CONTROLLED_SEVERE_MISSINGNESS,MULTI_FIELD_MISSING,1.0,53271.0,R4_99_100,ood_test_r4,ABSTAIN,ABSTAIN,5.083984298373588e-05,0.0013956969804611184,0.06911540958566127,0.07578198448597478,8.329436388864058e-05,0.0013133871841107712,0.9307504562074663,0.9215089313494533,0.9215089313494533,0.20827221710219093
RCSE_000114941,4507035764_00010,ABSTAIN,CONTROLLED_SEVERE_MISSINGNESS,MULTI_FIELD_MISSING,1.0,127742.0,R4_99_100,ood_test_r4,ABSTAIN,ABSTAIN,0.00011226461276024105,0.001465265168920762,0.17826958687667502,0.1963102250409503,0.0001309765560008038,0.0013788526600871623,0.8214871719545639,0.8008456571300417,0.8008456571300417,0.37229164861999864
RCSE_000122201,4507006768_00020,ABSTAIN,CONTROLLED_SEVERE_MISSINGNESS,MULTI_FIELD_MISSING,1.0,54490.0,R4_99_100,ood_test_r4,ABSTAIN,ABSTAIN,0.00011444102466852216,0.0013956969804611184,0.08341713216104325,0.07578198448597478,0.00016762023173190802,0.0013133871841107712,0.9163008065825564,0.9215089313494533,0.9215089313494533,0.20827221710219093
RCSE_000122214,4507025911_00010,ABSTAIN,CONTROLLED_SEVERE_MISSINGNESS,MULTI_FIELD_MISSING,1.0,115645.0,R4_99_100,ood_test_r4,ABSTAIN,ABSTAIN,0.00012892761290241673,0.0013956969804611184,0.07017755062300324,0.07578198448597478,0.00015148268575038766,0.0013133871841107712,0.929542039078344,0.9215089313494533,0.9215089313494533,0.20827221710219093
RCSE_000123520,4508043990_00040,ABSTAIN,CONTROLLED_SEVERE_MISSINGNESS,MULTI_FIELD_MISSING,1.0,60968.0,R4_99_100,ood_test_r4,ABSTAIN,ABSTAIN,3.6394727387412914e-05,0.0013311362467644634,0.022553069768102035,0.07227653839853923,5.4350009016570286e-05,0.001252633853394271,0.9773561854954939,0.925139691501302,0.925139691501302,0.2012990307930954
RCSE_000115575,4508043721_00010,ABSTAIN,CONTROLLED_SEVERE_MISSINGNESS,MULTI_FIELD_MISSING,1.0,78080.0,R4_99_100,ood_test_r4,ABSTAIN,ABSTAIN,0.00010587348009889699,0.0014351499057610583,0.45278079987566033,0.447168712736787,0.0001159795099154575,0.0013505134136505821,0.5469973471343254,0.5500456239438014,0.5500456239438014,0.5099929974942761
RCSE_000115300,4507030152_00010,ABSTAIN,CONTROLLED_SEVERE_MISSINGNESS,MULTI_FIELD_MISSING,1.0,107955.0,R4_99_100,ood_test_r4,ABSTAIN,ABSTAIN,0.00014988784036472892,0.0014608556887080073,0.1042127621399264,0.12691183795650812,0.00017279764644596824,0.001374703224442393,0.8954645523732628,0.8702526031303414,0.8702526031303414,0.2896326199102675
RCSE_000123493,4508042471_00010,ABSTAIN,CONTROLLED_SEVERE_MISSINGNESS,MULTI_FIELD_MISSING,1.0,70494.0,R4_99_100,ood_test_r4,ABSTAIN,ABSTAIN,0.00015684506152387607,0.0013956969804611184,0.0734340170056302,0.07578198448597478,0.00023972519095348356,0.0013133871841107712,0.9261694127418924,0.9215089313494533,0.9215089313494533,0.20827221710219093
RCSE_000116726,4508049061_00010,ABSTAIN,CONTROLLED_SEVERE_MISSINGNESS,MULTI_FIELD_MISSING,1.0,55860.0,R4_99_100,ood_test_r4,ABSTAIN,ABSTAIN,7.940217924081027e-05,0.0014351499057610583,0.40819230824419184,0.447168712736787,9.93615382003349e-05,0.0013505134136505821,0.5916289280383671,0.5500456239438014,0.5500456239438014,0.5099929974942761
RCSE_000114628,4508050175_00010,ABSTAIN,CONTROLLED_SEVERE_MISSINGNESS,MULTI_FIELD_MISSING,1.0,55728.0,R4_99_100,ood_test_r4,ABSTAIN,ABSTAIN,5.838763325323764e-05,0.0014351499057610583,0.30884154543394465,0.447168712736787,7.258145043773296e-05,0.0013505134136505821,0.6910274854823644,0.5500456239438014,0.5500456239438014,0.5099929974942761
RCSE_000119028,4508049911_00010,ABSTAIN,CONTROLLED_SEVERE_MISSINGNESS,MULTI_FIELD_MISSING,1.0,55759.0,R4_99_100,ood_test_r4,ABSTAIN,ABSTAIN,6.0154583542819135e-05,0.0014351499057610583,0.31617091451971746,0.447168712736787,7.463566474263398e-05,0.0013505134136505821,0.683694295231997,0.5500456239438014,0.5500456239438014,0.5099929974942761
RCSE_000113981,4507035351_00010,ABSTAIN,CONTROLLED_SEVERE_MISSINGNESS,MULTI_FIELD_MISSING,1.0,107955.0,R4_99_100,ood_test_r4,ABSTAIN,ABSTAIN,0.00010613649844215334,0.0013349958017776263,0.09829820089037201,0.11597776027943128,0.00012329997850075286,0.0012562657951134424,0.9014723626326853,0.8814309781236777,0.8814309781236777,0.27290676289192595
RCSE_000118305,4507033211_00010,ABSTAIN,CONTROLLED_SEVERE_MISSINGNESS,MULTI_FIELD_MISSING,1.0,112453.0,R4_99_100,ood_test_r4,ABSTAIN,ABSTAIN,0.00013995794057702188,0.0014608556887080073,0.12006756818928274,0.12691183795650812,0.0001605053596736925,0.001374703224442393,0.8796319685104667,0.8702526031303414,0.8702526031303414,0.2896326199102675
RCSE_000122758,4507033204_00010,ABSTAIN,CONTROLLED_SEVERE_MISSINGNESS,MULTI_FIELD_MISSING,1.0,112453.0,R4_99_100,ood_test_r4,ABSTAIN,ABSTAIN,0.00015123668801148815,0.001444193394340696,0.1339922920821601,0.13687014669092504,0.0001723799384683798,0.0013590235717769,0.8656840912913599,0.8603266363429574,0.8603266363429574,0.30299714196890054
RCSE_000119099,4507038875_00010,ABSTAIN,CONTROLLED_SEVERE_MISSINGNESS,MULTI_FIELD_MISSING,1.0,112453.0,R4_99_100,ood_test_r4,ABSTAIN,ABSTAIN,0.00011547992278719603,0.001465265168920762,0.15145521402734566,0.1963102250409503,0.00013139523457224308,0.0013788526600871623,0.8482979108152949,0.8008456571300417,0.8008456571300417,0.37229164861999864
RCSE_000112293,2000052671_00001,ABSTAIN,CONTROLLED_SEVERE_MISSINGNESS,MULTI_FIELD_MISSING,1.0,91937.0,R4_99_100,ood_test_r4,ABSTAIN,ABSTAIN,0.0011472264337623295,0.0013922347950660766,0.42260060744530076,0.4337970818504266,0.001194502967490069,0.031213005889384617,0.5750576631534468,0.5335976774651228,0.5335976774651228,0.5877735709145226
RCSE_000123668,4508042219_00010,ABSTAIN,CONTROLLED_SEVERE_MISSINGNESS,MULTI_FIELD_MISSING,1.0,55744.0,R4_99_100,ood_test_r4,ABSTAIN,ABSTAIN,0.0001343605554140404,0.0013311362467644634,0.03793242062608647,0.07227653839853923,0.0001977974245325693,0.001252633853394271,0.9617354213939671,0.925139691501302,0.925139691501302,0.2012990307930954
RCSE_000122962,2000033602_00001,ABSTAIN,CONTROLLED_SEVERE_MISSINGNESS,MULTI_FIELD_MISSING,1.0,58668.0,R4_99_100,ood_test_r4,ABSTAIN,ABSTAIN,0.0014119982628720692,0.0013922347950660766,0.3112412760941119,0.4337970818504266,0.001865115846042375,0.031213005889384617,0.6854816097969736,0.5335976774651228,0.5335976774651228,0.5877735709145226
RCSE_000113720,4508048429_00010,ABSTAIN,CONTROLLED_SEVERE_MISSINGNESS,MULTI_FIELD_MISSING,1.0,53972.0,R4_99_100,ood_test_r4,ABSTAIN,ABSTAIN,7.757088324310628e-05,0.0014608556887080073,0.110753305151946,0.12691183795650812,0.00011833684940304577,0.001374703224442393,0.8890507871154077,0.8702526031303414,0.8702526031303414,0.2896326199102675
RCSE_000126019,4508048432_00010,ABSTAIN,CONTROLLED_SEVERE_MISSINGNESS,MULTI_FIELD_MISSING,1.0,59122.0,R4_99_100,ood_test_r4,ABSTAIN,ABSTAIN,0.00010143110085606011,0.0014342218162945904,0.24543649732151449,0.3373731010945275,0.00012017492978012513,0.0013496400573074566,0.7543418966478493,0.6598430370318703,0.6598430370318703,0.47552552450762875
RCSE_000116382,4508055643_00010,ABSTAIN,CONTROLLED_SEVERE_MISSINGNESS,MULTI_FIELD_MISSING,1.0,50749.0,R4_99_100,ood_test_r4,ABSTAIN,ABSTAIN,7.013553030357298e-05,0.001465265168920762,0.19646896801803126,0.1963102250409503,5.6509865459596584e-05,0.0013788526600871623,0.8034043865862056,0.8008456571300417,0.8008456571300417,0.37229164861999864
RCSE_000115061,4507041835_00010,ABSTAIN,CONTROLLED_SEVERE_MISSINGNESS,MULTI_FIELD_MISSING,1.0,129197.0,R4_99_100,ood_test_r4,ABSTAIN,ABSTAIN,0.00010505305905880202,0.001465265168920762,0.16360511644539394,0.1963102250409503,0.00012145513180923254,0.0013788526600871623,0.8361683753637382,0.8008456571300417,0.8008456571300417,0.37229164861999864
RCSE_000117609,4508050472_00010,ABSTAIN,CONTROLLED_SEVERE_MISSINGNESS,MULTI_FIELD_MISSING,1.0,60898.0,R4_99_100,ood_test_r4,ABSTAIN,ABSTAIN,8.804953512220022e-05,0.001465265168920762,0.19101392949590784,0.1963102250409503,7.062094081443173e-05,0.0013788526600871623,0.8088274000281557,0.8008456571300417,0.8008456571300417,0.37229164861999864
RCSE_000126608,4508049805_00010,ABSTAIN,CONTROLLED_SEVERE_MISSINGNESS,MULTI_FIELD_MISSING,1.0,133811.0,R4_99_100,ood_test_r4,ABSTAIN,ABSTAIN,7.299032797610898e-05,0.0014348416331593263,0.2696581082009486,0.42737782930531354,8.266260430342212e-05,0.0013502233211090094,0.7301862388667719,0.5698371057404181,0.5698371057404181,0.5064598281539681
RCSE_000125048,4508046047_00020,ABSTAIN,CONTROLLED_SEVERE_MISSINGNESS,MULTI_FIELD_MISSING,1.0,129197.0,R4_99_100,ood_test_r4,ABSTAIN,ABSTAIN,8.105322520430788e-05,0.001465265168920762,0.18581989857348377,0.1963102250409503,9.348329627328076e-05,0.0013788526600871623,0.8140055649050385,0.8008456571300417,0.8008456571300417,0.37229164861999864
RCSE_000122477,4508051041_00010,ABSTAIN,CONTROLLED_SEVERE_MISSINGNESS,MULTI_FIELD_MISSING,1.0,51615.0,R4_99_100,ood_test_r4,ABSTAIN,ABSTAIN,7.487510803358568e-05,0.001465265168920762,0.1970393954411588,0.1963102250409503,8.554835049256924e-05,0.0013788526600871623,0.8028001811003151,0.8008456571300417,0.8008456571300417,0.37229164861999864
RCSE_000113908,4507029566_00010,ABSTAIN,CONTROLLED_SEVERE_MISSINGNESS,MULTI_FIELD_MISSING,1.0,101595.0,R4_99_100,ood_test_r4,ABSTAIN,ABSTAIN,0.00014997648456093583,0.0013956969804611184,0.06241223357874928,0.07578198448597478,0.0002275689384701694,0.0013133871841107712,0.9372102209982196,0.9215089313494533,0.9215089313494533,0.20827221710219093
RCSE_000121930,4507029547_00010,ABSTAIN,CONTROLLED_SEVERE_MISSINGNESS,MULTI_FIELD_MISSING,1.0,101595.0,R4_99_100,ood_test_r4,ABSTAIN,ABSTAIN,0.0002345443464448951,0.0014558846829453018,0.10906958807489442,0.12647998183087308,0.00035574846637959843,0.004772829503051815,0.8903401191122812,0.8672913039831297,0.8672913039831297,0.30298342573589954
RCSE_000116605,4508050309_00010,ABSTAIN,CONTROLLED_SEVERE_MISSINGNESS,MULTI_FIELD_MISSING,1.0,53679.0,R4_99_100,ood_test_r4,ABSTAIN,ABSTAIN,0.00011935103726879894,0.0013366794553180752,0.049898838612323554,0.07257751730047361,0.00017409263555427225,0.0012578501569150836,0.9498077177148533,0.9248279530872933,0.9248279530872933,0.20190305464989228
RCSE_000121539,2000052694_00001,ABSTAIN,CONTROLLED_SEVERE_MISSINGNESS,MULTI_FIELD_MISSING,1.0,89548.0,R4_99_100,ood_test_r4,ABSTAIN,ABSTAIN,0.0010259107996885587,0.0013922347950660766,0.31455172076119914,0.4337970818504266,0.0019619760824897176,0.031213005889384617,0.6824603923566225,0.5335976774651228,0.5335976774651228,0.5877735709145226
RCSE_000125715,4508050458_00010,ABSTAIN,CONTROLLED_SEVERE_MISSINGNESS,MULTI_FIELD_MISSING,1.0,133811.0,R4_99_100,ood_test_r4,ABSTAIN,ABSTAIN,7.28904055020029e-05,0.0014289044462652883,0.2088419223266566,0.23172067103602093,8.37033049452675e-05,0.0013446362737158687,0.791001483962896,0.7655057882439977,0.7655057882439977,0.40513422790543985
RCSE_000120698,4508057566_00010,ABSTAIN,CONTROLLED_SEVERE_MISSINGNESS,MULTI_FIELD_MISSING,1.0,55836.0,R4_99_100,ood_test_r4,ABSTAIN,ABSTAIN,7.937569400720738e-05,0.0014351499057610583,0.38257479878263745,0.447168712736787,0.00010005105499053354,0.0013505134136505821,0.6172457744683647,0.5500456239438014,0.5500456239438014,0.5099929974942761
RCSE_000122378,4508052157_00010,ABSTAIN,CONTROLLED_SEVERE_MISSINGNESS,MULTI_FIELD_MISSING,1.0,69178.0,R4_99_100,ood_test_r4,ABSTAIN,ABSTAIN,6.731950213506592e-05,0.0014342218162945904,0.2545435798306312,0.3373731010945275,8.049064141358995e-05,0.0013496400573074566,0.7453086100258202,0.6598430370318703,0.6598430370318703,0.47552552450762875
RCSE_000120096,4508053066_00010,ABSTAIN,CONTROLLED_SEVERE_MISSINGNESS,MULTI_FIELD_MISSING,1.0,70494.0,R4_99_100,ood_test_r4,ABSTAIN,ABSTAIN,2.8261772597768638e-05,0.0013956969804611184,0.0534430734075249,0.07578198448597478,4.490833844297191e-05,0.0013133871841107712,0.9464837564814342,0.9215089313494533,0.9215089313494533,0.20827221710219093
RCSE_000118757,4507038941_00010,ABSTAIN,CONTROLLED_SEVERE_MISSINGNESS,MULTI_FIELD_MISSING,1.0,112453.0,R4_99_100,ood_test_r4,ABSTAIN,ABSTAIN,0.00013485661927891212,0.0013956969804611184,0.07853198666890944,0.07578198448597478,0.00015762335367108533,0.0013133871841107712,0.9211755333581404,0.9215089313494533,0.9215089313494533,0.20827221710219093
RCSE_000119309,4508053235_00010,ABSTAIN,CONTROLLED_SEVERE_MISSINGNESS,MULTI_FIELD_MISSING,1.0,60621.0,R4_99_100,ood_test_r4,ABSTAIN,ABSTAIN,7.550411270435815e-05,0.0013349958017776263,0.09495648318386353,0.11597776027943128,0.00011600207896070675,0.0012562657951134424,0.9048520106244714,0.8814309781236777,0.8814309781236777,0.27290676289192595
RCSE_000118864,4508046690_00010,ABSTAIN,CONTROLLED_SEVERE_MISSINGNESS,MULTI_FIELD_MISSING,1.0,129197.0,R4_99_100,ood_test_r4,ABSTAIN,ABSTAIN,0.00010222427974546378,0.0013956969804611184,0.05845496596401712,0.07578198448597478,0.00011589171372178777,0.0013133871841107712,0.9413269180425157,0.9215089313494533,0.9215089313494533,0.20827221710219093
RCSE_000120384,4507038954_00010,ABSTAIN,CONTROLLED_SEVERE_MISSINGNESS,MULTI_FIELD_MISSING,1.0,112453.0,R4_99_100,ood_test_r4,ABSTAIN,ABSTAIN,0.0002450095439289902,0.0014608556887080073,0.11103938515481253,0.12691183795650812,0.0002976195325129193,0.001374703224442393,0.8884179857687455,0.8702526031303414,0.8702526031303414,0.2896326199102675
RCSE_000114029,4508050454_00010,ABSTAIN,CONTROLLED_SEVERE_MISSINGNESS,MULTI_FIELD_MISSING,1.0,133811.0,R4_99_100,ood_test_r4,ABSTAIN,ABSTAIN,9.7309857083873e-05,0.0014289044462652883,0.22094579512641735,0.23172067103602093,0.00011094370857822986,0.0013446362737158687,0.7788459513079206,0.7655057882439977,0.7655057882439977,0.40513422790543985
RCSE_000117610,4508060165_00010,ABSTAIN,CONTROLLED_SEVERE_MISSINGNESS,MULTI_FIELD_MISSING,1.0,50653.0,R4_99_100,ood_test_r4,ABSTAIN,ABSTAIN,3.0240215195181568e-05,0.0013956969804611184,0.07363338993315105,0.07578198448597478,4.567090349359506e-05,0.0013133871841107712,0.9262906989481602,0.9215089313494533,0.9215089313494533,0.20827221710219093
RCSE_000114346,4508057119_00010,ABSTAIN,CONTROLLED_SEVERE_MISSINGNESS,MULTI_FIELD_MISSING,1.0,50321.0,R4_99_100,ood_test_r4,ABSTAIN,ABSTAIN,5.198111238632002e-05,0.0013349958017776263,0.09912861651371867,0.11597776027943128,7.922931287499076e-05,0.0012562657951134424,0.90074017306102,0.8814309781236777,0.8814309781236777,0.27290676289192595
RCSE_000113985,4507033684_00020,ABSTAIN,CONTROLLED_SEVERE_MISSINGNESS,MULTI_FIELD_MISSING,1.0,127742.0,R4_99_100,ood_test_r4,ABSTAIN,ABSTAIN,0.0004461256608557476,0.001439334950366134,0.1274330898524491,0.13640969870515404,0.0005194835172233537,0.004718574483511618,0.8716013009694719,0.8574323918609682,0.8574323918609682,0.31617901344804106
RCSE_000123338,4507038956_00010,ABSTAIN,CONTROLLED_SEVERE_MISSINGNESS,MULTI_FIELD_MISSING,1.0,112453.0,R4_99_100,ood_test_r4,ABSTAIN,ABSTAIN,0.0002678974835091606,0.0014558846829453018,0.10621161664808963,0.12647998183087308,0.0003256329686406254,0.004772829503051815,0.8931948528997604,0.8672913039831297,0.8672913039831297,0.30298342573589954
RCSE_000122504,4508049695_00010,ABSTAIN,CONTROLLED_SEVERE_MISSINGNESS,MULTI_FIELD_MISSING,1.0,101387.0,R4_99_100,ood_test_r4,ABSTAIN,ABSTAIN,0.00015358679017573034,0.0014351499057610583,0.29583455420086247,0.447168712736787,0.00017230701005957572,0.0013505134136505821,0.7038395519989022,0.5500456239438014,0.5500456239438014,0.5099929974942761
RCSE_000122366,4508047777_00010,ABSTAIN,CONTROLLED_SEVERE_MISSINGNESS,MULTI_FIELD_MISSING,1.0,115645.0,R4_99_100,ood_test_r4,ABSTAIN,ABSTAIN,9.968071025897005e-05,0.0013349958017776263,0.10075486742985446,0.11597776027943128,0.00011578145487261078,0.0012562657951134424,0.899029670405014,0.8814309781236777,0.8814309781236777,0.27290676289192595
RCSE_000114935,4507034734_00010,ABSTAIN,CONTROLLED_SEVERE_MISSINGNESS,MULTI_FIELD_MISSING,1.0,101595.0,R4_99_100,ood_test_r4,ABSTAIN,ABSTAIN,0.0004580021164254718,0.0014602641600387988,0.16715307914253455,0.19564021035700535,0.000717677414440999,0.004787186751070591,0.831671241326599,0.7981123387318853,0.7981123387318853,0.38539308922761306
RCSE_000122081,4508060216_00010,ABSTAIN,CONTROLLED_SEVERE_MISSINGNESS,MULTI_FIELD_MISSING,1.0,55706.0,R4_99_100,ood_test_r4,ABSTAIN,ABSTAIN,9.893131892632496e-05,0.0014351499057610583,0.36304137286496374,0.447168712736787,0.00012475068493023714,0.0013505134136505821,0.6367349451311798,0.5500456239438014,0.5500456239438014,0.5099929974942761
RCSE_000119703,4508061134_00010,ABSTAIN,CONTROLLED_SEVERE_MISSINGNESS,MULTI_FIELD_MISSING,1.0,55579.0,R4_99_100,ood_test_r4,ABSTAIN,ABSTAIN,7.723350454070801e-05,0.0014348416331593263,0.27838000493965026,0.42737782930531354,9.64571938212744e-05,0.0013502233211090094,0.7214463043619879,0.5698371057404181,0.5698371057404181,0.5064598281539681
RCSE_000125052,4508059760_00010,ABSTAIN,CONTROLLED_SEVERE_MISSINGNESS,MULTI_FIELD_MISSING,1.0,55165.0,R4_99_100,ood_test_r4,ABSTAIN,ABSTAIN,8.686416735842824e-05,0.0014342218162945904,0.2416487268579051,0.3373731010945275,9.797419836929679e-05,0.0013496400573074566,0.758166434776367,0.6598430370318703,0.6598430370318703,0.47552552450762875
RCSE_000125943,4508054785_00010,ABSTAIN,CONTROLLED_SEVERE_MISSINGNESS,MULTI_FIELD_MISSING,1.0,51816.0,R4_99_100,ood_test_r4,ABSTAIN,ABSTAIN,0.0001723612664943991,0.0014311821556711054,0.23813033175943682,0.23209003957799756,0.00022165485963602125,0.0013467796575481817,0.7614756521144327,0.7651319986087832,0.7651319986087832,0.4054724812448317
RCSE_000113023,4508066950_00010,ABSTAIN,CONTROLLED_SEVERE_MISSINGNESS,MULTI_FIELD_MISSING,1.0,55886.0,R4_99_100,ood_test_r4,ABSTAIN,ABSTAIN,6.35957913188574e-05,0.0014351499057610583,0.2873997526958892,0.447168712736787,7.950478448614608e-05,0.0013505134136505821,0.7124571467283058,0.5500456239438014,0.5500456239438014,0.5099929974942761
RCSE_000120627,4508060962_00010,ABSTAIN,CONTROLLED_SEVERE_MISSINGNESS,MULTI_FIELD_MISSING,1.0,50931.0,R4_99_100,ood_test_r4,ABSTAIN,ABSTAIN,5.9755530649822145e-05,0.0013956969804611184,0.053238607440169235,0.07578198448597478,9.185018747093759e-05,0.0013133871841107712,0.9466097868417099,0.9215089313494533,0.9215089313494533,0.20827221710219093
RCSE_000124038,4508062585_00010,ABSTAIN,CONTROLLED_SEVERE_MISSINGNESS,MULTI_FIELD_MISSING,1.0,50749.0,R4_99_100,ood_test_r4,ABSTAIN,ABSTAIN,7.286390595492982e-05,0.0014608556887080073,0.10556892227830382,0.12691183795650812,5.862784071562311e-05,0.001374703224442393,0.8942995859750256,0.8702526031303414,0.8702526031303414,0.2896326199102675
RCSE_000126552,4508047664_00010,ABSTAIN,CONTROLLED_SEVERE_MISSINGNESS,MULTI_FIELD_MISSING,1.0,112453.0,R4_99_100,ood_test_r4,ABSTAIN,ABSTAIN,0.00013257558953099272,0.0013956969804611184,0.07580150339394129,0.07578198448597478,0.0001552229379608089,0.0013133871841107712,0.9239106980785668,0.9215089313494533,0.9215089313494533,0.20827221710219093
RCSE_000120936,4508069629_00010,ABSTAIN,CONTROLLED_SEVERE_MISSINGNESS,MULTI_FIELD_MISSING,1.0,53935.0,R4_99_100,ood_test_r4,ABSTAIN,ABSTAIN,4.923386050660696e-05,0.0014289044462652883,0.2138862419643909,0.23172067103602093,6.0952052574171106e-05,0.0013446362737158687,0.7860035721225282,0.7655057882439977,0.7655057882439977,0.40513422790543985
RCSE_000114255,4508064674_00010,ABSTAIN,CONTROLLED_SEVERE_MISSINGNESS,MULTI_FIELD_MISSING,1.0,50679.0,R4_99_100,ood_test_r4,ABSTAIN,ABSTAIN,3.266520693026791e-05,0.0013311362467644634,0.016123834758060677,0.07227653839853923,4.816851166878486e-05,0.001252633853394271,0.9837953315233402,0.925139691501302,0.925139691501302,0.2012990307930954
RCSE_000116887,4508063714_00010,ABSTAIN,CONTROLLED_SEVERE_MISSINGNESS,MULTI_FIELD_MISSING,1.0,50629.0,R4_99_100,ood_test_r4,ABSTAIN,ABSTAIN,4.5181000040879375e-05,0.0013311362467644634,0.04304605178957823,0.07227653839853923,6.8266747196066e-05,0.001252633853394271,0.9568405004631848,0.925139691501302,0.925139691501302,0.2012990307930954
RCSE_000125606,4507038963_00010,ABSTAIN,CONTROLLED_SEVERE_MISSINGNESS,MULTI_FIELD_MISSING,1.0,112453.0,R4_99_100,ood_test_r4,ABSTAIN,ABSTAIN,0.00041888653109016185,0.0013911588410564113,0.08186417486806577,0.07553557769798483,0.0005115180085053286,0.0045606386534632355,0.9172054205923387,0.9185126248074955,0.9185126248074955,0.22140085908650342
RCSE_000111713,4508059231_00010,ABSTAIN,CONTROLLED_SEVERE_MISSINGNESS,MULTI_FIELD_MISSING,1.0,107955.0,R4_99_100,ood_test_r4,ABSTAIN,ABSTAIN,0.00012471034923437914,0.001465265168920762,0.1645825860398748,0.1963102250409503,0.00014154514111863818,0.0013788526600871623,0.8351511584697722,0.8008456571300417,0.8008456571300417,0.37229164861999864
RCSE_000124344,4507003343_00010,ABSTAIN,CONTROLLED_SEVERE_MISSINGNESS,MULTI_FIELD_MISSING,1.0,162431.0,R4_99_100,ood_test_r4,ABSTAIN,ABSTAIN,0.003392202069561417,0.0012406181570653822,0.08235199922464413,0.06736168899690942,0.005421602978130718,0.11227955464360664,0.9088341957276639,0.8191181382024185,0.8191181382024185,0.4320782070794055
RCSE_000124146,4508063718_00010,ABSTAIN,CONTROLLED_SEVERE_MISSINGNESS,MULTI_FIELD_MISSING,1.0,50629.0,R4_99_100,ood_test_r4,ABSTAIN,ABSTAIN,4.717407270737679e-05,0.0013311362467644634,0.03391129461275044,0.07227653839853923,7.19137160455297e-05,0.001252633853394271,0.9659696175984965,0.925139691501302,0.925139691501302,0.2012990307930954
RCSE_000126380,4508069802_00010,ABSTAIN,CONTROLLED_SEVERE_MISSINGNESS,MULTI_FIELD_MISSING,1.0,59974.0,R4_99_100,ood_test_r4,ABSTAIN,ABSTAIN,1.810652954880827e-05,0.0014608556887080073,0.1174243916687921,0.12691183795650812,2.1721750898693283e-05,0.001374703224442393,0.8825357800507604,0.8702526031303414,0.8702526031303414,0.2896326199102675
RCSE_000114455,4508065913_00010,ABSTAIN,CONTROLLED_SEVERE_MISSINGNESS,MULTI_FIELD_MISSING,1.0,51020.0,R4_99_100,ood_test_r4,ABSTAIN,ABSTAIN,4.288380600757944e-05,0.0013311362467644634,0.03828584626800609,0.07227653839853923,6.51503210984353e-05,0.001252633853394271,0.961606119604888,0.925139691501302,0.925139691501302,0.2012990307930954
RCSE_000124203,4508066446_00010,ABSTAIN,CONTROLLED_SEVERE_MISSINGNESS,MULTI_FIELD_MISSING,1.0,60898.0,R4_99_100,ood_test_r4,ABSTAIN,ABSTAIN,0.00012695940084890797,0.001475066864824692,0.2656917839275965,0.41132458765090113,9.759469617363298e-05,0.0013880763110393334,0.7340836619753809,0.5858122691732348,0.5858122691732348,0.5030861002208534
RCSE_000116750,4508072519_00020,ABSTAIN,CONTROLLED_SEVERE_MISSINGNESS,MULTI_FIELD_MISSING,1.0,100610.0,R4_99_100,ood_test_r4,GATHER,GATHER,0.0006250365664010858,0.0014321618110629609,0.8855559341760759,0.9827848771396573,0.0006790079658093584,0.004695058767399801,0.11314002129171363,0.011087902281879907,0.9827848771396573,0.07324035438486359
RCSE_000112264,4507039743_00010,ABSTAIN,CONTROLLED_SEVERE_MISSINGNESS,MULTI_FIELD_MISSING,1.0,53728.0,R4_99_100,ood_test_r4,ABSTAIN,ABSTAIN,0.0003424238106105808,0.0013270076173836434,0.013475308324376255,0.0720523667251275,0.00038202331537655815,0.004350331575856755,0.9858002445496367,0.9222702940816321,0.9222702940816321,0.213949686138206
RCSE_000118020,4508063963_00010,ABSTAIN,CONTROLLED_SEVERE_MISSINGNESS,MULTI_FIELD_MISSING,1.0,130700.0,R4_99_100,ood_test_r4,ABSTAIN,ABSTAIN,3.7170703557554045e-05,0.0014608556887080073,0.1123155801608711,0.12691183795650812,4.427876736757478e-05,0.001374703224442393,0.8876029703682038,0.8702526031303414,0.8702526031303414,0.2896326199102675
RCSE_000115972,4508067550_00010,ABSTAIN,CONTROLLED_SEVERE_MISSINGNESS,MULTI_FIELD_MISSING,1.0,49508.0,R4_99_100,ood_test_r4,ABSTAIN,ABSTAIN,1.6176297872941667e-05,0.0013311362467644634,0.019929897520570204,0.07227653839853923,2.7284424812806248e-05,0.001252633853394271,0.9800266417567443,0.925139691501302,0.925139691501302,0.2012990307930954
RCSE_000123295,4508047695_00010,ABSTAIN,CONTROLLED_SEVERE_MISSINGNESS,MULTI_FIELD_MISSING,1.0,112453.0,R4_99_100,ood_test_r4,ABSTAIN,ABSTAIN,0.00011304952353918529,0.0013311362467644634,0.029883813996523758,0.07227653839853923,0.00013372426473349453,0.001252633853394271,0.9698694122152035,0.925139691501302,0.925139691501302,0.2012990307930954
RCSE_000115486,4508067594_00010,ABSTAIN,CONTROLLED_SEVERE_MISSINGNESS,MULTI_FIELD_MISSING,1.0,56933.0,R4_99_100,ood_test_r4,ABSTAIN,ABSTAIN,4.601196945702996e-05,0.0013311362467644634,0.03756339716186289,0.07227653839853923,6.98837028645769e-05,0.001252633853394271,0.9623207071658156,0.925139691501302,0.925139691501302,0.2012990307930954
RCSE_000117813,4508047710_00010,ABSTAIN,CONTROLLED_SEVERE_MISSINGNESS,MULTI_FIELD_MISSING,1.0,112453.0,R4_99_100,ood_test_r4,ABSTAIN,ABSTAIN,9.300538143450862e-05,0.0013311362467644634,0.022757855182913966,0.07227653839853923,0.00011151573793929613,0.001252633853394271,0.9770376236977123,0.925139691501302,0.925139691501302,0.2012990307930954
RCSE_000126079,4508059465_00010,ABSTAIN,CONTROLLED_SEVERE_MISSINGNESS,MULTI_FIELD_MISSING,1.0,133811.0,R4_99_100,ood_test_r4,ABSTAIN,ABSTAIN,0.00016308832859350295,0.0014608556887080073,0.11291993259152286,0.12691183795650812,0.00018809750689064992,0.001374703224442393,0.886728881572993,0.8702526031303414,0.8702526031303414,0.2896326199102675
RCSE_000113760,4507004875_00010,ABSTAIN,CONTROLLED_SEVERE_MISSINGNESS,MULTI_FIELD_MISSING,1.0,103923.0,R4_99_100,ood_test_r4,ABSTAIN,ABSTAIN,0.0030505147007495884,0.0013918078020244116,0.00019772239253525842,9.833681013964412e-05,0.0037856184932548416,0.03120343298086987,0.9929661444134603,0.967306422406966,0.967306422406966,0.10849363001996622
RCSE_000125392,4508067697_00010,ABSTAIN,CONTROLLED_SEVERE_MISSINGNESS,MULTI_FIELD_MISSING,1.0,57691.0,R4_99_100,ood_test_r4,ABSTAIN,ABSTAIN,2.0187539131788023e-05,0.0013311362467644634,0.005244113525683451,0.07227653839853923,3.0066871413981948e-05,0.001252633853394271,0.994705632063771,0.925139691501302,0.925139691501302,0.2012990307930954
RCSE_000119631,2000052735_00001,ABSTAIN,CONTROLLED_SEVERE_MISSINGNESS,MULTI_FIELD_MISSING,1.0,112470.0,R4_99_100,ood_test_r4,GATHER,GATHER,0.009657762826335774,0.016677813349016978,0.8818274449812514,0.6980277903833165,0.010440343318724205,0.27741915916355814,0.09807444887368849,0.00787523710410832,0.6980277903833165,0.5143740849732857
RCSE_000112857,4508046499_00010,ABSTAIN,CONTROLLED_SEVERE_MISSINGNESS,MULTI_FIELD_MISSING,1.0,103091.0,R4_99_100,ood_test_r4,ABSTAIN,ABSTAIN,0.00019399189393338586,0.0013956969804611184,0.058895147843049625,0.07578198448597478,0.0002852812993097482,0.0013133871841107712,0.9406255789637071,0.9215089313494533,0.9215089313494533,0.20827221710219093
RCSE_000113776,4508070920_00010,ABSTAIN,CONTROLLED_SEVERE_MISSINGNESS,MULTI_FIELD_MISSING,1.0,68277.0,R4_99_100,ood_test_r4,ABSTAIN,ABSTAIN,7.417349599397809e-05,0.001444193394340696,0.13102443889522455,0.13687014669092504,7.000024499535558e-05,0.0013590235717769,0.8688313873637861,0.8603266363429574,0.8603266363429574,0.30299714196890054
RCSE_000113910,4508066202_00010,ABSTAIN,CONTROLLED_SEVERE_MISSINGNESS,MULTI_FIELD_MISSING,1.0,56700.0,R4_99_100,ood_test_r4,ABSTAIN,ABSTAIN,4.6022308788453074e-05,0.0013311362467644634,0.034286731655240196,0.07227653839853923,6.997106661403777e-05,0.001252633853394271,0.9655972749693573,0.925139691501302,0.925139691501302,0.2012990307930954
RCSE_000121716,4508072969_00010,ABSTAIN,CONTROLLED_SEVERE_MISSINGNESS,MULTI_FIELD_MISSING,1.0,67653.0,R4_99_100,ood_test_r4,ABSTAIN,ABSTAIN,6.999028013906468e-05,0.0014392419404403213,0.20392187407993145,0.2105838207591628,8.902903516830249e-05,0.001354364124786251,0.7959191066047611,0.7866225731756106,0.7866225731756106,0.3860795569572363
RCSE_000125635,4508065914_00010,ABSTAIN,CONTROLLED_SEVERE_MISSINGNESS,MULTI_FIELD_MISSING,1.0,51020.0,R4_99_100,ood_test_r4,ABSTAIN,ABSTAIN,4.973033394256262e-05,0.0013311362467644634,0.02961448805725164,0.07227653839853923,7.615821373398457e-05,0.001252633853394271,0.9702596233950718,0.925139691501302,0.925139691501302,0.2012990307930954
RCSE_000125730,4508075268_00010,ABSTAIN,CONTROLLED_SEVERE_MISSINGNESS,MULTI_FIELD_MISSING,1.0,597557.0,R4_99_100,ood_test_r4,GATHER,GATHER,0.010295326319176193,0.018481700788030388,0.9518789087624859,0.7796280252403093,0.00935436572171292,0.19585469029537755,0.028471399196625072,0.006035583676282821,0.7796280252403093,0.44579252393831764
RCSE_000121756,4508063412_00010,ABSTAIN,CONTROLLED_SEVERE_MISSINGNESS,MULTI_FIELD_MISSING,1.0,110740.0,R4_99_100,ood_test_r4,ABSTAIN,ABSTAIN,7.030459723897947e-05,0.0013956969804611184,0.05251465353159759,0.07578198448597478,8.209080643614208e-05,0.0013133871841107712,0.9473329510647273,0.9215089313494533,0.9215089313494533,0.20827221710219093
RCSE_000111948,4508065932_00010,ABSTAIN,CONTROLLED_SEVERE_MISSINGNESS,MULTI_FIELD_MISSING,1.0,133811.0,R4_99_100,ood_test_r4,ABSTAIN,ABSTAIN,7.770481168381857e-05,0.0013956969804611184,0.05333614282574089,0.07578198448597478,9.101360312862697e-05,0.0013133871841107712,0.9464951387594466,0.9215089313494533,0.9215089313494533,0.20827221710219093
