regime,policy,cap,threshold,selection_cases,selected,unsafe,pvalue,certified
grouped_iid,ACTION_RAW,0.01,0.0,10290,10290,1667,1.0,False
grouped_iid,ACTION_RAW,0.01,0.05,10290,9022,401,1.0,False
grouped_iid,ACTION_RAW,0.01,0.1,10290,9018,401,1.0,False
grouped_iid,ACTION_RAW,0.01,0.15,10290,9012,400,1.0,False
grouped_iid,ACTION_RAW,0.01,0.2,10290,8964,397,1.0,False
grouped_iid,ACTION_RAW,0.01,0.25,10290,4221,194,1.0,False
grouped_iid,ACTION_RAW,0.01,0.3,10290,45,2,0.9896218672104664,False
grouped_iid,ACTION_RAW,0.01,0.35,10290,6,1,0.998539552395,False
grouped_iid,ACTION_RAW,0.01,0.4,10290,3,1,0.999702,False
grouped_iid,ACTION_RAW,0.01,0.45,10290,1,1,1.0,False
grouped_iid,ACTION_RAW,0.01,0.5,10290,1,1,1.0,False
grouped_iid,ACTION_RAW,0.01,0.55,10290,1,1,1.0,False
grouped_iid,ACTION_RAW,0.01,0.6,10290,1,1,1.0,False
grouped_iid,ACTION_RAW,0.01,0.65,10290,1,1,1.0,False
grouped_iid,ACTION_RAW,0.01,0.7,10290,1,1,1.0,False
grouped_iid,ACTION_RAW,0.01,0.75,10290,0,0,1.0,False
grouped_iid,ACTION_RAW,0.01,0.8,10290,0,0,1.0,False
grouped_iid,ACTION_RAW,0.01,0.85,10290,0,0,1.0,False
grouped_iid,ACTION_RAW,0.01,0.9,10290,0,0,1.0,False
grouped_iid,ACTION_RAW,0.01,0.95,10290,0,0,1.0,False
grouped_iid,ACTION_RAW,0.01,0.96,10290,0,0,1.0,False
grouped_iid,ACTION_RAW,0.01,0.97,10290,0,0,1.0,False
grouped_iid,ACTION_RAW,0.01,0.98,10290,0,0,1.0,False
grouped_iid,ACTION_RAW,0.01,0.99,10290,0,0,1.0,False
grouped_iid,ACTION_RAW,0.01,1.0,10290,0,0,1.0,False
grouped_iid,ACTION_RAW,0.05,0.0,10290,10290,1667,1.0,False
grouped_iid,ACTION_RAW,0.05,0.05,10290,9022,401,0.007503007610781681,False
grouped_iid,ACTION_RAW,0.05,0.1,10290,9018,401,0.007701329101789197,False
grouped_iid,ACTION_RAW,0.05,0.15,10290,9012,400,0.006971914214507667,False
grouped_iid,ACTION_RAW,0.05,0.2,10290,8964,397,0.006285080879766043,False
grouped_iid,ACTION_RAW,0.05,0.25,10290,4221,194,0.1203934526151975,False
grouped_iid,ACTION_RAW,0.05,0.3,10290,45,2,0.6076598529460557,False
grouped_iid,ACTION_RAW,0.05,0.35,10290,6,1,0.967226171875,False
grouped_iid,ACTION_RAW,0.05,0.4,10290,3,1,0.99275,False
grouped_iid,ACTION_RAW,0.05,0.45,10290,1,1,1.0,False
grouped_iid,ACTION_RAW,0.05,0.5,10290,1,1,1.0,False
grouped_iid,ACTION_RAW,0.05,0.55,10290,1,1,1.0,False
grouped_iid,ACTION_RAW,0.05,0.6,10290,1,1,1.0,False
grouped_iid,ACTION_RAW,0.05,0.65,10290,1,1,1.0,False
grouped_iid,ACTION_RAW,0.05,0.7,10290,1,1,1.0,False
grouped_iid,ACTION_RAW,0.05,0.75,10290,0,0,1.0,False
grouped_iid,ACTION_RAW,0.05,0.8,10290,0,0,1.0,False
grouped_iid,ACTION_RAW,0.05,0.85,10290,0,0,1.0,False
grouped_iid,ACTION_RAW,0.05,0.9,10290,0,0,1.0,False
grouped_iid,ACTION_RAW,0.05,0.95,10290,0,0,1.0,False
grouped_iid,ACTION_RAW,0.05,0.96,10290,0,0,1.0,False
grouped_iid,ACTION_RAW,0.05,0.97,10290,0,0,1.0,False
grouped_iid,ACTION_RAW,0.05,0.98,10290,0,0,1.0,False
grouped_iid,ACTION_RAW,0.05,0.99,10290,0,0,1.0,False
grouped_iid,ACTION_RAW,0.05,1.0,10290,0,0,1.0,False
grouped_iid,ACTION_RAW,0.1,0.0,10290,10290,1667,1.0,False
grouped_iid,ACTION_RAW,0.1,0.05,10290,9022,401,3.2168904809846946e-85,True
grouped_iid,ACTION_RAW,0.1,0.1,10290,9018,401,4.088992317869763e-85,True
grouped_iid,ACTION_RAW,0.1,0.15,10290,9012,400,2.45069548121803e-85,True
grouped_iid,ACTION_RAW,0.1,0.2,10290,8964,397,3.186309586371729e-85,True
grouped_iid,ACTION_RAW,0.1,0.25,10290,4221,194,1.7009464400605612e-38,True
grouped_iid,ACTION_RAW,0.1,0.3,10290,45,2,0.15904289168515426,False
grouped_iid,ACTION_RAW,0.1,0.35,10290,6,1,0.8857349999999999,False
grouped_iid,ACTION_RAW,0.1,0.4,10290,3,1,0.972,False
grouped_iid,ACTION_RAW,0.1,0.45,10290,1,1,1.0,False
grouped_iid,ACTION_RAW,0.1,0.5,10290,1,1,1.0,False
grouped_iid,ACTION_RAW,0.1,0.55,10290,1,1,1.0,False
grouped_iid,ACTION_RAW,0.1,0.6,10290,1,1,1.0,False
grouped_iid,ACTION_RAW,0.1,0.65,10290,1,1,1.0,False
grouped_iid,ACTION_RAW,0.1,0.7,10290,1,1,1.0,False
grouped_iid,ACTION_RAW,0.1,0.75,10290,0,0,1.0,False
grouped_iid,ACTION_RAW,0.1,0.8,10290,0,0,1.0,False
grouped_iid,ACTION_RAW,0.1,0.85,10290,0,0,1.0,False
grouped_iid,ACTION_RAW,0.1,0.9,10290,0,0,1.0,False
grouped_iid,ACTION_RAW,0.1,0.95,10290,0,0,1.0,False
grouped_iid,ACTION_RAW,0.1,0.96,10290,0,0,1.0,False
grouped_iid,ACTION_RAW,0.1,0.97,10290,0,0,1.0,False
grouped_iid,ACTION_RAW,0.1,0.98,10290,0,0,1.0,False
grouped_iid,ACTION_RAW,0.1,0.99,10290,0,0,1.0,False
grouped_iid,ACTION_RAW,0.1,1.0,10290,0,0,1.0,False
grouped_iid,ACTION_RAW,0.12,0.0,10290,10290,1667,1.0,False
grouped_iid,ACTION_RAW,0.12,0.05,10290,9022,401,1.162751740466324e-137,True
grouped_iid,ACTION_RAW,0.12,0.1,10290,9018,401,1.6168364018616727e-137,True
grouped_iid,ACTION_RAW,0.12,0.15,10290,9012,400,9.039072996012379e-138,True
grouped_iid,ACTION_RAW,0.12,0.2,10290,8964,397,1.8705576558755652e-137,True
grouped_iid,ACTION_RAW,0.12,0.25,10290,4221,194,1.7064700401286561e-62,True
grouped_iid,ACTION_RAW,0.12,0.3,10290,45,2,0.08110243274868915,False
grouped_iid,ACTION_RAW,0.12,0.35,10290,6,1,0.84437106688,False
grouped_iid,ACTION_RAW,0.12,0.4,10290,3,1,0.960256,False
grouped_iid,ACTION_RAW,0.12,0.45,10290,1,1,1.0,False
grouped_iid,ACTION_RAW,0.12,0.5,10290,1,1,1.0,False
grouped_iid,ACTION_RAW,0.12,0.55,10290,1,1,1.0,False
grouped_iid,ACTION_RAW,0.12,0.6,10290,1,1,1.0,False
grouped_iid,ACTION_RAW,0.12,0.65,10290,1,1,1.0,False
grouped_iid,ACTION_RAW,0.12,0.7,10290,1,1,1.0,False
grouped_iid,ACTION_RAW,0.12,0.75,10290,0,0,1.0,False
grouped_iid,ACTION_RAW,0.12,0.8,10290,0,0,1.0,False
grouped_iid,ACTION_RAW,0.12,0.85,10290,0,0,1.0,False
grouped_iid,ACTION_RAW,0.12,0.9,10290,0,0,1.0,False
grouped_iid,ACTION_RAW,0.12,0.95,10290,0,0,1.0,False
grouped_iid,ACTION_RAW,0.12,0.96,10290,0,0,1.0,False
grouped_iid,ACTION_RAW,0.12,0.97,10290,0,0,1.0,False
grouped_iid,ACTION_RAW,0.12,0.98,10290,0,0,1.0,False
grouped_iid,ACTION_RAW,0.12,0.99,10290,0,0,1.0,False
grouped_iid,ACTION_RAW,0.12,1.0,10290,0,0,1.0,False
grouped_iid,ACTION_RAW,0.14,0.0,10290,10290,1667,0.9999999998667676,False
grouped_iid,ACTION_RAW,0.14,0.05,10290,9022,401,6.342536060531463e-197,True
grouped_iid,ACTION_RAW,0.14,0.1,10290,9018,401,9.668417247242136e-197,True
grouped_iid,ACTION_RAW,0.14,0.15,10290,9012,400,5.1985812952726863e-197,True
grouped_iid,ACTION_RAW,0.14,0.2,10290,8964,397,1.9067685637471712e-196,True
grouped_iid,ACTION_RAW,0.14,0.25,10290,4221,194,9.477915783823148e-90,True
grouped_iid,ACTION_RAW,0.14,0.3,10290,45,2,0.038996123578023116,False
grouped_iid,ACTION_RAW,0.14,0.35,10290,6,1,0.7997259299199999,False
grouped_iid,ACTION_RAW,0.14,0.4,10290,3,1,0.946688,False
grouped_iid,ACTION_RAW,0.14,0.45,10290,1,1,1.0,False
grouped_iid,ACTION_RAW,0.14,0.5,10290,1,1,1.0,False
grouped_iid,ACTION_RAW,0.14,0.55,10290,1,1,1.0,False
grouped_iid,ACTION_RAW,0.14,0.6,10290,1,1,1.0,False
grouped_iid,ACTION_RAW,0.14,0.65,10290,1,1,1.0,False
grouped_iid,ACTION_RAW,0.14,0.7,10290,1,1,1.0,False
grouped_iid,ACTION_RAW,0.14,0.75,10290,0,0,1.0,False
grouped_iid,ACTION_RAW,0.14,0.8,10290,0,0,1.0,False
grouped_iid,ACTION_RAW,0.14,0.85,10290,0,0,1.0,False
grouped_iid,ACTION_RAW,0.14,0.9,10290,0,0,1.0,False
grouped_iid,ACTION_RAW,0.14,0.95,10290,0,0,1.0,False
grouped_iid,ACTION_RAW,0.14,0.96,10290,0,0,1.0,False
grouped_iid,ACTION_RAW,0.14,0.97,10290,0,0,1.0,False
grouped_iid,ACTION_RAW,0.14,0.98,10290,0,0,1.0,False
grouped_iid,ACTION_RAW,0.14,0.99,10290,0,0,1.0,False
grouped_iid,ACTION_RAW,0.14,1.0,10290,0,0,1.0,False
grouped_iid,ACTION_RAW,0.16,0.0,10290,10290,1667,0.7154725816620567,False
grouped_iid,ACTION_RAW,0.16,0.05,10290,9022,401,8.572991180317866e-262,True
grouped_iid,ACTION_RAW,0.16,0.1,10290,9018,401,1.4357739225820945e-261,True
grouped_iid,ACTION_RAW,0.16,0.15,10290,9012,400,7.599467135310162e-262,True
grouped_iid,ACTION_RAW,0.16,0.2,10290,8964,397,5.384669462844583e-261,True
grouped_iid,ACTION_RAW,0.16,0.25,10290,4221,194,1.1193656466913927e-119,True
grouped_iid,ACTION_RAW,0.16,0.3,10290,45,2,0.01780253553147971,False
grouped_iid,ACTION_RAW,0.16,0.35,10290,6,1,0.7527814963199999,False
grouped_iid,ACTION_RAW,0.16,0.4,10290,3,1,0.931392,False
grouped_iid,ACTION_RAW,0.16,0.45,10290,1,1,1.0,False
grouped_iid,ACTION_RAW,0.16,0.5,10290,1,1,1.0,False
grouped_iid,ACTION_RAW,0.16,0.55,10290,1,1,1.0,False
grouped_iid,ACTION_RAW,0.16,0.6,10290,1,1,1.0,False
grouped_iid,ACTION_RAW,0.16,0.65,10290,1,1,1.0,False
grouped_iid,ACTION_RAW,0.16,0.7,10290,1,1,1.0,False
grouped_iid,ACTION_RAW,0.16,0.75,10290,0,0,1.0,False
grouped_iid,ACTION_RAW,0.16,0.8,10290,0,0,1.0,False
grouped_iid,ACTION_RAW,0.16,0.85,10290,0,0,1.0,False
grouped_iid,ACTION_RAW,0.16,0.9,10290,0,0,1.0,False
grouped_iid,ACTION_RAW,0.16,0.95,10290,0,0,1.0,False
grouped_iid,ACTION_RAW,0.16,0.96,10290,0,0,1.0,False
grouped_iid,ACTION_RAW,0.16,0.97,10290,0,0,1.0,False
grouped_iid,ACTION_RAW,0.16,0.98,10290,0,0,1.0,False
grouped_iid,ACTION_RAW,0.16,0.99,10290,0,0,1.0,False
grouped_iid,ACTION_RAW,0.16,1.0,10290,0,0,1.0,False
grouped_iid,ACTION_RAW,0.18,0.0,10290,10290,1667,7.89360452922697e-07,True
grouped_iid,ACTION_RAW,0.18,0.05,10290,9022,401,0.0,True
grouped_iid,ACTION_RAW,0.18,0.1,10290,9018,401,0.0,True
grouped_iid,ACTION_RAW,0.18,0.15,10290,9012,400,0.0,True
grouped_iid,ACTION_RAW,0.18,0.2,10290,8964,397,0.0,True
grouped_iid,ACTION_RAW,0.18,0.25,10290,4221,194,6.446495982628143e-152,True
grouped_iid,ACTION_RAW,0.18,0.3,10290,45,2,0.007751505213859944,False
grouped_iid,ACTION_RAW,0.18,0.35,10290,6,1,0.70440570208,False
grouped_iid,ACTION_RAW,0.18,0.4,10290,3,1,0.9144639999999999,False
grouped_iid,ACTION_RAW,0.18,0.45,10290,1,1,1.0,False
grouped_iid,ACTION_RAW,0.18,0.5,10290,1,1,1.0,False
grouped_iid,ACTION_RAW,0.18,0.55,10290,1,1,1.0,False
grouped_iid,ACTION_RAW,0.18,0.6,10290,1,1,1.0,False
grouped_iid,ACTION_RAW,0.18,0.65,10290,1,1,1.0,False
grouped_iid,ACTION_RAW,0.18,0.7,10290,1,1,1.0,False
grouped_iid,ACTION_RAW,0.18,0.75,10290,0,0,1.0,False
grouped_iid,ACTION_RAW,0.18,0.8,10290,0,0,1.0,False
grouped_iid,ACTION_RAW,0.18,0.85,10290,0,0,1.0,False
grouped_iid,ACTION_RAW,0.18,0.9,10290,0,0,1.0,False
grouped_iid,ACTION_RAW,0.18,0.95,10290,0,0,1.0,False
grouped_iid,ACTION_RAW,0.18,0.96,10290,0,0,1.0,False
grouped_iid,ACTION_RAW,0.18,0.97,10290,0,0,1.0,False
grouped_iid,ACTION_RAW,0.18,0.98,10290,0,0,1.0,False
grouped_iid,ACTION_RAW,0.18,0.99,10290,0,0,1.0,False
grouped_iid,ACTION_RAW,0.18,1.0,10290,0,0,1.0,False
grouped_iid,ACTION_RAW,0.2,0.0,10290,10290,1667,2.731338889705828e-23,True
grouped_iid,ACTION_RAW,0.2,0.05,10290,9022,401,0.0,True
grouped_iid,ACTION_RAW,0.2,0.1,10290,9018,401,0.0,True
grouped_iid,ACTION_RAW,0.2,0.15,10290,9012,400,0.0,True
grouped_iid,ACTION_RAW,0.2,0.2,10290,8964,397,0.0,True
grouped_iid,ACTION_RAW,0.2,0.25,10290,4221,194,3.066797425681028e-186,True
grouped_iid,ACTION_RAW,0.2,0.3,10290,45,2,0.0032285990973458805,False
grouped_iid,ACTION_RAW,0.2,0.35,10290,6,1,0.6553599999999997,False
grouped_iid,ACTION_RAW,0.2,0.4,10290,3,1,0.8959999999999999,False
grouped_iid,ACTION_RAW,0.2,0.45,10290,1,1,1.0,False
grouped_iid,ACTION_RAW,0.2,0.5,10290,1,1,1.0,False
grouped_iid,ACTION_RAW,0.2,0.55,10290,1,1,1.0,False
grouped_iid,ACTION_RAW,0.2,0.6,10290,1,1,1.0,False
grouped_iid,ACTION_RAW,0.2,0.65,10290,1,1,1.0,False
grouped_iid,ACTION_RAW,0.2,0.7,10290,1,1,1.0,False
grouped_iid,ACTION_RAW,0.2,0.75,10290,0,0,1.0,False
grouped_iid,ACTION_RAW,0.2,0.8,10290,0,0,1.0,False
grouped_iid,ACTION_RAW,0.2,0.85,10290,0,0,1.0,False
grouped_iid,ACTION_RAW,0.2,0.9,10290,0,0,1.0,False
grouped_iid,ACTION_RAW,0.2,0.95,10290,0,0,1.0,False
grouped_iid,ACTION_RAW,0.2,0.96,10290,0,0,1.0,False
grouped_iid,ACTION_RAW,0.2,0.97,10290,0,0,1.0,False
grouped_iid,ACTION_RAW,0.2,0.98,10290,0,0,1.0,False
grouped_iid,ACTION_RAW,0.2,0.99,10290,0,0,1.0,False
grouped_iid,ACTION_RAW,0.2,1.0,10290,0,0,1.0,False
grouped_iid,SAFETY_RAW,0.01,0.0,10290,10290,1667,1.0,False
grouped_iid,SAFETY_RAW,0.01,0.05,10290,9016,399,1.0,False
grouped_iid,SAFETY_RAW,0.01,0.1,10290,9015,398,1.0,False
grouped_iid,SAFETY_RAW,0.01,0.15,10290,9014,397,1.0,False
grouped_iid,SAFETY_RAW,0.01,0.2,10290,9014,397,1.0,False
grouped_iid,SAFETY_RAW,0.01,0.25,10290,9013,397,1.0,False
grouped_iid,SAFETY_RAW,0.01,0.3,10290,9013,397,1.0,False
grouped_iid,SAFETY_RAW,0.01,0.35,10290,9011,395,1.0,False
grouped_iid,SAFETY_RAW,0.01,0.4,10290,9007,395,1.0,False
grouped_iid,SAFETY_RAW,0.01,0.45,10290,8998,394,1.0,False
grouped_iid,SAFETY_RAW,0.01,0.5,10290,8992,391,1.0,False
grouped_iid,SAFETY_RAW,0.01,0.55,10290,8986,387,1.0,False
grouped_iid,SAFETY_RAW,0.01,0.6,10290,8978,386,1.0,False
grouped_iid,SAFETY_RAW,0.01,0.65,10290,8966,380,1.0,False
grouped_iid,SAFETY_RAW,0.01,0.7,10290,8952,373,1.0,False
grouped_iid,SAFETY_RAW,0.01,0.75,10290,8903,356,1.0,False
grouped_iid,SAFETY_RAW,0.01,0.8,10290,8842,343,1.0,False
grouped_iid,SAFETY_RAW,0.01,0.85,10290,8735,316,1.0,False
grouped_iid,SAFETY_RAW,0.01,0.9,10290,8365,273,1.0,False
grouped_iid,SAFETY_RAW,0.01,0.95,10290,6904,152,1.0,False
grouped_iid,SAFETY_RAW,0.01,0.96,10290,6294,123,0.999999999994691,False
grouped_iid,SAFETY_RAW,0.01,0.97,10290,5228,98,0.9999999953774443,False
grouped_iid,SAFETY_RAW,0.01,0.98,10290,2534,38,0.9932607733282982,False
grouped_iid,SAFETY_RAW,0.01,0.99,10290,314,6,0.95975919055615,False
grouped_iid,SAFETY_RAW,0.01,1.0,10290,0,0,1.0,False
grouped_iid,SAFETY_RAW,0.05,0.0,10290,10290,1667,1.0,False
grouped_iid,SAFETY_RAW,0.05,0.05,10290,9016,399,0.005895417460405834,False
grouped_iid,SAFETY_RAW,0.05,0.1,10290,9015,398,0.00514110058038481,False
grouped_iid,SAFETY_RAW,0.05,0.15,10290,9014,397,0.00447338580472622,False
grouped_iid,SAFETY_RAW,0.05,0.2,10290,9014,397,0.00447338580472622,False
grouped_iid,SAFETY_RAW,0.05,0.25,10290,9013,397,0.004504419457723639,False
grouped_iid,SAFETY_RAW,0.05,0.3,10290,9013,397,0.004504419457723639,False
grouped_iid,SAFETY_RAW,0.05,0.35,10290,9011,395,0.0033883300787077783,False
grouped_iid,SAFETY_RAW,0.05,0.4,10290,9007,395,0.0034860035346437348,False
grouped_iid,SAFETY_RAW,0.05,0.45,10290,8998,394,0.00319271511555784,False
grouped_iid,SAFETY_RAW,0.05,0.5,10290,8992,391,0.002087985469813166,False
grouped_iid,SAFETY_RAW,0.05,0.55,10290,8986,387,0.0011332621101700008,True
grouped_iid,SAFETY_RAW,0.05,0.6,10290,8978,386,0.0010185941607282654,True
grouped_iid,SAFETY_RAW,0.05,0.65,10290,8966,380,0.0003871714697196257,True
grouped_iid,SAFETY_RAW,0.05,0.7,10290,8952,373,0.00011340959114718961,True
grouped_iid,SAFETY_RAW,0.05,0.75,10290,8903,356,4.26030733098285e-06,True
grouped_iid,SAFETY_RAW,0.05,0.8,10290,8842,343,2.999419784359626e-07,True
grouped_iid,SAFETY_RAW,0.05,0.85,10290,8735,316,3.052202365049953e-10,True
grouped_iid,SAFETY_RAW,0.05,0.9,10290,8365,273,5.688689484443688e-15,True
grouped_iid,SAFETY_RAW,0.05,0.95,10290,6904,152,5.9202734392971345e-33,True
grouped_iid,SAFETY_RAW,0.05,0.96,10290,6294,123,2.3629867497504834e-36,True
grouped_iid,SAFETY_RAW,0.05,0.97,10290,5228,98,2.7587447427443735e-32,True
grouped_iid,SAFETY_RAW,0.05,0.98,10290,2534,38,4.077437662254454e-21,True
grouped_iid,SAFETY_RAW,0.05,0.99,10290,314,6,0.004135908313423508,False
grouped_iid,SAFETY_RAW,0.05,1.0,10290,0,0,1.0,False
grouped_iid,SAFETY_RAW,0.1,0.0,10290,10290,1667,1.0,False
grouped_iid,SAFETY_RAW,0.1,0.05,10290,9016,399,8.037068453391634e-86,True
grouped_iid,SAFETY_RAW,0.1,0.1,10290,9015,398,3.550449764962968e-86,True
grouped_iid,SAFETY_RAW,0.1,0.15,10290,9014,397,1.5646917431296744e-86,True
grouped_iid,SAFETY_RAW,0.1,0.2,10290,9014,397,1.5646917431296744e-86,True
grouped_iid,SAFETY_RAW,0.1,0.25,10290,9013,397,1.6621120143978785e-86,True
grouped_iid,SAFETY_RAW,0.1,0.3,10290,9013,397,1.6621120143978785e-86,True
grouped_iid,SAFETY_RAW,0.1,0.35,10290,9011,395,3.2056444886665397e-87,True
grouped_iid,SAFETY_RAW,0.1,0.4,10290,9007,395,4.08510884917551e-87,True
grouped_iid,SAFETY_RAW,0.1,0.45,10290,8998,394,2.906080006304862e-87,True
grouped_iid,SAFETY_RAW,0.1,0.5,10290,8992,391,2.893048041441845e-88,True
grouped_iid,SAFETY_RAW,0.1,0.55,10290,8986,387,1.1443116670817678e-89,True
grouped_iid,SAFETY_RAW,0.1,0.6,10290,8978,386,7.567166558036117e-90,True
grouped_iid,SAFETY_RAW,0.1,0.65,10290,8966,380,6.615342962135311e-92,True
grouped_iid,SAFETY_RAW,0.1,0.7,10290,8952,373,2.364220321585855e-94,True
grouped_iid,SAFETY_RAW,0.1,0.75,10290,8903,356,4.3915928929127233e-100,True
grouped_iid,SAFETY_RAW,0.1,0.8,10290,8842,343,5.507342219002156e-104,True
grouped_iid,SAFETY_RAW,0.1,0.85,10290,8735,316,3.6933940202902616e-113,True
grouped_iid,SAFETY_RAW,0.1,0.9,10290,8365,273,4.407696584895954e-123,True
grouped_iid,SAFETY_RAW,0.1,0.95,10290,6904,152,6.948931071907828e-146,True
grouped_iid,SAFETY_RAW,0.1,0.96,10290,6294,123,2.391314802031665e-144,True
grouped_iid,SAFETY_RAW,0.1,0.97,10290,5228,98,2.3496328691100035e-123,True
grouped_iid,SAFETY_RAW,0.1,0.98,10290,2534,38,2.28051333086585e-68,True
grouped_iid,SAFETY_RAW,0.1,0.99,10290,314,6,1.2315573111439778e-08,True
grouped_iid,SAFETY_RAW,0.1,1.0,10290,0,0,1.0,False
grouped_iid,SAFETY_RAW,0.12,0.0,10290,10290,1667,1.0,False
grouped_iid,SAFETY_RAW,0.12,0.05,10290,9016,399,2.209114723062656e-138,True
grouped_iid,SAFETY_RAW,0.12,0.1,10290,9015,398,8.136514419926872e-139,True
grouped_iid,SAFETY_RAW,0.12,0.15,10290,9014,397,2.9896309927944827e-139,True
grouped_iid,SAFETY_RAW,0.12,0.2,10290,9014,397,2.9896309927944827e-139,True
grouped_iid,SAFETY_RAW,0.12,0.25,10290,9013,397,3.247873172130746e-139,True
grouped_iid,SAFETY_RAW,0.12,0.3,10290,9013,397,3.247873172130746e-139,True
grouped_iid,SAFETY_RAW,0.12,0.35,10290,9011,395,4.35431486881183e-140,True
grouped_iid,SAFETY_RAW,0.12,0.4,10290,9007,395,6.070275656184022e-140,True
grouped_iid,SAFETY_RAW,0.12,0.45,10290,8998,394,4.308690681903998e-140,True
grouped_iid,SAFETY_RAW,0.12,0.5,10290,8992,391,2.6591196640544207e-141,True
grouped_iid,SAFETY_RAW,0.12,0.55,10290,8986,387,5.315500718945551e-143,True
grouped_iid,SAFETY_RAW,0.12,0.6,10290,8978,386,3.4293695588581085e-143,True
grouped_iid,SAFETY_RAW,0.12,0.65,10290,8966,380,1.1521086531758663e-145,True
grouped_iid,SAFETY_RAW,0.12,0.7,10290,8952,373,1.3490948903408395e-148,True
grouped_iid,SAFETY_RAW,0.12,0.75,10290,8903,356,2.3350737833486967e-155,True
grouped_iid,SAFETY_RAW,0.12,0.8,10290,8842,343,8.088061681624994e-160,True
grouped_iid,SAFETY_RAW,0.12,0.85,10290,8735,316,2.4076669045072195e-170,True
grouped_iid,SAFETY_RAW,0.12,0.9,10290,8365,273,1.780347529358707e-180,True
grouped_iid,SAFETY_RAW,0.12,0.95,10290,6904,152,9.102377925190224e-200,True
grouped_iid,SAFETY_RAW,0.12,0.96,10290,6294,123,7.461205835266121e-195,True
grouped_iid,SAFETY_RAW,0.12,0.97,10290,5228,98,1.1129853490097545e-165,True
grouped_iid,SAFETY_RAW,0.12,0.98,10290,2534,38,9.860390477193418e-90,True
grouped_iid,SAFETY_RAW,0.12,0.99,10290,314,6,3.498952970672125e-11,True
grouped_iid,SAFETY_RAW,0.12,1.0,10290,0,0,1.0,False
grouped_iid,SAFETY_RAW,0.14,0.0,10290,10290,1667,0.9999999998667676,False
grouped_iid,SAFETY_RAW,0.14,0.05,10290,9016,399,9.711067685257305e-198,True
grouped_iid,SAFETY_RAW,0.14,0.1,10290,9015,398,3.0666653256946044e-198,True
grouped_iid,SAFETY_RAW,0.14,0.15,10290,9014,397,9.66105511523592e-199,True
grouped_iid,SAFETY_RAW,0.14,0.2,10290,9014,397,9.66105511523592e-199,True
grouped_iid,SAFETY_RAW,0.14,0.25,10290,9013,397,1.0739510342560066e-198,True
grouped_iid,SAFETY_RAW,0.14,0.3,10290,9013,397,1.0739510342560066e-198,True
grouped_iid,SAFETY_RAW,0.14,0.35,10290,9011,395,1.058430704562701e-199,True
grouped_iid,SAFETY_RAW,0.14,0.4,10290,9007,395,1.6175771280982524e-199,True
grouped_iid,SAFETY_RAW,0.14,0.45,10290,8998,394,1.1830640968014617e-199,True
grouped_iid,SAFETY_RAW,0.14,0.5,10290,8992,391,4.930266372702264e-201,True
grouped_iid,SAFETY_RAW,0.14,0.55,10290,8986,387,5.576249473113573e-203,True
grouped_iid,SAFETY_RAW,0.14,0.6,10290,8978,386,3.622760551952639e-203,True
grouped_iid,SAFETY_RAW,0.14,0.65,10290,8966,380,5.549394645490902e-206,True
grouped_iid,SAFETY_RAW,0.14,0.7,10290,8952,373,2.5993570083453375e-209,True
grouped_iid,SAFETY_RAW,0.14,0.75,10290,8903,356,6.860769705164218e-217,True
grouped_iid,SAFETY_RAW,0.14,0.8,10290,8842,343,9.685547243355278e-222,True
grouped_iid,SAFETY_RAW,0.14,0.85,10290,8735,316,2.84265750769411e-233,True
grouped_iid,SAFETY_RAW,0.14,0.9,10290,8365,273,5.154089904018876e-243,True
grouped_iid,SAFETY_RAW,0.14,0.95,10290,6904,152,5.104193958174553e-257,True
grouped_iid,SAFETY_RAW,0.14,0.96,10290,6294,123,3.0392733797471223e-248,True
grouped_iid,SAFETY_RAW,0.14,0.97,10290,5228,98,2.3819209855528688e-210,True
grouped_iid,SAFETY_RAW,0.14,0.98,10290,2534,38,4.0602087954374866e-112,True
grouped_iid,SAFETY_RAW,0.14,0.99,10290,314,6,7.236822974257534e-14,True
grouped_iid,SAFETY_RAW,0.14,1.0,10290,0,0,1.0,False
grouped_iid,SAFETY_RAW,0.16,0.0,10290,10290,1667,0.7154725816620567,False
grouped_iid,SAFETY_RAW,0.16,0.05,10290,9016,399,1.1045351367523445e-262,True
grouped_iid,SAFETY_RAW,0.16,0.1,10290,9015,398,3.0525982733489248e-263,True
grouped_iid,SAFETY_RAW,0.16,0.15,10290,9014,397,8.416245596924297e-264,True
grouped_iid,SAFETY_RAW,0.16,0.2,10290,9014,397,8.416245596924297e-264,True
grouped_iid,SAFETY_RAW,0.16,0.25,10290,9013,397,9.578416001210041e-264,True
grouped_iid,SAFETY_RAW,0.16,0.3,10290,9013,397,9.578416001210041e-264,True
grouped_iid,SAFETY_RAW,0.16,0.35,10290,9011,395,7.230234341751748e-265,True
grouped_iid,SAFETY_RAW,0.16,0.4,10290,9007,395,1.2139940408784724e-264,True
grouped_iid,SAFETY_RAW,0.16,0.45,10290,8998,394,9.379362960445716e-265,True
grouped_iid,SAFETY_RAW,0.16,0.5,10290,8992,391,2.8115897689360068e-266,True
grouped_iid,SAFETY_RAW,0.16,0.55,10290,8986,387,1.9552988153139311e-268,True
grouped_iid,SAFETY_RAW,0.16,0.6,10290,8978,386,1.3107157349422258e-268,True
grouped_iid,SAFETY_RAW,0.16,0.65,10290,8966,380,1.0388225285593636e-271,True
grouped_iid,SAFETY_RAW,0.16,0.7,10290,8952,373,2.2557342053519342e-275,True
grouped_iid,SAFETY_RAW,0.16,0.75,10290,8903,356,1.3097105309202992e-283,True
grouped_iid,SAFETY_RAW,0.16,0.8,10290,8842,343,1.0101905925673893e-288,True
grouped_iid,SAFETY_RAW,0.16,0.85,10290,8735,316,5.3156644541433185e-301,True
grouped_iid,SAFETY_RAW,0.16,0.9,10290,8365,273,6.82828016508767e-310,True
grouped_iid,SAFETY_RAW,0.16,0.95,10290,6904,152,3.2576945e-317,True
grouped_iid,SAFETY_RAW,0.16,0.96,10290,6294,123,3.5044044261225363e-304,True
grouped_iid,SAFETY_RAW,0.16,0.97,10290,5228,98,4.241640302233374e-257,True
grouped_iid,SAFETY_RAW,0.16,0.98,10290,2534,38,1.9896666279121102e-135,True
grouped_iid,SAFETY_RAW,0.16,0.99,10290,314,6,1.1269480225070113e-16,True
grouped_iid,SAFETY_RAW,0.16,1.0,10290,0,0,1.0,False
grouped_iid,SAFETY_RAW,0.18,0.0,10290,10290,1667,7.89360452922697e-07,True
grouped_iid,SAFETY_RAW,0.18,0.05,10290,9016,399,0.0,True
grouped_iid,SAFETY_RAW,0.18,0.1,10290,9015,398,0.0,True
grouped_iid,SAFETY_RAW,0.18,0.15,10290,9014,397,0.0,True
grouped_iid,SAFETY_RAW,0.18,0.2,10290,9014,397,0.0,True
grouped_iid,SAFETY_RAW,0.18,0.25,10290,9013,397,0.0,True
grouped_iid,SAFETY_RAW,0.18,0.3,10290,9013,397,0.0,True
grouped_iid,SAFETY_RAW,0.18,0.35,10290,9011,395,0.0,True
grouped_iid,SAFETY_RAW,0.18,0.4,10290,9007,395,0.0,True
grouped_iid,SAFETY_RAW,0.18,0.45,10290,8998,394,0.0,True
grouped_iid,SAFETY_RAW,0.18,0.5,10290,8992,391,0.0,True
grouped_iid,SAFETY_RAW,0.18,0.55,10290,8986,387,0.0,True
grouped_iid,SAFETY_RAW,0.18,0.6,10290,8978,386,0.0,True
grouped_iid,SAFETY_RAW,0.18,0.65,10290,8966,380,0.0,True
grouped_iid,SAFETY_RAW,0.18,0.7,10290,8952,373,0.0,True
grouped_iid,SAFETY_RAW,0.18,0.75,10290,8903,356,0.0,True
grouped_iid,SAFETY_RAW,0.18,0.8,10290,8842,343,0.0,True
grouped_iid,SAFETY_RAW,0.18,0.85,10290,8735,316,0.0,True
grouped_iid,SAFETY_RAW,0.18,0.9,10290,8365,273,0.0,True
grouped_iid,SAFETY_RAW,0.18,0.95,10290,6904,152,0.0,True
grouped_iid,SAFETY_RAW,0.18,0.96,10290,6294,123,0.0,True
grouped_iid,SAFETY_RAW,0.18,0.97,10290,5228,98,8.840274078848482e-306,True
grouped_iid,SAFETY_RAW,0.18,0.98,10290,2534,38,1.30592065308047e-159,True
grouped_iid,SAFETY_RAW,0.18,0.99,10290,314,6,1.3465828640841244e-19,True
grouped_iid,SAFETY_RAW,0.18,1.0,10290,0,0,1.0,False
grouped_iid,SAFETY_RAW,0.2,0.0,10290,10290,1667,2.731338889705828e-23,True
grouped_iid,SAFETY_RAW,0.2,0.05,10290,9016,399,0.0,True
grouped_iid,SAFETY_RAW,0.2,0.1,10290,9015,398,0.0,True
grouped_iid,SAFETY_RAW,0.2,0.15,10290,9014,397,0.0,True
grouped_iid,SAFETY_RAW,0.2,0.2,10290,9014,397,0.0,True
grouped_iid,SAFETY_RAW,0.2,0.25,10290,9013,397,0.0,True
grouped_iid,SAFETY_RAW,0.2,0.3,10290,9013,397,0.0,True
grouped_iid,SAFETY_RAW,0.2,0.35,10290,9011,395,0.0,True
grouped_iid,SAFETY_RAW,0.2,0.4,10290,9007,395,0.0,True
grouped_iid,SAFETY_RAW,0.2,0.45,10290,8998,394,0.0,True
grouped_iid,SAFETY_RAW,0.2,0.5,10290,8992,391,0.0,True
grouped_iid,SAFETY_RAW,0.2,0.55,10290,8986,387,0.0,True
grouped_iid,SAFETY_RAW,0.2,0.6,10290,8978,386,0.0,True
grouped_iid,SAFETY_RAW,0.2,0.65,10290,8966,380,0.0,True
grouped_iid,SAFETY_RAW,0.2,0.7,10290,8952,373,0.0,True
grouped_iid,SAFETY_RAW,0.2,0.75,10290,8903,356,0.0,True
grouped_iid,SAFETY_RAW,0.2,0.8,10290,8842,343,0.0,True
grouped_iid,SAFETY_RAW,0.2,0.85,10290,8735,316,0.0,True
grouped_iid,SAFETY_RAW,0.2,0.9,10290,8365,273,0.0,True
grouped_iid,SAFETY_RAW,0.2,0.95,10290,6904,152,0.0,True
grouped_iid,SAFETY_RAW,0.2,0.96,10290,6294,123,0.0,True
grouped_iid,SAFETY_RAW,0.2,0.97,10290,5228,98,0.0,True
grouped_iid,SAFETY_RAW,0.2,0.98,10290,2534,38,1.2134488029798685e-184,True
grouped_iid,SAFETY_RAW,0.2,0.99,10290,314,6,1.2470404804804186e-22,True
grouped_iid,SAFETY_RAW,0.2,1.0,10290,0,0,1.0,False
grouped_iid,SAFETY_RAW_GATE,0.01,0.0,10290,8915,396,1.0,False
grouped_iid,SAFETY_RAW_GATE,0.01,0.05,10290,8907,394,1.0,False
grouped_iid,SAFETY_RAW_GATE,0.01,0.1,10290,8906,393,1.0,False
grouped_iid,SAFETY_RAW_GATE,0.01,0.15,10290,8905,392,1.0,False
grouped_iid,SAFETY_RAW_GATE,0.01,0.2,10290,8905,392,1.0,False
grouped_iid,SAFETY_RAW_GATE,0.01,0.25,10290,8904,392,1.0,False
grouped_iid,SAFETY_RAW_GATE,0.01,0.3,10290,8904,392,1.0,False
grouped_iid,SAFETY_RAW_GATE,0.01,0.35,10290,8902,390,1.0,False
grouped_iid,SAFETY_RAW_GATE,0.01,0.4,10290,8898,390,1.0,False
grouped_iid,SAFETY_RAW_GATE,0.01,0.45,10290,8889,389,1.0,False
grouped_iid,SAFETY_RAW_GATE,0.01,0.5,10290,8884,387,1.0,False
grouped_iid,SAFETY_RAW_GATE,0.01,0.55,10290,8878,383,1.0,False
grouped_iid,SAFETY_RAW_GATE,0.01,0.6,10290,8870,382,1.0,False
grouped_iid,SAFETY_RAW_GATE,0.01,0.65,10290,8858,376,1.0,False
grouped_iid,SAFETY_RAW_GATE,0.01,0.7,10290,8844,369,1.0,False
grouped_iid,SAFETY_RAW_GATE,0.01,0.75,10290,8798,353,1.0,False
grouped_iid,SAFETY_RAW_GATE,0.01,0.8,10290,8738,340,1.0,False
grouped_iid,SAFETY_RAW_GATE,0.01,0.85,10290,8638,313,1.0,False
grouped_iid,SAFETY_RAW_GATE,0.01,0.9,10290,8294,270,1.0,False
grouped_iid,SAFETY_RAW_GATE,0.01,0.95,10290,6859,151,1.0,False
grouped_iid,SAFETY_RAW_GATE,0.01,0.96,10290,6255,122,0.9999999999927658,False
grouped_iid,SAFETY_RAW_GATE,0.01,0.97,10290,5196,98,0.9999999965701298,False
grouped_iid,SAFETY_RAW_GATE,0.01,0.98,10290,2510,38,0.994179658618016,False
grouped_iid,SAFETY_RAW_GATE,0.01,0.99,10290,304,6,0.9652123813792494,False
grouped_iid,SAFETY_RAW_GATE,0.01,1.0,10290,0,0,1.0,False
grouped_iid,SAFETY_RAW_GATE,0.05,0.0,10290,8915,396,0.00755586824637863,False
grouped_iid,SAFETY_RAW_GATE,0.05,0.05,10290,8907,394,0.0060096164985827885,False
grouped_iid,SAFETY_RAW_GATE,0.05,0.1,10290,8906,393,0.005237726628700756,False
grouped_iid,SAFETY_RAW_GATE,0.05,0.15,10290,8905,392,0.004554760967947815,False
grouped_iid,SAFETY_RAW_GATE,0.05,0.2,10290,8905,392,0.004554760967947815,False
grouped_iid,SAFETY_RAW_GATE,0.05,0.25,10290,8904,392,0.004586488324509957,False
grouped_iid,SAFETY_RAW_GATE,0.05,0.3,10290,8904,392,0.004586488324509957,False
grouped_iid,SAFETY_RAW_GATE,0.05,0.35,10290,8902,390,0.00344569426103393,False
grouped_iid,SAFETY_RAW_GATE,0.05,0.4,10290,8898,390,0.0035454532509215184,False
grouped_iid,SAFETY_RAW_GATE,0.05,0.45,10290,8889,389,0.0032457982606899655,False
grouped_iid,SAFETY_RAW_GATE,0.05,0.5,10290,8884,387,0.0024654120616035085,False
grouped_iid,SAFETY_RAW_GATE,0.05,0.55,10290,8878,383,0.0013460267761164829,True
grouped_iid,SAFETY_RAW_GATE,0.05,0.6,10290,8870,382,0.001211054727581295,True
grouped_iid,SAFETY_RAW_GATE,0.05,0.65,10290,8858,376,0.00046402859340963595,True
grouped_iid,SAFETY_RAW_GATE,0.05,0.7,10290,8844,369,0.0001370734690219776,True
grouped_iid,SAFETY_RAW_GATE,0.05,0.75,10290,8798,353,6.440656068693367e-06,True
grouped_iid,SAFETY_RAW_GATE,0.05,0.8,10290,8738,340,4.6361300805613866e-07,True
grouped_iid,SAFETY_RAW_GATE,0.05,0.85,10290,8638,313,4.531957438316747e-10,True
grouped_iid,SAFETY_RAW_GATE,0.05,0.9,10290,8294,270,5.421193659844566e-15,True
grouped_iid,SAFETY_RAW_GATE,0.05,0.95,10290,6859,151,9.381432716034662e-33,True
grouped_iid,SAFETY_RAW_GATE,0.05,0.96,10290,6255,122,3.0718447194370924e-36,True
grouped_iid,SAFETY_RAW_GATE,0.05,0.97,10290,5196,98,7.78591945383766e-32,True
grouped_iid,SAFETY_RAW_GATE,0.05,0.98,10290,2510,38,9.738110989564872e-21,True
grouped_iid,SAFETY_RAW_GATE,0.05,0.99,10290,304,6,0.0057682753239485535,False
grouped_iid,SAFETY_RAW_GATE,0.05,1.0,10290,0,0,1.0,False
grouped_iid,SAFETY_RAW_GATE,0.1,0.0,10290,8915,396,2.5256604384549093e-84,True
grouped_iid,SAFETY_RAW_GATE,0.1,0.05,10290,8907,394,7.109225892269496e-85,True
grouped_iid,SAFETY_RAW_GATE,0.1,0.1,10290,8906,393,3.1390964568602064e-85,True
grouped_iid,SAFETY_RAW_GATE,0.1,0.15,10290,8905,392,1.3827176138874797e-85,True
grouped_iid,SAFETY_RAW_GATE,0.1,0.2,10290,8905,392,1.3827176138874797e-85,True
grouped_iid,SAFETY_RAW_GATE,0.1,0.25,10290,8904,392,1.468843621160265e-85,True
grouped_iid,SAFETY_RAW_GATE,0.1,0.3,10290,8904,392,1.468843621160265e-85,True
grouped_iid,SAFETY_RAW_GATE,0.1,0.35,10290,8902,390,2.8298191055419067e-86,True
grouped_iid,SAFETY_RAW_GATE,0.1,0.4,10290,8898,390,3.606564137768026e-86,True
grouped_iid,SAFETY_RAW_GATE,0.1,0.45,10290,8889,389,2.564724591194215e-86,True
grouped_iid,SAFETY_RAW_GATE,0.1,0.5,10290,8884,387,5.86103492036361e-87,True
grouped_iid,SAFETY_RAW_GATE,0.1,0.55,10290,8878,383,2.3340951776568912e-88,True
grouped_iid,SAFETY_RAW_GATE,0.1,0.6,10290,8870,382,1.5452917337205088e-88,True
grouped_iid,SAFETY_RAW_GATE,0.1,0.65,10290,8858,376,1.3633833123315137e-90,True
grouped_iid,SAFETY_RAW_GATE,0.1,0.7,10290,8844,369,4.919652425283522e-93,True
grouped_iid,SAFETY_RAW_GATE,0.1,0.75,10290,8798,353,2.0406820909974195e-98,True
grouped_iid,SAFETY_RAW_GATE,0.1,0.8,10290,8738,340,2.484439001141538e-102,True
grouped_iid,SAFETY_RAW_GATE,0.1,0.85,10290,8638,313,1.1013931000918461e-111,True
grouped_iid,SAFETY_RAW_GATE,0.1,0.9,10290,8294,270,2.0817287163453025e-122,True
grouped_iid,SAFETY_RAW_GATE,0.1,0.95,10290,6859,151,5.9430052146895655e-145,True
grouped_iid,SAFETY_RAW_GATE,0.1,0.96,10290,6255,122,1.21384919015237e-143,True
grouped_iid,SAFETY_RAW_GATE,0.1,0.97,10290,5196,98,3.732756916817202e-122,True
grouped_iid,SAFETY_RAW_GATE,0.1,0.98,10290,2510,38,1.989123984655417e-67,True
grouped_iid,SAFETY_RAW_GATE,0.1,0.99,10290,304,6,2.9231258879063652e-08,True
grouped_iid,SAFETY_RAW_GATE,0.1,1.0,10290,0,0,1.0,False
grouped_iid,SAFETY_RAW_GATE,0.12,0.0,10290,8915,396,3.631469643172072e-136,True
grouped_iid,SAFETY_RAW_GATE,0.12,0.05,10290,8907,394,8.130243280886207e-137,True
grouped_iid,SAFETY_RAW_GATE,0.12,0.1,10290,8906,393,2.993110795977698e-137,True
grouped_iid,SAFETY_RAW_GATE,0.12,0.15,10290,8905,392,1.0992282083459148e-137,True
grouped_iid,SAFETY_RAW_GATE,0.12,0.2,10290,8905,392,1.0992282083459148e-137,True
grouped_iid,SAFETY_RAW_GATE,0.12,0.25,10290,8904,392,1.1942075173318486e-137,True
grouped_iid,SAFETY_RAW_GATE,0.12,0.3,10290,8904,392,1.1942075173318486e-137,True
grouped_iid,SAFETY_RAW_GATE,0.12,0.35,10290,8902,390,1.599313137652192e-138,True
grouped_iid,SAFETY_RAW_GATE,0.12,0.4,10290,8898,390,2.2298126600501755e-138,True
grouped_iid,SAFETY_RAW_GATE,0.12,0.45,10290,8889,389,1.582158605606234e-138,True
grouped_iid,SAFETY_RAW_GATE,0.12,0.5,10290,8884,387,2.6884492067042662e-139,True
grouped_iid,SAFETY_RAW_GATE,0.12,0.55,10290,8878,383,5.410973900576715e-141,True
grouped_iid,SAFETY_RAW_GATE,0.12,0.6,10290,8870,382,3.4950261071295965e-141,True
grouped_iid,SAFETY_RAW_GATE,0.12,0.65,10290,8858,376,1.1850444981371401e-143,True
grouped_iid,SAFETY_RAW_GATE,0.12,0.7,10290,8844,369,1.4011459999232556e-146,True
grouped_iid,SAFETY_RAW_GATE,0.12,0.75,10290,8798,353,6.21113916410623e-153,True
grouped_iid,SAFETY_RAW_GATE,0.12,0.8,10290,8738,340,2.0423368812429487e-157,True
grouped_iid,SAFETY_RAW_GATE,0.12,0.85,10290,8638,313,3.4347957315806517e-168,True
grouped_iid,SAFETY_RAW_GATE,0.12,0.9,10290,8294,270,2.2436968938732144e-179,True
grouped_iid,SAFETY_RAW_GATE,0.12,0.95,10290,6859,151,1.7437996989618703e-198,True
grouped_iid,SAFETY_RAW_GATE,0.12,0.96,10290,6255,122,7.414308036443429e-194,True
grouped_iid,SAFETY_RAW_GATE,0.12,0.97,10290,5196,98,3.6283833527423e-164,True
grouped_iid,SAFETY_RAW_GATE,0.12,0.98,10290,2510,38,1.4744239504135604e-88,True
grouped_iid,SAFETY_RAW_GATE,0.12,0.99,10290,304,6,1.0383776769392274e-10,True
grouped_iid,SAFETY_RAW_GATE,0.12,1.0,10290,0,0,1.0,False
grouped_iid,SAFETY_RAW_GATE,0.14,0.0,10290,8915,396,9.562010339780188e-195,True
grouped_iid,SAFETY_RAW_GATE,0.14,0.05,10290,8907,394,1.8063518958142436e-195,True
grouped_iid,SAFETY_RAW_GATE,0.14,0.1,10290,8906,393,5.701673705062645e-196,True
grouped_iid,SAFETY_RAW_GATE,0.14,0.15,10290,8905,392,1.7953448820268656e-196,True
grouped_iid,SAFETY_RAW_GATE,0.14,0.2,10290,8905,392,1.7953448820268656e-196,True
grouped_iid,SAFETY_RAW_GATE,0.14,0.25,10290,8904,392,1.9958054578011664e-196,True
grouped_iid,SAFETY_RAW_GATE,0.14,0.3,10290,8904,392,1.9958054578011664e-196,True
grouped_iid,SAFETY_RAW_GATE,0.14,0.35,10290,8902,390,1.964861798180725e-197,True
grouped_iid,SAFETY_RAW_GATE,0.14,0.4,10290,8898,390,3.003174822308241e-197,True
grouped_iid,SAFETY_RAW_GATE,0.14,0.45,10290,8889,389,2.195682697581e-197,True
grouped_iid,SAFETY_RAW_GATE,0.14,0.5,10290,8884,387,2.9384338573245226e-198,True
grouped_iid,SAFETY_RAW_GATE,0.14,0.55,10290,8878,383,3.346275490970509e-200,True
grouped_iid,SAFETY_RAW_GATE,0.14,0.6,10290,8870,382,2.176532208319286e-200,True
grouped_iid,SAFETY_RAW_GATE,0.14,0.65,10290,8858,376,3.3650048352169885e-203,True
grouped_iid,SAFETY_RAW_GATE,0.14,0.7,10290,8844,369,1.5915362663816966e-206,True
grouped_iid,SAFETY_RAW_GATE,0.14,0.75,10290,8798,353,1.1985262455164434e-213,True
grouped_iid,SAFETY_RAW_GATE,0.14,0.8,10290,8738,340,1.5698188200460628e-218,True
grouped_iid,SAFETY_RAW_GATE,0.14,0.85,10290,8638,313,2.2163981662528165e-230,True
grouped_iid,SAFETY_RAW_GATE,0.14,0.9,10290,8294,270,1.953324753552584e-241,True
grouped_iid,SAFETY_RAW_GATE,0.14,0.95,10290,6859,151,2.304778078936144e-255,True
grouped_iid,SAFETY_RAW_GATE,0.14,0.96,10290,6255,122,6.201723224729426e-247,True
grouped_iid,SAFETY_RAW_GATE,0.14,0.97,10290,5196,98,1.620186591715276e-208,True
grouped_iid,SAFETY_RAW_GATE,0.14,0.98,10290,2510,38,1.0539120403340239e-110,True
grouped_iid,SAFETY_RAW_GATE,0.14,0.99,10290,304,6,2.7002914843914717e-13,True
grouped_iid,SAFETY_RAW_GATE,0.14,1.0,10290,0,0,1.0,False
grouped_iid,SAFETY_RAW_GATE,0.16,0.0,10290,8915,396,7.308630358227071e-259,True
grouped_iid,SAFETY_RAW_GATE,0.16,0.05,10290,8907,394,1.217768120154576e-259,True
grouped_iid,SAFETY_RAW_GATE,0.16,0.1,10290,8906,393,3.364002382387571e-260,True
grouped_iid,SAFETY_RAW_GATE,0.16,0.15,10290,8905,392,9.270290955944709e-261,True
grouped_iid,SAFETY_RAW_GATE,0.16,0.2,10290,8905,392,9.270290955944709e-261,True
grouped_iid,SAFETY_RAW_GATE,0.16,0.25,10290,8904,392,1.0550645093143892e-260,True
grouped_iid,SAFETY_RAW_GATE,0.16,0.3,10290,8904,392,1.0550645093143892e-260,True
grouped_iid,SAFETY_RAW_GATE,0.16,0.35,10290,8902,390,7.955646604529689e-262,True
grouped_iid,SAFETY_RAW_GATE,0.16,0.4,10290,8898,390,1.335935636609706e-261,True
grouped_iid,SAFETY_RAW_GATE,0.16,0.45,10290,8889,389,1.0317836512889326e-261,True
grouped_iid,SAFETY_RAW_GATE,0.16,0.5,10290,8884,387,1.134915005469183e-262,True
grouped_iid,SAFETY_RAW_GATE,0.16,0.55,10290,8878,383,7.946991813700357e-265,True
grouped_iid,SAFETY_RAW_GATE,0.16,0.6,10290,8870,382,5.333408094112241e-265,True
grouped_iid,SAFETY_RAW_GATE,0.16,0.65,10290,8858,376,4.266369197635086e-268,True
grouped_iid,SAFETY_RAW_GATE,0.16,0.7,10290,8844,369,9.354543083810387e-272,True
grouped_iid,SAFETY_RAW_GATE,0.16,0.75,10290,8798,353,1.6893955651433143e-279,True
grouped_iid,SAFETY_RAW_GATE,0.16,0.8,10290,8738,340,1.1808793915756924e-284,True
grouped_iid,SAFETY_RAW_GATE,0.16,0.85,10290,8638,313,2.53552146878921e-297,True
grouped_iid,SAFETY_RAW_GATE,0.16,0.9,10290,8294,270,8.588426362872198e-308,True
grouped_iid,SAFETY_RAW_GATE,0.16,0.95,10290,6859,151,3.624637043e-315,True
grouped_iid,SAFETY_RAW_GATE,0.16,0.96,10290,6255,122,1.5300751277437178e-302,True
grouped_iid,SAFETY_RAW_GATE,0.16,0.97,10290,5196,98,6.125289073522985e-255,True
grouped_iid,SAFETY_RAW_GATE,0.16,0.98,10290,2510,38,9.082979846376129e-134,True
grouped_iid,SAFETY_RAW_GATE,0.16,0.99,10290,304,6,5.317015201522978e-16,True
grouped_iid,SAFETY_RAW_GATE,0.16,1.0,10290,0,0,1.0,False
grouped_iid,SAFETY_RAW_GATE,0.18,0.0,10290,8915,396,0.0,True
grouped_iid,SAFETY_RAW_GATE,0.18,0.05,10290,8907,394,0.0,True
grouped_iid,SAFETY_RAW_GATE,0.18,0.1,10290,8906,393,0.0,True
grouped_iid,SAFETY_RAW_GATE,0.18,0.15,10290,8905,392,0.0,True
grouped_iid,SAFETY_RAW_GATE,0.18,0.2,10290,8905,392,0.0,True
grouped_iid,SAFETY_RAW_GATE,0.18,0.25,10290,8904,392,0.0,True
grouped_iid,SAFETY_RAW_GATE,0.18,0.3,10290,8904,392,0.0,True
grouped_iid,SAFETY_RAW_GATE,0.18,0.35,10290,8902,390,0.0,True
grouped_iid,SAFETY_RAW_GATE,0.18,0.4,10290,8898,390,0.0,True
grouped_iid,SAFETY_RAW_GATE,0.18,0.45,10290,8889,389,0.0,True
grouped_iid,SAFETY_RAW_GATE,0.18,0.5,10290,8884,387,0.0,True
grouped_iid,SAFETY_RAW_GATE,0.18,0.55,10290,8878,383,0.0,True
grouped_iid,SAFETY_RAW_GATE,0.18,0.6,10290,8870,382,0.0,True
grouped_iid,SAFETY_RAW_GATE,0.18,0.65,10290,8858,376,0.0,True
grouped_iid,SAFETY_RAW_GATE,0.18,0.7,10290,8844,369,0.0,True
grouped_iid,SAFETY_RAW_GATE,0.18,0.75,10290,8798,353,0.0,True
grouped_iid,SAFETY_RAW_GATE,0.18,0.8,10290,8738,340,0.0,True
grouped_iid,SAFETY_RAW_GATE,0.18,0.85,10290,8638,313,0.0,True
grouped_iid,SAFETY_RAW_GATE,0.18,0.9,10290,8294,270,0.0,True
grouped_iid,SAFETY_RAW_GATE,0.18,0.95,10290,6859,151,0.0,True
grouped_iid,SAFETY_RAW_GATE,0.18,0.96,10290,6255,122,0.0,True
grouped_iid,SAFETY_RAW_GATE,0.18,0.97,10290,5196,98,2.7599965761511528e-303,True
grouped_iid,SAFETY_RAW_GATE,0.18,0.98,10290,2510,38,1.062878640610402e-157,True
grouped_iid,SAFETY_RAW_GATE,0.18,0.99,10290,304,6,8.080344652482998e-19,True
grouped_iid,SAFETY_RAW_GATE,0.18,1.0,10290,0,0,1.0,False
grouped_iid,SAFETY_RAW_GATE,0.2,0.0,10290,8915,396,0.0,True
grouped_iid,SAFETY_RAW_GATE,0.2,0.05,10290,8907,394,0.0,True
grouped_iid,SAFETY_RAW_GATE,0.2,0.1,10290,8906,393,0.0,True
grouped_iid,SAFETY_RAW_GATE,0.2,0.15,10290,8905,392,0.0,True
grouped_iid,SAFETY_RAW_GATE,0.2,0.2,10290,8905,392,0.0,True
grouped_iid,SAFETY_RAW_GATE,0.2,0.25,10290,8904,392,0.0,True
grouped_iid,SAFETY_RAW_GATE,0.2,0.3,10290,8904,392,0.0,True
grouped_iid,SAFETY_RAW_GATE,0.2,0.35,10290,8902,390,0.0,True
grouped_iid,SAFETY_RAW_GATE,0.2,0.4,10290,8898,390,0.0,True
grouped_iid,SAFETY_RAW_GATE,0.2,0.45,10290,8889,389,0.0,True
grouped_iid,SAFETY_RAW_GATE,0.2,0.5,10290,8884,387,0.0,True
grouped_iid,SAFETY_RAW_GATE,0.2,0.55,10290,8878,383,0.0,True
grouped_iid,SAFETY_RAW_GATE,0.2,0.6,10290,8870,382,0.0,True
grouped_iid,SAFETY_RAW_GATE,0.2,0.65,10290,8858,376,0.0,True
grouped_iid,SAFETY_RAW_GATE,0.2,0.7,10290,8844,369,0.0,True
grouped_iid,SAFETY_RAW_GATE,0.2,0.75,10290,8798,353,0.0,True
grouped_iid,SAFETY_RAW_GATE,0.2,0.8,10290,8738,340,0.0,True
grouped_iid,SAFETY_RAW_GATE,0.2,0.85,10290,8638,313,0.0,True
grouped_iid,SAFETY_RAW_GATE,0.2,0.9,10290,8294,270,0.0,True
grouped_iid,SAFETY_RAW_GATE,0.2,0.95,10290,6859,151,0.0,True
grouped_iid,SAFETY_RAW_GATE,0.2,0.96,10290,6255,122,0.0,True
grouped_iid,SAFETY_RAW_GATE,0.2,0.97,10290,5196,98,0.0,True
grouped_iid,SAFETY_RAW_GATE,0.2,0.98,10290,2510,38,1.786161215009248e-182,True
grouped_iid,SAFETY_RAW_GATE,0.2,0.99,10290,304,6,9.575058580892973e-22,True
grouped_iid,SAFETY_RAW_GATE,0.2,1.0,10290,0,0,1.0,False
temporal,ACTION_RAW,0.01,0.0,9837,9837,1278,1.0,False
temporal,ACTION_RAW,0.01,0.05,9837,8797,240,1.0,False
temporal,ACTION_RAW,0.01,0.1,9837,8795,240,1.0,False
temporal,ACTION_RAW,0.01,0.15,9837,8782,240,1.0,False
temporal,ACTION_RAW,0.01,0.2,9837,8752,232,1.0,False
temporal,ACTION_RAW,0.01,0.25,9837,4788,86,0.9999997911529004,False
temporal,ACTION_RAW,0.01,0.3,9837,63,1,0.8687545248356402,False
temporal,ACTION_RAW,0.01,0.35,9837,27,1,0.9702543637144957,False
temporal,ACTION_RAW,0.01,0.4,9837,1,1,1.0,False
temporal,ACTION_RAW,0.01,0.45,9837,1,1,1.0,False
temporal,ACTION_RAW,0.01,0.5,9837,1,1,1.0,False
temporal,ACTION_RAW,0.01,0.55,9837,1,1,1.0,False
temporal,ACTION_RAW,0.01,0.6,9837,1,1,1.0,False
temporal,ACTION_RAW,0.01,0.65,9837,0,0,1.0,False
temporal,ACTION_RAW,0.01,0.7,9837,0,0,1.0,False
temporal,ACTION_RAW,0.01,0.75,9837,0,0,1.0,False
temporal,ACTION_RAW,0.01,0.8,9837,0,0,1.0,False
temporal,ACTION_RAW,0.01,0.85,9837,0,0,1.0,False
temporal,ACTION_RAW,0.01,0.9,9837,0,0,1.0,False
temporal,ACTION_RAW,0.01,0.95,9837,0,0,1.0,False
temporal,ACTION_RAW,0.01,0.96,9837,0,0,1.0,False
temporal,ACTION_RAW,0.01,0.97,9837,0,0,1.0,False
temporal,ACTION_RAW,0.01,0.98,9837,0,0,1.0,False
temporal,ACTION_RAW,0.01,0.99,9837,0,0,1.0,False
temporal,ACTION_RAW,0.01,1.0,9837,0,0,1.0,False
temporal,ACTION_RAW,0.05,0.0,9837,9837,1278,1.0,False
temporal,ACTION_RAW,0.05,0.05,9837,8797,240,1.1584444163771712e-26,True
temporal,ACTION_RAW,0.05,0.1,9837,8795,240,1.2148256407850491e-26,True
temporal,ACTION_RAW,0.05,0.15,9837,8782,240,1.6539891204091477e-26,True
temporal,ACTION_RAW,0.05,0.2,9837,8752,232,1.9443811193713223e-28,True
temporal,ACTION_RAW,0.05,0.25,9837,4788,86,2.1242258441602138e-31,True
temporal,ACTION_RAW,0.05,0.3,9837,63,1,0.17046977370146937,False
temporal,ACTION_RAW,0.05,0.35,9837,27,1,0.6060962172712074,False
temporal,ACTION_RAW,0.05,0.4,9837,1,1,1.0,False
temporal,ACTION_RAW,0.05,0.45,9837,1,1,1.0,False
temporal,ACTION_RAW,0.05,0.5,9837,1,1,1.0,False
temporal,ACTION_RAW,0.05,0.55,9837,1,1,1.0,False
temporal,ACTION_RAW,0.05,0.6,9837,1,1,1.0,False
temporal,ACTION_RAW,0.05,0.65,9837,0,0,1.0,False
temporal,ACTION_RAW,0.05,0.7,9837,0,0,1.0,False
temporal,ACTION_RAW,0.05,0.75,9837,0,0,1.0,False
temporal,ACTION_RAW,0.05,0.8,9837,0,0,1.0,False
temporal,ACTION_RAW,0.05,0.85,9837,0,0,1.0,False
temporal,ACTION_RAW,0.05,0.9,9837,0,0,1.0,False
temporal,ACTION_RAW,0.05,0.95,9837,0,0,1.0,False
temporal,ACTION_RAW,0.05,0.96,9837,0,0,1.0,False
temporal,ACTION_RAW,0.05,0.97,9837,0,0,1.0,False
temporal,ACTION_RAW,0.05,0.98,9837,0,0,1.0,False
temporal,ACTION_RAW,0.05,0.99,9837,0,0,1.0,False
temporal,ACTION_RAW,0.05,1.0,9837,0,0,1.0,False
temporal,ACTION_RAW,0.1,0.0,9837,9837,1278,1.0,False
temporal,ACTION_RAW,0.1,0.05,9837,8797,240,1.5180587499310246e-155,True
temporal,ACTION_RAW,0.1,0.1,9837,8795,240,1.7734142633719984e-155,True
temporal,ACTION_RAW,0.1,0.15,9837,8782,240,4.870415383647206e-155,True
temporal,ACTION_RAW,0.1,0.2,9837,8752,232,7.525024148401466e-159,True
temporal,ACTION_RAW,0.1,0.25,9837,4788,86,5.0305060444460126e-116,True
temporal,ACTION_RAW,0.1,0.3,9837,63,1,0.010480164069100994,False
temporal,ACTION_RAW,0.1,0.35,9837,27,1,0.23259894801216055,False
temporal,ACTION_RAW,0.1,0.4,9837,1,1,1.0,False
temporal,ACTION_RAW,0.1,0.45,9837,1,1,1.0,False
temporal,ACTION_RAW,0.1,0.5,9837,1,1,1.0,False
temporal,ACTION_RAW,0.1,0.55,9837,1,1,1.0,False
temporal,ACTION_RAW,0.1,0.6,9837,1,1,1.0,False
temporal,ACTION_RAW,0.1,0.65,9837,0,0,1.0,False
temporal,ACTION_RAW,0.1,0.7,9837,0,0,1.0,False
temporal,ACTION_RAW,0.1,0.75,9837,0,0,1.0,False
temporal,ACTION_RAW,0.1,0.8,9837,0,0,1.0,False
temporal,ACTION_RAW,0.1,0.85,9837,0,0,1.0,False
temporal,ACTION_RAW,0.1,0.9,9837,0,0,1.0,False
temporal,ACTION_RAW,0.1,0.95,9837,0,0,1.0,False
temporal,ACTION_RAW,0.1,0.96,9837,0,0,1.0,False
temporal,ACTION_RAW,0.1,0.97,9837,0,0,1.0,False
temporal,ACTION_RAW,0.1,0.98,9837,0,0,1.0,False
temporal,ACTION_RAW,0.1,0.99,9837,0,0,1.0,False
temporal,ACTION_RAW,0.1,1.0,9837,0,0,1.0,False
temporal,ACTION_RAW,0.12,0.0,9837,9837,1278,0.9986990625234666,False
temporal,ACTION_RAW,0.12,0.05,9837,8797,240,4.401592577471589e-220,True
temporal,ACTION_RAW,0.12,0.1,9837,8795,240,5.3782774389459254e-220,True
temporal,ACTION_RAW,0.12,0.15,9837,8782,240,1.977995141600911e-219,True
temporal,ACTION_RAW,0.12,0.2,9837,8752,232,1.1680894386470693e-223,True
temporal,ACTION_RAW,0.12,0.25,9837,4788,86,4.026782789773993e-155,True
temporal,ACTION_RAW,0.12,0.3,9837,63,1,0.0030497772463760355,False
temporal,ACTION_RAW,0.12,0.35,9837,27,1,0.1484043707935922,False
temporal,ACTION_RAW,0.12,0.4,9837,1,1,1.0,False
temporal,ACTION_RAW,0.12,0.45,9837,1,1,1.0,False
temporal,ACTION_RAW,0.12,0.5,9837,1,1,1.0,False
temporal,ACTION_RAW,0.12,0.55,9837,1,1,1.0,False
temporal,ACTION_RAW,0.12,0.6,9837,1,1,1.0,False
temporal,ACTION_RAW,0.12,0.65,9837,0,0,1.0,False
temporal,ACTION_RAW,0.12,0.7,9837,0,0,1.0,False
temporal,ACTION_RAW,0.12,0.75,9837,0,0,1.0,False
temporal,ACTION_RAW,0.12,0.8,9837,0,0,1.0,False
temporal,ACTION_RAW,0.12,0.85,9837,0,0,1.0,False
temporal,ACTION_RAW,0.12,0.9,9837,0,0,1.0,False
temporal,ACTION_RAW,0.12,0.95,9837,0,0,1.0,False
temporal,ACTION_RAW,0.12,0.96,9837,0,0,1.0,False
temporal,ACTION_RAW,0.12,0.97,9837,0,0,1.0,False
temporal,ACTION_RAW,0.12,0.98,9837,0,0,1.0,False
temporal,ACTION_RAW,0.12,0.99,9837,0,0,1.0,False
temporal,ACTION_RAW,0.12,1.0,9837,0,0,1.0,False
temporal,ACTION_RAW,0.14,0.0,9837,9837,1278,0.0019051745589981053,True
temporal,ACTION_RAW,0.14,0.05,9837,8797,240,1.8114447848140254e-289,True
temporal,ACTION_RAW,0.14,0.1,9837,8795,240,2.317510851675557e-289,True
temporal,ACTION_RAW,0.14,0.15,9837,8782,240,1.1491196983181352e-288,True
temporal,ACTION_RAW,0.14,0.2,9837,8752,232,3.283744682752287e-293,True
temporal,ACTION_RAW,0.14,0.25,9837,4788,86,2.545849291107283e-196,True
temporal,ACTION_RAW,0.14,0.3,9837,63,1,0.0008409677362725501,True
temporal,ACTION_RAW,0.14,0.35,9837,27,1,0.09193432947593122,False
temporal,ACTION_RAW,0.14,0.4,9837,1,1,1.0,False
temporal,ACTION_RAW,0.14,0.45,9837,1,1,1.0,False
temporal,ACTION_RAW,0.14,0.5,9837,1,1,1.0,False
temporal,ACTION_RAW,0.14,0.55,9837,1,1,1.0,False
temporal,ACTION_RAW,0.14,0.6,9837,1,1,1.0,False
temporal,ACTION_RAW,0.14,0.65,9837,0,0,1.0,False
temporal,ACTION_RAW,0.14,0.7,9837,0,0,1.0,False
temporal,ACTION_RAW,0.14,0.75,9837,0,0,1.0,False
temporal,ACTION_RAW,0.14,0.8,9837,0,0,1.0,False
temporal,ACTION_RAW,0.14,0.85,9837,0,0,1.0,False
temporal,ACTION_RAW,0.14,0.9,9837,0,0,1.0,False
temporal,ACTION_RAW,0.14,0.95,9837,0,0,1.0,False
temporal,ACTION_RAW,0.14,0.96,9837,0,0,1.0,False
temporal,ACTION_RAW,0.14,0.97,9837,0,0,1.0,False
temporal,ACTION_RAW,0.14,0.98,9837,0,0,1.0,False
temporal,ACTION_RAW,0.14,0.99,9837,0,0,1.0,False
temporal,ACTION_RAW,0.14,1.0,9837,0,0,1.0,False
temporal,ACTION_RAW,0.16,0.0,9837,9837,1278,3.505868595513857e-17,True
temporal,ACTION_RAW,0.16,0.05,9837,8797,240,0.0,True
temporal,ACTION_RAW,0.16,0.1,9837,8795,240,0.0,True
temporal,ACTION_RAW,0.16,0.15,9837,8782,240,0.0,True
temporal,ACTION_RAW,0.16,0.2,9837,8752,232,0.0,True
temporal,ACTION_RAW,0.16,0.25,9837,4788,86,2.1613955130176867e-239,True
temporal,ACTION_RAW,0.16,0.3,9837,63,1,0.00022056590195341242,True
temporal,ACTION_RAW,0.16,0.35,9837,27,1,0.0554512242893527,False
temporal,ACTION_RAW,0.16,0.4,9837,1,1,1.0,False
temporal,ACTION_RAW,0.16,0.45,9837,1,1,1.0,False
temporal,ACTION_RAW,0.16,0.5,9837,1,1,1.0,False
temporal,ACTION_RAW,0.16,0.55,9837,1,1,1.0,False
temporal,ACTION_RAW,0.16,0.6,9837,1,1,1.0,False
temporal,ACTION_RAW,0.16,0.65,9837,0,0,1.0,False
temporal,ACTION_RAW,0.16,0.7,9837,0,0,1.0,False
temporal,ACTION_RAW,0.16,0.75,9837,0,0,1.0,False
temporal,ACTION_RAW,0.16,0.8,9837,0,0,1.0,False
temporal,ACTION_RAW,0.16,0.85,9837,0,0,1.0,False
temporal,ACTION_RAW,0.16,0.9,9837,0,0,1.0,False
temporal,ACTION_RAW,0.16,0.95,9837,0,0,1.0,False
temporal,ACTION_RAW,0.16,0.96,9837,0,0,1.0,False
temporal,ACTION_RAW,0.16,0.97,9837,0,0,1.0,False
temporal,ACTION_RAW,0.16,0.98,9837,0,0,1.0,False
temporal,ACTION_RAW,0.16,0.99,9837,0,0,1.0,False
temporal,ACTION_RAW,0.16,1.0,9837,0,0,1.0,False
temporal,ACTION_RAW,0.18,0.0,9837,9837,1278,1.5036394822499316e-41,True
temporal,ACTION_RAW,0.18,0.05,9837,8797,240,0.0,True
temporal,ACTION_RAW,0.18,0.1,9837,8795,240,0.0,True
temporal,ACTION_RAW,0.18,0.15,9837,8782,240,0.0,True
temporal,ACTION_RAW,0.18,0.2,9837,8752,232,0.0,True
temporal,ACTION_RAW,0.18,0.25,9837,4788,86,3.306277163205302e-284,True
temporal,ACTION_RAW,0.18,0.3,9837,63,1,5.513056238525187e-05,True
temporal,ACTION_RAW,0.18,0.35,9837,27,1,0.032621843333337515,False
temporal,ACTION_RAW,0.18,0.4,9837,1,1,1.0,False
temporal,ACTION_RAW,0.18,0.45,9837,1,1,1.0,False
temporal,ACTION_RAW,0.18,0.5,9837,1,1,1.0,False
temporal,ACTION_RAW,0.18,0.55,9837,1,1,1.0,False
temporal,ACTION_RAW,0.18,0.6,9837,1,1,1.0,False
temporal,ACTION_RAW,0.18,0.65,9837,0,0,1.0,False
temporal,ACTION_RAW,0.18,0.7,9837,0,0,1.0,False
temporal,ACTION_RAW,0.18,0.75,9837,0,0,1.0,False
temporal,ACTION_RAW,0.18,0.8,9837,0,0,1.0,False
temporal,ACTION_RAW,0.18,0.85,9837,0,0,1.0,False
temporal,ACTION_RAW,0.18,0.9,9837,0,0,1.0,False
temporal,ACTION_RAW,0.18,0.95,9837,0,0,1.0,False
temporal,ACTION_RAW,0.18,0.96,9837,0,0,1.0,False
temporal,ACTION_RAW,0.18,0.97,9837,0,0,1.0,False
temporal,ACTION_RAW,0.18,0.98,9837,0,0,1.0,False
temporal,ACTION_RAW,0.18,0.99,9837,0,0,1.0,False
temporal,ACTION_RAW,0.18,1.0,9837,0,0,1.0,False
temporal,ACTION_RAW,0.2,0.0,9837,9837,1278,5.893972108472836e-75,True
temporal,ACTION_RAW,0.2,0.05,9837,8797,240,0.0,True
temporal,ACTION_RAW,0.2,0.1,9837,8795,240,0.0,True
temporal,ACTION_RAW,0.2,0.15,9837,8782,240,0.0,True
temporal,ACTION_RAW,0.2,0.2,9837,8752,232,0.0,True
temporal,ACTION_RAW,0.2,0.25,9837,4788,86,0.0,True
temporal,ACTION_RAW,0.2,0.3,9837,63,1,1.3142681758465954e-05,True
temporal,ACTION_RAW,0.2,0.35,9837,27,1,0.018738350204026803,False
temporal,ACTION_RAW,0.2,0.4,9837,1,1,1.0,False
temporal,ACTION_RAW,0.2,0.45,9837,1,1,1.0,False
temporal,ACTION_RAW,0.2,0.5,9837,1,1,1.0,False
temporal,ACTION_RAW,0.2,0.55,9837,1,1,1.0,False
temporal,ACTION_RAW,0.2,0.6,9837,1,1,1.0,False
temporal,ACTION_RAW,0.2,0.65,9837,0,0,1.0,False
temporal,ACTION_RAW,0.2,0.7,9837,0,0,1.0,False
temporal,ACTION_RAW,0.2,0.75,9837,0,0,1.0,False
temporal,ACTION_RAW,0.2,0.8,9837,0,0,1.0,False
temporal,ACTION_RAW,0.2,0.85,9837,0,0,1.0,False
temporal,ACTION_RAW,0.2,0.9,9837,0,0,1.0,False
temporal,ACTION_RAW,0.2,0.95,9837,0,0,1.0,False
temporal,ACTION_RAW,0.2,0.96,9837,0,0,1.0,False
temporal,ACTION_RAW,0.2,0.97,9837,0,0,1.0,False
temporal,ACTION_RAW,0.2,0.98,9837,0,0,1.0,False
temporal,ACTION_RAW,0.2,0.99,9837,0,0,1.0,False
temporal,ACTION_RAW,0.2,1.0,9837,0,0,1.0,False
temporal,SAFETY_RAW,0.01,0.0,9837,9837,1278,1.0,False
temporal,SAFETY_RAW,0.01,0.05,9837,8791,236,1.0,False
temporal,SAFETY_RAW,0.01,0.1,9837,8781,231,1.0,False
temporal,SAFETY_RAW,0.01,0.15,9837,8780,231,1.0,False
temporal,SAFETY_RAW,0.01,0.2,9837,8775,230,1.0,False
temporal,SAFETY_RAW,0.01,0.25,9837,8767,227,1.0,False
temporal,SAFETY_RAW,0.01,0.3,9837,8741,212,1.0,False
temporal,SAFETY_RAW,0.01,0.35,9837,8726,207,1.0,False
temporal,SAFETY_RAW,0.01,0.4,9837,8703,204,1.0,False
temporal,SAFETY_RAW,0.01,0.45,9837,8685,200,1.0,False
temporal,SAFETY_RAW,0.01,0.5,9837,8648,194,1.0,False
temporal,SAFETY_RAW,0.01,0.55,9837,8618,191,1.0,False
temporal,SAFETY_RAW,0.01,0.6,9837,8573,188,1.0,False
temporal,SAFETY_RAW,0.01,0.65,9837,8470,171,1.0,False
temporal,SAFETY_RAW,0.01,0.7,9837,8312,151,0.9999999999938378,False
temporal,SAFETY_RAW,0.01,0.75,9837,7909,141,0.9999999999024214,False
temporal,SAFETY_RAW,0.01,0.8,9837,7735,131,0.9999999916296095,False
temporal,SAFETY_RAW,0.01,0.85,9837,7117,112,0.999997409753214,False
temporal,SAFETY_RAW,0.01,0.9,9837,4887,80,0.9999854851070614,False
temporal,SAFETY_RAW,0.01,0.95,9837,3630,48,0.9750963932388712,False
temporal,SAFETY_RAW,0.01,0.96,9837,3295,40,0.9038574979593931,False
temporal,SAFETY_RAW,0.01,0.97,9837,2545,27,0.6683639904384091,False
temporal,SAFETY_RAW,0.01,0.98,9837,1108,10,0.4497304188670246,False
temporal,SAFETY_RAW,0.01,0.99,9837,192,3,0.8722051341504315,False
temporal,SAFETY_RAW,0.01,1.0,9837,0,0,1.0,False
temporal,SAFETY_RAW,0.05,0.0,9837,9837,1278,1.0,False
temporal,SAFETY_RAW,0.05,0.05,9837,8791,236,1.0324370004498285e-27,True
temporal,SAFETY_RAW,0.05,0.1,9837,8781,231,4.889459262067787e-29,True
temporal,SAFETY_RAW,0.05,0.15,9837,8780,231,5.0120100436475126e-29,True
temporal,SAFETY_RAW,0.05,0.2,9837,8775,230,2.89998684592487e-29,True
temporal,SAFETY_RAW,0.05,0.25,9837,8767,227,4.6161030210838985e-30,True
temporal,SAFETY_RAW,0.05,0.3,9837,8741,212,1.8949517386233573e-34,True
temporal,SAFETY_RAW,0.05,0.35,9837,8726,207,6.259163997877702e-36,True
temporal,SAFETY_RAW,0.05,0.4,9837,8703,204,1.1329074927183551e-36,True
temporal,SAFETY_RAW,0.05,0.45,9837,8685,200,7.753912850012604e-38,True
temporal,SAFETY_RAW,0.05,0.5,9837,8648,194,1.6356709281295936e-39,True
temporal,SAFETY_RAW,0.05,0.55,9837,8618,191,3.146760933151959e-40,True
temporal,SAFETY_RAW,0.05,0.6,9837,8573,188,9.116305817050385e-41,True
temporal,SAFETY_RAW,0.05,0.65,9837,8470,171,4.905389337665005e-46,True
temporal,SAFETY_RAW,0.05,0.7,9837,8312,151,1.898446568754435e-52,True
temporal,SAFETY_RAW,0.05,0.75,9837,7909,141,3.207193486078417e-51,True
temporal,SAFETY_RAW,0.05,0.8,9837,7735,131,2.119737582379135e-53,True
temporal,SAFETY_RAW,0.05,0.85,9837,7117,112,1.4978721805823428e-53,True
temporal,SAFETY_RAW,0.05,0.9,9837,4887,80,9.663829846647341e-36,True
temporal,SAFETY_RAW,0.05,0.95,9837,3630,48,3.381445677828453e-33,True
temporal,SAFETY_RAW,0.05,0.96,9837,3295,40,1.8320142731184635e-32,True
temporal,SAFETY_RAW,0.05,0.97,9837,2545,27,5.427131157709417e-28,True
temporal,SAFETY_RAW,0.05,0.98,9837,1108,10,3.0114768015791686e-14,True
temporal,SAFETY_RAW,0.05,0.99,9837,192,3,0.01221601089194572,False
temporal,SAFETY_RAW,0.05,1.0,9837,0,0,1.0,False
temporal,SAFETY_RAW,0.1,0.0,9837,9837,1278,1.0,False
temporal,SAFETY_RAW,0.1,0.05,9837,8791,236,9.542582580463941e-158,True
temporal,SAFETY_RAW,0.1,0.1,9837,8781,231,1.879260648062639e-160,True
temporal,SAFETY_RAW,0.1,0.15,9837,8780,231,2.0332131183273584e-160,True
temporal,SAFETY_RAW,0.1,0.2,9837,8775,230,7.322610428761425e-161,True
temporal,SAFETY_RAW,0.1,0.25,9837,8767,227,1.926147935352192e-162,True
temporal,SAFETY_RAW,0.1,0.3,9837,8741,212,4.566502917725712e-171,True
temporal,SAFETY_RAW,0.1,0.35,9837,8726,207,8.2017193218478e-174,True
temporal,SAFETY_RAW,0.1,0.4,9837,8703,204,5.509391183078759e-175,True
temporal,SAFETY_RAW,0.1,0.45,9837,8685,200,5.073815313495419e-177,True
temporal,SAFETY_RAW,0.1,0.5,9837,8648,194,9.063419865807893e-180,True
temporal,SAFETY_RAW,0.1,0.55,9837,8618,191,9.44165263925339e-181,True
temporal,SAFETY_RAW,0.1,0.6,9837,8573,188,3.3298120977462527e-181,True
temporal,SAFETY_RAW,0.1,0.65,9837,8470,171,1.4841527122637692e-189,True
temporal,SAFETY_RAW,0.1,0.7,9837,8312,151,9.91835228114405e-199,True
temporal,SAFETY_RAW,0.1,0.75,9837,7909,141,2.784486527631688e-191,True
temporal,SAFETY_RAW,0.1,0.8,9837,7735,131,1.2960564346391712e-192,True
temporal,SAFETY_RAW,0.1,0.85,9837,7117,112,2.073112685061874e-184,True
temporal,SAFETY_RAW,0.1,0.9,9837,4887,80,1.2598814729140283e-124,True
temporal,SAFETY_RAW,0.1,0.95,9837,3630,48,6.285769629257211e-103,True
temporal,SAFETY_RAW,0.1,0.96,9837,3295,40,6.448173507492236e-97,True
temporal,SAFETY_RAW,0.1,0.97,9837,2545,27,4.819397701236328e-79,True
temporal,SAFETY_RAW,0.1,0.98,9837,1108,10,4.6024169987912365e-37,True
temporal,SAFETY_RAW,0.1,0.99,9837,192,3,3.018395013780081e-06,True
temporal,SAFETY_RAW,0.1,1.0,9837,0,0,1.0,False
temporal,SAFETY_RAW,0.12,0.0,9837,9837,1278,0.9986990625234666,False
temporal,SAFETY_RAW,0.12,0.05,9837,8791,236,1.3974564518837674e-222,True
temporal,SAFETY_RAW,0.12,0.1,9837,8781,231,1.2394565846653872e-225,True
temporal,SAFETY_RAW,0.12,0.15,9837,8780,231,1.3714604838848988e-225,True
temporal,SAFETY_RAW,0.12,0.2,9837,8775,230,4.504516902155038e-226,True
temporal,SAFETY_RAW,0.12,0.25,9837,8767,227,7.679331512546921e-228,True
temporal,SAFETY_RAW,0.12,0.3,9837,8741,212,1.520020662204796e-237,True
temporal,SAFETY_RAW,0.12,0.35,9837,8726,207,1.375600608816584e-240,True
temporal,SAFETY_RAW,0.12,0.4,9837,8703,204,8.388324008890945e-242,True
temporal,SAFETY_RAW,0.12,0.45,9837,8685,200,5.1085622171894014e-244,True
temporal,SAFETY_RAW,0.12,0.5,9837,8648,194,6.143399904439185e-247,True
temporal,SAFETY_RAW,0.12,0.55,9837,8618,191,6.7989896250225695e-248,True
temporal,SAFETY_RAW,0.12,0.6,9837,8573,188,3.568210001155699e-248,True
temporal,SAFETY_RAW,0.12,0.65,9837,8470,171,4.973959447259992e-257,True
temporal,SAFETY_RAW,0.12,0.7,9837,8312,151,1.9366183661834625e-266,True
temporal,SAFETY_RAW,0.12,0.75,9837,7909,141,6.018744244349537e-256,True
temporal,SAFETY_RAW,0.12,0.8,9837,7735,131,1.8075757791809528e-256,True
temporal,SAFETY_RAW,0.12,0.85,9837,7117,112,6.367866987440985e-244,True
temporal,SAFETY_RAW,0.12,0.9,9837,4887,80,3.201967063800202e-165,True
temporal,SAFETY_RAW,0.12,0.95,9837,3630,48,4.25104249886105e-134,True
temporal,SAFETY_RAW,0.12,0.96,9837,3295,40,1.5797683157990517e-125,True
temporal,SAFETY_RAW,0.12,0.97,9837,2545,27,1.7265508639926053e-101,True
temporal,SAFETY_RAW,0.12,0.98,9837,1108,10,5.388938060066112e-47,True
temporal,SAFETY_RAW,0.12,0.99,9837,192,3,7.258821604403661e-08,True
temporal,SAFETY_RAW,0.12,1.0,9837,0,0,1.0,False
temporal,SAFETY_RAW,0.14,0.0,9837,9837,1278,0.0019051745589981053,True
temporal,SAFETY_RAW,0.14,0.05,9837,8791,236,3.2530795148565805e-292,True
temporal,SAFETY_RAW,0.14,0.1,9837,8781,231,1.4990462056003082e-295,True
temporal,SAFETY_RAW,0.14,0.15,9837,8780,231,1.6972616194916776e-295,True
temporal,SAFETY_RAW,0.14,0.2,9837,8775,230,5.239431540074986e-296,True
temporal,SAFETY_RAW,0.14,0.25,9837,8767,227,6.3138965539055275e-298,True
temporal,SAFETY_RAW,0.14,0.3,9837,8741,212,1.5986329390424563e-308,True
temporal,SAFETY_RAW,0.14,0.35,9837,8726,207,8.43165600843e-312,True
temporal,SAFETY_RAW,0.14,0.4,9837,8703,204,5.13047250133e-313,True
temporal,SAFETY_RAW,0.14,0.45,9837,8685,200,2.328565865e-315,True
temporal,SAFETY_RAW,0.14,0.5,9837,8648,194,2.267154e-318,True
temporal,SAFETY_RAW,0.14,0.55,9837,8618,191,2.94073e-319,True
temporal,SAFETY_RAW,0.14,0.6,9837,8573,188,2.5535e-319,True
temporal,SAFETY_RAW,0.14,0.65,9837,8470,171,0.0,True
temporal,SAFETY_RAW,0.14,0.7,9837,8312,151,0.0,True
temporal,SAFETY_RAW,0.14,0.75,9837,7909,141,5e-324,True
temporal,SAFETY_RAW,0.14,0.8,9837,7735,131,1.5e-323,True
temporal,SAFETY_RAW,0.14,0.85,9837,7117,112,2.2559336188879703e-306,True
temporal,SAFETY_RAW,0.14,0.9,9837,4887,80,7.2003846713861784e-208,True
temporal,SAFETY_RAW,0.14,0.95,9837,3630,48,1.1772892271579312e-166,True
temporal,SAFETY_RAW,0.14,0.96,9837,3295,40,2.34928247064803e-155,True
temporal,SAFETY_RAW,0.14,0.97,9837,2545,27,7.916595653414214e-125,True
temporal,SAFETY_RAW,0.14,0.98,9837,1108,10,2.712399233961925e-57,True
temporal,SAFETY_RAW,0.14,0.99,9837,192,3,1.466471064479592e-09,True
temporal,SAFETY_RAW,0.14,1.0,9837,0,0,1.0,False
temporal,SAFETY_RAW,0.16,0.0,9837,9837,1278,3.505868595513857e-17,True
temporal,SAFETY_RAW,0.16,0.05,9837,8791,236,0.0,True
temporal,SAFETY_RAW,0.16,0.1,9837,8781,231,0.0,True
temporal,SAFETY_RAW,0.16,0.15,9837,8780,231,0.0,True
temporal,SAFETY_RAW,0.16,0.2,9837,8775,230,0.0,True
temporal,SAFETY_RAW,0.16,0.25,9837,8767,227,0.0,True
temporal,SAFETY_RAW,0.16,0.3,9837,8741,212,0.0,True
temporal,SAFETY_RAW,0.16,0.35,9837,8726,207,0.0,True
temporal,SAFETY_RAW,0.16,0.4,9837,8703,204,0.0,True
temporal,SAFETY_RAW,0.16,0.45,9837,8685,200,0.0,True
temporal,SAFETY_RAW,0.16,0.5,9837,8648,194,0.0,True
temporal,SAFETY_RAW,0.16,0.55,9837,8618,191,0.0,True
temporal,SAFETY_RAW,0.16,0.6,9837,8573,188,0.0,True
temporal,SAFETY_RAW,0.16,0.65,9837,8470,171,0.0,True
temporal,SAFETY_RAW,0.16,0.7,9837,8312,151,0.0,True
temporal,SAFETY_RAW,0.16,0.75,9837,7909,141,0.0,True
temporal,SAFETY_RAW,0.16,0.8,9837,7735,131,0.0,True
temporal,SAFETY_RAW,0.16,0.85,9837,7117,112,0.0,True
temporal,SAFETY_RAW,0.16,0.9,9837,4887,80,2.3231519045075336e-252,True
temporal,SAFETY_RAW,0.16,0.95,9837,3630,48,1.7532510526658858e-200,True
temporal,SAFETY_RAW,0.16,0.96,9837,3295,40,2.6431944541750483e-186,True
temporal,SAFETY_RAW,0.16,0.97,9837,2545,27,5.346373669488386e-149,True
temporal,SAFETY_RAW,0.16,0.98,9837,1108,10,6.151074558866841e-68,True
temporal,SAFETY_RAW,0.16,0.99,9837,192,3,2.526630467255842e-11,True
temporal,SAFETY_RAW,0.16,1.0,9837,0,0,1.0,False
temporal,SAFETY_RAW,0.18,0.0,9837,9837,1278,1.5036394822499316e-41,True
temporal,SAFETY_RAW,0.18,0.05,9837,8791,236,0.0,True
temporal,SAFETY_RAW,0.18,0.1,9837,8781,231,0.0,True
temporal,SAFETY_RAW,0.18,0.15,9837,8780,231,0.0,True
temporal,SAFETY_RAW,0.18,0.2,9837,8775,230,0.0,True
temporal,SAFETY_RAW,0.18,0.25,9837,8767,227,0.0,True
temporal,SAFETY_RAW,0.18,0.3,9837,8741,212,0.0,True
temporal,SAFETY_RAW,0.18,0.35,9837,8726,207,0.0,True
temporal,SAFETY_RAW,0.18,0.4,9837,8703,204,0.0,True
temporal,SAFETY_RAW,0.18,0.45,9837,8685,200,0.0,True
temporal,SAFETY_RAW,0.18,0.5,9837,8648,194,0.0,True
temporal,SAFETY_RAW,0.18,0.55,9837,8618,191,0.0,True
temporal,SAFETY_RAW,0.18,0.6,9837,8573,188,0.0,True
temporal,SAFETY_RAW,0.18,0.65,9837,8470,171,0.0,True
temporal,SAFETY_RAW,0.18,0.7,9837,8312,151,0.0,True
temporal,SAFETY_RAW,0.18,0.75,9837,7909,141,0.0,True
temporal,SAFETY_RAW,0.18,0.8,9837,7735,131,0.0,True
temporal,SAFETY_RAW,0.18,0.85,9837,7117,112,0.0,True
temporal,SAFETY_RAW,0.18,0.9,9837,4887,80,1.3979418273879199e-298,True
temporal,SAFETY_RAW,0.18,0.95,9837,3630,48,1.6131361955052355e-235,True
temporal,SAFETY_RAW,0.18,0.96,9837,3295,40,2.507923924226395e-218,True
temporal,SAFETY_RAW,0.18,0.97,9837,2545,27,5.67307215085132e-174,True
temporal,SAFETY_RAW,0.18,0.98,9837,1108,10,6.405979149426676e-79,True
temporal,SAFETY_RAW,0.18,0.99,9837,192,3,3.7424821260091924e-13,True
temporal,SAFETY_RAW,0.18,1.0,9837,0,0,1.0,False
temporal,SAFETY_RAW,0.2,0.0,9837,9837,1278,5.893972108472836e-75,True
temporal,SAFETY_RAW,0.2,0.05,9837,8791,236,0.0,True
temporal,SAFETY_RAW,0.2,0.1,9837,8781,231,0.0,True
temporal,SAFETY_RAW,0.2,0.15,9837,8780,231,0.0,True
temporal,SAFETY_RAW,0.2,0.2,9837,8775,230,0.0,True
temporal,SAFETY_RAW,0.2,0.25,9837,8767,227,0.0,True
temporal,SAFETY_RAW,0.2,0.3,9837,8741,212,0.0,True
temporal,SAFETY_RAW,0.2,0.35,9837,8726,207,0.0,True
temporal,SAFETY_RAW,0.2,0.4,9837,8703,204,0.0,True
temporal,SAFETY_RAW,0.2,0.45,9837,8685,200,0.0,True
temporal,SAFETY_RAW,0.2,0.5,9837,8648,194,0.0,True
temporal,SAFETY_RAW,0.2,0.55,9837,8618,191,0.0,True
temporal,SAFETY_RAW,0.2,0.6,9837,8573,188,0.0,True
temporal,SAFETY_RAW,0.2,0.65,9837,8470,171,0.0,True
temporal,SAFETY_RAW,0.2,0.7,9837,8312,151,0.0,True
temporal,SAFETY_RAW,0.2,0.75,9837,7909,141,0.0,True
temporal,SAFETY_RAW,0.2,0.8,9837,7735,131,0.0,True
temporal,SAFETY_RAW,0.2,0.85,9837,7117,112,0.0,True
temporal,SAFETY_RAW,0.2,0.9,9837,4887,80,0.0,True
temporal,SAFETY_RAW,0.2,0.95,9837,3630,48,9.721320798638692e-272,True
temporal,SAFETY_RAW,0.2,0.96,9837,3295,40,2.0908018318237568e-251,True
temporal,SAFETY_RAW,0.2,0.97,9837,2545,27,9.635566597881317e-200,True
temporal,SAFETY_RAW,0.2,0.98,9837,1108,10,3.0696655854648574e-90,True
temporal,SAFETY_RAW,0.2,0.99,9837,192,3,4.78336996448994e-15,True
temporal,SAFETY_RAW,0.2,1.0,9837,0,0,1.0,False
temporal,SAFETY_RAW_GATE,0.01,0.0,9837,8701,238,1.0,False
temporal,SAFETY_RAW_GATE,0.01,0.05,9837,8693,234,1.0,False
temporal,SAFETY_RAW_GATE,0.01,0.1,9837,8683,229,1.0,False
temporal,SAFETY_RAW_GATE,0.01,0.15,9837,8682,229,1.0,False
temporal,SAFETY_RAW_GATE,0.01,0.2,9837,8677,228,1.0,False
temporal,SAFETY_RAW_GATE,0.01,0.25,9837,8669,225,1.0,False
temporal,SAFETY_RAW_GATE,0.01,0.3,9837,8643,210,1.0,False
temporal,SAFETY_RAW_GATE,0.01,0.35,9837,8629,205,1.0,False
temporal,SAFETY_RAW_GATE,0.01,0.4,9837,8606,202,1.0,False
temporal,SAFETY_RAW_GATE,0.01,0.45,9837,8589,199,1.0,False
temporal,SAFETY_RAW_GATE,0.01,0.5,9837,8553,193,1.0,False
temporal,SAFETY_RAW_GATE,0.01,0.55,9837,8523,190,1.0,False
temporal,SAFETY_RAW_GATE,0.01,0.6,9837,8478,187,1.0,False
temporal,SAFETY_RAW_GATE,0.01,0.65,9837,8375,170,1.0,False
temporal,SAFETY_RAW_GATE,0.01,0.7,9837,8217,150,0.999999999994908,False
temporal,SAFETY_RAW_GATE,0.01,0.75,9837,7815,140,0.9999999999175994,False
temporal,SAFETY_RAW_GATE,0.01,0.8,9837,7645,130,0.9999999924703696,False
temporal,SAFETY_RAW_GATE,0.01,0.85,9837,7040,111,0.9999973820848286,False
temporal,SAFETY_RAW_GATE,0.01,0.9,9837,4832,80,0.9999901425262624,False
temporal,SAFETY_RAW_GATE,0.01,0.95,9837,3596,48,0.978392072798347,False
temporal,SAFETY_RAW_GATE,0.01,0.96,9837,3266,40,0.9125683433430992,False
temporal,SAFETY_RAW_GATE,0.01,0.97,9837,2520,27,0.6865685907770634,False
temporal,SAFETY_RAW_GATE,0.01,0.98,9837,1085,10,0.4773957481022093,False
temporal,SAFETY_RAW_GATE,0.01,0.99,9837,169,3,0.9092806913601666,False
temporal,SAFETY_RAW_GATE,0.01,1.0,9837,0,0,1.0,False
temporal,SAFETY_RAW_GATE,0.05,0.0,9837,8701,238,3.200343151885928e-26,True
temporal,SAFETY_RAW_GATE,0.05,0.05,9837,8693,234,3.0228672910686986e-27,True
temporal,SAFETY_RAW_GATE,0.05,0.1,9837,8683,229,1.4495814444229454e-28,True
temporal,SAFETY_RAW_GATE,0.05,0.15,9837,8682,229,1.4858155237723768e-28,True
temporal,SAFETY_RAW_GATE,0.05,0.2,9837,8677,228,8.61602362789453e-29,True
temporal,SAFETY_RAW_GATE,0.05,0.25,9837,8669,225,1.3809498845882515e-29,True
temporal,SAFETY_RAW_GATE,0.05,0.3,9837,8643,210,5.843830863180554e-34,True
temporal,SAFETY_RAW_GATE,0.05,0.35,9837,8629,205,1.8930893249636157e-35,True
temporal,SAFETY_RAW_GATE,0.05,0.4,9837,8606,202,3.4385080868766887e-36,True
temporal,SAFETY_RAW_GATE,0.05,0.45,9837,8589,199,5.122804868468284e-37,True
temporal,SAFETY_RAW_GATE,0.05,0.5,9837,8553,193,1.0840145096281264e-38,True
temporal,SAFETY_RAW_GATE,0.05,0.55,9837,8523,190,2.114570178002889e-39,True
temporal,SAFETY_RAW_GATE,0.05,0.6,9837,8478,187,6.199188824898359e-40,True
temporal,SAFETY_RAW_GATE,0.05,0.65,9837,8375,170,3.6299241300742376e-45,True
temporal,SAFETY_RAW_GATE,0.05,0.7,9837,8217,150,1.534857498036334e-51,True
temporal,SAFETY_RAW_GATE,0.05,0.75,9837,7815,140,2.5430696089388767e-50,True
temporal,SAFETY_RAW_GATE,0.05,0.8,9837,7645,130,1.5155329408425102e-52,True
temporal,SAFETY_RAW_GATE,0.05,0.85,9837,7040,111,7.000032299402946e-53,True
temporal,SAFETY_RAW_GATE,0.05,0.9,9837,4832,80,6.549018230576767e-35,True
temporal,SAFETY_RAW_GATE,0.05,0.95,9837,3596,48,1.2315026099962295e-32,True
temporal,SAFETY_RAW_GATE,0.05,0.96,9837,3266,40,5.696670749357699e-32,True
temporal,SAFETY_RAW_GATE,0.05,0.97,9837,2520,27,1.5004269311206017e-27,True
temporal,SAFETY_RAW_GATE,0.05,0.98,9837,1085,10,7.970984569992627e-14,True
temporal,SAFETY_RAW_GATE,0.05,0.99,9837,169,3,0.028266656667507113,False
temporal,SAFETY_RAW_GATE,0.05,1.0,9837,0,0,1.0,False
temporal,SAFETY_RAW_GATE,0.1,0.0,9837,8701,238,1.6860863184108378e-153,True
temporal,SAFETY_RAW_GATE,0.1,0.05,9837,8693,234,1.2515746849949945e-155,True
temporal,SAFETY_RAW_GATE,0.1,0.1,9837,8683,229,2.496333126376013e-158,True
temporal,SAFETY_RAW_GATE,0.1,0.15,9837,8682,229,2.7006541321548773e-158,True
temporal,SAFETY_RAW_GATE,0.1,0.2,9837,8677,228,9.748260599584671e-159,True
temporal,SAFETY_RAW_GATE,0.1,0.25,9837,8669,225,2.5822448857543874e-160,True
temporal,SAFETY_RAW_GATE,0.1,0.3,9837,8643,210,6.314622647062513e-169,True
temporal,SAFETY_RAW_GATE,0.1,0.35,9837,8629,205,1.0540160965582684e-171,True
temporal,SAFETY_RAW_GATE,0.1,0.4,9837,8606,202,7.105653039415959e-173,True
temporal,SAFETY_RAW_GATE,0.1,0.45,9837,8589,199,2.8415373853702967e-174,True
temporal,SAFETY_RAW_GATE,0.1,0.5,9837,8553,193,4.825143615550661e-177,True
temporal,SAFETY_RAW_GATE,0.1,0.55,9837,8523,190,5.097150183156489e-178,True
temporal,SAFETY_RAW_GATE,0.1,0.6,9837,8478,187,1.8192391173676594e-178,True
temporal,SAFETY_RAW_GATE,0.1,0.65,9837,8375,170,8.829095876001571e-187,True
temporal,SAFETY_RAW_GATE,0.1,0.7,9837,8217,150,6.450322228424824e-196,True
temporal,SAFETY_RAW_GATE,0.1,0.75,9837,7815,140,1.6826574419605646e-188,True
temporal,SAFETY_RAW_GATE,0.1,0.8,9837,7645,130,5.69070201792677e-190,True
temporal,SAFETY_RAW_GATE,0.1,0.85,9837,7040,111,2.9482520360390934e-182,True
temporal,SAFETY_RAW_GATE,0.1,0.9,9837,4832,80,1.664976861766317e-122,True
temporal,SAFETY_RAW_GATE,0.1,0.95,9837,3596,48,1.4362157160146707e-101,True
temporal,SAFETY_RAW_GATE,0.1,0.96,9837,3266,40,9.602761570876557e-96,True
temporal,SAFETY_RAW_GATE,0.1,0.97,9837,2520,27,5.140873823224182e-78,True
temporal,SAFETY_RAW_GATE,0.1,0.98,9837,1085,10,4.2144875916510466e-36,True
temporal,SAFETY_RAW_GATE,0.1,0.99,9837,169,3,2.365216728189799e-05,True
temporal,SAFETY_RAW_GATE,0.1,1.0,9837,0,0,1.0,False
temporal,SAFETY_RAW_GATE,0.12,0.0,9837,8701,238,2.8065514708273573e-217,True
temporal,SAFETY_RAW_GATE,0.12,0.05,9837,8693,234,1.1005756322085047e-219,True
temporal,SAFETY_RAW_GATE,0.12,0.1,9837,8683,229,9.886584463855787e-223,True
temporal,SAFETY_RAW_GATE,0.12,0.15,9837,8682,229,1.0938776483278252e-222,True
temporal,SAFETY_RAW_GATE,0.12,0.2,9837,8677,228,3.6008940968710475e-223,True
temporal,SAFETY_RAW_GATE,0.12,0.25,9837,8669,225,6.182115628962659e-225,True
temporal,SAFETY_RAW_GATE,0.12,0.3,9837,8643,210,1.2622455971931405e-234,True
temporal,SAFETY_RAW_GATE,0.12,0.35,9837,8629,205,1.0380456281592759e-237,True
temporal,SAFETY_RAW_GATE,0.12,0.4,9837,8606,202,6.352741697493348e-239,True
temporal,SAFETY_RAW_GATE,0.12,0.45,9837,8589,199,2.0153843683198985e-240,True
temporal,SAFETY_RAW_GATE,0.12,0.5,9837,8553,193,2.2527850631278298e-243,True
temporal,SAFETY_RAW_GATE,0.12,0.55,9837,8523,190,2.5282524785037227e-244,True
temporal,SAFETY_RAW_GATE,0.12,0.6,9837,8478,187,1.3428270679006447e-244,True
temporal,SAFETY_RAW_GATE,0.12,0.65,9837,8375,170,2.0382845000846308e-253,True
temporal,SAFETY_RAW_GATE,0.12,0.7,9837,8217,150,8.676371401451837e-263,True
temporal,SAFETY_RAW_GATE,0.12,0.75,9837,7815,140,2.4499176801126363e-252,True
temporal,SAFETY_RAW_GATE,0.12,0.8,9837,7645,130,4.886680052171465e-253,True
temporal,SAFETY_RAW_GATE,0.12,0.85,9837,7040,111,4.163637637836372e-241,True
temporal,SAFETY_RAW_GATE,0.12,0.9,9837,4832,80,1.455798443074831e-162,True
temporal,SAFETY_RAW_GATE,0.12,0.95,9837,3596,48,2.084852281847055e-132,True
temporal,SAFETY_RAW_GATE,0.12,0.96,9837,3266,40,4.5132622552175904e-124,True
temporal,SAFETY_RAW_GATE,0.12,0.97,9837,2520,27,3.229442132711939e-100,True
temporal,SAFETY_RAW_GATE,0.12,0.98,9837,1085,10,8.27140912610602e-46,True
temporal,SAFETY_RAW_GATE,0.12,0.99,9837,169,3,9.500674934530039e-07,True
temporal,SAFETY_RAW_GATE,0.12,1.0,9837,0,0,1.0,False
temporal,SAFETY_RAW_GATE,0.14,0.0,9837,8701,238,7.364665282744509e-286,True
temporal,SAFETY_RAW_GATE,0.14,0.05,9837,8693,234,1.710443761920178e-288,True
temporal,SAFETY_RAW_GATE,0.14,0.1,9837,8683,229,7.9830339487080155e-292,True
temporal,SAFETY_RAW_GATE,0.14,0.15,9837,8682,229,9.037997111051372e-292,True
temporal,SAFETY_RAW_GATE,0.14,0.2,9837,8677,228,2.7963094716259214e-292,True
temporal,SAFETY_RAW_GATE,0.14,0.25,9837,8669,225,3.393542376044435e-294,True
temporal,SAFETY_RAW_GATE,0.14,0.3,9837,8643,210,8.863415699309972e-305,True
temporal,SAFETY_RAW_GATE,0.14,0.35,9837,8629,205,4.1516219227532966e-308,True
temporal,SAFETY_RAW_GATE,0.14,0.4,9837,8606,202,2.535284542513117e-309,True
temporal,SAFETY_RAW_GATE,0.14,0.45,9837,8589,199,6.991890023461e-311,True
temporal,SAFETY_RAW_GATE,0.14,0.5,9837,8553,193,6.183894642e-314,True
temporal,SAFETY_RAW_GATE,0.14,0.55,9837,8523,190,8.13396279e-315,True
temporal,SAFETY_RAW_GATE,0.14,0.6,9837,8478,187,7.147856505e-315,True
temporal,SAFETY_RAW_GATE,0.14,0.65,9837,8375,170,5e-324,True
temporal,SAFETY_RAW_GATE,0.14,0.7,9837,8217,150,0.0,True
temporal,SAFETY_RAW_GATE,0.14,0.75,9837,7815,140,1.3246e-319,True
temporal,SAFETY_RAW_GATE,0.14,0.8,9837,7645,130,2.24167e-319,True
temporal,SAFETY_RAW_GATE,0.14,0.85,9837,7040,111,7.255033416153578e-303,True
temporal,SAFETY_RAW_GATE,0.14,0.9,9837,4832,80,1.1589020652008712e-204,True
temporal,SAFETY_RAW_GATE,0.14,0.95,9837,3596,48,1.2613831879507429e-164,True
temporal,SAFETY_RAW_GATE,0.14,0.96,9837,3266,40,1.3070963827420387e-153,True
temporal,SAFETY_RAW_GATE,0.14,0.97,9837,2520,27,2.6304397857987945e-123,True
temporal,SAFETY_RAW_GATE,0.14,0.98,9837,1085,10,7.06245944968543e-56,True
temporal,SAFETY_RAW_GATE,0.14,0.99,9837,169,3,3.2479344979232086e-08,True
temporal,SAFETY_RAW_GATE,0.14,1.0,9837,0,0,1.0,False
temporal,SAFETY_RAW_GATE,0.16,0.0,9837,8701,238,0.0,True
temporal,SAFETY_RAW_GATE,0.16,0.05,9837,8693,234,0.0,True
temporal,SAFETY_RAW_GATE,0.16,0.1,9837,8683,229,0.0,True
temporal,SAFETY_RAW_GATE,0.16,0.15,9837,8682,229,0.0,True
temporal,SAFETY_RAW_GATE,0.16,0.2,9837,8677,228,0.0,True
temporal,SAFETY_RAW_GATE,0.16,0.25,9837,8669,225,0.0,True
temporal,SAFETY_RAW_GATE,0.16,0.3,9837,8643,210,0.0,True
temporal,SAFETY_RAW_GATE,0.16,0.35,9837,8629,205,0.0,True
temporal,SAFETY_RAW_GATE,0.16,0.4,9837,8606,202,0.0,True
temporal,SAFETY_RAW_GATE,0.16,0.45,9837,8589,199,0.0,True
temporal,SAFETY_RAW_GATE,0.16,0.5,9837,8553,193,0.0,True
temporal,SAFETY_RAW_GATE,0.16,0.55,9837,8523,190,0.0,True
temporal,SAFETY_RAW_GATE,0.16,0.6,9837,8478,187,0.0,True
temporal,SAFETY_RAW_GATE,0.16,0.65,9837,8375,170,0.0,True
temporal,SAFETY_RAW_GATE,0.16,0.7,9837,8217,150,0.0,True
temporal,SAFETY_RAW_GATE,0.16,0.75,9837,7815,140,0.0,True
temporal,SAFETY_RAW_GATE,0.16,0.8,9837,7645,130,0.0,True
temporal,SAFETY_RAW_GATE,0.16,0.85,9837,7040,111,0.0,True
temporal,SAFETY_RAW_GATE,0.16,0.9,9837,4832,80,1.363741534038475e-248,True
temporal,SAFETY_RAW_GATE,0.16,0.95,9837,3596,48,4.1802444053465585e-198,True
temporal,SAFETY_RAW_GATE,0.16,0.96,9837,3266,40,2.909431723285341e-184,True
temporal,SAFETY_RAW_GATE,0.16,0.97,9837,2520,27,3.198759253084578e-147,True
temporal,SAFETY_RAW_GATE,0.16,0.98,9837,1085,10,2.751136476773576e-66,True
temporal,SAFETY_RAW_GATE,0.16,0.99,9837,169,3,9.594643928356722e-10,True
temporal,SAFETY_RAW_GATE,0.16,1.0,9837,0,0,1.0,False
temporal,SAFETY_RAW_GATE,0.18,0.0,9837,8701,238,0.0,True
temporal,SAFETY_RAW_GATE,0.18,0.05,9837,8693,234,0.0,True
temporal,SAFETY_RAW_GATE,0.18,0.1,9837,8683,229,0.0,True
temporal,SAFETY_RAW_GATE,0.18,0.15,9837,8682,229,0.0,True
temporal,SAFETY_RAW_GATE,0.18,0.2,9837,8677,228,0.0,True
temporal,SAFETY_RAW_GATE,0.18,0.25,9837,8669,225,0.0,True
temporal,SAFETY_RAW_GATE,0.18,0.3,9837,8643,210,0.0,True
temporal,SAFETY_RAW_GATE,0.18,0.35,9837,8629,205,0.0,True
temporal,SAFETY_RAW_GATE,0.18,0.4,9837,8606,202,0.0,True
temporal,SAFETY_RAW_GATE,0.18,0.45,9837,8589,199,0.0,True
temporal,SAFETY_RAW_GATE,0.18,0.5,9837,8553,193,0.0,True
temporal,SAFETY_RAW_GATE,0.18,0.55,9837,8523,190,0.0,True
temporal,SAFETY_RAW_GATE,0.18,0.6,9837,8478,187,0.0,True
temporal,SAFETY_RAW_GATE,0.18,0.65,9837,8375,170,0.0,True
temporal,SAFETY_RAW_GATE,0.18,0.7,9837,8217,150,0.0,True
temporal,SAFETY_RAW_GATE,0.18,0.75,9837,7815,140,0.0,True
temporal,SAFETY_RAW_GATE,0.18,0.8,9837,7645,130,0.0,True
temporal,SAFETY_RAW_GATE,0.18,0.85,9837,7040,111,0.0,True
temporal,SAFETY_RAW_GATE,0.18,0.9,9837,4832,80,3.0879755346369297e-294,True
temporal,SAFETY_RAW_GATE,0.18,0.95,9837,3596,48,8.725880642093877e-233,True
temporal,SAFETY_RAW_GATE,0.18,0.96,9837,3266,40,5.552052138709302e-216,True
temporal,SAFETY_RAW_GATE,0.18,0.97,9837,2520,27,6.19927069778588e-172,True
temporal,SAFETY_RAW_GATE,0.18,0.98,9837,1085,10,4.986417010840045e-77,True
temporal,SAFETY_RAW_GATE,0.18,0.99,9837,169,3,2.4698219574489975e-11,True
temporal,SAFETY_RAW_GATE,0.18,1.0,9837,0,0,1.0,False
temporal,SAFETY_RAW_GATE,0.2,0.0,9837,8701,238,0.0,True
temporal,SAFETY_RAW_GATE,0.2,0.05,9837,8693,234,0.0,True
temporal,SAFETY_RAW_GATE,0.2,0.1,9837,8683,229,0.0,True
temporal,SAFETY_RAW_GATE,0.2,0.15,9837,8682,229,0.0,True
temporal,SAFETY_RAW_GATE,0.2,0.2,9837,8677,228,0.0,True
temporal,SAFETY_RAW_GATE,0.2,0.25,9837,8669,225,0.0,True
temporal,SAFETY_RAW_GATE,0.2,0.3,9837,8643,210,0.0,True
temporal,SAFETY_RAW_GATE,0.2,0.35,9837,8629,205,0.0,True
temporal,SAFETY_RAW_GATE,0.2,0.4,9837,8606,202,0.0,True
temporal,SAFETY_RAW_GATE,0.2,0.45,9837,8589,199,0.0,True
temporal,SAFETY_RAW_GATE,0.2,0.5,9837,8553,193,0.0,True
temporal,SAFETY_RAW_GATE,0.2,0.55,9837,8523,190,0.0,True
temporal,SAFETY_RAW_GATE,0.2,0.6,9837,8478,187,0.0,True
temporal,SAFETY_RAW_GATE,0.2,0.65,9837,8375,170,0.0,True
temporal,SAFETY_RAW_GATE,0.2,0.7,9837,8217,150,0.0,True
temporal,SAFETY_RAW_GATE,0.2,0.75,9837,7815,140,0.0,True
temporal,SAFETY_RAW_GATE,0.2,0.8,9837,7645,130,0.0,True
temporal,SAFETY_RAW_GATE,0.2,0.85,9837,7040,111,0.0,True
temporal,SAFETY_RAW_GATE,0.2,0.9,9837,4832,80,0.0,True
temporal,SAFETY_RAW_GATE,0.2,0.95,9837,3596,48,1.2174195199243725e-268,True
temporal,SAFETY_RAW_GATE,0.2,0.96,9837,3266,40,9.471410020799624e-249,True
temporal,SAFETY_RAW_GATE,0.2,0.97,9837,2520,27,1.9519465322913003e-197,True
temporal,SAFETY_RAW_GATE,0.2,0.98,9837,1085,10,4.2159268896954946e-88,True
temporal,SAFETY_RAW_GATE,0.2,0.99,9837,169,3,5.56342849005552e-13,True
temporal,SAFETY_RAW_GATE,0.2,1.0,9837,0,0,1.0,False
ood_exposure,ACTION_RAW,0.01,0.0,10194,10194,1615,1.0,False
ood_exposure,ACTION_RAW,0.01,0.05,10194,8972,393,1.0,False
ood_exposure,ACTION_RAW,0.01,0.1,10194,8968,393,1.0,False
ood_exposure,ACTION_RAW,0.01,0.15,10194,8957,389,1.0,False
ood_exposure,ACTION_RAW,0.01,0.2,10194,8909,385,1.0,False
ood_exposure,ACTION_RAW,0.01,0.25,10194,4129,165,1.0,False
ood_exposure,ACTION_RAW,0.01,0.3,10194,129,10,0.9999999098674819,False
ood_exposure,ACTION_RAW,0.01,0.35,10194,27,2,0.9975558934294058,False
ood_exposure,ACTION_RAW,0.01,0.4,10194,9,1,0.9965642699821537,False
ood_exposure,ACTION_RAW,0.01,0.45,10194,2,0,0.9801,False
ood_exposure,ACTION_RAW,0.01,0.5,10194,2,0,0.9801,False
ood_exposure,ACTION_RAW,0.01,0.55,10194,2,0,0.9801,False
ood_exposure,ACTION_RAW,0.01,0.6,10194,2,0,0.9801,False
ood_exposure,ACTION_RAW,0.01,0.65,10194,2,0,0.9801,False
ood_exposure,ACTION_RAW,0.01,0.7,10194,2,0,0.9801,False
ood_exposure,ACTION_RAW,0.01,0.75,10194,0,0,1.0,False
ood_exposure,ACTION_RAW,0.01,0.8,10194,0,0,1.0,False
ood_exposure,ACTION_RAW,0.01,0.85,10194,0,0,1.0,False
ood_exposure,ACTION_RAW,0.01,0.9,10194,0,0,1.0,False
ood_exposure,ACTION_RAW,0.01,0.95,10194,0,0,1.0,False
ood_exposure,ACTION_RAW,0.01,0.96,10194,0,0,1.0,False
ood_exposure,ACTION_RAW,0.01,0.97,10194,0,0,1.0,False
ood_exposure,ACTION_RAW,0.01,0.98,10194,0,0,1.0,False
ood_exposure,ACTION_RAW,0.01,0.99,10194,0,0,1.0,False
ood_exposure,ACTION_RAW,0.01,1.0,10194,0,0,1.0,False
ood_exposure,ACTION_RAW,0.05,0.0,10194,10194,1615,1.0,False
ood_exposure,ACTION_RAW,0.05,0.05,10194,8972,393,0.0033010471453806083,False
ood_exposure,ACTION_RAW,0.05,0.1,10194,8968,393,0.0033966572685333526,False
ood_exposure,ACTION_RAW,0.05,0.15,10194,8957,389,0.00196916897841054,True
ood_exposure,ACTION_RAW,0.05,0.2,10194,8909,385,0.0014768955376486864,True
ood_exposure,ACTION_RAW,0.05,0.25,10194,4129,165,0.0012928920888316412,True
ood_exposure,ACTION_RAW,0.05,0.3,10194,129,10,0.9408213950131802,False
ood_exposure,ACTION_RAW,0.05,0.35,10194,27,2,0.8495055676856168,False
ood_exposure,ACTION_RAW,0.05,0.4,10194,9,1,0.9287886038046875,False
ood_exposure,ACTION_RAW,0.05,0.45,10194,2,0,0.9025,False
ood_exposure,ACTION_RAW,0.05,0.5,10194,2,0,0.9025,False
ood_exposure,ACTION_RAW,0.05,0.55,10194,2,0,0.9025,False
ood_exposure,ACTION_RAW,0.05,0.6,10194,2,0,0.9025,False
ood_exposure,ACTION_RAW,0.05,0.65,10194,2,0,0.9025,False
ood_exposure,ACTION_RAW,0.05,0.7,10194,2,0,0.9025,False
ood_exposure,ACTION_RAW,0.05,0.75,10194,0,0,1.0,False
ood_exposure,ACTION_RAW,0.05,0.8,10194,0,0,1.0,False
ood_exposure,ACTION_RAW,0.05,0.85,10194,0,0,1.0,False
ood_exposure,ACTION_RAW,0.05,0.9,10194,0,0,1.0,False
ood_exposure,ACTION_RAW,0.05,0.95,10194,0,0,1.0,False
ood_exposure,ACTION_RAW,0.05,0.96,10194,0,0,1.0,False
ood_exposure,ACTION_RAW,0.05,0.97,10194,0,0,1.0,False
ood_exposure,ACTION_RAW,0.05,0.98,10194,0,0,1.0,False
ood_exposure,ACTION_RAW,0.05,0.99,10194,0,0,1.0,False
ood_exposure,ACTION_RAW,0.05,1.0,10194,0,0,1.0,False
ood_exposure,ACTION_RAW,0.1,0.0,10194,10194,1615,1.0,False
ood_exposure,ACTION_RAW,0.1,0.05,10194,8972,393,5.795746759088676e-87,True
ood_exposure,ACTION_RAW,0.1,0.1,10194,8968,393,7.386808799440275e-87,True
ood_exposure,ACTION_RAW,0.1,0.15,10194,8957,389,4.0872640994212326e-88,True
ood_exposure,ACTION_RAW,0.1,0.2,10194,8909,385,2.118100286257217e-88,True
ood_exposure,ACTION_RAW,0.1,0.25,10194,4129,165,1.81063847775791e-47,True
ood_exposure,ACTION_RAW,0.1,0.3,10194,129,10,0.24691888869666356,False
ood_exposure,ACTION_RAW,0.1,0.35,10194,27,2,0.4845811416919995,False
ood_exposure,ACTION_RAW,0.1,0.4,10194,9,1,0.7748409779999998,False
ood_exposure,ACTION_RAW,0.1,0.45,10194,2,0,0.8099999999999999,False
ood_exposure,ACTION_RAW,0.1,0.5,10194,2,0,0.8099999999999999,False
ood_exposure,ACTION_RAW,0.1,0.55,10194,2,0,0.8099999999999999,False
ood_exposure,ACTION_RAW,0.1,0.6,10194,2,0,0.8099999999999999,False
ood_exposure,ACTION_RAW,0.1,0.65,10194,2,0,0.8099999999999999,False
ood_exposure,ACTION_RAW,0.1,0.7,10194,2,0,0.8099999999999999,False
ood_exposure,ACTION_RAW,0.1,0.75,10194,0,0,1.0,False
ood_exposure,ACTION_RAW,0.1,0.8,10194,0,0,1.0,False
ood_exposure,ACTION_RAW,0.1,0.85,10194,0,0,1.0,False
ood_exposure,ACTION_RAW,0.1,0.9,10194,0,0,1.0,False
ood_exposure,ACTION_RAW,0.1,0.95,10194,0,0,1.0,False
ood_exposure,ACTION_RAW,0.1,0.96,10194,0,0,1.0,False
ood_exposure,ACTION_RAW,0.1,0.97,10194,0,0,1.0,False
ood_exposure,ACTION_RAW,0.1,0.98,10194,0,0,1.0,False
ood_exposure,ACTION_RAW,0.1,0.99,10194,0,0,1.0,False
ood_exposure,ACTION_RAW,0.1,1.0,10194,0,0,1.0,False
ood_exposure,ACTION_RAW,0.12,0.0,10194,10194,1615,1.0,False
ood_exposure,ACTION_RAW,0.12,0.05,10194,8972,393,1.2558322601062654e-139,True
ood_exposure,ACTION_RAW,0.12,0.1,10194,8968,393,1.7509723911582496e-139,True
ood_exposure,ACTION_RAW,0.12,0.15,10194,8957,389,5.478154164398979e-141,True
ood_exposure,ACTION_RAW,0.12,0.2,10194,8909,385,3.6836898153952206e-141,True
ood_exposure,ACTION_RAW,0.12,0.25,10194,4129,165,3.886136540811434e-73,True
ood_exposure,ACTION_RAW,0.12,0.3,10194,129,10,0.08304035579276126,False
ood_exposure,ACTION_RAW,0.12,0.35,10194,27,2,0.3552929000685074,False
ood_exposure,ACTION_RAW,0.12,0.4,10194,9,1,0.7048836686188379,False
ood_exposure,ACTION_RAW,0.12,0.45,10194,2,0,0.7744,False
ood_exposure,ACTION_RAW,0.12,0.5,10194,2,0,0.7744,False
ood_exposure,ACTION_RAW,0.12,0.55,10194,2,0,0.7744,False
ood_exposure,ACTION_RAW,0.12,0.6,10194,2,0,0.7744,False
ood_exposure,ACTION_RAW,0.12,0.65,10194,2,0,0.7744,False
ood_exposure,ACTION_RAW,0.12,0.7,10194,2,0,0.7744,False
ood_exposure,ACTION_RAW,0.12,0.75,10194,0,0,1.0,False
ood_exposure,ACTION_RAW,0.12,0.8,10194,0,0,1.0,False
ood_exposure,ACTION_RAW,0.12,0.85,10194,0,0,1.0,False
ood_exposure,ACTION_RAW,0.12,0.9,10194,0,0,1.0,False
ood_exposure,ACTION_RAW,0.12,0.95,10194,0,0,1.0,False
ood_exposure,ACTION_RAW,0.12,0.96,10194,0,0,1.0,False
ood_exposure,ACTION_RAW,0.12,0.97,10194,0,0,1.0,False
ood_exposure,ACTION_RAW,0.12,0.98,10194,0,0,1.0,False
ood_exposure,ACTION_RAW,0.12,0.99,10194,0,0,1.0,False
ood_exposure,ACTION_RAW,0.12,1.0,10194,0,0,1.0,False
ood_exposure,ACTION_RAW,0.14,0.0,10194,10194,1615,0.999999937400598,False
ood_exposure,ACTION_RAW,0.14,0.05,10194,8972,393,5.250921228279378e-199,True
ood_exposure,ACTION_RAW,0.14,0.1,10194,8968,393,8.0259617713545405e-199,True
ood_exposure,ACTION_RAW,0.14,0.15,10194,8957,389,1.593732018526296e-200,True
ood_exposure,ACTION_RAW,0.14,0.2,10194,8909,385,1.5915992343368674e-200,True
ood_exposure,ACTION_RAW,0.14,0.25,10194,4129,165,1.068018837118082e-101,True
ood_exposure,ACTION_RAW,0.14,0.3,10194,129,10,0.021519892361119196,False
ood_exposure,ACTION_RAW,0.14,0.35,10194,27,2,0.25043257853933754,False
ood_exposure,ACTION_RAW,0.14,0.4,10194,9,1,0.6343420054659614,False
ood_exposure,ACTION_RAW,0.14,0.45,10194,2,0,0.7395999999999999,False
ood_exposure,ACTION_RAW,0.14,0.5,10194,2,0,0.7395999999999999,False
ood_exposure,ACTION_RAW,0.14,0.55,10194,2,0,0.7395999999999999,False
ood_exposure,ACTION_RAW,0.14,0.6,10194,2,0,0.7395999999999999,False
ood_exposure,ACTION_RAW,0.14,0.65,10194,2,0,0.7395999999999999,False
ood_exposure,ACTION_RAW,0.14,0.7,10194,2,0,0.7395999999999999,False
ood_exposure,ACTION_RAW,0.14,0.75,10194,0,0,1.0,False
ood_exposure,ACTION_RAW,0.14,0.8,10194,0,0,1.0,False
ood_exposure,ACTION_RAW,0.14,0.85,10194,0,0,1.0,False
ood_exposure,ACTION_RAW,0.14,0.9,10194,0,0,1.0,False
ood_exposure,ACTION_RAW,0.14,0.95,10194,0,0,1.0,False
ood_exposure,ACTION_RAW,0.14,0.96,10194,0,0,1.0,False
ood_exposure,ACTION_RAW,0.14,0.97,10194,0,0,1.0,False
ood_exposure,ACTION_RAW,0.14,0.98,10194,0,0,1.0,False
ood_exposure,ACTION_RAW,0.14,0.99,10194,0,0,1.0,False
ood_exposure,ACTION_RAW,0.14,1.0,10194,0,0,1.0,False
ood_exposure,ACTION_RAW,0.16,0.0,10194,10194,1615,0.33822659382052495,False
ood_exposure,ACTION_RAW,0.16,0.05,10194,8972,393,6.559579484919585e-264,True
ood_exposure,ACTION_RAW,0.16,0.1,10194,8968,393,1.1015371577890943e-263,True
ood_exposure,ACTION_RAW,0.16,0.15,10194,8957,389,1.5128180743941165e-265,True
ood_exposure,ACTION_RAW,0.16,0.2,10194,8909,385,2.49485782453193e-265,True
ood_exposure,ACTION_RAW,0.16,0.25,10194,4129,165,1.1679740200534581e-132,True
ood_exposure,ACTION_RAW,0.16,0.3,10194,129,10,0.004458356678296095,False
ood_exposure,ACTION_RAW,0.16,0.35,10194,27,2,0.17040658627126662,False
ood_exposure,ACTION_RAW,0.16,0.4,10194,9,1,0.5651570317268091,False
ood_exposure,ACTION_RAW,0.16,0.45,10194,2,0,0.7056,False
ood_exposure,ACTION_RAW,0.16,0.5,10194,2,0,0.7056,False
ood_exposure,ACTION_RAW,0.16,0.55,10194,2,0,0.7056,False
ood_exposure,ACTION_RAW,0.16,0.6,10194,2,0,0.7056,False
ood_exposure,ACTION_RAW,0.16,0.65,10194,2,0,0.7056,False
ood_exposure,ACTION_RAW,0.16,0.7,10194,2,0,0.7056,False
ood_exposure,ACTION_RAW,0.16,0.75,10194,0,0,1.0,False
ood_exposure,ACTION_RAW,0.16,0.8,10194,0,0,1.0,False
ood_exposure,ACTION_RAW,0.16,0.85,10194,0,0,1.0,False
ood_exposure,ACTION_RAW,0.16,0.9,10194,0,0,1.0,False
ood_exposure,ACTION_RAW,0.16,0.95,10194,0,0,1.0,False
ood_exposure,ACTION_RAW,0.16,0.96,10194,0,0,1.0,False
ood_exposure,ACTION_RAW,0.16,0.97,10194,0,0,1.0,False
ood_exposure,ACTION_RAW,0.16,0.98,10194,0,0,1.0,False
ood_exposure,ACTION_RAW,0.16,0.99,10194,0,0,1.0,False
ood_exposure,ACTION_RAW,0.16,1.0,10194,0,0,1.0,False
ood_exposure,ACTION_RAW,0.18,0.0,10194,10194,1615,4.540353094201934e-09,True
ood_exposure,ACTION_RAW,0.18,0.05,10194,8972,393,0.0,True
ood_exposure,ACTION_RAW,0.18,0.1,10194,8968,393,0.0,True
ood_exposure,ACTION_RAW,0.18,0.15,10194,8957,389,0.0,True
ood_exposure,ACTION_RAW,0.18,0.2,10194,8909,385,0.0,True
ood_exposure,ACTION_RAW,0.18,0.25,10194,4129,165,1.016049358983696e-165,True
ood_exposure,ACTION_RAW,0.18,0.3,10194,129,10,0.0007590689808823637,True
ood_exposure,ACTION_RAW,0.18,0.35,10194,27,2,0.11227416451249578,False
ood_exposure,ACTION_RAW,0.18,0.4,10194,9,1,0.49877036951181397,False
ood_exposure,ACTION_RAW,0.18,0.45,10194,2,0,0.6724,False
ood_exposure,ACTION_RAW,0.18,0.5,10194,2,0,0.6724,False
ood_exposure,ACTION_RAW,0.18,0.55,10194,2,0,0.6724,False
ood_exposure,ACTION_RAW,0.18,0.6,10194,2,0,0.6724,False
ood_exposure,ACTION_RAW,0.18,0.65,10194,2,0,0.6724,False
ood_exposure,ACTION_RAW,0.18,0.7,10194,2,0,0.6724,False
ood_exposure,ACTION_RAW,0.18,0.75,10194,0,0,1.0,False
ood_exposure,ACTION_RAW,0.18,0.8,10194,0,0,1.0,False
ood_exposure,ACTION_RAW,0.18,0.85,10194,0,0,1.0,False
ood_exposure,ACTION_RAW,0.18,0.9,10194,0,0,1.0,False
ood_exposure,ACTION_RAW,0.18,0.95,10194,0,0,1.0,False
ood_exposure,ACTION_RAW,0.18,0.96,10194,0,0,1.0,False
ood_exposure,ACTION_RAW,0.18,0.97,10194,0,0,1.0,False
ood_exposure,ACTION_RAW,0.18,0.98,10194,0,0,1.0,False
ood_exposure,ACTION_RAW,0.18,0.99,10194,0,0,1.0,False
ood_exposure,ACTION_RAW,0.18,1.0,10194,0,0,1.0,False
ood_exposure,ACTION_RAW,0.2,0.0,10194,10194,1615,2.110042253991082e-27,True
ood_exposure,ACTION_RAW,0.2,0.05,10194,8972,393,0.0,True
ood_exposure,ACTION_RAW,0.2,0.1,10194,8968,393,0.0,True
ood_exposure,ACTION_RAW,0.2,0.15,10194,8957,389,0.0,True
ood_exposure,ACTION_RAW,0.2,0.2,10194,8909,385,0.0,True
ood_exposure,ACTION_RAW,0.2,0.25,10194,4129,165,1.0847336026232157e-200,True
ood_exposure,ACTION_RAW,0.2,0.3,10194,129,10,0.00010835681034552621,True
ood_exposure,ACTION_RAW,0.2,0.35,10194,27,2,0.07177997053961879,False
ood_exposure,ACTION_RAW,0.2,0.4,10194,9,1,0.43620761599999947,False
ood_exposure,ACTION_RAW,0.2,0.45,10194,2,0,0.6399999999999999,False
ood_exposure,ACTION_RAW,0.2,0.5,10194,2,0,0.6399999999999999,False
ood_exposure,ACTION_RAW,0.2,0.55,10194,2,0,0.6399999999999999,False
ood_exposure,ACTION_RAW,0.2,0.6,10194,2,0,0.6399999999999999,False
ood_exposure,ACTION_RAW,0.2,0.65,10194,2,0,0.6399999999999999,False
ood_exposure,ACTION_RAW,0.2,0.7,10194,2,0,0.6399999999999999,False
ood_exposure,ACTION_RAW,0.2,0.75,10194,0,0,1.0,False
ood_exposure,ACTION_RAW,0.2,0.8,10194,0,0,1.0,False
ood_exposure,ACTION_RAW,0.2,0.85,10194,0,0,1.0,False
ood_exposure,ACTION_RAW,0.2,0.9,10194,0,0,1.0,False
ood_exposure,ACTION_RAW,0.2,0.95,10194,0,0,1.0,False
ood_exposure,ACTION_RAW,0.2,0.96,10194,0,0,1.0,False
ood_exposure,ACTION_RAW,0.2,0.97,10194,0,0,1.0,False
ood_exposure,ACTION_RAW,0.2,0.98,10194,0,0,1.0,False
ood_exposure,ACTION_RAW,0.2,0.99,10194,0,0,1.0,False
ood_exposure,ACTION_RAW,0.2,1.0,10194,0,0,1.0,False
ood_exposure,SAFETY_RAW,0.01,0.0,10194,10194,1615,1.0,False
ood_exposure,SAFETY_RAW,0.01,0.05,10194,8969,393,1.0,False
ood_exposure,SAFETY_RAW,0.01,0.1,10194,8969,393,1.0,False
ood_exposure,SAFETY_RAW,0.01,0.15,10194,8968,393,1.0,False
ood_exposure,SAFETY_RAW,0.01,0.2,10194,8967,392,1.0,False
ood_exposure,SAFETY_RAW,0.01,0.25,10194,8967,392,1.0,False
ood_exposure,SAFETY_RAW,0.01,0.3,10194,8967,392,1.0,False
ood_exposure,SAFETY_RAW,0.01,0.35,10194,8965,390,1.0,False
ood_exposure,SAFETY_RAW,0.01,0.4,10194,8963,390,1.0,False
ood_exposure,SAFETY_RAW,0.01,0.45,10194,8959,386,1.0,False
ood_exposure,SAFETY_RAW,0.01,0.5,10194,8950,380,1.0,False
ood_exposure,SAFETY_RAW,0.01,0.55,10194,8947,378,1.0,False
ood_exposure,SAFETY_RAW,0.01,0.6,10194,8940,373,1.0,False
ood_exposure,SAFETY_RAW,0.01,0.65,10194,8925,362,1.0,False
ood_exposure,SAFETY_RAW,0.01,0.7,10194,8902,354,1.0,False
ood_exposure,SAFETY_RAW,0.01,0.75,10194,8865,342,1.0,False
ood_exposure,SAFETY_RAW,0.01,0.8,10194,8809,332,1.0,False
ood_exposure,SAFETY_RAW,0.01,0.85,10194,8698,302,1.0,False
ood_exposure,SAFETY_RAW,0.01,0.9,10194,8396,261,1.0,False
ood_exposure,SAFETY_RAW,0.01,0.95,10194,7095,151,1.0,False
ood_exposure,SAFETY_RAW,0.01,0.96,10194,6505,124,0.9999999999790876,False
ood_exposure,SAFETY_RAW,0.01,0.97,10194,5456,97,0.9999999354761747,False
ood_exposure,SAFETY_RAW,0.01,0.98,10194,3277,46,0.9891251405409675,False
ood_exposure,SAFETY_RAW,0.01,0.99,10194,320,6,0.9562346748821128,False
ood_exposure,SAFETY_RAW,0.01,1.0,10194,0,0,1.0,False
ood_exposure,SAFETY_RAW,0.05,0.0,10194,10194,1615,1.0,False
ood_exposure,SAFETY_RAW,0.05,0.05,10194,8969,393,0.00337252154178999,False
ood_exposure,SAFETY_RAW,0.05,0.1,10194,8969,393,0.00337252154178999,False
ood_exposure,SAFETY_RAW,0.05,0.15,10194,8968,393,0.0033966572685333526,False
ood_exposure,SAFETY_RAW,0.05,0.2,10194,8967,392,0.0029350964816818965,False
ood_exposure,SAFETY_RAW,0.05,0.25,10194,8967,392,0.0029350964816818965,False
ood_exposure,SAFETY_RAW,0.05,0.3,10194,8967,392,0.0029350964816818965,False
ood_exposure,SAFETY_RAW,0.05,0.35,10194,8965,390,0.0021767461064218976,False
ood_exposure,SAFETY_RAW,0.05,0.4,10194,8963,390,0.002209339981356658,False
ood_exposure,SAFETY_RAW,0.05,0.45,10194,8959,386,0.0011831674265779897,True
ood_exposure,SAFETY_RAW,0.05,0.5,10194,8950,380,0.00044347453657550616,True
ood_exposure,SAFETY_RAW,0.05,0.55,10194,8947,378,0.00031400463716451077,True
ood_exposure,SAFETY_RAW,0.05,0.6,10194,8940,373,0.00012664396998935673,True
ood_exposure,SAFETY_RAW,0.05,0.65,10194,8925,362,1.3873094698389205e-05,True
ood_exposure,SAFETY_RAW,0.05,0.7,10194,8902,354,2.6356000014573132e-06,True
ood_exposure,SAFETY_RAW,0.05,0.75,10194,8865,342,1.7188686750083923e-07,True
ood_exposure,SAFETY_RAW,0.05,0.8,10194,8809,332,1.9164187292102116e-08,True
ood_exposure,SAFETY_RAW,0.05,0.85,10194,8698,302,3.261076123989098e-12,True
ood_exposure,SAFETY_RAW,0.05,0.9,10194,8396,261,1.0631237207893438e-17,True
ood_exposure,SAFETY_RAW,0.05,0.95,10194,7095,151,8.850402639653536e-36,True
ood_exposure,SAFETY_RAW,0.05,0.96,10194,6505,124,7.54912956265199e-39,True
ood_exposure,SAFETY_RAW,0.05,0.97,10194,5456,97,5.290608555114646e-36,True
ood_exposure,SAFETY_RAW,0.05,0.98,10194,3277,46,1.4020794275268673e-28,True
ood_exposure,SAFETY_RAW,0.05,0.99,10194,320,6,0.003379171596994212,False
ood_exposure,SAFETY_RAW,0.05,1.0,10194,0,0,1.0,False
ood_exposure,SAFETY_RAW,0.1,0.0,10194,10194,1615,1.0,False
ood_exposure,SAFETY_RAW,0.1,0.05,10194,8969,393,6.952216764743516e-87,True
ood_exposure,SAFETY_RAW,0.1,0.1,10194,8969,393,6.952216764743516e-87,True
ood_exposure,SAFETY_RAW,0.1,0.15,10194,8968,393,7.386808799440275e-87,True
ood_exposure,SAFETY_RAW,0.1,0.2,10194,8967,392,3.231337459653919e-87,True
ood_exposure,SAFETY_RAW,0.1,0.25,10194,8967,392,3.231337459653919e-87,True
ood_exposure,SAFETY_RAW,0.1,0.3,10194,8967,392,3.231337459653919e-87,True
ood_exposure,SAFETY_RAW,0.1,0.35,10194,8965,390,6.138472590735889e-88,True
ood_exposure,SAFETY_RAW,0.1,0.4,10194,8963,390,6.934426060406009e-88,True
ood_exposure,SAFETY_RAW,0.1,0.45,10194,8959,386,2.432101693485466e-89,True
ood_exposure,SAFETY_RAW,0.1,0.5,10194,8950,380,1.7865811152973377e-91,True
ood_exposure,SAFETY_RAW,0.1,0.55,10194,8947,378,3.407100643075129e-92,True
ood_exposure,SAFETY_RAW,0.1,0.6,10194,8940,373,5.026045722100373e-94,True
ood_exposure,SAFETY_RAW,0.1,0.65,10194,8925,362,3.6850307936050436e-98,True
ood_exposure,SAFETY_RAW,0.1,0.7,10194,8902,354,6.54119847722258e-101,True
ood_exposure,SAFETY_RAW,0.1,0.75,10194,8865,342,4.372308736852551e-105,True
ood_exposure,SAFETY_RAW,0.1,0.8,10194,8809,332,6.057930966532448e-108,True
ood_exposure,SAFETY_RAW,0.1,0.85,10194,8698,302,8.991540136382668e-119,True
ood_exposure,SAFETY_RAW,0.1,0.9,10194,8396,261,2.089389251969962e-130,True
ood_exposure,SAFETY_RAW,0.1,0.95,10194,7095,151,1.63739346858461e-153,True
ood_exposure,SAFETY_RAW,0.1,0.96,10194,6505,124,1.807921338306714e-151,True
ood_exposure,SAFETY_RAW,0.1,0.97,10194,5456,97,9.62711982956345e-133,True
ood_exposure,SAFETY_RAW,0.1,0.98,10194,3277,46,1.1230888481735474e-90,True
ood_exposure,SAFETY_RAW,0.1,0.99,10194,320,6,7.311549872463768e-09,True
ood_exposure,SAFETY_RAW,0.1,1.0,10194,0,0,1.0,False
ood_exposure,SAFETY_RAW,0.12,0.0,10194,10194,1615,1.0,False
ood_exposure,SAFETY_RAW,0.12,0.05,10194,8969,393,1.6113715772127085e-139,True
ood_exposure,SAFETY_RAW,0.12,0.1,10194,8969,393,1.6113715772127085e-139,True
ood_exposure,SAFETY_RAW,0.12,0.15,10194,8968,393,1.7509723911582496e-139,True
ood_exposure,SAFETY_RAW,0.12,0.2,10194,8967,392,6.386127238407983e-140,True
ood_exposure,SAFETY_RAW,0.12,0.25,10194,8967,392,6.386127238407983e-140,True
ood_exposure,SAFETY_RAW,0.12,0.3,10194,8967,392,6.386127238407983e-140,True
ood_exposure,SAFETY_RAW,0.12,0.35,10194,8965,390,8.432944776201517e-141,True
ood_exposure,SAFETY_RAW,0.12,0.4,10194,8963,390,9.96391154952302e-141,True
ood_exposure,SAFETY_RAW,0.12,0.45,10194,8959,386,1.6885782337731543e-142,True
ood_exposure,SAFETY_RAW,0.12,0.5,10194,8950,380,4.4563127029771606e-145,True
ood_exposure,SAFETY_RAW,0.12,0.55,10194,8947,378,6.041403291022114e-146,True
ood_exposure,SAFETY_RAW,0.12,0.6,10194,8940,373,3.75486117263775e-148,True
ood_exposure,SAFETY_RAW,0.12,0.65,10194,8925,362,4.0739093684627913e-153,True
ood_exposure,SAFETY_RAW,0.12,0.7,10194,8902,354,2.363781383535224e-156,True
ood_exposure,SAFETY_RAW,0.12,0.75,10194,8865,342,3.122944740747751e-161,True
ood_exposure,SAFETY_RAW,0.12,0.8,10194,8809,332,1.971667335435706e-164,True
ood_exposure,SAFETY_RAW,0.12,0.85,10194,8698,302,7.69564285475396e-177,True
ood_exposure,SAFETY_RAW,0.12,0.9,10194,8396,261,3.6198560720248985e-189,True
ood_exposure,SAFETY_RAW,0.12,0.95,10194,7095,151,2.3940900597961708e-209,True
ood_exposure,SAFETY_RAW,0.12,0.96,10194,6505,124,6.046103044325263e-204,True
ood_exposure,SAFETY_RAW,0.12,0.97,10194,5456,97,2.2171864390069477e-177,True
ood_exposure,SAFETY_RAW,0.12,0.98,10194,3277,46,1.4032510353392432e-118,True
ood_exposure,SAFETY_RAW,0.12,0.99,10194,320,6,1.8165998908108936e-11,True
ood_exposure,SAFETY_RAW,0.12,1.0,10194,0,0,1.0,False
ood_exposure,SAFETY_RAW,0.14,0.0,10194,10194,1615,0.999999937400598,False
ood_exposure,SAFETY_RAW,0.14,0.05,10194,8969,393,7.218301369324451e-199,True
ood_exposure,SAFETY_RAW,0.14,0.1,10194,8969,393,7.218301369324451e-199,True
ood_exposure,SAFETY_RAW,0.14,0.15,10194,8968,393,8.0259617713545405e-199,True
ood_exposure,SAFETY_RAW,0.14,0.2,10194,8967,392,2.509770912265144e-199,True
ood_exposure,SAFETY_RAW,0.14,0.25,10194,8967,392,2.509770912265144e-199,True
ood_exposure,SAFETY_RAW,0.14,0.3,10194,8967,392,2.509770912265144e-199,True
ood_exposure,SAFETY_RAW,0.14,0.35,10194,8965,390,2.43630901495901e-200,True
ood_exposure,SAFETY_RAW,0.14,0.4,10194,8963,390,3.013978103670779e-200,True
ood_exposure,SAFETY_RAW,0.14,0.45,10194,8959,386,2.7602057857775486e-202,True
ood_exposure,SAFETY_RAW,0.14,0.5,10194,8950,380,3.1001958700642573e-205,True
ood_exposure,SAFETY_RAW,0.14,0.55,10194,8947,378,3.161406811049306e-206,True
ood_exposure,SAFETY_RAW,0.14,0.6,10194,8940,373,9.531590234914219e-209,True
ood_exposure,SAFETY_RAW,0.14,0.65,10194,8925,362,2.0863789198825023e-214,True
ood_exposure,SAFETY_RAW,0.14,0.7,10194,8902,354,4.989291430251129e-218,True
ood_exposure,SAFETY_RAW,0.14,0.75,10194,8865,342,1.847138917558016e-223,True
ood_exposure,SAFETY_RAW,0.14,0.8,10194,8809,332,7.202743829026281e-227,True
ood_exposure,SAFETY_RAW,0.14,0.85,10194,8698,302,1.7872240311365028e-240,True
ood_exposure,SAFETY_RAW,0.14,0.9,10194,8396,261,6.152639045594794e-253,True
ood_exposure,SAFETY_RAW,0.14,0.95,10194,7095,151,1.3948895892298552e-268,True
ood_exposure,SAFETY_RAW,0.14,0.96,10194,6505,124,2.301639427725456e-259,True
ood_exposure,SAFETY_RAW,0.14,0.97,10194,5456,97,2.106589071331466e-224,True
ood_exposure,SAFETY_RAW,0.14,0.98,10194,3277,46,9.111133517933864e-148,True
ood_exposure,SAFETY_RAW,0.14,0.99,10194,320,6,3.274830717271181e-14,True
ood_exposure,SAFETY_RAW,0.14,1.0,10194,0,0,1.0,False
ood_exposure,SAFETY_RAW,0.16,0.0,10194,10194,1615,0.33822659382052495,False
ood_exposure,SAFETY_RAW,0.16,0.05,10194,8969,393,9.676575390011267e-264,True
ood_exposure,SAFETY_RAW,0.16,0.1,10194,8969,393,9.676575390011267e-264,True
ood_exposure,SAFETY_RAW,0.16,0.15,10194,8968,393,1.1015371577890943e-263,True
ood_exposure,SAFETY_RAW,0.16,0.2,10194,8967,392,3.0145789603556164e-264,True
ood_exposure,SAFETY_RAW,0.16,0.25,10194,8967,392,3.0145789603556164e-264,True
ood_exposure,SAFETY_RAW,0.16,0.3,10194,8967,392,3.0145789603556164e-264,True
ood_exposure,SAFETY_RAW,0.16,0.35,10194,8965,390,2.2413286720486303e-265,True
ood_exposure,SAFETY_RAW,0.16,0.4,10194,8963,390,2.906324765960329e-265,True
ood_exposure,SAFETY_RAW,0.16,0.45,10194,8959,386,1.5613672588641147e-267,True
ood_exposure,SAFETY_RAW,0.16,0.5,10194,8950,380,8.45540681519718e-271,True
ood_exposure,SAFETY_RAW,0.16,0.55,10194,8947,378,6.76112020168973e-272,True
ood_exposure,SAFETY_RAW,0.16,0.6,10194,8940,373,1.0969221716534258e-274,True
ood_exposure,SAFETY_RAW,0.16,0.65,10194,8925,362,6.084499171572347e-281,True
ood_exposure,SAFETY_RAW,0.16,0.7,10194,8902,354,7.125194022315598e-285,True
ood_exposure,SAFETY_RAW,0.16,0.75,10194,8865,342,9.586872461604297e-291,True
ood_exposure,SAFETY_RAW,0.16,0.8,10194,8809,332,2.907088070967607e-294,True
ood_exposure,SAFETY_RAW,0.16,0.85,10194,8698,302,8.874284401881935e-309,True
ood_exposure,SAFETY_RAW,0.16,0.9,10194,8396,261,5.983e-321,True
ood_exposure,SAFETY_RAW,0.16,0.95,10194,7095,151,0.0,True
ood_exposure,SAFETY_RAW,0.16,0.96,10194,6505,124,2.168169e-317,True
ood_exposure,SAFETY_RAW,0.16,0.97,10194,5456,97,1.5013755092640433e-273,True
ood_exposure,SAFETY_RAW,0.16,0.98,10194,3277,46,4.0095774906605124e-178,True
ood_exposure,SAFETY_RAW,0.16,0.99,10194,320,6,4.429906718166754e-17,True
ood_exposure,SAFETY_RAW,0.16,1.0,10194,0,0,1.0,False
ood_exposure,SAFETY_RAW,0.18,0.0,10194,10194,1615,4.540353094201934e-09,True
ood_exposure,SAFETY_RAW,0.18,0.05,10194,8969,393,0.0,True
ood_exposure,SAFETY_RAW,0.18,0.1,10194,8969,393,0.0,True
ood_exposure,SAFETY_RAW,0.18,0.15,10194,8968,393,0.0,True
ood_exposure,SAFETY_RAW,0.18,0.2,10194,8967,392,0.0,True
ood_exposure,SAFETY_RAW,0.18,0.25,10194,8967,392,0.0,True
ood_exposure,SAFETY_RAW,0.18,0.3,10194,8967,392,0.0,True
ood_exposure,SAFETY_RAW,0.18,0.35,10194,8965,390,0.0,True
ood_exposure,SAFETY_RAW,0.18,0.4,10194,8963,390,0.0,True
ood_exposure,SAFETY_RAW,0.18,0.45,10194,8959,386,0.0,True
ood_exposure,SAFETY_RAW,0.18,0.5,10194,8950,380,0.0,True
ood_exposure,SAFETY_RAW,0.18,0.55,10194,8947,378,0.0,True
ood_exposure,SAFETY_RAW,0.18,0.6,10194,8940,373,0.0,True
ood_exposure,SAFETY_RAW,0.18,0.65,10194,8925,362,0.0,True
ood_exposure,SAFETY_RAW,0.18,0.7,10194,8902,354,0.0,True
ood_exposure,SAFETY_RAW,0.18,0.75,10194,8865,342,0.0,True
ood_exposure,SAFETY_RAW,0.18,0.8,10194,8809,332,0.0,True
ood_exposure,SAFETY_RAW,0.18,0.85,10194,8698,302,0.0,True
ood_exposure,SAFETY_RAW,0.18,0.9,10194,8396,261,0.0,True
ood_exposure,SAFETY_RAW,0.18,0.95,10194,7095,151,0.0,True
ood_exposure,SAFETY_RAW,0.18,0.96,10194,6505,124,0.0,True
ood_exposure,SAFETY_RAW,0.18,0.97,10194,5456,97,0.0,True
ood_exposure,SAFETY_RAW,0.18,0.98,10194,3277,46,1.3730938710433397e-209,True
ood_exposure,SAFETY_RAW,0.18,0.99,10194,320,6,4.58201993986051e-20,True
ood_exposure,SAFETY_RAW,0.18,1.0,10194,0,0,1.0,False
ood_exposure,SAFETY_RAW,0.2,0.0,10194,10194,1615,2.110042253991082e-27,True
ood_exposure,SAFETY_RAW,0.2,0.05,10194,8969,393,0.0,True
ood_exposure,SAFETY_RAW,0.2,0.1,10194,8969,393,0.0,True
ood_exposure,SAFETY_RAW,0.2,0.15,10194,8968,393,0.0,True
ood_exposure,SAFETY_RAW,0.2,0.2,10194,8967,392,0.0,True
ood_exposure,SAFETY_RAW,0.2,0.25,10194,8967,392,0.0,True
ood_exposure,SAFETY_RAW,0.2,0.3,10194,8967,392,0.0,True
ood_exposure,SAFETY_RAW,0.2,0.35,10194,8965,390,0.0,True
ood_exposure,SAFETY_RAW,0.2,0.4,10194,8963,390,0.0,True
ood_exposure,SAFETY_RAW,0.2,0.45,10194,8959,386,0.0,True
ood_exposure,SAFETY_RAW,0.2,0.5,10194,8950,380,0.0,True
ood_exposure,SAFETY_RAW,0.2,0.55,10194,8947,378,0.0,True
ood_exposure,SAFETY_RAW,0.2,0.6,10194,8940,373,0.0,True
ood_exposure,SAFETY_RAW,0.2,0.65,10194,8925,362,0.0,True
ood_exposure,SAFETY_RAW,0.2,0.7,10194,8902,354,0.0,True
ood_exposure,SAFETY_RAW,0.2,0.75,10194,8865,342,0.0,True
ood_exposure,SAFETY_RAW,0.2,0.8,10194,8809,332,0.0,True
ood_exposure,SAFETY_RAW,0.2,0.85,10194,8698,302,0.0,True
ood_exposure,SAFETY_RAW,0.2,0.9,10194,8396,261,0.0,True
ood_exposure,SAFETY_RAW,0.2,0.95,10194,7095,151,0.0,True
ood_exposure,SAFETY_RAW,0.2,0.96,10194,6505,124,0.0,True
ood_exposure,SAFETY_RAW,0.2,0.97,10194,5456,97,0.0,True
ood_exposure,SAFETY_RAW,0.2,0.98,10194,3277,46,3.891259159941624e-242,True
ood_exposure,SAFETY_RAW,0.2,0.99,10194,320,6,3.659825728218878e-23,True
ood_exposure,SAFETY_RAW,0.2,1.0,10194,0,0,1.0,False
ood_exposure,SAFETY_RAW_GATE,0.01,0.0,10194,8860,385,1.0,False
ood_exposure,SAFETY_RAW_GATE,0.01,0.05,10194,8857,385,1.0,False
ood_exposure,SAFETY_RAW_GATE,0.01,0.1,10194,8857,385,1.0,False
ood_exposure,SAFETY_RAW_GATE,0.01,0.15,10194,8856,385,1.0,False
ood_exposure,SAFETY_RAW_GATE,0.01,0.2,10194,8855,384,1.0,False
ood_exposure,SAFETY_RAW_GATE,0.01,0.25,10194,8855,384,1.0,False
ood_exposure,SAFETY_RAW_GATE,0.01,0.3,10194,8855,384,1.0,False
ood_exposure,SAFETY_RAW_GATE,0.01,0.35,10194,8853,382,1.0,False
ood_exposure,SAFETY_RAW_GATE,0.01,0.4,10194,8851,382,1.0,False
ood_exposure,SAFETY_RAW_GATE,0.01,0.45,10194,8847,378,1.0,False
ood_exposure,SAFETY_RAW_GATE,0.01,0.5,10194,8839,372,1.0,False
ood_exposure,SAFETY_RAW_GATE,0.01,0.55,10194,8836,370,1.0,False
ood_exposure,SAFETY_RAW_GATE,0.01,0.6,10194,8830,366,1.0,False
ood_exposure,SAFETY_RAW_GATE,0.01,0.65,10194,8815,355,1.0,False
ood_exposure,SAFETY_RAW_GATE,0.01,0.7,10194,8792,347,1.0,False
ood_exposure,SAFETY_RAW_GATE,0.01,0.75,10194,8756,335,1.0,False
ood_exposure,SAFETY_RAW_GATE,0.01,0.8,10194,8701,326,1.0,False
ood_exposure,SAFETY_RAW_GATE,0.01,0.85,10194,8592,296,1.0,False
ood_exposure,SAFETY_RAW_GATE,0.01,0.9,10194,8306,255,1.0,False
ood_exposure,SAFETY_RAW_GATE,0.01,0.95,10194,7036,150,1.0,False
ood_exposure,SAFETY_RAW_GATE,0.01,0.96,10194,6450,123,0.9999999999756665,False
ood_exposure,SAFETY_RAW_GATE,0.01,0.97,10194,5416,96,0.9999999147480683,False
ood_exposure,SAFETY_RAW_GATE,0.01,0.98,10194,3248,46,0.9905928115059246,False
ood_exposure,SAFETY_RAW_GATE,0.01,0.99,10194,309,6,0.9625509238521273,False
ood_exposure,SAFETY_RAW_GATE,0.01,1.0,10194,0,0,1.0,False
ood_exposure,SAFETY_RAW_GATE,0.05,0.0,10194,8860,385,0.00214360958358318,False
ood_exposure,SAFETY_RAW_GATE,0.05,0.05,10194,8857,385,0.0021922702625711476,False
ood_exposure,SAFETY_RAW_GATE,0.05,0.1,10194,8857,385,0.0021922702625711476,False
ood_exposure,SAFETY_RAW_GATE,0.05,0.15,10194,8856,385,0.002208714148792065,False
ood_exposure,SAFETY_RAW_GATE,0.05,0.2,10194,8855,384,0.0018941338412548187,True
ood_exposure,SAFETY_RAW_GATE,0.05,0.25,10194,8855,384,0.0018941338412548187,True
ood_exposure,SAFETY_RAW_GATE,0.05,0.3,10194,8855,384,0.0018941338412548187,True
ood_exposure,SAFETY_RAW_GATE,0.05,0.35,10194,8853,382,0.0013833088832578167,True
ood_exposure,SAFETY_RAW_GATE,0.05,0.4,10194,8851,382,0.0014049975119450968,True
ood_exposure,SAFETY_RAW_GATE,0.05,0.45,10194,8847,378,0.0007291206111550655,True
ood_exposure,SAFETY_RAW_GATE,0.05,0.5,10194,8839,372,0.00025822168667339403,True
ood_exposure,SAFETY_RAW_GATE,0.05,0.55,10194,8836,370,0.00017981710733174454,True
ood_exposure,SAFETY_RAW_GATE,0.05,0.6,10194,8830,366,8.476016285808529e-05,True
ood_exposure,SAFETY_RAW_GATE,0.05,0.65,10194,8815,355,8.638709150104562e-06,True
ood_exposure,SAFETY_RAW_GATE,0.05,0.7,10194,8792,347,1.5566055686213695e-06,True
ood_exposure,SAFETY_RAW_GATE,0.05,0.75,10194,8756,335,9.209129455681513e-08,True
ood_exposure,SAFETY_RAW_GATE,0.05,0.8,10194,8701,326,1.2891440496787834e-08,True
ood_exposure,SAFETY_RAW_GATE,0.05,0.85,10194,8592,296,1.7739621359030655e-12,True
ood_exposure,SAFETY_RAW_GATE,0.05,0.9,10194,8306,255,3.1256418545407005e-18,True
ood_exposure,SAFETY_RAW_GATE,0.05,0.95,10194,7036,150,2.1283373432211355e-35,True
ood_exposure,SAFETY_RAW_GATE,0.05,0.96,10194,6450,123,1.6312046701554097e-38,True
ood_exposure,SAFETY_RAW_GATE,0.05,0.97,10194,5416,96,6.929879744497397e-36,True
ood_exposure,SAFETY_RAW_GATE,0.05,0.98,10194,3248,46,4.124777639838763e-28,True
ood_exposure,SAFETY_RAW_GATE,0.05,0.99,10194,309,6,0.004887585055760137,False
ood_exposure,SAFETY_RAW_GATE,0.05,1.0,10194,0,0,1.0,False
ood_exposure,SAFETY_RAW_GATE,0.1,0.0,10194,8860,385,4.237269118486531e-87,True
ood_exposure,SAFETY_RAW_GATE,0.1,0.05,10194,8857,385,5.08833220885386e-87,True
ood_exposure,SAFETY_RAW_GATE,0.1,0.1,10194,8857,385,5.08833220885386e-87,True
ood_exposure,SAFETY_RAW_GATE,0.1,0.15,10194,8856,385,5.408383694969333e-87,True
ood_exposure,SAFETY_RAW_GATE,0.1,0.2,10194,8855,384,2.3470059410426175e-87,True
ood_exposure,SAFETY_RAW_GATE,0.1,0.25,10194,8855,384,2.3470059410426175e-87,True
ood_exposure,SAFETY_RAW_GATE,0.1,0.3,10194,8855,384,2.3470059410426175e-87,True
ood_exposure,SAFETY_RAW_GATE,0.1,0.35,10194,8853,382,4.386997366085151e-88,True
ood_exposure,SAFETY_RAW_GATE,0.1,0.4,10194,8851,382,4.9595032428810467e-88,True
ood_exposure,SAFETY_RAW_GATE,0.1,0.45,10194,8847,378,1.6830309184933994e-89,True
ood_exposure,SAFETY_RAW_GATE,0.1,0.5,10194,8839,372,1.1049509121805579e-91,True
ood_exposure,SAFETY_RAW_GATE,0.1,0.55,10194,8836,370,2.071096218970735e-92,True
ood_exposure,SAFETY_RAW_GATE,0.1,0.6,10194,8830,366,7.063344426341295e-94,True
ood_exposure,SAFETY_RAW_GATE,0.1,0.65,10194,8815,355,4.809597540376677e-98,True
ood_exposure,SAFETY_RAW_GATE,0.1,0.7,10194,8792,347,8.08906705643502e-101,True
ood_exposure,SAFETY_RAW_GATE,0.1,0.75,10194,8756,335,4.6417739941206224e-105,True
ood_exposure,SAFETY_RAW_GATE,0.1,0.8,10194,8701,326,1.603039885628091e-107,True
ood_exposure,SAFETY_RAW_GATE,0.1,0.85,10194,8592,296,1.7257120779300937e-118,True
ood_exposure,SAFETY_RAW_GATE,0.1,0.9,10194,8306,255,9.136621687390507e-131,True
ood_exposure,SAFETY_RAW_GATE,0.1,0.95,10194,7036,150,4.526588435896154e-152,True
ood_exposure,SAFETY_RAW_GATE,0.1,0.96,10194,6450,123,3.619804399253774e-150,True
ood_exposure,SAFETY_RAW_GATE,0.1,0.97,10194,5416,96,5.198601278811754e-132,True
ood_exposure,SAFETY_RAW_GATE,0.1,0.98,10194,3248,46,1.581756193595914e-89,True
ood_exposure,SAFETY_RAW_GATE,0.1,0.99,10194,309,6,1.898773710247137e-08,True
ood_exposure,SAFETY_RAW_GATE,0.1,1.0,10194,0,0,1.0,False
ood_exposure,SAFETY_RAW_GATE,0.12,0.0,10194,8860,385,2.2140261501556725e-139,True
ood_exposure,SAFETY_RAW_GATE,0.12,0.05,10194,8857,385,2.843953545075891e-139,True
ood_exposure,SAFETY_RAW_GATE,0.12,0.1,10194,8857,385,2.843953545075891e-139,True
ood_exposure,SAFETY_RAW_GATE,0.12,0.15,10194,8856,385,3.0914671902058235e-139,True
ood_exposure,SAFETY_RAW_GATE,0.12,0.2,10194,8855,384,1.1185222113796881e-139,True
ood_exposure,SAFETY_RAW_GATE,0.12,0.25,10194,8855,384,1.1185222113796881e-139,True
ood_exposure,SAFETY_RAW_GATE,0.12,0.3,10194,8855,384,1.1185222113796881e-139,True
ood_exposure,SAFETY_RAW_GATE,0.12,0.35,10194,8853,382,1.453323825470721e-140,True
ood_exposure,SAFETY_RAW_GATE,0.12,0.4,10194,8851,382,1.718437447798681e-140,True
ood_exposure,SAFETY_RAW_GATE,0.12,0.45,10194,8847,378,2.8177957948943205e-142,True
ood_exposure,SAFETY_RAW_GATE,0.12,0.5,10194,8839,372,6.498688952279455e-145,True
ood_exposure,SAFETY_RAW_GATE,0.12,0.55,10194,8836,370,8.65931892361446e-146,True
ood_exposure,SAFETY_RAW_GATE,0.12,0.6,10194,8830,366,1.4924111137347682e-147,True
ood_exposure,SAFETY_RAW_GATE,0.12,0.65,10194,8815,355,1.5038319721572706e-152,True
ood_exposure,SAFETY_RAW_GATE,0.12,0.7,10194,8792,347,8.267527628776659e-156,True
ood_exposure,SAFETY_RAW_GATE,0.12,0.75,10194,8756,335,9.169003852022907e-161,True
ood_exposure,SAFETY_RAW_GATE,0.12,0.8,10194,8701,326,1.7307862232664674e-163,True
ood_exposure,SAFETY_RAW_GATE,0.12,0.85,10194,8592,296,4.6848329453662286e-176,True
ood_exposure,SAFETY_RAW_GATE,0.12,0.9,10194,8306,255,3.5054051873016476e-189,True
ood_exposure,SAFETY_RAW_GATE,0.12,0.95,10194,7036,150,2.03052305660729e-207,True
ood_exposure,SAFETY_RAW_GATE,0.12,0.96,10194,6450,123,3.394874237059331e-202,True
ood_exposure,SAFETY_RAW_GATE,0.12,0.97,10194,5416,96,2.397176525959335e-176,True
ood_exposure,SAFETY_RAW_GATE,0.12,0.98,10194,3248,46,3.791212705318542e-117,True
ood_exposure,SAFETY_RAW_GATE,0.12,0.99,10194,309,6,6.032176108367959e-11,True
ood_exposure,SAFETY_RAW_GATE,0.12,1.0,10194,0,0,1.0,False
ood_exposure,SAFETY_RAW_GATE,0.14,0.0,10194,8860,385,2.9490522045789726e-198,True
ood_exposure,SAFETY_RAW_GATE,0.14,0.05,10194,8857,385,4.0584268137242335e-198,True
ood_exposure,SAFETY_RAW_GATE,0.14,0.1,10194,8857,385,4.0584268137242335e-198,True
ood_exposure,SAFETY_RAW_GATE,0.14,0.15,10194,8856,385,4.514174679595876e-198,True
ood_exposure,SAFETY_RAW_GATE,0.14,0.2,10194,8855,384,1.4003534028153887e-198,True
ood_exposure,SAFETY_RAW_GATE,0.14,0.25,10194,8855,384,1.4003534028153887e-198,True
ood_exposure,SAFETY_RAW_GATE,0.14,0.3,10194,8855,384,1.4003534028153887e-198,True
ood_exposure,SAFETY_RAW_GATE,0.14,0.35,10194,8853,382,1.3375598061638416e-199,True
ood_exposure,SAFETY_RAW_GATE,0.14,0.4,10194,8851,382,1.6559289607324566e-199,True
ood_exposure,SAFETY_RAW_GATE,0.14,0.45,10194,8847,378,1.4673369266189287e-201,True
ood_exposure,SAFETY_RAW_GATE,0.14,0.5,10194,8839,372,1.4075501304633866e-204,True
ood_exposure,SAFETY_RAW_GATE,0.14,0.55,10194,8836,370,1.4107563191828307e-205,True
ood_exposure,SAFETY_RAW_GATE,0.14,0.6,10194,8830,366,1.3756693546553388e-207,True
ood_exposure,SAFETY_RAW_GATE,0.14,0.65,10194,8815,355,2.796684722603973e-213,True
ood_exposure,SAFETY_RAW_GATE,0.14,0.7,10194,8792,347,6.336879161140736e-217,True
ood_exposure,SAFETY_RAW_GATE,0.14,0.75,10194,8756,335,1.9246616509456528e-222,True
ood_exposure,SAFETY_RAW_GATE,0.14,0.8,10194,8701,326,2.6172527358786243e-225,True
ood_exposure,SAFETY_RAW_GATE,0.14,0.85,10194,8592,296,4.30159669640051e-239,True
ood_exposure,SAFETY_RAW_GATE,0.14,0.9,10194,8306,255,1.630969345224662e-252,True
ood_exposure,SAFETY_RAW_GATE,0.14,0.95,10194,7036,150,3.8469698003099604e-266,True
ood_exposure,SAFETY_RAW_GATE,0.14,0.96,10194,6450,123,3.8333771392714246e-257,True
ood_exposure,SAFETY_RAW_GATE,0.14,0.97,10194,5416,96,4.785778844296207e-223,True
ood_exposure,SAFETY_RAW_GATE,0.14,0.98,10194,3248,46,4.793766631433791e-146,True
ood_exposure,SAFETY_RAW_GATE,0.14,0.99,10194,309,6,1.3989754773864074e-13,True
ood_exposure,SAFETY_RAW_GATE,0.14,1.0,10194,0,0,1.0,False
ood_exposure,SAFETY_RAW_GATE,0.16,0.0,10194,8860,385,1.4636953334054078e-262,True
ood_exposure,SAFETY_RAW_GATE,0.16,0.05,10194,8857,385,2.161584157177723e-262,True
ood_exposure,SAFETY_RAW_GATE,0.16,0.1,10194,8857,385,2.161584157177723e-262,True
ood_exposure,SAFETY_RAW_GATE,0.16,0.15,10194,8856,385,2.4615473191849588e-262,True
ood_exposure,SAFETY_RAW_GATE,0.16,0.2,10194,8855,384,6.682800813234421e-263,True
ood_exposure,SAFETY_RAW_GATE,0.16,0.25,10194,8855,384,6.682800813234421e-263,True
ood_exposure,SAFETY_RAW_GATE,0.16,0.3,10194,8855,384,6.682800813234421e-263,True
ood_exposure,SAFETY_RAW_GATE,0.16,0.35,10194,8853,382,4.888951187760976e-264,True
ood_exposure,SAFETY_RAW_GATE,0.16,0.4,10194,8851,382,6.344173995366064e-264,True
ood_exposure,SAFETY_RAW_GATE,0.16,0.45,10194,8847,378,3.297803908211245e-266,True
ood_exposure,SAFETY_RAW_GATE,0.16,0.5,10194,8839,372,1.4898002518222275e-269,True
ood_exposure,SAFETY_RAW_GATE,0.16,0.55,10194,8836,370,1.170873661358112e-270,True
ood_exposure,SAFETY_RAW_GATE,0.16,0.6,10194,8830,366,7.020342027601664e-273,True
ood_exposure,SAFETY_RAW_GATE,0.16,0.65,10194,8815,355,3.616724573041162e-279,True
ood_exposure,SAFETY_RAW_GATE,0.16,0.7,10194,8792,347,4.013082824495833e-283,True
ood_exposure,SAFETY_RAW_GATE,0.16,0.75,10194,8756,335,4.326804506849153e-289,True
ood_exposure,SAFETY_RAW_GATE,0.16,0.8,10194,8701,326,5.228326498034829e-292,True
ood_exposure,SAFETY_RAW_GATE,0.16,0.85,10194,8592,296,1.0086166732566148e-306,True
ood_exposure,SAFETY_RAW_GATE,0.16,0.9,10194,8306,255,5.14e-320,True
ood_exposure,SAFETY_RAW_GATE,0.16,0.95,10194,7036,150,0.0,True
ood_exposure,SAFETY_RAW_GATE,0.16,0.96,10194,6450,123,1.125840084e-314,True
ood_exposure,SAFETY_RAW_GATE,0.16,0.97,10194,5416,96,7.472128496829879e-272,True
ood_exposure,SAFETY_RAW_GATE,0.16,0.98,10194,3248,46,4.173497682561804e-176,True
ood_exposure,SAFETY_RAW_GATE,0.16,0.99,10194,309,6,2.449735778460467e-16,True
ood_exposure,SAFETY_RAW_GATE,0.16,1.0,10194,0,0,1.0,False
ood_exposure,SAFETY_RAW_GATE,0.18,0.0,10194,8860,385,0.0,True
ood_exposure,SAFETY_RAW_GATE,0.18,0.05,10194,8857,385,0.0,True
ood_exposure,SAFETY_RAW_GATE,0.18,0.1,10194,8857,385,0.0,True
ood_exposure,SAFETY_RAW_GATE,0.18,0.15,10194,8856,385,0.0,True
ood_exposure,SAFETY_RAW_GATE,0.18,0.2,10194,8855,384,0.0,True
ood_exposure,SAFETY_RAW_GATE,0.18,0.25,10194,8855,384,0.0,True
ood_exposure,SAFETY_RAW_GATE,0.18,0.3,10194,8855,384,0.0,True
ood_exposure,SAFETY_RAW_GATE,0.18,0.35,10194,8853,382,0.0,True
ood_exposure,SAFETY_RAW_GATE,0.18,0.4,10194,8851,382,0.0,True
ood_exposure,SAFETY_RAW_GATE,0.18,0.45,10194,8847,378,0.0,True
ood_exposure,SAFETY_RAW_GATE,0.18,0.5,10194,8839,372,0.0,True
ood_exposure,SAFETY_RAW_GATE,0.18,0.55,10194,8836,370,0.0,True
ood_exposure,SAFETY_RAW_GATE,0.18,0.6,10194,8830,366,0.0,True
ood_exposure,SAFETY_RAW_GATE,0.18,0.65,10194,8815,355,0.0,True
ood_exposure,SAFETY_RAW_GATE,0.18,0.7,10194,8792,347,0.0,True
ood_exposure,SAFETY_RAW_GATE,0.18,0.75,10194,8756,335,0.0,True
ood_exposure,SAFETY_RAW_GATE,0.18,0.8,10194,8701,326,0.0,True
ood_exposure,SAFETY_RAW_GATE,0.18,0.85,10194,8592,296,0.0,True
ood_exposure,SAFETY_RAW_GATE,0.18,0.9,10194,8306,255,0.0,True
ood_exposure,SAFETY_RAW_GATE,0.18,0.95,10194,7036,150,0.0,True
ood_exposure,SAFETY_RAW_GATE,0.18,0.96,10194,6450,123,0.0,True
ood_exposure,SAFETY_RAW_GATE,0.18,0.97,10194,5416,96,1.3e-322,True
ood_exposure,SAFETY_RAW_GATE,0.18,0.98,10194,3248,46,2.874449990484971e-207,True
ood_exposure,SAFETY_RAW_GATE,0.18,0.99,10194,309,6,3.301161443608464e-19,True
ood_exposure,SAFETY_RAW_GATE,0.18,1.0,10194,0,0,1.0,False
ood_exposure,SAFETY_RAW_GATE,0.2,0.0,10194,8860,385,0.0,True
ood_exposure,SAFETY_RAW_GATE,0.2,0.05,10194,8857,385,0.0,True
ood_exposure,SAFETY_RAW_GATE,0.2,0.1,10194,8857,385,0.0,True
ood_exposure,SAFETY_RAW_GATE,0.2,0.15,10194,8856,385,0.0,True
ood_exposure,SAFETY_RAW_GATE,0.2,0.2,10194,8855,384,0.0,True
ood_exposure,SAFETY_RAW_GATE,0.2,0.25,10194,8855,384,0.0,True
ood_exposure,SAFETY_RAW_GATE,0.2,0.3,10194,8855,384,0.0,True
ood_exposure,SAFETY_RAW_GATE,0.2,0.35,10194,8853,382,0.0,True
ood_exposure,SAFETY_RAW_GATE,0.2,0.4,10194,8851,382,0.0,True
ood_exposure,SAFETY_RAW_GATE,0.2,0.45,10194,8847,378,0.0,True
ood_exposure,SAFETY_RAW_GATE,0.2,0.5,10194,8839,372,0.0,True
ood_exposure,SAFETY_RAW_GATE,0.2,0.55,10194,8836,370,0.0,True
ood_exposure,SAFETY_RAW_GATE,0.2,0.6,10194,8830,366,0.0,True
ood_exposure,SAFETY_RAW_GATE,0.2,0.65,10194,8815,355,0.0,True
ood_exposure,SAFETY_RAW_GATE,0.2,0.7,10194,8792,347,0.0,True
ood_exposure,SAFETY_RAW_GATE,0.2,0.75,10194,8756,335,0.0,True
ood_exposure,SAFETY_RAW_GATE,0.2,0.8,10194,8701,326,0.0,True
ood_exposure,SAFETY_RAW_GATE,0.2,0.85,10194,8592,296,0.0,True
ood_exposure,SAFETY_RAW_GATE,0.2,0.9,10194,8306,255,0.0,True
ood_exposure,SAFETY_RAW_GATE,0.2,0.95,10194,7036,150,0.0,True
ood_exposure,SAFETY_RAW_GATE,0.2,0.96,10194,6450,123,0.0,True
ood_exposure,SAFETY_RAW_GATE,0.2,0.97,10194,5416,96,0.0,True
ood_exposure,SAFETY_RAW_GATE,0.2,0.98,10194,3248,46,1.6668699929573048e-239,True
ood_exposure,SAFETY_RAW_GATE,0.2,0.99,10194,309,6,3.4581815135278554e-22,True
ood_exposure,SAFETY_RAW_GATE,0.2,1.0,10194,0,0,1.0,False
