case_id,source_case_id,item_category,t0_time,t1_time,elapsed_t0_to_t1_days,transaction_exposure_eur,transaction_risk_stratum,split_temporal,y_t1_d1,evaluation_regime,p_safe_t1_raw,p_safe_t1_cal,p_not_safe_t1_raw,p_not_safe_t1_cal,predicted_t1_safety,predictive_entropy_t1
4508068914_00010,4508068914_00010,"3-way match, invoice before GR",2018-11-20 10:47:00+00:00,2018-11-22 06:30:00+00:00,1.8215277777777779,55.0,R1_0_50,test,SAFE_TO_EXECUTE,temporal,0.7903602863744427,0.9782082324455206,0.20963971362555733,0.021791767554479424,SAFE_TO_EXECUTE,0.15138595194073864
4508068914_00020,4508068914_00020,"3-way match, invoice before GR",2018-11-20 10:47:00+00:00,2018-11-22 06:30:00+00:00,1.8215277777777779,60.0,R1_0_50,test,SAFE_TO_EXECUTE,temporal,0.7903575192754193,0.9782082324455206,0.2096424807245807,0.021791767554479424,SAFE_TO_EXECUTE,0.15138595194073864
4508068914_00030,4508068914_00030,"3-way match, invoice before GR",2018-11-20 10:47:00+00:00,2018-11-22 06:30:00+00:00,1.8215277777777779,295.0,R1_0_50,test,SAFE_TO_EXECUTE,temporal,0.79022743535051,0.9782082324455206,0.20977256464949,0.021791767554479424,SAFE_TO_EXECUTE,0.15138595194073864
4508068914_00040,4508068914_00040,"3-way match, invoice before GR",2018-11-20 10:47:00+00:00,2018-11-22 06:30:00+00:00,1.8215277777777779,25.0,R1_0_50,test,SAFE_TO_EXECUTE,temporal,0.7903768884050326,0.9782082324455206,0.20962311159496738,0.021791767554479424,SAFE_TO_EXECUTE,0.15138595194073864
4508068914_00050,4508068914_00050,"3-way match, invoice before GR",2018-11-20 10:47:00+00:00,2018-11-22 06:30:00+00:00,1.8215277777777779,559.0,R1_0_50,test,SAFE_TO_EXECUTE,temporal,0.7900812278104653,0.9782082324455206,0.2099187721895347,0.021791767554479424,SAFE_TO_EXECUTE,0.15138595194073864
4508066310_00010,4508066310_00010,"3-way match, invoice before GR",2018-11-20 11:45:00+00:00,2018-11-21 07:09:00+00:00,0.8083333333333333,1831.0,R2_50_90,test,SAFE_TO_EXECUTE,temporal,0.7758064818078853,0.9782082324455206,0.22419351819211475,0.021791767554479424,SAFE_TO_EXECUTE,0.15138595194073864
4508067205_00010,4508067205_00010,"3-way match, invoice before GR",2018-11-20 13:00:00+00:00,2018-11-22 10:20:00+00:00,1.8888888888888888,26292.0,R3_90_99,test,SAFE_TO_EXECUTE,temporal,0.8219024231728504,0.9782082324455206,0.17809757682714955,0.021791767554479424,SAFE_TO_EXECUTE,0.15138595194073864
4508068686_00040,4508068686_00040,"3-way match, invoice before GR",2018-11-20 13:06:00+00:00,2018-11-21 06:01:00+00:00,0.7048611111111112,185.0,R1_0_50,test,SAFE_TO_EXECUTE,temporal,0.787926408193747,0.9782082324455206,0.21207359180625296,0.021791767554479424,SAFE_TO_EXECUTE,0.15138595194073864
4508068908_00010,4508068908_00010,"3-way match, invoice before GR",2018-11-20 13:10:00+00:00,2018-11-20 16:34:00+00:00,0.14166666666666666,124.0,R1_0_50,test,SAFE_TO_EXECUTE,temporal,0.7998376220954032,0.9782082324455206,0.2001623779045968,0.021791767554479424,SAFE_TO_EXECUTE,0.15138595194073864
4508068908_00020,4508068908_00020,"3-way match, invoice before GR",2018-11-20 13:10:00+00:00,2018-11-20 16:34:00+00:00,0.14166666666666666,322.0,R1_0_50,test,SAFE_TO_EXECUTE,temporal,0.7997317236698593,0.9782082324455206,0.20026827633014066,0.021791767554479424,SAFE_TO_EXECUTE,0.15138595194073864
4508068908_00030,4508068908_00030,"3-way match, invoice before GR",2018-11-20 13:10:00+00:00,2018-11-20 16:34:00+00:00,0.14166666666666666,690.0,R2_50_90,test,SAFE_TO_EXECUTE,temporal,0.79953479080446,0.9782082324455206,0.20046520919554,0.021791767554479424,SAFE_TO_EXECUTE,0.15138595194073864
4508068908_00040,4508068908_00040,"3-way match, invoice before GR",2018-11-20 13:10:00+00:00,2018-11-20 16:34:00+00:00,0.14166666666666666,120.0,R1_0_50,test,SAFE_TO_EXECUTE,temporal,0.7998397610248266,0.9782082324455206,0.20016023897517343,0.021791767554479424,SAFE_TO_EXECUTE,0.15138595194073864
4508068761_00010,4508068761_00010,"3-way match, invoice before GR",2018-11-20 13:28:00+00:00,2018-11-22 09:10:00+00:00,1.8208333333333333,998.0,R2_50_90,test,SAFE_TO_EXECUTE,temporal,0.8377695463337254,0.9782082324455206,0.16223045366627464,0.021791767554479424,SAFE_TO_EXECUTE,0.15138595194073864
4508065478_00070,4508065478_00070,"3-way match, invoice before GR",2018-11-20 14:35:00+00:00,2018-11-21 11:45:00+00:00,0.8819444444444444,513.0,R1_0_50,test,SAFE_TO_EXECUTE,temporal,0.678901487942752,0.9560439560439561,0.32109851205724804,0.04395604395604391,SAFE_TO_EXECUTE,0.2601453639477141
4508060581_00010,4508060581_00010,"3-way match, invoice before GR",2018-11-20 14:41:00+00:00,2018-11-22 09:34:00+00:00,1.7868055555555555,788.0,R2_50_90,test,SAFE_TO_EXECUTE,temporal,0.7840130329760315,0.9782082324455206,0.21598696702396847,0.021791767554479424,SAFE_TO_EXECUTE,0.15138595194073864
4508068472_00010,4508068472_00010,"3-way match, invoice before GR",2018-11-20 16:00:00+00:00,2018-11-22 06:38:00+00:00,1.6097222222222223,20493.0,R3_90_99,test,SAFE_TO_EXECUTE,temporal,0.8439227463652411,0.9782082324455206,0.15607725363475888,0.021791767554479424,SAFE_TO_EXECUTE,0.15138595194073864
4508068472_00020,4508068472_00020,"3-way match, invoice before GR",2018-11-20 16:00:00+00:00,2018-11-22 06:38:00+00:00,1.6097222222222223,706.0,R2_50_90,test,SAFE_TO_EXECUTE,temporal,0.8524313984594705,0.9782082324455206,0.14756860154052953,0.021791767554479424,SAFE_TO_EXECUTE,0.15138595194073864
4508068472_00030,4508068472_00030,"3-way match, invoice before GR",2018-11-20 16:00:00+00:00,2018-11-22 06:38:00+00:00,1.6097222222222223,1908.0,R2_50_90,test,SAFE_TO_EXECUTE,temporal,0.8519256598209789,0.9782082324455206,0.1480743401790211,0.021791767554479424,SAFE_TO_EXECUTE,0.15138595194073864
4508068132_00010,4508068132_00010,"3-way match, invoice before GR",2018-11-20 16:35:00+00:00,2018-11-22 06:38:00+00:00,1.5854166666666667,23320.0,R3_90_99,test,SAFE_TO_EXECUTE,temporal,0.8413338063666516,0.9782082324455206,0.15866619363334844,0.021791767554479424,SAFE_TO_EXECUTE,0.15138595194073864
4508068754_00010,4508068754_00010,"3-way match, invoice before GR",2018-11-20 16:39:00+00:00,2018-11-22 06:39:00+00:00,1.5833333333333333,19786.0,R3_90_99,test,SAFE_TO_EXECUTE,temporal,0.8455646852993722,0.9782082324455206,0.15443531470062777,0.021791767554479424,SAFE_TO_EXECUTE,0.15138595194073864
4508068754_00020,4508068754_00020,"3-way match, invoice before GR",2018-11-20 16:39:00+00:00,2018-11-22 06:39:00+00:00,1.5833333333333333,3533.0,R2_50_90,test,SAFE_TO_EXECUTE,temporal,0.8525214073229928,0.9782082324455206,0.14747859267700725,0.021791767554479424,SAFE_TO_EXECUTE,0.15138595194073864
4508068940_00010,4508068940_00010,"3-way match, invoice before GR",2018-11-20 17:20:00+00:00,2018-11-21 16:38:00+00:00,0.9708333333333333,612.0,R2_50_90,test,SAFE_TO_EXECUTE,temporal,0.8156402172030307,0.9782082324455206,0.1843597827969693,0.021791767554479424,SAFE_TO_EXECUTE,0.15138595194073864
4508068940_00020,4508068940_00020,"3-way match, invoice before GR",2018-11-20 17:20:00+00:00,2018-11-21 16:38:00+00:00,0.9708333333333333,623.0,R2_50_90,test,SAFE_TO_EXECUTE,temporal,0.8156346924042633,0.9782082324455206,0.18436530759573666,0.021791767554479424,SAFE_TO_EXECUTE,0.15138595194073864
4508068940_00030,4508068940_00030,"3-way match, invoice before GR",2018-11-20 17:20:00+00:00,2018-11-21 16:38:00+00:00,0.9708333333333333,486.0,R1_0_50,test,SAFE_TO_EXECUTE,temporal,0.8157034921216123,0.9782082324455206,0.1842965078783877,0.021791767554479424,SAFE_TO_EXECUTE,0.15138595194073864
4508068940_00040,4508068940_00040,"3-way match, invoice before GR",2018-11-20 17:20:00+00:00,2018-11-21 16:38:00+00:00,0.9708333333333333,816.0,R2_50_90,test,SAFE_TO_EXECUTE,temporal,0.8155377364504167,0.9782082324455206,0.18446226354958328,0.021791767554479424,SAFE_TO_EXECUTE,0.15138595194073864
4508068940_00050,4508068940_00050,"3-way match, invoice before GR",2018-11-20 17:20:00+00:00,2018-11-21 16:38:00+00:00,0.9708333333333333,368.0,R1_0_50,test,SAFE_TO_EXECUTE,temporal,0.8157627343406896,0.9782082324455206,0.18423726565931042,0.021791767554479424,SAFE_TO_EXECUTE,0.15138595194073864
4508068940_00060,4508068940_00060,"3-way match, invoice before GR",2018-11-20 17:20:00+00:00,2018-11-21 16:38:00+00:00,0.9708333333333333,953.0,R2_50_90,test,SAFE_TO_EXECUTE,temporal,0.8154688888531265,0.9782082324455206,0.18453111114687348,0.021791767554479424,SAFE_TO_EXECUTE,0.15138595194073864
4508068940_00070,4508068940_00070,"3-way match, invoice before GR",2018-11-20 17:20:00+00:00,2018-11-21 16:38:00+00:00,0.9708333333333333,529.0,R1_0_50,test,SAFE_TO_EXECUTE,temporal,0.8156819001899047,0.9782082324455206,0.18431809981009528,0.021791767554479424,SAFE_TO_EXECUTE,0.15138595194073864
4508068940_00080,4508068940_00080,"3-way match, invoice before GR",2018-11-20 17:20:00+00:00,2018-11-21 16:38:00+00:00,0.9708333333333333,337.0,R1_0_50,test,SAFE_TO_EXECUTE,temporal,0.8157782955290325,0.9782082324455206,0.18422170447096753,0.021791767554479424,SAFE_TO_EXECUTE,0.15138595194073864
4508068940_00090,4508068940_00090,"3-way match, invoice before GR",2018-11-20 17:20:00+00:00,2018-11-21 16:38:00+00:00,0.9708333333333333,69.0,R1_0_50,test,SAFE_TO_EXECUTE,temporal,0.8159127820901203,0.9782082324455206,0.1840872179098797,0.021791767554479424,SAFE_TO_EXECUTE,0.15138595194073864
4508068940_00100,4508068940_00100,"3-way match, invoice before GR",2018-11-20 17:20:00+00:00,2018-11-21 16:38:00+00:00,0.9708333333333333,511.0,R1_0_50,test,SAFE_TO_EXECUTE,temporal,0.8156909389112068,0.9782082324455206,0.1843090610887932,0.021791767554479424,SAFE_TO_EXECUTE,0.15138595194073864
4508068940_00110,4508068940_00110,"3-way match, invoice before GR",2018-11-20 17:20:00+00:00,2018-11-21 16:38:00+00:00,0.9708333333333333,64.0,R1_0_50,test,SAFE_TO_EXECUTE,temporal,0.8159152904451576,0.9782082324455206,0.18408470955484235,0.021791767554479424,SAFE_TO_EXECUTE,0.15138595194073864
4508068940_00120,4508068940_00120,"3-way match, invoice before GR",2018-11-20 17:20:00+00:00,2018-11-21 16:38:00+00:00,0.9708333333333333,317.0,R1_0_50,test,SAFE_TO_EXECUTE,temporal,0.8157883344653697,0.9782082324455206,0.1842116655346303,0.021791767554479424,SAFE_TO_EXECUTE,0.15138595194073864
4508068940_00130,4508068940_00130,"3-way match, invoice before GR",2018-11-20 17:20:00+00:00,2018-11-21 16:38:00+00:00,0.9708333333333333,786.0,R2_50_90,test,SAFE_TO_EXECUTE,temporal,0.8155528099134943,0.9782082324455206,0.18444719008650567,0.021791767554479424,SAFE_TO_EXECUTE,0.15138595194073864
4508068940_00140,4508068940_00140,"3-way match, invoice before GR",2018-11-20 17:20:00+00:00,2018-11-21 16:38:00+00:00,0.9708333333333333,1647.0,R2_50_90,test,SAFE_TO_EXECUTE,temporal,0.8151198225796611,0.9782082324455206,0.1848801774203389,0.021791767554479424,SAFE_TO_EXECUTE,0.15138595194073864
4508068940_00150,4508068940_00150,"3-way match, invoice before GR",2018-11-20 17:20:00+00:00,2018-11-21 16:38:00+00:00,0.9708333333333333,207.0,R1_0_50,test,SAFE_TO_EXECUTE,temporal,0.815843541044669,0.9782082324455206,0.18415645895533095,0.021791767554479424,SAFE_TO_EXECUTE,0.15138595194073864
4508068940_00160,4508068940_00160,"3-way match, invoice before GR",2018-11-20 17:20:00+00:00,2018-11-21 16:38:00+00:00,0.9708333333333333,1429.0,R2_50_90,test,SAFE_TO_EXECUTE,temporal,0.8152295266052999,0.9782082324455206,0.1847704733947001,0.021791767554479424,SAFE_TO_EXECUTE,0.15138595194073864
4508068940_00170,4508068940_00170,"3-way match, invoice before GR",2018-11-20 17:20:00+00:00,2018-11-21 16:38:00+00:00,0.9708333333333333,1090.0,R2_50_90,test,SAFE_TO_EXECUTE,temporal,0.815400021376014,0.9782082324455206,0.18459997862398603,0.021791767554479424,SAFE_TO_EXECUTE,0.15138595194073864
4508068940_00180,4508068940_00180,"3-way match, invoice before GR",2018-11-20 17:20:00+00:00,2018-11-21 16:38:00+00:00,0.9708333333333333,73.0,R1_0_50,test,SAFE_TO_EXECUTE,temporal,0.815910775387034,0.9782082324455206,0.18408922461296595,0.021791767554479424,SAFE_TO_EXECUTE,0.15138595194073864
4508068940_00190,4508068940_00190,"3-way match, invoice before GR",2018-11-20 17:20:00+00:00,2018-11-21 16:38:00+00:00,0.9708333333333333,151.0,R1_0_50,test,SAFE_TO_EXECUTE,temporal,0.81587164129108,0.9782082324455206,0.18412835870891997,0.021791767554479424,SAFE_TO_EXECUTE,0.15138595194073864
4508068940_00200,4508068940_00200,"3-way match, invoice before GR",2018-11-20 17:20:00+00:00,2018-11-21 16:38:00+00:00,0.9708333333333333,39.0,R1_0_50,test,SAFE_TO_EXECUTE,temporal,0.8159278318233343,0.9782082324455206,0.18407216817666572,0.021791767554479424,SAFE_TO_EXECUTE,0.15138595194073864
4508068940_00210,4508068940_00210,"3-way match, invoice before GR",2018-11-20 17:20:00+00:00,2018-11-21 16:38:00+00:00,0.9708333333333333,3175.0,R2_50_90,test,SAFE_TO_EXECUTE,temporal,0.8143494742369592,0.9782082324455206,0.18565052576304075,0.021791767554479424,SAFE_TO_EXECUTE,0.15138595194073864
4508068940_00220,4508068940_00220,"3-way match, invoice before GR",2018-11-20 17:20:00+00:00,2018-11-21 16:38:00+00:00,0.9708333333333333,267.0,R1_0_50,test,SAFE_TO_EXECUTE,temporal,0.8158134299532607,0.9782082324455206,0.18418657004673933,0.021791767554479424,SAFE_TO_EXECUTE,0.15138595194073864
4508068940_00230,4508068940_00230,"3-way match, invoice before GR",2018-11-20 17:20:00+00:00,2018-11-21 16:38:00+00:00,0.9708333333333333,339.0,R1_0_50,test,SAFE_TO_EXECUTE,temporal,0.815777291612104,0.9782082324455206,0.184222708387896,0.021791767554479424,SAFE_TO_EXECUTE,0.15138595194073864
4508068940_00240,4508068940_00240,"3-way match, invoice before GR",2018-11-20 17:20:00+00:00,2018-11-21 16:38:00+00:00,0.9708333333333333,207.0,R1_0_50,test,SAFE_TO_EXECUTE,temporal,0.815843541044669,0.9782082324455206,0.18415645895533095,0.021791767554479424,SAFE_TO_EXECUTE,0.15138595194073864
4508068940_00250,4508068940_00250,"3-way match, invoice before GR",2018-11-20 17:20:00+00:00,2018-11-21 16:38:00+00:00,0.9708333333333333,365.0,R1_0_50,test,SAFE_TO_EXECUTE,temporal,0.8157642403066141,0.9782082324455206,0.1842357596933859,0.021791767554479424,SAFE_TO_EXECUTE,0.15138595194073864
4508068940_00260,4508068940_00260,"3-way match, invoice before GR",2018-11-20 17:20:00+00:00,2018-11-21 16:38:00+00:00,0.9708333333333333,770.0,R2_50_90,test,SAFE_TO_EXECUTE,temporal,0.8155608487040553,0.9782082324455206,0.18443915129594468,0.021791767554479424,SAFE_TO_EXECUTE,0.15138595194073864
4508068940_00270,4508068940_00270,"3-way match, invoice before GR",2018-11-20 17:20:00+00:00,2018-11-21 16:38:00+00:00,0.9708333333333333,1866.0,R2_50_90,test,SAFE_TO_EXECUTE,temporal,0.8150095646230263,0.9782082324455206,0.18499043537697368,0.021791767554479424,SAFE_TO_EXECUTE,0.15138595194073864
4508068940_00280,4508068940_00280,"3-way match, invoice before GR",2018-11-20 17:20:00+00:00,2018-11-21 16:38:00+00:00,0.9708333333333333,838.0,R2_50_90,test,SAFE_TO_EXECUTE,temporal,0.8155266819716834,0.9782082324455206,0.18447331802831657,0.021791767554479424,SAFE_TO_EXECUTE,0.15138595194073864
4508061931_00010,4508061931_00010,"3-way match, invoice before GR",2018-11-21 10:06:00+00:00,2018-12-13 09:35:00+00:00,21.978472222222223,831.0,R2_50_90,test,SAFE_TO_EXECUTE,temporal,0.9500376052094641,0.9782082324455206,0.04996239479053588,0.021791767554479424,SAFE_TO_EXECUTE,0.15138595194073864
4508066543_00110,4508066543_00110,"3-way match, invoice before GR",2018-11-21 10:55:00+00:00,2018-11-23 06:33:00+00:00,1.8180555555555555,1171.0,R2_50_90,test,SAFE_TO_EXECUTE,temporal,0.7673657591741664,0.9560439560439561,0.23263424082583362,0.04395604395604391,SAFE_TO_EXECUTE,0.2601453639477141
4508064842_00010,4508064842_00010,"3-way match, invoice before GR",2018-11-21 11:36:00+00:00,2018-11-23 09:55:00+00:00,1.929861111111111,6096.0,R2_50_90,test,SAFE_TO_EXECUTE,temporal,0.8270820818869954,0.9782082324455206,0.1729179181130046,0.021791767554479424,SAFE_TO_EXECUTE,0.15138595194073864
4508068942_00010,4508068942_00010,"3-way match, invoice before GR",2018-11-21 12:30:00+00:00,2018-11-22 06:30:00+00:00,0.75,388.0,R1_0_50,test,SAFE_TO_EXECUTE,temporal,0.8783033090551694,0.9782082324455206,0.1216966909448306,0.021791767554479424,SAFE_TO_EXECUTE,0.15138595194073864
4508064086_00010,4508064086_00010,"3-way match, invoice before GR",2018-11-21 12:55:00+00:00,2018-11-23 08:32:00+00:00,1.8173611111111112,8311.0,R3_90_99,test,SAFE_TO_EXECUTE,temporal,0.79435268181069,0.9782082324455206,0.20564731818931004,0.021791767554479424,SAFE_TO_EXECUTE,0.15138595194073864
4508063338_00010,4508063338_00010,"3-way match, invoice before GR",2018-11-21 12:56:00+00:00,2018-11-22 15:07:00+00:00,1.0909722222222222,70200.0,R4_99_100,test,SAFE_TO_EXECUTE,temporal,0.7846116497536094,0.9782082324455206,0.21538835024639058,0.021791767554479424,SAFE_TO_EXECUTE,0.15138595194073864
4508067922_00100,4508067922_00100,"3-way match, invoice before GR",2018-11-21 13:26:00+00:00,2018-11-28 12:27:00+00:00,6.959027777777778,333.0,R1_0_50,test,NOT_SAFE_TO_EXECUTE,temporal,0.2762139877712487,0.7272727272727273,0.7237860122287513,0.2727272727272727,SAFE_TO_EXECUTE,0.8453509366224364
4508065845_00030,4508065845_00030,"3-way match, invoice before GR",2018-11-21 13:36:00+00:00,2018-11-23 07:22:00+00:00,1.7402777777777778,937.0,R2_50_90,test,SAFE_TO_EXECUTE,temporal,0.7641805077792995,0.9560439560439561,0.23581949222070053,0.04395604395604391,SAFE_TO_EXECUTE,0.2601453639477141
4508065453_00020,4508065453_00020,"3-way match, invoice before GR",2018-11-21 14:14:00+00:00,2018-11-23 09:13:00+00:00,1.7909722222222222,5800.0,R2_50_90,test,SAFE_TO_EXECUTE,temporal,0.8274568369286939,0.9782082324455206,0.17254316307130613,0.021791767554479424,SAFE_TO_EXECUTE,0.15138595194073864
4508065453_00030,4508065453_00030,"3-way match, invoice before GR",2018-11-21 14:14:00+00:00,2018-11-23 09:02:00+00:00,1.7833333333333334,6096.0,R2_50_90,test,SAFE_TO_EXECUTE,temporal,0.8273310770169781,0.9782082324455206,0.17266892298302194,0.021791767554479424,SAFE_TO_EXECUTE,0.15138595194073864
4508067648_00100,4508067648_00100,"3-way match, invoice before GR",2018-11-21 14:47:00+00:00,2018-11-21 18:42:00+00:00,0.16319444444444445,242.0,R1_0_50,test,NOT_SAFE_TO_EXECUTE,temporal,0.818953303466273,0.9782082324455206,0.18104669653372696,0.021791767554479424,SAFE_TO_EXECUTE,0.15138595194073864
4508066724_00220,4508066724_00220,"3-way match, invoice before GR",2018-11-21 14:53:00+00:00,2018-11-21 18:43:00+00:00,0.1597222222222222,242.0,R1_0_50,test,NOT_SAFE_TO_EXECUTE,temporal,0.811374007480633,0.9782082324455206,0.18862599251936696,0.021791767554479424,SAFE_TO_EXECUTE,0.15138595194073864
4508064176_00050,4508064176_00050,"3-way match, invoice before GR",2018-11-21 15:10:00+00:00,2019-01-10 10:19:00+00:00,49.797916666666666,1529.0,R2_50_90,test,SAFE_TO_EXECUTE,temporal,0.705796505067729,0.9560439560439561,0.29420349493227105,0.04395604395604391,SAFE_TO_EXECUTE,0.2601453639477141
4508068961_00010,4508068961_00010,"3-way match, invoice before GR",2018-11-21 15:19:00+00:00,2018-11-22 06:39:00+00:00,0.6388888888888888,19080.0,R3_90_99,test,SAFE_TO_EXECUTE,temporal,0.8501294293698427,0.9782082324455206,0.1498705706301573,0.021791767554479424,SAFE_TO_EXECUTE,0.15138595194073864
4508068961_00020,4508068961_00020,"3-way match, invoice before GR",2018-11-21 15:19:00+00:00,2018-11-22 06:39:00+00:00,0.6388888888888888,3816.0,R2_50_90,test,SAFE_TO_EXECUTE,temporal,0.8565098202127085,0.9782082324455206,0.1434901797872915,0.021791767554479424,SAFE_TO_EXECUTE,0.15138595194073864
4508066348_00010,4508066348_00010,"3-way match, invoice before GR",2018-11-21 15:44:00+00:00,2018-11-30 10:55:00+00:00,8.799305555555556,5800.0,R2_50_90,test,SAFE_TO_EXECUTE,temporal,0.8322874566091778,0.9782082324455206,0.1677125433908222,0.021791767554479424,SAFE_TO_EXECUTE,0.15138595194073864
4508065453_00010,4508065453_00010,"3-way match, invoice before GR",2018-11-21 15:49:00+00:00,2018-11-23 08:36:00+00:00,1.6993055555555556,12466.0,R3_90_99,test,SAFE_TO_EXECUTE,temporal,0.8036585113057235,0.9782082324455206,0.19634148869427648,0.021791767554479424,SAFE_TO_EXECUTE,0.15138595194073864
4508065263_00010,4508065263_00010,"3-way match, invoice before GR",2018-11-21 16:06:00+00:00,2018-11-30 11:07:00+00:00,8.792361111111111,766.0,R2_50_90,test,SAFE_TO_EXECUTE,temporal,0.8300536556059438,0.9782082324455206,0.1699463443940562,0.021791767554479424,SAFE_TO_EXECUTE,0.15138595194073864
4508064653_00010,4508064653_00010,"3-way match, invoice before GR",2018-11-21 16:45:00+00:00,2018-11-30 11:03:00+00:00,8.7625,1340.0,R2_50_90,test,SAFE_TO_EXECUTE,temporal,0.8216340525375508,0.9782082324455206,0.17836594746244916,0.021791767554479424,SAFE_TO_EXECUTE,0.15138595194073864
4508069235_00010,4508069235_00010,"3-way match, invoice before GR",2018-11-21 17:46:00+00:00,2018-11-23 06:23:00+00:00,1.5256944444444445,75.0,R1_0_50,test,SAFE_TO_EXECUTE,temporal,0.8147099681284219,0.9782082324455206,0.1852900318715781,0.021791767554479424,SAFE_TO_EXECUTE,0.15138595194073864
4508069235_00020,4508069235_00020,"3-way match, invoice before GR",2018-11-21 17:46:00+00:00,2018-11-23 06:23:00+00:00,1.5256944444444445,79.0,R1_0_50,test,SAFE_TO_EXECUTE,temporal,0.8147079512912995,0.9782082324455206,0.18529204870870053,0.021791767554479424,SAFE_TO_EXECUTE,0.15138595194073864
4508069235_00030,4508069235_00030,"3-way match, invoice before GR",2018-11-21 17:46:00+00:00,2018-11-23 06:23:00+00:00,1.5256944444444445,207.0,R1_0_50,test,SAFE_TO_EXECUTE,temporal,0.8146434035483422,0.9782082324455206,0.1853565964516578,0.021791767554479424,SAFE_TO_EXECUTE,0.15138595194073864
4508069235_00040,4508069235_00040,"3-way match, invoice before GR",2018-11-21 17:46:00+00:00,2018-11-23 06:23:00+00:00,1.5256944444444445,85.0,R1_0_50,test,SAFE_TO_EXECUTE,temporal,0.8147049260038154,0.9782082324455206,0.1852950739961846,0.021791767554479424,SAFE_TO_EXECUTE,0.15138595194073864
4508069235_00050,4508069235_00050,"3-way match, invoice before GR",2018-11-21 17:46:00+00:00,2018-11-23 06:23:00+00:00,1.5256944444444445,1164.0,R2_50_90,test,SAFE_TO_EXECUTE,temporal,0.8141602578822965,0.9782082324455206,0.1858397421177035,0.021791767554479424,SAFE_TO_EXECUTE,0.15138595194073864
4508069235_00060,4508069235_00060,"3-way match, invoice before GR",2018-11-21 17:46:00+00:00,2018-11-23 06:23:00+00:00,1.5256944444444445,371.0,R1_0_50,test,SAFE_TO_EXECUTE,temporal,0.8145606763703556,0.9782082324455206,0.18543932362964444,0.021791767554479424,SAFE_TO_EXECUTE,0.15138595194073864
4508069235_00070,4508069235_00070,"3-way match, invoice before GR",2018-11-21 17:46:00+00:00,2018-11-23 06:23:00+00:00,1.5256944444444445,1109.0,R2_50_90,test,SAFE_TO_EXECUTE,temporal,0.8141880511775623,0.9782082324455206,0.18581194882243768,0.021791767554479424,SAFE_TO_EXECUTE,0.15138595194073864
4508069235_00080,4508069235_00080,"3-way match, invoice before GR",2018-11-21 17:46:00+00:00,2018-11-23 06:23:00+00:00,1.5256944444444445,171.0,R1_0_50,test,SAFE_TO_EXECUTE,temporal,0.8146615593564668,0.9782082324455206,0.18533844064353322,0.021791767554479424,SAFE_TO_EXECUTE,0.15138595194073864
4508069235_00090,4508069235_00090,"3-way match, invoice before GR",2018-11-21 17:46:00+00:00,2018-11-23 06:23:00+00:00,1.5256944444444445,291.0,R1_0_50,test,SAFE_TO_EXECUTE,temporal,0.8146010346532863,0.9782082324455206,0.18539896534671374,0.021791767554479424,SAFE_TO_EXECUTE,0.15138595194073864
4508069235_00100,4508069235_00100,"3-way match, invoice before GR",2018-11-21 17:46:00+00:00,2018-11-23 06:23:00+00:00,1.5256944444444445,240.0,R1_0_50,test,SAFE_TO_EXECUTE,temporal,0.8146267595173458,0.9782082324455206,0.18537324048265424,0.021791767554479424,SAFE_TO_EXECUTE,0.15138595194073864
4508069235_00110,4508069235_00110,"3-way match, invoice before GR",2018-11-21 17:46:00+00:00,2018-11-23 06:23:00+00:00,1.5256944444444445,109.0,R1_0_50,test,SAFE_TO_EXECUTE,temporal,0.8146928244722792,0.9782082324455206,0.1853071755277208,0.021791767554479424,SAFE_TO_EXECUTE,0.15138595194073864
4508069235_00120,4508069235_00120,"3-way match, invoice before GR",2018-11-21 17:46:00+00:00,2018-11-23 06:23:00+00:00,1.5256944444444445,574.0,R2_50_90,test,SAFE_TO_EXECUTE,temporal,0.8144582367745039,0.9782082324455206,0.1855417632254961,0.021791767554479424,SAFE_TO_EXECUTE,0.15138595194073864
4508069235_00130,4508069235_00130,"3-way match, invoice before GR",2018-11-21 17:46:00+00:00,2018-11-23 06:23:00+00:00,1.5256944444444445,870.0,R2_50_90,test,SAFE_TO_EXECUTE,temporal,0.8143087884200809,0.9782082324455206,0.18569121157991908,0.021791767554479424,SAFE_TO_EXECUTE,0.15138595194073864
4508069235_00140,4508069235_00140,"3-way match, invoice before GR",2018-11-21 17:46:00+00:00,2018-11-23 06:23:00+00:00,1.5256944444444445,537.0,R1_0_50,test,SAFE_TO_EXECUTE,temporal,0.814476911286812,0.9782082324455206,0.185523088713188,0.021791767554479424,SAFE_TO_EXECUTE,0.15138595194073864
4508069235_00150,4508069235_00150,"3-way match, invoice before GR",2018-11-21 17:46:00+00:00,2018-11-23 06:23:00+00:00,1.5256944444444445,528.0,R1_0_50,test,SAFE_TO_EXECUTE,temporal,0.8144814535162815,0.9782082324455206,0.18551854648371846,0.021791767554479424,SAFE_TO_EXECUTE,0.15138595194073864
4508069235_00160,4508069235_00160,"3-way match, invoice before GR",2018-11-21 17:46:00+00:00,2018-11-23 06:23:00+00:00,1.5256944444444445,346.0,R1_0_50,test,SAFE_TO_EXECUTE,temporal,0.8145732890626123,0.9782082324455206,0.18542671093738772,0.021791767554479424,SAFE_TO_EXECUTE,0.15138595194073864
4508069235_00170,4508069235_00170,"3-way match, invoice before GR",2018-11-21 17:46:00+00:00,2018-11-23 06:23:00+00:00,1.5256944444444445,1888.0,R2_50_90,test,SAFE_TO_EXECUTE,temporal,0.8137940979400905,0.9782082324455206,0.1862059020599095,0.021791767554479424,SAFE_TO_EXECUTE,0.15138595194073864
4508069235_00180,4508069235_00180,"3-way match, invoice before GR",2018-11-21 17:46:00+00:00,2018-11-23 06:23:00+00:00,1.5256944444444445,4260.0,R2_50_90,test,SAFE_TO_EXECUTE,temporal,0.8125905723203807,0.9782082324455206,0.18740942767961932,0.021791767554479424,SAFE_TO_EXECUTE,0.15138595194073864
4508069235_00190,4508069235_00190,"3-way match, invoice before GR",2018-11-21 17:46:00+00:00,2018-11-23 06:23:00+00:00,1.5256944444444445,248.0,R1_0_50,test,SAFE_TO_EXECUTE,temporal,0.8146227244268879,0.9782082324455206,0.18537727557311212,0.021791767554479424,SAFE_TO_EXECUTE,0.15138595194073864
4508069235_00200,4508069235_00200,"3-way match, invoice before GR",2018-11-21 17:46:00+00:00,2018-11-23 06:23:00+00:00,1.5256944444444445,1869.0,R2_50_90,test,SAFE_TO_EXECUTE,temporal,0.813803714214633,0.9782082324455206,0.18619628578536696,0.021791767554479424,SAFE_TO_EXECUTE,0.15138595194073864
4508069235_00210,4508069235_00210,"3-way match, invoice before GR",2018-11-21 17:46:00+00:00,2018-11-23 06:23:00+00:00,1.5256944444444445,460.0,R1_0_50,test,SAFE_TO_EXECUTE,temporal,0.8145157698077211,0.9782082324455206,0.1854842301922789,0.021791767554479424,SAFE_TO_EXECUTE,0.15138595194073864
4508069235_00220,4508069235_00220,"3-way match, invoice before GR",2018-11-21 17:46:00+00:00,2018-11-23 06:23:00+00:00,1.5256944444444445,843.0,R2_50_90,test,SAFE_TO_EXECUTE,temporal,0.8143224243841745,0.9782082324455206,0.18567757561582554,0.021791767554479424,SAFE_TO_EXECUTE,0.15138595194073864
4508069235_00230,4508069235_00230,"3-way match, invoice before GR",2018-11-21 17:46:00+00:00,2018-11-23 06:23:00+00:00,1.5256944444444445,564.0,R1_0_50,test,SAFE_TO_EXECUTE,temporal,0.8144632840831262,0.9782082324455206,0.18553671591687382,0.021791767554479424,SAFE_TO_EXECUTE,0.15138595194073864
4508069235_00240,4508069235_00240,"3-way match, invoice before GR",2018-11-21 17:46:00+00:00,2018-11-23 06:23:00+00:00,1.5256944444444445,89.0,R1_0_50,test,SAFE_TO_EXECUTE,temporal,0.8147029091242929,0.9782082324455206,0.18529709087570712,0.021791767554479424,SAFE_TO_EXECUTE,0.15138595194073864
4508069235_00250,4508069235_00250,"3-way match, invoice before GR",2018-11-21 17:46:00+00:00,2018-11-23 06:23:00+00:00,1.5256944444444445,32.0,R1_0_50,test,SAFE_TO_EXECUTE,temporal,0.8147316480563734,0.9782082324455206,0.18526835194362656,0.021791767554479424,SAFE_TO_EXECUTE,0.15138595194073864
4508069235_00260,4508069235_00260,"3-way match, invoice before GR",2018-11-21 17:46:00+00:00,2018-11-23 06:23:00+00:00,1.5256944444444445,3521.0,R2_50_90,test,SAFE_TO_EXECUTE,temporal,0.8129661730233266,0.9782082324455206,0.18703382697667337,0.021791767554479424,SAFE_TO_EXECUTE,0.15138595194073864
4508069235_00270,4508069235_00270,"3-way match, invoice before GR",2018-11-21 17:46:00+00:00,2018-11-23 06:23:00+00:00,1.5256944444444445,437.0,R1_0_50,test,SAFE_TO_EXECUTE,temporal,0.8145273756791443,0.9782082324455206,0.18547262432085565,0.021791767554479424,SAFE_TO_EXECUTE,0.15138595194073864
4508069235_00280,4508069235_00280,"3-way match, invoice before GR",2018-11-21 17:46:00+00:00,2018-11-23 06:23:00+00:00,1.5256944444444445,173.0,R1_0_50,test,SAFE_TO_EXECUTE,temporal,0.8146605507365016,0.9782082324455206,0.18533944926349843,0.021791767554479424,SAFE_TO_EXECUTE,0.15138595194073864
4508069235_00290,4508069235_00290,"3-way match, invoice before GR",2018-11-21 17:46:00+00:00,2018-11-23 06:23:00+00:00,1.5256944444444445,93.0,R1_0_50,test,SAFE_TO_EXECUTE,temporal,0.8147008922278104,0.9782082324455206,0.1852991077721896,0.021791767554479424,SAFE_TO_EXECUTE,0.15138595194073864
4508069235_00300,4508069235_00300,"3-way match, invoice before GR",2018-11-21 17:46:00+00:00,2018-11-23 06:23:00+00:00,1.5256944444444445,191.0,R1_0_50,test,SAFE_TO_EXECUTE,temporal,0.8146514729660063,0.9782082324455206,0.18534852703399374,0.021791767554479424,SAFE_TO_EXECUTE,0.15138595194073864
4508069235_00310,4508069235_00310,"3-way match, invoice before GR",2018-11-21 17:46:00+00:00,2018-11-23 06:23:00+00:00,1.5256944444444445,307.0,R1_0_50,test,SAFE_TO_EXECUTE,temporal,0.8145929635394844,0.9782082324455206,0.1854070364605156,0.021791767554479424,SAFE_TO_EXECUTE,0.15138595194073864
4508069235_00320,4508069235_00320,"3-way match, invoice before GR",2018-11-21 17:46:00+00:00,2018-11-23 06:23:00+00:00,1.5256944444444445,1118.0,R2_50_90,test,NOT_SAFE_TO_EXECUTE,temporal,0.8141835034033252,0.9782082324455206,0.18581649659667476,0.021791767554479424,SAFE_TO_EXECUTE,0.15138595194073864
4508069235_00330,4508069235_00330,"3-way match, invoice before GR",2018-11-21 17:46:00+00:00,2018-11-23 06:23:00+00:00,1.5256944444444445,72.0,R1_0_50,test,SAFE_TO_EXECUTE,temporal,0.8147114807451341,0.9782082324455206,0.1852885192548659,0.021791767554479424,SAFE_TO_EXECUTE,0.15138595194073864
4508063411_00010,4508063411_00010,"3-way match, invoice before GR",2018-11-22 05:28:00+00:00,2018-11-22 12:42:00+00:00,0.3013888888888889,2098.0,R2_50_90,test,SAFE_TO_EXECUTE,temporal,0.740507081706941,0.9560439560439561,0.259492918293059,0.04395604395604391,SAFE_TO_EXECUTE,0.2601453639477141
4508063411_00020,4508063411_00020,"3-way match, invoice before GR",2018-11-22 05:28:00+00:00,2018-11-22 12:39:00+00:00,0.29930555555555555,2479.0,R2_50_90,test,SAFE_TO_EXECUTE,temporal,0.9477580315647204,0.9782082324455206,0.05224196843527962,0.021791767554479424,SAFE_TO_EXECUTE,0.15138595194073864
4508063411_00030,4508063411_00030,"3-way match, invoice before GR",2018-11-22 05:28:00+00:00,2018-11-22 12:41:00+00:00,0.30069444444444443,2279.0,R2_50_90,test,SAFE_TO_EXECUTE,temporal,0.9477901244778774,0.9782082324455206,0.05220987552212264,0.021791767554479424,SAFE_TO_EXECUTE,0.15138595194073864
4508063411_00040,4508063411_00040,"3-way match, invoice before GR",2018-11-22 05:28:00+00:00,2018-11-22 17:54:00+00:00,0.5180555555555556,1816.0,R2_50_90,test,SAFE_TO_EXECUTE,temporal,0.947714434333436,0.9782082324455206,0.05228556566656395,0.021791767554479424,SAFE_TO_EXECUTE,0.15138595194073864
4508066607_00060,4508066607_00060,"3-way match, invoice before GR",2018-11-22 06:27:00+00:00,2018-11-29 09:54:00+00:00,7.14375,4908.0,R2_50_90,test,SAFE_TO_EXECUTE,temporal,0.9869450438268313,1.0,0.013054956173168653,0.0,SAFE_TO_EXECUTE,5.123178885069411e-14
4508068704_00010,4508068704_00010,"3-way match, invoice before GR",2018-11-22 06:38:00+00:00,2018-11-22 16:55:00+00:00,0.4284722222222222,15117.0,R3_90_99,test,SAFE_TO_EXECUTE,temporal,0.7844713657625301,0.9782082324455206,0.21552863423746993,0.021791767554479424,SAFE_TO_EXECUTE,0.15138595194073864
4508068704_00020,4508068704_00020,"3-way match, invoice before GR",2018-11-22 06:38:00+00:00,2018-11-22 16:55:00+00:00,0.4284722222222222,79.0,R1_0_50,test,SAFE_TO_EXECUTE,temporal,0.7928423134406101,0.9782082324455206,0.20715768655938993,0.021791767554479424,SAFE_TO_EXECUTE,0.15138595194073864
4508068704_00030,4508068704_00030,"3-way match, invoice before GR",2018-11-22 06:38:00+00:00,2018-11-22 16:55:00+00:00,0.4284722222222222,649.0,R2_50_90,test,SAFE_TO_EXECUTE,temporal,0.7925294471907377,0.9782082324455206,0.2074705528092623,0.021791767554479424,SAFE_TO_EXECUTE,0.15138595194073864
4508068704_00040,4508068704_00040,"3-way match, invoice before GR",2018-11-22 06:38:00+00:00,2018-11-22 16:55:00+00:00,0.4284722222222222,977.0,R2_50_90,test,SAFE_TO_EXECUTE,temporal,0.7923492538242194,0.9782082324455206,0.2076507461757806,0.021791767554479424,SAFE_TO_EXECUTE,0.15138595194073864
4508068704_00050,4508068704_00050,"3-way match, invoice before GR",2018-11-22 06:38:00+00:00,2018-11-22 16:55:00+00:00,0.4284722222222222,143.0,R1_0_50,test,SAFE_TO_EXECUTE,temporal,0.792807201975227,0.9782082324455206,0.20719279802477297,0.021791767554479424,SAFE_TO_EXECUTE,0.15138595194073864
4508068704_00060,4508068704_00060,"3-way match, invoice before GR",2018-11-22 06:38:00+00:00,2018-11-22 16:55:00+00:00,0.4284722222222222,679.0,R2_50_90,test,SAFE_TO_EXECUTE,temporal,0.7925129708873737,0.9782082324455206,0.2074870291126263,0.021791767554479424,SAFE_TO_EXECUTE,0.15138595194073864
4508068704_00080,4508068704_00080,"3-way match, invoice before GR",2018-11-22 06:38:00+00:00,2018-11-22 16:55:00+00:00,0.4284722222222222,622.0,R2_50_90,test,SAFE_TO_EXECUTE,temporal,0.7925442750379399,0.9782082324455206,0.2074557249620601,0.021791767554479424,SAFE_TO_EXECUTE,0.15138595194073864
4508064690_00040,4508064690_00040,"3-way match, invoice before GR",2018-11-22 06:48:00+00:00,2018-11-22 07:30:00+00:00,0.029166666666666667,1634.0,R2_50_90,test,SAFE_TO_EXECUTE,temporal,0.9651635780427383,0.9782082324455206,0.034836421957261665,0.021791767554479424,SAFE_TO_EXECUTE,0.15138595194073864
4508064690_00060,4508064690_00060,"3-way match, invoice before GR",2018-11-22 06:48:00+00:00,2018-11-22 07:30:00+00:00,0.029166666666666667,835.0,R2_50_90,test,SAFE_TO_EXECUTE,temporal,0.9652531962227493,0.9782082324455206,0.0347468037772507,0.021791767554479424,SAFE_TO_EXECUTE,0.15138595194073864
4508064690_00070,4508064690_00070,"3-way match, invoice before GR",2018-11-22 06:48:00+00:00,2018-11-22 07:30:00+00:00,0.029166666666666667,2908.0,R2_50_90,test,SAFE_TO_EXECUTE,temporal,0.9650202214576534,0.9782082324455206,0.03497977854234657,0.021791767554479424,SAFE_TO_EXECUTE,0.15138595194073864
4508064690_00090,4508064690_00090,"3-way match, invoice before GR",2018-11-22 06:48:00+00:00,2018-11-22 07:30:00+00:00,0.029166666666666667,1651.0,R2_50_90,test,SAFE_TO_EXECUTE,temporal,0.9651616688543586,0.9782082324455206,0.03483833114564139,0.021791767554479424,SAFE_TO_EXECUTE,0.15138595194073864
4508064690_00100,4508064690_00100,"3-way match, invoice before GR",2018-11-22 06:48:00+00:00,2018-11-22 08:50:00+00:00,0.08472222222222223,387.0,R1_0_50,test,SAFE_TO_EXECUTE,temporal,0.9652770149941313,0.9782082324455206,0.03472298500586868,0.021791767554479424,SAFE_TO_EXECUTE,0.15138595194073864
4508064690_00130,4508064690_00130,"3-way match, invoice before GR",2018-11-22 06:48:00+00:00,2018-11-22 07:30:00+00:00,0.029166666666666667,792.0,R2_50_90,test,SAFE_TO_EXECUTE,temporal,0.9652580129213213,0.9782082324455206,0.034741987078678704,0.021791767554479424,SAFE_TO_EXECUTE,0.15138595194073864
4508064690_00140,4508064690_00140,"3-way match, invoice before GR",2018-11-22 06:48:00+00:00,2018-11-22 07:30:00+00:00,0.029166666666666667,2101.0,R2_50_90,test,SAFE_TO_EXECUTE,temporal,0.9651110948307615,0.9782082324455206,0.03488890516923848,0.021791767554479424,SAFE_TO_EXECUTE,0.15138595194073864
4508063200_00010,4508063200_00010,"3-way match, invoice before GR",2018-11-22 06:56:00+00:00,2018-12-03 12:03:00+00:00,11.213194444444444,5686.0,R2_50_90,test,SAFE_TO_EXECUTE,temporal,0.6902064017229975,0.9560439560439561,0.3097935982770025,0.04395604395604391,SAFE_TO_EXECUTE,0.2601453639477141
4508068510_00010,4508068510_00010,"3-way match, invoice before GR",2018-11-22 07:01:00+00:00,2018-11-26 08:20:00+00:00,4.054861111111111,3377.0,R2_50_90,test,SAFE_TO_EXECUTE,temporal,0.955640941259263,0.9782082324455206,0.04435905874073698,0.021791767554479424,SAFE_TO_EXECUTE,0.15138595194073864
4508068390_00010,4508068390_00010,"3-way match, invoice before GR",2018-11-22 07:23:00+00:00,2018-11-23 07:46:00+00:00,1.0159722222222223,2946.0,R2_50_90,test,SAFE_TO_EXECUTE,temporal,0.9590900965700829,0.9782082324455206,0.04090990342991707,0.021791767554479424,SAFE_TO_EXECUTE,0.15138595194073864
4508068465_00010,4508068465_00010,"3-way match, invoice before GR",2018-11-22 07:25:00+00:00,2018-11-22 08:21:00+00:00,0.03888888888888889,257.0,R1_0_50,test,SAFE_TO_EXECUTE,temporal,0.8218988052622237,0.9782082324455206,0.1781011947377763,0.021791767554479424,SAFE_TO_EXECUTE,0.15138595194073864
4508068465_00020,4508068465_00020,"3-way match, invoice before GR",2018-11-22 07:25:00+00:00,2018-11-22 08:22:00+00:00,0.03958333333333333,543.0,R1_0_50,test,SAFE_TO_EXECUTE,temporal,0.8217574917497178,0.9782082324455206,0.1782425082502822,0.021791767554479424,SAFE_TO_EXECUTE,0.15138595194073864
4508068465_00030,4508068465_00030,"3-way match, invoice before GR",2018-11-22 07:25:00+00:00,2018-11-22 08:22:00+00:00,0.03958333333333333,257.0,R1_0_50,test,SAFE_TO_EXECUTE,temporal,0.8218973671736249,0.9782082324455206,0.17810263282637506,0.021791767554479424,SAFE_TO_EXECUTE,0.15138595194073864
4508069522_00010,4508069522_00010,"3-way match, invoice before GR",2018-11-22 08:08:00+00:00,2018-11-23 16:31:00+00:00,1.3493055555555555,116.0,R1_0_50,test,SAFE_TO_EXECUTE,temporal,0.797153327733377,0.9782082324455206,0.202846672266623,0.021791767554479424,SAFE_TO_EXECUTE,0.15138595194073864
4508069522_00020,4508069522_00020,"3-way match, invoice before GR",2018-11-22 08:08:00+00:00,2018-11-23 16:31:00+00:00,1.3493055555555555,738.0,R2_50_90,test,SAFE_TO_EXECUTE,temporal,0.7968171862650598,0.9782082324455206,0.20318281373494018,0.021791767554479424,SAFE_TO_EXECUTE,0.15138595194073864
4508069522_00030,4508069522_00030,"3-way match, invoice before GR",2018-11-22 08:08:00+00:00,2018-11-23 16:31:00+00:00,1.3493055555555555,749.0,R2_50_90,test,SAFE_TO_EXECUTE,temporal,0.7968112379083095,0.9782082324455206,0.20318876209169046,0.021791767554479424,SAFE_TO_EXECUTE,0.15138595194073864
4508061817_00010,4508061817_00010,"3-way match, invoice before GR",2018-11-22 08:13:00+00:00,2018-11-23 09:32:00+00:00,1.054861111111111,5861.0,R2_50_90,test,SAFE_TO_EXECUTE,temporal,0.7940175303020872,0.9782082324455206,0.20598246969791278,0.021791767554479424,SAFE_TO_EXECUTE,0.15138595194073864
4508065873_00010,4508065873_00010,"3-way match, invoice before GR",2018-11-22 08:21:00+00:00,2018-11-26 08:55:00+00:00,4.023611111111111,526.0,R1_0_50,test,SAFE_TO_EXECUTE,temporal,0.8139409731342072,0.9782082324455206,0.1860590268657928,0.021791767554479424,SAFE_TO_EXECUTE,0.15138595194073864
4508069481_00010,4508069481_00010,"3-way match, invoice before GR",2018-11-22 09:47:00+00:00,2018-11-22 16:53:00+00:00,0.29583333333333334,146.0,R1_0_50,test,SAFE_TO_EXECUTE,temporal,0.7994570418071458,0.9782082324455206,0.20054295819285417,0.021791767554479424,SAFE_TO_EXECUTE,0.15138595194073864
4508069481_00020,4508069481_00020,"3-way match, invoice before GR",2018-11-22 09:47:00+00:00,2018-11-22 16:53:00+00:00,0.29583333333333334,2229.0,R2_50_90,test,SAFE_TO_EXECUTE,temporal,0.7983392787538461,0.9782082324455206,0.20166072124615386,0.021791767554479424,SAFE_TO_EXECUTE,0.15138595194073864
4508065717_00010,4508065717_00010,"3-way match, invoice before GR",2018-11-22 09:52:00+00:00,2018-11-22 16:55:00+00:00,0.29375,3487.0,R2_50_90,test,SAFE_TO_EXECUTE,temporal,0.6526615954600843,0.9041095890410958,0.3473384045399157,0.09589041095890416,SAFE_TO_EXECUTE,0.4558314584408235
4508065717_00020,4508065717_00020,"3-way match, invoice before GR",2018-11-22 09:52:00+00:00,2018-11-22 16:55:00+00:00,0.29375,9787.0,R3_90_99,test,SAFE_TO_EXECUTE,temporal,0.9213307862399656,0.9782082324455206,0.07866921376003444,0.021791767554479424,SAFE_TO_EXECUTE,0.15138595194073864
4508067877_00010,4508067877_00010,"3-way match, invoice before GR",2018-11-22 09:58:00+00:00,2018-11-27 10:23:00+00:00,5.017361111111111,5672.0,R2_50_90,test,SAFE_TO_EXECUTE,temporal,0.7635759409214874,0.9560439560439561,0.2364240590785126,0.04395604395604391,SAFE_TO_EXECUTE,0.2601453639477141
4508068112_00010,4508068112_00010,"3-way match, invoice before GR",2018-11-22 10:02:00+00:00,2018-12-04 11:51:00+00:00,12.075694444444444,2322.0,R2_50_90,test,SAFE_TO_EXECUTE,temporal,0.8208421608466077,0.9782082324455206,0.17915783915339234,0.021791767554479424,SAFE_TO_EXECUTE,0.15138595194073864
4508062037_00010,4508062037_00010,"3-way match, invoice before GR",2018-11-22 12:06:00+00:00,2018-11-22 12:09:00+00:00,0.0020833333333333333,9360.0,R3_90_99,test,SAFE_TO_EXECUTE,temporal,0.9484689533157238,0.9782082324455206,0.051531046684276216,0.021791767554479424,SAFE_TO_EXECUTE,0.15138595194073864
4508067208_00010,4508067208_00010,"3-way match, invoice before GR",2018-11-22 13:35:00+00:00,2018-11-26 10:18:00+00:00,3.8631944444444444,26153.0,R3_90_99,test,SAFE_TO_EXECUTE,temporal,0.4377047478358209,0.9041095890410958,0.5622952521641791,0.09589041095890416,SAFE_TO_EXECUTE,0.4558314584408235
4508065451_00010,4508065451_00010,"3-way match, invoice before GR",2018-11-23 06:22:00+00:00,2018-11-26 11:59:00+00:00,3.234027777777778,35645.0,R3_90_99,test,NOT_SAFE_TO_EXECUTE,temporal,0.6292207077305412,0.9041095890410958,0.3707792922694588,0.09589041095890416,SAFE_TO_EXECUTE,0.4558314584408235
4508066629_00040,4508066629_00040,"3-way match, invoice before GR",2018-11-23 06:31:00+00:00,2018-11-27 09:18:00+00:00,4.115972222222222,1483.0,R2_50_90,test,NOT_SAFE_TO_EXECUTE,temporal,0.5585860141767094,0.9041095890410958,0.4414139858232906,0.09589041095890416,SAFE_TO_EXECUTE,0.4558314584408235
4508066506_00010,4508066506_00010,"3-way match, invoice before GR",2018-11-23 06:50:00+00:00,2018-11-28 08:27:00+00:00,5.067361111111111,43523.0,R3_90_99,test,NOT_SAFE_TO_EXECUTE,temporal,0.6196151940228863,0.9041095890410958,0.38038480597711366,0.09589041095890416,SAFE_TO_EXECUTE,0.4558314584408235
4508062363_00010,4508062363_00010,"3-way match, invoice before GR",2018-11-23 07:03:00+00:00,2018-11-26 11:13:00+00:00,3.173611111111111,11795.0,R3_90_99,test,NOT_SAFE_TO_EXECUTE,temporal,0.788026991605946,0.9782082324455206,0.21197300839405397,0.021791767554479424,SAFE_TO_EXECUTE,0.15138595194073864
4508064967_00090,4508064967_00090,"3-way match, invoice before GR",2018-11-23 11:42:00+00:00,2018-12-20 15:05:00+00:00,27.14097222222222,581.0,R2_50_90,test,NOT_SAFE_TO_EXECUTE,temporal,0.6286139123108566,0.9041095890410958,0.3713860876891434,0.09589041095890416,SAFE_TO_EXECUTE,0.4558314584408235
4508059545_00010,4508059545_00010,"3-way match, invoice before GR",2018-11-23 16:09:00+00:00,2018-11-28 08:35:00+00:00,4.684722222222222,24086.0,R3_90_99,test,SAFE_TO_EXECUTE,temporal,0.6412791231497439,0.9041095890410958,0.3587208768502561,0.09589041095890416,SAFE_TO_EXECUTE,0.4558314584408235
4508068170_00010,4508068170_00010,"3-way match, invoice before GR",2018-11-23 16:10:00+00:00,2018-11-28 13:25:00+00:00,4.885416666666667,3543.0,R2_50_90,test,SAFE_TO_EXECUTE,temporal,0.8477761287645565,0.9782082324455206,0.15222387123544345,0.021791767554479424,SAFE_TO_EXECUTE,0.15138595194073864
4508068170_00020,4508068170_00020,"3-way match, invoice before GR",2018-11-23 16:10:00+00:00,2018-11-28 13:25:00+00:00,4.885416666666667,3702.0,R2_50_90,test,SAFE_TO_EXECUTE,temporal,0.8477075806992187,0.9782082324455206,0.1522924193007813,0.021791767554479424,SAFE_TO_EXECUTE,0.15138595194073864
4508068170_00030,4508068170_00030,"3-way match, invoice before GR",2018-11-23 16:10:00+00:00,2018-11-28 13:25:00+00:00,4.885416666666667,1426.0,R2_50_90,test,SAFE_TO_EXECUTE,temporal,0.8486863988355868,0.9782082324455206,0.15131360116441317,0.021791767554479424,SAFE_TO_EXECUTE,0.15138595194073864
4508068170_00040,4508068170_00040,"3-way match, invoice before GR",2018-11-23 16:10:00+00:00,2018-11-28 13:25:00+00:00,4.885416666666667,20005.0,R3_90_99,test,SAFE_TO_EXECUTE,temporal,0.8405438692278165,0.9782082324455206,0.15945613077218346,0.021791767554479424,SAFE_TO_EXECUTE,0.15138595194073864
4508068170_00050,4508068170_00050,"3-way match, invoice before GR",2018-11-23 16:10:00+00:00,2018-11-28 13:25:00+00:00,4.885416666666667,2135.0,R2_50_90,test,SAFE_TO_EXECUTE,temporal,0.8483820413970722,0.9782082324455206,0.15161795860292782,0.021791767554479424,SAFE_TO_EXECUTE,0.15138595194073864
4508068170_00060,4508068170_00060,"3-way match, invoice before GR",2018-11-23 16:10:00+00:00,2018-11-28 13:25:00+00:00,4.885416666666667,442.0,R1_0_50,test,SAFE_TO_EXECUTE,temporal,0.9958464955986231,1.0,0.004153504401376851,0.0,SAFE_TO_EXECUTE,5.123178885069411e-14
4508068170_00070,4508068170_00070,"3-way match, invoice before GR",2018-11-23 16:10:00+00:00,2018-11-28 13:25:00+00:00,4.885416666666667,2338.0,R2_50_90,test,SAFE_TO_EXECUTE,temporal,0.9958987945857819,1.0,0.004101205414218101,0.0,SAFE_TO_EXECUTE,5.123178885069411e-14
4508068170_00080,4508068170_00080,"3-way match, invoice before GR",2018-11-23 16:10:00+00:00,2018-11-28 13:25:00+00:00,4.885416666666667,442.0,R1_0_50,test,SAFE_TO_EXECUTE,temporal,0.9959245789136909,1.0,0.0040754210863090945,0.0,SAFE_TO_EXECUTE,5.123178885069411e-14
4508068022_00010,4508068022_00010,"3-way match, invoice before GR",2018-11-23 16:19:00+00:00,2018-11-29 14:29:00+00:00,5.923611111111111,79.0,R1_0_50,test,SAFE_TO_EXECUTE,temporal,0.9690044630069009,0.9782082324455206,0.030995536993099093,0.021791767554479424,SAFE_TO_EXECUTE,0.15138595194073864
4508068022_00020,4508068022_00020,"3-way match, invoice before GR",2018-11-23 16:19:00+00:00,2018-11-29 14:28:00+00:00,5.922916666666667,12466.0,R3_90_99,test,SAFE_TO_EXECUTE,temporal,0.842272104536775,0.9782082324455206,0.15772789546322497,0.021791767554479424,SAFE_TO_EXECUTE,0.15138595194073864
4508067073_00010,4508067073_00010,"3-way match, invoice before GR",2018-11-26 07:12:00+00:00,2018-12-03 09:56:00+00:00,7.113888888888889,178.0,R1_0_50,test,SAFE_TO_EXECUTE,temporal,0.7876951093856057,0.9782082324455206,0.21230489061439428,0.021791767554479424,SAFE_TO_EXECUTE,0.15138595194073864
4508067073_00020,4508067073_00020,"3-way match, invoice before GR",2018-11-26 07:12:00+00:00,2018-12-03 09:56:00+00:00,7.113888888888889,223.0,R1_0_50,test,SAFE_TO_EXECUTE,temporal,0.7876699729691187,0.9782082324455206,0.21233002703088133,0.021791767554479424,SAFE_TO_EXECUTE,0.15138595194073864
4508067073_00030,4508067073_00030,"3-way match, invoice before GR",2018-11-26 07:12:00+00:00,2018-12-03 09:56:00+00:00,7.113888888888889,93.0,R1_0_50,test,SAFE_TO_EXECUTE,temporal,0.7877425833525107,0.9782082324455206,0.21225741664748932,0.021791767554479424,SAFE_TO_EXECUTE,0.15138595194073864
4508069909_00010,4508069909_00010,"3-way match, invoice before GR",2018-11-26 08:53:00+00:00,2018-12-10 08:55:00+00:00,14.001388888888888,234.0,R1_0_50,test,SAFE_TO_EXECUTE,temporal,0.9281118492729232,0.9782082324455206,0.07188815072707677,0.021791767554479424,SAFE_TO_EXECUTE,0.15138595194073864
4508069377_00010,4508069377_00010,"3-way match, invoice before GR",2018-11-26 09:48:00+00:00,2018-11-27 06:45:00+00:00,0.8729166666666667,826.0,R2_50_90,test,SAFE_TO_EXECUTE,temporal,0.857481064900779,0.9782082324455206,0.14251893509922098,0.021791767554479424,SAFE_TO_EXECUTE,0.15138595194073864
4508069377_00020,4508069377_00020,"3-way match, invoice before GR",2018-11-26 09:48:00+00:00,2018-11-27 06:45:00+00:00,0.8729166666666667,685.0,R2_50_90,test,SAFE_TO_EXECUTE,temporal,0.8575386085003968,0.9782082324455206,0.14246139149960324,0.021791767554479424,SAFE_TO_EXECUTE,0.15138595194073864
4508065388_00010,4508065388_00010,"3-way match, invoice before GR",2018-11-26 10:18:00+00:00,2018-11-28 09:15:00+00:00,1.95625,741.0,R2_50_90,test,NOT_SAFE_TO_EXECUTE,temporal,0.7782766753207133,0.9782082324455206,0.22172332467928668,0.021791767554479424,SAFE_TO_EXECUTE,0.15138595194073864
4508069966_00010,4508069966_00010,"3-way match, invoice before GR",2018-11-26 10:18:00+00:00,2018-11-26 13:24:00+00:00,0.12916666666666668,1464.0,R2_50_90,test,SAFE_TO_EXECUTE,temporal,0.7980745573117564,0.9782082324455206,0.20192544268824364,0.021791767554479424,SAFE_TO_EXECUTE,0.15138595194073864
4508069966_00020,4508069966_00020,"3-way match, invoice before GR",2018-11-26 10:18:00+00:00,2018-11-26 13:26:00+00:00,0.13055555555555556,1444.0,R2_50_90,test,SAFE_TO_EXECUTE,temporal,0.9617716994561337,0.9782082324455206,0.03822830054386628,0.021791767554479424,SAFE_TO_EXECUTE,0.15138595194073864
4508069966_00030,4508069966_00030,"3-way match, invoice before GR",2018-11-26 10:18:00+00:00,2018-11-26 11:27:00+00:00,0.04791666666666667,44.0,R1_0_50,test,SAFE_TO_EXECUTE,temporal,0.9619860289317873,0.9782082324455206,0.03801397106821269,0.021791767554479424,SAFE_TO_EXECUTE,0.15138595194073864
4508069966_00040,4508069966_00040,"3-way match, invoice before GR",2018-11-26 10:18:00+00:00,2018-11-26 13:23:00+00:00,0.1284722222222222,617.0,R2_50_90,test,SAFE_TO_EXECUTE,temporal,0.9618742093946857,0.9782082324455206,0.03812579060531429,0.021791767554479424,SAFE_TO_EXECUTE,0.15138595194073864
4508066943_00010,4508066943_00010,"3-way match, invoice before GR",2018-11-26 10:38:00+00:00,2018-12-03 08:57:00+00:00,6.929861111111111,8311.0,R3_90_99,test,SAFE_TO_EXECUTE,temporal,0.8022020501559057,0.9782082324455206,0.19779794984409427,0.021791767554479424,SAFE_TO_EXECUTE,0.15138595194073864
4508070064_00010,4508070064_00010,"3-way match, invoice before GR",2018-11-26 10:41:00+00:00,2018-11-26 16:56:00+00:00,0.2604166666666667,2049.0,R2_50_90,test,SAFE_TO_EXECUTE,temporal,0.7986399877998877,0.9782082324455206,0.20136001220011235,0.021791767554479424,SAFE_TO_EXECUTE,0.15138595194073864
4508070064_00020,4508070064_00020,"3-way match, invoice before GR",2018-11-26 10:41:00+00:00,2018-11-26 16:56:00+00:00,0.2604166666666667,144.0,R1_0_50,test,SAFE_TO_EXECUTE,temporal,0.7996612735267151,0.9782082324455206,0.20033872647328488,0.021791767554479424,SAFE_TO_EXECUTE,0.15138595194073864
4508067327_00010,4508067327_00010,"3-way match, invoice before GR",2018-11-26 12:12:00+00:00,2018-11-30 13:45:00+00:00,4.064583333333333,7492.0,R3_90_99,test,SAFE_TO_EXECUTE,temporal,0.8265105912427407,0.9782082324455206,0.17348940875725927,0.021791767554479424,SAFE_TO_EXECUTE,0.15138595194073864
4508054744_00010,4508054744_00010,"3-way match, invoice before GR",2018-11-26 15:12:00+00:00,2018-11-27 13:13:00+00:00,0.9173611111111111,3832.0,R2_50_90,test,SAFE_TO_EXECUTE,temporal,0.728922081482644,0.9560439560439561,0.27107791851735596,0.04395604395604391,SAFE_TO_EXECUTE,0.2601453639477141
4508069765_00010,4508069765_00010,"3-way match, invoice before GR",2018-11-26 18:07:00+00:00,2018-11-28 06:32:00+00:00,1.5173611111111112,1019.0,R2_50_90,test,SAFE_TO_EXECUTE,temporal,0.8096669359971246,0.9782082324455206,0.19033306400287542,0.021791767554479424,SAFE_TO_EXECUTE,0.15138595194073864
4508069765_00020,4508069765_00020,"3-way match, invoice before GR",2018-11-26 18:07:00+00:00,2018-11-28 06:32:00+00:00,1.5173611111111112,1391.0,R2_50_90,test,SAFE_TO_EXECUTE,temporal,0.8094753849269704,0.9782082324455206,0.19052461507302965,0.021791767554479424,SAFE_TO_EXECUTE,0.15138595194073864
4508069765_00030,4508069765_00030,"3-way match, invoice before GR",2018-11-26 18:07:00+00:00,2018-11-28 06:32:00+00:00,1.5173611111111112,1076.0,R2_50_90,test,SAFE_TO_EXECUTE,temporal,0.8096375949893957,0.9782082324455206,0.1903624050106043,0.021791767554479424,SAFE_TO_EXECUTE,0.15138595194073864
4508069765_00040,4508069765_00040,"3-way match, invoice before GR",2018-11-26 18:07:00+00:00,2018-11-28 06:32:00+00:00,1.5173611111111112,234.0,R1_0_50,test,SAFE_TO_EXECUTE,temporal,0.8100706664429104,0.9782082324455206,0.18992933355708963,0.021791767554479424,SAFE_TO_EXECUTE,0.15138595194073864
4508069765_00050,4508069765_00050,"3-way match, invoice before GR",2018-11-26 18:07:00+00:00,2018-11-28 06:32:00+00:00,1.5173611111111112,547.0,R1_0_50,test,SAFE_TO_EXECUTE,temporal,0.809909767209408,0.9782082324455206,0.190090232790592,0.021791767554479424,SAFE_TO_EXECUTE,0.15138595194073864
4508069765_00060,4508069765_00060,"3-way match, invoice before GR",2018-11-26 18:07:00+00:00,2018-11-28 06:32:00+00:00,1.5173611111111112,914.0,R2_50_90,test,SAFE_TO_EXECUTE,temporal,0.80972097616613,0.9782082324455206,0.19027902383386996,0.021791767554479424,SAFE_TO_EXECUTE,0.15138595194073864
4508069765_00070,4508069765_00070,"3-way match, invoice before GR",2018-11-26 18:07:00+00:00,2018-11-28 06:32:00+00:00,1.5173611111111112,1284.0,R2_50_90,test,SAFE_TO_EXECUTE,temporal,0.8095304967027406,0.9782082324455206,0.19046950329725942,0.021791767554479424,SAFE_TO_EXECUTE,0.15138595194073864
4508069765_00080,4508069765_00080,"3-way match, invoice before GR",2018-11-26 18:07:00+00:00,2018-11-28 06:32:00+00:00,1.5173611111111112,187.0,R1_0_50,test,SAFE_TO_EXECUTE,temporal,0.8100948180253561,0.9782082324455206,0.1899051819746439,0.021791767554479424,SAFE_TO_EXECUTE,0.15138595194073864
4508069765_00090,4508069765_00090,"3-way match, invoice before GR",2018-11-26 18:07:00+00:00,2018-11-28 06:32:00+00:00,1.5173611111111112,222.0,R1_0_50,test,SAFE_TO_EXECUTE,temporal,0.8100768330279127,0.9782082324455206,0.18992316697208733,0.021791767554479424,SAFE_TO_EXECUTE,0.15138595194073864
4508069765_00100,4508069765_00100,"3-way match, invoice before GR",2018-11-26 18:07:00+00:00,2018-11-28 06:32:00+00:00,1.5173611111111112,342.0,R1_0_50,test,SAFE_TO_EXECUTE,temporal,0.8100151602803511,0.9782082324455206,0.18998483971964886,0.021791767554479424,SAFE_TO_EXECUTE,0.15138595194073864
4508069765_00110,4508069765_00110,"3-way match, invoice before GR",2018-11-26 18:07:00+00:00,2018-11-28 06:32:00+00:00,1.5173611111111112,428.0,R1_0_50,test,SAFE_TO_EXECUTE,temporal,0.809970952048913,0.9782082324455206,0.190029047951087,0.021791767554479424,SAFE_TO_EXECUTE,0.15138595194073864
4508069765_00120,4508069765_00120,"3-way match, invoice before GR",2018-11-26 18:07:00+00:00,2018-11-28 06:32:00+00:00,1.5173611111111112,942.0,R2_50_90,test,SAFE_TO_EXECUTE,temporal,0.8097065666021823,0.9782082324455206,0.19029343339781768,0.021791767554479424,SAFE_TO_EXECUTE,0.15138595194073864
4508069765_00130,4508069765_00130,"3-way match, invoice before GR",2018-11-26 18:07:00+00:00,2018-11-28 06:32:00+00:00,1.5173611111111112,323.0,R1_0_50,test,SAFE_TO_EXECUTE,temporal,0.8100249261533864,0.9782082324455206,0.1899750738466136,0.021791767554479424,SAFE_TO_EXECUTE,0.15138595194073864
4508069765_00140,4508069765_00140,"3-way match, invoice before GR",2018-11-26 18:07:00+00:00,2018-11-28 06:32:00+00:00,1.5173611111111112,157.0,R1_0_50,test,SAFE_TO_EXECUTE,temporal,0.8101102326996599,0.9782082324455206,0.18988976730034013,0.021791767554479424,SAFE_TO_EXECUTE,0.15138595194073864
4508069765_00150,4508069765_00150,"3-way match, invoice before GR",2018-11-26 18:07:00+00:00,2018-11-28 06:32:00+00:00,1.5173611111111112,424.0,R1_0_50,test,SAFE_TO_EXECUTE,temporal,0.809973008420301,0.9782082324455206,0.19002699157969904,0.021791767554479424,SAFE_TO_EXECUTE,0.15138595194073864
4508069765_00160,4508069765_00160,"3-way match, invoice before GR",2018-11-26 18:07:00+00:00,2018-11-28 06:32:00+00:00,1.5173611111111112,2848.0,R2_50_90,test,SAFE_TO_EXECUTE,temporal,0.8087237240975217,0.9782082324455206,0.1912762759024783,0.021791767554479424,SAFE_TO_EXECUTE,0.15138595194073864
4508069765_00170,4508069765_00170,"3-way match, invoice before GR",2018-11-26 18:07:00+00:00,2018-11-28 06:32:00+00:00,1.5173611111111112,160.0,R1_0_50,test,SAFE_TO_EXECUTE,temporal,0.8101086912753374,0.9782082324455206,0.18989130872466264,0.021791767554479424,SAFE_TO_EXECUTE,0.15138595194073864
4508069765_00180,4508069765_00180,"3-way match, invoice before GR",2018-11-26 18:07:00+00:00,2018-11-28 06:32:00+00:00,1.5173611111111112,1334.0,R2_50_90,test,SAFE_TO_EXECUTE,temporal,0.8095047450539763,0.9782082324455206,0.1904952549460237,0.021791767554479424,SAFE_TO_EXECUTE,0.15138595194073864
4508069765_00190,4508069765_00190,"3-way match, invoice before GR",2018-11-26 18:07:00+00:00,2018-11-28 06:32:00+00:00,1.5173611111111112,109.0,R1_0_50,test,SAFE_TO_EXECUTE,temporal,0.8101348941860176,0.9782082324455206,0.18986510581398242,0.021791767554479424,SAFE_TO_EXECUTE,0.15138595194073864
4508069765_00200,4508069765_00200,"3-way match, invoice before GR",2018-11-26 18:07:00+00:00,2018-11-28 06:32:00+00:00,1.5173611111111112,79.0,R1_0_50,test,SAFE_TO_EXECUTE,temporal,0.8101503063696802,0.9782082324455206,0.18984969363031978,0.021791767554479424,SAFE_TO_EXECUTE,0.15138595194073864
4508069765_00210,4508069765_00210,"3-way match, invoice before GR",2018-11-26 18:07:00+00:00,2018-11-28 06:32:00+00:00,1.5173611111111112,1090.0,R2_50_90,test,SAFE_TO_EXECUTE,temporal,0.8096303878968972,0.9782082324455206,0.19036961210310277,0.021791767554479424,SAFE_TO_EXECUTE,0.15138595194073864
4508068960_00010,4508068960_00010,"3-way match, invoice before GR",2018-11-27 08:37:00+00:00,2018-11-27 10:26:00+00:00,0.07569444444444444,205.0,R1_0_50,test,SAFE_TO_EXECUTE,temporal,0.9571779452069058,0.9782082324455206,0.0428220547930942,0.021791767554479424,SAFE_TO_EXECUTE,0.15138595194073864
4508068960_00020,4508068960_00020,"3-way match, invoice before GR",2018-11-27 08:37:00+00:00,2018-11-27 10:26:00+00:00,0.07569444444444444,462.0,R1_0_50,test,SAFE_TO_EXECUTE,temporal,0.9571427472323097,0.9782082324455206,0.04285725276769026,0.021791767554479424,SAFE_TO_EXECUTE,0.15138595194073864
4508062046_00010,4508062046_00010,"3-way match, invoice before GR",2018-11-27 09:39:00+00:00,2018-11-29 12:06:00+00:00,2.1020833333333333,38417.0,R3_90_99,test,SAFE_TO_EXECUTE,temporal,0.3417107914348698,0.7272727272727273,0.6582892085651302,0.2727272727272727,SAFE_TO_EXECUTE,0.8453509366224364
4508069483_00010,4508069483_00010,"3-way match, invoice before GR",2018-11-27 09:41:00+00:00,2018-11-27 16:41:00+00:00,0.2916666666666667,390.0,R1_0_50,test,SAFE_TO_EXECUTE,temporal,0.7923259944002939,0.9782082324455206,0.20767400559970606,0.021791767554479424,SAFE_TO_EXECUTE,0.15138595194073864
4508069483_00020,4508069483_00020,"3-way match, invoice before GR",2018-11-27 09:41:00+00:00,2018-11-27 16:41:00+00:00,0.2916666666666667,246.0,R1_0_50,test,SAFE_TO_EXECUTE,temporal,0.7924051244418019,0.9782082324455206,0.2075948755581981,0.021791767554479424,SAFE_TO_EXECUTE,0.15138595194073864
4508069483_00030,4508069483_00030,"3-way match, invoice before GR",2018-11-27 09:41:00+00:00,2018-11-27 16:41:00+00:00,0.2916666666666667,2139.0,R2_50_90,test,SAFE_TO_EXECUTE,temporal,0.7913631173904647,0.9782082324455206,0.20863688260953528,0.021791767554479424,SAFE_TO_EXECUTE,0.15138595194073864
4508069483_00040,4508069483_00040,"3-way match, invoice before GR",2018-11-27 09:41:00+00:00,2018-11-27 16:41:00+00:00,0.2916666666666667,397.0,R1_0_50,test,SAFE_TO_EXECUTE,temporal,0.7923221472338557,0.9782082324455206,0.20767785276614426,0.021791767554479424,SAFE_TO_EXECUTE,0.15138595194073864
4508069483_00050,4508069483_00050,"3-way match, invoice before GR",2018-11-27 09:41:00+00:00,2018-11-27 16:41:00+00:00,0.2916666666666667,71.0,R1_0_50,test,SAFE_TO_EXECUTE,temporal,0.7925012594667116,0.9782082324455206,0.20749874053328843,0.021791767554479424,SAFE_TO_EXECUTE,0.15138595194073864
4508069483_00060,4508069483_00060,"3-way match, invoice before GR",2018-11-27 09:41:00+00:00,2018-11-27 16:41:00+00:00,0.2916666666666667,40.0,R1_0_50,test,SAFE_TO_EXECUTE,temporal,0.7925182856729526,0.9782082324455206,0.20748171432704743,0.021791767554479424,SAFE_TO_EXECUTE,0.15138595194073864
4508069483_00070,4508069483_00070,"3-way match, invoice before GR",2018-11-27 09:41:00+00:00,2018-11-27 16:41:00+00:00,0.2916666666666667,25.0,R1_0_50,test,SAFE_TO_EXECUTE,temporal,0.7925265237895899,0.9782082324455206,0.20747347621041012,0.021791767554479424,SAFE_TO_EXECUTE,0.15138595194073864
4508069483_00080,4508069483_00080,"3-way match, invoice before GR",2018-11-27 09:41:00+00:00,2018-11-27 16:41:00+00:00,0.2916666666666667,1103.0,R2_50_90,test,SAFE_TO_EXECUTE,temporal,0.7919338628949529,0.9782082324455206,0.20806613710504707,0.021791767554479424,SAFE_TO_EXECUTE,0.15138595194073864
4508069483_00090,4508069483_00090,"3-way match, invoice before GR",2018-11-27 09:41:00+00:00,2018-11-27 16:41:00+00:00,0.2916666666666667,98.0,R1_0_50,test,SAFE_TO_EXECUTE,temporal,0.7924864293499916,0.9782082324455206,0.20751357065000842,0.021791767554479424,SAFE_TO_EXECUTE,0.15138595194073864
4508069483_00100,4508069483_00100,"3-way match, invoice before GR",2018-11-27 09:41:00+00:00,2018-11-27 16:41:00+00:00,0.2916666666666667,2797.0,R2_50_90,test,SAFE_TO_EXECUTE,temporal,0.7910000186688012,0.9782082324455206,0.2089999813311988,0.021791767554479424,SAFE_TO_EXECUTE,0.15138595194073864
4508069483_00110,4508069483_00110,"3-way match, invoice before GR",2018-11-27 09:41:00+00:00,2018-11-27 16:41:00+00:00,0.2916666666666667,176.0,R1_0_50,test,SAFE_TO_EXECUTE,temporal,0.7924435823958065,0.9782082324455206,0.20755641760419352,0.021791767554479424,SAFE_TO_EXECUTE,0.15138595194073864
4508069483_00120,4508069483_00120,"3-way match, invoice before GR",2018-11-27 09:41:00+00:00,2018-11-27 16:41:00+00:00,0.2916666666666667,296.0,R1_0_50,test,SAFE_TO_EXECUTE,temporal,0.792377651255012,0.9782082324455206,0.20762234874498797,0.021791767554479424,SAFE_TO_EXECUTE,0.15138595194073864
4508062045_00010,4508062045_00010,"3-way match, invoice before GR",2018-11-27 09:47:00+00:00,2018-11-27 10:07:00+00:00,0.013888888888888888,26438.0,R3_90_99,test,SAFE_TO_EXECUTE,temporal,0.6951149484043739,0.9560439560439561,0.30488505159562607,0.04395604395604391,SAFE_TO_EXECUTE,0.2601453639477141
4508064843_00010,4508064843_00010,"3-way match, invoice before GR",2018-11-27 09:57:00+00:00,2018-12-03 07:19:00+00:00,5.8902777777777775,28101.0,R3_90_99,test,NOT_SAFE_TO_EXECUTE,temporal,0.788077561745793,0.9782082324455206,0.21192243825420698,0.021791767554479424,SAFE_TO_EXECUTE,0.15138595194073864
4508064121_00010,4508064121_00010,"3-way match, invoice before GR",2018-11-27 09:59:00+00:00,2018-12-03 10:42:00+00:00,6.029861111111111,1556.0,R2_50_90,test,SAFE_TO_EXECUTE,temporal,0.8614139597573344,0.9782082324455206,0.13858604024266563,0.021791767554479424,SAFE_TO_EXECUTE,0.15138595194073864
4508070339_00010,4508070339_00010,"3-way match, invoice before GR",2018-11-27 13:44:00+00:00,2018-11-28 06:32:00+00:00,0.7,592.0,R2_50_90,test,SAFE_TO_EXECUTE,temporal,0.7983053683036492,0.9782082324455206,0.20169463169635082,0.021791767554479424,SAFE_TO_EXECUTE,0.15138595194073864
4508070339_00020,4508070339_00020,"3-way match, invoice before GR",2018-11-27 13:44:00+00:00,2018-11-28 06:32:00+00:00,0.7,27.0,R1_0_50,test,SAFE_TO_EXECUTE,temporal,0.7986090518185336,0.9782082324455206,0.2013909481814664,0.021791767554479424,SAFE_TO_EXECUTE,0.15138595194073864
4508070339_00030,4508070339_00030,"3-way match, invoice before GR",2018-11-27 13:44:00+00:00,2018-11-28 06:32:00+00:00,0.7,60.0,R1_0_50,test,SAFE_TO_EXECUTE,temporal,0.798591323957778,0.9782082324455206,0.201408676042222,0.021791767554479424,SAFE_TO_EXECUTE,0.15138595194073864
4508070339_00040,4508070339_00040,"3-way match, invoice before GR",2018-11-27 13:44:00+00:00,2018-11-28 06:32:00+00:00,0.7,12.0,R1_0_50,test,SAFE_TO_EXECUTE,temporal,0.7986171095512979,0.9782082324455206,0.20138289044870206,0.021791767554479424,SAFE_TO_EXECUTE,0.15138595194073864
4508070339_00050,4508070339_00050,"3-way match, invoice before GR",2018-11-27 13:44:00+00:00,2018-11-28 06:32:00+00:00,0.7,146.0,R1_0_50,test,SAFE_TO_EXECUTE,temporal,0.7985451185950247,0.9782082324455206,0.20145488140497525,0.021791767554479424,SAFE_TO_EXECUTE,0.15138595194073864
4508070339_00060,4508070339_00060,"3-way match, invoice before GR",2018-11-27 13:44:00+00:00,2018-11-28 06:32:00+00:00,0.7,102.0,R1_0_50,test,SAFE_TO_EXECUTE,temporal,0.798568759538194,0.9782082324455206,0.20143124046180605,0.021791767554479424,SAFE_TO_EXECUTE,0.15138595194073864
4508070076_00010,4508070076_00010,"3-way match, invoice before GR",2018-11-27 13:54:00+00:00,2018-11-29 06:08:00+00:00,1.676388888888889,3019.0,R2_50_90,test,SAFE_TO_EXECUTE,temporal,0.7840500930402696,0.9782082324455206,0.21594990695973038,0.021791767554479424,SAFE_TO_EXECUTE,0.15138595194073864
4508070076_00020,4508070076_00020,"3-way match, invoice before GR",2018-11-27 13:54:00+00:00,2018-11-29 06:08:00+00:00,1.676388888888889,855.0,R2_50_90,test,SAFE_TO_EXECUTE,temporal,0.785271373467421,0.9782082324455206,0.21472862653257896,0.021791767554479424,SAFE_TO_EXECUTE,0.15138595194073864
4508070076_00030,4508070076_00030,"3-way match, invoice before GR",2018-11-27 13:54:00+00:00,2018-11-29 06:08:00+00:00,1.676388888888889,35.0,R1_0_50,test,SAFE_TO_EXECUTE,temporal,0.7857328376819657,0.9782082324455206,0.21426716231803433,0.021791767554479424,SAFE_TO_EXECUTE,0.15138595194073864
4508070076_00040,4508070076_00040,"3-way match, invoice before GR",2018-11-27 13:54:00+00:00,2018-11-29 06:08:00+00:00,1.676388888888889,6344.0,R2_50_90,test,SAFE_TO_EXECUTE,temporal,0.7821637959022195,0.9782082324455206,0.21783620409778048,0.021791767554479424,SAFE_TO_EXECUTE,0.15138595194073864
4508070076_00050,4508070076_00050,"3-way match, invoice before GR",2018-11-27 13:54:00+00:00,2018-11-29 06:08:00+00:00,1.676388888888889,176.0,R1_0_50,test,SAFE_TO_EXECUTE,temporal,0.7856535397257072,0.9782082324455206,0.21434646027429283,0.021791767554479424,SAFE_TO_EXECUTE,0.15138595194073864
4508070076_00070,4508070076_00070,"3-way match, invoice before GR",2018-11-27 13:54:00+00:00,2018-11-29 06:08:00+00:00,1.676388888888889,401.0,R1_0_50,test,SAFE_TO_EXECUTE,temporal,0.785526956240377,0.9782082324455206,0.21447304375962295,0.021791767554479424,SAFE_TO_EXECUTE,0.15138595194073864
4508070076_00080,4508070076_00080,"3-way match, invoice before GR",2018-11-27 13:54:00+00:00,2018-11-29 06:08:00+00:00,1.676388888888889,137.0,R1_0_50,test,SAFE_TO_EXECUTE,temporal,0.7856754753377899,0.9782082324455206,0.21432452466221008,0.021791767554479424,SAFE_TO_EXECUTE,0.15138595194073864
4508070076_00090,4508070076_00090,"3-way match, invoice before GR",2018-11-27 13:54:00+00:00,2018-11-29 06:08:00+00:00,1.676388888888889,540.0,R1_0_50,test,SAFE_TO_EXECUTE,temporal,0.7854487286238624,0.9782082324455206,0.2145512713761376,0.021791767554479424,SAFE_TO_EXECUTE,0.15138595194073864
4508070076_00100,4508070076_00100,"3-way match, invoice before GR",2018-11-27 13:54:00+00:00,2018-11-29 06:08:00+00:00,1.676388888888889,202.0,R1_0_50,test,SAFE_TO_EXECUTE,temporal,0.7856389150773722,0.9782082324455206,0.21436108492262784,0.021791767554479424,SAFE_TO_EXECUTE,0.15138595194073864
4508067693_00010,4508067693_00010,"3-way match, invoice before GR",2018-11-27 14:22:00+00:00,2018-11-28 08:35:00+00:00,0.7590277777777777,646.0,R2_50_90,test,NOT_SAFE_TO_EXECUTE,temporal,0.875686956697591,0.9782082324455206,0.124313043302409,0.021791767554479424,SAFE_TO_EXECUTE,0.15138595194073864
4508069874_00010,4508069874_00010,"3-way match, invoice before GR",2018-11-27 15:51:00+00:00,2018-11-29 06:49:00+00:00,1.6236111111111111,10600.0,R3_90_99,test,SAFE_TO_EXECUTE,temporal,0.8481921712823975,0.9782082324455206,0.15180782871760246,0.021791767554479424,SAFE_TO_EXECUTE,0.15138595194073864
4508069874_00020,4508069874_00020,"3-way match, invoice before GR",2018-11-27 15:51:00+00:00,2018-11-29 06:49:00+00:00,1.6236111111111111,1413.0,R2_50_90,test,SAFE_TO_EXECUTE,temporal,0.8521011816989962,0.9782082324455206,0.14789881830100382,0.021791767554479424,SAFE_TO_EXECUTE,0.15138595194073864
4508069874_00030,4508069874_00030,"3-way match, invoice before GR",2018-11-27 15:51:00+00:00,2018-11-29 06:49:00+00:00,1.6236111111111111,10176.0,R3_90_99,test,SAFE_TO_EXECUTE,temporal,0.8483744324028627,0.9782082324455206,0.1516255675971373,0.021791767554479424,SAFE_TO_EXECUTE,0.15138595194073864
4508069895_00010,4508069895_00010,"3-way match, invoice before GR",2018-11-27 15:55:00+00:00,2018-11-29 06:50:00+00:00,1.6215277777777777,9186.0,R3_90_99,test,SAFE_TO_EXECUTE,temporal,0.8488334981664244,0.9782082324455206,0.1511665018335756,0.021791767554479424,SAFE_TO_EXECUTE,0.15138595194073864
4508069895_00020,4508069895_00020,"3-way match, invoice before GR",2018-11-27 15:55:00+00:00,2018-11-29 06:50:00+00:00,1.6215277777777777,12720.0,R3_90_99,test,SAFE_TO_EXECUTE,temporal,0.8473126516117742,0.9782082324455206,0.15268734838822584,0.021791767554479424,SAFE_TO_EXECUTE,0.15138595194073864
4508069895_00030,4508069895_00030,"3-way match, invoice before GR",2018-11-27 15:55:00+00:00,2018-11-29 06:50:00+00:00,1.6215277777777777,1272.0,R2_50_90,test,SAFE_TO_EXECUTE,temporal,0.8521940979757433,0.9782082324455206,0.1478059020242567,0.021791767554479424,SAFE_TO_EXECUTE,0.15138595194073864
2000052679_00001,2000052679_00001,"3-way match, invoice before GR",2018-11-27 16:15:00+00:00,2019-01-09 14:00:00+00:00,42.90625,7612.0,R3_90_99,test,SAFE_TO_EXECUTE,temporal,0.6948356953831192,0.9560439560439561,0.3051643046168808,0.04395604395604391,SAFE_TO_EXECUTE,0.2601453639477141
4508069884_00010,4508069884_00010,"3-way match, invoice before GR",2018-11-27 16:40:00+00:00,2018-11-29 06:50:00+00:00,1.5902777777777777,20493.0,R3_90_99,test,SAFE_TO_EXECUTE,temporal,0.8439621430163956,0.9782082324455206,0.1560378569836044,0.021791767554479424,SAFE_TO_EXECUTE,0.15138595194073864
4508069884_00020,4508069884_00020,"3-way match, invoice before GR",2018-11-27 16:40:00+00:00,2018-11-29 06:50:00+00:00,1.5902777777777777,1413.0,R2_50_90,test,SAFE_TO_EXECUTE,temporal,0.8521717901347121,0.9782082324455206,0.14782820986528789,0.021791767554479424,SAFE_TO_EXECUTE,0.15138595194073864
4508069884_00030,4508069884_00030,"3-way match, invoice before GR",2018-11-27 16:40:00+00:00,2018-11-29 06:50:00+00:00,1.5902777777777777,1272.0,R2_50_90,test,SAFE_TO_EXECUTE,temporal,0.8522311079947894,0.9782082324455206,0.1477688920052106,0.021791767554479424,SAFE_TO_EXECUTE,0.15138595194073864
4508070077_00010,4508070077_00010,"3-way match, invoice before GR",2018-11-27 16:53:00+00:00,2018-11-28 07:11:00+00:00,0.5958333333333333,67.0,R1_0_50,test,NOT_SAFE_TO_EXECUTE,temporal,0.3771678481669625,0.75,0.6228321518330375,0.25,SAFE_TO_EXECUTE,0.8112781244591328
4508070077_00030,4508070077_00030,"3-way match, invoice before GR",2018-11-27 16:53:00+00:00,2018-11-28 07:11:00+00:00,0.5958333333333333,98.0,R1_0_50,test,NOT_SAFE_TO_EXECUTE,temporal,0.3771435252430754,0.75,0.6228564747569246,0.25,SAFE_TO_EXECUTE,0.8112781244591328
4508070077_00040,4508070077_00040,"3-way match, invoice before GR",2018-11-27 16:53:00+00:00,2018-11-28 07:11:00+00:00,0.5958333333333333,98.0,R1_0_50,test,NOT_SAFE_TO_EXECUTE,temporal,0.3771435252430754,0.75,0.6228564747569246,0.25,SAFE_TO_EXECUTE,0.8112781244591328
4508070077_00050,4508070077_00050,"3-way match, invoice before GR",2018-11-27 16:53:00+00:00,2018-11-28 07:11:00+00:00,0.5958333333333333,58.0,R1_0_50,test,NOT_SAFE_TO_EXECUTE,temporal,0.37717490977688406,0.75,0.6228250902231159,0.25,SAFE_TO_EXECUTE,0.8112781244591328
4508068940_00290,4508068940_00290,"3-way match, invoice before GR",2018-11-27 17:27:00+00:00,2018-11-30 05:15:00+00:00,2.4916666666666667,130.0,R1_0_50,test,SAFE_TO_EXECUTE,temporal,0.8017394961488882,0.9782082324455206,0.19826050385111182,0.021791767554479424,SAFE_TO_EXECUTE,0.15138595194073864
4508070360_00010,4508070360_00010,"3-way match, invoice before GR",2018-11-27 17:27:00+00:00,2018-11-28 16:36:00+00:00,0.9645833333333333,742.0,R2_50_90,test,SAFE_TO_EXECUTE,temporal,0.8155926589704009,0.9782082324455206,0.1844073410295991,0.021791767554479424,SAFE_TO_EXECUTE,0.15138595194073864
4508070360_00020,4508070360_00020,"3-way match, invoice before GR",2018-11-27 17:27:00+00:00,2018-11-28 16:36:00+00:00,0.9645833333333333,168.0,R1_0_50,test,SAFE_TO_EXECUTE,temporal,0.8158808327782472,0.9782082324455206,0.1841191672217528,0.021791767554479424,SAFE_TO_EXECUTE,0.15138595194073864
4508070360_00030,4508070360_00030,"3-way match, invoice before GR",2018-11-27 17:27:00+00:00,2018-11-28 16:36:00+00:00,0.9645833333333333,409.0,R1_0_50,test,SAFE_TO_EXECUTE,temporal,0.815759882431842,0.9782082324455206,0.18424011756815795,0.021791767554479424,SAFE_TO_EXECUTE,0.15138595194073864
4508070360_00040,4508070360_00040,"3-way match, invoice before GR",2018-11-27 17:27:00+00:00,2018-11-28 16:36:00+00:00,0.9645833333333333,200.0,R1_0_50,test,SAFE_TO_EXECUTE,temporal,0.8158647765217883,0.9782082324455206,0.18413522347821165,0.021791767554479424,SAFE_TO_EXECUTE,0.15138595194073864
4508070360_00050,4508070360_00050,"3-way match, invoice before GR",2018-11-27 17:27:00+00:00,2018-11-28 16:36:00+00:00,0.9645833333333333,534.0,R1_0_50,test,SAFE_TO_EXECUTE,temporal,0.8156971246285907,0.9782082324455206,0.18430287537140932,0.021791767554479424,SAFE_TO_EXECUTE,0.15138595194073864
4508070360_00060,4508070360_00060,"3-way match, invoice before GR",2018-11-27 17:27:00+00:00,2018-11-28 16:36:00+00:00,0.9645833333333333,64.0,R1_0_50,test,SAFE_TO_EXECUTE,temporal,0.8159330081244651,0.9782082324455206,0.18406699187553488,0.021791767554479424,SAFE_TO_EXECUTE,0.15138595194073864
4508070360_00070,4508070360_00070,"3-way match, invoice before GR",2018-11-27 17:27:00+00:00,2018-11-28 16:36:00+00:00,0.9645833333333333,289.0,R1_0_50,test,SAFE_TO_EXECUTE,temporal,0.815820114357608,0.9782082324455206,0.18417988564239196,0.021791767554479424,SAFE_TO_EXECUTE,0.15138595194073864
4508070360_00080,4508070360_00080,"3-way match, invoice before GR",2018-11-27 17:27:00+00:00,2018-11-28 16:36:00+00:00,0.9645833333333333,508.0,R1_0_50,test,SAFE_TO_EXECUTE,temporal,0.8157101796144814,0.9782082324455206,0.18428982038551855,0.021791767554479424,SAFE_TO_EXECUTE,0.15138595194073864
4508070360_00090,4508070360_00090,"3-way match, invoice before GR",2018-11-27 17:27:00+00:00,2018-11-28 16:36:00+00:00,0.9645833333333333,635.0,R2_50_90,test,SAFE_TO_EXECUTE,temporal,0.8156464042379825,0.9782082324455206,0.18435359576201749,0.021791767554479424,SAFE_TO_EXECUTE,0.15138595194073864
4508070360_00100,4508070360_00100,"3-way match, invoice before GR",2018-11-27 17:27:00+00:00,2018-11-28 16:36:00+00:00,0.9645833333333333,3599.0,R2_50_90,test,SAFE_TO_EXECUTE,temporal,0.8141531239066283,0.9782082324455206,0.1858468760933717,0.021791767554479424,SAFE_TO_EXECUTE,0.15138595194073864
4508070360_00110,4508070360_00110,"3-way match, invoice before GR",2018-11-27 17:27:00+00:00,2018-11-28 16:36:00+00:00,0.9645833333333333,629.0,R2_50_90,test,SAFE_TO_EXECUTE,temporal,0.8156494176323008,0.9782082324455206,0.1843505823676992,0.021791767554479424,SAFE_TO_EXECUTE,0.15138595194073864
4508070360_00120,4508070360_00120,"3-way match, invoice before GR",2018-11-27 17:27:00+00:00,2018-11-28 16:36:00+00:00,0.9645833333333333,159.0,R1_0_50,test,SAFE_TO_EXECUTE,temporal,0.8158853484050388,0.9782082324455206,0.1841146515949612,0.021791767554479424,SAFE_TO_EXECUTE,0.15138595194073864
4508070360_00130,4508070360_00130,"3-way match, invoice before GR",2018-11-27 17:27:00+00:00,2018-11-28 16:36:00+00:00,0.9645833333333333,208.0,R1_0_50,test,SAFE_TO_EXECUTE,temporal,0.8158607622882742,0.9782082324455206,0.1841392377117258,0.021791767554479424,SAFE_TO_EXECUTE,0.15138595194073864
4508070360_00140,4508070360_00140,"3-way match, invoice before GR",2018-11-27 17:27:00+00:00,2018-11-28 16:36:00+00:00,0.9645833333333333,6195.0,R2_50_90,test,SAFE_TO_EXECUTE,temporal,0.8128375905792341,0.9782082324455206,0.1871624094207659,0.021791767554479424,SAFE_TO_EXECUTE,0.15138595194073864
4508070360_00150,4508070360_00150,"3-way match, invoice before GR",2018-11-27 17:27:00+00:00,2018-11-28 16:36:00+00:00,0.9645833333333333,1090.0,R2_50_90,test,SAFE_TO_EXECUTE,temporal,0.8154177774292848,0.9782082324455206,0.18458222257071522,0.021791767554479424,SAFE_TO_EXECUTE,0.15138595194073864
4508070360_00160,4508070360_00160,"3-way match, invoice before GR",2018-11-27 17:27:00+00:00,2018-11-28 16:36:00+00:00,0.9645833333333333,780.0,R2_50_90,test,SAFE_TO_EXECUTE,temporal,0.8155735689483792,0.9782082324455206,0.18442643105162082,0.021791767554479424,SAFE_TO_EXECUTE,0.15138595194073864
4508070360_00170,4508070360_00170,"3-way match, invoice before GR",2018-11-27 17:27:00+00:00,2018-11-28 16:36:00+00:00,0.9645833333333333,273.0,R1_0_50,test,SAFE_TO_EXECUTE,temporal,0.8158281441290474,0.9782082324455206,0.18417185587095264,0.021791767554479424,SAFE_TO_EXECUTE,0.15138595194073864
4508070360_00180,4508070360_00180,"3-way match, invoice before GR",2018-11-27 17:27:00+00:00,2018-11-28 16:36:00+00:00,0.9645833333333333,50.0,R1_0_50,test,SAFE_TO_EXECUTE,temporal,0.8159400308542831,0.9782082324455206,0.18405996914571687,0.021791767554479424,SAFE_TO_EXECUTE,0.15138595194073864
4508070360_00190,4508070360_00190,"3-way match, invoice before GR",2018-11-27 17:27:00+00:00,2018-11-28 16:36:00+00:00,0.9645833333333333,460.0,R1_0_50,test,SAFE_TO_EXECUTE,temporal,0.8157342792462581,0.9782082324455206,0.18426572075374192,0.021791767554479424,SAFE_TO_EXECUTE,0.15138595194073864
4508070360_00200,4508070360_00200,"3-way match, invoice before GR",2018-11-27 17:27:00+00:00,2018-11-28 16:36:00+00:00,0.9645833333333333,773.0,R2_50_90,test,SAFE_TO_EXECUTE,temporal,0.8155770856462914,0.9782082324455206,0.1844229143537086,0.021791767554479424,SAFE_TO_EXECUTE,0.15138595194073864
4508070360_00210,4508070360_00210,"3-way match, invoice before GR",2018-11-27 17:27:00+00:00,2018-11-28 16:36:00+00:00,0.9645833333333333,92.0,R1_0_50,test,SAFE_TO_EXECUTE,temporal,0.8159189620423256,0.9782082324455206,0.1840810379576744,0.021791767554479424,SAFE_TO_EXECUTE,0.15138595194073864
4508070360_00220,4508070360_00220,"3-way match, invoice before GR",2018-11-27 17:27:00+00:00,2018-11-28 16:36:00+00:00,0.9645833333333333,104.0,R1_0_50,test,SAFE_TO_EXECUTE,temporal,0.815912942038752,0.9782082324455206,0.18408705796124802,0.021791767554479424,SAFE_TO_EXECUTE,0.15138595194073864
4508070360_00230,4508070360_00230,"3-way match, invoice before GR",2018-11-27 17:27:00+00:00,2018-11-28 16:36:00+00:00,0.9645833333333333,516.0,R1_0_50,test,SAFE_TO_EXECUTE,temporal,0.8157061627719885,0.9782082324455206,0.18429383722801151,0.021791767554479424,SAFE_TO_EXECUTE,0.15138595194073864
4508070360_00240,4508070360_00240,"3-way match, invoice before GR",2018-11-27 17:27:00+00:00,2018-11-28 16:36:00+00:00,0.9645833333333333,590.0,R2_50_90,test,SAFE_TO_EXECUTE,temporal,0.8156690037661128,0.9782082324455206,0.18433099623388716,0.021791767554479424,SAFE_TO_EXECUTE,0.15138595194073864
4508070360_00250,4508070360_00250,"3-way match, invoice before GR",2018-11-27 17:27:00+00:00,2018-11-28 16:36:00+00:00,0.9645833333333333,966.0,R2_50_90,test,SAFE_TO_EXECUTE,temporal,0.815480106251161,0.9782082324455206,0.18451989374883904,0.021791767554479424,SAFE_TO_EXECUTE,0.15138595194073864
4508070360_00260,4508070360_00260,"3-way match, invoice before GR",2018-11-27 17:27:00+00:00,2018-11-28 16:36:00+00:00,0.9645833333333333,207.0,R1_0_50,test,SAFE_TO_EXECUTE,temporal,0.815861264071169,0.9782082324455206,0.184138735928831,0.021791767554479424,SAFE_TO_EXECUTE,0.15138595194073864
4508070407_00010,4508070407_00010,"3-way match, invoice before GR",2018-11-27 17:27:00+00:00,2018-11-28 16:36:00+00:00,0.9645833333333333,1090.0,R2_50_90,test,SAFE_TO_EXECUTE,temporal,0.965669556587648,0.9782082324455206,0.03433044341235203,0.021791767554479424,SAFE_TO_EXECUTE,0.15138595194073864
4508070407_00020,4508070407_00020,"3-way match, invoice before GR",2018-11-27 17:27:00+00:00,2018-11-28 16:36:00+00:00,0.9645833333333333,798.0,R2_50_90,test,SAFE_TO_EXECUTE,temporal,0.9657018748123477,0.9782082324455206,0.034298125187652295,0.021791767554479424,SAFE_TO_EXECUTE,0.15138595194073864
4508069958_00010,4508069958_00010,"3-way match, invoice before GR",2018-11-28 08:15:00+00:00,2018-11-28 11:16:00+00:00,0.12569444444444444,709.0,R2_50_90,test,SAFE_TO_EXECUTE,temporal,0.793531809268553,0.9782082324455206,0.20646819073144695,0.021791767554479424,SAFE_TO_EXECUTE,0.15138595194073864
4508069958_00020,4508069958_00020,"3-way match, invoice before GR",2018-11-28 08:15:00+00:00,2018-11-28 09:58:00+00:00,0.07152777777777777,614.0,R2_50_90,test,SAFE_TO_EXECUTE,temporal,0.9607695456163863,0.9782082324455206,0.03923045438361372,0.021791767554479424,SAFE_TO_EXECUTE,0.15138595194073864
4508069958_00030,4508069958_00030,"3-way match, invoice before GR",2018-11-28 08:15:00+00:00,2018-11-28 11:17:00+00:00,0.12638888888888888,504.0,R1_0_50,test,SAFE_TO_EXECUTE,temporal,0.9607541378947857,0.9782082324455206,0.0392458621052143,0.021791767554479424,SAFE_TO_EXECUTE,0.15138595194073864
4508069958_00040,4508069958_00040,"3-way match, invoice before GR",2018-11-28 08:15:00+00:00,2018-11-28 11:13:00+00:00,0.12361111111111112,51.0,R1_0_50,test,SAFE_TO_EXECUTE,temporal,0.9608126281081718,0.9782082324455206,0.03918737189182819,0.021791767554479424,SAFE_TO_EXECUTE,0.15138595194073864
4508070376_00010,4508070376_00010,"3-way match, invoice before GR",2018-11-28 08:30:00+00:00,2018-11-29 06:06:00+00:00,0.9,118.0,R1_0_50,test,SAFE_TO_EXECUTE,temporal,0.8781707531619379,0.9782082324455206,0.12182924683806207,0.021791767554479424,SAFE_TO_EXECUTE,0.15138595194073864
4508070376_00020,4508070376_00020,"3-way match, invoice before GR",2018-11-28 08:30:00+00:00,2018-11-29 06:06:00+00:00,0.9,185.0,R1_0_50,test,SAFE_TO_EXECUTE,temporal,0.8781468092003135,0.9782082324455206,0.12185319079968648,0.021791767554479424,SAFE_TO_EXECUTE,0.15138595194073864
4508070376_00030,4508070376_00030,"3-way match, invoice before GR",2018-11-28 08:30:00+00:00,2018-11-29 06:06:00+00:00,0.9,74.0,R1_0_50,test,SAFE_TO_EXECUTE,temporal,0.8781864753501608,0.9782082324455206,0.12181352464983919,0.021791767554479424,SAFE_TO_EXECUTE,0.15138595194073864
4508070670_00020,4508070670_00020,"3-way match, invoice before GR",2018-11-28 09:14:00+00:00,2018-11-29 06:06:00+00:00,0.8694444444444445,197.0,R1_0_50,test,SAFE_TO_EXECUTE,temporal,0.8792501695682463,0.9782082324455206,0.12074983043175369,0.021791767554479424,SAFE_TO_EXECUTE,0.15138595194073864
4508068943_00010,4508068943_00010,"3-way match, invoice before GR",2018-11-28 09:51:00+00:00,2018-12-04 11:07:00+00:00,6.052777777777778,7399.0,R3_90_99,test,SAFE_TO_EXECUTE,temporal,0.7681324101097506,0.9560439560439561,0.23186758989024936,0.04395604395604391,SAFE_TO_EXECUTE,0.2601453639477141
4508068943_00020,4508068943_00020,"3-way match, invoice before GR",2018-11-28 09:51:00+00:00,2018-12-04 11:14:00+00:00,6.057638888888889,6035.0,R2_50_90,test,SAFE_TO_EXECUTE,temporal,0.9549175983212532,0.9782082324455206,0.045082401678746775,0.021791767554479424,SAFE_TO_EXECUTE,0.15138595194073864
4508068619_00010,4508068619_00010,"3-way match, invoice before GR",2018-11-28 09:53:00+00:00,2018-11-28 13:36:00+00:00,0.15486111111111112,20957.0,R3_90_99,test,SAFE_TO_EXECUTE,temporal,0.7293398099879846,0.9560439560439561,0.27066019001201536,0.04395604395604391,SAFE_TO_EXECUTE,0.2601453639477141
4508070457_00010,4508070457_00010,"3-way match, invoice before GR",2018-11-28 12:06:00+00:00,2018-11-29 06:08:00+00:00,0.7513888888888889,106.0,R1_0_50,test,SAFE_TO_EXECUTE,temporal,0.7970713025651281,0.9782082324455206,0.20292869743487185,0.021791767554479424,SAFE_TO_EXECUTE,0.15138595194073864
4508070341_00010,4508070341_00010,"3-way match, invoice before GR",2018-11-28 12:08:00+00:00,2018-11-29 06:08:00+00:00,0.75,176.0,R1_0_50,test,SAFE_TO_EXECUTE,temporal,0.7967985509094678,0.9782082324455206,0.20320144909053217,0.021791767554479424,SAFE_TO_EXECUTE,0.15138595194073864
4508070341_00020,4508070341_00020,"3-way match, invoice before GR",2018-11-28 12:08:00+00:00,2018-11-29 06:08:00+00:00,0.75,336.0,R1_0_50,test,SAFE_TO_EXECUTE,temporal,0.7967120106642497,0.9782082324455206,0.20328798933575032,0.021791767554479424,SAFE_TO_EXECUTE,0.15138595194073864
4508067904_00010,4508067904_00010,"3-way match, invoice before GR",2018-11-28 12:28:00+00:00,2018-12-06 10:12:00+00:00,7.905555555555556,3446.0,R2_50_90,test,SAFE_TO_EXECUTE,temporal,0.8026062658810598,0.9782082324455206,0.19739373411894023,0.021791767554479424,SAFE_TO_EXECUTE,0.15138595194073864
4508067904_00020,4508067904_00020,"3-way match, invoice before GR",2018-11-28 12:28:00+00:00,2018-12-06 10:09:00+00:00,7.903472222222222,6275.0,R2_50_90,test,SAFE_TO_EXECUTE,temporal,0.8159640083932796,0.9782082324455206,0.18403599160672035,0.021791767554479424,SAFE_TO_EXECUTE,0.15138595194073864
4508067904_00030,4508067904_00030,"3-way match, invoice before GR",2018-11-28 12:28:00+00:00,2018-12-06 10:09:00+00:00,7.903472222222222,6547.0,R2_50_90,test,NOT_SAFE_TO_EXECUTE,temporal,0.8158275434030197,0.9782082324455206,0.18417245659698034,0.021791767554479424,SAFE_TO_EXECUTE,0.15138595194073864
4508067904_00040,4508067904_00040,"3-way match, invoice before GR",2018-11-28 12:28:00+00:00,2018-12-06 10:14:00+00:00,7.906944444444444,4433.0,R2_50_90,test,SAFE_TO_EXECUTE,temporal,0.8168787489106893,0.9782082324455206,0.18312125108931065,0.021791767554479424,SAFE_TO_EXECUTE,0.15138595194073864
4508068909_00010,4508068909_00010,"3-way match, invoice before GR",2018-11-28 12:53:00+00:00,2018-11-28 16:36:00+00:00,0.15486111111111112,787.0,R2_50_90,test,SAFE_TO_EXECUTE,temporal,0.7804471521744696,0.9782082324455206,0.21955284782553042,0.021791767554479424,SAFE_TO_EXECUTE,0.15138595194073864
4508068909_00020,4508068909_00020,"3-way match, invoice before GR",2018-11-28 12:53:00+00:00,2018-11-28 16:36:00+00:00,0.15486111111111112,424.0,R1_0_50,test,SAFE_TO_EXECUTE,temporal,0.780654832532491,0.9782082324455206,0.21934516746750898,0.021791767554479424,SAFE_TO_EXECUTE,0.15138595194073864
4508068909_00030,4508068909_00030,"3-way match, invoice before GR",2018-11-28 12:53:00+00:00,2018-11-28 16:36:00+00:00,0.15486111111111112,2983.0,R2_50_90,test,SAFE_TO_EXECUTE,temporal,0.7791877595289832,0.9782082324455206,0.22081224047101677,0.021791767554479424,SAFE_TO_EXECUTE,0.15138595194073864
4508061092_00050,4508061092_00050,"3-way match, invoice before GR",2018-11-28 13:24:00+00:00,2018-11-29 08:53:00+00:00,0.8118055555555556,415.0,R1_0_50,test,SAFE_TO_EXECUTE,temporal,0.9479103836768339,0.9782082324455206,0.05208961632316611,0.021791767554479424,SAFE_TO_EXECUTE,0.15138595194073864
4508067865_00060,4508067865_00060,"3-way match, invoice before GR",2018-11-28 14:25:00+00:00,2018-11-29 08:52:00+00:00,0.76875,254.0,R1_0_50,test,NOT_SAFE_TO_EXECUTE,temporal,0.9597437396170142,0.9782082324455206,0.0402562603829858,0.021791767554479424,SAFE_TO_EXECUTE,0.15138595194073864
4507036085_00050,4507036085_00050,"3-way match, invoice before GR",2018-11-28 14:46:00+00:00,2018-11-29 13:12:00+00:00,0.9347222222222222,3264.0,R2_50_90,test,SAFE_TO_EXECUTE,temporal,0.9739126410528581,0.9782082324455206,0.02608735894714187,0.021791767554479424,SAFE_TO_EXECUTE,0.15138595194073864
4508070445_00010,4508070445_00010,"3-way match, invoice before GR",2018-11-28 15:52:00+00:00,2018-11-29 06:52:00+00:00,0.625,23320.0,R3_90_99,test,SAFE_TO_EXECUTE,temporal,0.8484076680758244,0.9782082324455206,0.15159233192417565,0.021791767554479424,SAFE_TO_EXECUTE,0.15138595194073864
4508070392_00010,4508070392_00010,"3-way match, invoice before GR",2018-11-28 15:54:00+00:00,2018-11-29 06:53:00+00:00,0.6243055555555556,21948.0,R3_90_99,test,SAFE_TO_EXECUTE,temporal,0.8489190867233201,0.9782082324455206,0.15108091327667994,0.021791767554479424,SAFE_TO_EXECUTE,0.15138595194073864
4508065299_00020,4508065299_00020,"3-way match, invoice before GR",2018-11-28 16:02:00+00:00,2018-11-28 22:39:00+00:00,0.27569444444444446,5916.0,R2_50_90,test,SAFE_TO_EXECUTE,temporal,0.881074719721549,0.9782082324455206,0.11892528027845095,0.021791767554479424,SAFE_TO_EXECUTE,0.15138595194073864
4508065299_00030,4508065299_00030,"3-way match, invoice before GR",2018-11-28 16:04:00+00:00,2018-11-28 22:39:00+00:00,0.2743055555555556,6951.0,R2_50_90,test,SAFE_TO_EXECUTE,temporal,0.8807141325863259,0.9782082324455206,0.11928586741367408,0.021791767554479424,SAFE_TO_EXECUTE,0.15138595194073864
4508070399_00010,4508070399_00010,"3-way match, invoice before GR",2018-11-28 16:50:00+00:00,2018-11-29 06:50:00+00:00,0.5833333333333334,23320.0,R3_90_99,test,SAFE_TO_EXECUTE,temporal,0.8484175168425921,0.9782082324455206,0.15158248315740785,0.021791767554479424,SAFE_TO_EXECUTE,0.15138595194073864
4508066811_00040,4508066811_00040,"3-way match, invoice before GR",2018-11-28 16:57:00+00:00,2018-11-30 04:32:00+00:00,1.4826388888888888,2186.0,R2_50_90,test,SAFE_TO_EXECUTE,temporal,0.9480684960416519,0.9782082324455206,0.05193150395834811,0.021791767554479424,SAFE_TO_EXECUTE,0.15138595194073864
4508070665_00010,4508070665_00010,"3-way match, invoice before GR",2018-11-28 17:53:00+00:00,2018-11-29 16:52:00+00:00,0.9576388888888889,63.0,R1_0_50,test,SAFE_TO_EXECUTE,temporal,0.8159419583182758,0.9782082324455206,0.18405804168172424,0.021791767554479424,SAFE_TO_EXECUTE,0.15138595194073864
4508070665_00020,4508070665_00020,"3-way match, invoice before GR",2018-11-28 17:53:00+00:00,2018-11-29 16:52:00+00:00,0.9576388888888889,31.0,R1_0_50,test,SAFE_TO_EXECUTE,temporal,0.8159580093627944,0.9782082324455206,0.1840419906372056,0.021791767554479424,SAFE_TO_EXECUTE,0.15138595194073864
4508070665_00030,4508070665_00030,"3-way match, invoice before GR",2018-11-28 17:53:00+00:00,2018-11-29 16:52:00+00:00,0.9576388888888889,32.0,R1_0_50,test,SAFE_TO_EXECUTE,temporal,0.8159575077840624,0.9782082324455206,0.1840424922159376,0.021791767554479424,SAFE_TO_EXECUTE,0.15138595194073864
4508070665_00040,4508070665_00040,"3-way match, invoice before GR",2018-11-28 17:53:00+00:00,2018-11-29 16:52:00+00:00,0.9576388888888889,208.0,R1_0_50,test,SAFE_TO_EXECUTE,temporal,0.8158692134371938,0.9782082324455206,0.18413078656280624,0.021791767554479424,SAFE_TO_EXECUTE,0.15138595194073864
4508070665_00050,4508070665_00050,"3-way match, invoice before GR",2018-11-28 17:53:00+00:00,2018-11-29 16:52:00+00:00,0.9576388888888889,113.0,R1_0_50,test,SAFE_TO_EXECUTE,temporal,0.8159168763909419,0.9782082324455206,0.1840831236090581,0.021791767554479424,SAFE_TO_EXECUTE,0.15138595194073864
4508070665_00060,4508070665_00060,"3-way match, invoice before GR",2018-11-28 17:53:00+00:00,2018-11-29 16:52:00+00:00,0.9576388888888889,186.0,R1_0_50,test,SAFE_TO_EXECUTE,temporal,0.8158802520240075,0.9782082324455206,0.1841197479759925,0.021791767554479424,SAFE_TO_EXECUTE,0.15138595194073864
4508070665_00070,4508070665_00070,"3-way match, invoice before GR",2018-11-28 17:53:00+00:00,2018-11-29 16:52:00+00:00,0.9576388888888889,85.0,R1_0_50,test,SAFE_TO_EXECUTE,temporal,0.8159309225963222,0.9782082324455206,0.18406907740367784,0.021791767554479424,SAFE_TO_EXECUTE,0.15138595194073864
4508070665_00080,4508070665_00080,"3-way match, invoice before GR",2018-11-28 17:53:00+00:00,2018-11-29 16:52:00+00:00,0.9576388888888889,104.0,R1_0_50,test,SAFE_TO_EXECUTE,temporal,0.815921391333189,0.9782082324455206,0.18407860866681103,0.021791767554479424,SAFE_TO_EXECUTE,0.15138595194073864
4508070665_00090,4508070665_00090,"3-way match, invoice before GR",2018-11-28 17:53:00+00:00,2018-11-29 16:52:00+00:00,0.9576388888888889,108.0,R1_0_50,test,SAFE_TO_EXECUTE,temporal,0.8159193847027773,0.9782082324455206,0.18408061529722275,0.021791767554479424,SAFE_TO_EXECUTE,0.15138595194073864
4508070665_00100,4508070665_00100,"3-way match, invoice before GR",2018-11-28 17:53:00+00:00,2018-11-29 16:52:00+00:00,0.9576388888888889,115.0,R1_0_50,test,SAFE_TO_EXECUTE,temporal,0.8159158730587969,0.9782082324455206,0.18408412694120313,0.021791767554479424,SAFE_TO_EXECUTE,0.15138595194073864
4508070665_00110,4508070665_00110,"3-way match, invoice before GR",2018-11-28 17:53:00+00:00,2018-11-29 16:52:00+00:00,0.9576388888888889,1244.0,R2_50_90,test,SAFE_TO_EXECUTE,temporal,0.8153488160074169,0.9782082324455206,0.18465118399258307,0.021791767554479424,SAFE_TO_EXECUTE,0.15138595194073864
4508070665_00120,4508070665_00120,"3-way match, invoice before GR",2018-11-28 17:53:00+00:00,2018-11-29 16:52:00+00:00,0.9576388888888889,501.0,R1_0_50,test,SAFE_TO_EXECUTE,temporal,0.8157221506701766,0.9782082324455206,0.18427784932982338,0.021791767554479424,SAFE_TO_EXECUTE,0.15138595194073864
4508070665_00130,4508070665_00130,"3-way match, invoice before GR",2018-11-28 17:53:00+00:00,2018-11-29 16:52:00+00:00,0.9576388888888889,437.0,R1_0_50,test,SAFE_TO_EXECUTE,temporal,0.8157542813545944,0.9782082324455206,0.18424571864540562,0.021791767554479424,SAFE_TO_EXECUTE,0.15138595194073864
4508070665_00140,4508070665_00140,"3-way match, invoice before GR",2018-11-28 17:53:00+00:00,2018-11-29 16:52:00+00:00,0.9576388888888889,209.0,R1_0_50,test,SAFE_TO_EXECUTE,temporal,0.8158687116710721,0.9782082324455206,0.1841312883289279,0.021791767554479424,SAFE_TO_EXECUTE,0.15138595194073864
4508070665_00150,4508070665_00150,"3-way match, invoice before GR",2018-11-28 17:53:00+00:00,2018-11-29 16:52:00+00:00,0.9576388888888889,300.0,R1_0_50,test,SAFE_TO_EXECUTE,temporal,0.8158230465220185,0.9782082324455206,0.18417695347798146,0.021791767554479424,SAFE_TO_EXECUTE,0.15138595194073864
4508070665_00160,4508070665_00160,"3-way match, invoice before GR",2018-11-28 17:53:00+00:00,2018-11-29 16:52:00+00:00,0.9576388888888889,351.0,R1_0_50,test,SAFE_TO_EXECUTE,temporal,0.8157974501320764,0.9782082324455206,0.18420254986792362,0.021791767554479424,SAFE_TO_EXECUTE,0.15138595194073864
4508070665_00170,4508070665_00170,"3-way match, invoice before GR",2018-11-28 17:53:00+00:00,2018-11-29 16:52:00+00:00,0.9576388888888889,777.0,R2_50_90,test,SAFE_TO_EXECUTE,temporal,0.8155835374078354,0.9782082324455206,0.1844164625921646,0.021791767554479424,SAFE_TO_EXECUTE,0.15138595194073864
4508070665_00180,4508070665_00180,"3-way match, invoice before GR",2018-11-28 17:53:00+00:00,2018-11-29 16:52:00+00:00,0.9576388888888889,122.0,R1_0_50,test,SAFE_TO_EXECUTE,temporal,0.8159123613629403,0.9782082324455206,0.18408763863705968,0.021791767554479424,SAFE_TO_EXECUTE,0.15138595194073864
4508070665_00190,4508070665_00190,"3-way match, invoice before GR",2018-11-28 17:53:00+00:00,2018-11-29 16:52:00+00:00,0.9576388888888889,296.0,R1_0_50,test,SAFE_TO_EXECUTE,temporal,0.8158250539655453,0.9782082324455206,0.18417494603445472,0.021791767554479424,SAFE_TO_EXECUTE,0.15138595194073864
4508070665_00200,4508070665_00200,"3-way match, invoice before GR",2018-11-28 17:53:00+00:00,2018-11-29 16:52:00+00:00,0.9576388888888889,220.0,R1_0_50,test,SAFE_TO_EXECUTE,temporal,0.8158631921738567,0.9782082324455206,0.18413680782614328,0.021791767554479424,SAFE_TO_EXECUTE,0.15138595194073864
4508070665_00220,4508070665_00220,"3-way match, invoice before GR",2018-11-28 17:53:00+00:00,2018-11-29 16:52:00+00:00,0.9576388888888889,1656.0,R2_50_90,test,SAFE_TO_EXECUTE,temporal,0.8151415466426732,0.9782082324455206,0.18485845335732676,0.021791767554479424,SAFE_TO_EXECUTE,0.15138595194073864
4508070665_00230,4508070665_00230,"3-way match, invoice before GR",2018-11-28 17:53:00+00:00,2018-11-29 16:52:00+00:00,0.9576388888888889,1614.0,R2_50_90,test,SAFE_TO_EXECUTE,temporal,0.8151626842758964,0.9782082324455206,0.18483731572410356,0.021791767554479424,SAFE_TO_EXECUTE,0.15138595194073864
4508070665_00250,4508070665_00250,"3-way match, invoice before GR",2018-11-28 17:53:00+00:00,2018-11-29 16:52:00+00:00,0.9576388888888889,605.0,R2_50_90,test,SAFE_TO_EXECUTE,temporal,0.815669929057312,0.9782082324455206,0.18433007094268805,0.021791767554479424,SAFE_TO_EXECUTE,0.15138595194073864
4508070665_00260,4508070665_00260,"3-way match, invoice before GR",2018-11-28 17:53:00+00:00,2018-11-29 16:52:00+00:00,0.9576388888888889,75.0,R1_0_50,test,SAFE_TO_EXECUTE,temporal,0.8159359388970943,0.9782082324455206,0.18406406110290574,0.021791767554479424,SAFE_TO_EXECUTE,0.15138595194073864
4508070665_00270,4508070665_00270,"3-way match, invoice before GR",2018-11-28 17:53:00+00:00,2018-11-29 16:52:00+00:00,0.9576388888888889,91.0,R1_0_50,test,SAFE_TO_EXECUTE,temporal,0.8159279127650424,0.9782082324455206,0.1840720872349576,0.021791767554479424,SAFE_TO_EXECUTE,0.15138595194073864
4508070665_00280,4508070665_00280,"3-way match, invoice before GR",2018-11-28 17:53:00+00:00,2018-11-29 16:52:00+00:00,0.9576388888888889,126.0,R1_0_50,test,SAFE_TO_EXECUTE,temporal,0.8159103546563026,0.9782082324455206,0.18408964534369743,0.021791767554479424,SAFE_TO_EXECUTE,0.15138595194073864
4508070598_00010,4508070598_00010,"3-way match, invoice before GR",2018-11-29 04:06:00+00:00,2018-11-29 06:48:00+00:00,0.1125,6.0,R1_0_50,test,SAFE_TO_EXECUTE,temporal,0.9794988757347028,1.0,0.020501124265297155,0.0,SAFE_TO_EXECUTE,5.123178885069411e-14
4508070597_00010,4508070597_00010,"3-way match, invoice before GR",2018-11-29 04:10:00+00:00,2018-11-29 06:48:00+00:00,0.10972222222222222,6.0,R1_0_50,test,SAFE_TO_EXECUTE,temporal,0.9794994064451034,1.0,0.02050059355489664,0.0,SAFE_TO_EXECUTE,5.123178885069411e-14
4508070596_00010,4508070596_00010,"3-way match, invoice before GR",2018-11-29 04:11:00+00:00,2018-11-29 06:49:00+00:00,0.10972222222222222,6.0,R1_0_50,test,SAFE_TO_EXECUTE,temporal,0.9794992721443878,1.0,0.02050072785561219,0.0,SAFE_TO_EXECUTE,5.123178885069411e-14
4508070595_00010,4508070595_00010,"3-way match, invoice before GR",2018-11-29 04:12:00+00:00,2018-11-29 06:49:00+00:00,0.10902777777777778,6.0,R1_0_50,test,SAFE_TO_EXECUTE,temporal,0.9794993351183439,1.0,0.02050066488165614,0.0,SAFE_TO_EXECUTE,5.123178885069411e-14
4508070803_00010,4508070803_00010,"3-way match, invoice before GR",2018-11-29 04:13:00+00:00,2018-11-29 12:00:00+00:00,0.32430555555555557,1.0,R1_0_50,test,SAFE_TO_EXECUTE,temporal,0.9729215484201006,0.9782082324455206,0.02707845157989941,0.021791767554479424,SAFE_TO_EXECUTE,0.15138595194073864
4508070803_00020,4508070803_00020,"3-way match, invoice before GR",2018-11-29 04:13:00+00:00,2018-11-29 12:00:00+00:00,0.32430555555555557,2.0,R1_0_50,test,SAFE_TO_EXECUTE,temporal,0.9477332625913791,0.9782082324455206,0.05226673740862087,0.021791767554479424,SAFE_TO_EXECUTE,0.15138595194073864
4508066908_00010,4508066908_00010,"3-way match, invoice before GR",2018-11-29 06:25:00+00:00,2018-12-03 13:46:00+00:00,4.30625,4364.0,R2_50_90,test,SAFE_TO_EXECUTE,temporal,0.9509162713686392,0.9782082324455206,0.04908372863136079,0.021791767554479424,SAFE_TO_EXECUTE,0.15138595194073864
4508062938_00010,4508062938_00010,"3-way match, invoice before GR",2018-11-29 07:09:00+00:00,2018-11-29 19:39:00+00:00,0.5208333333333334,4728.0,R2_50_90,test,SAFE_TO_EXECUTE,temporal,0.7266930161766784,0.9560439560439561,0.27330698382332164,0.04395604395604391,SAFE_TO_EXECUTE,0.2601453639477141
4508065947_00010,4508065947_00010,"3-way match, invoice before GR",2018-11-29 08:48:00+00:00,2018-11-30 08:26:00+00:00,0.9847222222222223,374.0,R1_0_50,test,SAFE_TO_EXECUTE,temporal,0.9644540301957835,0.9782082324455206,0.03554596980421654,0.021791767554479424,SAFE_TO_EXECUTE,0.15138595194073864
4508068989_00010,4508068989_00010,"3-way match, invoice before GR",2018-11-29 08:55:00+00:00,2018-12-03 13:36:00+00:00,4.195138888888889,69.0,R1_0_50,test,SAFE_TO_EXECUTE,temporal,0.7533152753092623,0.9560439560439561,0.24668472469073766,0.04395604395604391,SAFE_TO_EXECUTE,0.2601453639477141
4508058871_00010,4508058871_00010,"3-way match, invoice before GR",2018-11-29 08:57:00+00:00,2018-12-04 16:49:00+00:00,5.3277777777777775,30310.0,R3_90_99,test,SAFE_TO_EXECUTE,temporal,0.7438019747602851,0.9560439560439561,0.2561980252397149,0.04395604395604391,SAFE_TO_EXECUTE,0.2601453639477141
4508070485_00010,4508070485_00010,"3-way match, invoice before GR",2018-11-29 11:18:00+00:00,2018-12-05 11:39:00+00:00,6.014583333333333,958.0,R2_50_90,test,SAFE_TO_EXECUTE,temporal,0.9301802341081841,0.9782082324455206,0.06981976589181593,0.021791767554479424,SAFE_TO_EXECUTE,0.15138595194073864
4508070485_00020,4508070485_00020,"3-way match, invoice before GR",2018-11-29 11:18:00+00:00,2018-12-05 11:39:00+00:00,6.014583333333333,244.0,R1_0_50,test,SAFE_TO_EXECUTE,temporal,0.9582915835319278,0.9782082324455206,0.04170841646807222,0.021791767554479424,SAFE_TO_EXECUTE,0.15138595194073864
4508070485_00030,4508070485_00030,"3-way match, invoice before GR",2018-11-29 11:18:00+00:00,2018-12-05 11:39:00+00:00,6.014583333333333,2464.0,R2_50_90,test,SAFE_TO_EXECUTE,temporal,0.9579942084268698,0.9782082324455206,0.042005791573130224,0.021791767554479424,SAFE_TO_EXECUTE,0.15138595194073864
4508070485_00040,4508070485_00040,"3-way match, invoice before GR",2018-11-29 11:18:00+00:00,2018-12-05 11:39:00+00:00,6.014583333333333,1408.0,R2_50_90,test,SAFE_TO_EXECUTE,temporal,0.958135914498552,0.9782082324455206,0.041864085501448045,0.021791767554479424,SAFE_TO_EXECUTE,0.15138595194073864
4508070485_00050,4508070485_00050,"3-way match, invoice before GR",2018-11-29 11:18:00+00:00,2018-12-05 11:39:00+00:00,6.014583333333333,3575.0,R2_50_90,test,SAFE_TO_EXECUTE,temporal,0.9578446267965082,0.9782082324455206,0.04215537320349183,0.021791767554479424,SAFE_TO_EXECUTE,0.15138595194073864
4508070486_00010,4508070486_00010,"3-way match, invoice before GR",2018-11-29 11:45:00+00:00,2018-12-12 10:21:00+00:00,12.941666666666666,958.0,R2_50_90,test,SAFE_TO_EXECUTE,temporal,0.9235451880149608,0.9782082324455206,0.07645481198503923,0.021791767554479424,SAFE_TO_EXECUTE,0.15138595194073864
4508070486_00020,4508070486_00020,"3-way match, invoice before GR",2018-11-29 11:45:00+00:00,2018-12-12 10:21:00+00:00,12.941666666666666,488.0,R1_0_50,test,SAFE_TO_EXECUTE,temporal,0.9541608100382623,0.9782082324455206,0.04583918996173775,0.021791767554479424,SAFE_TO_EXECUTE,0.15138595194073864
4508070486_00030,4508070486_00030,"3-way match, invoice before GR",2018-11-29 11:45:00+00:00,2018-12-12 10:21:00+00:00,12.941666666666666,2464.0,R2_50_90,test,SAFE_TO_EXECUTE,temporal,0.9538712747396271,0.9782082324455206,0.04612872526037293,0.021791767554479424,SAFE_TO_EXECUTE,0.15138595194073864
4508070486_00040,4508070486_00040,"3-way match, invoice before GR",2018-11-29 11:45:00+00:00,2018-12-12 10:21:00+00:00,12.941666666666666,1408.0,R2_50_90,test,SAFE_TO_EXECUTE,temporal,0.9540262220105084,0.9782082324455206,0.04597377798949165,0.021791767554479424,SAFE_TO_EXECUTE,0.15138595194073864
4508070486_00050,4508070486_00050,"3-way match, invoice before GR",2018-11-29 11:45:00+00:00,2018-12-12 12:39:00+00:00,13.0375,3575.0,R2_50_90,test,SAFE_TO_EXECUTE,temporal,0.9536478288370577,0.9782082324455206,0.046352171162942324,0.021791767554479424,SAFE_TO_EXECUTE,0.15138595194073864
4508070672_00010,4508070672_00010,"3-way match, invoice before GR",2018-11-29 11:48:00+00:00,2018-12-03 09:10:00+00:00,3.890277777777778,1026.0,R2_50_90,test,SAFE_TO_EXECUTE,temporal,0.39984286748805353,0.9041095890410958,0.6001571325119465,0.09589041095890416,SAFE_TO_EXECUTE,0.4558314584408235
4508070672_00020,4508070672_00020,"3-way match, invoice before GR",2018-11-29 11:48:00+00:00,2018-12-03 09:10:00+00:00,3.890277777777778,5144.0,R2_50_90,test,SAFE_TO_EXECUTE,temporal,0.7868357522275298,0.9782082324455206,0.21316424777247023,0.021791767554479424,SAFE_TO_EXECUTE,0.15138595194073864
4508070672_00030,4508070672_00030,"3-way match, invoice before GR",2018-11-29 11:48:00+00:00,2018-12-03 09:10:00+00:00,3.890277777777778,866.0,R2_50_90,test,SAFE_TO_EXECUTE,temporal,0.7892225161516389,0.9782082324455206,0.21077748384836115,0.021791767554479424,SAFE_TO_EXECUTE,0.15138595194073864
4508066946_00020,4508066946_00020,"3-way match, invoice before GR",2018-11-29 12:39:00+00:00,2018-12-05 10:40:00+00:00,5.917361111111111,2504.0,R2_50_90,test,SAFE_TO_EXECUTE,temporal,0.9628086344159832,0.9782082324455206,0.03719136558401681,0.021791767554479424,SAFE_TO_EXECUTE,0.15138595194073864
4508070801_00010,4508070801_00010,"3-way match, invoice before GR",2018-11-29 13:10:00+00:00,2018-11-30 08:38:00+00:00,0.8111111111111111,458.0,R1_0_50,test,SAFE_TO_EXECUTE,temporal,0.9649088887033325,0.9782082324455206,0.03509111129666753,0.021791767554479424,SAFE_TO_EXECUTE,0.15138595194073864
2000052743_00001,2000052743_00001,"3-way match, invoice before GR",2018-11-29 13:29:00+00:00,2018-12-04 07:46:00+00:00,4.761805555555555,420.0,R1_0_50,test,SAFE_TO_EXECUTE,temporal,0.8054817805481285,0.9782082324455206,0.19451821945187153,0.021791767554479424,SAFE_TO_EXECUTE,0.15138595194073864
4508059395_00010,4508059395_00010,"3-way match, invoice before GR",2018-11-29 15:17:00+00:00,2018-12-04 08:09:00+00:00,4.7027777777777775,565.0,R1_0_50,test,SAFE_TO_EXECUTE,temporal,0.7720256878345578,0.9560439560439561,0.22797431216544217,0.04395604395604391,SAFE_TO_EXECUTE,0.2601453639477141
4508071316_00010,4508071316_00010,"3-way match, invoice before GR",2018-11-29 17:13:00+00:00,2018-12-04 06:41:00+00:00,4.561111111111111,1636.0,R2_50_90,test,SAFE_TO_EXECUTE,temporal,0.964221060790467,0.9782082324455206,0.03577893920953301,0.021791767554479424,SAFE_TO_EXECUTE,0.15138595194073864
4508068688_00020,4508068688_00020,"3-way match, invoice before GR",2018-11-30 03:58:00+00:00,2018-11-30 17:10:00+00:00,0.55,491.0,R1_0_50,test,SAFE_TO_EXECUTE,temporal,0.7770008518968642,0.9782082324455206,0.2229991481031358,0.021791767554479424,SAFE_TO_EXECUTE,0.15138595194073864
4508067327_00020,4508067327_00020,"3-way match, invoice before GR",2018-11-30 05:08:00+00:00,2018-12-04 11:26:00+00:00,4.2625,383.0,R1_0_50,test,SAFE_TO_EXECUTE,temporal,0.9668201387828969,0.9782082324455206,0.033179861217103146,0.021791767554479424,SAFE_TO_EXECUTE,0.15138595194073864
4508067302_00020,4508067302_00020,"3-way match, invoice before GR",2018-11-30 05:09:00+00:00,2018-12-04 11:28:00+00:00,4.263194444444444,957.0,R2_50_90,test,NOT_SAFE_TO_EXECUTE,temporal,0.9667337243968485,0.9782082324455206,0.03326627560315154,0.021791767554479424,SAFE_TO_EXECUTE,0.15138595194073864
4508069432_00010,4508069432_00010,"3-way match, invoice before GR",2018-11-30 07:02:00+00:00,2018-11-30 08:46:00+00:00,0.07222222222222222,535.0,R1_0_50,test,SAFE_TO_EXECUTE,temporal,0.8113086895476493,0.9782082324455206,0.18869131045235066,0.021791767554479424,SAFE_TO_EXECUTE,0.15138595194073864
4508070841_00010,4508070841_00010,"3-way match, invoice before GR",2018-11-30 08:28:00+00:00,2018-12-04 06:23:00+00:00,3.9131944444444446,145.0,R1_0_50,test,SAFE_TO_EXECUTE,temporal,0.8536290015704605,0.9782082324455206,0.1463709984295395,0.021791767554479424,SAFE_TO_EXECUTE,0.15138595194073864
4508070817_00010,4508070817_00010,"3-way match, invoice before GR",2018-11-30 09:00:00+00:00,2018-12-04 06:27:00+00:00,3.89375,47.0,R1_0_50,test,SAFE_TO_EXECUTE,temporal,0.853659310270474,0.9782082324455206,0.14634068972952596,0.021791767554479424,SAFE_TO_EXECUTE,0.15138595194073864
4508070817_00040,4508070817_00040,"3-way match, invoice before GR",2018-11-30 09:00:00+00:00,2018-12-04 06:27:00+00:00,3.89375,47.0,R1_0_50,test,SAFE_TO_EXECUTE,temporal,0.853659310270474,0.9782082324455206,0.14634068972952596,0.021791767554479424,SAFE_TO_EXECUTE,0.15138595194073864
4508065827_00020,4508065827_00020,"3-way match, invoice before GR",2018-11-30 09:49:00+00:00,2018-11-30 09:57:00+00:00,0.005555555555555556,74.0,R1_0_50,test,SAFE_TO_EXECUTE,temporal,0.6760583904963087,0.9560439560439561,0.32394160950369133,0.04395604395604391,SAFE_TO_EXECUTE,0.2601453639477141
4508071299_00010,4508071299_00010,"3-way match, invoice before GR",2018-11-30 10:41:00+00:00,2018-11-30 17:11:00+00:00,0.2708333333333333,654.0,R2_50_90,test,SAFE_TO_EXECUTE,temporal,0.7993351542699156,0.9782082324455206,0.20066484573008436,0.021791767554479424,SAFE_TO_EXECUTE,0.15138595194073864
4508070994_00010,4508070994_00010,"3-way match, invoice before GR",2018-11-30 10:44:00+00:00,2018-12-04 06:23:00+00:00,3.81875,526.0,R1_0_50,test,SAFE_TO_EXECUTE,temporal,0.8545850185913486,0.9782082324455206,0.1454149814086514,0.021791767554479424,SAFE_TO_EXECUTE,0.15138595194073864
4508069555_00010,4508069555_00010,"3-way match, invoice before GR",2018-11-30 10:56:00+00:00,2018-12-10 14:52:00+00:00,10.16388888888889,839.0,R2_50_90,test,SAFE_TO_EXECUTE,temporal,0.7709364434344869,0.9560439560439561,0.22906355656551314,0.04395604395604391,SAFE_TO_EXECUTE,0.2601453639477141
4508070384_00010,4508070384_00010,"3-way match, invoice before GR",2018-11-30 11:02:00+00:00,2018-12-03 14:03:00+00:00,3.1256944444444446,5923.0,R2_50_90,test,SAFE_TO_EXECUTE,temporal,0.7866077875842289,0.9782082324455206,0.2133922124157711,0.021791767554479424,SAFE_TO_EXECUTE,0.15138595194073864
4508070384_00020,4508070384_00020,"3-way match, invoice before GR",2018-11-30 11:02:00+00:00,2018-12-03 13:53:00+00:00,3.11875,359.0,R1_0_50,test,SAFE_TO_EXECUTE,temporal,0.7897269347021586,0.9782082324455206,0.2102730652978414,0.021791767554479424,SAFE_TO_EXECUTE,0.15138595194073864
4508070384_00030,4508070384_00030,"3-way match, invoice before GR",2018-11-30 11:02:00+00:00,2018-12-12 10:06:00+00:00,11.96111111111111,364.0,R1_0_50,test,SAFE_TO_EXECUTE,temporal,0.6582641705798856,0.9041095890410958,0.3417358294201144,0.09589041095890416,SAFE_TO_EXECUTE,0.4558314584408235
4508065226_00010,4508065226_00010,"3-way match, invoice before GR",2018-11-30 12:17:00+00:00,2018-11-30 17:11:00+00:00,0.20416666666666666,6810.0,R2_50_90,test,SAFE_TO_EXECUTE,temporal,0.9074155710118176,0.9782082324455206,0.09258442898818242,0.021791767554479424,SAFE_TO_EXECUTE,0.15138595194073864
4508071271_00010,4508071271_00010,"3-way match, invoice before GR",2018-11-30 14:06:00+00:00,2018-11-30 17:10:00+00:00,0.12777777777777777,6488.0,R2_50_90,test,SAFE_TO_EXECUTE,temporal,0.7964706714869824,0.9782082324455206,0.20352932851301764,0.021791767554479424,SAFE_TO_EXECUTE,0.15138595194073864
4508071271_00020,4508071271_00020,"3-way match, invoice before GR",2018-11-30 14:06:00+00:00,2018-11-30 17:10:00+00:00,0.12777777777777777,126.0,R1_0_50,test,SAFE_TO_EXECUTE,temporal,0.799893622900093,0.9782082324455206,0.20010637709990697,0.021791767554479424,SAFE_TO_EXECUTE,0.15138595194073864
4508070924_00010,4508070924_00010,"3-way match, invoice before GR",2018-11-30 14:13:00+00:00,2018-11-30 17:11:00+00:00,0.12361111111111112,90.0,R1_0_50,test,SAFE_TO_EXECUTE,temporal,0.7983144549692719,0.9782082324455206,0.2016855450307281,0.021791767554479424,SAFE_TO_EXECUTE,0.15138595194073864
4508070924_00020,4508070924_00020,"3-way match, invoice before GR",2018-11-30 14:13:00+00:00,2018-11-30 17:11:00+00:00,0.12361111111111112,227.0,R1_0_50,test,SAFE_TO_EXECUTE,temporal,0.7982407693841873,0.9782082324455206,0.2017592306158127,0.021791767554479424,SAFE_TO_EXECUTE,0.15138595194073864
4508070924_00030,4508070924_00030,"3-way match, invoice before GR",2018-11-30 14:13:00+00:00,2018-11-30 17:11:00+00:00,0.12361111111111112,159.0,R1_0_50,test,SAFE_TO_EXECUTE,temporal,0.7982773457654062,0.9782082324455206,0.2017226542345938,0.021791767554479424,SAFE_TO_EXECUTE,0.15138595194073864
4508070924_00050,4508070924_00050,"3-way match, invoice before GR",2018-11-30 14:13:00+00:00,2018-11-30 17:11:00+00:00,0.12361111111111112,54.0,R1_0_50,test,SAFE_TO_EXECUTE,temporal,0.7983338142675681,0.9782082324455206,0.2016661857324319,0.021791767554479424,SAFE_TO_EXECUTE,0.15138595194073864
4508071265_00010,4508071265_00010,"3-way match, invoice before GR",2018-11-30 16:40:00+00:00,2018-12-04 06:20:00+00:00,3.5694444444444446,39104.0,R3_90_99,test,SAFE_TO_EXECUTE,temporal,0.8370538143151984,0.9782082324455206,0.16294618568480157,0.021791767554479424,SAFE_TO_EXECUTE,0.15138595194073864
4508066562_00010,4508066562_00010,"3-way match, invoice before GR",2018-11-30 16:44:00+00:00,2018-12-03 14:25:00+00:00,2.9034722222222222,4141.0,R2_50_90,test,SAFE_TO_EXECUTE,temporal,0.9027179859004587,0.9782082324455206,0.09728201409954129,0.021791767554479424,SAFE_TO_EXECUTE,0.15138595194073864
4508071302_00010,4508071302_00010,"3-way match, invoice before GR",2018-11-30 17:39:00+00:00,2018-12-04 06:41:00+00:00,3.5430555555555556,104.0,R1_0_50,test,SAFE_TO_EXECUTE,temporal,0.8103755553671994,0.9782082324455206,0.1896244446328006,0.021791767554479424,SAFE_TO_EXECUTE,0.15138595194073864
4508071302_00020,4508071302_00020,"3-way match, invoice before GR",2018-11-30 17:39:00+00:00,2018-12-04 06:41:00+00:00,3.5430555555555556,137.0,R1_0_50,test,SAFE_TO_EXECUTE,temporal,0.8103586173186167,0.9782082324455206,0.1896413826813833,0.021791767554479424,SAFE_TO_EXECUTE,0.15138595194073864
4508071302_00030,4508071302_00030,"3-way match, invoice before GR",2018-11-30 17:39:00+00:00,2018-12-04 06:41:00+00:00,3.5430555555555556,715.0,R2_50_90,test,SAFE_TO_EXECUTE,temporal,0.8100617569065384,0.9782082324455206,0.18993824309346163,0.021791767554479424,SAFE_TO_EXECUTE,0.15138595194073864
4508071302_00040,4508071302_00040,"3-way match, invoice before GR",2018-11-30 17:39:00+00:00,2018-12-04 06:41:00+00:00,3.5430555555555556,1733.0,R2_50_90,test,SAFE_TO_EXECUTE,temporal,0.8095380480342276,0.9782082324455206,0.19046195196577242,0.021791767554479424,SAFE_TO_EXECUTE,0.15138595194073864
4508071302_00050,4508071302_00050,"3-way match, invoice before GR",2018-11-30 17:39:00+00:00,2018-12-04 06:41:00+00:00,3.5430555555555556,1866.0,R2_50_90,test,SAFE_TO_EXECUTE,temporal,0.8094695448475018,0.9782082324455206,0.19053045515249822,0.021791767554479424,SAFE_TO_EXECUTE,0.15138595194073864
4508071302_00060,4508071302_00060,"3-way match, invoice before GR",2018-11-30 17:39:00+00:00,2018-12-04 06:41:00+00:00,3.5430555555555556,434.0,R1_0_50,test,SAFE_TO_EXECUTE,temporal,0.8102061227296783,0.9782082324455206,0.1897938772703217,0.021791767554479424,SAFE_TO_EXECUTE,0.15138595194073864
4508071302_00070,4508071302_00070,"3-way match, invoice before GR",2018-11-30 17:39:00+00:00,2018-12-04 06:41:00+00:00,3.5430555555555556,716.0,R2_50_90,test,SAFE_TO_EXECUTE,temporal,0.8100612429990822,0.9782082324455206,0.18993875700091778,0.021791767554479424,SAFE_TO_EXECUTE,0.15138595194073864
4508071302_00080,4508071302_00080,"3-way match, invoice before GR",2018-11-30 17:39:00+00:00,2018-12-04 06:41:00+00:00,3.5430555555555556,226.0,R1_0_50,test,SAFE_TO_EXECUTE,temporal,0.8103129301374256,0.9782082324455206,0.18968706986257444,0.021791767554479424,SAFE_TO_EXECUTE,0.15138595194073864
4508071302_00090,4508071302_00090,"3-way match, invoice before GR",2018-11-30 17:39:00+00:00,2018-12-04 06:41:00+00:00,3.5430555555555556,267.0,R1_0_50,test,SAFE_TO_EXECUTE,temporal,0.8102918803976243,0.9782082324455206,0.18970811960237566,0.021791767554479424,SAFE_TO_EXECUTE,0.15138595194073864
4508071302_00100,4508071302_00100,"3-way match, invoice before GR",2018-11-30 17:39:00+00:00,2018-12-04 06:41:00+00:00,3.5430555555555556,2727.0,R2_50_90,test,SAFE_TO_EXECUTE,temporal,0.8090256211036756,0.9782082324455206,0.1909743788963244,0.021791767554479424,SAFE_TO_EXECUTE,0.15138595194073864
4508071302_00110,4508071302_00110,"3-way match, invoice before GR",2018-11-30 17:39:00+00:00,2018-12-04 06:41:00+00:00,3.5430555555555556,1361.0,R2_50_90,test,SAFE_TO_EXECUTE,temporal,0.8097295509122454,0.9782082324455206,0.1902704490877546,0.021791767554479424,SAFE_TO_EXECUTE,0.15138595194073864
4508071302_00120,4508071302_00120,"3-way match, invoice before GR",2018-11-30 17:39:00+00:00,2018-12-04 06:41:00+00:00,3.5430555555555556,188.0,R1_0_50,test,SAFE_TO_EXECUTE,temporal,0.81033243805498,0.9782082324455206,0.18966756194502,0.021791767554479424,SAFE_TO_EXECUTE,0.15138595194073864
4508071302_00130,4508071302_00130,"3-way match, invoice before GR",2018-11-30 17:39:00+00:00,2018-12-04 06:41:00+00:00,3.5430555555555556,635.0,R2_50_90,test,SAFE_TO_EXECUTE,temporal,0.8101028660543362,0.9782082324455206,0.18989713394566377,0.021791767554479424,SAFE_TO_EXECUTE,0.15138595194073864
4508071302_00140,4508071302_00140,"3-way match, invoice before GR",2018-11-30 17:39:00+00:00,2018-12-04 06:41:00+00:00,3.5430555555555556,1027.0,R2_50_90,test,SAFE_TO_EXECUTE,temporal,0.8099013661361013,0.9782082324455206,0.1900986338638987,0.021791767554479424,SAFE_TO_EXECUTE,0.15138595194073864
4508071302_00150,4508071302_00150,"3-way match, invoice before GR",2018-11-30 17:39:00+00:00,2018-12-04 06:41:00+00:00,3.5430555555555556,2459.0,R2_50_90,test,SAFE_TO_EXECUTE,temporal,0.8091638840961185,0.9782082324455206,0.1908361159038815,0.021791767554479424,SAFE_TO_EXECUTE,0.15138595194073864
4508071302_00160,4508071302_00160,"3-way match, invoice before GR",2018-11-30 17:39:00+00:00,2018-12-04 06:41:00+00:00,3.5430555555555556,611.0,R2_50_90,test,SAFE_TO_EXECUTE,temporal,0.8101151974703025,0.9782082324455206,0.18988480252969753,0.021791767554479424,SAFE_TO_EXECUTE,0.15138595194073864
4508071302_00170,4508071302_00170,"3-way match, invoice before GR",2018-11-30 17:39:00+00:00,2018-12-04 06:41:00+00:00,3.5430555555555556,125.0,R1_0_50,test,SAFE_TO_EXECUTE,temporal,0.8103647767430954,0.9782082324455206,0.18963522325690463,0.021791767554479424,SAFE_TO_EXECUTE,0.15138595194073864
4508071302_00180,4508071302_00180,"3-way match, invoice before GR",2018-11-30 17:39:00+00:00,2018-12-04 06:41:00+00:00,3.5430555555555556,270.0,R1_0_50,test,SAFE_TO_EXECUTE,temporal,0.810290340102522,0.9782082324455206,0.189709659897478,0.021791767554479424,SAFE_TO_EXECUTE,0.15138595194073864
4508071302_00190,4508071302_00190,"3-way match, invoice before GR",2018-11-30 17:39:00+00:00,2018-12-04 06:41:00+00:00,3.5430555555555556,84.0,R1_0_50,test,SAFE_TO_EXECUTE,temporal,0.8103858202871843,0.9782082324455206,0.1896141797128157,0.021791767554479424,SAFE_TO_EXECUTE,0.15138595194073864
4508068779_00010,4508068779_00010,"3-way match, invoice before GR",2018-12-01 10:16:00+00:00,2019-01-14 11:06:00+00:00,44.03472222222222,356.0,R1_0_50,test,SAFE_TO_EXECUTE,temporal,0.6774901418742998,0.9560439560439561,0.3225098581257002,0.04395604395604391,SAFE_TO_EXECUTE,0.2601453639477141
4508069436_00220,4508069436_00220,"3-way match, invoice before GR",2018-12-01 10:36:00+00:00,2018-12-17 12:35:00+00:00,16.082638888888887,1260.0,R2_50_90,test,NOT_SAFE_TO_EXECUTE,temporal,0.7861425273386208,0.9782082324455206,0.21385747266137922,0.021791767554479424,SAFE_TO_EXECUTE,0.15138595194073864
4508069054_00010,4508069054_00010,"3-way match, invoice before GR",2018-12-01 11:01:00+00:00,2018-12-04 08:40:00+00:00,2.902083333333333,416.0,R1_0_50,test,SAFE_TO_EXECUTE,temporal,0.7160034535783183,0.9560439560439561,0.2839965464216817,0.04395604395604391,SAFE_TO_EXECUTE,0.2601453639477141
4508070410_00040,4508070410_00040,"3-way match, invoice before GR",2018-12-03 07:58:00+00:00,2018-12-10 12:27:00+00:00,7.186805555555556,426.0,R1_0_50,test,SAFE_TO_EXECUTE,temporal,0.3823194765765886,0.75,0.6176805234234114,0.25,SAFE_TO_EXECUTE,0.8112781244591328
4508070410_00060,4508070410_00060,"3-way match, invoice before GR",2018-12-03 07:58:00+00:00,2018-12-10 12:46:00+00:00,7.2,597.0,R2_50_90,test,NOT_SAFE_TO_EXECUTE,temporal,0.7764953040156664,0.9782082324455206,0.22350469598433365,0.021791767554479424,SAFE_TO_EXECUTE,0.15138595194073864
4508070410_00070,4508070410_00070,"3-way match, invoice before GR",2018-12-03 07:58:00+00:00,2018-12-10 12:42:00+00:00,7.197222222222222,284.0,R1_0_50,test,SAFE_TO_EXECUTE,temporal,0.38239668319025794,0.75,0.6176033168097421,0.25,SAFE_TO_EXECUTE,0.8112781244591328
4508070410_00080,4508070410_00080,"3-way match, invoice before GR",2018-12-03 07:58:00+00:00,2018-12-10 12:38:00+00:00,7.194444444444445,237.0,R1_0_50,test,SAFE_TO_EXECUTE,temporal,0.7767175457942638,0.9782082324455206,0.22328245420573622,0.021791767554479424,SAFE_TO_EXECUTE,0.15138595194073864
4508070410_00100,4508070410_00100,"3-way match, invoice before GR",2018-12-03 07:58:00+00:00,2018-12-10 12:48:00+00:00,7.201388888888889,332.0,R1_0_50,test,SAFE_TO_EXECUTE,temporal,0.6935277845537049,0.9560439560439561,0.3064722154462951,0.04395604395604391,SAFE_TO_EXECUTE,0.2601453639477141
4508070410_00110,4508070410_00110,"3-way match, invoice before GR",2018-12-03 07:58:00+00:00,2018-12-10 12:15:00+00:00,7.178472222222222,151.0,R1_0_50,test,SAFE_TO_EXECUTE,temporal,0.7768065365325441,0.9782082324455206,0.22319346346745594,0.021791767554479424,SAFE_TO_EXECUTE,0.15138595194073864
4508070774_00010,4508070774_00010,"3-way match, invoice before GR",2018-12-03 08:02:00+00:00,2018-12-06 10:00:00+00:00,3.0819444444444444,290.0,R1_0_50,test,SAFE_TO_EXECUTE,temporal,0.7883961774828787,0.9782082324455206,0.2116038225171213,0.021791767554479424,SAFE_TO_EXECUTE,0.15138595194073864
4508070774_00020,4508070774_00020,"3-way match, invoice before GR",2018-12-03 08:02:00+00:00,2018-12-06 10:00:00+00:00,3.0819444444444444,1951.0,R2_50_90,test,SAFE_TO_EXECUTE,temporal,0.9593238776050769,0.9782082324455206,0.04067612239492313,0.021791767554479424,SAFE_TO_EXECUTE,0.15138595194073864
4508064095_00010,4508064095_00010,"3-way match, invoice before GR",2018-12-03 08:12:00+00:00,2018-12-04 09:49:00+00:00,1.0673611111111112,1909.0,R2_50_90,test,SAFE_TO_EXECUTE,temporal,0.9463094252147765,0.9782082324455206,0.053690574785223544,0.021791767554479424,SAFE_TO_EXECUTE,0.15138595194073864
4508064095_00020,4508064095_00020,"3-way match, invoice before GR",2018-12-03 08:12:00+00:00,2018-12-04 09:49:00+00:00,1.0673611111111112,18632.0,R3_90_99,test,SAFE_TO_EXECUTE,temporal,0.9433997313575816,0.9782082324455206,0.056600268642418405,0.021791767554479424,SAFE_TO_EXECUTE,0.15138595194073864
4508069534_00010,4508069534_00010,"3-way match, invoice before GR",2018-12-03 08:36:00+00:00,2018-12-03 16:40:00+00:00,0.33611111111111114,14427.0,R3_90_99,test,SAFE_TO_EXECUTE,temporal,0.7783995887101279,0.9782082324455206,0.22160041128987207,0.021791767554479424,SAFE_TO_EXECUTE,0.15138595194073864
4508069534_00020,4508069534_00020,"3-way match, invoice before GR",2018-12-03 08:36:00+00:00,2018-12-03 16:40:00+00:00,0.33611111111111114,664.0,R2_50_90,test,SAFE_TO_EXECUTE,temporal,0.9590339880438539,0.9782082324455206,0.04096601195614613,0.021791767554479424,SAFE_TO_EXECUTE,0.15138595194073864
4508069534_00030,4508069534_00030,"3-way match, invoice before GR",2018-12-03 08:36:00+00:00,2018-12-03 16:40:00+00:00,0.33611111111111114,999.0,R2_50_90,test,SAFE_TO_EXECUTE,temporal,0.9589900055863737,0.9782082324455206,0.041009994413626294,0.021791767554479424,SAFE_TO_EXECUTE,0.15138595194073864
4508060463_00010,4508060463_00010,"3-way match, invoice before GR",2018-12-03 09:34:00+00:00,2018-12-06 06:48:00+00:00,2.8847222222222224,6696.0,R2_50_90,test,SAFE_TO_EXECUTE,temporal,0.6933802901797029,0.9560439560439561,0.30661970982029707,0.04395604395604391,SAFE_TO_EXECUTE,0.2601453639477141
4508070938_00010,4508070938_00010,"3-way match, invoice before GR",2018-12-03 09:48:00+00:00,2018-12-04 16:33:00+00:00,1.28125,364.0,R1_0_50,test,SAFE_TO_EXECUTE,temporal,0.707868409181328,0.9560439560439561,0.292131590818672,0.04395604395604391,SAFE_TO_EXECUTE,0.2601453639477141
4508065376_00010,4508065376_00010,"3-way match, invoice before GR",2018-12-03 10:34:00+00:00,2018-12-03 16:37:00+00:00,0.2520833333333333,308.0,R1_0_50,test,SAFE_TO_EXECUTE,temporal,0.6286383511481362,0.9041095890410958,0.37136164885186385,0.09589041095890416,SAFE_TO_EXECUTE,0.4558314584408235
4508067495_00020,4508067495_00020,"3-way match, invoice before GR",2018-12-03 10:34:00+00:00,2018-12-03 16:37:00+00:00,0.2520833333333333,187.0,R1_0_50,test,SAFE_TO_EXECUTE,temporal,0.6541081130066686,0.9041095890410958,0.3458918869933314,0.09589041095890416,SAFE_TO_EXECUTE,0.4558314584408235
4508068915_00020,4508068915_00020,"3-way match, invoice before GR",2018-12-03 10:34:00+00:00,2018-12-03 16:37:00+00:00,0.2520833333333333,187.0,R1_0_50,test,SAFE_TO_EXECUTE,temporal,0.6696489242515201,0.912408552044181,0.3303510757484799,0.08759144795581897,SAFE_TO_EXECUTE,0.4283788736340137
4508071519_00010,4508071519_00010,"3-way match, invoice before GR",2018-12-03 11:21:00+00:00,2018-12-03 16:37:00+00:00,0.21944444444444444,339.0,R1_0_50,test,SAFE_TO_EXECUTE,temporal,0.7996258363058685,0.9782082324455206,0.20037416369413152,0.021791767554479424,SAFE_TO_EXECUTE,0.15138595194073864
4508071519_00020,4508071519_00020,"3-way match, invoice before GR",2018-12-03 11:21:00+00:00,2018-12-03 16:37:00+00:00,0.21944444444444444,514.0,R1_0_50,test,SAFE_TO_EXECUTE,temporal,0.7995321671585833,0.9782082324455206,0.20046783284141667,0.021791767554479424,SAFE_TO_EXECUTE,0.15138595194073864
4508071519_00030,4508071519_00030,"3-way match, invoice before GR",2018-12-03 11:21:00+00:00,2018-12-03 16:37:00+00:00,0.21944444444444444,31.0,R1_0_50,test,SAFE_TO_EXECUTE,temporal,0.7997906143324301,0.9782082324455206,0.20020938566756985,0.021791767554479424,SAFE_TO_EXECUTE,0.15138595194073864
4508071519_00040,4508071519_00040,"3-way match, invoice before GR",2018-12-03 11:21:00+00:00,2018-12-03 16:37:00+00:00,0.21944444444444444,102.0,R1_0_50,test,SAFE_TO_EXECUTE,temporal,0.7997526387990156,0.9782082324455206,0.2002473612009844,0.021791767554479424,SAFE_TO_EXECUTE,0.15138595194073864
4508071519_00050,4508071519_00050,"3-way match, invoice before GR",2018-12-03 11:21:00+00:00,2018-12-03 16:37:00+00:00,0.21944444444444444,514.0,R1_0_50,test,SAFE_TO_EXECUTE,temporal,0.7995321671585833,0.9782082324455206,0.20046783284141667,0.021791767554479424,SAFE_TO_EXECUTE,0.15138595194073864
4508071519_00060,4508071519_00060,"3-way match, invoice before GR",2018-12-03 11:21:00+00:00,2018-12-03 16:37:00+00:00,0.21944444444444444,72.0,R1_0_50,test,SAFE_TO_EXECUTE,temporal,0.7997686854577616,0.9782082324455206,0.20023131454223841,0.021791767554479424,SAFE_TO_EXECUTE,0.15138595194073864
4508071519_00070,4508071519_00070,"3-way match, invoice before GR",2018-12-03 11:21:00+00:00,2018-12-03 16:37:00+00:00,0.21944444444444444,213.0,R1_0_50,test,SAFE_TO_EXECUTE,temporal,0.7996932577798429,0.9782082324455206,0.2003067422201571,0.021791767554479424,SAFE_TO_EXECUTE,0.15138595194073864
4508071519_00080,4508071519_00080,"3-way match, invoice before GR",2018-12-03 11:21:00+00:00,2018-12-03 16:37:00+00:00,0.21944444444444444,94.0,R1_0_50,test,SAFE_TO_EXECUTE,temporal,0.7997569180022696,0.9782082324455206,0.20024308199773044,0.021791767554479424,SAFE_TO_EXECUTE,0.15138595194073864
4508071519_00090,4508071519_00090,"3-way match, invoice before GR",2018-12-03 11:21:00+00:00,2018-12-03 16:37:00+00:00,0.21944444444444444,86.0,R1_0_50,test,SAFE_TO_EXECUTE,temporal,0.7997611971369744,0.9782082324455206,0.20023880286302564,0.021791767554479424,SAFE_TO_EXECUTE,0.15138595194073864
4508071519_00100,4508071519_00100,"3-way match, invoice before GR",2018-12-03 11:21:00+00:00,2018-12-03 16:37:00+00:00,0.21944444444444444,903.0,R2_50_90,test,SAFE_TO_EXECUTE,temporal,0.7993238365175297,0.9782082324455206,0.2006761634824703,0.021791767554479424,SAFE_TO_EXECUTE,0.15138595194073864
4508071519_00110,4508071519_00110,"3-way match, invoice before GR",2018-12-03 11:21:00+00:00,2018-12-03 16:37:00+00:00,0.21944444444444444,76.0,R1_0_50,test,SAFE_TO_EXECUTE,temporal,0.799766545958958,0.9782082324455206,0.20023345404104198,0.021791767554479424,SAFE_TO_EXECUTE,0.15138595194073864
4508071519_00120,4508071519_00120,"3-way match, invoice before GR",2018-12-03 11:21:00+00:00,2018-12-03 16:37:00+00:00,0.21944444444444444,241.0,R1_0_50,test,SAFE_TO_EXECUTE,temporal,0.799678276699649,0.9782082324455206,0.20032172330035103,0.021791767554479424,SAFE_TO_EXECUTE,0.15138595194073864
4508071519_00130,4508071519_00130,"3-way match, invoice before GR",2018-12-03 11:21:00+00:00,2018-12-03 16:37:00+00:00,0.21944444444444444,519.0,R1_0_50,test,SAFE_TO_EXECUTE,temporal,0.7995294904152075,0.9782082324455206,0.2004705095847925,0.021791767554479424,SAFE_TO_EXECUTE,0.15138595194073864
4508071519_00140,4508071519_00140,"3-way match, invoice before GR",2018-12-03 11:21:00+00:00,2018-12-03 16:37:00+00:00,0.21944444444444444,315.0,R1_0_50,test,SAFE_TO_EXECUTE,temporal,0.7996386798024467,0.9782082324455206,0.20036132019755326,0.021791767554479424,SAFE_TO_EXECUTE,0.15138595194073864
4508071519_00150,4508071519_00150,"3-way match, invoice before GR",2018-12-03 11:21:00+00:00,2018-12-03 16:37:00+00:00,0.21944444444444444,308.0,R1_0_50,test,SAFE_TO_EXECUTE,temporal,0.799642425706064,0.9782082324455206,0.20035757429393597,0.021791767554479424,SAFE_TO_EXECUTE,0.15138595194073864
4508071519_00160,4508071519_00160,"3-way match, invoice before GR",2018-12-03 11:21:00+00:00,2018-12-03 16:37:00+00:00,0.21944444444444444,61.0,R1_0_50,test,SAFE_TO_EXECUTE,temporal,0.7997745689911069,0.9782082324455206,0.20022543100889312,0.021791767554479424,SAFE_TO_EXECUTE,0.15138595194073864
4508071519_00170,4508071519_00170,"3-way match, invoice before GR",2018-12-03 11:21:00+00:00,2018-12-03 16:37:00+00:00,0.21944444444444444,38.0,R1_0_50,test,SAFE_TO_EXECUTE,temporal,0.7997868705056759,0.9782082324455206,0.20021312949432413,0.021791767554479424,SAFE_TO_EXECUTE,0.15138595194073864
4508071519_00180,4508071519_00180,"3-way match, invoice before GR",2018-12-03 11:21:00+00:00,2018-12-03 16:37:00+00:00,0.21944444444444444,18.0,R1_0_50,test,SAFE_TO_EXECUTE,temporal,0.7997975670143065,0.9782082324455206,0.2002024329856935,0.021791767554479424,SAFE_TO_EXECUTE,0.15138595194073864
4508071519_00190,4508071519_00190,"3-way match, invoice before GR",2018-12-03 11:21:00+00:00,2018-12-03 16:37:00+00:00,0.21944444444444444,497.0,R1_0_50,test,SAFE_TO_EXECUTE,temporal,0.79954126788575,0.9782082324455206,0.20045873211425003,0.021791767554479424,SAFE_TO_EXECUTE,0.15138595194073864
4508071519_00200,4508071519_00200,"3-way match, invoice before GR",2018-12-03 11:21:00+00:00,2018-12-03 16:37:00+00:00,0.21944444444444444,101.0,R1_0_50,test,SAFE_TO_EXECUTE,temporal,0.7997531737031711,0.9782082324455206,0.20024682629682888,0.021791767554479424,SAFE_TO_EXECUTE,0.15138595194073864
4508071519_00210,4508071519_00210,"3-way match, invoice before GR",2018-12-03 11:21:00+00:00,2018-12-03 16:36:00+00:00,0.21875,762.0,R2_50_90,test,SAFE_TO_EXECUTE,temporal,0.7994009438209383,0.9782082324455206,0.2005990561790617,0.021791767554479424,SAFE_TO_EXECUTE,0.15138595194073864
4508071519_00220,4508071519_00220,"3-way match, invoice before GR",2018-12-03 11:21:00+00:00,2018-12-03 16:37:00+00:00,0.21944444444444444,37.0,R1_0_50,test,SAFE_TO_EXECUTE,temporal,0.7997874053412823,0.9782082324455206,0.20021259465871766,0.021791767554479424,SAFE_TO_EXECUTE,0.15138595194073864
4508071519_00230,4508071519_00230,"3-way match, invoice before GR",2018-12-03 11:21:00+00:00,2018-12-03 16:37:00+00:00,0.21944444444444444,180.0,R1_0_50,test,SAFE_TO_EXECUTE,temporal,0.7997109129748571,0.9782082324455206,0.20028908702514292,0.021791767554479424,SAFE_TO_EXECUTE,0.15138595194073864
4508070388_00010,4508070388_00010,"3-way match, invoice before GR",2018-12-03 11:25:00+00:00,2018-12-04 08:43:00+00:00,0.8875,2680.0,R2_50_90,test,SAFE_TO_EXECUTE,temporal,0.7904323806561955,0.9782082324455206,0.20956761934380452,0.021791767554479424,SAFE_TO_EXECUTE,0.15138595194073864
4508070388_00020,4508070388_00020,"3-way match, invoice before GR",2018-12-03 11:25:00+00:00,2018-12-04 08:41:00+00:00,0.8861111111111111,1830.0,R2_50_90,test,SAFE_TO_EXECUTE,temporal,0.7909055279289632,0.9782082324455206,0.20909447207103682,0.021791767554479424,SAFE_TO_EXECUTE,0.15138595194073864
4508069474_00020,4508069474_00020,"3-way match, invoice before GR",2018-12-03 11:37:00+00:00,2018-12-03 16:36:00+00:00,0.2076388888888889,6484.0,R2_50_90,test,SAFE_TO_EXECUTE,temporal,0.7813779279086431,0.9782082324455206,0.21862207209135687,0.021791767554479424,SAFE_TO_EXECUTE,0.15138595194073864
4508071180_00010,4508071180_00010,"3-way match, invoice before GR",2018-12-03 11:47:00+00:00,2018-12-03 14:19:00+00:00,0.10555555555555556,1826.0,R2_50_90,test,SAFE_TO_EXECUTE,temporal,0.7964049365355288,0.9782082324455206,0.2035950634644712,0.021791767554479424,SAFE_TO_EXECUTE,0.15138595194073864
4508071180_00020,4508071180_00020,"3-way match, invoice before GR",2018-12-03 11:47:00+00:00,2018-12-04 06:30:00+00:00,0.7798611111111111,1110.0,R2_50_90,test,SAFE_TO_EXECUTE,temporal,0.9611221654630201,0.9782082324455206,0.038877834536979905,0.021791767554479424,SAFE_TO_EXECUTE,0.15138595194073864
4508069664_00140,4508069664_00140,"3-way match, invoice before GR",2018-12-03 12:33:00+00:00,2018-12-04 06:26:00+00:00,0.7451388888888889,170.0,R1_0_50,test,SAFE_TO_EXECUTE,temporal,0.9593772413076378,0.9782082324455206,0.040622758692362204,0.021791767554479424,SAFE_TO_EXECUTE,0.15138595194073864
4508070387_00020,4508070387_00020,"3-way match, invoice before GR",2018-12-03 12:37:00+00:00,2018-12-06 09:46:00+00:00,2.88125,134.0,R1_0_50,test,SAFE_TO_EXECUTE,temporal,0.7906016058823623,0.9782082324455206,0.20939839411763772,0.021791767554479424,SAFE_TO_EXECUTE,0.15138595194073864
4508070936_00010,4508070936_00010,"3-way match, invoice before GR",2018-12-03 12:44:00+00:00,2018-12-06 16:40:00+00:00,3.1638888888888888,111.0,R1_0_50,test,SAFE_TO_EXECUTE,temporal,0.7821918987878496,0.9782082324455206,0.21780810121215044,0.021791767554479424,SAFE_TO_EXECUTE,0.15138595194073864
4508070936_00020,4508070936_00020,"3-way match, invoice before GR",2018-12-03 12:44:00+00:00,2018-12-06 16:40:00+00:00,3.1638888888888888,53.0,R1_0_50,test,SAFE_TO_EXECUTE,temporal,0.78222490118733,0.9782082324455206,0.21777509881267,0.021791767554479424,SAFE_TO_EXECUTE,0.15138595194073864
4508070936_00040,4508070936_00040,"3-way match, invoice before GR",2018-12-03 12:44:00+00:00,2018-12-06 16:40:00+00:00,3.1638888888888888,2797.0,R2_50_90,test,SAFE_TO_EXECUTE,temporal,0.7806595937424075,0.9782082324455206,0.21934040625759255,0.021791767554479424,SAFE_TO_EXECUTE,0.15138595194073864
4508070936_00050,4508070936_00050,"3-way match, invoice before GR",2018-12-03 12:44:00+00:00,2018-12-06 16:40:00+00:00,3.1638888888888888,16.0,R1_0_50,test,SAFE_TO_EXECUTE,temporal,0.7822459525569254,0.9782082324455206,0.21775404744307458,0.021791767554479424,SAFE_TO_EXECUTE,0.15138595194073864
4508070936_00060,4508070936_00060,"3-way match, invoice before GR",2018-12-03 12:44:00+00:00,2018-12-06 16:40:00+00:00,3.1638888888888888,596.0,R2_50_90,test,SAFE_TO_EXECUTE,temporal,0.7819157892023633,0.9782082324455206,0.21808421079763674,0.021791767554479424,SAFE_TO_EXECUTE,0.15138595194073864
4508070936_00070,4508070936_00070,"3-way match, invoice before GR",2018-12-03 12:44:00+00:00,2018-12-06 16:40:00+00:00,3.1638888888888888,289.0,R1_0_50,test,SAFE_TO_EXECUTE,temporal,0.7820905930314291,0.9782082324455206,0.21790940696857086,0.021791767554479424,SAFE_TO_EXECUTE,0.15138595194073864
4508070936_00090,4508070936_00090,"3-way match, invoice before GR",2018-12-03 12:44:00+00:00,2018-12-06 16:40:00+00:00,3.1638888888888888,176.0,R1_0_50,test,SAFE_TO_EXECUTE,temporal,0.7821549090521233,0.9782082324455206,0.21784509094787674,0.021791767554479424,SAFE_TO_EXECUTE,0.15138595194073864
4508070104_00010,4508070104_00010,"3-way match, invoice before GR",2018-12-03 12:50:00+00:00,2018-12-06 10:51:00+00:00,2.917361111111111,26292.0,R3_90_99,test,SAFE_TO_EXECUTE,temporal,0.8242601892687365,0.9782082324455206,0.17573981073126355,0.021791767554479424,SAFE_TO_EXECUTE,0.15138595194073864
4508067577_00010,4508067577_00010,"3-way match, invoice before GR",2018-12-03 15:24:00+00:00,2018-12-07 12:51:00+00:00,3.89375,2286.0,R2_50_90,test,SAFE_TO_EXECUTE,temporal,0.5105250712548184,0.9041095890410958,0.4894749287451816,0.09589041095890416,SAFE_TO_EXECUTE,0.4558314584408235
4508071548_00010,4508071548_00010,"3-way match, invoice before GR",2018-12-03 15:59:00+00:00,2018-12-03 16:37:00+00:00,0.02638888888888889,1234.0,R2_50_90,test,SAFE_TO_EXECUTE,temporal,0.7996313814033758,0.9782082324455206,0.20036861859662425,0.021791767554479424,SAFE_TO_EXECUTE,0.15138595194073864
4508068386_00030,4508068386_00030,"3-way match, invoice before GR",2018-12-04 04:23:00+00:00,2018-12-10 06:06:00+00:00,6.071527777777778,4993.0,R2_50_90,test,SAFE_TO_EXECUTE,temporal,0.9529357172992018,0.9782082324455206,0.04706428270079821,0.021791767554479424,SAFE_TO_EXECUTE,0.15138595194073864
4508070418_00010,4508070418_00010,"3-way match, invoice before GR",2018-12-04 04:34:00+00:00,2018-12-05 12:36:00+00:00,1.3347222222222221,2416.0,R2_50_90,test,SAFE_TO_EXECUTE,temporal,0.9602248287306288,0.9782082324455206,0.039775171269371246,0.021791767554479424,SAFE_TO_EXECUTE,0.15138595194073864
4508070418_00020,4508070418_00020,"3-way match, invoice before GR",2018-12-04 04:34:00+00:00,2018-12-05 12:36:00+00:00,1.3347222222222221,218.0,R1_0_50,test,SAFE_TO_EXECUTE,temporal,0.960504275937236,0.9782082324455206,0.039495724062764026,0.021791767554479424,SAFE_TO_EXECUTE,0.15138595194073864
4508069525_00010,4508069525_00010,"3-way match, invoice before GR",2018-12-04 05:37:00+00:00,2018-12-05 16:40:00+00:00,1.4604166666666667,7815.0,R3_90_99,test,SAFE_TO_EXECUTE,temporal,0.7777216468887249,0.9782082324455206,0.22227835311127508,0.021791767554479424,SAFE_TO_EXECUTE,0.15138595194073864
4508064076_00010,4508064076_00010,"3-way match, invoice before GR",2018-12-04 08:46:00+00:00,2018-12-04 10:09:00+00:00,0.05763888888888889,3819.0,R2_50_90,test,SAFE_TO_EXECUTE,temporal,0.9467239922334686,0.9782082324455206,0.05327600776653141,0.021791767554479424,SAFE_TO_EXECUTE,0.15138595194073864
4508064076_00020,4508064076_00020,"3-way match, invoice before GR",2018-12-04 08:46:00+00:00,2018-12-04 10:09:00+00:00,0.05763888888888889,18632.0,R3_90_99,test,SAFE_TO_EXECUTE,temporal,0.9441726544052461,0.9782082324455206,0.055827345594753885,0.021791767554479424,SAFE_TO_EXECUTE,0.15138595194073864
4508061065_00010,4508061065_00010,"3-way match, invoice before GR",2018-12-04 09:00:00+00:00,2018-12-04 11:50:00+00:00,0.11805555555555555,1472.0,R2_50_90,test,SAFE_TO_EXECUTE,temporal,0.6364895466823725,0.9041095890410958,0.36351045331762755,0.09589041095890416,SAFE_TO_EXECUTE,0.4558314584408235
4508064890_00010,4508064890_00010,"3-way match, invoice before GR",2018-12-04 09:26:00+00:00,2018-12-12 05:38:00+00:00,7.841666666666667,14254.0,R3_90_99,test,SAFE_TO_EXECUTE,temporal,0.18963253648962333,0.19047619047619047,0.8103674635103767,0.8095238095238095,NOT_SAFE_TO_EXECUTE,0.7024665512903904
4508064890_00020,4508064890_00020,"3-way match, invoice before GR",2018-12-04 09:26:00+00:00,2018-12-12 05:32:00+00:00,7.8375,2143.0,R2_50_90,test,SAFE_TO_EXECUTE,temporal,0.7347007074937216,0.9560439560439561,0.2652992925062784,0.04395604395604391,SAFE_TO_EXECUTE,0.2601453639477141
4508071521_00010,4508071521_00010,"3-way match, invoice before GR",2018-12-04 10:00:00+00:00,2018-12-04 16:31:00+00:00,0.27152777777777776,419.0,R1_0_50,test,SAFE_TO_EXECUTE,temporal,0.803592553154952,0.9782082324455206,0.19640744684504796,0.021791767554479424,SAFE_TO_EXECUTE,0.15138595194073864
4508071833_00010,4508071833_00010,"3-way match, invoice before GR",2018-12-04 12:09:00+00:00,2018-12-04 16:32:00+00:00,0.18263888888888888,678.0,R2_50_90,test,SAFE_TO_EXECUTE,temporal,0.7994246629566928,0.9782082324455206,0.2005753370433072,0.021791767554479424,SAFE_TO_EXECUTE,0.15138595194073864
4508071833_00020,4508071833_00020,"3-way match, invoice before GR",2018-12-04 12:09:00+00:00,2018-12-04 16:32:00+00:00,0.18263888888888888,139.0,R1_0_50,test,SAFE_TO_EXECUTE,temporal,0.7997131747699278,0.9782082324455206,0.20028682523007224,0.021791767554479424,SAFE_TO_EXECUTE,0.15138595194073864
4508071440_00010,4508071440_00010,"3-way match, invoice before GR",2018-12-04 15:02:00+00:00,2018-12-05 06:20:00+00:00,0.6375,19786.0,R3_90_99,test,SAFE_TO_EXECUTE,temporal,0.8461763860811989,0.9782082324455206,0.15382361391880106,0.021791767554479424,SAFE_TO_EXECUTE,0.15138595194073864
4508071440_00020,4508071440_00020,"3-way match, invoice before GR",2018-12-04 15:02:00+00:00,2018-12-05 06:20:00+00:00,0.6375,3533.0,R2_50_90,test,SAFE_TO_EXECUTE,temporal,0.853110340075018,0.9782082324455206,0.14688965992498204,0.021791767554479424,SAFE_TO_EXECUTE,0.15138595194073864
4508071288_00010,4508071288_00010,"3-way match, invoice before GR",2018-12-04 16:06:00+00:00,2018-12-05 06:20:00+00:00,0.5930555555555556,23320.0,R3_90_99,test,SAFE_TO_EXECUTE,temporal,0.8444549736122503,0.9782082324455206,0.1555450263877497,0.021791767554479424,SAFE_TO_EXECUTE,0.15138595194073864
4508065405_00010,4508065405_00010,"3-way match, invoice before GR",2018-12-05 04:18:00+00:00,2018-12-05 10:54:00+00:00,0.275,3117.0,R2_50_90,test,SAFE_TO_EXECUTE,temporal,0.9683714003148559,0.9782082324455206,0.03162859968514409,0.021791767554479424,SAFE_TO_EXECUTE,0.15138595194073864
4508070278_00010,4508070278_00010,"3-way match, invoice before GR",2018-12-05 08:00:00+00:00,2018-12-06 07:05:00+00:00,0.9618055555555556,349.0,R1_0_50,test,SAFE_TO_EXECUTE,temporal,0.7870941902893931,0.9782082324455206,0.2129058097106069,0.021791767554479424,SAFE_TO_EXECUTE,0.15138595194073864
4508070278_00020,4508070278_00020,"3-way match, invoice before GR",2018-12-05 08:00:00+00:00,2018-12-06 07:01:00+00:00,0.9590277777777778,1239.0,R2_50_90,test,SAFE_TO_EXECUTE,temporal,0.7866022138679294,0.9782082324455206,0.2133977861320706,0.021791767554479424,SAFE_TO_EXECUTE,0.15138595194073864
4508070278_00030,4508070278_00030,"3-way match, invoice before GR",2018-12-05 08:00:00+00:00,2018-12-06 09:48:00+00:00,1.075,309.0,R1_0_50,test,NOT_SAFE_TO_EXECUTE,temporal,0.7868481257331967,0.9782082324455206,0.21315187426680327,0.021791767554479424,SAFE_TO_EXECUTE,0.15138595194073864
4508071539_00010,4508071539_00010,"3-way match, invoice before GR",2018-12-05 08:48:00+00:00,2018-12-05 16:33:00+00:00,0.3229166666666667,4065.0,R2_50_90,test,SAFE_TO_EXECUTE,temporal,0.7907426523513419,0.9782082324455206,0.2092573476486581,0.021791767554479424,SAFE_TO_EXECUTE,0.15138595194073864
4508071539_00020,4508071539_00020,"3-way match, invoice before GR",2018-12-05 08:48:00+00:00,2018-12-05 16:33:00+00:00,0.3229166666666667,90.0,R1_0_50,test,SAFE_TO_EXECUTE,temporal,0.7929310557722439,0.9782082324455206,0.20706894422775612,0.021791767554479424,SAFE_TO_EXECUTE,0.15138595194073864
4508071177_00010,4508071177_00010,"3-way match, invoice before GR",2018-12-05 15:49:00+00:00,2018-12-06 09:47:00+00:00,0.7486111111111111,618.0,R2_50_90,test,NOT_SAFE_TO_EXECUTE,temporal,0.710737200810094,0.9560439560439561,0.28926279918990605,0.04395604395604391,SAFE_TO_EXECUTE,0.2601453639477141
4508071930_00010,4508071930_00010,"3-way match, invoice before GR",2018-12-05 15:53:00+00:00,2018-12-06 07:20:00+00:00,0.64375,17666.0,R3_90_99,test,SAFE_TO_EXECUTE,temporal,0.8507877627113631,0.9782082324455206,0.14921223728863686,0.021791767554479424,SAFE_TO_EXECUTE,0.15138595194073864
4508071930_00020,4508071930_00020,"3-way match, invoice before GR",2018-12-05 15:53:00+00:00,2018-12-06 07:20:00+00:00,0.64375,2120.0,R2_50_90,test,SAFE_TO_EXECUTE,temporal,0.8572601302843242,0.9782082324455206,0.14273986971567576,0.021791767554479424,SAFE_TO_EXECUTE,0.15138595194073864
4508071930_00030,4508071930_00030,"3-way match, invoice before GR",2018-12-05 15:53:00+00:00,2018-12-06 07:20:00+00:00,0.64375,2544.0,R2_50_90,test,SAFE_TO_EXECUTE,temporal,0.8570867509168306,0.9782082324455206,0.14291324908316938,0.021791767554479424,SAFE_TO_EXECUTE,0.15138595194073864
4508071930_00040,4508071930_00040,"3-way match, invoice before GR",2018-12-05 15:53:00+00:00,2018-12-06 07:20:00+00:00,0.64375,636.0,R2_50_90,test,SAFE_TO_EXECUTE,temporal,0.8578655777767078,0.9782082324455206,0.1421344222232922,0.021791767554479424,SAFE_TO_EXECUTE,0.15138595194073864
4508071931_00010,4508071931_00010,"3-way match, invoice before GR",2018-12-05 15:57:00+00:00,2018-12-06 07:21:00+00:00,0.6416666666666667,23320.0,R3_90_99,test,SAFE_TO_EXECUTE,temporal,0.848381969701692,0.9782082324455206,0.151618030298308,0.021791767554479424,SAFE_TO_EXECUTE,0.15138595194073864
4508071947_00010,4508071947_00010,"3-way match, invoice before GR",2018-12-06 04:10:00+00:00,2018-12-06 07:24:00+00:00,0.13472222222222222,22613.0,R3_90_99,test,SAFE_TO_EXECUTE,temporal,0.8329663998509637,0.9782082324455206,0.16703360014903634,0.021791767554479424,SAFE_TO_EXECUTE,0.15138595194073864
4508071947_00020,4508071947_00020,"3-way match, invoice before GR",2018-12-06 04:10:00+00:00,2018-12-06 07:24:00+00:00,0.13472222222222222,636.0,R2_50_90,test,SAFE_TO_EXECUTE,temporal,0.8429313773015195,0.9782082324455206,0.15706862269848054,0.021791767554479424,SAFE_TO_EXECUTE,0.15138595194073864
4508071996_00040,4508071996_00040,"3-way match, invoice before GR",2018-12-06 07:56:00+00:00,2019-01-02 09:41:00+00:00,27.072916666666668,653.0,R2_50_90,test,SAFE_TO_EXECUTE,temporal,0.7854294825871433,0.9782082324455206,0.2145705174128567,0.021791767554479424,SAFE_TO_EXECUTE,0.15138595194073864
4508071998_00040,4508071998_00040,"3-way match, invoice before GR",2018-12-06 07:57:00+00:00,2019-01-02 09:41:00+00:00,27.072222222222223,1945.0,R2_50_90,test,SAFE_TO_EXECUTE,temporal,0.8745719923079793,0.9782082324455206,0.12542800769202067,0.021791767554479424,SAFE_TO_EXECUTE,0.15138595194073864
4508071998_00050,4508071998_00050,"3-way match, invoice before GR",2018-12-06 07:57:00+00:00,2019-01-02 09:41:00+00:00,27.072222222222223,136.0,R1_0_50,test,SAFE_TO_EXECUTE,temporal,0.8752332937431103,0.9782082324455206,0.12476670625688968,0.021791767554479424,SAFE_TO_EXECUTE,0.15138595194073864
4508053305_00010,4508053305_00010,"3-way match, invoice before GR",2018-12-06 08:53:00+00:00,2018-12-10 08:27:00+00:00,3.9819444444444443,2525.0,R2_50_90,test,SAFE_TO_EXECUTE,temporal,0.4245112370149512,0.9041095890410958,0.5754887629850488,0.09589041095890416,SAFE_TO_EXECUTE,0.4558314584408235
4508065524_00040,4508065524_00040,"3-way match, invoice before GR",2018-12-06 13:22:00+00:00,2018-12-06 13:32:00+00:00,0.006944444444444444,3052.0,R2_50_90,test,NOT_SAFE_TO_EXECUTE,temporal,0.24580593895080924,0.5390879399871277,0.7541940610491907,0.4609120600128723,SAFE_TO_EXECUTE,0.9955870061538206
4508057518_00010,4508057518_00010,"3-way match, invoice before GR",2018-12-07 06:03:00+00:00,2018-12-27 05:59:00+00:00,19.997222222222224,76782.0,R4_99_100,test,NOT_SAFE_TO_EXECUTE,temporal,0.07562816135401201,0.19047619047619047,0.924371838645988,0.8095238095238095,NOT_SAFE_TO_EXECUTE,0.7024665512903904
2000052925_00001,2000052925_00001,"3-way match, invoice before GR",2018-12-07 09:58:00+00:00,2018-12-10 07:07:00+00:00,2.88125,75.0,R1_0_50,test,SAFE_TO_EXECUTE,temporal,0.9182108433917612,0.9782082324455206,0.08178915660823882,0.021791767554479424,SAFE_TO_EXECUTE,0.15138595194073864
4508072321_00010,4508072321_00010,"3-way match, invoice before GR",2018-12-07 10:24:00+00:00,2018-12-07 16:32:00+00:00,0.25555555555555554,148.0,R1_0_50,test,SAFE_TO_EXECUTE,temporal,0.879138166389253,0.9782082324455206,0.12086183361074698,0.021791767554479424,SAFE_TO_EXECUTE,0.15138595194073864
4508072321_00030,4508072321_00030,"3-way match, invoice before GR",2018-12-07 10:24:00+00:00,2018-12-07 16:32:00+00:00,0.25555555555555554,141.0,R1_0_50,test,SAFE_TO_EXECUTE,temporal,0.9788588856258441,1.0,0.02114111437415589,0.0,SAFE_TO_EXECUTE,5.123178885069411e-14
4508072321_00040,4508072321_00040,"3-way match, invoice before GR",2018-12-07 10:24:00+00:00,2018-12-07 16:32:00+00:00,0.25555555555555554,77.0,R1_0_50,test,SAFE_TO_EXECUTE,temporal,0.9788633088342827,1.0,0.02113669116571726,0.0,SAFE_TO_EXECUTE,5.123178885069411e-14
4508072284_00150,4508072284_00150,"3-way match, invoice before GR",2018-12-07 12:13:00+00:00,2018-12-11 08:07:00+00:00,3.8291666666666666,96.0,R1_0_50,test,SAFE_TO_EXECUTE,temporal,0.7914022266079114,0.9782082324455206,0.20859777339208863,0.021791767554479424,SAFE_TO_EXECUTE,0.15138595194073864
4508071951_00010,4508071951_00010,"3-way match, invoice before GR",2018-12-10 05:42:00+00:00,2018-12-10 14:38:00+00:00,0.37222222222222223,23320.0,R3_90_99,test,SAFE_TO_EXECUTE,temporal,0.829475539084676,0.9782082324455206,0.17052446091532403,0.021791767554479424,SAFE_TO_EXECUTE,0.15138595194073864
4508072143_00010,4508072143_00010,"3-way match, invoice before GR",2018-12-10 05:43:00+00:00,2018-12-10 14:39:00+00:00,0.37222222222222223,39104.0,R3_90_99,test,SAFE_TO_EXECUTE,temporal,0.823372569828484,0.9782082324455206,0.17662743017151605,0.021791767554479424,SAFE_TO_EXECUTE,0.15138595194073864
4508072849_00010,4508072849_00010,"3-way match, invoice before GR",2018-12-10 15:12:00+00:00,2018-12-10 16:51:00+00:00,0.06875,685.0,R2_50_90,test,SAFE_TO_EXECUTE,temporal,0.7998249513731452,0.9782082324455206,0.20017504862685476,0.021791767554479424,SAFE_TO_EXECUTE,0.15138595194073864
4508072849_00020,4508072849_00020,"3-way match, invoice before GR",2018-12-10 15:12:00+00:00,2018-12-10 16:51:00+00:00,0.06875,350.0,R1_0_50,test,SAFE_TO_EXECUTE,temporal,0.8000040358337568,0.9782082324455206,0.1999959641662432,0.021791767554479424,SAFE_TO_EXECUTE,0.15138595194073864
4508072849_00030,4508072849_00030,"3-way match, invoice before GR",2018-12-10 15:12:00+00:00,2018-12-10 16:51:00+00:00,0.06875,230.0,R1_0_50,test,SAFE_TO_EXECUTE,temporal,0.8000681562532734,0.9782082324455206,0.19993184374672657,0.021791767554479424,SAFE_TO_EXECUTE,0.15138595194073864
4508072849_00040,4508072849_00040,"3-way match, invoice before GR",2018-12-10 15:12:00+00:00,2018-12-10 16:51:00+00:00,0.06875,129.0,R1_0_50,test,SAFE_TO_EXECUTE,temporal,0.8001221123207475,0.9782082324455206,0.19987788767925252,0.021791767554479424,SAFE_TO_EXECUTE,0.15138595194073864
4508072849_00050,4508072849_00050,"3-way match, invoice before GR",2018-12-10 15:12:00+00:00,2018-12-10 16:51:00+00:00,0.06875,154.0,R1_0_50,test,SAFE_TO_EXECUTE,temporal,0.8001087578758845,0.9782082324455206,0.19989124212411546,0.021791767554479424,SAFE_TO_EXECUTE,0.15138595194073864
4508072849_00060,4508072849_00060,"3-way match, invoice before GR",2018-12-10 15:12:00+00:00,2018-12-10 16:51:00+00:00,0.06875,130.0,R1_0_50,test,SAFE_TO_EXECUTE,temporal,0.800121578155804,0.9782082324455206,0.19987842184419602,0.021791767554479424,SAFE_TO_EXECUTE,0.15138595194073864
4508072849_00070,4508072849_00070,"3-way match, invoice before GR",2018-12-10 15:12:00+00:00,2018-12-10 16:51:00+00:00,0.06875,617.0,R2_50_90,test,SAFE_TO_EXECUTE,temporal,0.7998613125684683,0.9782082324455206,0.20013868743153174,0.021791767554479424,SAFE_TO_EXECUTE,0.15138595194073864
4508072849_00090,4508072849_00090,"3-way match, invoice before GR",2018-12-10 15:12:00+00:00,2018-12-10 16:51:00+00:00,0.06875,131.0,R1_0_50,test,SAFE_TO_EXECUTE,temporal,0.8001210439897896,0.9782082324455206,0.19987895601021044,0.021791767554479424,SAFE_TO_EXECUTE,0.15138595194073864
4508072849_00100,4508072849_00100,"3-way match, invoice before GR",2018-12-10 15:12:00+00:00,2018-12-10 16:51:00+00:00,0.06875,19.0,R1_0_50,test,SAFE_TO_EXECUTE,temporal,0.8001808639266168,0.9782082324455206,0.1998191360733832,0.021791767554479424,SAFE_TO_EXECUTE,0.15138595194073864
4508072849_00110,4508072849_00110,"3-way match, invoice before GR",2018-12-10 15:12:00+00:00,2018-12-10 16:51:00+00:00,0.06875,402.0,R1_0_50,test,SAFE_TO_EXECUTE,temporal,0.7999762455292677,0.9782082324455206,0.20002375447073228,0.021791767554479424,SAFE_TO_EXECUTE,0.15138595194073864
4508072849_00120,4508072849_00120,"3-way match, invoice before GR",2018-12-10 15:12:00+00:00,2018-12-10 16:51:00+00:00,0.06875,30.0,R1_0_50,test,SAFE_TO_EXECUTE,temporal,0.8001749893491363,0.9782082324455206,0.19982501065086367,0.021791767554479424,SAFE_TO_EXECUTE,0.15138595194073864
4508072849_00130,4508072849_00130,"3-way match, invoice before GR",2018-12-10 15:12:00+00:00,2018-12-10 16:51:00+00:00,0.06875,47.0,R1_0_50,test,SAFE_TO_EXECUTE,temporal,0.8001659102017933,0.9782082324455206,0.19983408979820672,0.021791767554479424,SAFE_TO_EXECUTE,0.15138595194073864
4508072849_00140,4508072849_00140,"3-way match, invoice before GR",2018-12-10 15:12:00+00:00,2018-12-10 16:51:00+00:00,0.06875,31.0,R1_0_50,test,SAFE_TO_EXECUTE,temporal,0.8001744552902127,0.9782082324455206,0.1998255447097873,0.021791767554479424,SAFE_TO_EXECUTE,0.15138595194073864
4508071838_00010,4508071838_00010,"3-way match, invoice before GR",2018-12-10 15:24:00+00:00,2018-12-10 16:51:00+00:00,0.06041666666666667,397.0,R1_0_50,test,SAFE_TO_EXECUTE,temporal,0.787776417279682,0.9782082324455206,0.21222358272031805,0.021791767554479424,SAFE_TO_EXECUTE,0.15138595194073864
4508071838_00020,4508071838_00020,"3-way match, invoice before GR",2018-12-10 15:24:00+00:00,2018-12-10 16:51:00+00:00,0.06041666666666667,67.0,R1_0_50,test,SAFE_TO_EXECUTE,temporal,0.7879606330063427,0.9782082324455206,0.21203936699365733,0.021791767554479424,SAFE_TO_EXECUTE,0.15138595194073864
4508071838_00030,4508071838_00030,"3-way match, invoice before GR",2018-12-10 15:24:00+00:00,2018-12-10 16:51:00+00:00,0.06041666666666667,65.0,R1_0_50,test,SAFE_TO_EXECUTE,temporal,0.7879617491088989,0.9782082324455206,0.21203825089110107,0.021791767554479424,SAFE_TO_EXECUTE,0.15138595194073864
4508071838_00040,4508071838_00040,"3-way match, invoice before GR",2018-12-10 15:24:00+00:00,2018-12-10 16:51:00+00:00,0.06041666666666667,60.0,R1_0_50,test,SAFE_TO_EXECUTE,temporal,0.7879645393465041,0.9782082324455206,0.21203546065349588,0.021791767554479424,SAFE_TO_EXECUTE,0.15138595194073864
4508071838_00050,4508071838_00050,"3-way match, invoice before GR",2018-12-10 15:24:00+00:00,2018-12-10 16:51:00+00:00,0.06041666666666667,39.0,R1_0_50,test,SAFE_TO_EXECUTE,temporal,0.787976258051386,0.9782082324455206,0.21202374194861395,0.021791767554479424,SAFE_TO_EXECUTE,0.15138595194073864
4508072688_00010,4508072688_00010,"3-way match, invoice before GR",2018-12-11 15:11:00+00:00,2018-12-12 08:16:00+00:00,0.7118055555555556,12013.0,R3_90_99,test,SAFE_TO_EXECUTE,temporal,0.8492873260372612,0.9782082324455206,0.1507126739627388,0.021791767554479424,SAFE_TO_EXECUTE,0.15138595194073864
4508072688_00020,4508072688_00020,"3-way match, invoice before GR",2018-12-11 15:11:00+00:00,2018-12-12 08:16:00+00:00,0.7118055555555556,11306.0,R3_90_99,test,SAFE_TO_EXECUTE,temporal,0.8495893347616551,0.9782082324455206,0.1504106652383449,0.021791767554479424,SAFE_TO_EXECUTE,0.15138595194073864
4508071966_00010,4508071966_00010,"3-way match, invoice before GR",2018-12-11 15:12:00+00:00,2018-12-12 07:42:00+00:00,0.6875,23320.0,R3_90_99,test,SAFE_TO_EXECUTE,temporal,0.8404651102713812,0.9782082324455206,0.15953488972861884,0.021791767554479424,SAFE_TO_EXECUTE,0.15138595194073864
4508072686_00010,4508072686_00010,"3-way match, invoice before GR",2018-12-11 15:58:00+00:00,2018-12-12 07:43:00+00:00,0.65625,21200.0,R3_90_99,test,SAFE_TO_EXECUTE,temporal,0.8454190230100816,0.9782082324455206,0.15458097698991835,0.021791767554479424,SAFE_TO_EXECUTE,0.15138595194073864
4508072686_00020,4508072686_00020,"3-way match, invoice before GR",2018-12-11 15:58:00+00:00,2018-12-12 07:43:00+00:00,0.65625,1413.0,R2_50_90,test,SAFE_TO_EXECUTE,temporal,0.8538602299541064,0.9782082324455206,0.14613977004589362,0.021791767554479424,SAFE_TO_EXECUTE,0.15138595194073864
4508072686_00030,4508072686_00030,"3-way match, invoice before GR",2018-12-11 15:58:00+00:00,2018-12-12 07:43:00+00:00,0.65625,636.0,R2_50_90,test,SAFE_TO_EXECUTE,temporal,0.8541837723924072,0.9782082324455206,0.14581622760759283,0.021791767554479424,SAFE_TO_EXECUTE,0.15138595194073864
4508072328_00010,4508072328_00010,"3-way match, invoice before GR",2018-12-11 15:59:00+00:00,2018-12-12 07:43:00+00:00,0.6555555555555556,23320.0,R3_90_99,test,SAFE_TO_EXECUTE,temporal,0.8430660573786635,0.9782082324455206,0.15693394262133653,0.021791767554479424,SAFE_TO_EXECUTE,0.15138595194073864
4508073143_00010,4508073143_00010,"3-way match, invoice before GR",2018-12-12 08:42:00+00:00,2018-12-13 06:48:00+00:00,0.9208333333333333,321.0,R1_0_50,test,SAFE_TO_EXECUTE,temporal,0.7964111307740148,0.9782082324455206,0.20358886922598518,0.021791767554479424,SAFE_TO_EXECUTE,0.15138595194073864
4508072008_00010,4508072008_00010,"3-way match, invoice before GR",2018-12-12 09:22:00+00:00,2018-12-12 13:50:00+00:00,0.18611111111111112,19552.0,R3_90_99,test,SAFE_TO_EXECUTE,temporal,0.9570555079477975,0.9782082324455206,0.04294449205220252,0.021791767554479424,SAFE_TO_EXECUTE,0.15138595194073864
4508072639_00010,4508072639_00010,"3-way match, invoice before GR",2018-12-12 10:25:00+00:00,2018-12-14 20:49:00+00:00,2.433333333333333,13367.0,R3_90_99,test,SAFE_TO_EXECUTE,temporal,0.9573268771052239,0.9782082324455206,0.042673122894776094,0.021791767554479424,SAFE_TO_EXECUTE,0.15138595194073864
4508072639_00020,4508072639_00020,"3-way match, invoice before GR",2018-12-12 10:25:00+00:00,2018-12-14 20:49:00+00:00,2.433333333333333,13902.0,R3_90_99,test,SAFE_TO_EXECUTE,temporal,0.9572538174996201,0.9782082324455206,0.04274618250037987,0.021791767554479424,SAFE_TO_EXECUTE,0.15138595194073864
4508072639_00030,4508072639_00030,"3-way match, invoice before GR",2018-12-12 10:25:00+00:00,2018-12-14 20:49:00+00:00,2.433333333333333,4373.0,R2_50_90,test,SAFE_TO_EXECUTE,temporal,0.9585373732396699,0.9782082324455206,0.04146262676033008,0.021791767554479424,SAFE_TO_EXECUTE,0.15138595194073864
4508071972_00010,4508071972_00010,"3-way match, invoice before GR",2018-12-12 10:27:00+00:00,2018-12-14 14:29:00+00:00,2.1680555555555556,243.0,R1_0_50,test,SAFE_TO_EXECUTE,temporal,0.9580656761490135,0.9782082324455206,0.0419343238509865,0.021791767554479424,SAFE_TO_EXECUTE,0.15138595194073864
4508071972_00020,4508071972_00020,"3-way match, invoice before GR",2018-12-12 10:27:00+00:00,2018-12-14 14:29:00+00:00,2.1680555555555556,2458.0,R2_50_90,test,SAFE_TO_EXECUTE,temporal,0.9577674368561573,0.9782082324455206,0.042232563143842716,0.021791767554479424,SAFE_TO_EXECUTE,0.15138595194073864
4508073466_00010,4508073466_00010,"3-way match, invoice before GR",2018-12-12 10:54:00+00:00,2018-12-13 06:48:00+00:00,0.8291666666666667,758.0,R2_50_90,test,SAFE_TO_EXECUTE,temporal,0.798034384421778,0.9782082324455206,0.201965615578222,0.021791767554479424,SAFE_TO_EXECUTE,0.15138595194073864
4508073466_00020,4508073466_00020,"3-way match, invoice before GR",2018-12-12 10:54:00+00:00,2018-12-13 06:48:00+00:00,0.8291666666666667,13821.0,R3_90_99,test,SAFE_TO_EXECUTE,temporal,0.940010076434768,0.9782082324455206,0.05998992356523203,0.021791767554479424,SAFE_TO_EXECUTE,0.15138595194073864
4508073466_00030,4508073466_00030,"3-way match, invoice before GR",2018-12-12 10:54:00+00:00,2018-12-13 06:48:00+00:00,0.8291666666666667,1252.0,R2_50_90,test,SAFE_TO_EXECUTE,temporal,0.961700071684853,0.9782082324455206,0.03829992831514695,0.021791767554479424,SAFE_TO_EXECUTE,0.15138595194073864
4508072638_00010,4508072638_00010,"3-way match, invoice before GR",2018-12-12 13:20:00+00:00,2018-12-13 14:59:00+00:00,1.06875,13367.0,R3_90_99,test,SAFE_TO_EXECUTE,temporal,0.9581092578229968,0.9782082324455206,0.04189074217700317,0.021791767554479424,SAFE_TO_EXECUTE,0.15138595194073864
4508072638_00020,4508072638_00020,"3-way match, invoice before GR",2018-12-12 13:20:00+00:00,2018-12-13 14:59:00+00:00,1.06875,13902.0,R3_90_99,test,SAFE_TO_EXECUTE,temporal,0.9580374789981109,0.9782082324455206,0.04196252100188913,0.021791767554479424,SAFE_TO_EXECUTE,0.15138595194073864
4508072638_00030,4508072638_00030,"3-way match, invoice before GR",2018-12-12 13:20:00+00:00,2018-12-13 14:59:00+00:00,1.06875,3331.0,R2_50_90,test,NOT_SAFE_TO_EXECUTE,temporal,0.9594341764181213,0.9782082324455206,0.04056582358187866,0.021791767554479424,SAFE_TO_EXECUTE,0.15138595194073864
4508071974_00010,4508071974_00010,"3-way match, invoice before GR",2018-12-12 13:21:00+00:00,2018-12-15 03:09:00+00:00,2.575,4916.0,R2_50_90,test,SAFE_TO_EXECUTE,temporal,0.9572026682867923,0.9782082324455206,0.042797331713207654,0.021791767554479424,SAFE_TO_EXECUTE,0.15138595194073864
4508073117_00010,4508073117_00010,"3-way match, invoice before GR",2018-12-12 15:40:00+00:00,2018-12-13 08:24:00+00:00,0.6972222222222222,23320.0,R3_90_99,test,SAFE_TO_EXECUTE,temporal,0.8481551601073367,0.9782082324455206,0.15184483989266329,0.021791767554479424,SAFE_TO_EXECUTE,0.15138595194073864
4508073094_00010,4508073094_00010,"3-way match, invoice before GR",2018-12-13 08:35:00+00:00,2018-12-14 09:44:00+00:00,1.0479166666666666,1670.0,R2_50_90,test,SAFE_TO_EXECUTE,temporal,0.853372820421734,0.9782082324455206,0.146627179578266,0.021791767554479424,SAFE_TO_EXECUTE,0.15138595194073864
4508073094_00020,4508073094_00020,"3-way match, invoice before GR",2018-12-13 08:35:00+00:00,2018-12-14 09:44:00+00:00,1.0479166666666666,38.0,R1_0_50,test,SAFE_TO_EXECUTE,temporal,0.7738261419971219,0.9782082324455206,0.22617385800287815,0.021791767554479424,SAFE_TO_EXECUTE,0.15138595194073864
4508073094_00030,4508073094_00030,"3-way match, invoice before GR",2018-12-13 08:35:00+00:00,2018-12-14 09:44:00+00:00,1.0479166666666666,81.0,R1_0_50,test,SAFE_TO_EXECUTE,temporal,0.8540356720772545,0.9782082324455206,0.1459643279227455,0.021791767554479424,SAFE_TO_EXECUTE,0.15138595194073864
4508073094_00040,4508073094_00040,"3-way match, invoice before GR",2018-12-13 08:35:00+00:00,2018-12-14 09:44:00+00:00,1.0479166666666666,662.0,R2_50_90,test,SAFE_TO_EXECUTE,temporal,0.8537935964092466,0.9782082324455206,0.14620640359075343,0.021791767554479424,SAFE_TO_EXECUTE,0.15138595194073864
4508073094_00050,4508073094_00050,"3-way match, invoice before GR",2018-12-13 08:35:00+00:00,2018-12-14 09:44:00+00:00,1.0479166666666666,78.0,R1_0_50,test,SAFE_TO_EXECUTE,temporal,0.8540369211748724,0.9782082324455206,0.1459630788251276,0.021791767554479424,SAFE_TO_EXECUTE,0.15138595194073864
4508073094_00060,4508073094_00060,"3-way match, invoice before GR",2018-12-13 08:35:00+00:00,2018-12-14 09:44:00+00:00,1.0479166666666666,78.0,R1_0_50,test,SAFE_TO_EXECUTE,temporal,0.8540369211748724,0.9782082324455206,0.1459630788251276,0.021791767554479424,SAFE_TO_EXECUTE,0.15138595194073864
4508073094_00070,4508073094_00070,"3-way match, invoice before GR",2018-12-13 08:35:00+00:00,2018-12-14 09:44:00+00:00,1.0479166666666666,81.0,R1_0_50,test,SAFE_TO_EXECUTE,temporal,0.8540356720772545,0.9782082324455206,0.1459643279227455,0.021791767554479424,SAFE_TO_EXECUTE,0.15138595194073864
4508073094_00080,4508073094_00080,"3-way match, invoice before GR",2018-12-13 08:35:00+00:00,2018-12-19 22:54:00+00:00,6.596527777777778,274.0,R1_0_50,test,SAFE_TO_EXECUTE,temporal,0.8438911991458993,0.9782082324455206,0.15610880085410073,0.021791767554479424,SAFE_TO_EXECUTE,0.15138595194073864
4508070768_00010,4508070768_00010,"3-way match, invoice before GR",2018-12-13 10:21:00+00:00,2018-12-14 08:52:00+00:00,0.9381944444444444,5415.0,R2_50_90,test,SAFE_TO_EXECUTE,temporal,0.8594975900782732,0.9782082324455206,0.1405024099217268,0.021791767554479424,SAFE_TO_EXECUTE,0.15138595194073864
4508072852_00020,4508072852_00020,"3-way match, invoice before GR",2018-12-13 14:07:00+00:00,2018-12-18 07:40:00+00:00,4.73125,4908.0,R2_50_90,test,SAFE_TO_EXECUTE,temporal,0.7720280870679657,0.9560439560439561,0.22797191293203434,0.04395604395604391,SAFE_TO_EXECUTE,0.2601453639477141
4508072852_00040,4508072852_00040,"3-way match, invoice before GR",2018-12-13 14:07:00+00:00,2018-12-18 07:40:00+00:00,4.73125,35.0,R1_0_50,test,SAFE_TO_EXECUTE,temporal,0.77488000231202,0.9782082324455206,0.22511999768797997,0.021791767554479424,SAFE_TO_EXECUTE,0.15138595194073864
4508072852_00050,4508072852_00050,"3-way match, invoice before GR",2018-12-13 14:07:00+00:00,2018-12-18 07:40:00+00:00,4.73125,3019.0,R2_50_90,test,SAFE_TO_EXECUTE,temporal,0.7731366341297566,0.9560439560439561,0.22686336587024336,0.04395604395604391,SAFE_TO_EXECUTE,0.2601453639477141
4508072852_00060,4508072852_00060,"3-way match, invoice before GR",2018-12-13 14:07:00+00:00,2018-12-18 07:40:00+00:00,4.73125,3856.0,R2_50_90,test,SAFE_TO_EXECUTE,temporal,0.7726459167152145,0.9560439560439561,0.22735408328478546,0.04395604395604391,SAFE_TO_EXECUTE,0.2601453639477141
4508072852_00070,4508072852_00070,"3-way match, invoice before GR",2018-12-13 14:07:00+00:00,2018-12-18 07:40:00+00:00,4.73125,2537.0,R2_50_90,test,SAFE_TO_EXECUTE,temporal,0.7734188819281806,0.9560439560439561,0.22658111807181935,0.04395604395604391,SAFE_TO_EXECUTE,0.2601453639477141
4508072852_00080,4508072852_00080,"3-way match, invoice before GR",2018-12-13 14:07:00+00:00,2018-12-18 07:40:00+00:00,4.73125,61.0,R1_0_50,test,SAFE_TO_EXECUTE,temporal,0.7748648532352437,0.9782082324455206,0.22513514676475632,0.021791767554479424,SAFE_TO_EXECUTE,0.15138595194073864
4508072852_00090,4508072852_00090,"3-way match, invoice before GR",2018-12-13 14:07:00+00:00,2018-12-18 07:40:00+00:00,4.73125,481.0,R1_0_50,test,SAFE_TO_EXECUTE,temporal,0.7746200371804375,0.9782082324455206,0.22537996281956252,0.021791767554479424,SAFE_TO_EXECUTE,0.15138595194073864
4508072852_00100,4508072852_00100,"3-way match, invoice before GR",2018-12-13 14:07:00+00:00,2018-12-18 07:40:00+00:00,4.73125,321.0,R1_0_50,test,SAFE_TO_EXECUTE,temporal,0.7747133226910274,0.9782082324455206,0.22528667730897256,0.021791767554479424,SAFE_TO_EXECUTE,0.15138595194073864
4508072852_00110,4508072852_00110,"3-way match, invoice before GR",2018-12-13 14:07:00+00:00,2018-12-18 07:40:00+00:00,4.73125,131.0,R1_0_50,test,SAFE_TO_EXECUTE,temporal,0.7748240636645982,0.9782082324455206,0.22517593633540178,0.021791767554479424,SAFE_TO_EXECUTE,0.15138595194073864
4508072852_00130,4508072852_00130,"3-way match, invoice before GR",2018-12-13 14:07:00+00:00,2018-12-18 07:40:00+00:00,4.73125,3933.0,R2_50_90,test,SAFE_TO_EXECUTE,temporal,0.7726007354516832,0.9560439560439561,0.22739926454831683,0.04395604395604391,SAFE_TO_EXECUTE,0.2601453639477141
4508072852_00140,4508072852_00140,"3-way match, invoice before GR",2018-12-13 14:07:00+00:00,2018-12-18 07:40:00+00:00,4.73125,2514.0,R2_50_90,test,SAFE_TO_EXECUTE,temporal,0.7734323439758163,0.9560439560439561,0.22656765602418372,0.04395604395604391,SAFE_TO_EXECUTE,0.2601453639477141
4508072852_00150,4508072852_00150,"3-way match, invoice before GR",2018-12-13 14:07:00+00:00,2018-12-18 07:40:00+00:00,4.73125,36.0,R1_0_50,test,SAFE_TO_EXECUTE,temporal,0.774879419668594,0.9782082324455206,0.22512058033140603,0.021791767554479424,SAFE_TO_EXECUTE,0.15138595194073864
4508072957_00010,4508072957_00010,"3-way match, invoice before GR",2018-12-13 16:15:00+00:00,2018-12-17 06:49:00+00:00,3.6069444444444443,21906.0,R3_90_99,test,SAFE_TO_EXECUTE,temporal,0.8382658510062037,0.9782082324455206,0.16173414899379635,0.021791767554479424,SAFE_TO_EXECUTE,0.15138595194073864
4508073532_00010,4508073532_00010,"3-way match, invoice before GR",2018-12-13 16:16:00+00:00,2018-12-17 06:50:00+00:00,3.6069444444444443,12013.0,R3_90_99,test,SAFE_TO_EXECUTE,temporal,0.8478311472111869,0.9782082324455206,0.1521688527888131,0.021791767554479424,SAFE_TO_EXECUTE,0.15138595194073864
4508072958_00010,4508072958_00010,"3-way match, invoice before GR",2018-12-13 16:43:00+00:00,2018-12-17 06:49:00+00:00,3.5875,14840.0,R3_90_99,test,SAFE_TO_EXECUTE,temporal,0.8414897609547755,0.9782082324455206,0.15851023904522454,0.021791767554479424,SAFE_TO_EXECUTE,0.15138595194073864
4508072958_00030,4508072958_00030,"3-way match, invoice before GR",2018-12-13 16:43:00+00:00,2018-12-17 06:49:00+00:00,3.5875,6360.0,R2_50_90,test,SAFE_TO_EXECUTE,temporal,0.8452312696452408,0.9782082324455206,0.15476873035475924,0.021791767554479424,SAFE_TO_EXECUTE,0.15138595194073864
4508073786_00020,4508073786_00020,"3-way match, invoice before GR",2018-12-13 18:02:00+00:00,2018-12-14 16:30:00+00:00,0.9361111111111111,329.0,R1_0_50,test,NOT_SAFE_TO_EXECUTE,temporal,0.9657629740786413,0.9782082324455206,0.03423702592135869,0.021791767554479424,SAFE_TO_EXECUTE,0.15138595194073864
4508073786_00070,4508073786_00070,"3-way match, invoice before GR",2018-12-13 18:02:00+00:00,2018-12-14 16:30:00+00:00,0.9361111111111111,1016.0,R2_50_90,test,NOT_SAFE_TO_EXECUTE,temporal,0.9656870216872855,0.9782082324455206,0.034312978312714515,0.021791767554479424,SAFE_TO_EXECUTE,0.15138595194073864
4508071386_00010,4508071386_00010,"3-way match, invoice before GR",2018-12-14 09:20:00+00:00,2018-12-17 10:43:00+00:00,3.057638888888889,5441.0,R2_50_90,test,SAFE_TO_EXECUTE,temporal,0.7595476802538642,0.9560439560439561,0.2404523197461358,0.04395604395604391,SAFE_TO_EXECUTE,0.2601453639477141
4508069811_00010,4508069811_00010,"3-way match, invoice before GR",2018-12-14 12:52:00+00:00,2018-12-18 08:32:00+00:00,3.8194444444444446,3446.0,R2_50_90,test,SAFE_TO_EXECUTE,temporal,0.805347618647842,0.9782082324455206,0.194652381352158,0.021791767554479424,SAFE_TO_EXECUTE,0.15138595194073864
4508069811_00030,4508069811_00030,"3-way match, invoice before GR",2018-12-14 14:31:00+00:00,2019-01-04 08:57:00+00:00,20.768055555555556,6096.0,R2_50_90,test,SAFE_TO_EXECUTE,temporal,0.7767334308496155,0.9782082324455206,0.22326656915038445,0.021791767554479424,SAFE_TO_EXECUTE,0.15138595194073864
4508070769_00010,4508070769_00010,"3-way match, invoice before GR",2018-12-14 14:33:00+00:00,2019-01-04 08:55:00+00:00,20.76527777777778,5800.0,R2_50_90,test,SAFE_TO_EXECUTE,temporal,0.7855615220999991,0.9782082324455206,0.21443847790000092,0.021791767554479424,SAFE_TO_EXECUTE,0.15138595194073864
4508067302_00010,4508067302_00010,"3-way match, invoice before GR",2018-12-14 14:36:00+00:00,2019-01-09 10:12:00+00:00,25.816666666666666,5800.0,R2_50_90,test,SAFE_TO_EXECUTE,temporal,0.9477529991327208,0.9782082324455206,0.05224700086727918,0.021791767554479424,SAFE_TO_EXECUTE,0.15138595194073864
4508073548_00010,4508073548_00010,"3-way match, invoice before GR",2018-12-17 03:32:00+00:00,2018-12-17 06:50:00+00:00,0.1375,19080.0,R3_90_99,test,SAFE_TO_EXECUTE,temporal,0.8333082196657783,0.9782082324455206,0.16669178033422172,0.021791767554479424,SAFE_TO_EXECUTE,0.15138595194073864
4508073548_00020,4508073548_00020,"3-way match, invoice before GR",2018-12-17 03:32:00+00:00,2018-12-17 06:50:00+00:00,0.1375,4240.0,R2_50_90,test,SAFE_TO_EXECUTE,temporal,0.8400800162167262,0.9782082324455206,0.15991998378327377,0.021791767554479424,SAFE_TO_EXECUTE,0.15138595194073864
4508073227_00010,4508073227_00010,"3-way match, invoice before GR",2018-12-17 05:44:00+00:00,2018-12-17 11:00:00+00:00,0.21944444444444444,62.0,R1_0_50,test,SAFE_TO_EXECUTE,temporal,0.7346208220647645,0.9560439560439561,0.26537917793523547,0.04395604395604391,SAFE_TO_EXECUTE,0.2601453639477141
4508067696_00010,4508067696_00010,"3-way match, invoice before GR",2018-12-17 08:17:00+00:00,2018-12-18 09:40:00+00:00,1.0576388888888888,5699.0,R2_50_90,test,SAFE_TO_EXECUTE,temporal,0.8538833885670659,0.9782082324455206,0.14611661143293408,0.021791767554479424,SAFE_TO_EXECUTE,0.15138595194073864
4508070936_00080,4508070936_00080,"3-way match, invoice before GR",2018-12-17 08:27:00+00:00,2018-12-19 07:05:00+00:00,1.9430555555555555,61.0,R1_0_50,test,SAFE_TO_EXECUTE,temporal,0.7643407355455442,0.9560439560439561,0.23565926445445584,0.04395604395604391,SAFE_TO_EXECUTE,0.2601453639477141
4508073769_00010,4508073769_00010,"3-way match, invoice before GR",2018-12-17 08:45:00+00:00,2018-12-17 16:29:00+00:00,0.32222222222222224,518.0,R1_0_50,test,SAFE_TO_EXECUTE,temporal,0.8068378440383536,0.9782082324455206,0.19316215596164643,0.021791767554479424,SAFE_TO_EXECUTE,0.15138595194073864
4508073769_00020,4508073769_00020,"3-way match, invoice before GR",2018-12-17 08:45:00+00:00,2018-12-17 16:29:00+00:00,0.32222222222222224,613.0,R2_50_90,test,SAFE_TO_EXECUTE,temporal,0.8067883869989996,0.9782082324455206,0.19321161300100043,0.021791767554479424,SAFE_TO_EXECUTE,0.15138595194073864
4508070766_00010,4508070766_00010,"3-way match, invoice before GR",2018-12-17 09:04:00+00:00,2018-12-18 11:19:00+00:00,1.09375,26292.0,R3_90_99,test,SAFE_TO_EXECUTE,temporal,0.8164604374376896,0.9782082324455206,0.1835395625623104,0.021791767554479424,SAFE_TO_EXECUTE,0.15138595194073864
4508073546_00040,4508073546_00040,"3-way match, invoice before GR",2018-12-17 09:15:00+00:00,2018-12-18 08:23:00+00:00,0.9638888888888889,519.0,R1_0_50,test,SAFE_TO_EXECUTE,temporal,0.9610446552880071,0.9782082324455206,0.03895534471199291,0.021791767554479424,SAFE_TO_EXECUTE,0.15138595194073864
4508073735_00010,4508073735_00010,"3-way match, invoice before GR",2018-12-17 12:03:00+00:00,2018-12-21 16:37:00+00:00,4.190277777777778,777.0,R2_50_90,test,SAFE_TO_EXECUTE,temporal,0.7792629751615482,0.9782082324455206,0.2207370248384518,0.021791767554479424,SAFE_TO_EXECUTE,0.15138595194073864
4508073735_00020,4508073735_00020,"3-way match, invoice before GR",2018-12-17 12:03:00+00:00,2018-12-21 16:37:00+00:00,4.190277777777778,710.0,R2_50_90,test,SAFE_TO_EXECUTE,temporal,0.7793014663048196,0.9782082324455206,0.22069853369518044,0.021791767554479424,SAFE_TO_EXECUTE,0.15138595194073864
4508073735_00030,4508073735_00030,"3-way match, invoice before GR",2018-12-17 12:03:00+00:00,2018-12-21 16:37:00+00:00,4.190277777777778,393.0,R1_0_50,test,SAFE_TO_EXECUTE,temporal,0.7794835158816091,0.9782082324455206,0.22051648411839087,0.021791767554479424,SAFE_TO_EXECUTE,0.15138595194073864
4508073735_00040,4508073735_00040,"3-way match, invoice before GR",2018-12-17 12:03:00+00:00,2018-12-21 16:37:00+00:00,4.190277777777778,202.0,R1_0_50,test,SAFE_TO_EXECUTE,temporal,0.7795931530585126,0.9782082324455206,0.22040684694148738,0.021791767554479424,SAFE_TO_EXECUTE,0.15138595194073864
4508073735_00050,4508073735_00050,"3-way match, invoice before GR",2018-12-17 12:03:00+00:00,2018-12-21 16:37:00+00:00,4.190277777777778,557.0,R1_0_50,test,SAFE_TO_EXECUTE,temporal,0.7793893459516148,0.9782082324455206,0.2206106540483852,0.021791767554479424,SAFE_TO_EXECUTE,0.15138595194073864
4508073735_00060,4508073735_00060,"3-way match, invoice before GR",2018-12-17 12:03:00+00:00,2018-12-21 16:37:00+00:00,4.190277777777778,2797.0,R2_50_90,test,SAFE_TO_EXECUTE,temporal,0.7781002370097987,0.9782082324455206,0.2218997629902013,0.021791767554479424,SAFE_TO_EXECUTE,0.15138595194073864
4508073735_00070,4508073735_00070,"3-way match, invoice before GR",2018-12-17 12:03:00+00:00,2018-12-21 16:37:00+00:00,4.190277777777778,593.0,R2_50_90,test,SAFE_TO_EXECUTE,temporal,0.7793686706449242,0.9782082324455206,0.2206313293550758,0.021791767554479424,SAFE_TO_EXECUTE,0.15138595194073864
4508073735_00080,4508073735_00080,"3-way match, invoice before GR",2018-12-17 12:03:00+00:00,2018-12-21 16:37:00+00:00,4.190277777777778,222.0,R1_0_50,test,SAFE_TO_EXECUTE,temporal,0.7795816745587909,0.9782082324455206,0.2204183254412091,0.021791767554479424,SAFE_TO_EXECUTE,0.15138595194073864
4508073735_00090,4508073735_00090,"3-way match, invoice before GR",2018-12-17 12:03:00+00:00,2018-12-21 16:37:00+00:00,4.190277777777778,296.0,R1_0_50,test,SAFE_TO_EXECUTE,temporal,0.7795392003817522,0.9782082324455206,0.22046079961824783,0.021791767554479424,SAFE_TO_EXECUTE,0.15138595194073864
4508073735_00100,4508073735_00100,"3-way match, invoice before GR",2018-12-17 12:03:00+00:00,2018-12-21 16:37:00+00:00,4.190277777777778,421.0,R1_0_50,test,SAFE_TO_EXECUTE,temporal,0.7794674401294986,0.9782082324455206,0.22053255987050135,0.021791767554479424,SAFE_TO_EXECUTE,0.15138595194073864
4508073735_00110,4508073735_00110,"3-way match, invoice before GR",2018-12-17 12:03:00+00:00,2018-12-21 16:37:00+00:00,4.190277777777778,40.0,R1_0_50,test,SAFE_TO_EXECUTE,temporal,0.7796861131040521,0.9782082324455206,0.22031388689594789,0.021791767554479424,SAFE_TO_EXECUTE,0.15138595194073864
4508073735_00120,4508073735_00120,"3-way match, invoice before GR",2018-12-17 12:03:00+00:00,2018-12-21 16:37:00+00:00,4.190277777777778,30.0,R1_0_50,test,SAFE_TO_EXECUTE,temporal,0.7796918504566086,0.9782082324455206,0.2203081495433914,0.021791767554479424,SAFE_TO_EXECUTE,0.15138595194073864
4508073735_00130,4508073735_00130,"3-way match, invoice before GR",2018-12-17 12:03:00+00:00,2018-12-21 16:37:00+00:00,4.190277777777778,15.0,R1_0_50,test,SAFE_TO_EXECUTE,temporal,0.779700456284454,0.9782082324455206,0.22029954371554605,0.021791767554479424,SAFE_TO_EXECUTE,0.15138595194073864
4508073735_00140,4508073735_00140,"3-way match, invoice before GR",2018-12-17 12:03:00+00:00,2018-12-21 16:37:00+00:00,4.190277777777778,70.0,R1_0_50,test,SAFE_TO_EXECUTE,temporal,0.7796689004032202,0.9782082324455206,0.22033109959677977,0.021791767554479424,SAFE_TO_EXECUTE,0.15138595194073864
4508074212_00010,4508074212_00010,"3-way match, invoice before GR",2018-12-17 12:35:00+00:00,2018-12-18 16:38:00+00:00,1.16875,249.0,R1_0_50,test,SAFE_TO_EXECUTE,temporal,0.797601056854111,0.9782082324455206,0.20239894314588902,0.021791767554479424,SAFE_TO_EXECUTE,0.15138595194073864
4508074212_00020,4508074212_00020,"3-way match, invoice before GR",2018-12-17 12:35:00+00:00,2018-12-18 16:38:00+00:00,1.16875,1262.0,R2_50_90,test,SAFE_TO_EXECUTE,temporal,0.7970542997457704,0.9782082324455206,0.20294570025422964,0.021791767554479424,SAFE_TO_EXECUTE,0.15138595194073864
4508074212_00030,4508074212_00030,"3-way match, invoice before GR",2018-12-17 12:35:00+00:00,2018-12-18 16:38:00+00:00,1.16875,155.0,R1_0_50,test,SAFE_TO_EXECUTE,temporal,0.797651736685035,0.9782082324455206,0.20234826331496503,0.021791767554479424,SAFE_TO_EXECUTE,0.15138595194073864
4508074212_00040,4508074212_00040,"3-way match, invoice before GR",2018-12-17 12:35:00+00:00,2018-12-18 16:38:00+00:00,1.16875,1614.0,R2_50_90,test,SAFE_TO_EXECUTE,temporal,0.7968640535407018,0.9782082324455206,0.20313594645929822,0.021791767554479424,SAFE_TO_EXECUTE,0.15138595194073864
4508074212_00050,4508074212_00050,"3-way match, invoice before GR",2018-12-17 12:35:00+00:00,2018-12-18 16:38:00+00:00,1.16875,18.0,R1_0_50,test,SAFE_TO_EXECUTE,temporal,0.7977255828815177,0.9782082324455206,0.20227441711848226,0.021791767554479424,SAFE_TO_EXECUTE,0.15138595194073864
4508074212_00060,4508074212_00060,"3-way match, invoice before GR",2018-12-17 12:35:00+00:00,2018-12-18 16:38:00+00:00,1.16875,21.0,R1_0_50,test,SAFE_TO_EXECUTE,temporal,0.7977239660269727,0.9782082324455206,0.2022760339730273,0.021791767554479424,SAFE_TO_EXECUTE,0.15138595194073864
4508074212_00070,4508074212_00070,"3-way match, invoice before GR",2018-12-17 12:35:00+00:00,2018-12-18 16:38:00+00:00,1.16875,21.0,R1_0_50,test,SAFE_TO_EXECUTE,temporal,0.7977239660269727,0.9782082324455206,0.2022760339730273,0.021791767554479424,SAFE_TO_EXECUTE,0.15138595194073864
4508074212_00080,4508074212_00080,"3-way match, invoice before GR",2018-12-17 12:35:00+00:00,2018-12-18 16:38:00+00:00,1.16875,41.0,R1_0_50,test,SAFE_TO_EXECUTE,temporal,0.7977131867501376,0.9782082324455206,0.20228681324986242,0.021791767554479424,SAFE_TO_EXECUTE,0.15138595194073864
4508074212_00090,4508074212_00090,"3-way match, invoice before GR",2018-12-17 12:35:00+00:00,2018-12-18 16:38:00+00:00,1.16875,261.0,R1_0_50,test,SAFE_TO_EXECUTE,temporal,0.7975945864067172,0.9782082324455206,0.2024054135932828,0.021791767554479424,SAFE_TO_EXECUTE,0.15138595194073864
4508074212_00100,4508074212_00100,"3-way match, invoice before GR",2018-12-17 12:35:00+00:00,2018-12-18 16:38:00+00:00,1.16875,669.0,R2_50_90,test,SAFE_TO_EXECUTE,temporal,0.7973744993500811,0.9782082324455206,0.2026255006499189,0.021791767554479424,SAFE_TO_EXECUTE,0.15138595194073864
4508074212_00120,4508074212_00120,"3-way match, invoice before GR",2018-12-17 12:35:00+00:00,2018-12-18 16:38:00+00:00,1.16875,811.0,R2_50_90,test,SAFE_TO_EXECUTE,temporal,0.7972978585622383,0.9782082324455206,0.20270214143776166,0.021791767554479424,SAFE_TO_EXECUTE,0.15138595194073864
4508074212_00130,4508074212_00130,"3-way match, invoice before GR",2018-12-17 12:35:00+00:00,2018-12-18 16:38:00+00:00,1.16875,202.0,R1_0_50,test,SAFE_TO_EXECUTE,temporal,0.7976263979535094,0.9782082324455206,0.20237360204649057,0.021791767554479424,SAFE_TO_EXECUTE,0.15138595194073864
4508074212_00140,4508074212_00140,"3-way match, invoice before GR",2018-12-17 12:35:00+00:00,2018-12-18 16:38:00+00:00,1.16875,388.0,R1_0_50,test,SAFE_TO_EXECUTE,temporal,0.7975260980436617,0.9782082324455206,0.2024739019563383,0.021791767554479424,SAFE_TO_EXECUTE,0.15138595194073864
4508074212_00150,4508074212_00150,"3-way match, invoice before GR",2018-12-17 12:35:00+00:00,2018-12-18 16:38:00+00:00,1.16875,43.0,R1_0_50,test,SAFE_TO_EXECUTE,temporal,0.7977121087988723,0.9782082324455206,0.20228789120112767,0.021791767554479424,SAFE_TO_EXECUTE,0.15138595194073864
4508074212_00160,4508074212_00160,"3-way match, invoice before GR",2018-12-17 12:35:00+00:00,2018-12-18 16:38:00+00:00,1.16875,7.0,R1_0_50,test,SAFE_TO_EXECUTE,temporal,0.7977315112656482,0.9782082324455206,0.20226848873435177,0.021791767554479424,SAFE_TO_EXECUTE,0.15138595194073864
4508074212_00170,4508074212_00170,"3-way match, invoice before GR",2018-12-17 12:35:00+00:00,2018-12-18 16:38:00+00:00,1.16875,197.0,R1_0_50,test,SAFE_TO_EXECUTE,temporal,0.9616682823268211,0.9782082324455206,0.03833171767317889,0.021791767554479424,SAFE_TO_EXECUTE,0.15138595194073864
4508074212_00180,4508074212_00180,"3-way match, invoice before GR",2018-12-17 12:35:00+00:00,2018-12-18 16:38:00+00:00,1.16875,273.0,R1_0_50,test,SAFE_TO_EXECUTE,temporal,0.9616589239186111,0.9782082324455206,0.038341076081388925,0.021791767554479424,SAFE_TO_EXECUTE,0.15138595194073864
4508067905_00010,4508067905_00010,"3-way match, invoice before GR",2018-12-17 12:43:00+00:00,2018-12-18 08:40:00+00:00,0.83125,9195.0,R3_90_99,test,SAFE_TO_EXECUTE,temporal,0.8102725743760204,0.9782082324455206,0.1897274256239796,0.021791767554479424,SAFE_TO_EXECUTE,0.15138595194073864
4508069811_00020,4508069811_00020,"3-way match, invoice before GR",2018-12-17 12:48:00+00:00,2019-01-04 08:56:00+00:00,17.83888888888889,8311.0,R3_90_99,test,SAFE_TO_EXECUTE,temporal,0.7678501599815932,0.9560439560439561,0.23214984001840677,0.04395604395604391,SAFE_TO_EXECUTE,0.2601453639477141
4508072160_00010,4508072160_00010,"3-way match, invoice before GR",2018-12-17 12:49:00+00:00,2018-12-18 08:52:00+00:00,0.8354166666666667,5574.0,R2_50_90,test,SAFE_TO_EXECUTE,temporal,0.8288596423120427,0.9782082324455206,0.17114035768795732,0.021791767554479424,SAFE_TO_EXECUTE,0.15138595194073864
4508072160_00020,4508072160_00020,"3-way match, invoice before GR",2018-12-17 12:49:00+00:00,2018-12-18 08:51:00+00:00,0.8347222222222223,3446.0,R2_50_90,test,SAFE_TO_EXECUTE,temporal,0.8298669025159983,0.9782082324455206,0.17013309748400174,0.021791767554479424,SAFE_TO_EXECUTE,0.15138595194073864
4508073466_00040,4508073466_00040,"3-way match, invoice before GR",2018-12-17 13:10:00+00:00,2018-12-18 16:44:00+00:00,1.148611111111111,6910.0,R2_50_90,test,NOT_SAFE_TO_EXECUTE,temporal,0.7892311656490455,0.9782082324455206,0.2107688343509545,0.021791767554479424,SAFE_TO_EXECUTE,0.15138595194073864
4508074084_00010,4508074084_00010,"3-way match, invoice before GR",2018-12-17 16:20:00+00:00,2018-12-18 09:00:00+00:00,0.6944444444444444,10600.0,R3_90_99,test,SAFE_TO_EXECUTE,temporal,0.8512544631292484,0.9782082324455206,0.14874553687075165,0.021791767554479424,SAFE_TO_EXECUTE,0.15138595194073864
4508074084_00020,4508074084_00020,"3-way match, invoice before GR",2018-12-17 16:20:00+00:00,2018-12-18 09:00:00+00:00,0.6944444444444444,1413.0,R2_50_90,test,SAFE_TO_EXECUTE,temporal,0.855098091337993,0.9782082324455206,0.14490190866200703,0.021791767554479424,SAFE_TO_EXECUTE,0.15138595194073864
4508073351_00010,4508073351_00010,"3-way match, invoice before GR",2018-12-18 03:30:00+00:00,2018-12-18 09:00:00+00:00,0.22916666666666666,23320.0,R3_90_99,test,SAFE_TO_EXECUTE,temporal,0.8256118689577872,0.9782082324455206,0.17438813104221285,0.021791767554479424,SAFE_TO_EXECUTE,0.15138595194073864
4508059096_00010,4508059096_00010,"3-way match, invoice before GR",2018-12-18 07:01:00+00:00,2019-01-03 11:09:00+00:00,16.17222222222222,31398.0,R3_90_99,test,SAFE_TO_EXECUTE,temporal,0.8680160196039649,0.9782082324455206,0.1319839803960351,0.021791767554479424,SAFE_TO_EXECUTE,0.15138595194073864
4508074116_00010,4508074116_00010,"3-way match, invoice before GR",2018-12-18 07:08:00+00:00,2018-12-18 12:25:00+00:00,0.22013888888888888,2427.0,R2_50_90,test,SAFE_TO_EXECUTE,temporal,0.7923187476609647,0.9782082324455206,0.20768125233903534,0.021791767554479424,SAFE_TO_EXECUTE,0.15138595194073864
4508074116_00020,4508074116_00020,"3-way match, invoice before GR",2018-12-18 07:08:00+00:00,2018-12-18 12:29:00+00:00,0.22291666666666668,2427.0,R2_50_90,test,SAFE_TO_EXECUTE,temporal,0.9604474984565555,0.9782082324455206,0.039552501543444474,0.021791767554479424,SAFE_TO_EXECUTE,0.15138595194073864
4508071864_00010,4508071864_00010,"3-way match, invoice before GR",2018-12-18 07:11:00+00:00,2018-12-18 16:39:00+00:00,0.39444444444444443,440.0,R1_0_50,test,SAFE_TO_EXECUTE,temporal,0.7757347574423199,0.9782082324455206,0.2242652425576801,0.021791767554479424,SAFE_TO_EXECUTE,0.15138595194073864
4508071864_00020,4508071864_00020,"3-way match, invoice before GR",2018-12-18 07:11:00+00:00,2018-12-18 16:39:00+00:00,0.39444444444444443,987.0,R2_50_90,test,SAFE_TO_EXECUTE,temporal,0.9564785540901264,0.9782082324455206,0.04352144590987361,0.021791767554479424,SAFE_TO_EXECUTE,0.15138595194073864
4508072852_00010,4508072852_00010,"3-way match, invoice before GR",2018-12-18 10:48:00+00:00,2018-12-19 16:26:00+00:00,1.2347222222222223,86.0,R1_0_50,test,SAFE_TO_EXECUTE,temporal,0.7747507565953187,0.9782082324455206,0.22524924340468133,0.021791767554479424,SAFE_TO_EXECUTE,0.15138595194073864
4508072852_00120,4508072852_00120,"3-way match, invoice before GR",2018-12-18 10:48:00+00:00,2018-12-19 16:26:00+00:00,1.2347222222222223,541.0,R1_0_50,test,SAFE_TO_EXECUTE,temporal,0.7744854353898407,0.9782082324455206,0.22551456461015928,0.021791767554479424,SAFE_TO_EXECUTE,0.15138595194073864
4508073089_00010,4508073089_00010,"3-way match, invoice before GR",2018-12-18 11:34:00+00:00,2018-12-19 18:25:00+00:00,1.2854166666666667,806.0,R2_50_90,test,SAFE_TO_EXECUTE,temporal,0.779410659380701,0.9782082324455206,0.22058934061929902,0.021791767554479424,SAFE_TO_EXECUTE,0.15138595194073864
4508073089_00020,4508073089_00020,"3-way match, invoice before GR",2018-12-18 11:34:00+00:00,2018-12-19 18:25:00+00:00,1.2854166666666667,41.0,R1_0_50,test,SAFE_TO_EXECUTE,temporal,0.7798496508071647,0.9782082324455206,0.22015034919283527,0.021791767554479424,SAFE_TO_EXECUTE,0.15138595194073864
4508073089_00030,4508073089_00030,"3-way match, invoice before GR",2018-12-18 11:34:00+00:00,2018-12-19 18:25:00+00:00,1.2854166666666667,387.0,R1_0_50,test,SAFE_TO_EXECUTE,temporal,0.7796511781369801,0.9782082324455206,0.22034882186301985,0.021791767554479424,SAFE_TO_EXECUTE,0.15138595194073864
4508073089_00040,4508073089_00040,"3-way match, invoice before GR",2018-12-18 11:34:00+00:00,2018-12-19 18:25:00+00:00,1.2854166666666667,24.0,R1_0_50,test,SAFE_TO_EXECUTE,temporal,0.7798593990469681,0.9782082324455206,0.2201406009530319,0.021791767554479424,SAFE_TO_EXECUTE,0.15138595194073864
4508073089_00050,4508073089_00050,"3-way match, invoice before GR",2018-12-18 11:34:00+00:00,2018-12-19 18:25:00+00:00,1.2854166666666667,421.0,R1_0_50,test,SAFE_TO_EXECUTE,temporal,0.7796316681174363,0.9782082324455206,0.22036833188256366,0.021791767554479424,SAFE_TO_EXECUTE,0.15138595194073864
4508074223_00010,4508074223_00010,"3-way match, invoice before GR",2018-12-18 11:38:00+00:00,2018-12-19 16:36:00+00:00,1.2069444444444444,789.0,R2_50_90,test,SAFE_TO_EXECUTE,temporal,0.771332115504713,0.9560439560439561,0.22866788449528697,0.04395604395604391,SAFE_TO_EXECUTE,0.2601453639477141
4508073662_00030,4508073662_00030,"3-way match, invoice before GR",2018-12-18 13:44:00+00:00,2019-01-02 09:51:00+00:00,14.838194444444444,581.0,R2_50_90,test,SAFE_TO_EXECUTE,temporal,0.8318137103646565,0.9782082324455206,0.16818628963534354,0.021791767554479424,SAFE_TO_EXECUTE,0.15138595194073864
4508073662_00040,4508073662_00040,"3-way match, invoice before GR",2018-12-18 13:44:00+00:00,2019-01-02 09:51:00+00:00,14.838194444444444,10.0,R1_0_50,test,SAFE_TO_EXECUTE,temporal,0.8320803543660301,0.9782082324455206,0.16791964563396988,0.021791767554479424,SAFE_TO_EXECUTE,0.15138595194073864
2000052824_00001,2000052824_00001,"3-way match, invoice before GR",2018-12-18 13:48:00+00:00,2018-12-19 08:47:00+00:00,0.7909722222222222,74.0,R1_0_50,test,SAFE_TO_EXECUTE,temporal,0.9624472115275661,0.9782082324455206,0.03755278847243393,0.021791767554479424,SAFE_TO_EXECUTE,0.15138595194073864
2000052824_00002,2000052824_00002,"3-way match, invoice before GR",2018-12-18 13:48:00+00:00,2018-12-19 08:47:00+00:00,0.7909722222222222,11.0,R1_0_50,test,SAFE_TO_EXECUTE,temporal,0.9624548160390743,0.9782082324455206,0.037545183960925654,0.021791767554479424,SAFE_TO_EXECUTE,0.15138595194073864
2000052824_00003,2000052824_00003,"3-way match, invoice before GR",2018-12-18 13:48:00+00:00,2018-12-19 08:47:00+00:00,0.7909722222222222,24.0,R1_0_50,test,SAFE_TO_EXECUTE,temporal,0.962453246975347,0.9782082324455206,0.037546753024653046,0.021791767554479424,SAFE_TO_EXECUTE,0.15138595194073864
2000052824_00004,2000052824_00004,"3-way match, invoice before GR",2018-12-18 13:48:00+00:00,2018-12-19 08:47:00+00:00,0.7909722222222222,46.0,R1_0_50,test,SAFE_TO_EXECUTE,temporal,0.9624505914931751,0.9782082324455206,0.037549408506824866,0.021791767554479424,SAFE_TO_EXECUTE,0.15138595194073864
2000052824_00005,2000052824_00005,"3-way match, invoice before GR",2018-12-18 13:48:00+00:00,2018-12-19 08:47:00+00:00,0.7909722222222222,9.0,R1_0_50,test,SAFE_TO_EXECUTE,temporal,0.9624550574279008,0.9782082324455206,0.03754494257209917,0.021791767554479424,SAFE_TO_EXECUTE,0.15138595194073864
2000052824_00006,2000052824_00006,"3-way match, invoice before GR",2018-12-18 13:48:00+00:00,2018-12-19 08:47:00+00:00,0.7909722222222222,19.0,R1_0_50,test,SAFE_TO_EXECUTE,temporal,0.9624538504688531,0.9782082324455206,0.03754614953114688,0.021791767554479424,SAFE_TO_EXECUTE,0.15138595194073864
2000052824_00007,2000052824_00007,"3-way match, invoice before GR",2018-12-18 13:48:00+00:00,2018-12-19 08:47:00+00:00,0.7909722222222222,19.0,R1_0_50,test,SAFE_TO_EXECUTE,temporal,0.9624538504688531,0.9782082324455206,0.03754614953114688,0.021791767554479424,SAFE_TO_EXECUTE,0.15138595194073864
2000052824_00008,2000052824_00008,"3-way match, invoice before GR",2018-12-18 13:48:00+00:00,2018-12-19 08:47:00+00:00,0.7909722222222222,19.0,R1_0_50,test,SAFE_TO_EXECUTE,temporal,0.9624538504688531,0.9782082324455206,0.03754614953114688,0.021791767554479424,SAFE_TO_EXECUTE,0.15138595194073864
2000052824_00009,2000052824_00009,"3-way match, invoice before GR",2018-12-18 13:48:00+00:00,2018-12-19 08:47:00+00:00,0.7909722222222222,25.0,R1_0_50,test,SAFE_TO_EXECUTE,temporal,0.9624531262755271,0.9782082324455206,0.03754687372447285,0.021791767554479424,SAFE_TO_EXECUTE,0.15138595194073864
4508066161_00010,4508066161_00010,"3-way match, invoice before GR",2018-12-18 16:13:00+00:00,2018-12-19 09:14:00+00:00,0.7090277777777778,22584.0,R3_90_99,test,SAFE_TO_EXECUTE,temporal,0.5312951936160002,0.9041095890410958,0.4687048063839998,0.09589041095890416,SAFE_TO_EXECUTE,0.4558314584408235
4508074524_00010,4508074524_00010,"3-way match, invoice before GR",2018-12-19 07:49:00+00:00,2019-01-02 09:45:00+00:00,14.080555555555556,95.0,R1_0_50,test,SAFE_TO_EXECUTE,temporal,0.7459221383366011,0.9560439560439561,0.25407786166339885,0.04395604395604391,SAFE_TO_EXECUTE,0.2601453639477141
4508074543_00010,4508074543_00010,"3-way match, invoice before GR",2018-12-19 09:14:00+00:00,2018-12-19 22:53:00+00:00,0.56875,475.0,R1_0_50,test,SAFE_TO_EXECUTE,temporal,0.7988074551220712,0.9782082324455206,0.20119254487792881,0.021791767554479424,SAFE_TO_EXECUTE,0.15138595194073864
4508074547_00010,4508074547_00010,"3-way match, invoice before GR",2018-12-19 09:14:00+00:00,2018-12-19 16:26:00+00:00,0.3,92.0,R1_0_50,test,SAFE_TO_EXECUTE,temporal,0.8790856442625918,0.9782082324455206,0.12091435573740816,0.021791767554479424,SAFE_TO_EXECUTE,0.15138595194073864
4508074547_00020,4508074547_00020,"3-way match, invoice before GR",2018-12-19 09:14:00+00:00,2018-12-19 16:26:00+00:00,0.3,310.0,R1_0_50,test,SAFE_TO_EXECUTE,temporal,0.8790082267266913,0.9782082324455206,0.12099177327330868,0.021791767554479424,SAFE_TO_EXECUTE,0.15138595194073864
4508073816_00010,4508073816_00010,"3-way match, invoice before GR",2018-12-19 09:50:00+00:00,2018-12-20 09:32:00+00:00,0.9875,381.0,R1_0_50,test,SAFE_TO_EXECUTE,temporal,0.7949650199204064,0.9782082324455206,0.20503498007959364,0.021791767554479424,SAFE_TO_EXECUTE,0.15138595194073864
4508073816_00020,4508073816_00020,"3-way match, invoice before GR",2018-12-19 09:50:00+00:00,2018-12-20 09:40:00+00:00,0.9930555555555556,165.0,R1_0_50,test,SAFE_TO_EXECUTE,temporal,0.795069783173086,0.9782082324455206,0.20493021682691404,0.021791767554479424,SAFE_TO_EXECUTE,0.15138595194073864
4508073816_00030,4508073816_00030,"3-way match, invoice before GR",2018-12-19 09:50:00+00:00,2018-12-20 09:42:00+00:00,0.9944444444444445,507.0,R1_0_50,test,SAFE_TO_EXECUTE,temporal,0.9610388108388369,0.9782082324455206,0.03896118916116309,0.021791767554479424,SAFE_TO_EXECUTE,0.15138595194073864
4508073816_00040,4508073816_00040,"3-way match, invoice before GR",2018-12-19 09:50:00+00:00,2018-12-20 09:41:00+00:00,0.99375,297.0,R1_0_50,test,SAFE_TO_EXECUTE,temporal,0.9610654330811494,0.9782082324455206,0.038934566918850555,0.021791767554479424,SAFE_TO_EXECUTE,0.15138595194073864
4508073816_00050,4508073816_00050,"3-way match, invoice before GR",2018-12-19 09:50:00+00:00,2018-12-20 09:40:00+00:00,0.9930555555555556,49.0,R1_0_50,test,SAFE_TO_EXECUTE,temporal,0.9610967837359595,0.9782082324455206,0.038903216264040474,0.021791767554479424,SAFE_TO_EXECUTE,0.15138595194073864
4508073816_00060,4508073816_00060,"3-way match, invoice before GR",2018-12-19 09:50:00+00:00,2018-12-20 09:39:00+00:00,0.9923611111111111,266.0,R1_0_50,test,SAFE_TO_EXECUTE,temporal,0.9610700424347064,0.9782082324455206,0.038929957565293605,0.021791767554479424,SAFE_TO_EXECUTE,0.15138595194073864
4508073816_00070,4508073816_00070,"3-way match, invoice before GR",2018-12-19 09:50:00+00:00,2018-12-20 09:39:00+00:00,0.9923611111111111,41.0,R1_0_50,test,SAFE_TO_EXECUTE,temporal,0.9610981501104109,0.9782082324455206,0.03890184988958911,0.021791767554479424,SAFE_TO_EXECUTE,0.15138595194073864
4508074540_00010,4508074540_00010,"3-way match, invoice before GR",2018-12-19 10:07:00+00:00,2018-12-19 16:26:00+00:00,0.26319444444444445,60.0,R1_0_50,test,SAFE_TO_EXECUTE,temporal,0.7924206075771084,0.9782082324455206,0.20757939242289158,0.021791767554479424,SAFE_TO_EXECUTE,0.15138595194073864
4508074540_00020,4508074540_00020,"3-way match, invoice before GR",2018-12-19 10:07:00+00:00,2018-12-19 16:26:00+00:00,0.26319444444444445,98.0,R1_0_50,test,SAFE_TO_EXECUTE,temporal,0.7923997293491156,0.9782082324455206,0.20760027065088438,0.021791767554479424,SAFE_TO_EXECUTE,0.15138595194073864
4508074540_00030,4508074540_00030,"3-way match, invoice before GR",2018-12-19 10:07:00+00:00,2018-12-19 16:26:00+00:00,0.26319444444444445,41.0,R1_0_50,test,SAFE_TO_EXECUTE,temporal,0.7924310461099597,0.9782082324455206,0.20756895389004026,0.021791767554479424,SAFE_TO_EXECUTE,0.15138595194073864
4508074540_00040,4508074540_00040,"3-way match, invoice before GR",2018-12-19 10:07:00+00:00,2018-12-19 16:26:00+00:00,0.26319444444444445,29.0,R1_0_50,test,SAFE_TO_EXECUTE,temporal,0.7924376386679329,0.9782082324455206,0.20756236133206707,0.021791767554479424,SAFE_TO_EXECUTE,0.15138595194073864
4508074540_00050,4508074540_00050,"3-way match, invoice before GR",2018-12-19 10:07:00+00:00,2018-12-19 16:26:00+00:00,0.26319444444444445,30.0,R1_0_50,test,SAFE_TO_EXECUTE,temporal,0.7924370892940044,0.9782082324455206,0.20756291070599564,0.021791767554479424,SAFE_TO_EXECUTE,0.15138595194073864
4508074731_00010,4508074731_00010,"3-way match, invoice before GR",2018-12-20 08:21:00+00:00,2019-01-02 09:51:00+00:00,13.0625,727.0,R2_50_90,test,SAFE_TO_EXECUTE,temporal,0.8364092226092154,0.9782082324455206,0.16359077739078465,0.021791767554479424,SAFE_TO_EXECUTE,0.15138595194073864
4508071618_00010,4508071618_00010,"3-way match, invoice before GR",2018-12-20 09:19:00+00:00,2019-01-03 10:42:00+00:00,14.057638888888889,70200.0,R4_99_100,test,SAFE_TO_EXECUTE,temporal,0.75922549270491,0.9560439560439561,0.24077450729508998,0.04395604395604391,SAFE_TO_EXECUTE,0.2601453639477141
4508074522_00010,4508074522_00010,"3-way match, invoice before GR",2018-12-20 09:35:00+00:00,2019-01-02 09:51:00+00:00,13.011111111111111,95.0,R1_0_50,test,SAFE_TO_EXECUTE,temporal,0.7530885206488351,0.9560439560439561,0.24691147935116486,0.04395604395604391,SAFE_TO_EXECUTE,0.2601453639477141
4508074522_00020,4508074522_00020,"3-way match, invoice before GR",2018-12-20 09:35:00+00:00,2019-01-02 09:51:00+00:00,13.011111111111111,22.0,R1_0_50,test,SAFE_TO_EXECUTE,temporal,0.8521671376540416,0.9782082324455206,0.14783286234595838,0.021791767554479424,SAFE_TO_EXECUTE,0.15138595194073864
4508064812_00020,4508064812_00020,"3-way match, invoice before GR",2018-12-21 05:07:00+00:00,2018-12-21 16:37:00+00:00,0.4791666666666667,483.0,R1_0_50,test,SAFE_TO_EXECUTE,temporal,0.9382512763238542,0.9782082324455206,0.06174872367614581,0.021791767554479424,SAFE_TO_EXECUTE,0.15138595194073864
4508064812_00030,4508064812_00030,"3-way match, invoice before GR",2018-12-21 05:07:00+00:00,2018-12-21 16:37:00+00:00,0.4791666666666667,38.0,R1_0_50,test,SAFE_TO_EXECUTE,temporal,0.8883337633718227,0.9782082324455206,0.11166623662817732,0.021791767554479424,SAFE_TO_EXECUTE,0.15138595194073864
4508064812_00050,4508064812_00050,"3-way match, invoice before GR",2018-12-21 05:07:00+00:00,2018-12-21 16:37:00+00:00,0.4791666666666667,67.0,R1_0_50,test,SAFE_TO_EXECUTE,temporal,0.8883241546348444,0.9782082324455206,0.11167584536515562,0.021791767554479424,SAFE_TO_EXECUTE,0.15138595194073864
4508072224_00030,4508072224_00030,"3-way match, invoice before GR",2018-12-21 05:16:00+00:00,2019-01-02 09:32:00+00:00,12.177777777777777,258.0,R1_0_50,test,SAFE_TO_EXECUTE,temporal,0.9649315447140253,0.9782082324455206,0.03506845528597469,0.021791767554479424,SAFE_TO_EXECUTE,0.15138595194073864
4508075636_00010,4508075636_00010,"3-way match, invoice before GR",2018-12-21 11:19:00+00:00,2019-01-02 09:35:00+00:00,11.927777777777777,21.0,R1_0_50,test,SAFE_TO_EXECUTE,temporal,0.8401294267274517,0.9782082324455206,0.15987057327254828,0.021791767554479424,SAFE_TO_EXECUTE,0.15138595194073864
4508075144_00010,4508075144_00010,"3-way match, invoice before GR",2018-12-21 12:36:00+00:00,2018-12-21 16:33:00+00:00,0.16458333333333333,2272.0,R2_50_90,test,SAFE_TO_EXECUTE,temporal,0.806144050594628,0.9782082324455206,0.19385594940537199,0.021791767554479424,SAFE_TO_EXECUTE,0.15138595194073864
4508075490_00010,4508075490_00010,"3-way match, invoice before GR",2018-12-21 12:51:00+00:00,2018-12-24 15:34:00+00:00,3.1131944444444444,626.0,R2_50_90,test,SAFE_TO_EXECUTE,temporal,0.7927304515920561,0.9782082324455206,0.20726954840794387,0.021791767554479424,SAFE_TO_EXECUTE,0.15138595194073864
4508075490_00020,4508075490_00020,"3-way match, invoice before GR",2018-12-21 12:51:00+00:00,2018-12-24 15:34:00+00:00,3.1131944444444444,6.0,R1_0_50,test,SAFE_TO_EXECUTE,temporal,0.7930705020091877,0.9782082324455206,0.20692949799081228,0.021791767554479424,SAFE_TO_EXECUTE,0.15138595194073864
4508075094_00010,4508075094_00010,"3-way match, invoice before GR",2018-12-21 15:37:00+00:00,2018-12-24 12:16:00+00:00,2.8604166666666666,31.0,R1_0_50,test,SAFE_TO_EXECUTE,temporal,0.792025127637219,0.9782082324455206,0.207974872362781,0.021791767554479424,SAFE_TO_EXECUTE,0.15138595194073864
4508075494_00010,4508075494_00010,"3-way match, invoice before GR",2018-12-21 15:43:00+00:00,2018-12-21 16:33:00+00:00,0.034722222222222224,164.0,R1_0_50,test,SAFE_TO_EXECUTE,temporal,0.8000579161588613,0.9782082324455206,0.19994208384113865,0.021791767554479424,SAFE_TO_EXECUTE,0.15138595194073864
4508075494_00020,4508075494_00020,"3-way match, invoice before GR",2018-12-21 15:43:00+00:00,2018-12-21 16:33:00+00:00,0.034722222222222224,317.0,R1_0_50,test,SAFE_TO_EXECUTE,temporal,0.7999761567798217,0.9782082324455206,0.2000238432201783,0.021791767554479424,SAFE_TO_EXECUTE,0.15138595194073864
4508075494_00030,4508075494_00030,"3-way match, invoice before GR",2018-12-21 15:43:00+00:00,2018-12-21 16:33:00+00:00,0.034722222222222224,174.0,R1_0_50,test,SAFE_TO_EXECUTE,temporal,0.8000525731743348,0.9782082324455206,0.19994742682566524,0.021791767554479424,SAFE_TO_EXECUTE,0.15138595194073864
4508075494_00040,4508075494_00040,"3-way match, invoice before GR",2018-12-21 15:43:00+00:00,2018-12-21 16:33:00+00:00,0.034722222222222224,776.0,R2_50_90,test,SAFE_TO_EXECUTE,temporal,0.7997307282151871,0.9782082324455206,0.2002692717848129,0.021791767554479424,SAFE_TO_EXECUTE,0.15138595194073864
4508075501_00010,4508075501_00010,"3-way match, invoice before GR",2018-12-21 15:44:00+00:00,2018-12-21 16:34:00+00:00,0.034722222222222224,1234.0,R2_50_90,test,SAFE_TO_EXECUTE,temporal,0.96209956277685,0.9782082324455206,0.03790043722314995,0.021791767554479424,SAFE_TO_EXECUTE,0.15138595194073864
4508073782_00010,4508073782_00010,"3-way match, invoice before GR",2018-12-24 06:30:00+00:00,2019-01-02 09:50:00+00:00,9.13888888888889,123.0,R1_0_50,test,SAFE_TO_EXECUTE,temporal,0.8442323142883726,0.9782082324455206,0.15576768571162736,0.021791767554479424,SAFE_TO_EXECUTE,0.15138595194073864
4508073782_00020,4508073782_00020,"3-way match, invoice before GR",2018-12-24 06:30:00+00:00,2019-01-02 09:50:00+00:00,9.13888888888889,140.0,R1_0_50,test,SAFE_TO_EXECUTE,temporal,0.8442248472106455,0.9782082324455206,0.1557751527893545,0.021791767554479424,SAFE_TO_EXECUTE,0.15138595194073864
4508075522_00010,4508075522_00010,"3-way match, invoice before GR",2018-12-24 07:10:00+00:00,2018-12-24 09:00:00+00:00,0.0763888888888889,308.0,R1_0_50,test,SAFE_TO_EXECUTE,temporal,0.7984757105200841,0.9782082324455206,0.20152428947991585,0.021791767554479424,SAFE_TO_EXECUTE,0.15138595194073864
4508075093_00010,4508075093_00010,"3-way match, invoice before GR",2018-12-24 12:49:00+00:00,2019-01-04 16:29:00+00:00,11.152777777777779,639.0,R2_50_90,test,SAFE_TO_EXECUTE,temporal,0.761971345624506,0.9560439560439561,0.23802865437549403,0.04395604395604391,SAFE_TO_EXECUTE,0.2601453639477141
4508075093_00020,4508075093_00020,"3-way match, invoice before GR",2018-12-24 12:49:00+00:00,2019-01-04 16:29:00+00:00,11.152777777777779,222.0,R1_0_50,test,SAFE_TO_EXECUTE,temporal,0.7622238677027897,0.9560439560439561,0.23777613229721029,0.04395604395604391,SAFE_TO_EXECUTE,0.2601453639477141
4508075093_00030,4508075093_00030,"3-way match, invoice before GR",2018-12-24 12:49:00+00:00,2019-01-04 16:29:00+00:00,11.152777777777779,23.0,R1_0_50,test,SAFE_TO_EXECUTE,temporal,0.7623443108507952,0.9560439560439561,0.23765568914920476,0.04395604395604391,SAFE_TO_EXECUTE,0.2601453639477141
4508075093_00040,4508075093_00040,"3-way match, invoice before GR",2018-12-24 12:49:00+00:00,2019-01-04 16:29:00+00:00,11.152777777777779,59.0,R1_0_50,test,SAFE_TO_EXECUTE,temporal,0.7623225252519621,0.9560439560439561,0.2376774747480379,0.04395604395604391,SAFE_TO_EXECUTE,0.2601453639477141
4508075093_00050,4508075093_00050,"3-way match, invoice before GR",2018-12-24 12:49:00+00:00,2019-01-04 16:29:00+00:00,11.152777777777779,1103.0,R2_50_90,test,SAFE_TO_EXECUTE,temporal,0.7616901451448388,0.9560439560439561,0.2383098548551612,0.04395604395604391,SAFE_TO_EXECUTE,0.2601453639477141
4508075093_00060,4508075093_00060,"3-way match, invoice before GR",2018-12-24 12:49:00+00:00,2019-01-04 16:29:00+00:00,11.152777777777779,20.0,R1_0_50,test,SAFE_TO_EXECUTE,temporal,0.762346126255326,0.9560439560439561,0.23765387374467395,0.04395604395604391,SAFE_TO_EXECUTE,0.2601453639477141
4508075093_00070,4508075093_00070,"3-way match, invoice before GR",2018-12-24 12:49:00+00:00,2019-01-04 16:29:00+00:00,11.152777777777779,95.0,R1_0_50,test,SAFE_TO_EXECUTE,temporal,0.7623007382787542,0.9560439560439561,0.23769926172124578,0.04395604395604391,SAFE_TO_EXECUTE,0.2601453639477141
4508075093_00080,4508075093_00080,"3-way match, invoice before GR",2018-12-24 12:49:00+00:00,2019-01-04 16:29:00+00:00,11.152777777777779,372.0,R1_0_50,test,SAFE_TO_EXECUTE,temporal,0.7621330536546678,0.9560439560439561,0.23786694634533223,0.04395604395604391,SAFE_TO_EXECUTE,0.2601453639477141
4508075093_00100,4508075093_00100,"3-way match, invoice before GR",2018-12-24 12:49:00+00:00,2019-01-04 16:29:00+00:00,11.152777777777779,180.0,R1_0_50,test,SAFE_TO_EXECUTE,temporal,0.7622492913609039,0.9560439560439561,0.2377507086390961,0.04395604395604391,SAFE_TO_EXECUTE,0.2601453639477141
4508075093_00110,4508075093_00110,"3-way match, invoice before GR",2018-12-24 12:49:00+00:00,2019-01-04 16:29:00+00:00,11.152777777777779,123.0,R1_0_50,test,SAFE_TO_EXECUTE,temporal,0.7622837919049803,0.9560439560439561,0.2377162080950197,0.04395604395604391,SAFE_TO_EXECUTE,0.2601453639477141
4508075093_00120,4508075093_00120,"3-way match, invoice before GR",2018-12-24 12:49:00+00:00,2019-01-04 16:29:00+00:00,11.152777777777779,51.0,R1_0_50,test,SAFE_TO_EXECUTE,temporal,0.7623273666149213,0.9560439560439561,0.2376726333850787,0.04395604395604391,SAFE_TO_EXECUTE,0.2601453639477141
4508075626_00010,4508075626_00010,"3-way match, invoice before GR",2018-12-27 12:57:00+00:00,2019-01-02 09:41:00+00:00,5.863888888888889,1584.0,R2_50_90,test,SAFE_TO_EXECUTE,temporal,0.8922871692591756,0.9782082324455206,0.10771283074082438,0.021791767554479424,SAFE_TO_EXECUTE,0.15138595194073864
4508072933_00010,4508072933_00010,"3-way match, invoice before GR",2018-12-27 13:18:00+00:00,2019-01-03 20:53:00+00:00,7.315972222222222,1397.0,R2_50_90,test,NOT_SAFE_TO_EXECUTE,temporal,0.8233909614772996,0.9782082324455206,0.17660903852270038,0.021791767554479424,SAFE_TO_EXECUTE,0.15138595194073864
4508074248_00010,4508074248_00010,"3-way match, invoice before GR",2018-12-27 14:33:00+00:00,2019-01-02 09:49:00+00:00,5.802777777777778,134.0,R1_0_50,test,SAFE_TO_EXECUTE,temporal,0.8464443861094719,0.9782082324455206,0.15355561389052808,0.021791767554479424,SAFE_TO_EXECUTE,0.15138595194073864
2000052904_00001,2000052904_00001,"3-way match, invoice before GR",2018-12-27 16:29:00+00:00,2019-01-10 17:54:00+00:00,14.059027777777779,640.0,R2_50_90,test,SAFE_TO_EXECUTE,temporal,0.8634144677420243,0.9782082324455206,0.13658553225797565,0.021791767554479424,SAFE_TO_EXECUTE,0.15138595194073864
2000052904_00002,2000052904_00002,"3-way match, invoice before GR",2018-12-27 16:29:00+00:00,2019-01-10 17:54:00+00:00,14.059027777777779,562.0,R1_0_50,test,SAFE_TO_EXECUTE,temporal,0.863445188464713,0.9782082324455206,0.13655481153528704,0.021791767554479424,SAFE_TO_EXECUTE,0.15138595194073864
2000052904_00003,2000052904_00003,"3-way match, invoice before GR",2018-12-27 16:29:00+00:00,2019-01-10 17:54:00+00:00,14.059027777777779,831.0,R2_50_90,test,SAFE_TO_EXECUTE,temporal,0.8633392167905698,0.9782082324455206,0.1366607832094302,0.021791767554479424,SAFE_TO_EXECUTE,0.15138595194073864
4508075913_00010,4508075913_00010,"3-way match, invoice before GR",2018-12-31 05:51:00+00:00,2019-01-03 16:47:00+00:00,3.4555555555555557,291.0,R1_0_50,test,SAFE_TO_EXECUTE,temporal,0.8510414646887439,0.9782082324455206,0.14895853531125614,0.021791767554479424,SAFE_TO_EXECUTE,0.15138595194073864
4508075913_00020,4508075913_00020,"3-way match, invoice before GR",2018-12-31 05:51:00+00:00,2019-01-03 16:47:00+00:00,3.4555555555555557,36.0,R1_0_50,test,SAFE_TO_EXECUTE,temporal,0.8511494041788009,0.9782082324455206,0.14885059582119908,0.021791767554479424,SAFE_TO_EXECUTE,0.15138595194073864
4508075913_00030,4508075913_00030,"3-way match, invoice before GR",2018-12-31 05:51:00+00:00,2019-01-03 16:47:00+00:00,3.4555555555555557,442.0,R1_0_50,test,SAFE_TO_EXECUTE,temporal,0.8509775171443028,0.9782082324455206,0.1490224828556972,0.021791767554479424,SAFE_TO_EXECUTE,0.15138595194073864
4508075913_00040,4508075913_00040,"3-way match, invoice before GR",2018-12-31 05:51:00+00:00,2019-01-03 16:47:00+00:00,3.4555555555555557,1482.0,R2_50_90,test,SAFE_TO_EXECUTE,temporal,0.8505364684803092,0.9782082324455206,0.14946353151969083,0.021791767554479424,SAFE_TO_EXECUTE,0.15138595194073864
4508073778_00010,4508073778_00010,"3-way match, invoice before GR",2018-12-31 06:15:00+00:00,2018-12-31 12:28:00+00:00,0.2590277777777778,3652.0,R2_50_90,test,SAFE_TO_EXECUTE,temporal,0.7780666094514816,0.9782082324455206,0.22193339054851835,0.021791767554479424,SAFE_TO_EXECUTE,0.15138595194073864
4508073778_00020,4508073778_00020,"3-way match, invoice before GR",2018-12-31 06:15:00+00:00,2018-12-31 12:28:00+00:00,0.2590277777777778,523.0,R1_0_50,test,SAFE_TO_EXECUTE,temporal,0.7798660384065562,0.9782082324455206,0.22013396159344378,0.021791767554479424,SAFE_TO_EXECUTE,0.15138595194073864
4508073778_00030,4508073778_00030,"3-way match, invoice before GR",2018-12-31 06:15:00+00:00,2018-12-31 12:28:00+00:00,0.2590277777777778,373.0,R1_0_50,test,SAFE_TO_EXECUTE,temporal,0.7799520369984015,0.9782082324455206,0.22004796300159846,0.021791767554479424,SAFE_TO_EXECUTE,0.15138595194073864
4508051063_00010,4508051063_00010,"3-way match, invoice before GR",2019-01-02 14:19:00+00:00,2019-01-17 11:28:00+00:00,14.88125,1625.0,R2_50_90,test,SAFE_TO_EXECUTE,temporal,0.952884614897596,0.9782082324455206,0.047115385102403984,0.021791767554479424,SAFE_TO_EXECUTE,0.15138595194073864
4508051063_00020,4508051063_00020,"3-way match, invoice before GR",2019-01-02 14:19:00+00:00,2019-01-17 11:28:00+00:00,14.88125,625.0,R2_50_90,test,SAFE_TO_EXECUTE,temporal,0.6070630348965774,0.9041095890410958,0.3929369651034226,0.09589041095890416,SAFE_TO_EXECUTE,0.4558314584408235
4508051063_00030,4508051063_00030,"3-way match, invoice before GR",2019-01-02 14:19:00+00:00,2019-01-17 11:28:00+00:00,14.88125,884.0,R2_50_90,test,SAFE_TO_EXECUTE,temporal,0.5760812849719973,0.9041095890410958,0.4239187150280027,0.09589041095890416,SAFE_TO_EXECUTE,0.4558314584408235
4508051063_00040,4508051063_00040,"3-way match, invoice before GR",2019-01-02 14:19:00+00:00,2019-01-17 11:28:00+00:00,14.88125,384.0,R1_0_50,test,SAFE_TO_EXECUTE,temporal,0.5764890735021184,0.9041095890410958,0.4235109264978816,0.09589041095890416,SAFE_TO_EXECUTE,0.4558314584408235
4508071963_00010,4508071963_00010,"3-way match, invoice before GR",2019-01-10 09:50:00+00:00,2019-01-15 13:52:00+00:00,5.168055555555555,15441.0,R3_90_99,test,SAFE_TO_EXECUTE,temporal,0.6347425245386773,0.9041095890410958,0.3652574754613227,0.09589041095890416,SAFE_TO_EXECUTE,0.4558314584408235
4508071963_00020,4508071963_00020,"3-way match, invoice before GR",2019-01-10 09:50:00+00:00,2019-01-15 14:05:00+00:00,5.177083333333333,3215.0,R2_50_90,test,SAFE_TO_EXECUTE,temporal,0.7355340230702132,0.9560439560439561,0.2644659769297868,0.04395604395604391,SAFE_TO_EXECUTE,0.2601453639477141
4508074528_00010,4508074528_00010,"3-way match, invoice before GR",2019-01-10 09:57:00+00:00,2019-01-11 10:30:00+00:00,1.0229166666666667,1072.0,R2_50_90,test,SAFE_TO_EXECUTE,temporal,0.5911533587989451,0.9041095890410958,0.40884664120105485,0.09589041095890416,SAFE_TO_EXECUTE,0.4558314584408235
