case_id,source_case_id,item_category,t0_time,t1_time,elapsed_t0_to_t1_days,transaction_exposure_eur,transaction_risk_stratum,split_grouped_iid,y_t1_d1,evaluation_regime,p_safe_t1_raw,p_safe_t1_cal,p_not_safe_t1_raw,p_not_safe_t1_cal,predicted_t1_safety,predictive_entropy_t1
4507000389_00010,4507000389_00010,"3-way match, invoice before GR",2018-01-04 08:59:00+00:00,2018-01-10 10:07:00+00:00,6.0472222222222225,110.0,R1_0_50,test,SAFE_TO_EXECUTE,grouped_iid,0.9553762798264452,0.9602763385146805,0.04462372017355476,0.03972366148531947,SAFE_TO_EXECUTE,0.24102374969289544
4507000723_00010,4507000723_00010,"3-way match, invoice before GR",2018-01-05 15:40:00+00:00,2018-01-08 12:49:00+00:00,2.88125,3383.0,R2_50_90,test,SAFE_TO_EXECUTE,grouped_iid,0.96624044572392,0.97,0.03375955427608002,0.030000000000000027,SAFE_TO_EXECUTE,0.1943918578315763
4507000852_00020,4507000852_00020,"3-way match, invoice before GR",2018-01-05 16:58:00+00:00,2018-01-08 07:15:00+00:00,2.595138888888889,40.0,R1_0_50,test,SAFE_TO_EXECUTE,grouped_iid,0.9700727093603989,0.9806451612903225,0.02992729063960109,0.01935483870967747,SAFE_TO_EXECUTE,0.1378026662704413
4507000852_00040,4507000852_00040,"3-way match, invoice before GR",2018-01-05 16:58:00+00:00,2018-01-08 07:15:00+00:00,2.595138888888889,181.0,R1_0_50,test,SAFE_TO_EXECUTE,grouped_iid,0.9700634778601154,0.9806451612903225,0.029936522139884625,0.01935483870967747,SAFE_TO_EXECUTE,0.1378026662704413
4507000260_00050,4507000260_00050,"3-way match, invoice before GR",2018-01-08 10:03:00+00:00,2018-01-09 12:55:00+00:00,1.1194444444444445,85.0,R1_0_50,test,SAFE_TO_EXECUTE,grouped_iid,0.9834772183897074,1.0,0.016522781610292636,0.0,SAFE_TO_EXECUTE,5.123178885069411e-14
4507000846_00030,4507000846_00030,"3-way match, invoice before GR",2018-01-08 10:16:00+00:00,2018-01-09 06:25:00+00:00,0.8395833333333333,449.0,R1_0_50,test,SAFE_TO_EXECUTE,grouped_iid,0.9985165111060104,1.0,0.0014834888939896373,0.0,SAFE_TO_EXECUTE,5.123178885069411e-14
4507000846_00100,4507000846_00100,"3-way match, invoice before GR",2018-01-08 10:16:00+00:00,2018-01-09 06:25:00+00:00,0.8395833333333333,117.0,R1_0_50,test,SAFE_TO_EXECUTE,grouped_iid,0.9985176195969481,1.0,0.0014823804030519305,0.0,SAFE_TO_EXECUTE,5.123178885069411e-14
4507000482_00070,4507000482_00070,"3-way match, invoice before GR",2018-01-08 12:04:00+00:00,2018-01-09 16:35:00+00:00,1.1881944444444446,6417.0,R2_50_90,test,SAFE_TO_EXECUTE,grouped_iid,0.6143029086591382,0.7333333333333333,0.38569709134086183,0.2666666666666667,SAFE_TO_EXECUTE,0.8366407419411673
4507000482_00080,4507000482_00080,"3-way match, invoice before GR",2018-01-08 12:04:00+00:00,2018-01-09 16:35:00+00:00,1.1881944444444446,133.0,R1_0_50,test,SAFE_TO_EXECUTE,grouped_iid,0.9769079156883113,0.9949238578680203,0.023092084311688743,0.005076142131979711,SAFE_TO_EXECUTE,0.04599532480368192
4507000482_00090,4507000482_00090,"3-way match, invoice before GR",2018-01-08 12:04:00+00:00,2018-01-09 16:35:00+00:00,1.1881944444444446,397.0,R1_0_50,test,SAFE_TO_EXECUTE,grouped_iid,0.976894483073318,0.9949238578680203,0.023105516926681946,0.005076142131979711,SAFE_TO_EXECUTE,0.04599532480368192
4507001121_00010,4507001121_00010,"3-way match, invoice before GR",2018-01-08 12:10:00+00:00,2018-01-08 16:32:00+00:00,0.18194444444444444,22.0,R1_0_50,test,SAFE_TO_EXECUTE,grouped_iid,0.971155411404504,0.9949238578680203,0.02884458859549599,0.005076142131979711,SAFE_TO_EXECUTE,0.04599532480368192
4507001121_00030,4507001121_00030,"3-way match, invoice before GR",2018-01-08 12:10:00+00:00,2018-01-08 16:32:00+00:00,0.18194444444444444,936.0,R2_50_90,test,SAFE_TO_EXECUTE,grouped_iid,0.9710976234107791,0.9949238578680203,0.0289023765892209,0.005076142131979711,SAFE_TO_EXECUTE,0.04599532480368192
4507001121_00060,4507001121_00060,"3-way match, invoice before GR",2018-01-08 12:10:00+00:00,2018-01-08 16:32:00+00:00,0.18194444444444444,169.0,R1_0_50,test,SAFE_TO_EXECUTE,grouped_iid,0.9711461248454951,0.9949238578680203,0.028853875154504882,0.005076142131979711,SAFE_TO_EXECUTE,0.04599532480368192
4507001121_00080,4507001121_00080,"3-way match, invoice before GR",2018-01-08 12:10:00+00:00,2018-01-08 16:32:00+00:00,0.18194444444444444,166.0,R1_0_50,test,SAFE_TO_EXECUTE,grouped_iid,0.9711463143961021,0.9949238578680203,0.028853685603897894,0.005076142131979711,SAFE_TO_EXECUTE,0.04599532480368192
4507000484_00010,4507000484_00010,"3-way match, invoice before GR",2018-01-08 14:01:00+00:00,2018-01-08 16:36:00+00:00,0.1076388888888889,2515.0,R2_50_90,test,SAFE_TO_EXECUTE,grouped_iid,0.970496542549808,0.9949238578680203,0.029503457450192005,0.005076142131979711,SAFE_TO_EXECUTE,0.04599532480368192
4507000883_00020,4507000883_00020,"3-way match, invoice before GR",2018-01-08 15:00:00+00:00,2018-01-26 09:55:00+00:00,17.788194444444443,644.0,R2_50_90,test,SAFE_TO_EXECUTE,grouped_iid,0.9965673569974103,1.0,0.003432643002589719,0.0,SAFE_TO_EXECUTE,5.123178885069411e-14
4507001147_00010,4507001147_00010,"3-way match, invoice before GR",2018-01-08 15:02:00+00:00,2018-01-08 16:32:00+00:00,0.0625,36.0,R1_0_50,test,SAFE_TO_EXECUTE,grouped_iid,0.9621434893721605,0.9602763385146805,0.03785651062783946,0.03972366148531947,SAFE_TO_EXECUTE,0.24102374969289544
4507001147_00020,4507001147_00020,"3-way match, invoice before GR",2018-01-08 15:02:00+00:00,2018-01-08 16:32:00+00:00,0.0625,887.0,R2_50_90,test,SAFE_TO_EXECUTE,grouped_iid,0.9620735355041677,0.9602763385146805,0.03792646449583226,0.03972366148531947,SAFE_TO_EXECUTE,0.24102374969289544
4507001147_00030,4507001147_00030,"3-way match, invoice before GR",2018-01-08 15:02:00+00:00,2018-01-08 16:32:00+00:00,0.0625,84.0,R1_0_50,test,SAFE_TO_EXECUTE,grouped_iid,0.9621395469786973,0.9602763385146805,0.0378604530213027,0.03972366148531947,SAFE_TO_EXECUTE,0.24102374969289544
4507001125_00060,4507001125_00060,"3-way match, invoice before GR",2018-01-09 09:23:00+00:00,2018-01-10 10:09:00+00:00,1.0319444444444446,225.0,R1_0_50,test,SAFE_TO_EXECUTE,grouped_iid,0.9766163405957308,0.9949238578680203,0.02338365940426923,0.005076142131979711,SAFE_TO_EXECUTE,0.04599532480368192
4507001332_00010,4507001332_00010,"3-way match, invoice before GR",2018-01-09 09:38:00+00:00,2018-01-09 16:34:00+00:00,0.28888888888888886,72.0,R1_0_50,test,SAFE_TO_EXECUTE,grouped_iid,0.9711800296178718,0.9949238578680203,0.028819970382128246,0.005076142131979711,SAFE_TO_EXECUTE,0.04599532480368192
4507001332_00030,4507001332_00030,"3-way match, invoice before GR",2018-01-09 09:38:00+00:00,2018-01-09 16:34:00+00:00,0.28888888888888886,404.0,R1_0_50,test,SAFE_TO_EXECUTE,grouped_iid,0.9711590691423233,0.9949238578680203,0.028840930857676694,0.005076142131979711,SAFE_TO_EXECUTE,0.04599532480368192
4507000590_00020,4507000590_00020,"3-way match, invoice before GR",2018-01-09 10:04:00+00:00,2018-01-11 15:45:00+00:00,2.2368055555555557,245.0,R1_0_50,test,SAFE_TO_EXECUTE,grouped_iid,0.9793121856967536,0.9952680000920235,0.0206878143032464,0.0047319999079764585,SAFE_TO_EXECUTE,0.043357471885053414
4507000589_00040,4507000589_00040,"3-way match, invoice before GR",2018-01-09 10:26:00+00:00,2018-01-11 15:42:00+00:00,2.2194444444444446,166.0,R1_0_50,test,SAFE_TO_EXECUTE,grouped_iid,0.9564280719197236,0.9602763385146805,0.043571928080276434,0.03972366148531947,SAFE_TO_EXECUTE,0.24102374969289544
4507000589_00070,4507000589_00070,"3-way match, invoice before GR",2018-01-09 10:30:00+00:00,2018-01-11 15:42:00+00:00,2.216666666666667,174.0,R1_0_50,test,SAFE_TO_EXECUTE,grouped_iid,0.9564291264170617,0.9602763385146805,0.04357087358293832,0.03972366148531947,SAFE_TO_EXECUTE,0.24102374969289544
4507001137_00010,4507001137_00010,"3-way match, invoice before GR",2018-01-09 10:33:00+00:00,2018-01-09 16:31:00+00:00,0.24861111111111112,19.0,R1_0_50,test,SAFE_TO_EXECUTE,grouped_iid,0.9703997966281024,0.9949238578680203,0.029600203371897615,0.005076142131979711,SAFE_TO_EXECUTE,0.04599532480368192
4507001137_00050,4507001137_00050,"3-way match, invoice before GR",2018-01-09 10:33:00+00:00,2018-01-09 16:31:00+00:00,0.24861111111111112,439.0,R1_0_50,test,SAFE_TO_EXECUTE,grouped_iid,0.9703725818533797,0.9949238578680203,0.029627418146620288,0.005076142131979711,SAFE_TO_EXECUTE,0.04599532480368192
4507001137_00170,4507001137_00170,"3-way match, invoice before GR",2018-01-09 10:33:00+00:00,2018-01-09 16:31:00+00:00,0.24861111111111112,114.0,R1_0_50,test,SAFE_TO_EXECUTE,grouped_iid,0.9703936430270296,0.9949238578680203,0.029606356972970427,0.005076142131979711,SAFE_TO_EXECUTE,0.04599532480368192
4507000843_00060,4507000843_00060,"3-way match, invoice before GR",2018-01-09 11:02:00+00:00,2018-01-09 16:37:00+00:00,0.2326388888888889,88.0,R1_0_50,test,SAFE_TO_EXECUTE,grouped_iid,0.9708311844509285,0.9949238578680203,0.02916881554907147,0.005076142131979711,SAFE_TO_EXECUTE,0.04599532480368192
4507000589_00020,4507000589_00020,"3-way match, invoice before GR",2018-01-09 11:46:00+00:00,2018-01-11 15:42:00+00:00,2.1638888888888888,121.0,R1_0_50,test,SAFE_TO_EXECUTE,grouped_iid,0.9564684075284965,0.9602763385146805,0.04353159247150351,0.03972366148531947,SAFE_TO_EXECUTE,0.24102374969289544
4507001340_00040,4507001340_00040,"3-way match, invoice before GR",2018-01-09 12:48:00+00:00,2018-01-10 06:51:00+00:00,0.7520833333333333,29.0,R1_0_50,test,SAFE_TO_EXECUTE,grouped_iid,0.970964612678733,0.9949238578680203,0.02903538732126698,0.005076142131979711,SAFE_TO_EXECUTE,0.04599532480368192
4507001352_00020,4507001352_00020,"3-way match, invoice before GR",2018-01-10 13:23:00+00:00,2018-01-11 06:19:00+00:00,0.7055555555555556,16.0,R1_0_50,test,SAFE_TO_EXECUTE,grouped_iid,0.970720478751096,0.9949238578680203,0.029279521248903984,0.005076142131979711,SAFE_TO_EXECUTE,0.04599532480368192
4507001352_00050,4507001352_00050,"3-way match, invoice before GR",2018-01-10 13:23:00+00:00,2018-01-11 06:19:00+00:00,0.7055555555555556,96.0,R1_0_50,test,SAFE_TO_EXECUTE,grouped_iid,0.9707153512990598,0.9949238578680203,0.029284648700940163,0.005076142131979711,SAFE_TO_EXECUTE,0.04599532480368192
4507001352_00070,4507001352_00070,"3-way match, invoice before GR",2018-01-10 13:23:00+00:00,2018-01-11 06:19:00+00:00,0.7055555555555556,45.0,R1_0_50,test,SAFE_TO_EXECUTE,grouped_iid,0.9543022050319288,0.9602763385146805,0.04569779496807125,0.03972366148531947,SAFE_TO_EXECUTE,0.24102374969289544
4507001116_00100,4507001116_00100,"3-way match, invoice before GR",2018-01-10 15:32:00+00:00,2018-01-11 07:03:00+00:00,0.6465277777777778,20.0,R1_0_50,test,SAFE_TO_EXECUTE,grouped_iid,0.8387192837479519,0.8404255319148937,0.1612807162520481,0.15957446808510634,SAFE_TO_EXECUTE,0.6332905746550958
4507001007_00010,4507001007_00010,"3-way match, invoice before GR",2018-01-11 08:04:00+00:00,2018-01-15 14:10:00+00:00,4.254166666666666,4551.0,R2_50_90,test,SAFE_TO_EXECUTE,grouped_iid,0.9657913113110176,0.97,0.034208688688982414,0.030000000000000027,SAFE_TO_EXECUTE,0.1943918578315763
4507001900_00120,4507001900_00120,"3-way match, invoice before GR",2018-01-11 09:11:00+00:00,2018-01-12 09:50:00+00:00,1.0270833333333333,239.0,R1_0_50,test,SAFE_TO_EXECUTE,grouped_iid,0.970820637644568,0.9949238578680203,0.029179362355431948,0.005076142131979711,SAFE_TO_EXECUTE,0.04599532480368192
4507001900_00160,4507001900_00160,"3-way match, invoice before GR",2018-01-11 09:11:00+00:00,2018-01-12 09:50:00+00:00,1.0270833333333333,158.0,R1_0_50,test,SAFE_TO_EXECUTE,grouped_iid,0.9708258110801994,0.9949238578680203,0.029174188919800614,0.005076142131979711,SAFE_TO_EXECUTE,0.04599532480368192
4507000720_00020,4507000720_00020,"3-way match, invoice before GR",2018-01-11 09:41:00+00:00,2018-01-11 14:07:00+00:00,0.18472222222222223,204.0,R1_0_50,test,NOT_SAFE_TO_EXECUTE,grouped_iid,0.7656310129114113,0.7333333333333333,0.23436898708858867,0.2666666666666667,SAFE_TO_EXECUTE,0.8366407419411673
4507001354_00030,4507001354_00030,"3-way match, invoice before GR",2018-01-11 12:33:00+00:00,2018-01-15 10:12:00+00:00,3.902083333333333,679.0,R2_50_90,test,SAFE_TO_EXECUTE,grouped_iid,0.9654704505362369,0.97,0.034529549463763076,0.030000000000000027,SAFE_TO_EXECUTE,0.1943918578315763
4507001354_00050,4507001354_00050,"3-way match, invoice before GR",2018-01-11 12:33:00+00:00,2018-01-15 09:46:00+00:00,3.884027777777778,209.0,R1_0_50,test,SAFE_TO_EXECUTE,grouped_iid,0.9655159370320305,0.97,0.034484062967969464,0.030000000000000027,SAFE_TO_EXECUTE,0.1943918578315763
4507001907_00030,4507001907_00030,"3-way match, invoice before GR",2018-01-11 13:07:00+00:00,2018-01-12 09:50:00+00:00,0.8631944444444445,3.0,R1_0_50,test,SAFE_TO_EXECUTE,grouped_iid,0.9709151673570372,0.9949238578680203,0.0290848326429628,0.005076142131979711,SAFE_TO_EXECUTE,0.04599532480368192
4507001942_00090,4507001942_00090,"3-way match, invoice before GR",2018-01-11 13:34:00+00:00,2018-01-12 09:50:00+00:00,0.8444444444444444,939.0,R2_50_90,test,SAFE_TO_EXECUTE,grouped_iid,0.9735151910164117,0.9949238578680203,0.026484808983588293,0.005076142131979711,SAFE_TO_EXECUTE,0.04599532480368192
4507001577_00040,4507001577_00040,"3-way match, invoice before GR",2018-01-11 14:07:00+00:00,2018-01-12 09:59:00+00:00,0.8277777777777777,208.0,R1_0_50,test,SAFE_TO_EXECUTE,grouped_iid,0.9708826954450256,0.9949238578680203,0.02911730455497441,0.005076142131979711,SAFE_TO_EXECUTE,0.04599532480368192
4507001611_00030,4507001611_00030,"3-way match, invoice before GR",2018-01-11 14:44:00+00:00,2018-01-12 06:50:00+00:00,0.6708333333333333,143.0,R1_0_50,test,SAFE_TO_EXECUTE,grouped_iid,0.8562273777857348,0.8404255319148937,0.14377262221426523,0.15957446808510634,SAFE_TO_EXECUTE,0.6332905746550958
4507001948_00020,4507001948_00020,"3-way match, invoice before GR",2018-01-11 15:36:00+00:00,2018-01-12 16:33:00+00:00,1.0395833333333333,879.0,R2_50_90,test,SAFE_TO_EXECUTE,grouped_iid,0.9676335131368065,0.9806451612903225,0.032366486863193544,0.01935483870967747,SAFE_TO_EXECUTE,0.1378026662704413
4507002237_00050,4507002237_00050,"3-way match, invoice before GR",2018-01-12 08:14:00+00:00,2018-01-12 16:32:00+00:00,0.3458333333333333,505.0,R1_0_50,test,SAFE_TO_EXECUTE,grouped_iid,0.9711410821545957,0.9949238578680203,0.028858917845404286,0.005076142131979711,SAFE_TO_EXECUTE,0.04599532480368192
4507002237_00070,4507002237_00070,"3-way match, invoice before GR",2018-01-12 08:14:00+00:00,2018-01-12 16:32:00+00:00,0.3458333333333333,1598.0,R2_50_90,test,SAFE_TO_EXECUTE,grouped_iid,0.9710719303588013,0.9949238578680203,0.02892806964119865,0.005076142131979711,SAFE_TO_EXECUTE,0.04599532480368192
4507002239_00010,4507002239_00010,"3-way match, invoice before GR",2018-01-12 09:17:00+00:00,2018-01-16 16:37:00+00:00,4.305555555555555,387.0,R1_0_50,test,SAFE_TO_EXECUTE,grouped_iid,0.9692089814492436,0.9806451612903225,0.03079101855075639,0.01935483870967747,SAFE_TO_EXECUTE,0.1378026662704413
4507002228_00070,4507002228_00070,"3-way match, invoice before GR",2018-01-12 12:26:00+00:00,2018-01-15 06:22:00+00:00,2.7472222222222222,249.0,R1_0_50,test,SAFE_TO_EXECUTE,grouped_iid,0.9699858189909185,0.9806451612903225,0.030014181009081486,0.01935483870967747,SAFE_TO_EXECUTE,0.1378026662704413
4507002236_00020,4507002236_00020,"3-way match, invoice before GR",2018-01-12 13:30:00+00:00,2018-01-12 16:33:00+00:00,0.12708333333333333,6411.0,R2_50_90,test,NOT_SAFE_TO_EXECUTE,grouped_iid,0.9851292233669274,1.0,0.014870776633072569,0.0,SAFE_TO_EXECUTE,5.123178885069411e-14
4507002236_00030,4507002236_00030,"3-way match, invoice before GR",2018-01-12 13:30:00+00:00,2018-01-12 16:33:00+00:00,0.12708333333333333,610.0,R2_50_90,test,SAFE_TO_EXECUTE,grouped_iid,0.9853196347755565,1.0,0.014680365224443492,0.0,SAFE_TO_EXECUTE,5.123178885069411e-14
4507002236_00040,4507002236_00040,"3-way match, invoice before GR",2018-01-12 13:30:00+00:00,2018-01-12 16:33:00+00:00,0.12708333333333333,394.0,R1_0_50,test,SAFE_TO_EXECUTE,grouped_iid,0.9853266781645742,1.0,0.014673321835425801,0.0,SAFE_TO_EXECUTE,5.123178885069411e-14
4507002236_00050,4507002236_00050,"3-way match, invoice before GR",2018-01-12 13:30:00+00:00,2018-01-12 16:33:00+00:00,0.12708333333333333,3098.0,R2_50_90,test,SAFE_TO_EXECUTE,grouped_iid,0.985238264860383,1.0,0.014761735139616983,0.0,SAFE_TO_EXECUTE,5.123178885069411e-14
4507001063_00020,4507001063_00020,"3-way match, invoice before GR",2018-01-15 09:09:00+00:00,2018-01-17 14:41:00+00:00,2.2305555555555556,22915.0,R3_90_99,test,SAFE_TO_EXECUTE,grouped_iid,0.930969733796104,0.9183673469387755,0.06903026620389596,0.08163265306122447,SAFE_TO_EXECUTE,0.4079059801389762
4507002261_00050,4507002261_00050,"3-way match, invoice before GR",2018-01-15 09:25:00+00:00,2018-01-15 16:39:00+00:00,0.3013888888888889,374.0,R1_0_50,test,SAFE_TO_EXECUTE,grouped_iid,0.9710666666996902,0.9949238578680203,0.028933333300309783,0.005076142131979711,SAFE_TO_EXECUTE,0.04599532480368192
4507001590_00080,4507001590_00080,"3-way match, invoice before GR",2018-01-15 09:28:00+00:00,2018-01-15 16:41:00+00:00,0.30069444444444443,419.0,R1_0_50,test,SAFE_TO_EXECUTE,grouped_iid,0.9702764247712318,0.9806451612903225,0.02972357522876823,0.01935483870967747,SAFE_TO_EXECUTE,0.1378026662704413
4507001590_00110,4507001590_00110,"3-way match, invoice before GR",2018-01-15 09:28:00+00:00,2018-01-15 16:41:00+00:00,0.30069444444444443,20.0,R1_0_50,test,SAFE_TO_EXECUTE,grouped_iid,0.9703023607272009,0.9806451612903225,0.029697639272799115,0.01935483870967747,SAFE_TO_EXECUTE,0.1378026662704413
4507001590_00160,4507001590_00160,"3-way match, invoice before GR",2018-01-15 09:28:00+00:00,2018-01-15 16:41:00+00:00,0.30069444444444443,171.0,R1_0_50,test,SAFE_TO_EXECUTE,grouped_iid,0.9702925479466429,0.9806451612903225,0.02970745205335712,0.01935483870967747,SAFE_TO_EXECUTE,0.1378026662704413
4507001590_00170,4507001590_00170,"3-way match, invoice before GR",2018-01-15 09:28:00+00:00,2018-01-15 16:41:00+00:00,0.30069444444444443,112.0,R1_0_50,test,SAFE_TO_EXECUTE,grouped_iid,0.9702963824535104,0.9806451612903225,0.029703617546489647,0.01935483870967747,SAFE_TO_EXECUTE,0.1378026662704413
4507000385_00010,4507000385_00010,"3-way match, invoice before GR",2018-01-15 13:08:00+00:00,2018-01-16 06:47:00+00:00,0.7354166666666667,40800.0,R3_90_99,test,SAFE_TO_EXECUTE,grouped_iid,0.5445824704714686,0.5,0.45541752952853143,0.5,SAFE_TO_EXECUTE,1.0
4507000799_00010,4507000799_00010,"3-way match, invoice before GR",2018-01-15 15:41:00+00:00,2018-01-19 13:30:00+00:00,3.9090277777777778,2851.0,R2_50_90,test,SAFE_TO_EXECUTE,grouped_iid,0.9561129603478332,0.9602763385146805,0.04388703965216678,0.03972366148531947,SAFE_TO_EXECUTE,0.24102374969289544
4507000799_00030,4507000799_00030,"3-way match, invoice before GR",2018-01-15 15:41:00+00:00,2018-01-19 13:30:00+00:00,3.9090277777777778,1714.0,R2_50_90,test,SAFE_TO_EXECUTE,grouped_iid,0.9562204124081537,0.9602763385146805,0.0437795875918463,0.03972366148531947,SAFE_TO_EXECUTE,0.24102374969289544
4507001840_00020,4507001840_00020,"3-way match, invoice before GR",2018-01-15 15:46:00+00:00,2018-01-16 15:21:00+00:00,0.9826388888888888,266.0,R1_0_50,test,SAFE_TO_EXECUTE,grouped_iid,0.9702715581868087,0.9806451612903225,0.029728441813191342,0.01935483870967747,SAFE_TO_EXECUTE,0.1378026662704413
4507002755_00050,4507002755_00050,"3-way match, invoice before GR",2018-01-16 08:13:00+00:00,2018-01-16 16:32:00+00:00,0.34652777777777777,105.0,R1_0_50,test,SAFE_TO_EXECUTE,grouped_iid,0.9711529994556568,0.9949238578680203,0.028847000544343193,0.005076142131979711,SAFE_TO_EXECUTE,0.04599532480368192
4507002766_00010,4507002766_00010,"3-way match, invoice before GR",2018-01-16 08:28:00+00:00,2018-01-16 16:33:00+00:00,0.3368055555555556,120.0,R1_0_50,test,SAFE_TO_EXECUTE,grouped_iid,0.9711603763892768,0.9949238578680203,0.02883962361072323,0.005076142131979711,SAFE_TO_EXECUTE,0.04599532480368192
4507002766_00030,4507002766_00030,"3-way match, invoice before GR",2018-01-16 08:28:00+00:00,2018-01-16 16:33:00+00:00,0.3368055555555556,35.0,R1_0_50,test,SAFE_TO_EXECUTE,grouped_iid,0.9711657439483141,0.9949238578680203,0.02883425605168588,0.005076142131979711,SAFE_TO_EXECUTE,0.04599532480368192
4507001199_00010,4507001199_00010,"3-way match, invoice before GR",2018-01-16 09:27:00+00:00,2018-01-18 08:16:00+00:00,1.9506944444444445,5067.0,R2_50_90,test,SAFE_TO_EXECUTE,grouped_iid,0.9791509001977182,0.9949238578680203,0.02084909980228178,0.005076142131979711,SAFE_TO_EXECUTE,0.04599532480368192
4507001614_00020,4507001614_00020,"3-way match, invoice before GR",2018-01-16 09:29:00+00:00,2018-01-19 11:13:00+00:00,3.0722222222222224,125.0,R1_0_50,test,SAFE_TO_EXECUTE,grouped_iid,0.9554026777506551,0.9602763385146805,0.04459732224934487,0.03972366148531947,SAFE_TO_EXECUTE,0.24102374969289544
4507001614_00050,4507001614_00050,"3-way match, invoice before GR",2018-01-16 09:29:00+00:00,2018-01-19 11:13:00+00:00,3.0722222222222224,125.0,R1_0_50,test,SAFE_TO_EXECUTE,grouped_iid,0.9554026777506551,0.9602763385146805,0.04459732224934487,0.03972366148531947,SAFE_TO_EXECUTE,0.24102374969289544
4507002770_00030,4507002770_00030,"3-way match, invoice before GR",2018-01-16 09:34:00+00:00,2018-01-16 16:33:00+00:00,0.29097222222222224,95.0,R1_0_50,test,SAFE_TO_EXECUTE,grouped_iid,0.9711847708303025,0.9949238578680203,0.028815229169697476,0.005076142131979711,SAFE_TO_EXECUTE,0.04599532480368192
4507001614_00080,4507001614_00080,"3-way match, invoice before GR",2018-01-16 09:48:00+00:00,2018-01-19 11:13:00+00:00,3.0590277777777777,209.0,R1_0_50,test,SAFE_TO_EXECUTE,grouped_iid,0.9554033795813877,0.9602763385146805,0.04459662041861234,0.03972366148531947,SAFE_TO_EXECUTE,0.24102374969289544
4507001614_00120,4507001614_00120,"3-way match, invoice before GR",2018-01-16 09:48:00+00:00,2018-01-19 11:13:00+00:00,3.0590277777777777,209.0,R1_0_50,test,SAFE_TO_EXECUTE,grouped_iid,0.9554033795813877,0.9602763385146805,0.04459662041861234,0.03972366148531947,SAFE_TO_EXECUTE,0.24102374969289544
4507002756_00020,4507002756_00020,"3-way match, invoice before GR",2018-01-16 09:59:00+00:00,2018-01-16 16:32:00+00:00,0.27291666666666664,110.0,R1_0_50,test,SAFE_TO_EXECUTE,grouped_iid,0.9585847991182149,0.9602763385146805,0.041415200881785075,0.03972366148531947,SAFE_TO_EXECUTE,0.24102374969289544
4507002756_00050,4507002756_00050,"3-way match, invoice before GR",2018-01-16 09:59:00+00:00,2018-01-16 16:32:00+00:00,0.27291666666666664,272.0,R1_0_50,test,SAFE_TO_EXECUTE,grouped_iid,0.9711746198242351,0.9949238578680203,0.02882538017576486,0.005076142131979711,SAFE_TO_EXECUTE,0.04599532480368192
4507001625_00010,4507001625_00010,"3-way match, invoice before GR",2018-01-16 10:02:00+00:00,2018-01-17 07:20:00+00:00,0.8875,9872.0,R3_90_99,test,SAFE_TO_EXECUTE,grouped_iid,0.967485929263236,0.97,0.032514070736764045,0.030000000000000027,SAFE_TO_EXECUTE,0.1943918578315763
4507001614_00170,4507001614_00170,"3-way match, invoice before GR",2018-01-16 10:04:00+00:00,2018-01-19 11:13:00+00:00,3.0479166666666666,209.0,R1_0_50,test,SAFE_TO_EXECUTE,grouped_iid,0.9554107659715271,0.9602763385146805,0.044589234028472924,0.03972366148531947,SAFE_TO_EXECUTE,0.24102374969289544
4507001614_00010,4507001614_00010,"3-way match, invoice before GR",2018-01-16 10:06:00+00:00,2018-01-19 11:13:00+00:00,3.046527777777778,228.0,R1_0_50,test,SAFE_TO_EXECUTE,grouped_iid,0.9554098640733303,0.9602763385146805,0.044590135926669716,0.03972366148531947,SAFE_TO_EXECUTE,0.24102374969289544
4507002762_00020,4507002762_00020,"3-way match, invoice before GR",2018-01-16 13:02:00+00:00,2018-01-16 16:33:00+00:00,0.14652777777777778,282.0,R1_0_50,test,SAFE_TO_EXECUTE,grouped_iid,0.9712317238974828,0.9949238578680203,0.0287682761025172,0.005076142131979711,SAFE_TO_EXECUTE,0.04599532480368192
4507002382_00010,4507002382_00010,"3-way match, invoice before GR",2018-01-16 14:56:00+00:00,2018-01-17 06:41:00+00:00,0.65625,400.0,R1_0_50,test,SAFE_TO_EXECUTE,grouped_iid,0.9699446146455084,0.9806451612903225,0.030055385354491593,0.01935483870967747,SAFE_TO_EXECUTE,0.1378026662704413
4507000958_00010,4507000958_00010,"3-way match, invoice before GR",2018-01-16 14:58:00+00:00,2018-01-19 08:40:00+00:00,2.7375,7456.0,R3_90_99,test,SAFE_TO_EXECUTE,grouped_iid,0.9593711072124933,0.9602763385146805,0.0406288927875067,0.03972366148531947,SAFE_TO_EXECUTE,0.24102374969289544
4507000869_00030,4507000869_00030,"3-way match, invoice before GR",2018-01-16 15:22:00+00:00,2018-01-17 12:26:00+00:00,0.8777777777777778,138.0,R1_0_50,test,SAFE_TO_EXECUTE,grouped_iid,0.9549177397085428,0.9602763385146805,0.04508226029145723,0.03972366148531947,SAFE_TO_EXECUTE,0.24102374969289544
4507001355_00010,4507001355_00010,"3-way match, invoice before GR",2018-01-16 16:21:00+00:00,2018-01-18 09:46:00+00:00,1.7256944444444444,4005.0,R2_50_90,test,SAFE_TO_EXECUTE,grouped_iid,0.9646910954555242,0.97,0.03530890454447577,0.030000000000000027,SAFE_TO_EXECUTE,0.1943918578315763
4507000637_00010,4507000637_00010,"3-way match, invoice before GR",2018-01-16 16:22:00+00:00,2018-01-22 12:08:00+00:00,5.823611111111111,4622.0,R2_50_90,test,SAFE_TO_EXECUTE,grouped_iid,0.6557174284575857,0.7333333333333333,0.34428257154241426,0.2666666666666667,SAFE_TO_EXECUTE,0.8366407419411673
4507000804_00120,4507000804_00120,"3-way match, invoice before GR",2018-01-16 16:47:00+00:00,2018-01-17 06:19:00+00:00,0.5638888888888889,1679.0,R2_50_90,test,SAFE_TO_EXECUTE,grouped_iid,0.9319396360800064,0.9183673469387755,0.0680603639199936,0.08163265306122447,SAFE_TO_EXECUTE,0.4079059801389762
4507000463_00210,4507000463_00210,"3-way match, invoice before GR",2018-01-16 17:00:00+00:00,2018-01-17 06:21:00+00:00,0.55625,108.0,R1_0_50,test,SAFE_TO_EXECUTE,grouped_iid,0.9496602377279505,0.9555555555555556,0.050339762272049504,0.0444444444444444,SAFE_TO_EXECUTE,0.2623112196143365
4507002215_00120,4507002215_00120,"3-way match, invoice before GR",2018-01-16 17:05:00+00:00,2018-01-17 06:58:00+00:00,0.5784722222222223,42.0,R1_0_50,test,SAFE_TO_EXECUTE,grouped_iid,0.8388576871349612,0.8404255319148937,0.16114231286503877,0.15957446808510634,SAFE_TO_EXECUTE,0.6332905746550958
4507002215_00020,4507002215_00020,"3-way match, invoice before GR",2018-01-16 17:07:00+00:00,2018-01-17 06:58:00+00:00,0.5770833333333333,399.0,R1_0_50,test,SAFE_TO_EXECUTE,grouped_iid,0.8387517750013043,0.8404255319148937,0.16124822499869573,0.15957446808510634,SAFE_TO_EXECUTE,0.6332905746550958
4507002861_00050,4507002861_00050,"3-way match, invoice before GR",2018-01-17 08:35:00+00:00,2018-01-22 11:38:00+00:00,5.127083333333333,250.0,R1_0_50,test,SAFE_TO_EXECUTE,grouped_iid,0.9827198690283423,1.0,0.017280130971657703,0.0,SAFE_TO_EXECUTE,5.123178885069411e-14
4507002436_00010,4507002436_00010,"3-way match, invoice before GR",2018-01-17 09:12:00+00:00,2018-01-17 09:33:00+00:00,0.014583333333333334,9101.0,R3_90_99,test,SAFE_TO_EXECUTE,grouped_iid,0.9130096583771712,0.9183673469387755,0.08699034162282882,0.08163265306122447,SAFE_TO_EXECUTE,0.4079059801389762
4507002521_00010,4507002521_00010,"3-way match, invoice before GR",2018-01-17 12:06:00+00:00,2018-01-22 09:10:00+00:00,4.877777777777778,2514.0,R2_50_90,test,SAFE_TO_EXECUTE,grouped_iid,0.9675887662738106,0.9806451612903225,0.03241123372618937,0.01935483870967747,SAFE_TO_EXECUTE,0.1378026662704413
4507002521_00030,4507002521_00030,"3-way match, invoice before GR",2018-01-17 12:06:00+00:00,2018-01-22 09:10:00+00:00,4.877777777777778,939.0,R2_50_90,test,SAFE_TO_EXECUTE,grouped_iid,0.9676999554408935,0.9806451612903225,0.03230004455910651,0.01935483870967747,SAFE_TO_EXECUTE,0.1378026662704413
4507002233_00060,4507002233_00060,"3-way match, invoice before GR",2018-01-17 12:21:00+00:00,2018-01-17 16:29:00+00:00,0.17222222222222222,163.0,R1_0_50,test,SAFE_TO_EXECUTE,grouped_iid,0.9701081818104635,0.9806451612903225,0.029891818189536457,0.01935483870967747,SAFE_TO_EXECUTE,0.1378026662704413
4507002233_00070,4507002233_00070,"3-way match, invoice before GR",2018-01-17 12:21:00+00:00,2018-01-17 16:29:00+00:00,0.17222222222222222,218.0,R1_0_50,test,SAFE_TO_EXECUTE,grouped_iid,0.9701045853351117,0.9806451612903225,0.02989541466488832,0.01935483870967747,SAFE_TO_EXECUTE,0.1378026662704413
4507003669_00030,4507003669_00030,"3-way match, invoice before GR",2018-01-19 08:57:00+00:00,2018-01-22 06:48:00+00:00,2.910416666666667,335.0,R1_0_50,test,SAFE_TO_EXECUTE,grouped_iid,0.9699062131430617,0.9806451612903225,0.03009378685693831,0.01935483870967747,SAFE_TO_EXECUTE,0.1378026662704413
4507003669_00040,4507003669_00040,"3-way match, invoice before GR",2018-01-19 08:57:00+00:00,2018-01-22 06:48:00+00:00,2.910416666666667,27.0,R1_0_50,test,SAFE_TO_EXECUTE,grouped_iid,0.9699264774685796,0.9806451612903225,0.03007352253142037,0.01935483870967747,SAFE_TO_EXECUTE,0.1378026662704413
4507000941_00010,4507000941_00010,"3-way match, invoice before GR",2018-01-19 09:43:00+00:00,2018-01-22 14:19:00+00:00,3.191666666666667,1155.0,R2_50_90,test,SAFE_TO_EXECUTE,grouped_iid,0.9525945675405355,0.9602763385146805,0.04740543245946449,0.03972366148531947,SAFE_TO_EXECUTE,0.24102374969289544
4507002675_00020,4507002675_00020,"3-way match, invoice before GR",2018-01-19 10:01:00+00:00,2018-01-22 21:02:00+00:00,3.4590277777777776,111.0,R1_0_50,test,SAFE_TO_EXECUTE,grouped_iid,0.9551957338056022,0.9602763385146805,0.04480426619439781,0.03972366148531947,SAFE_TO_EXECUTE,0.24102374969289544
4507003321_00020,4507003321_00020,"3-way match, invoice before GR",2018-01-19 14:38:00+00:00,2018-01-22 10:02:00+00:00,2.808333333333333,950.0,R2_50_90,test,SAFE_TO_EXECUTE,grouped_iid,0.9694401670075482,0.9806451612903225,0.030559832992451796,0.01935483870967747,SAFE_TO_EXECUTE,0.1378026662704413
4507003321_00030,4507003321_00030,"3-way match, invoice before GR",2018-01-19 14:38:00+00:00,2018-01-22 10:01:00+00:00,2.807638888888889,375.0,R1_0_50,test,SAFE_TO_EXECUTE,grouped_iid,0.969478902415362,0.9806451612903225,0.030521097584637946,0.01935483870967747,SAFE_TO_EXECUTE,0.1378026662704413
4507003676_00050,4507003676_00050,"3-way match, invoice before GR",2018-01-22 09:00:00+00:00,2018-01-22 16:21:00+00:00,0.30625,269.0,R1_0_50,test,SAFE_TO_EXECUTE,grouped_iid,0.9708284172145528,0.9949238578680203,0.02917158278544718,0.005076142131979711,SAFE_TO_EXECUTE,0.04599532480368192
4507003367_00020,4507003367_00020,"3-way match, invoice before GR",2018-01-22 09:33:00+00:00,2018-01-23 16:36:00+00:00,1.29375,211.0,R1_0_50,test,SAFE_TO_EXECUTE,grouped_iid,0.8258596090492462,0.7678571428571429,0.17414039095075384,0.2321428571428571,SAFE_TO_EXECUTE,0.7817281222714539
4507001889_00030,4507001889_00030,"3-way match, invoice before GR",2018-01-22 10:12:00+00:00,2018-01-22 16:19:00+00:00,0.2548611111111111,318.0,R1_0_50,test,SAFE_TO_EXECUTE,grouped_iid,0.974302793259132,0.9949238578680203,0.02569720674086795,0.005076142131979711,SAFE_TO_EXECUTE,0.04599532480368192
4507003382_00010,4507003382_00010,"3-way match, invoice before GR",2018-01-22 10:40:00+00:00,2018-01-23 16:37:00+00:00,1.2479166666666666,2272.0,R2_50_90,test,SAFE_TO_EXECUTE,grouped_iid,0.9714724991517184,0.9949238578680203,0.028527500848281595,0.005076142131979711,SAFE_TO_EXECUTE,0.04599532480368192
4507000820_00030,4507000820_00030,"3-way match, invoice before GR",2018-01-22 12:06:00+00:00,2018-01-22 14:40:00+00:00,0.10694444444444444,1899.0,R2_50_90,test,SAFE_TO_EXECUTE,grouped_iid,0.9727853575157733,0.9949238578680203,0.02721464248422667,0.005076142131979711,SAFE_TO_EXECUTE,0.04599532480368192
4507003367_00050,4507003367_00050,"3-way match, invoice before GR",2018-01-22 12:25:00+00:00,2018-01-23 16:36:00+00:00,1.1743055555555555,352.0,R1_0_50,test,SAFE_TO_EXECUTE,grouped_iid,0.9767011059246126,0.9949238578680203,0.023298894075387433,0.005076142131979711,SAFE_TO_EXECUTE,0.04599532480368192
4507000480_00050,4507000480_00050,"3-way match, invoice before GR",2018-01-22 13:07:00+00:00,2018-01-22 14:41:00+00:00,0.06527777777777778,3194.0,R2_50_90,test,SAFE_TO_EXECUTE,grouped_iid,0.9726859457449825,0.9949238578680203,0.02731405425501754,0.005076142131979711,SAFE_TO_EXECUTE,0.04599532480368192
4507001330_00020,4507001330_00020,"3-way match, invoice before GR",2018-01-22 13:21:00+00:00,2018-01-22 14:39:00+00:00,0.05416666666666667,399.0,R1_0_50,test,SAFE_TO_EXECUTE,grouped_iid,0.9740965490548404,0.9949238578680203,0.025903450945159556,0.005076142131979711,SAFE_TO_EXECUTE,0.04599532480368192
4507002772_00020,4507002772_00020,"3-way match, invoice before GR",2018-01-22 13:23:00+00:00,2018-01-23 16:37:00+00:00,1.1347222222222222,70.0,R1_0_50,test,SAFE_TO_EXECUTE,grouped_iid,0.9764920154069795,0.9949238578680203,0.023507984593020503,0.005076142131979711,SAFE_TO_EXECUTE,0.04599532480368192
4507002772_00030,4507002772_00030,"3-way match, invoice before GR",2018-01-22 13:23:00+00:00,2018-01-23 16:37:00+00:00,1.1347222222222222,133.0,R1_0_50,test,SAFE_TO_EXECUTE,grouped_iid,0.9764887542581481,0.9949238578680203,0.023511245741851927,0.005076142131979711,SAFE_TO_EXECUTE,0.04599532480368192
4507002772_00110,4507002772_00110,"3-way match, invoice before GR",2018-01-22 13:23:00+00:00,2018-01-23 16:37:00+00:00,1.1347222222222222,176.0,R1_0_50,test,SAFE_TO_EXECUTE,grouped_iid,0.976486528141149,0.9949238578680203,0.023513471858851,0.005076142131979711,SAFE_TO_EXECUTE,0.04599532480368192
4507004080_00030,4507004080_00030,"3-way match, invoice before GR",2018-01-23 07:33:00+00:00,2018-01-23 09:45:00+00:00,0.09166666666666666,110.0,R1_0_50,test,SAFE_TO_EXECUTE,grouped_iid,0.9705108397792364,0.9949238578680203,0.029489160220763644,0.005076142131979711,SAFE_TO_EXECUTE,0.04599532480368192
4507003133_00120,4507003133_00120,"3-way match, invoice before GR",2018-01-23 08:21:00+00:00,2018-01-25 11:18:00+00:00,2.122916666666667,208.0,R1_0_50,test,SAFE_TO_EXECUTE,grouped_iid,0.956080521654253,0.9602763385146805,0.043919478345747054,0.03972366148531947,SAFE_TO_EXECUTE,0.24102374969289544
4507002520_00020,4507002520_00020,"3-way match, invoice before GR",2018-01-23 08:28:00+00:00,2018-01-26 11:57:00+00:00,3.145138888888889,382.0,R1_0_50,test,SAFE_TO_EXECUTE,grouped_iid,0.9610173621720965,0.9602763385146805,0.038982637827903455,0.03972366148531947,SAFE_TO_EXECUTE,0.24102374969289544
4507002838_00090,4507002838_00090,"3-way match, invoice before GR",2018-01-23 09:10:00+00:00,2018-01-23 11:38:00+00:00,0.10277777777777777,610.0,R2_50_90,test,SAFE_TO_EXECUTE,grouped_iid,0.9109934163575717,0.8884615384615384,0.0890065836424283,0.11153846153846159,SAFE_TO_EXECUTE,0.5045390536984206
4507001067_00010,4507001067_00010,"3-way match, invoice before GR",2018-01-23 09:30:00+00:00,2018-01-29 08:30:00+00:00,5.958333333333333,2682.0,R2_50_90,test,SAFE_TO_EXECUTE,grouped_iid,0.9623934208078381,0.9602763385146805,0.037606579192161926,0.03972366148531947,SAFE_TO_EXECUTE,0.24102374969289544
4507003133_00040,4507003133_00040,"3-way match, invoice before GR",2018-01-23 09:34:00+00:00,2018-01-25 11:18:00+00:00,2.0722222222222224,133.0,R1_0_50,test,SAFE_TO_EXECUTE,grouped_iid,0.9561208200205898,0.9602763385146805,0.043879179979410154,0.03972366148531947,SAFE_TO_EXECUTE,0.24102374969289544
4507002904_00010,4507002904_00010,"3-way match, invoice before GR",2018-01-23 10:26:00+00:00,2018-01-25 09:50:00+00:00,1.975,40800.0,R3_90_99,test,SAFE_TO_EXECUTE,grouped_iid,0.6317287854443348,0.7333333333333333,0.36827121455566525,0.2666666666666667,SAFE_TO_EXECUTE,0.8366407419411673
4507002553_00030,4507002553_00030,"3-way match, invoice before GR",2018-01-23 11:59:00+00:00,2018-01-25 11:22:00+00:00,1.9743055555555555,121.0,R1_0_50,test,SAFE_TO_EXECUTE,grouped_iid,0.9545497185751198,0.9602763385146805,0.04545028142488017,0.03972366148531947,SAFE_TO_EXECUTE,0.24102374969289544
4507002891_00140,4507002891_00140,"3-way match, invoice before GR",2018-01-24 09:44:00+00:00,2018-01-24 16:06:00+00:00,0.2652777777777778,367.0,R1_0_50,test,SAFE_TO_EXECUTE,grouped_iid,0.9566085225894843,0.9602763385146805,0.043391477410515744,0.03972366148531947,SAFE_TO_EXECUTE,0.24102374969289544
4507002891_00180,4507002891_00180,"3-way match, invoice before GR",2018-01-24 09:44:00+00:00,2018-01-24 16:06:00+00:00,0.2652777777777778,183.0,R1_0_50,test,SAFE_TO_EXECUTE,grouped_iid,0.9566257409109946,0.9602763385146805,0.043374259089005385,0.03972366148531947,SAFE_TO_EXECUTE,0.24102374969289544
4507003589_00040,4507003589_00040,"3-way match, invoice before GR",2018-01-24 09:46:00+00:00,2018-01-24 18:01:00+00:00,0.34375,101.0,R1_0_50,test,SAFE_TO_EXECUTE,grouped_iid,0.9574183250795006,0.9602763385146805,0.04258167492049936,0.03972366148531947,SAFE_TO_EXECUTE,0.24102374969289544
4507003589_00090,4507003589_00090,"3-way match, invoice before GR",2018-01-24 09:46:00+00:00,2018-01-24 18:01:00+00:00,0.34375,377.0,R1_0_50,test,SAFE_TO_EXECUTE,grouped_iid,0.9573929461224631,0.9602763385146805,0.04260705387753694,0.03972366148531947,SAFE_TO_EXECUTE,0.24102374969289544
4507003979_00020,4507003979_00020,"3-way match, invoice before GR",2018-01-24 09:46:00+00:00,2018-01-26 10:43:00+00:00,2.0395833333333333,421.0,R1_0_50,test,SAFE_TO_EXECUTE,grouped_iid,0.9658968382680799,0.97,0.03410316173192007,0.030000000000000027,SAFE_TO_EXECUTE,0.1943918578315763
4507002890_00010,4507002890_00010,"3-way match, invoice before GR",2018-01-24 09:49:00+00:00,2018-01-24 15:48:00+00:00,0.24930555555555556,94.0,R1_0_50,test,SAFE_TO_EXECUTE,grouped_iid,0.9566448121452518,0.9602763385146805,0.043355187854748234,0.03972366148531947,SAFE_TO_EXECUTE,0.24102374969289544
4507000354_00010,4507000354_00010,"3-way match, invoice before GR",2018-01-24 10:08:00+00:00,2018-01-25 06:52:00+00:00,0.8638888888888889,11077.0,R3_90_99,test,SAFE_TO_EXECUTE,grouped_iid,0.8664835951136715,0.8404255319148937,0.13351640488632854,0.15957446808510634,SAFE_TO_EXECUTE,0.6332905746550958
4507002657_00020,4507002657_00020,"3-way match, invoice before GR",2018-01-24 11:46:00+00:00,2018-01-25 09:21:00+00:00,0.8993055555555556,2719.0,R2_50_90,test,NOT_SAFE_TO_EXECUTE,grouped_iid,0.8982415775949594,0.8884615384615384,0.10175842240504063,0.11153846153846159,SAFE_TO_EXECUTE,0.5045390536984206
4507004309_00070,4507004309_00070,"3-way match, invoice before GR",2018-01-24 12:16:00+00:00,2018-01-24 16:46:00+00:00,0.1875,223.0,R1_0_50,test,SAFE_TO_EXECUTE,grouped_iid,0.9709618683947903,0.9949238578680203,0.029038131605209738,0.005076142131979711,SAFE_TO_EXECUTE,0.04599532480368192
4507004309_00130,4507004309_00130,"3-way match, invoice before GR",2018-01-24 12:16:00+00:00,2018-01-24 16:46:00+00:00,0.1875,256.0,R1_0_50,test,SAFE_TO_EXECUTE,grouped_iid,0.970959770341174,0.9949238578680203,0.029040229658826022,0.005076142131979711,SAFE_TO_EXECUTE,0.04599532480368192
4507004049_00040,4507004049_00040,"3-way match, invoice before GR",2018-01-24 13:07:00+00:00,2018-01-24 16:45:00+00:00,0.15138888888888888,564.0,R1_0_50,test,SAFE_TO_EXECUTE,grouped_iid,0.9838016707242521,1.0,0.016198329275747936,0.0,SAFE_TO_EXECUTE,5.123178885069411e-14
4507003365_00020,4507003365_00020,"3-way match, invoice before GR",2018-01-24 13:44:00+00:00,2018-01-24 16:46:00+00:00,0.12638888888888888,270.0,R1_0_50,test,SAFE_TO_EXECUTE,grouped_iid,0.9695782373903318,0.9806451612903225,0.030421762609668224,0.01935483870967747,SAFE_TO_EXECUTE,0.1378026662704413
4507003130_00010,4507003130_00010,"3-way match, invoice before GR",2018-01-24 13:55:00+00:00,2018-01-25 07:29:00+00:00,0.7319444444444444,12447.0,R3_90_99,test,NOT_SAFE_TO_EXECUTE,grouped_iid,0.6533731989055198,0.7333333333333333,0.3466268010944802,0.2666666666666667,SAFE_TO_EXECUTE,0.8366407419411673
4507003543_00010,4507003543_00010,"3-way match, invoice before GR",2018-01-25 08:48:00+00:00,2018-01-25 09:33:00+00:00,0.03125,2286.0,R2_50_90,test,SAFE_TO_EXECUTE,grouped_iid,0.9679262424114631,0.9806451612903225,0.03207375758853692,0.01935483870967747,SAFE_TO_EXECUTE,0.1378026662704413
4507003543_00020,4507003543_00020,"3-way match, invoice before GR",2018-01-25 08:48:00+00:00,2018-01-25 09:35:00+00:00,0.03263888888888889,2369.0,R2_50_90,test,SAFE_TO_EXECUTE,grouped_iid,0.9679197020073638,0.9806451612903225,0.03208029799263623,0.01935483870967747,SAFE_TO_EXECUTE,0.1378026662704413
4507001566_00010,4507001566_00010,"3-way match, invoice before GR",2018-01-25 09:47:00+00:00,2018-01-26 09:46:00+00:00,0.9993055555555556,4534.0,R2_50_90,test,SAFE_TO_EXECUTE,grouped_iid,0.9568502321123675,0.9602763385146805,0.04314976788763247,0.03972366148531947,SAFE_TO_EXECUTE,0.24102374969289544
4507003291_00080,4507003291_00080,"3-way match, invoice before GR",2018-01-25 10:28:00+00:00,2018-01-25 12:27:00+00:00,0.08263888888888889,2450.0,R2_50_90,test,SAFE_TO_EXECUTE,grouped_iid,0.9746487705323852,0.9949238578680203,0.02535122946761481,0.005076142131979711,SAFE_TO_EXECUTE,0.04599532480368192
4507002313_00010,4507002313_00010,"3-way match, invoice before GR",2018-01-25 12:28:00+00:00,2018-01-26 10:42:00+00:00,0.9263888888888889,40322.0,R3_90_99,test,SAFE_TO_EXECUTE,grouped_iid,0.8662852284488527,0.8404255319148937,0.1337147715511473,0.15957446808510634,SAFE_TO_EXECUTE,0.6332905746550958
4507004639_00090,4507004639_00090,"3-way match, invoice before GR",2018-01-25 12:53:00+00:00,2018-01-26 16:39:00+00:00,1.1569444444444446,574.0,R2_50_90,test,SAFE_TO_EXECUTE,grouped_iid,0.9704702113917429,0.9949238578680203,0.029529788608257057,0.005076142131979711,SAFE_TO_EXECUTE,0.04599532480368192
4507004639_00240,4507004639_00240,"3-way match, invoice before GR",2018-01-25 12:53:00+00:00,2018-01-26 16:39:00+00:00,1.1569444444444446,764.0,R2_50_90,test,SAFE_TO_EXECUTE,grouped_iid,0.970457931338052,0.9949238578680203,0.029542068661947973,0.005076142131979711,SAFE_TO_EXECUTE,0.04599532480368192
4507004641_00060,4507004641_00060,"3-way match, invoice before GR",2018-01-25 12:55:00+00:00,2018-01-26 10:42:00+00:00,0.9076388888888889,413.0,R1_0_50,test,NOT_SAFE_TO_EXECUTE,grouped_iid,0.8936534717448901,0.8884615384615384,0.10634652825510993,0.11153846153846159,SAFE_TO_EXECUTE,0.5045390536984206
4507004641_00190,4507004641_00190,"3-way match, invoice before GR",2018-01-25 12:55:00+00:00,2018-01-26 10:42:00+00:00,0.9076388888888889,261.0,R1_0_50,test,NOT_SAFE_TO_EXECUTE,grouped_iid,0.8936860399658384,0.8884615384615384,0.1063139600341616,0.11153846153846159,SAFE_TO_EXECUTE,0.5045390536984206
4507004641_00220,4507004641_00220,"3-way match, invoice before GR",2018-01-25 12:55:00+00:00,2018-01-26 10:42:00+00:00,0.9076388888888889,518.0,R1_0_50,test,NOT_SAFE_TO_EXECUTE,grouped_iid,0.8936309688278894,0.8884615384615384,0.1063690311721106,0.11153846153846159,SAFE_TO_EXECUTE,0.5045390536984206
4507004641_00260,4507004641_00260,"3-way match, invoice before GR",2018-01-25 12:55:00+00:00,2018-01-26 10:42:00+00:00,0.9076388888888889,236.0,R1_0_50,test,NOT_SAFE_TO_EXECUTE,grouped_iid,0.893691395739548,0.8884615384615384,0.10630860426045197,0.11153846153846159,SAFE_TO_EXECUTE,0.5045390536984206
4507004641_00290,4507004641_00290,"3-way match, invoice before GR",2018-01-25 12:55:00+00:00,2018-01-26 10:42:00+00:00,0.9076388888888889,92.0,R1_0_50,test,NOT_SAFE_TO_EXECUTE,grouped_iid,0.8937222403683315,0.8884615384615384,0.10627775963166852,0.11153846153846159,SAFE_TO_EXECUTE,0.5045390536984206
4507004954_00010,4507004954_00010,"3-way match, invoice before GR",2018-01-25 13:23:00+00:00,2018-01-26 06:28:00+00:00,0.7118055555555556,849.0,R2_50_90,test,SAFE_TO_EXECUTE,grouped_iid,0.9709345342263697,0.9949238578680203,0.02906546577363034,0.005076142131979711,SAFE_TO_EXECUTE,0.04599532480368192
4507004558_00010,4507004558_00010,"3-way match, invoice before GR",2018-01-25 15:30:00+00:00,2018-01-26 09:43:00+00:00,0.7590277777777777,23.0,R1_0_50,test,SAFE_TO_EXECUTE,grouped_iid,0.9705048984269585,0.9949238578680203,0.02949510157304147,0.005076142131979711,SAFE_TO_EXECUTE,0.04599532480368192
4507003295_00010,4507003295_00010,"3-way match, invoice before GR",2018-01-25 16:11:00+00:00,2018-01-26 07:13:00+00:00,0.6263888888888889,5667.0,R2_50_90,test,SAFE_TO_EXECUTE,grouped_iid,0.938284639954152,0.9357798165137615,0.06171536004584799,0.06422018348623848,SAFE_TO_EXECUTE,0.34397451435953375
4507004483_00010,4507004483_00010,"3-way match, invoice before GR",2018-01-25 16:19:00+00:00,2018-01-29 06:56:00+00:00,3.609027777777778,93.0,R1_0_50,test,SAFE_TO_EXECUTE,grouped_iid,0.9692989625889787,0.9806451612903225,0.03070103741102126,0.01935483870967747,SAFE_TO_EXECUTE,0.1378026662704413
4507001030_00030,4507001030_00030,"3-way match, invoice before GR",2018-01-25 16:20:00+00:00,2018-01-25 18:03:00+00:00,0.07152777777777777,2671.0,R2_50_90,test,SAFE_TO_EXECUTE,grouped_iid,0.9716326542700161,0.9949238578680203,0.028367345729983895,0.005076142131979711,SAFE_TO_EXECUTE,0.04599532480368192
4507004710_00010,4507004710_00010,"3-way match, invoice before GR",2018-01-26 03:07:00+00:00,2018-01-26 08:13:00+00:00,0.2125,527.0,R1_0_50,test,SAFE_TO_EXECUTE,grouped_iid,0.9998255143447833,1.0,0.00017448565521671622,0.0,SAFE_TO_EXECUTE,5.123178885069411e-14
4507005056_00110,4507005056_00110,"3-way match, invoice before GR",2018-01-26 03:16:00+00:00,2018-01-26 07:03:00+00:00,0.15763888888888888,575.0,R2_50_90,test,SAFE_TO_EXECUTE,grouped_iid,0.9129153372056639,0.9183673469387755,0.08708466279433613,0.08163265306122447,SAFE_TO_EXECUTE,0.4079059801389762
4507004917_00030,4507004917_00030,"3-way match, invoice before GR",2018-01-26 03:23:00+00:00,2018-01-26 07:07:00+00:00,0.15555555555555556,422.0,R1_0_50,test,SAFE_TO_EXECUTE,grouped_iid,0.9127565971471711,0.9183673469387755,0.08724340285282894,0.08163265306122447,SAFE_TO_EXECUTE,0.4079059801389762
4507004703_00060,4507004703_00060,"3-way match, invoice before GR",2018-01-26 03:42:00+00:00,2018-01-26 07:09:00+00:00,0.14375,1218.0,R2_50_90,test,SAFE_TO_EXECUTE,grouped_iid,0.9120528295355426,0.8884615384615384,0.08794717046445744,0.11153846153846159,SAFE_TO_EXECUTE,0.5045390536984206
4507003908_00070,4507003908_00070,"3-way match, invoice before GR",2018-01-26 03:48:00+00:00,2018-01-26 07:05:00+00:00,0.13680555555555557,3888.0,R2_50_90,test,SAFE_TO_EXECUTE,grouped_iid,0.9078001644893474,0.8884615384615384,0.09219983551065258,0.11153846153846159,SAFE_TO_EXECUTE,0.5045390536984206
4507003746_00010,4507003746_00010,"3-way match, invoice before GR",2018-01-26 13:40:00+00:00,2018-01-29 11:01:00+00:00,2.8895833333333334,2501.0,R2_50_90,test,SAFE_TO_EXECUTE,grouped_iid,0.9660151822147592,0.97,0.03398481778524076,0.030000000000000027,SAFE_TO_EXECUTE,0.1943918578315763
4507001163_00010,4507001163_00010,"3-way match, invoice before GR",2018-01-26 16:00:00+00:00,2018-01-29 12:25:00+00:00,2.8506944444444446,822.0,R2_50_90,test,SAFE_TO_EXECUTE,grouped_iid,0.9494129945070958,0.9555555555555556,0.05058700549290418,0.0444444444444444,SAFE_TO_EXECUTE,0.2623112196143365
4507001163_00040,4507001163_00040,"3-way match, invoice before GR",2018-01-26 16:00:00+00:00,2018-01-29 12:28:00+00:00,2.852777777777778,620.0,R2_50_90,test,SAFE_TO_EXECUTE,grouped_iid,0.9494331732806975,0.9555555555555556,0.05056682671930246,0.0444444444444444,SAFE_TO_EXECUTE,0.2623112196143365
4507002592_00010,4507002592_00010,"3-way match, invoice before GR",2018-01-26 16:37:00+00:00,2018-01-29 08:55:00+00:00,2.6791666666666667,156.0,R1_0_50,test,NOT_SAFE_TO_EXECUTE,grouped_iid,0.9527631874486197,0.9602763385146805,0.04723681255138035,0.03972366148531947,SAFE_TO_EXECUTE,0.24102374969289544
4507002592_00110,4507002592_00110,"3-way match, invoice before GR",2018-01-26 16:37:00+00:00,2018-01-29 08:55:00+00:00,2.6791666666666667,450.0,R1_0_50,test,NOT_SAFE_TO_EXECUTE,grouped_iid,0.9527333432570514,0.9602763385146805,0.04726665674294861,0.03972366148531947,SAFE_TO_EXECUTE,0.24102374969289544
4507004097_00020,4507004097_00020,"3-way match, invoice before GR",2018-01-29 08:57:00+00:00,2018-01-31 08:34:00+00:00,1.9840277777777777,305.0,R1_0_50,test,SAFE_TO_EXECUTE,grouped_iid,0.9556992982647214,0.9602763385146805,0.04430070173527856,0.03972366148531947,SAFE_TO_EXECUTE,0.24102374969289544
4507001889_00120,4507001889_00120,"3-way match, invoice before GR",2018-01-29 12:33:00+00:00,2018-01-29 14:07:00+00:00,0.06527777777777778,1599.0,R2_50_90,test,SAFE_TO_EXECUTE,grouped_iid,0.9727936081882164,0.9949238578680203,0.027206391811783637,0.005076142131979711,SAFE_TO_EXECUTE,0.04599532480368192
4507001889_00100,4507001889_00100,"3-way match, invoice before GR",2018-01-29 12:35:00+00:00,2018-01-29 16:36:00+00:00,0.1673611111111111,3999.0,R2_50_90,test,SAFE_TO_EXECUTE,grouped_iid,0.9726039776825244,0.9949238578680203,0.02739602231747562,0.005076142131979711,SAFE_TO_EXECUTE,0.04599532480368192
4507002218_00090,4507002218_00090,"3-way match, invoice before GR",2018-01-29 12:38:00+00:00,2018-01-29 14:06:00+00:00,0.06111111111111111,399.0,R1_0_50,test,SAFE_TO_EXECUTE,grouped_iid,0.9731111781231889,0.9949238578680203,0.026888821876811075,0.005076142131979711,SAFE_TO_EXECUTE,0.04599532480368192
4507005524_00010,4507005524_00010,"3-way match, invoice before GR",2018-01-29 16:12:00+00:00,2018-01-30 06:21:00+00:00,0.5895833333333333,424.0,R1_0_50,test,SAFE_TO_EXECUTE,grouped_iid,0.9709376249131582,0.9949238578680203,0.02906237508684184,0.005076142131979711,SAFE_TO_EXECUTE,0.04599532480368192
4507004615_00010,4507004615_00010,"3-way match, invoice before GR",2018-01-29 16:15:00+00:00,2018-01-30 16:37:00+00:00,1.0152777777777777,385.0,R1_0_50,test,SAFE_TO_EXECUTE,grouped_iid,0.9735915277006985,0.9949238578680203,0.026408472299301544,0.005076142131979711,SAFE_TO_EXECUTE,0.04599532480368192
4507005050_00010,4507005050_00010,"3-way match, invoice before GR",2018-01-30 08:18:00+00:00,2018-01-30 11:33:00+00:00,0.13541666666666666,57.0,R1_0_50,test,SAFE_TO_EXECUTE,grouped_iid,0.9699186924692558,0.9806451612903225,0.030081307530744228,0.01935483870967747,SAFE_TO_EXECUTE,0.1378026662704413
4507005050_00040,4507005050_00040,"3-way match, invoice before GR",2018-01-30 08:18:00+00:00,2018-01-31 06:14:00+00:00,0.9138888888888889,209.0,R1_0_50,test,SAFE_TO_EXECUTE,grouped_iid,0.9695218427191422,0.9806451612903225,0.030478157280857787,0.01935483870967747,SAFE_TO_EXECUTE,0.1378026662704413
4507005332_00050,4507005332_00050,"3-way match, invoice before GR",2018-01-30 08:52:00+00:00,2018-01-30 09:39:00+00:00,0.03263888888888889,2069.0,R2_50_90,test,SAFE_TO_EXECUTE,grouped_iid,0.8652165269533456,0.8404255319148937,0.1347834730466544,0.15957446808510634,SAFE_TO_EXECUTE,0.6332905746550958
4507001267_00030,4507001267_00030,"3-way match, invoice before GR",2018-01-30 09:08:00+00:00,2018-02-09 07:47:00+00:00,9.94375,1472.0,R2_50_90,test,SAFE_TO_EXECUTE,grouped_iid,0.9822647243500696,1.0,0.017735275649930382,0.0,SAFE_TO_EXECUTE,5.123178885069411e-14
4507005238_00060,4507005238_00060,"3-way match, invoice before GR",2018-01-30 09:58:00+00:00,2018-01-31 07:03:00+00:00,0.8784722222222222,234.0,R1_0_50,test,SAFE_TO_EXECUTE,grouped_iid,0.9529001004831421,0.9602763385146805,0.04709989951685789,0.03972366148531947,SAFE_TO_EXECUTE,0.24102374969289544
4507005823_00010,4507005823_00010,"3-way match, invoice before GR",2018-01-30 10:23:00+00:00,2018-01-30 16:36:00+00:00,0.2590277777777778,1950.0,R2_50_90,test,SAFE_TO_EXECUTE,grouped_iid,0.9548574979579747,0.9602763385146805,0.0451425020420253,0.03972366148531947,SAFE_TO_EXECUTE,0.24102374969289544
4507005823_00070,4507005823_00070,"3-way match, invoice before GR",2018-01-30 10:23:00+00:00,2018-01-30 16:36:00+00:00,0.2590277777777778,780.0,R2_50_90,test,SAFE_TO_EXECUTE,grouped_iid,0.9549710789196988,0.9602763385146805,0.04502892108030121,0.03972366148531947,SAFE_TO_EXECUTE,0.24102374969289544
4507004833_00010,4507004833_00010,"3-way match, invoice before GR",2018-01-30 13:01:00+00:00,2018-01-31 01:47:00+00:00,0.5319444444444444,414.0,R1_0_50,test,SAFE_TO_EXECUTE,grouped_iid,0.9572526842064849,0.9602763385146805,0.042747315793515095,0.03972366148531947,SAFE_TO_EXECUTE,0.24102374969289544
4507004833_00080,4507004833_00080,"3-way match, invoice before GR",2018-01-30 13:01:00+00:00,2018-01-31 01:47:00+00:00,0.5319444444444444,829.0,R2_50_90,test,SAFE_TO_EXECUTE,grouped_iid,0.9572143765175847,0.9602763385146805,0.042785623482415325,0.03972366148531947,SAFE_TO_EXECUTE,0.24102374969289544
4507004696_00110,4507004696_00110,"3-way match, invoice before GR",2018-01-30 13:42:00+00:00,2018-02-01 18:47:00+00:00,2.2118055555555554,210.0,R1_0_50,test,SAFE_TO_EXECUTE,grouped_iid,0.9560182068582046,0.9602763385146805,0.0439817931417954,0.03972366148531947,SAFE_TO_EXECUTE,0.24102374969289544
4507004696_00050,4507004696_00050,"3-way match, invoice before GR",2018-01-30 13:45:00+00:00,2018-02-01 18:47:00+00:00,2.209722222222222,246.0,R1_0_50,test,SAFE_TO_EXECUTE,grouped_iid,0.9560161604823494,0.9602763385146805,0.043983839517650614,0.03972366148531947,SAFE_TO_EXECUTE,0.24102374969289544
4507004696_00040,4507004696_00040,"3-way match, invoice before GR",2018-01-30 14:03:00+00:00,2018-02-01 18:47:00+00:00,2.1972222222222224,246.0,R1_0_50,test,SAFE_TO_EXECUTE,grouped_iid,0.9560243611663413,0.9602763385146805,0.04397563883365874,0.03972366148531947,SAFE_TO_EXECUTE,0.24102374969289544
4507005982_00010,4507005982_00010,"3-way match, invoice before GR",2018-01-30 14:47:00+00:00,2018-01-31 11:12:00+00:00,0.8506944444444444,378.0,R1_0_50,test,SAFE_TO_EXECUTE,grouped_iid,0.9709298131619174,0.9949238578680203,0.0290701868380826,0.005076142131979711,SAFE_TO_EXECUTE,0.04599532480368192
4507003866_00010,4507003866_00010,"3-way match, invoice before GR",2018-01-30 14:57:00+00:00,2018-01-31 08:47:00+00:00,0.7430555555555556,40322.0,R3_90_99,test,SAFE_TO_EXECUTE,grouped_iid,0.8689969676620681,0.8404255319148937,0.13100303233793187,0.15957446808510634,SAFE_TO_EXECUTE,0.6332905746550958
4507005822_00010,4507005822_00010,"3-way match, invoice before GR",2018-01-30 15:33:00+00:00,2018-01-30 16:37:00+00:00,0.044444444444444446,102.0,R1_0_50,test,SAFE_TO_EXECUTE,grouped_iid,0.97128889943305,0.9949238578680203,0.028711100566950032,0.005076142131979711,SAFE_TO_EXECUTE,0.04599532480368192
4507005822_00020,4507005822_00020,"3-way match, invoice before GR",2018-01-30 15:33:00+00:00,2018-01-30 16:37:00+00:00,0.044444444444444446,353.0,R1_0_50,test,SAFE_TO_EXECUTE,grouped_iid,0.9712731122584845,0.9949238578680203,0.02872688774151555,0.005076142131979711,SAFE_TO_EXECUTE,0.04599532480368192
4507001187_00010,4507001187_00010,"3-way match, invoice before GR",2018-01-31 12:28:00+00:00,2018-01-31 13:35:00+00:00,0.04652777777777778,2990.0,R2_50_90,test,SAFE_TO_EXECUTE,grouped_iid,0.9572301107261995,0.9602763385146805,0.04276988927380054,0.03972366148531947,SAFE_TO_EXECUTE,0.24102374969289544
4507002158_00110,4507002158_00110,"3-way match, invoice before GR",2018-01-31 13:23:00+00:00,2018-02-01 16:15:00+00:00,1.1194444444444445,6257.0,R2_50_90,test,SAFE_TO_EXECUTE,grouped_iid,0.9551120743226783,0.9602763385146805,0.044887925677321694,0.03972366148531947,SAFE_TO_EXECUTE,0.24102374969289544
4507005914_00060,4507005914_00060,"3-way match, invoice before GR",2018-01-31 15:44:00+00:00,2018-02-01 06:48:00+00:00,0.6277777777777778,4829.0,R2_50_90,test,SAFE_TO_EXECUTE,grouped_iid,0.9025567666812313,0.8884615384615384,0.0974432333187687,0.11153846153846159,SAFE_TO_EXECUTE,0.5045390536984206
4507005914_00090,4507005914_00090,"3-way match, invoice before GR",2018-01-31 15:45:00+00:00,2018-02-01 06:48:00+00:00,0.6270833333333333,3127.0,R2_50_90,test,SAFE_TO_EXECUTE,grouped_iid,0.9028947178697361,0.8884615384615384,0.09710528213026393,0.11153846153846159,SAFE_TO_EXECUTE,0.5045390536984206
4507000897_00030,4507000897_00030,"3-way match, invoice before GR",2018-02-01 10:04:00+00:00,2018-02-01 11:11:00+00:00,0.04652777777777778,1662.0,R2_50_90,test,SAFE_TO_EXECUTE,grouped_iid,0.9529105765268356,0.9602763385146805,0.04708942347316436,0.03972366148531947,SAFE_TO_EXECUTE,0.24102374969289544
4507003572_00010,4507003572_00010,"3-way match, invoice before GR",2018-02-01 10:19:00+00:00,2018-02-05 13:07:00+00:00,4.116666666666666,8147.0,R3_90_99,test,SAFE_TO_EXECUTE,grouped_iid,0.8940126678682074,0.8884615384615384,0.10598733213179257,0.11153846153846159,SAFE_TO_EXECUTE,0.5045390536984206
4507006266_00020,4507006266_00020,"3-way match, invoice before GR",2018-02-01 11:43:00+00:00,2018-02-01 12:25:00+00:00,0.029166666666666667,304.0,R1_0_50,test,SAFE_TO_EXECUTE,grouped_iid,0.9989284654038443,1.0,0.001071534596155721,0.0,SAFE_TO_EXECUTE,5.123178885069411e-14
4507006192_00010,4507006192_00010,"3-way match, invoice before GR",2018-02-01 14:55:00+00:00,2018-02-02 06:48:00+00:00,0.6618055555555555,1130.0,R2_50_90,test,SAFE_TO_EXECUTE,grouped_iid,0.9706782948267968,0.9949238578680203,0.029321705173203205,0.005076142131979711,SAFE_TO_EXECUTE,0.04599532480368192
4507005283_00010,4507005283_00010,"3-way match, invoice before GR",2018-02-01 15:44:00+00:00,2018-02-02 14:02:00+00:00,0.9291666666666667,201.0,R1_0_50,test,SAFE_TO_EXECUTE,grouped_iid,0.9692121192954194,0.9806451612903225,0.030787880704580606,0.01935483870967747,SAFE_TO_EXECUTE,0.1378026662704413
4507003275_00010,4507003275_00010,"3-way match, invoice before GR",2018-02-02 03:35:00+00:00,2018-02-05 07:41:00+00:00,3.1708333333333334,255.0,R1_0_50,test,SAFE_TO_EXECUTE,grouped_iid,0.9648857492684958,0.97,0.035114250731504204,0.030000000000000027,SAFE_TO_EXECUTE,0.1943918578315763
4507004457_00050,4507004457_00050,"3-way match, invoice before GR",2018-02-02 05:06:00+00:00,2018-02-02 08:39:00+00:00,0.14791666666666667,1357.0,R2_50_90,test,SAFE_TO_EXECUTE,grouped_iid,0.974190112031413,0.9949238578680203,0.025809887968586964,0.005076142131979711,SAFE_TO_EXECUTE,0.04599532480368192
4507004457_00070,4507004457_00070,"3-way match, invoice before GR",2018-02-02 05:06:00+00:00,2018-02-02 08:39:00+00:00,0.14791666666666667,1623.0,R2_50_90,test,SAFE_TO_EXECUTE,grouped_iid,0.974175026813908,0.9949238578680203,0.025824973186092004,0.005076142131979711,SAFE_TO_EXECUTE,0.04599532480368192
4507003026_00010,4507003026_00010,"3-way match, invoice before GR",2018-02-02 07:27:00+00:00,2018-02-05 11:31:00+00:00,3.1694444444444443,353.0,R1_0_50,test,SAFE_TO_EXECUTE,grouped_iid,0.9554145009891702,0.9602763385146805,0.044585499010829754,0.03972366148531947,SAFE_TO_EXECUTE,0.24102374969289544
4507006564_00040,4507006564_00040,"3-way match, invoice before GR",2018-02-02 07:37:00+00:00,2018-02-06 10:25:00+00:00,4.116666666666666,3828.0,R2_50_90,test,SAFE_TO_EXECUTE,grouped_iid,0.9828654811191678,1.0,0.017134518880832172,0.0,SAFE_TO_EXECUTE,5.123178885069411e-14
4507003282_00030,4507003282_00030,"3-way match, invoice before GR",2018-02-02 08:38:00+00:00,2018-02-06 08:49:00+00:00,4.007638888888889,2310.0,R2_50_90,test,SAFE_TO_EXECUTE,grouped_iid,0.9724898933397069,0.9949238578680203,0.027510106660293077,0.005076142131979711,SAFE_TO_EXECUTE,0.04599532480368192
4507006831_00060,4507006831_00060,"3-way match, invoice before GR",2018-02-02 09:26:00+00:00,2018-02-02 16:27:00+00:00,0.2923611111111111,385.0,R1_0_50,test,SAFE_TO_EXECUTE,grouped_iid,0.9711678759335165,0.9949238578680203,0.0288321240664835,0.005076142131979711,SAFE_TO_EXECUTE,0.04599532480368192
4507006831_00080,4507006831_00080,"3-way match, invoice before GR",2018-02-02 09:26:00+00:00,2018-02-02 16:27:00+00:00,0.2923611111111111,119.0,R1_0_50,test,SAFE_TO_EXECUTE,grouped_iid,0.9711846657687666,0.9949238578680203,0.02881533423123339,0.005076142131979711,SAFE_TO_EXECUTE,0.04599532480368192
4507006831_00100,4507006831_00100,"3-way match, invoice before GR",2018-02-02 09:26:00+00:00,2018-02-02 16:27:00+00:00,0.2923611111111111,86.0,R1_0_50,test,SAFE_TO_EXECUTE,grouped_iid,0.9711867480566425,0.9949238578680203,0.028813251943357487,0.005076142131979711,SAFE_TO_EXECUTE,0.04599532480368192
4507002648_00020,4507002648_00020,"3-way match, invoice before GR",2018-02-02 09:46:00+00:00,2018-02-08 09:42:00+00:00,5.997222222222222,16191.0,R3_90_99,test,SAFE_TO_EXECUTE,grouped_iid,0.9667447479506377,0.97,0.033255252049362305,0.030000000000000027,SAFE_TO_EXECUTE,0.1943918578315763
4507004468_00080,4507004468_00080,"3-way match, invoice before GR",2018-02-02 09:56:00+00:00,2018-02-02 10:46:00+00:00,0.034722222222222224,1272.0,R2_50_90,test,SAFE_TO_EXECUTE,grouped_iid,0.9742435584773698,0.9949238578680203,0.025756441522630236,0.005076142131979711,SAFE_TO_EXECUTE,0.04599532480368192
4507006186_00020,4507006186_00020,"3-way match, invoice before GR",2018-02-02 10:22:00+00:00,2018-02-02 16:25:00+00:00,0.2520833333333333,712.0,R2_50_90,test,SAFE_TO_EXECUTE,grouped_iid,0.9541758176304797,0.9602763385146805,0.04582418236952035,0.03972366148531947,SAFE_TO_EXECUTE,0.24102374969289544
4507005238_00020,4507005238_00020,"3-way match, invoice before GR",2018-02-02 10:24:00+00:00,2018-02-02 16:27:00+00:00,0.2520833333333333,49.0,R1_0_50,test,SAFE_TO_EXECUTE,grouped_iid,0.9520968592752831,0.9602763385146805,0.04790314072471691,0.03972366148531947,SAFE_TO_EXECUTE,0.24102374969289544
4507005097_00010,4507005097_00010,"3-way match, invoice before GR",2018-02-02 11:55:00+00:00,2018-02-05 13:06:00+00:00,3.0493055555555557,5700.0,R2_50_90,test,SAFE_TO_EXECUTE,grouped_iid,0.9476320999414671,0.9357798165137615,0.05236790005853287,0.06422018348623848,SAFE_TO_EXECUTE,0.34397451435953375
4507006224_00020,4507006224_00020,"3-way match, invoice before GR",2018-02-02 12:07:00+00:00,2018-02-05 09:58:00+00:00,2.910416666666667,143.0,R1_0_50,test,SAFE_TO_EXECUTE,grouped_iid,0.8513731302228807,0.8404255319148937,0.14862686977711925,0.15957446808510634,SAFE_TO_EXECUTE,0.6332905746550958
4507005781_00040,4507005781_00040,"3-way match, invoice before GR",2018-02-02 12:09:00+00:00,2018-02-06 10:50:00+00:00,3.9451388888888888,340.0,R1_0_50,test,SAFE_TO_EXECUTE,grouped_iid,0.9552269293137483,0.9602763385146805,0.04477307068625169,0.03972366148531947,SAFE_TO_EXECUTE,0.24102374969289544
4507005781_00070,4507005781_00070,"3-way match, invoice before GR",2018-02-02 12:09:00+00:00,2018-02-06 10:50:00+00:00,3.9451388888888888,334.0,R1_0_50,test,SAFE_TO_EXECUTE,grouped_iid,0.9552275079272892,0.9602763385146805,0.044772492072710834,0.03972366148531947,SAFE_TO_EXECUTE,0.24102374969289544
4507002111_00010,4507002111_00010,"3-way match, invoice before GR",2018-02-02 12:13:00+00:00,2018-02-06 11:43:00+00:00,3.9791666666666665,111.0,R1_0_50,test,SAFE_TO_EXECUTE,grouped_iid,0.9481334581229632,0.9357798165137615,0.051866541877036765,0.06422018348623848,SAFE_TO_EXECUTE,0.34397451435953375
4507002011_00010,4507002011_00010,"3-way match, invoice before GR",2018-02-02 14:52:00+00:00,2018-02-05 11:01:00+00:00,2.839583333333333,2368.0,R2_50_90,test,SAFE_TO_EXECUTE,grouped_iid,0.9574626964196702,0.9602763385146805,0.04253730358032981,0.03972366148531947,SAFE_TO_EXECUTE,0.24102374969289544
4507002815_00060,4507002815_00060,"3-way match, invoice before GR",2018-02-05 10:30:00+00:00,2018-02-05 10:54:00+00:00,0.016666666666666666,223.0,R1_0_50,test,SAFE_TO_EXECUTE,grouped_iid,0.9532368295642333,0.9602763385146805,0.04676317043576672,0.03972366148531947,SAFE_TO_EXECUTE,0.24102374969289544
4507002815_00110,4507002815_00110,"3-way match, invoice before GR",2018-02-05 10:30:00+00:00,2018-02-05 10:54:00+00:00,0.016666666666666666,147.0,R1_0_50,test,SAFE_TO_EXECUTE,grouped_iid,0.9532444679431946,0.9602763385146805,0.04675553205680538,0.03972366148531947,SAFE_TO_EXECUTE,0.24102374969289544
4507002815_00150,4507002815_00150,"3-way match, invoice before GR",2018-02-05 10:30:00+00:00,2018-02-05 10:54:00+00:00,0.016666666666666666,147.0,R1_0_50,test,SAFE_TO_EXECUTE,grouped_iid,0.9532444679431946,0.9602763385146805,0.04675553205680538,0.03972366148531947,SAFE_TO_EXECUTE,0.24102374969289544
4507004341_00050,4507004341_00050,"3-way match, invoice before GR",2018-02-05 11:37:00+00:00,2018-02-05 20:25:00+00:00,0.36666666666666664,837.0,R2_50_90,test,SAFE_TO_EXECUTE,grouped_iid,0.9558322176990472,0.9602763385146805,0.04416778230095275,0.03972366148531947,SAFE_TO_EXECUTE,0.24102374969289544
4507004340_00100,4507004340_00100,"3-way match, invoice before GR",2018-02-05 11:54:00+00:00,2018-02-06 11:45:00+00:00,0.99375,383.0,R1_0_50,test,SAFE_TO_EXECUTE,grouped_iid,0.9554250302000071,0.9602763385146805,0.04457496979999287,0.03972366148531947,SAFE_TO_EXECUTE,0.24102374969289544
4507004340_00200,4507004340_00200,"3-way match, invoice before GR",2018-02-05 11:54:00+00:00,2018-02-05 20:49:00+00:00,0.3715277777777778,112.0,R1_0_50,test,SAFE_TO_EXECUTE,grouped_iid,0.9558970575244522,0.9602763385146805,0.0441029424755478,0.03972366148531947,SAFE_TO_EXECUTE,0.24102374969289544
4507004342_00030,4507004342_00030,"3-way match, invoice before GR",2018-02-05 12:08:00+00:00,2018-02-06 11:40:00+00:00,0.9805555555555555,335.0,R1_0_50,test,SAFE_TO_EXECUTE,grouped_iid,0.9554386005010357,0.9602763385146805,0.044561399498964316,0.03972366148531947,SAFE_TO_EXECUTE,0.24102374969289544
4507004342_00050,4507004342_00050,"3-way match, invoice before GR",2018-02-05 12:08:00+00:00,2018-02-06 11:40:00+00:00,0.9805555555555555,277.0,R1_0_50,test,SAFE_TO_EXECUTE,grouped_iid,0.955444168258518,0.9602763385146805,0.04455583174148203,0.03972366148531947,SAFE_TO_EXECUTE,0.24102374969289544
4507004342_00110,4507004342_00110,"3-way match, invoice before GR",2018-02-05 12:08:00+00:00,2018-02-06 11:40:00+00:00,0.9805555555555555,837.0,R2_50_90,test,SAFE_TO_EXECUTE,grouped_iid,0.955390382877415,0.9602763385146805,0.044609617122585044,0.03972366148531947,SAFE_TO_EXECUTE,0.24102374969289544
4507004342_00170,4507004342_00170,"3-way match, invoice before GR",2018-02-05 12:08:00+00:00,2018-02-06 11:40:00+00:00,0.9805555555555555,833.0,R2_50_90,test,SAFE_TO_EXECUTE,grouped_iid,0.9553907672780954,0.9602763385146805,0.044609232721904646,0.03972366148531947,SAFE_TO_EXECUTE,0.24102374969289544
4507003645_00020,4507003645_00020,"3-way match, invoice before GR",2018-02-05 13:55:00+00:00,2018-02-06 15:41:00+00:00,1.073611111111111,6409.0,R2_50_90,test,SAFE_TO_EXECUTE,grouped_iid,0.9720720471189208,0.9949238578680203,0.027927952881079188,0.005076142131979711,SAFE_TO_EXECUTE,0.04599532480368192
4507004919_00020,4507004919_00020,"3-way match, invoice before GR",2018-02-05 14:24:00+00:00,2018-02-06 15:43:00+00:00,1.054861111111111,3630.0,R2_50_90,test,SAFE_TO_EXECUTE,grouped_iid,0.9737647070112393,0.9949238578680203,0.026235292988760706,0.005076142131979711,SAFE_TO_EXECUTE,0.04599532480368192
4507003645_00030,4507003645_00030,"3-way match, invoice before GR",2018-02-05 14:31:00+00:00,2018-02-06 15:41:00+00:00,1.0486111111111112,1201.0,R2_50_90,test,SAFE_TO_EXECUTE,grouped_iid,0.9723995621989004,0.9949238578680203,0.027600437801099553,0.005076142131979711,SAFE_TO_EXECUTE,0.04599532480368192
4507004084_00170,4507004084_00170,"3-way match, invoice before GR",2018-02-05 16:20:00+00:00,2018-02-06 11:35:00+00:00,0.8020833333333334,427.0,R1_0_50,test,SAFE_TO_EXECUTE,grouped_iid,0.9536228623040495,0.9602763385146805,0.04637713769595053,0.03972366148531947,SAFE_TO_EXECUTE,0.24102374969289544
4507006878_00010,4507006878_00010,"3-way match, invoice before GR",2018-02-06 08:28:00+00:00,2018-02-07 13:53:00+00:00,1.2256944444444444,182.0,R1_0_50,test,SAFE_TO_EXECUTE,grouped_iid,0.9663808414275284,0.97,0.03361915857247155,0.030000000000000027,SAFE_TO_EXECUTE,0.1943918578315763
4507007445_00060,4507007445_00060,"3-way match, invoice before GR",2018-02-06 09:15:00+00:00,2018-02-07 16:34:00+00:00,1.304861111111111,918.0,R2_50_90,test,SAFE_TO_EXECUTE,grouped_iid,0.9706476624587401,0.9949238578680203,0.029352337541259876,0.005076142131979711,SAFE_TO_EXECUTE,0.04599532480368192
4507006272_00110,4507006272_00110,"3-way match, invoice before GR",2018-02-06 10:08:00+00:00,2018-02-07 10:48:00+00:00,1.0277777777777777,283.0,R1_0_50,test,SAFE_TO_EXECUTE,grouped_iid,0.9568644404196118,0.9602763385146805,0.04313555958038817,0.03972366148531947,SAFE_TO_EXECUTE,0.24102374969289544
4507006272_00140,4507006272_00140,"3-way match, invoice before GR",2018-02-06 10:08:00+00:00,2018-02-07 10:48:00+00:00,1.0277777777777777,567.0,R1_0_50,test,SAFE_TO_EXECUTE,grouped_iid,0.9568380012485914,0.9602763385146805,0.04316199875140858,0.03972366148531947,SAFE_TO_EXECUTE,0.24102374969289544
4507006125_00010,4507006125_00010,"3-way match, invoice before GR",2018-02-06 10:40:00+00:00,2018-02-08 06:29:00+00:00,1.8256944444444445,40800.0,R3_90_99,test,SAFE_TO_EXECUTE,grouped_iid,0.6424247028050852,0.7333333333333333,0.35757529719491477,0.2666666666666667,SAFE_TO_EXECUTE,0.8366407419411673
4507006231_00200,4507006231_00200,"3-way match, invoice before GR",2018-02-06 13:31:00+00:00,2018-02-09 11:31:00+00:00,2.9166666666666665,180.0,R1_0_50,test,SAFE_TO_EXECUTE,grouped_iid,0.9555076480852768,0.9602763385146805,0.04449235191472323,0.03972366148531947,SAFE_TO_EXECUTE,0.24102374969289544
4507005595_00070,4507005595_00070,"3-way match, invoice before GR",2018-02-06 13:33:00+00:00,2018-02-09 11:22:00+00:00,2.9090277777777778,211.0,R1_0_50,test,SAFE_TO_EXECUTE,grouped_iid,0.9538505273097997,0.9602763385146805,0.04614947269020031,0.03972366148531947,SAFE_TO_EXECUTE,0.24102374969289544
4507005595_00060,4507005595_00060,"3-way match, invoice before GR",2018-02-06 13:35:00+00:00,2018-02-09 11:22:00+00:00,2.907638888888889,236.0,R1_0_50,test,SAFE_TO_EXECUTE,grouped_iid,0.9780661241386367,0.9949238578680203,0.021933875861363306,0.005076142131979711,SAFE_TO_EXECUTE,0.04599532480368192
4507006231_00110,4507006231_00110,"3-way match, invoice before GR",2018-02-06 13:48:00+00:00,2018-02-09 11:31:00+00:00,2.904861111111111,125.0,R1_0_50,test,SAFE_TO_EXECUTE,grouped_iid,0.9555207496930705,0.9602763385146805,0.04447925030692945,0.03972366148531947,SAFE_TO_EXECUTE,0.24102374969289544
4507007264_00060,4507007264_00060,"3-way match, invoice before GR",2018-02-06 13:57:00+00:00,2018-02-10 10:37:00+00:00,3.861111111111111,125.0,R1_0_50,test,SAFE_TO_EXECUTE,grouped_iid,0.9560519462516365,0.9602763385146805,0.043948053748363525,0.03972366148531947,SAFE_TO_EXECUTE,0.24102374969289544
4507004474_00020,4507004474_00020,"3-way match, invoice before GR",2018-02-06 15:57:00+00:00,2018-02-07 11:20:00+00:00,0.8076388888888889,69.0,R1_0_50,test,SAFE_TO_EXECUTE,grouped_iid,0.9537948553022421,0.9602763385146805,0.04620514469775794,0.03972366148531947,SAFE_TO_EXECUTE,0.24102374969289544
4507004474_00090,4507004474_00090,"3-way match, invoice before GR",2018-02-06 15:57:00+00:00,2018-02-07 10:31:00+00:00,0.7736111111111111,122.0,R1_0_50,test,SAFE_TO_EXECUTE,grouped_iid,0.9538149599270989,0.9602763385146805,0.04618504007290114,0.03972366148531947,SAFE_TO_EXECUTE,0.24102374969289544
4507005819_00040,4507005819_00040,"3-way match, invoice before GR",2018-02-06 16:31:00+00:00,2018-02-06 16:31:00+00:00,0.0,203.0,R1_0_50,test,NOT_SAFE_TO_EXECUTE,grouped_iid,0.9123433303555641,0.8947312196880916,0.08765666964443586,0.10526878031190845,SAFE_TO_EXECUTE,0.4854781195078991
4507002620_00030,4507002620_00030,"3-way match, invoice before GR",2018-02-07 09:27:00+00:00,2018-02-08 09:30:00+00:00,1.0020833333333334,853.0,R2_50_90,test,SAFE_TO_EXECUTE,grouped_iid,0.9699204552448006,0.9806451612903225,0.03007954475519936,0.01935483870967747,SAFE_TO_EXECUTE,0.1378026662704413
4507005670_00020,4507005670_00020,"3-way match, invoice before GR",2018-02-07 10:03:00+00:00,2018-02-08 09:27:00+00:00,0.975,413.0,R1_0_50,test,SAFE_TO_EXECUTE,grouped_iid,0.9736313074922641,0.9949238578680203,0.02636869250773588,0.005076142131979711,SAFE_TO_EXECUTE,0.04599532480368192
4507006998_00010,4507006998_00010,"3-way match, invoice before GR",2018-02-07 16:58:00+00:00,2018-02-08 06:44:00+00:00,0.5736111111111111,14549.0,R3_90_99,test,SAFE_TO_EXECUTE,grouped_iid,0.9818275281499835,1.0,0.01817247185001647,0.0,SAFE_TO_EXECUTE,5.123178885069411e-14
4507007199_00080,4507007199_00080,"3-way match, invoice before GR",2018-02-08 08:49:00+00:00,2018-02-14 06:30:00+00:00,5.903472222222222,63.0,R1_0_50,test,SAFE_TO_EXECUTE,grouped_iid,0.9741983177110829,0.9949238578680203,0.025801682288917105,0.005076142131979711,SAFE_TO_EXECUTE,0.04599532480368192
4507002170_00050,4507002170_00050,"3-way match, invoice before GR",2018-02-08 11:39:00+00:00,2018-02-08 12:34:00+00:00,0.03819444444444445,557.0,R1_0_50,test,SAFE_TO_EXECUTE,grouped_iid,0.9696226445731809,0.9806451612903225,0.030377355426819075,0.01935483870967747,SAFE_TO_EXECUTE,0.1378026662704413
4507003905_00030,4507003905_00030,"3-way match, invoice before GR",2018-02-08 13:00:00+00:00,2018-02-12 09:57:00+00:00,3.872916666666667,52.0,R1_0_50,test,SAFE_TO_EXECUTE,grouped_iid,0.9491818030589209,0.9555555555555556,0.05081819694107914,0.0444444444444444,SAFE_TO_EXECUTE,0.2623112196143365
4507007962_00020,4507007962_00020,"3-way match, invoice before GR",2018-02-08 15:11:00+00:00,2018-02-09 09:27:00+00:00,0.7611111111111111,527.0,R1_0_50,test,SAFE_TO_EXECUTE,grouped_iid,0.9707173982950287,0.9949238578680203,0.029282601704971323,0.005076142131979711,SAFE_TO_EXECUTE,0.04599532480368192
4507008086_00010,4507008086_00010,"3-way match, invoice before GR",2018-02-09 08:19:00+00:00,2018-02-12 06:18:00+00:00,2.9159722222222224,96.0,R1_0_50,test,SAFE_TO_EXECUTE,grouped_iid,0.9709352759122055,0.9949238578680203,0.02906472408779448,0.005076142131979711,SAFE_TO_EXECUTE,0.04599532480368192
4507008093_00030,4507008093_00030,"3-way match, invoice before GR",2018-02-09 08:43:00+00:00,2018-02-09 14:01:00+00:00,0.22083333333333333,229.0,R1_0_50,test,SAFE_TO_EXECUTE,grouped_iid,0.9709499520676994,0.9949238578680203,0.029050047932300593,0.005076142131979711,SAFE_TO_EXECUTE,0.04599532480368192
4507005390_00120,4507005390_00120,"3-way match, invoice before GR",2018-02-09 09:14:00+00:00,2018-02-13 13:37:00+00:00,4.182638888888889,368.0,R1_0_50,test,SAFE_TO_EXECUTE,grouped_iid,0.9515850200351219,0.9555555555555556,0.04841497996487809,0.0444444444444444,SAFE_TO_EXECUTE,0.2623112196143365
4507007794_00100,4507007794_00100,"3-way match, invoice before GR",2018-02-09 09:17:00+00:00,2018-02-09 16:50:00+00:00,0.3145833333333333,85.0,R1_0_50,test,SAFE_TO_EXECUTE,grouped_iid,0.9708741533238228,0.9949238578680203,0.029125846676177236,0.005076142131979711,SAFE_TO_EXECUTE,0.04599532480368192
4507007794_00110,4507007794_00110,"3-way match, invoice before GR",2018-02-09 09:17:00+00:00,2018-02-09 16:50:00+00:00,0.3145833333333333,285.0,R1_0_50,test,SAFE_TO_EXECUTE,grouped_iid,0.9708613983286676,0.9949238578680203,0.02913860167133242,0.005076142131979711,SAFE_TO_EXECUTE,0.04599532480368192
4507007794_00190,4507007794_00190,"3-way match, invoice before GR",2018-02-09 09:17:00+00:00,2018-02-09 16:50:00+00:00,0.3145833333333333,660.0,R2_50_90,test,SAFE_TO_EXECUTE,grouped_iid,0.9708374681077481,0.9949238578680203,0.02916253189225193,0.005076142131979711,SAFE_TO_EXECUTE,0.04599532480368192
4507007784_00110,4507007784_00110,"3-way match, invoice before GR",2018-02-09 10:17:00+00:00,2018-02-12 08:49:00+00:00,2.938888888888889,828.0,R2_50_90,test,SAFE_TO_EXECUTE,grouped_iid,0.9521152374741846,0.9602763385146805,0.047884762525815416,0.03972366148531947,SAFE_TO_EXECUTE,0.24102374969289544
4507007784_00150,4507007784_00150,"3-way match, invoice before GR",2018-02-09 10:17:00+00:00,2018-02-12 08:49:00+00:00,2.938888888888889,1300.0,R2_50_90,test,SAFE_TO_EXECUTE,grouped_iid,0.9520666913665355,0.9602763385146805,0.047933308633464455,0.03972366148531947,SAFE_TO_EXECUTE,0.24102374969289544
4507005063_00030,4507005063_00030,"3-way match, invoice before GR",2018-02-09 10:57:00+00:00,2018-02-12 10:11:00+00:00,2.9680555555555554,2498.0,R2_50_90,test,SAFE_TO_EXECUTE,grouped_iid,0.9655271692053424,0.97,0.03447283079465757,0.030000000000000027,SAFE_TO_EXECUTE,0.1943918578315763
4507008044_00030,4507008044_00030,"3-way match, invoice before GR",2018-02-09 11:15:00+00:00,2018-02-12 08:26:00+00:00,2.8826388888888888,1102.0,R2_50_90,test,SAFE_TO_EXECUTE,grouped_iid,0.8517174024285742,0.8404255319148937,0.1482825975714258,0.15957446808510634,SAFE_TO_EXECUTE,0.6332905746550958
4507005021_00010,4507005021_00010,"3-way match, invoice before GR",2018-02-09 11:20:00+00:00,2018-02-13 08:41:00+00:00,3.8895833333333334,1177.0,R2_50_90,test,SAFE_TO_EXECUTE,grouped_iid,0.9646577523731389,0.97,0.03534224762686111,0.030000000000000027,SAFE_TO_EXECUTE,0.1943918578315763
4507001197_00010,4507001197_00010,"3-way match, invoice before GR",2018-02-09 11:34:00+00:00,2018-02-15 12:30:00+00:00,6.038888888888889,7101.0,R2_50_90,test,SAFE_TO_EXECUTE,grouped_iid,0.9387961826180513,0.9357798165137615,0.06120381738194869,0.06422018348623848,SAFE_TO_EXECUTE,0.34397451435953375
4507008313_00010,4507008313_00010,"3-way match, invoice before GR",2018-02-09 11:37:00+00:00,2018-02-12 16:26:00+00:00,3.2006944444444443,174.0,R1_0_50,test,SAFE_TO_EXECUTE,grouped_iid,0.97518888692906,0.9949238578680203,0.024811113070939972,0.005076142131979711,SAFE_TO_EXECUTE,0.04599532480368192
4507007446_00060,4507007446_00060,"3-way match, invoice before GR",2018-02-09 11:58:00+00:00,2018-02-13 11:48:00+00:00,3.9930555555555554,411.0,R1_0_50,test,SAFE_TO_EXECUTE,grouped_iid,0.9687393469230672,0.9806451612903225,0.03126065307693282,0.01935483870967747,SAFE_TO_EXECUTE,0.1378026662704413
4507006734_00020,4507006734_00020,"3-way match, invoice before GR",2018-02-09 12:15:00+00:00,2018-02-09 14:09:00+00:00,0.07916666666666666,1784.0,R2_50_90,test,SAFE_TO_EXECUTE,grouped_iid,0.9566455753134062,0.9602763385146805,0.043354424686593784,0.03972366148531947,SAFE_TO_EXECUTE,0.24102374969289544
4507004068_00020,4507004068_00020,"3-way match, invoice before GR",2018-02-09 12:19:00+00:00,2018-02-14 15:07:00+00:00,5.116666666666666,6224.0,R2_50_90,test,SAFE_TO_EXECUTE,grouped_iid,0.960946368215046,0.9602763385146805,0.039053631784954024,0.03972366148531947,SAFE_TO_EXECUTE,0.24102374969289544
4507004501_00080,4507004501_00080,"3-way match, invoice before GR",2018-02-09 12:49:00+00:00,2018-02-12 09:06:00+00:00,2.845138888888889,814.0,R2_50_90,test,SAFE_TO_EXECUTE,grouped_iid,0.9508621415519625,0.9555555555555556,0.04913785844803753,0.0444444444444444,SAFE_TO_EXECUTE,0.2623112196143365
4507005927_00010,4507005927_00010,"3-way match, invoice before GR",2018-02-09 12:55:00+00:00,2018-02-12 17:32:00+00:00,3.192361111111111,214.0,R1_0_50,test,SAFE_TO_EXECUTE,grouped_iid,0.9536484951046741,0.9602763385146805,0.04635150489532591,0.03972366148531947,SAFE_TO_EXECUTE,0.24102374969289544
4507004692_00070,4507004692_00070,"3-way match, invoice before GR",2018-02-09 12:58:00+00:00,2018-02-13 10:47:00+00:00,3.9090277777777778,468.0,R1_0_50,test,SAFE_TO_EXECUTE,grouped_iid,0.9504462250226273,0.9555555555555556,0.04955377497737268,0.0444444444444444,SAFE_TO_EXECUTE,0.2623112196143365
4507004692_00080,4507004692_00080,"3-way match, invoice before GR",2018-02-09 12:58:00+00:00,2018-02-12 17:16:00+00:00,3.1791666666666667,1446.0,R2_50_90,test,SAFE_TO_EXECUTE,grouped_iid,0.9509218589434894,0.9555555555555556,0.04907814105651065,0.0444444444444444,SAFE_TO_EXECUTE,0.2623112196143365
4507005452_00080,4507005452_00080,"3-way match, invoice before GR",2018-02-09 13:20:00+00:00,2018-02-12 17:15:00+00:00,3.1631944444444446,837.0,R2_50_90,test,SAFE_TO_EXECUTE,grouped_iid,0.9519721764625761,0.9602763385146805,0.04802782353742385,0.03972366148531947,SAFE_TO_EXECUTE,0.24102374969289544
4507005452_00100,4507005452_00100,"3-way match, invoice before GR",2018-02-09 13:20:00+00:00,2018-02-12 17:15:00+00:00,3.1631944444444446,705.0,R2_50_90,test,SAFE_TO_EXECUTE,grouped_iid,0.9519857830510349,0.9602763385146805,0.04801421694896513,0.03972366148531947,SAFE_TO_EXECUTE,0.24102374969289544
4507005452_00150,4507005452_00150,"3-way match, invoice before GR",2018-02-09 13:20:00+00:00,2018-02-12 17:15:00+00:00,3.1631944444444446,810.0,R2_50_90,test,SAFE_TO_EXECUTE,grouped_iid,0.9519749599262308,0.9602763385146805,0.048025040073769176,0.03972366148531947,SAFE_TO_EXECUTE,0.24102374969289544
4507008085_00030,4507008085_00030,"3-way match, invoice before GR",2018-02-09 13:45:00+00:00,2018-02-13 06:53:00+00:00,3.713888888888889,249.0,R1_0_50,test,SAFE_TO_EXECUTE,grouped_iid,0.9830998306844669,1.0,0.016900169315533065,0.0,SAFE_TO_EXECUTE,5.123178885069411e-14
4507004727_00010,4507004727_00010,"3-way match, invoice before GR",2018-02-09 14:40:00+00:00,2018-02-14 06:33:00+00:00,4.6618055555555555,51615.0,R4_99_100,test,SAFE_TO_EXECUTE,grouped_iid,0.8759738245643144,0.8404255319148937,0.12402617543568561,0.15957446808510634,SAFE_TO_EXECUTE,0.6332905746550958
4507007252_00020,4507007252_00020,"3-way match, invoice before GR",2018-02-09 14:52:00+00:00,2018-02-12 07:35:00+00:00,2.696527777777778,580.0,R2_50_90,test,NOT_SAFE_TO_EXECUTE,grouped_iid,0.9240944723222698,0.9183673469387755,0.07590552767773018,0.08163265306122447,SAFE_TO_EXECUTE,0.4079059801389762
4507008184_00050,4507008184_00050,"3-way match, invoice before GR",2018-02-10 03:46:00+00:00,2018-02-12 07:36:00+00:00,2.1597222222222223,2044.0,R2_50_90,test,SAFE_TO_EXECUTE,grouped_iid,0.9091809022456725,0.8884615384615384,0.0908190977543275,0.11153846153846159,SAFE_TO_EXECUTE,0.5045390536984206
4507008188_00250,4507008188_00250,"3-way match, invoice before GR",2018-02-10 03:50:00+00:00,2018-02-12 07:36:00+00:00,2.1569444444444446,4231.0,R2_50_90,test,SAFE_TO_EXECUTE,grouped_iid,0.9087820033550041,0.8884615384615384,0.09121799664499586,0.11153846153846159,SAFE_TO_EXECUTE,0.5045390536984206
4507008188_00240,4507008188_00240,"3-way match, invoice before GR",2018-02-10 04:03:00+00:00,2018-02-12 07:37:00+00:00,2.1486111111111112,4836.0,R2_50_90,test,SAFE_TO_EXECUTE,grouped_iid,0.9750586461208197,0.9949238578680203,0.024941353879180284,0.005076142131979711,SAFE_TO_EXECUTE,0.04599532480368192
4507006451_00020,4507006451_00020,"3-way match, invoice before GR",2018-02-10 04:11:00+00:00,2018-02-12 14:56:00+00:00,2.4479166666666665,4054.0,R2_50_90,test,SAFE_TO_EXECUTE,grouped_iid,0.9734353381286146,0.9949238578680203,0.026564661871385398,0.005076142131979711,SAFE_TO_EXECUTE,0.04599532480368192
4507008188_00060,4507008188_00060,"3-way match, invoice before GR",2018-02-10 04:12:00+00:00,2018-02-12 07:37:00+00:00,2.142361111111111,3751.0,R2_50_90,test,SAFE_TO_EXECUTE,grouped_iid,0.9088904545446904,0.8884615384615384,0.09110954545530958,0.11153846153846159,SAFE_TO_EXECUTE,0.5045390536984206
4507004866_00010,4507004866_00010,"3-way match, invoice before GR",2018-02-10 04:23:00+00:00,2018-02-12 13:39:00+00:00,2.386111111111111,2188.0,R2_50_90,test,SAFE_TO_EXECUTE,grouped_iid,0.9511626255271126,0.9555555555555556,0.048837374472887385,0.0444444444444444,SAFE_TO_EXECUTE,0.2623112196143365
4507005178_00060,4507005178_00060,"3-way match, invoice before GR",2018-02-10 05:44:00+00:00,2018-02-12 14:51:00+00:00,2.379861111111111,456.0,R1_0_50,test,SAFE_TO_EXECUTE,grouped_iid,0.9721545009622451,0.9949238578680203,0.027845499037754906,0.005076142131979711,SAFE_TO_EXECUTE,0.04599532480368192
4507001302_00020,4507001302_00020,"3-way match, invoice before GR",2018-02-12 09:15:00+00:00,2018-02-12 11:05:00+00:00,0.0763888888888889,951.0,R2_50_90,test,NOT_SAFE_TO_EXECUTE,grouped_iid,0.9494236301082154,0.9555555555555556,0.0505763698917846,0.0444444444444444,SAFE_TO_EXECUTE,0.2623112196143365
4507008048_00010,4507008048_00010,"3-way match, invoice before GR",2018-02-12 11:49:00+00:00,2018-02-19 07:17:00+00:00,6.811111111111111,2537.0,R2_50_90,test,NOT_SAFE_TO_EXECUTE,grouped_iid,0.7005409454915088,0.7333333333333333,0.2994590545084912,0.2666666666666667,SAFE_TO_EXECUTE,0.8366407419411673
4507007654_00040,4507007654_00040,"3-way match, invoice before GR",2018-02-12 14:15:00+00:00,2018-02-19 11:29:00+00:00,6.884722222222222,2475.0,R2_50_90,test,SAFE_TO_EXECUTE,grouped_iid,0.9664705383210558,0.97,0.03352946167894422,0.030000000000000027,SAFE_TO_EXECUTE,0.1943918578315763
4507007654_00070,4507007654_00070,"3-way match, invoice before GR",2018-02-12 14:15:00+00:00,2018-02-19 11:29:00+00:00,6.884722222222222,5874.0,R2_50_90,test,SAFE_TO_EXECUTE,grouped_iid,0.9662212876980288,0.97,0.03377871230197116,0.030000000000000027,SAFE_TO_EXECUTE,0.1943918578315763
4507003495_00040,4507003495_00040,"3-way match, invoice before GR",2018-02-12 14:47:00+00:00,2018-02-13 08:43:00+00:00,0.7472222222222222,605.0,R2_50_90,test,SAFE_TO_EXECUTE,grouped_iid,0.9496729807817371,0.9555555555555556,0.05032701921826288,0.0444444444444444,SAFE_TO_EXECUTE,0.2623112196143365
4507003495_00080,4507003495_00080,"3-way match, invoice before GR",2018-02-12 14:47:00+00:00,2018-02-13 08:43:00+00:00,0.7472222222222222,123.0,R1_0_50,test,SAFE_TO_EXECUTE,grouped_iid,0.9497248998235437,0.9555555555555556,0.05027510017645631,0.0444444444444444,SAFE_TO_EXECUTE,0.2623112196143365
4507008265_00010,4507008265_00010,"3-way match, invoice before GR",2018-02-13 10:55:00+00:00,2018-02-16 06:37:00+00:00,2.8208333333333333,19068.0,R3_90_99,test,SAFE_TO_EXECUTE,grouped_iid,0.9666695166805881,0.97,0.03333048331941191,0.030000000000000027,SAFE_TO_EXECUTE,0.1943918578315763
4507007103_00020,4507007103_00020,"3-way match, invoice before GR",2018-02-13 13:09:00+00:00,2018-02-15 13:04:00+00:00,1.9965277777777777,9020.0,R3_90_99,test,SAFE_TO_EXECUTE,grouped_iid,0.9691360871606782,0.9806451612903225,0.030863912839321772,0.01935483870967747,SAFE_TO_EXECUTE,0.1378026662704413
4507003024_00180,4507003024_00180,"3-way match, invoice before GR",2018-02-14 10:04:00+00:00,2018-02-22 14:16:00+00:00,8.175,150.0,R1_0_50,test,SAFE_TO_EXECUTE,grouped_iid,0.9691385435509697,0.9806451612903225,0.030861456449030267,0.01935483870967747,SAFE_TO_EXECUTE,0.1378026662704413
4507007591_00010,4507007591_00010,"3-way match, invoice before GR",2018-02-14 11:16:00+00:00,2018-02-15 06:52:00+00:00,0.8166666666666667,40800.0,R3_90_99,test,SAFE_TO_EXECUTE,grouped_iid,0.6358981036734642,0.7333333333333333,0.3641018963265358,0.2666666666666667,SAFE_TO_EXECUTE,0.8366407419411673
4507008602_00010,4507008602_00010,"3-way match, invoice before GR",2018-02-14 13:40:00+00:00,2018-02-14 16:55:00+00:00,0.13541666666666666,1691.0,R2_50_90,test,SAFE_TO_EXECUTE,grouped_iid,0.9621032842745734,0.9602763385146805,0.03789671572542663,0.03972366148531947,SAFE_TO_EXECUTE,0.24102374969289544
4507006098_00130,4507006098_00130,"3-way match, invoice before GR",2018-02-14 13:46:00+00:00,2018-02-14 16:55:00+00:00,0.13125,563.0,R1_0_50,test,SAFE_TO_EXECUTE,grouped_iid,0.9582892563853784,0.9602763385146805,0.04171074361462157,0.03972366148531947,SAFE_TO_EXECUTE,0.24102374969289544
4507009649_00020,4507009649_00020,"3-way match, invoice before GR",2018-02-15 08:25:00+00:00,2018-02-15 16:53:00+00:00,0.3527777777777778,9.0,R1_0_50,test,SAFE_TO_EXECUTE,grouped_iid,0.9723993344691089,0.9949238578680203,0.027600665530891133,0.005076142131979711,SAFE_TO_EXECUTE,0.04599532480368192
4507002457_00010,4507002457_00010,"3-way match, invoice before GR",2018-02-15 09:29:00+00:00,2018-02-16 07:31:00+00:00,0.9180555555555555,1527.0,R2_50_90,test,SAFE_TO_EXECUTE,grouped_iid,0.9492324330533631,0.9555555555555556,0.050767566946636866,0.0444444444444444,SAFE_TO_EXECUTE,0.2623112196143365
4507002457_00030,4507002457_00030,"3-way match, invoice before GR",2018-02-15 09:47:00+00:00,2018-02-16 07:31:00+00:00,0.9055555555555556,3144.0,R2_50_90,test,NOT_SAFE_TO_EXECUTE,grouped_iid,0.9490658685896316,0.9375,0.0509341314103684,0.0625,SAFE_TO_EXECUTE,0.3372900666170139
4507001302_00010,4507001302_00010,"3-way match, invoice before GR",2018-02-15 09:49:00+00:00,2018-02-16 11:04:00+00:00,1.0520833333333333,8549.0,R3_90_99,test,SAFE_TO_EXECUTE,grouped_iid,0.9642258501405576,0.97,0.03577414985944238,0.030000000000000027,SAFE_TO_EXECUTE,0.1943918578315763
4507006450_00070,4507006450_00070,"3-way match, invoice before GR",2018-02-15 09:59:00+00:00,2018-02-19 17:09:00+00:00,4.298611111111111,1060.0,R2_50_90,test,SAFE_TO_EXECUTE,grouped_iid,0.9729749001752017,0.9949238578680203,0.027025099824798282,0.005076142131979711,SAFE_TO_EXECUTE,0.04599532480368192
4507005759_00020,4507005759_00020,"3-way match, invoice before GR",2018-02-15 11:31:00+00:00,2018-02-16 07:32:00+00:00,0.8340277777777778,1544.0,R2_50_90,test,SAFE_TO_EXECUTE,grouped_iid,0.9557896341497624,0.9602763385146805,0.04421036585023763,0.03972366148531947,SAFE_TO_EXECUTE,0.24102374969289544
4507009087_00010,4507009087_00010,"3-way match, invoice before GR",2018-02-15 15:55:00+00:00,2018-02-19 11:57:00+00:00,3.834722222222222,1191.0,R2_50_90,test,SAFE_TO_EXECUTE,grouped_iid,0.9830236637437305,1.0,0.016976336256269486,0.0,SAFE_TO_EXECUTE,5.123178885069411e-14
4507009087_00020,4507009087_00020,"3-way match, invoice before GR",2018-02-15 15:55:00+00:00,2018-02-19 11:58:00+00:00,3.8354166666666667,60.0,R1_0_50,test,SAFE_TO_EXECUTE,grouped_iid,0.9830659743203284,1.0,0.016934025679671616,0.0,SAFE_TO_EXECUTE,5.123178885069411e-14
4507005631_00010,4507005631_00010,"3-way match, invoice before GR",2018-02-16 07:29:00+00:00,2018-02-16 08:17:00+00:00,0.03333333333333333,1670.0,R2_50_90,test,SAFE_TO_EXECUTE,grouped_iid,0.9654346248865813,0.97,0.03456537511341873,0.030000000000000027,SAFE_TO_EXECUTE,0.1943918578315763
4507005631_00030,4507005631_00030,"3-way match, invoice before GR",2018-02-16 07:29:00+00:00,2018-02-16 08:36:00+00:00,0.04652777777777778,3128.0,R2_50_90,test,SAFE_TO_EXECUTE,grouped_iid,0.9653172746734148,0.97,0.03468272532658523,0.030000000000000027,SAFE_TO_EXECUTE,0.1943918578315763
4507007453_00040,4507007453_00040,"3-way match, invoice before GR",2018-02-16 07:42:00+00:00,2018-02-21 13:23:00+00:00,5.236805555555556,502.0,R1_0_50,test,SAFE_TO_EXECUTE,grouped_iid,0.9859594628101092,1.0,0.014040537189890845,0.0,SAFE_TO_EXECUTE,5.123178885069411e-14
4507007067_00010,4507007067_00010,"3-way match, invoice before GR",2018-02-16 10:40:00+00:00,2018-02-22 10:38:00+00:00,5.998611111111111,5937.0,R2_50_90,test,SAFE_TO_EXECUTE,grouped_iid,0.827364214113499,0.7678571428571429,0.17263578588650097,0.2321428571428571,SAFE_TO_EXECUTE,0.7817281222714539
4507009620_00020,4507009620_00020,"3-way match, invoice before GR",2018-02-17 04:26:00+00:00,2018-02-19 06:31:00+00:00,2.0868055555555554,1917.0,R2_50_90,test,SAFE_TO_EXECUTE,grouped_iid,0.8631574325710021,0.8404255319148937,0.13684256742899792,0.15957446808510634,SAFE_TO_EXECUTE,0.6332905746550958
4507006451_00050,4507006451_00050,"3-way match, invoice before GR",2018-02-17 04:27:00+00:00,2018-02-19 12:25:00+00:00,2.3319444444444444,619.0,R2_50_90,test,SAFE_TO_EXECUTE,grouped_iid,0.9719105098774455,0.9949238578680203,0.02808949012255446,0.005076142131979711,SAFE_TO_EXECUTE,0.04599532480368192
4507009620_00010,4507009620_00010,"3-way match, invoice before GR",2018-02-17 04:39:00+00:00,2018-02-19 06:31:00+00:00,2.077777777777778,1434.0,R2_50_90,test,SAFE_TO_EXECUTE,grouped_iid,0.8633026457994155,0.8404255319148937,0.1366973542005845,0.15957446808510634,SAFE_TO_EXECUTE,0.6332905746550958
4507008647_00090,4507008647_00090,"3-way match, invoice before GR",2018-02-17 04:56:00+00:00,2018-02-19 12:31:00+00:00,2.3159722222222223,611.0,R2_50_90,test,SAFE_TO_EXECUTE,grouped_iid,0.9742273696005785,0.9949238578680203,0.02577263039942146,0.005076142131979711,SAFE_TO_EXECUTE,0.04599532480368192
4507006818_00020,4507006818_00020,"3-way match, invoice before GR",2018-02-17 05:00:00+00:00,2018-02-19 12:27:00+00:00,2.310416666666667,1746.0,R2_50_90,test,SAFE_TO_EXECUTE,grouped_iid,0.9721059177444932,0.9949238578680203,0.027894082255506825,0.005076142131979711,SAFE_TO_EXECUTE,0.04599532480368192
4507008686_00110,4507008686_00110,"3-way match, invoice before GR",2018-02-17 05:01:00+00:00,2018-02-19 09:05:00+00:00,2.1694444444444443,7430.0,R3_90_99,test,SAFE_TO_EXECUTE,grouped_iid,0.8560712541070077,0.8404255319148937,0.14392874589299232,0.15957446808510634,SAFE_TO_EXECUTE,0.6332905746550958
4507008647_00100,4507008647_00100,"3-way match, invoice before GR",2018-02-17 05:03:00+00:00,2018-02-19 12:31:00+00:00,2.311111111111111,417.0,R1_0_50,test,SAFE_TO_EXECUTE,grouped_iid,0.9742402543521529,0.9949238578680203,0.02575974564784711,0.005076142131979711,SAFE_TO_EXECUTE,0.04599532480368192
4507008370_00050,4507008370_00050,"3-way match, invoice before GR",2018-02-17 09:10:00+00:00,2018-02-21 13:24:00+00:00,4.176388888888889,431.0,R1_0_50,test,SAFE_TO_EXECUTE,grouped_iid,0.9862555071440876,1.0,0.013744492855912394,0.0,SAFE_TO_EXECUTE,5.123178885069411e-14
4507007689_00020,4507007689_00020,"3-way match, invoice before GR",2018-02-19 05:51:00+00:00,2018-02-22 14:04:00+00:00,3.342361111111111,182.0,R1_0_50,test,SAFE_TO_EXECUTE,grouped_iid,0.9572105563581862,0.9602763385146805,0.04278944364181381,0.03972366148531947,SAFE_TO_EXECUTE,0.24102374969289544
4507007689_00050,4507007689_00050,"3-way match, invoice before GR",2018-02-19 05:51:00+00:00,2018-02-22 14:07:00+00:00,3.3444444444444446,365.0,R1_0_50,test,SAFE_TO_EXECUTE,grouped_iid,0.9571922077212798,0.9602763385146805,0.042807792278720225,0.03972366148531947,SAFE_TO_EXECUTE,0.24102374969289544
4507006405_00090,4507006405_00090,"3-way match, invoice before GR",2018-02-19 05:53:00+00:00,2018-02-22 14:02:00+00:00,3.339583333333333,527.0,R1_0_50,test,SAFE_TO_EXECUTE,grouped_iid,0.9547830668595508,0.9602763385146805,0.04521693314044917,0.03972366148531947,SAFE_TO_EXECUTE,0.24102374969289544
4507007927_00040,4507007927_00040,"3-way match, invoice before GR",2018-02-19 06:33:00+00:00,2018-02-20 14:58:00+00:00,1.3506944444444444,181.0,R1_0_50,test,SAFE_TO_EXECUTE,grouped_iid,0.9549396391712427,0.9602763385146805,0.045060360828757307,0.03972366148531947,SAFE_TO_EXECUTE,0.24102374969289544
4507007927_00300,4507007927_00300,"3-way match, invoice before GR",2018-02-19 06:33:00+00:00,2018-02-20 15:04:00+00:00,1.354861111111111,173.0,R1_0_50,test,SAFE_TO_EXECUTE,grouped_iid,0.9549373814696098,0.9602763385146805,0.045062618530390175,0.03972366148531947,SAFE_TO_EXECUTE,0.24102374969289544
4507007638_00130,4507007638_00130,"3-way match, invoice before GR",2018-02-19 06:44:00+00:00,2018-02-20 14:42:00+00:00,1.3319444444444444,366.0,R1_0_50,test,SAFE_TO_EXECUTE,grouped_iid,0.954520460254579,0.9602763385146805,0.04547953974542096,0.03972366148531947,SAFE_TO_EXECUTE,0.24102374969289544
4507007638_00260,4507007638_00260,"3-way match, invoice before GR",2018-02-19 06:44:00+00:00,2018-02-20 14:42:00+00:00,1.3319444444444444,122.0,R1_0_50,test,SAFE_TO_EXECUTE,grouped_iid,0.9545443383183403,0.9602763385146805,0.04545566168165971,0.03972366148531947,SAFE_TO_EXECUTE,0.24102374969289544
4507007638_00310,4507007638_00310,"3-way match, invoice before GR",2018-02-19 06:44:00+00:00,2018-02-20 14:42:00+00:00,1.3319444444444444,223.0,R1_0_50,test,SAFE_TO_EXECUTE,grouped_iid,0.9545344558142981,0.9602763385146805,0.04546554418570192,0.03972366148531947,SAFE_TO_EXECUTE,0.24102374969289544
4507004120_00100,4507004120_00100,"3-way match, invoice before GR",2018-02-19 06:53:00+00:00,2018-02-20 14:46:00+00:00,1.3284722222222223,813.0,R2_50_90,test,SAFE_TO_EXECUTE,grouped_iid,0.9468790352391994,0.9357798165137615,0.05312096476080064,0.06422018348623848,SAFE_TO_EXECUTE,0.34397451435953375
4507007247_00050,4507007247_00050,"3-way match, invoice before GR",2018-02-19 06:58:00+00:00,2018-02-19 14:10:00+00:00,0.3,107.0,R1_0_50,test,SAFE_TO_EXECUTE,grouped_iid,0.9540140180936746,0.9602763385146805,0.04598598190632541,0.03972366148531947,SAFE_TO_EXECUTE,0.24102374969289544
4507006934_00130,4507006934_00130,"3-way match, invoice before GR",2018-02-19 07:21:00+00:00,2018-02-19 15:53:00+00:00,0.35555555555555557,223.0,R1_0_50,test,SAFE_TO_EXECUTE,grouped_iid,0.9535473951910999,0.9602763385146805,0.04645260480890012,0.03972366148531947,SAFE_TO_EXECUTE,0.24102374969289544
4507005930_00010,4507005930_00010,"3-way match, invoice before GR",2018-02-19 07:23:00+00:00,2018-02-19 14:54:00+00:00,0.31319444444444444,122.0,R1_0_50,test,SAFE_TO_EXECUTE,grouped_iid,0.9523023150386408,0.9602763385146805,0.04769768496135918,0.03972366148531947,SAFE_TO_EXECUTE,0.24102374969289544
4507007664_00070,4507007664_00070,"3-way match, invoice before GR",2018-02-19 07:26:00+00:00,2018-02-19 15:59:00+00:00,0.35625,122.0,R1_0_50,test,SAFE_TO_EXECUTE,grouped_iid,0.955273612243503,0.9602763385146805,0.044726387756496955,0.03972366148531947,SAFE_TO_EXECUTE,0.24102374969289544
4507007664_00170,4507007664_00170,"3-way match, invoice before GR",2018-02-19 07:26:00+00:00,2018-02-19 15:59:00+00:00,0.35625,294.0,R1_0_50,test,SAFE_TO_EXECUTE,grouped_iid,0.9552570387784516,0.9602763385146805,0.044742961221548416,0.03972366148531947,SAFE_TO_EXECUTE,0.24102374969289544
4507005704_00050,4507005704_00050,"3-way match, invoice before GR",2018-02-19 07:27:00+00:00,2018-02-19 14:01:00+00:00,0.27361111111111114,417.0,R1_0_50,test,SAFE_TO_EXECUTE,grouped_iid,0.9510542284906898,0.9555555555555556,0.04894577150931023,0.0444444444444444,SAFE_TO_EXECUTE,0.2623112196143365
4507004692_00130,4507004692_00130,"3-way match, invoice before GR",2018-02-19 07:33:00+00:00,2018-02-19 15:47:00+00:00,0.34305555555555556,1337.0,R2_50_90,test,SAFE_TO_EXECUTE,grouped_iid,0.9220912102086851,0.9183673469387755,0.07790878979131488,0.08163265306122447,SAFE_TO_EXECUTE,0.4079059801389762
4507005993_00020,4507005993_00020,"3-way match, invoice before GR",2018-02-19 07:34:00+00:00,2018-02-19 10:00:00+00:00,0.10138888888888889,223.0,R1_0_50,test,SAFE_TO_EXECUTE,grouped_iid,0.9524757714479622,0.9602763385146805,0.04752422855203775,0.03972366148531947,SAFE_TO_EXECUTE,0.24102374969289544
4507007807_00050,4507007807_00050,"3-way match, invoice before GR",2018-02-19 07:36:00+00:00,2018-02-19 09:59:00+00:00,0.09930555555555555,411.0,R1_0_50,test,SAFE_TO_EXECUTE,grouped_iid,0.9557764229056339,0.9602763385146805,0.044223577094366084,0.03972366148531947,SAFE_TO_EXECUTE,0.24102374969289544
4507009622_00060,4507009622_00060,"3-way match, invoice before GR",2018-02-20 09:42:00+00:00,2018-02-20 13:10:00+00:00,0.14444444444444443,42.0,R1_0_50,test,SAFE_TO_EXECUTE,grouped_iid,0.8523932341534582,0.8404255319148937,0.14760676584654175,0.15957446808510634,SAFE_TO_EXECUTE,0.6332905746550958
4507009622_00080,4507009622_00080,"3-way match, invoice before GR",2018-02-20 09:47:00+00:00,2018-02-20 13:10:00+00:00,0.14097222222222222,233.0,R1_0_50,test,SAFE_TO_EXECUTE,grouped_iid,0.852345857429945,0.8404255319148937,0.14765414257005505,0.15957446808510634,SAFE_TO_EXECUTE,0.6332905746550958
4507009622_00140,4507009622_00140,"3-way match, invoice before GR",2018-02-20 09:47:00+00:00,2018-02-20 13:10:00+00:00,0.14097222222222222,466.0,R1_0_50,test,SAFE_TO_EXECUTE,grouped_iid,0.8522797250148737,0.8404255319148937,0.1477202749851263,0.15957446808510634,SAFE_TO_EXECUTE,0.6332905746550958
4507009622_00070,4507009622_00070,"3-way match, invoice before GR",2018-02-20 09:49:00+00:00,2018-02-20 13:10:00+00:00,0.13958333333333334,207.0,R1_0_50,test,SAFE_TO_EXECUTE,grouped_iid,0.8523559627639296,0.8404255319148937,0.14764403723607045,0.15957446808510634,SAFE_TO_EXECUTE,0.6332905746550958
4507008913_00010,4507008913_00010,"3-way match, invoice before GR",2018-02-20 10:13:00+00:00,2018-02-20 16:32:00+00:00,0.26319444444444445,58.0,R1_0_50,test,SAFE_TO_EXECUTE,grouped_iid,0.9760397514295355,0.9949238578680203,0.023960248570464526,0.005076142131979711,SAFE_TO_EXECUTE,0.04599532480368192
4507008913_00020,4507008913_00020,"3-way match, invoice before GR",2018-02-20 10:13:00+00:00,2018-02-21 16:34:00+00:00,1.2645833333333334,1631.0,R2_50_90,test,SAFE_TO_EXECUTE,grouped_iid,0.9755558248271012,0.9949238578680203,0.024444175172898763,0.005076142131979711,SAFE_TO_EXECUTE,0.04599532480368192
4507007795_00020,4507007795_00020,"3-way match, invoice before GR",2018-02-20 11:52:00+00:00,2018-02-20 16:31:00+00:00,0.19375,925.0,R2_50_90,test,SAFE_TO_EXECUTE,grouped_iid,0.9493461492895501,0.9555555555555556,0.05065385071044992,0.0444444444444444,SAFE_TO_EXECUTE,0.2623112196143365
4507008915_00030,4507008915_00030,"3-way match, invoice before GR",2018-02-21 10:01:00+00:00,2018-02-23 16:40:00+00:00,2.277083333333333,176.0,R1_0_50,test,SAFE_TO_EXECUTE,grouped_iid,0.9749932661966175,0.9949238578680203,0.025006733803382475,0.005076142131979711,SAFE_TO_EXECUTE,0.04599532480368192
4507006099_00120,4507006099_00120,"3-way match, invoice before GR",2018-02-21 10:18:00+00:00,2018-02-22 12:15:00+00:00,1.08125,8939.0,R3_90_99,test,SAFE_TO_EXECUTE,grouped_iid,0.9727640585265619,0.9949238578680203,0.027235941473438108,0.005076142131979711,SAFE_TO_EXECUTE,0.04599532480368192
4507010887_00020,4507010887_00020,"3-way match, invoice before GR",2018-02-21 12:34:00+00:00,2018-02-27 10:11:00+00:00,5.9006944444444445,326.0,R1_0_50,test,SAFE_TO_EXECUTE,grouped_iid,0.9885474006861118,1.0,0.011452599313888201,0.0,SAFE_TO_EXECUTE,5.123178885069411e-14
4507008520_00040,4507008520_00040,"3-way match, invoice before GR",2018-02-23 08:36:00+00:00,2018-02-26 05:49:00+00:00,2.884027777777778,6.0,R1_0_50,test,SAFE_TO_EXECUTE,grouped_iid,0.9766130608919501,0.9949238578680203,0.023386939108049898,0.005076142131979711,SAFE_TO_EXECUTE,0.04599532480368192
4507008520_00070,4507008520_00070,"3-way match, invoice before GR",2018-02-23 08:36:00+00:00,2018-02-26 05:49:00+00:00,2.884027777777778,7.0,R1_0_50,test,SAFE_TO_EXECUTE,grouped_iid,0.7933452385146107,0.7333333333333333,0.2066547614853893,0.2666666666666667,SAFE_TO_EXECUTE,0.8366407419411673
4507011691_00010,4507011691_00010,"3-way match, invoice before GR",2018-02-23 09:06:00+00:00,2018-02-26 09:56:00+00:00,3.0347222222222223,1392.0,R2_50_90,test,SAFE_TO_EXECUTE,grouped_iid,0.9697907238240937,0.9806451612903225,0.030209276175906297,0.01935483870967747,SAFE_TO_EXECUTE,0.1378026662704413
4507011370_00030,4507011370_00030,"3-way match, invoice before GR",2018-02-23 09:18:00+00:00,2018-02-26 06:43:00+00:00,2.892361111111111,92.0,R1_0_50,test,SAFE_TO_EXECUTE,grouped_iid,0.9835359608943649,1.0,0.016464039105635098,0.0,SAFE_TO_EXECUTE,5.123178885069411e-14
4507010905_00160,4507010905_00160,"3-way match, invoice before GR",2018-02-24 03:24:00+00:00,2018-02-26 17:59:00+00:00,2.607638888888889,199.0,R1_0_50,test,SAFE_TO_EXECUTE,grouped_iid,0.9566354936319148,0.9602763385146805,0.0433645063680852,0.03972366148531947,SAFE_TO_EXECUTE,0.24102374969289544
4507011015_00150,4507011015_00150,"3-way match, invoice before GR",2018-02-24 03:30:00+00:00,2018-02-26 11:18:00+00:00,2.325,42.0,R1_0_50,test,SAFE_TO_EXECUTE,grouped_iid,0.8501523870636853,0.8404255319148937,0.14984761293631466,0.15957446808510634,SAFE_TO_EXECUTE,0.6332905746550958
4507009128_00010,4507009128_00010,"3-way match, invoice before GR",2018-02-24 03:32:00+00:00,2018-02-26 17:51:00+00:00,2.5965277777777778,185.0,R1_0_50,test,SAFE_TO_EXECUTE,grouped_iid,0.9540889843641754,0.9602763385146805,0.04591101563582456,0.03972366148531947,SAFE_TO_EXECUTE,0.24102374969289544
4507009128_00090,4507009128_00090,"3-way match, invoice before GR",2018-02-24 03:32:00+00:00,2018-02-26 17:51:00+00:00,2.5965277777777778,347.0,R1_0_50,test,SAFE_TO_EXECUTE,grouped_iid,0.9540729810690626,0.9602763385146805,0.045927018930937424,0.03972366148531947,SAFE_TO_EXECUTE,0.24102374969289544
4507008707_00080,4507008707_00080,"3-way match, invoice before GR",2018-02-24 03:36:00+00:00,2018-02-26 17:55:00+00:00,2.5965277777777778,112.0,R1_0_50,test,SAFE_TO_EXECUTE,grouped_iid,0.9528444040832825,0.9602763385146805,0.047155595916717474,0.03972366148531947,SAFE_TO_EXECUTE,0.24102374969289544
4507008756_00150,4507008756_00150,"3-way match, invoice before GR",2018-02-24 03:38:00+00:00,2018-02-26 12:07:00+00:00,2.3534722222222224,277.0,R1_0_50,test,SAFE_TO_EXECUTE,grouped_iid,0.9530323764893897,0.9602763385146805,0.046967623510610346,0.03972366148531947,SAFE_TO_EXECUTE,0.24102374969289544
4507008756_00170,4507008756_00170,"3-way match, invoice before GR",2018-02-24 03:38:00+00:00,2018-02-26 12:07:00+00:00,2.3534722222222224,294.0,R1_0_50,test,SAFE_TO_EXECUTE,grouped_iid,0.9530306606395305,0.9602763385146805,0.04696933936046954,0.03972366148531947,SAFE_TO_EXECUTE,0.24102374969289544
4507011015_00120,4507011015_00120,"3-way match, invoice before GR",2018-02-24 03:38:00+00:00,2018-02-26 11:18:00+00:00,2.3194444444444446,234.0,R1_0_50,test,SAFE_TO_EXECUTE,grouped_iid,0.8501082725026771,0.8404255319148937,0.14989172749732294,0.15957446808510634,SAFE_TO_EXECUTE,0.6332905746550958
4507011015_00110,4507011015_00110,"3-way match, invoice before GR",2018-02-24 03:55:00+00:00,2018-02-26 11:18:00+00:00,2.307638888888889,468.0,R1_0_50,test,SAFE_TO_EXECUTE,grouped_iid,0.8500645064164916,0.8404255319148937,0.14993549358350844,0.15957446808510634,SAFE_TO_EXECUTE,0.6332905746550958
4507009798_00250,4507009798_00250,"3-way match, invoice before GR",2018-02-24 03:57:00+00:00,2018-02-26 06:40:00+00:00,2.1131944444444444,5790.0,R2_50_90,test,SAFE_TO_EXECUTE,grouped_iid,0.9027737776871103,0.8884615384615384,0.09722622231288969,0.11153846153846159,SAFE_TO_EXECUTE,0.5045390536984206
4507011015_00050,4507011015_00050,"3-way match, invoice before GR",2018-02-24 03:57:00+00:00,2018-02-26 11:18:00+00:00,2.30625,417.0,R1_0_50,test,SAFE_TO_EXECUTE,grouped_iid,0.8500819246460565,0.8404255319148937,0.14991807535394353,0.15957446808510634,SAFE_TO_EXECUTE,0.6332905746550958
4507009031_00010,4507009031_00010,"3-way match, invoice before GR",2018-02-24 04:30:00+00:00,2018-02-26 12:34:00+00:00,2.3361111111111112,320.0,R1_0_50,test,SAFE_TO_EXECUTE,grouped_iid,0.9545930458959934,0.9602763385146805,0.045406954104006636,0.03972366148531947,SAFE_TO_EXECUTE,0.24102374969289544
4507006687_00050,4507006687_00050,"3-way match, invoice before GR",2018-02-24 04:34:00+00:00,2018-02-26 11:25:00+00:00,2.285416666666667,576.0,R2_50_90,test,SAFE_TO_EXECUTE,grouped_iid,0.9494165324812958,0.9555555555555556,0.05058346751870424,0.0444444444444444,SAFE_TO_EXECUTE,0.2623112196143365
4507007424_00050,4507007424_00050,"3-way match, invoice before GR",2018-02-24 04:36:00+00:00,2018-02-26 12:57:00+00:00,2.347916666666667,74.0,R1_0_50,test,SAFE_TO_EXECUTE,grouped_iid,0.9514061068855967,0.9555555555555556,0.04859389311440332,0.0444444444444444,SAFE_TO_EXECUTE,0.2623112196143365
4507007424_00070,4507007424_00070,"3-way match, invoice before GR",2018-02-24 04:36:00+00:00,2018-02-26 12:57:00+00:00,2.347916666666667,605.0,R2_50_90,test,SAFE_TO_EXECUTE,grouped_iid,0.9513507217188489,0.9555555555555556,0.048649278281151065,0.0444444444444444,SAFE_TO_EXECUTE,0.2623112196143365
4507009063_00020,4507009063_00020,"3-way match, invoice before GR",2018-02-24 04:40:00+00:00,2018-02-26 12:08:00+00:00,2.311111111111111,162.0,R1_0_50,test,SAFE_TO_EXECUTE,grouped_iid,0.9546362150482007,0.9602763385146805,0.04536378495179927,0.03972366148531947,SAFE_TO_EXECUTE,0.24102374969289544
4507010263_00140,4507010263_00140,"3-way match, invoice before GR",2018-02-24 04:55:00+00:00,2018-02-26 16:39:00+00:00,2.488888888888889,1224.0,R2_50_90,test,SAFE_TO_EXECUTE,grouped_iid,0.9626634232304179,0.9602763385146805,0.03733657676958213,0.03972366148531947,SAFE_TO_EXECUTE,0.24102374969289544
4507007809_00060,4507007809_00060,"3-way match, invoice before GR",2018-02-24 05:01:00+00:00,2018-02-26 12:09:00+00:00,2.297222222222222,162.0,R1_0_50,test,SAFE_TO_EXECUTE,grouped_iid,0.9520689452427984,0.9602763385146805,0.04793105475720161,0.03972366148531947,SAFE_TO_EXECUTE,0.24102374969289544
4507008756_00050,4507008756_00050,"3-way match, invoice before GR",2018-02-24 05:10:00+00:00,2018-02-26 12:07:00+00:00,2.2895833333333333,223.0,R1_0_50,test,SAFE_TO_EXECUTE,grouped_iid,0.9534505851675081,0.9602763385146805,0.046549414832491864,0.03972366148531947,SAFE_TO_EXECUTE,0.24102374969289544
4507007079_00010,4507007079_00010,"3-way match, invoice before GR",2018-02-24 05:15:00+00:00,2018-02-26 12:10:00+00:00,2.2881944444444446,241.0,R1_0_50,test,SAFE_TO_EXECUTE,grouped_iid,0.9499411655276288,0.9555555555555556,0.05005883447237125,0.0444444444444444,SAFE_TO_EXECUTE,0.2623112196143365
4507005997_00010,4507005997_00010,"3-way match, invoice before GR",2018-02-26 06:57:00+00:00,2018-02-26 15:27:00+00:00,0.3541666666666667,445.0,R1_0_50,test,SAFE_TO_EXECUTE,grouped_iid,0.9506919615385777,0.9555555555555556,0.04930803846142229,0.0444444444444444,SAFE_TO_EXECUTE,0.2623112196143365
4507011455_00030,4507011455_00030,"3-way match, invoice before GR",2018-02-26 08:25:00+00:00,2018-02-27 08:46:00+00:00,1.0145833333333334,782.0,R2_50_90,test,SAFE_TO_EXECUTE,grouped_iid,0.9702126973989883,0.9806451612903225,0.0297873026010117,0.01935483870967747,SAFE_TO_EXECUTE,0.1378026662704413
4507011455_00040,4507011455_00040,"3-way match, invoice before GR",2018-02-26 08:25:00+00:00,2018-02-27 08:40:00+00:00,1.0104166666666667,250.0,R1_0_50,test,SAFE_TO_EXECUTE,grouped_iid,0.9702493809066111,0.9806451612903225,0.02975061909338894,0.01935483870967747,SAFE_TO_EXECUTE,0.1378026662704413
4507009757_00010,4507009757_00010,"3-way match, invoice before GR",2018-02-27 08:18:00+00:00,2018-03-02 10:50:00+00:00,3.1055555555555556,2555.0,R2_50_90,test,SAFE_TO_EXECUTE,grouped_iid,0.9693073795972971,0.9806451612903225,0.03069262040270293,0.01935483870967747,SAFE_TO_EXECUTE,0.1378026662704413
4507011542_00010,4507011542_00010,"3-way match, invoice before GR",2018-02-27 08:43:00+00:00,2018-02-27 10:25:00+00:00,0.07083333333333333,103.0,R1_0_50,test,SAFE_TO_EXECUTE,grouped_iid,0.9583817578054363,0.9602763385146805,0.04161824219456367,0.03972366148531947,SAFE_TO_EXECUTE,0.24102374969289544
4507011954_00010,4507011954_00010,"3-way match, invoice before GR",2018-02-27 09:06:00+00:00,2018-03-05 16:35:00+00:00,6.311805555555556,222.0,R1_0_50,test,SAFE_TO_EXECUTE,grouped_iid,0.9744939459305684,0.9949238578680203,0.025506054069431627,0.005076142131979711,SAFE_TO_EXECUTE,0.04599532480368192
4507011954_00060,4507011954_00060,"3-way match, invoice before GR",2018-02-27 09:06:00+00:00,2018-03-05 16:35:00+00:00,6.311805555555556,144.0,R1_0_50,test,SAFE_TO_EXECUTE,grouped_iid,0.9744983170971815,0.9949238578680203,0.025501682902818512,0.005076142131979711,SAFE_TO_EXECUTE,0.04599532480368192
4507011121_00090,4507011121_00090,"3-way match, invoice before GR",2018-02-27 10:26:00+00:00,2018-03-05 15:19:00+00:00,6.2034722222222225,228.0,R1_0_50,test,SAFE_TO_EXECUTE,grouped_iid,0.953102968639494,0.9602763385146805,0.04689703136050605,0.03972366148531947,SAFE_TO_EXECUTE,0.24102374969289544
4507011176_00020,4507011176_00020,"3-way match, invoice before GR",2018-02-27 10:27:00+00:00,2018-03-05 15:14:00+00:00,6.199305555555555,266.0,R1_0_50,test,SAFE_TO_EXECUTE,grouped_iid,0.9531575407008377,0.9602763385146805,0.04684245929916231,0.03972366148531947,SAFE_TO_EXECUTE,0.24102374969289544
4507011121_00070,4507011121_00070,"3-way match, invoice before GR",2018-02-27 10:28:00+00:00,2018-03-05 15:19:00+00:00,6.202083333333333,245.0,R1_0_50,test,SAFE_TO_EXECUTE,grouped_iid,0.9531022239294172,0.9602763385146805,0.046897776070582764,0.03972366148531947,SAFE_TO_EXECUTE,0.24102374969289544
4507011121_00110,4507011121_00110,"3-way match, invoice before GR",2018-02-27 10:32:00+00:00,2018-03-05 15:19:00+00:00,6.199305555555555,124.0,R1_0_50,test,SAFE_TO_EXECUTE,grouped_iid,0.9531163545949416,0.9602763385146805,0.046883645405058405,0.03972366148531947,SAFE_TO_EXECUTE,0.24102374969289544
4507011121_00040,4507011121_00040,"3-way match, invoice before GR",2018-02-27 10:36:00+00:00,2018-03-05 15:19:00+00:00,6.196527777777778,134.0,R1_0_50,test,SAFE_TO_EXECUTE,grouped_iid,0.9531172837976293,0.9602763385146805,0.04688271620237072,0.03972366148531947,SAFE_TO_EXECUTE,0.24102374969289544
4507011121_00050,4507011121_00050,"3-way match, invoice before GR",2018-02-27 10:45:00+00:00,2018-03-05 15:19:00+00:00,6.190277777777778,134.0,R1_0_50,test,SAFE_TO_EXECUTE,grouped_iid,0.9531216413263285,0.9602763385146805,0.046878358673671516,0.03972366148531947,SAFE_TO_EXECUTE,0.24102374969289544
4507010329_00020,4507010329_00020,"3-way match, invoice before GR",2018-02-27 10:50:00+00:00,2018-03-05 15:13:00+00:00,6.182638888888889,124.0,R1_0_50,test,SAFE_TO_EXECUTE,grouped_iid,0.951365854925729,0.9555555555555556,0.048634145074270996,0.0444444444444444,SAFE_TO_EXECUTE,0.2623112196143365
4507009069_00010,4507009069_00010,"3-way match, invoice before GR",2018-02-27 12:34:00+00:00,2018-02-28 07:23:00+00:00,0.7840277777777778,236.0,R1_0_50,test,SAFE_TO_EXECUTE,grouped_iid,0.9537624028420802,0.9602763385146805,0.04623759715791975,0.03972366148531947,SAFE_TO_EXECUTE,0.24102374969289544
4507009069_00020,4507009069_00020,"3-way match, invoice before GR",2018-02-27 12:34:00+00:00,2018-02-28 07:23:00+00:00,0.7840277777777778,376.0,R1_0_50,test,SAFE_TO_EXECUTE,grouped_iid,0.9537484795388723,0.9602763385146805,0.04625152046112768,0.03972366148531947,SAFE_TO_EXECUTE,0.24102374969289544
4507009069_00070,4507009069_00070,"3-way match, invoice before GR",2018-02-27 12:34:00+00:00,2018-02-28 07:23:00+00:00,0.7840277777777778,767.0,R2_50_90,test,SAFE_TO_EXECUTE,grouped_iid,0.953709572609799,0.9602763385146805,0.04629042739020095,0.03972366148531947,SAFE_TO_EXECUTE,0.24102374969289544
4507008726_00160,4507008726_00160,"3-way match, invoice before GR",2018-02-27 12:41:00+00:00,2018-02-28 07:18:00+00:00,0.7756944444444445,151.0,R1_0_50,test,SAFE_TO_EXECUTE,grouped_iid,0.9525484787913063,0.9602763385146805,0.04745152120869367,0.03972366148531947,SAFE_TO_EXECUTE,0.24102374969289544
4507008726_00220,4507008726_00220,"3-way match, invoice before GR",2018-02-27 12:41:00+00:00,2018-02-28 07:18:00+00:00,0.7756944444444445,1114.0,R2_50_90,test,SAFE_TO_EXECUTE,grouped_iid,0.9524502345956684,0.9602763385146805,0.047549765404331645,0.03972366148531947,SAFE_TO_EXECUTE,0.24102374969289544
4507012224_00050,4507012224_00050,"3-way match, invoice before GR",2018-02-27 14:49:00+00:00,2018-02-27 16:30:00+00:00,0.07013888888888889,60.0,R1_0_50,test,SAFE_TO_EXECUTE,grouped_iid,0.9712851775337025,0.9949238578680203,0.02871482246629753,0.005076142131979711,SAFE_TO_EXECUTE,0.04599532480368192
4507003342_00030,4507003342_00030,"3-way match, invoice before GR",2018-02-27 15:56:00+00:00,2018-03-08 09:56:00+00:00,8.75,346.0,R1_0_50,test,SAFE_TO_EXECUTE,grouped_iid,0.9421803363752395,0.9357798165137615,0.05781966362476054,0.06422018348623848,SAFE_TO_EXECUTE,0.34397451435953375
4507012233_00020,4507012233_00020,"3-way match, invoice before GR",2018-02-28 13:20:00+00:00,2018-02-28 16:20:00+00:00,0.125,371.0,R1_0_50,test,SAFE_TO_EXECUTE,grouped_iid,0.9773870623708121,0.9949238578680203,0.022612937629187924,0.005076142131979711,SAFE_TO_EXECUTE,0.04599532480368192
4507011957_00020,4507011957_00020,"3-way match, invoice before GR",2018-02-28 16:20:00+00:00,2018-03-01 11:48:00+00:00,0.8111111111111111,2771.0,R2_50_90,test,SAFE_TO_EXECUTE,grouped_iid,0.9823706868281947,1.0,0.017629313171805272,0.0,SAFE_TO_EXECUTE,5.123178885069411e-14
4507009008_00020,4507009008_00020,"3-way match, invoice before GR",2018-03-01 08:35:00+00:00,2018-03-01 09:10:00+00:00,0.024305555555555556,2598.0,R2_50_90,test,SAFE_TO_EXECUTE,grouped_iid,0.9277519085620439,0.9183673469387755,0.07224809143795607,0.08163265306122447,SAFE_TO_EXECUTE,0.4079059801389762
4507009008_00050,4507009008_00050,"3-way match, invoice before GR",2018-03-01 08:35:00+00:00,2018-03-01 09:16:00+00:00,0.02847222222222222,474.0,R1_0_50,test,SAFE_TO_EXECUTE,grouped_iid,0.8985824176835109,0.8884615384615384,0.10141758231648912,0.11153846153846159,SAFE_TO_EXECUTE,0.5045390536984206
4507012609_00150,4507012609_00150,"3-way match, invoice before GR",2018-03-01 09:48:00+00:00,2018-03-01 14:39:00+00:00,0.20208333333333334,10107.0,R3_90_99,test,SAFE_TO_EXECUTE,grouped_iid,0.8661169649653508,0.8404255319148937,0.13388303503464916,0.15957446808510634,SAFE_TO_EXECUTE,0.6332905746550958
4507011939_00040,4507011939_00040,"3-way match, invoice before GR",2018-03-01 10:58:00+00:00,2018-03-01 11:02:00+00:00,0.002777777777777778,401.0,R1_0_50,test,SAFE_TO_EXECUTE,grouped_iid,0.852545668327749,0.8404255319148937,0.14745433167225097,0.15957446808510634,SAFE_TO_EXECUTE,0.6332905746550958
4507011916_00020,4507011916_00020,"3-way match, invoice before GR",2018-03-01 11:11:00+00:00,2018-03-06 09:35:00+00:00,4.933333333333334,876.0,R2_50_90,test,SAFE_TO_EXECUTE,grouped_iid,0.9541191094169605,0.9602763385146805,0.04588089058303946,0.03972366148531947,SAFE_TO_EXECUTE,0.24102374969289544
4507012991_00010,4507012991_00010,"3-way match, invoice before GR",2018-03-01 16:44:00+00:00,2018-03-05 11:43:00+00:00,3.7909722222222224,18706.0,R3_90_99,test,SAFE_TO_EXECUTE,grouped_iid,0.9815397412762302,1.0,0.018460258723769774,0.0,SAFE_TO_EXECUTE,5.123178885069411e-14
4507010801_00040,4507010801_00040,"3-way match, invoice before GR",2018-03-01 16:58:00+00:00,2018-03-20 09:29:00+00:00,18.688194444444445,633.0,R2_50_90,test,NOT_SAFE_TO_EXECUTE,grouped_iid,0.3575842838429739,0.06666666666666667,0.6424157161570261,0.9333333333333333,NOT_SAFE_TO_EXECUTE,0.3533593350214213
4507011124_00010,4507011124_00010,"3-way match, invoice before GR",2018-03-05 09:02:00+00:00,2018-03-07 06:34:00+00:00,1.8972222222222221,26153.0,R3_90_99,test,SAFE_TO_EXECUTE,grouped_iid,0.8946365683043765,0.8884615384615384,0.10536343169562346,0.11153846153846159,SAFE_TO_EXECUTE,0.5045390536984206
4507009082_00040,4507009082_00040,"3-way match, invoice before GR",2018-03-05 16:27:00+00:00,2018-03-07 14:49:00+00:00,1.9319444444444445,697.0,R2_50_90,test,SAFE_TO_EXECUTE,grouped_iid,0.9549589428016513,0.9602763385146805,0.04504105719834872,0.03972366148531947,SAFE_TO_EXECUTE,0.24102374969289544
4507011019_00050,4507011019_00050,"3-way match, invoice before GR",2018-03-06 13:56:00+00:00,2018-03-06 16:43:00+00:00,0.11597222222222223,2242.0,R2_50_90,test,SAFE_TO_EXECUTE,grouped_iid,0.9739665278704281,0.9949238578680203,0.026033472129571855,0.005076142131979711,SAFE_TO_EXECUTE,0.04599532480368192
4507011294_00060,4507011294_00060,"3-way match, invoice before GR",2018-03-06 15:13:00+00:00,2018-03-06 16:44:00+00:00,0.06319444444444444,5610.0,R2_50_90,test,SAFE_TO_EXECUTE,grouped_iid,0.9740445898935249,0.9949238578680203,0.025955410106475063,0.005076142131979711,SAFE_TO_EXECUTE,0.04599532480368192
4507011952_00030,4507011952_00030,"3-way match, invoice before GR",2018-03-06 17:05:00+00:00,2018-03-09 16:30:00+00:00,2.9756944444444446,295.0,R1_0_50,test,SAFE_TO_EXECUTE,grouped_iid,0.9812411650857096,1.0,0.018758834914290423,0.0,SAFE_TO_EXECUTE,5.123178885069411e-14
4507012839_00010,4507012839_00010,"3-way match, invoice before GR",2018-03-07 08:32:00+00:00,2018-03-07 16:38:00+00:00,0.3375,148.0,R1_0_50,test,SAFE_TO_EXECUTE,grouped_iid,0.976990526592032,0.9949238578680203,0.023009473407967995,0.005076142131979711,SAFE_TO_EXECUTE,0.04599532480368192
4507012839_00120,4507012839_00120,"3-way match, invoice before GR",2018-03-07 08:32:00+00:00,2018-03-07 16:38:00+00:00,0.3375,117.0,R1_0_50,test,SAFE_TO_EXECUTE,grouped_iid,0.9769920978982358,0.9949238578680203,0.023007902101764177,0.005076142131979711,SAFE_TO_EXECUTE,0.04599532480368192
4507013690_00070,4507013690_00070,"3-way match, invoice before GR",2018-03-07 10:05:00+00:00,2018-03-08 16:47:00+00:00,1.2791666666666666,1966.0,R2_50_90,test,SAFE_TO_EXECUTE,grouped_iid,0.97639782284865,0.9949238578680203,0.023602177151350046,0.005076142131979711,SAFE_TO_EXECUTE,0.04599532480368192
4507013690_00100,4507013690_00100,"3-way match, invoice before GR",2018-03-07 10:05:00+00:00,2018-03-08 16:47:00+00:00,1.2791666666666666,35.0,R1_0_50,test,SAFE_TO_EXECUTE,grouped_iid,0.976497955823428,0.9949238578680203,0.02350204417657198,0.005076142131979711,SAFE_TO_EXECUTE,0.04599532480368192
4507013690_00110,4507013690_00110,"3-way match, invoice before GR",2018-03-07 10:05:00+00:00,2018-03-08 16:47:00+00:00,1.2791666666666666,247.0,R1_0_50,test,SAFE_TO_EXECUTE,grouped_iid,0.9764869827485428,0.9949238578680203,0.023513017251457158,0.005076142131979711,SAFE_TO_EXECUTE,0.04599532480368192
4507007605_00010,4507007605_00010,"3-way match, invoice before GR",2018-03-07 14:10:00+00:00,2018-03-09 14:49:00+00:00,2.027083333333333,1820.0,R2_50_90,test,SAFE_TO_EXECUTE,grouped_iid,0.8571426793599525,0.8404255319148937,0.14285732064004752,0.15957446808510634,SAFE_TO_EXECUTE,0.6332905746550958
4507014108_00010,4507014108_00010,"3-way match, invoice before GR",2018-03-08 05:03:00+00:00,2018-03-08 06:48:00+00:00,0.07291666666666667,22863.0,R3_90_99,test,SAFE_TO_EXECUTE,grouped_iid,0.982168570470353,1.0,0.017831429529647003,0.0,SAFE_TO_EXECUTE,5.123178885069411e-14
4507014580_00010,4507014580_00010,"3-way match, invoice before GR",2018-03-09 08:56:00+00:00,2018-03-14 07:52:00+00:00,4.955555555555556,527.0,R1_0_50,test,NOT_SAFE_TO_EXECUTE,grouped_iid,0.8645926291045498,0.8404255319148937,0.13540737089545019,0.15957446808510634,SAFE_TO_EXECUTE,0.6332905746550958
4507014580_00020,4507014580_00020,"3-way match, invoice before GR",2018-03-09 08:56:00+00:00,2018-03-14 07:52:00+00:00,4.955555555555556,284.0,R1_0_50,test,NOT_SAFE_TO_EXECUTE,grouped_iid,0.8646567633406222,0.8404255319148937,0.13534323665937775,0.15957446808510634,SAFE_TO_EXECUTE,0.6332905746550958
4507014580_00050,4507014580_00050,"3-way match, invoice before GR",2018-03-09 08:56:00+00:00,2018-03-14 07:52:00+00:00,4.955555555555556,61.0,R1_0_50,test,NOT_SAFE_TO_EXECUTE,grouped_iid,0.910289583549355,0.8884615384615384,0.08971041645064504,0.11153846153846159,SAFE_TO_EXECUTE,0.5045390536984206
4507014580_00110,4507014580_00110,"3-way match, invoice before GR",2018-03-09 08:56:00+00:00,2018-03-14 07:52:00+00:00,4.955555555555556,42.0,R1_0_50,test,NOT_SAFE_TO_EXECUTE,grouped_iid,0.8647206081841355,0.8404255319148937,0.13527939181586446,0.15957446808510634,SAFE_TO_EXECUTE,0.6332905746550958
4507014580_00150,4507014580_00150,"3-way match, invoice before GR",2018-03-09 08:56:00+00:00,2018-03-14 07:52:00+00:00,4.955555555555556,6417.0,R2_50_90,test,NOT_SAFE_TO_EXECUTE,grouped_iid,0.9091123118459318,0.8884615384615384,0.09088768815406822,0.11153846153846159,SAFE_TO_EXECUTE,0.5045390536984206
4507014580_00170,4507014580_00170,"3-way match, invoice before GR",2018-03-09 08:56:00+00:00,2018-03-14 07:52:00+00:00,4.955555555555556,23.0,R1_0_50,test,NOT_SAFE_TO_EXECUTE,grouped_iid,0.910296580476534,0.8884615384615384,0.08970341952346605,0.11153846153846159,SAFE_TO_EXECUTE,0.5045390536984206
4507014623_00010,4507014623_00010,"3-way match, invoice before GR",2018-03-09 09:04:00+00:00,2018-03-09 16:30:00+00:00,0.30972222222222223,12869.0,R3_90_99,test,SAFE_TO_EXECUTE,grouped_iid,0.9590988480178492,0.9602763385146805,0.04090115198215083,0.03972366148531947,SAFE_TO_EXECUTE,0.24102374969289544
4507014562_00030,4507014562_00030,"3-way match, invoice before GR",2018-03-09 09:48:00+00:00,2018-03-14 06:56:00+00:00,4.8805555555555555,274.0,R1_0_50,test,SAFE_TO_EXECUTE,grouped_iid,0.9887122271901528,1.0,0.011287772809847163,0.0,SAFE_TO_EXECUTE,5.123178885069411e-14
4507010381_00010,4507010381_00010,"3-way match, invoice before GR",2018-03-09 15:02:00+00:00,2018-03-13 10:28:00+00:00,3.8097222222222222,3561.0,R2_50_90,test,SAFE_TO_EXECUTE,grouped_iid,0.9798248658774982,1.0,0.020175134122501825,0.0,SAFE_TO_EXECUTE,5.123178885069411e-14
4507012304_00020,4507012304_00020,"3-way match, invoice before GR",2018-03-10 03:27:00+00:00,2018-03-12 18:02:00+00:00,2.607638888888889,145.0,R1_0_50,test,SAFE_TO_EXECUTE,grouped_iid,0.9536871370358286,0.9602763385146805,0.046312862964171364,0.03972366148531947,SAFE_TO_EXECUTE,0.24102374969289544
4507012304_00050,4507012304_00050,"3-way match, invoice before GR",2018-03-10 03:27:00+00:00,2018-03-12 18:02:00+00:00,2.607638888888889,112.0,R1_0_50,test,SAFE_TO_EXECUTE,grouped_iid,0.9536904234584551,0.9602763385146805,0.04630957654154488,0.03972366148531947,SAFE_TO_EXECUTE,0.24102374969289544
4507012276_00050,4507012276_00050,"3-way match, invoice before GR",2018-03-10 03:33:00+00:00,2018-03-12 09:22:00+00:00,2.2423611111111112,147.0,R1_0_50,test,SAFE_TO_EXECUTE,grouped_iid,0.9539472438110264,0.9602763385146805,0.04605275618897364,0.03972366148531947,SAFE_TO_EXECUTE,0.24102374969289544
4507010905_00090,4507010905_00090,"3-way match, invoice before GR",2018-03-10 03:34:00+00:00,2018-03-12 18:02:00+00:00,2.602777777777778,147.0,R1_0_50,test,SAFE_TO_EXECUTE,grouped_iid,0.9298258483285153,0.9183673469387755,0.07017415167148466,0.08163265306122447,SAFE_TO_EXECUTE,0.4079059801389762
4507012307_00030,4507012307_00030,"3-way match, invoice before GR",2018-03-10 03:42:00+00:00,2018-03-12 17:52:00+00:00,2.5902777777777777,111.0,R1_0_50,test,SAFE_TO_EXECUTE,grouped_iid,0.9537049462600797,0.9602763385146805,0.04629505373992027,0.03972366148531947,SAFE_TO_EXECUTE,0.24102374969289544
4507012307_00090,4507012307_00090,"3-way match, invoice before GR",2018-03-10 03:42:00+00:00,2018-03-12 17:52:00+00:00,2.5902777777777777,554.0,R1_0_50,test,SAFE_TO_EXECUTE,grouped_iid,0.9536608231856722,0.9602763385146805,0.046339176814327754,0.03972366148531947,SAFE_TO_EXECUTE,0.24102374969289544
4507012307_00150,4507012307_00150,"3-way match, invoice before GR",2018-03-10 03:42:00+00:00,2018-03-12 18:05:00+00:00,2.5993055555555555,452.0,R1_0_50,test,SAFE_TO_EXECUTE,grouped_iid,0.9536642360839758,0.9602763385146805,0.04633576391602423,0.03972366148531947,SAFE_TO_EXECUTE,0.24102374969289544
4507009810_00010,4507009810_00010,"3-way match, invoice before GR",2018-03-10 07:00:00+00:00,2018-03-12 17:12:00+00:00,2.425,7011.0,R2_50_90,test,SAFE_TO_EXECUTE,grouped_iid,0.9617319216953687,0.9602763385146805,0.0382680783046313,0.03972366148531947,SAFE_TO_EXECUTE,0.24102374969289544
4507012828_00010,4507012828_00010,"3-way match, invoice before GR",2018-03-10 08:59:00+00:00,2018-03-12 17:27:00+00:00,2.352777777777778,618.0,R2_50_90,test,SAFE_TO_EXECUTE,grouped_iid,0.9736633462938545,0.9949238578680203,0.026336653706145463,0.005076142131979711,SAFE_TO_EXECUTE,0.04599532480368192
4507012828_00050,4507012828_00050,"3-way match, invoice before GR",2018-03-10 09:02:00+00:00,2018-03-12 17:31:00+00:00,2.3534722222222224,1206.0,R2_50_90,test,SAFE_TO_EXECUTE,grouped_iid,0.9736289539479366,0.9949238578680203,0.026371046052063418,0.005076142131979711,SAFE_TO_EXECUTE,0.04599532480368192
4507011294_00020,4507011294_00020,"3-way match, invoice before GR",2018-03-10 09:21:00+00:00,2018-03-12 17:33:00+00:00,2.341666666666667,615.0,R2_50_90,test,SAFE_TO_EXECUTE,grouped_iid,0.971893645769266,0.9949238578680203,0.028106354230734043,0.005076142131979711,SAFE_TO_EXECUTE,0.04599532480368192
4507009732_00020,4507009732_00020,"3-way match, invoice before GR",2018-03-10 09:43:00+00:00,2018-03-12 08:56:00+00:00,1.9673611111111111,2179.0,R2_50_90,test,SAFE_TO_EXECUTE,grouped_iid,0.963122974680657,0.9602763385146805,0.036877025319343004,0.03972366148531947,SAFE_TO_EXECUTE,0.24102374969289544
4507009386_00060,4507009386_00060,"3-way match, invoice before GR",2018-03-10 10:38:00+00:00,2018-03-14 12:16:00+00:00,4.0680555555555555,2402.0,R2_50_90,test,SAFE_TO_EXECUTE,grouped_iid,0.9802953581392682,1.0,0.019704641860731842,0.0,SAFE_TO_EXECUTE,5.123178885069411e-14
4507010054_00010,4507010054_00010,"3-way match, invoice before GR",2018-03-10 11:01:00+00:00,2018-03-14 10:09:00+00:00,3.963888888888889,23968.0,R3_90_99,test,NOT_SAFE_TO_EXECUTE,grouped_iid,0.053205339570047194,0.06666666666666667,0.9467946604299529,0.9333333333333333,NOT_SAFE_TO_EXECUTE,0.3533593350214213
4507012288_00050,4507012288_00050,"3-way match, invoice before GR",2018-03-10 11:05:00+00:00,2018-03-19 07:13:00+00:00,8.838888888888889,676.0,R2_50_90,test,SAFE_TO_EXECUTE,grouped_iid,0.9655403740588413,0.97,0.0344596259411587,0.030000000000000027,SAFE_TO_EXECUTE,0.1943918578315763
4507012828_00020,4507012828_00020,"3-way match, invoice before GR",2018-03-10 11:27:00+00:00,2018-03-12 17:31:00+00:00,2.2527777777777778,2648.0,R2_50_90,test,SAFE_TO_EXECUTE,grouped_iid,0.9841845903802878,1.0,0.015815409619712173,0.0,SAFE_TO_EXECUTE,5.123178885069411e-14
4507009488_00010,4507009488_00010,"3-way match, invoice before GR",2018-03-10 11:30:00+00:00,2018-03-12 09:59:00+00:00,1.9368055555555554,4589.0,R2_50_90,test,SAFE_TO_EXECUTE,grouped_iid,0.9648838685974936,0.97,0.035116131402506356,0.030000000000000027,SAFE_TO_EXECUTE,0.1943918578315763
4507012003_00030,4507012003_00030,"3-way match, invoice before GR",2018-03-10 11:31:00+00:00,2018-03-13 07:30:00+00:00,2.832638888888889,235.0,R1_0_50,test,SAFE_TO_EXECUTE,grouped_iid,0.9533111402607806,0.9602763385146805,0.046688859739219435,0.03972366148531947,SAFE_TO_EXECUTE,0.24102374969289544
4507008037_00010,4507008037_00010,"3-way match, invoice before GR",2018-03-10 11:47:00+00:00,2018-03-12 10:10:00+00:00,1.9326388888888888,2294.0,R2_50_90,test,SAFE_TO_EXECUTE,grouped_iid,0.9251715478760862,0.9183673469387755,0.07482845212391376,0.08163265306122447,SAFE_TO_EXECUTE,0.4079059801389762
4507013242_00010,4507013242_00010,"3-way match, invoice before GR",2018-03-12 10:29:00+00:00,2018-03-15 11:10:00+00:00,3.0284722222222222,6573.0,R2_50_90,test,SAFE_TO_EXECUTE,grouped_iid,0.9538942948680346,0.9602763385146805,0.046105705131965435,0.03972366148531947,SAFE_TO_EXECUTE,0.24102374969289544
4507015276_00060,4507015276_00060,"3-way match, invoice before GR",2018-03-12 10:41:00+00:00,2018-03-13 16:30:00+00:00,1.242361111111111,225.0,R1_0_50,test,SAFE_TO_EXECUTE,grouped_iid,0.9771294202465062,0.9949238578680203,0.022870579753493825,0.005076142131979711,SAFE_TO_EXECUTE,0.04599532480368192
4507015261_00040,4507015261_00040,"3-way match, invoice before GR",2018-03-12 12:21:00+00:00,2018-03-12 16:41:00+00:00,0.18055555555555555,122.0,R1_0_50,test,SAFE_TO_EXECUTE,grouped_iid,0.9711517079263748,0.9949238578680203,0.02884829207362516,0.005076142131979711,SAFE_TO_EXECUTE,0.04599532480368192
4507011307_00010,4507011307_00010,"3-way match, invoice before GR",2018-03-12 12:28:00+00:00,2018-03-12 16:42:00+00:00,0.1763888888888889,90.0,R1_0_50,test,SAFE_TO_EXECUTE,grouped_iid,0.9665456867541773,0.97,0.03345431324582271,0.030000000000000027,SAFE_TO_EXECUTE,0.1943918578315763
4507014573_00010,4507014573_00010,"3-way match, invoice before GR",2018-03-12 12:29:00+00:00,2018-03-12 16:41:00+00:00,0.175,6098.0,R2_50_90,test,SAFE_TO_EXECUTE,grouped_iid,0.9702305929736785,0.9806451612903225,0.02976940702632147,0.01935483870967747,SAFE_TO_EXECUTE,0.1378026662704413
4507008437_00010,4507008437_00010,"3-way match, invoice before GR",2018-03-12 12:34:00+00:00,2018-03-14 11:22:00+00:00,1.95,1638.0,R2_50_90,test,SAFE_TO_EXECUTE,grouped_iid,0.9969585406802608,1.0,0.0030414593197392037,0.0,SAFE_TO_EXECUTE,5.123178885069411e-14
4507014668_00010,4507014668_00010,"3-way match, invoice before GR",2018-03-12 16:59:00+00:00,2018-03-19 12:36:00+00:00,6.817361111111111,20576.0,R3_90_99,test,SAFE_TO_EXECUTE,grouped_iid,0.9649513810387195,0.97,0.03504861896128053,0.030000000000000027,SAFE_TO_EXECUTE,0.1943918578315763
4507011558_00030,4507011558_00030,"3-way match, invoice before GR",2018-03-13 05:03:00+00:00,2018-03-13 13:50:00+00:00,0.3659722222222222,1056.0,R2_50_90,test,SAFE_TO_EXECUTE,grouped_iid,0.9519622438012914,0.9602763385146805,0.04803775619870865,0.03972366148531947,SAFE_TO_EXECUTE,0.24102374969289544
4507010893_00010,4507010893_00010,"3-way match, invoice before GR",2018-03-13 05:07:00+00:00,2018-03-13 13:52:00+00:00,0.3645833333333333,178.0,R1_0_50,test,SAFE_TO_EXECUTE,grouped_iid,0.9511381104573017,0.9555555555555556,0.04886188954269832,0.0444444444444444,SAFE_TO_EXECUTE,0.2623112196143365
4507009034_00020,4507009034_00020,"3-way match, invoice before GR",2018-03-13 05:08:00+00:00,2018-03-13 13:51:00+00:00,0.36319444444444443,229.0,R1_0_50,test,SAFE_TO_EXECUTE,grouped_iid,0.9478344677212651,0.9357798165137615,0.05216553227873488,0.06422018348623848,SAFE_TO_EXECUTE,0.34397451435953375
4507014300_00110,4507014300_00110,"3-way match, invoice before GR",2018-03-13 06:27:00+00:00,2018-03-15 15:41:00+00:00,2.3847222222222224,123.0,R1_0_50,test,SAFE_TO_EXECUTE,grouped_iid,0.9559119290340036,0.9602763385146805,0.04408807096599643,0.03972366148531947,SAFE_TO_EXECUTE,0.24102374969289544
4507014300_00150,4507014300_00150,"3-way match, invoice before GR",2018-03-13 06:34:00+00:00,2018-03-15 15:41:00+00:00,2.379861111111111,123.0,R1_0_50,test,SAFE_TO_EXECUTE,grouped_iid,0.9559151255716782,0.9602763385146805,0.04408487442832176,0.03972366148531947,SAFE_TO_EXECUTE,0.24102374969289544
4507011463_00010,4507011463_00010,"3-way match, invoice before GR",2018-03-13 08:59:00+00:00,2018-03-13 12:35:00+00:00,0.15,93.0,R1_0_50,test,SAFE_TO_EXECUTE,grouped_iid,0.9532503435084643,0.9602763385146805,0.04674965649153573,0.03972366148531947,SAFE_TO_EXECUTE,0.24102374969289544
4507015513_00010,4507015513_00010,"3-way match, invoice before GR",2018-03-13 11:17:00+00:00,2018-03-16 07:26:00+00:00,2.839583333333333,245.0,R1_0_50,test,SAFE_TO_EXECUTE,grouped_iid,0.9765743321028639,0.9949238578680203,0.02342566789713607,0.005076142131979711,SAFE_TO_EXECUTE,0.04599532480368192
4507015513_00020,4507015513_00020,"3-way match, invoice before GR",2018-03-13 11:17:00+00:00,2018-03-16 07:26:00+00:00,2.839583333333333,15.0,R1_0_50,test,SAFE_TO_EXECUTE,grouped_iid,0.976586193459571,0.9949238578680203,0.023413806540429016,0.005076142131979711,SAFE_TO_EXECUTE,0.04599532480368192
4507015507_00010,4507015507_00010,"3-way match, invoice before GR",2018-03-13 11:34:00+00:00,2018-03-14 06:17:00+00:00,0.7798611111111111,299.0,R1_0_50,test,SAFE_TO_EXECUTE,grouped_iid,0.9709304594635754,0.9949238578680203,0.029069540536424632,0.005076142131979711,SAFE_TO_EXECUTE,0.04599532480368192
4507011913_00070,4507011913_00070,"3-way match, invoice before GR",2018-03-13 12:34:00+00:00,2018-03-13 18:43:00+00:00,0.25625,183.0,R1_0_50,test,SAFE_TO_EXECUTE,grouped_iid,0.9525737498983216,0.9602763385146805,0.04742625010167845,0.03972366148531947,SAFE_TO_EXECUTE,0.24102374969289544
4507012467_00260,4507012467_00260,"3-way match, invoice before GR",2018-03-13 12:51:00+00:00,2018-03-13 18:46:00+00:00,0.2465277777777778,141.0,R1_0_50,test,SAFE_TO_EXECUTE,grouped_iid,0.9542533947942028,0.9602763385146805,0.04574660520579721,0.03972366148531947,SAFE_TO_EXECUTE,0.24102374969289544
4507012467_00290,4507012467_00290,"3-way match, invoice before GR",2018-03-13 12:51:00+00:00,2018-03-13 18:46:00+00:00,0.2465277777777778,141.0,R1_0_50,test,SAFE_TO_EXECUTE,grouped_iid,0.9542533947942028,0.9602763385146805,0.04574660520579721,0.03972366148531947,SAFE_TO_EXECUTE,0.24102374969289544
4507012467_00300,4507012467_00300,"3-way match, invoice before GR",2018-03-13 12:51:00+00:00,2018-03-13 18:46:00+00:00,0.2465277777777778,141.0,R1_0_50,test,SAFE_TO_EXECUTE,grouped_iid,0.9542533947942028,0.9602763385146805,0.04574660520579721,0.03972366148531947,SAFE_TO_EXECUTE,0.24102374969289544
4507011586_00010,4507011586_00010,"3-way match, invoice before GR",2018-03-13 13:01:00+00:00,2018-03-13 18:40:00+00:00,0.23541666666666666,306.0,R1_0_50,test,SAFE_TO_EXECUTE,grouped_iid,0.952137336592353,0.9602763385146805,0.047862663407647,0.03972366148531947,SAFE_TO_EXECUTE,0.24102374969289544
4507011586_00020,4507011586_00020,"3-way match, invoice before GR",2018-03-13 13:01:00+00:00,2018-03-13 18:40:00+00:00,0.23541666666666666,184.0,R1_0_50,test,SAFE_TO_EXECUTE,grouped_iid,0.9521498714339807,0.9602763385146805,0.047850128566019334,0.03972366148531947,SAFE_TO_EXECUTE,0.24102374969289544
4507012747_00370,4507012747_00370,"3-way match, invoice before GR",2018-03-13 13:35:00+00:00,2018-03-13 18:08:00+00:00,0.18958333333333333,3374.0,R2_50_90,test,SAFE_TO_EXECUTE,grouped_iid,0.9543729888879013,0.9602763385146805,0.04562701111209866,0.03972366148531947,SAFE_TO_EXECUTE,0.24102374969289544
4507012996_00020,4507012996_00020,"3-way match, invoice before GR",2018-03-13 14:39:00+00:00,2018-03-14 18:35:00+00:00,1.163888888888889,151.0,R1_0_50,test,SAFE_TO_EXECUTE,grouped_iid,0.9495183707020219,0.9555555555555556,0.05048162929797806,0.0444444444444444,SAFE_TO_EXECUTE,0.2623112196143365
4507012308_00020,4507012308_00020,"3-way match, invoice before GR",2018-03-13 16:09:00+00:00,2018-03-14 18:38:00+00:00,1.1034722222222222,150.0,R1_0_50,test,SAFE_TO_EXECUTE,grouped_iid,0.9486153703415638,0.9357798165137615,0.051384629658436154,0.06422018348623848,SAFE_TO_EXECUTE,0.34397451435953375
4507012308_00080,4507012308_00080,"3-way match, invoice before GR",2018-03-13 16:09:00+00:00,2018-03-14 18:38:00+00:00,1.1034722222222222,691.0,R2_50_90,test,SAFE_TO_EXECUTE,grouped_iid,0.948555876102751,0.9357798165137615,0.05144412389724895,0.06422018348623848,SAFE_TO_EXECUTE,0.34397451435953375
4507012308_00150,4507012308_00150,"3-way match, invoice before GR",2018-03-13 16:09:00+00:00,2018-03-14 18:38:00+00:00,1.1034722222222222,214.0,R1_0_50,test,SAFE_TO_EXECUTE,grouped_iid,0.9486083356014554,0.9357798165137615,0.05139166439854459,0.06422018348623848,SAFE_TO_EXECUTE,0.34397451435953375
4507012308_00160,4507012308_00160,"3-way match, invoice before GR",2018-03-13 16:09:00+00:00,2018-03-14 18:38:00+00:00,1.1034722222222222,214.0,R1_0_50,test,SAFE_TO_EXECUTE,grouped_iid,0.9486083356014554,0.9357798165137615,0.05139166439854459,0.06422018348623848,SAFE_TO_EXECUTE,0.34397451435953375
4507015033_00020,4507015033_00020,"3-way match, invoice before GR",2018-03-14 09:22:00+00:00,2018-03-19 12:38:00+00:00,5.136111111111111,2494.0,R2_50_90,test,SAFE_TO_EXECUTE,grouped_iid,0.9886108048708967,1.0,0.011389195129103302,0.0,SAFE_TO_EXECUTE,5.123178885069411e-14
4507015002_00020,4507015002_00020,"3-way match, invoice before GR",2018-03-14 09:26:00+00:00,2018-03-19 12:37:00+00:00,5.132638888888889,2771.0,R2_50_90,test,SAFE_TO_EXECUTE,grouped_iid,0.9886021416726829,1.0,0.0113978583273171,0.0,SAFE_TO_EXECUTE,5.123178885069411e-14
4507014449_00010,4507014449_00010,"3-way match, invoice before GR",2018-03-14 09:37:00+00:00,2018-03-19 12:36:00+00:00,5.124305555555556,12470.0,R3_90_99,test,SAFE_TO_EXECUTE,grouped_iid,0.988150787389061,1.0,0.011849212610938964,0.0,SAFE_TO_EXECUTE,5.123178885069411e-14
4507007338_00010,4507007338_00010,"3-way match, invoice before GR",2018-03-14 10:22:00+00:00,2018-03-21 12:28:00+00:00,7.0875,412.0,R1_0_50,test,NOT_SAFE_TO_EXECUTE,grouped_iid,0.14078053755996237,0.06666666666666667,0.8592194624400377,0.9333333333333333,NOT_SAFE_TO_EXECUTE,0.3533593350214213
4507009130_00080,4507009130_00080,"3-way match, invoice before GR",2018-03-14 10:32:00+00:00,2018-03-14 12:05:00+00:00,0.06458333333333334,387.0,R1_0_50,test,SAFE_TO_EXECUTE,grouped_iid,0.9692905885497398,0.9806451612903225,0.030709411450260182,0.01935483870967747,SAFE_TO_EXECUTE,0.1378026662704413
4507007642_00050,4507007642_00050,"3-way match, invoice before GR",2018-03-14 11:01:00+00:00,2018-03-14 12:06:00+00:00,0.04513888888888889,4288.0,R2_50_90,test,SAFE_TO_EXECUTE,grouped_iid,0.9526049166879522,0.9602763385146805,0.04739508331204778,0.03972366148531947,SAFE_TO_EXECUTE,0.24102374969289544
4507005576_00210,4507005576_00210,"3-way match, invoice before GR",2018-03-14 12:20:00+00:00,2018-04-24 04:35:00+00:00,40.677083333333336,120.0,R1_0_50,test,NOT_SAFE_TO_EXECUTE,grouped_iid,0.9626939451866451,0.9602763385146805,0.037306054813354916,0.03972366148531947,SAFE_TO_EXECUTE,0.24102374969289544
4507009921_00640,4507009921_00640,"3-way match, invoice before GR",2018-03-14 17:05:00+00:00,2018-06-22 15:15:00+00:00,99.92361111111111,89.0,R1_0_50,test,SAFE_TO_EXECUTE,grouped_iid,0.7833513859103892,0.7333333333333333,0.21664861408961078,0.2666666666666667,SAFE_TO_EXECUTE,0.8366407419411673
4507015989_00010,4507015989_00010,"3-way match, invoice before GR",2018-03-15 08:27:00+00:00,2018-03-19 08:22:00+00:00,3.9965277777777777,684.0,R2_50_90,test,SAFE_TO_EXECUTE,grouped_iid,0.9691187134254815,0.9806451612903225,0.030881286574518496,0.01935483870967747,SAFE_TO_EXECUTE,0.1378026662704413
4507016067_00150,4507016067_00150,"3-way match, invoice before GR",2018-03-15 08:40:00+00:00,2018-03-15 10:55:00+00:00,0.09375,567.0,R1_0_50,test,SAFE_TO_EXECUTE,grouped_iid,0.9763635901109506,0.9949238578680203,0.02363640988904936,0.005076142131979711,SAFE_TO_EXECUTE,0.04599532480368192
4507008893_00030,4507008893_00030,"3-way match, invoice before GR",2018-03-15 09:15:00+00:00,2018-03-15 13:18:00+00:00,0.16875,4223.0,R2_50_90,test,SAFE_TO_EXECUTE,grouped_iid,0.9527226370260662,0.9602763385146805,0.04727736297393381,0.03972366148531947,SAFE_TO_EXECUTE,0.24102374969289544
4507013734_00040,4507013734_00040,"3-way match, invoice before GR",2018-03-15 09:34:00+00:00,2018-03-16 07:12:00+00:00,0.9013888888888889,133.0,R1_0_50,test,SAFE_TO_EXECUTE,grouped_iid,0.9545151368736476,0.9602763385146805,0.04548486312635236,0.03972366148531947,SAFE_TO_EXECUTE,0.24102374969289544
4507013780_00180,4507013780_00180,"3-way match, invoice before GR",2018-03-15 10:25:00+00:00,2018-03-15 14:33:00+00:00,0.17222222222222222,522.0,R1_0_50,test,SAFE_TO_EXECUTE,grouped_iid,0.9358336618098461,0.9183673469387755,0.06416633819015394,0.08163265306122447,SAFE_TO_EXECUTE,0.4079059801389762
4507013780_00190,4507013780_00190,"3-way match, invoice before GR",2018-03-15 10:25:00+00:00,2018-03-15 14:33:00+00:00,0.17222222222222222,522.0,R1_0_50,test,SAFE_TO_EXECUTE,grouped_iid,0.9358336618098461,0.9183673469387755,0.06416633819015394,0.08163265306122447,SAFE_TO_EXECUTE,0.4079059801389762
4507013010_00070,4507013010_00070,"3-way match, invoice before GR",2018-03-15 11:15:00+00:00,2018-03-16 07:10:00+00:00,0.8298611111111112,1042.0,R2_50_90,test,SAFE_TO_EXECUTE,grouped_iid,0.9536728751907502,0.9602763385146805,0.04632712480924983,0.03972366148531947,SAFE_TO_EXECUTE,0.24102374969289544
4507013010_00170,4507013010_00170,"3-way match, invoice before GR",2018-03-15 11:15:00+00:00,2018-03-16 07:10:00+00:00,0.8298611111111112,43.0,R1_0_50,test,SAFE_TO_EXECUTE,grouped_iid,0.9537722950321905,0.9602763385146805,0.04622770496780948,0.03972366148531947,SAFE_TO_EXECUTE,0.24102374969289544
4507013010_00180,4507013010_00180,"3-way match, invoice before GR",2018-03-15 11:15:00+00:00,2018-03-16 07:10:00+00:00,0.8298611111111112,358.0,R1_0_50,test,SAFE_TO_EXECUTE,grouped_iid,0.9537409683682735,0.9602763385146805,0.04625903163172651,0.03972366148531947,SAFE_TO_EXECUTE,0.24102374969289544
4507014424_00020,4507014424_00020,"3-way match, invoice before GR",2018-03-15 11:46:00+00:00,2018-03-19 17:35:00+00:00,4.242361111111111,116.0,R1_0_50,test,SAFE_TO_EXECUTE,grouped_iid,0.9537834918528529,0.9602763385146805,0.04621650814714706,0.03972366148531947,SAFE_TO_EXECUTE,0.24102374969289544
4507015889_00020,4507015889_00020,"3-way match, invoice before GR",2018-03-15 11:59:00+00:00,2018-03-15 15:09:00+00:00,0.13194444444444445,233.0,R1_0_50,test,SAFE_TO_EXECUTE,grouped_iid,0.9807512623268868,1.0,0.019248737673113192,0.0,SAFE_TO_EXECUTE,5.123178885069411e-14
4507015921_00010,4507015921_00010,"3-way match, invoice before GR",2018-03-15 12:11:00+00:00,2018-03-29 12:29:00+00:00,14.0125,4832.0,R2_50_90,test,SAFE_TO_EXECUTE,grouped_iid,0.8973747915376037,0.8884615384615384,0.10262520846239631,0.11153846153846159,SAFE_TO_EXECUTE,0.5045390536984206
4507015078_00020,4507015078_00020,"3-way match, invoice before GR",2018-03-15 15:25:00+00:00,2018-03-19 12:40:00+00:00,3.8854166666666665,2078.0,R2_50_90,test,SAFE_TO_EXECUTE,grouped_iid,0.9791091902792148,0.9949238578680203,0.020890809720785164,0.005076142131979711,SAFE_TO_EXECUTE,0.04599532480368192
4507015871_00010,4507015871_00010,"3-way match, invoice before GR",2018-03-15 15:30:00+00:00,2018-03-19 12:42:00+00:00,3.8833333333333333,5542.0,R2_50_90,test,SAFE_TO_EXECUTE,grouped_iid,0.9798877040879781,1.0,0.020112295912021905,0.0,SAFE_TO_EXECUTE,5.123178885069411e-14
4507012366_00010,4507012366_00010,"3-way match, invoice before GR",2018-03-16 06:14:00+00:00,2018-03-20 11:47:00+00:00,4.23125,3387.0,R2_50_90,test,SAFE_TO_EXECUTE,grouped_iid,0.9434149217542414,0.9357798165137615,0.05658507824575865,0.06422018348623848,SAFE_TO_EXECUTE,0.34397451435953375
4507015427_00020,4507015427_00020,"3-way match, invoice before GR",2018-03-16 06:51:00+00:00,2018-03-16 14:29:00+00:00,0.31805555555555554,5750.0,R2_50_90,test,NOT_SAFE_TO_EXECUTE,grouped_iid,0.8846703762636201,0.8884615384615384,0.1153296237363799,0.11153846153846159,SAFE_TO_EXECUTE,0.5045390536984206
4507015575_00010,4507015575_00010,"3-way match, invoice before GR",2018-03-16 06:55:00+00:00,2018-03-19 11:13:00+00:00,3.1791666666666667,1432.0,R2_50_90,test,SAFE_TO_EXECUTE,grouped_iid,0.9688667410345501,0.9806451612903225,0.03113325896544994,0.01935483870967747,SAFE_TO_EXECUTE,0.1378026662704413
4507015421_00010,4507015421_00010,"3-way match, invoice before GR",2018-03-16 07:16:00+00:00,2018-03-19 09:00:00+00:00,3.0722222222222224,638.0,R2_50_90,test,SAFE_TO_EXECUTE,grouped_iid,0.9679777756337182,0.9806451612903225,0.03202222436628177,0.01935483870967747,SAFE_TO_EXECUTE,0.1378026662704413
4507015421_00020,4507015421_00020,"3-way match, invoice before GR",2018-03-16 07:16:00+00:00,2018-03-19 09:05:00+00:00,3.0756944444444443,328.0,R1_0_50,test,SAFE_TO_EXECUTE,grouped_iid,0.9679976152988948,0.9806451612903225,0.03200238470110517,0.01935483870967747,SAFE_TO_EXECUTE,0.1378026662704413
4507010533_00020,4507010533_00020,"3-way match, invoice before GR",2018-03-16 07:23:00+00:00,2018-03-20 14:48:00+00:00,4.309027777777778,4212.0,R2_50_90,test,SAFE_TO_EXECUTE,grouped_iid,0.9158701451522008,0.9183673469387755,0.08412985484779922,0.08163265306122447,SAFE_TO_EXECUTE,0.4079059801389762
4507016210_00010,4507016210_00010,"3-way match, invoice before GR",2018-03-16 07:26:00+00:00,2018-03-19 10:29:00+00:00,3.127083333333333,953.0,R2_50_90,test,SAFE_TO_EXECUTE,grouped_iid,0.969492529369165,0.9806451612903225,0.030507470630835032,0.01935483870967747,SAFE_TO_EXECUTE,0.1378026662704413
4507016210_00020,4507016210_00020,"3-way match, invoice before GR",2018-03-16 07:26:00+00:00,2018-03-19 10:23:00+00:00,3.122916666666667,654.0,R2_50_90,test,SAFE_TO_EXECUTE,grouped_iid,0.969514547609556,0.9806451612903225,0.03048545239044398,0.01935483870967747,SAFE_TO_EXECUTE,0.1378026662704413
4507011444_00010,4507011444_00010,"3-way match, invoice before GR",2018-03-16 07:32:00+00:00,2018-03-19 08:35:00+00:00,3.04375,39057.0,R3_90_99,test,SAFE_TO_EXECUTE,grouped_iid,0.8109336659542394,0.7678571428571429,0.18906633404576056,0.2321428571428571,SAFE_TO_EXECUTE,0.7817281222714539
4507011512_00010,4507011512_00010,"3-way match, invoice before GR",2018-03-16 07:33:00+00:00,2018-03-22 10:37:00+00:00,6.127777777777778,22939.0,R3_90_99,test,SAFE_TO_EXECUTE,grouped_iid,0.9574721315359517,0.9602763385146805,0.042527868464048324,0.03972366148531947,SAFE_TO_EXECUTE,0.24102374969289544
4507015509_00010,4507015509_00010,"3-way match, invoice before GR",2018-03-16 09:03:00+00:00,2018-03-16 16:33:00+00:00,0.3125,2853.0,R2_50_90,test,SAFE_TO_EXECUTE,grouped_iid,0.976759022411916,0.9949238578680203,0.023240977588083966,0.005076142131979711,SAFE_TO_EXECUTE,0.04599532480368192
4507015509_00020,4507015509_00020,"3-way match, invoice before GR",2018-03-16 09:03:00+00:00,2018-03-16 16:33:00+00:00,0.3125,157.0,R1_0_50,test,SAFE_TO_EXECUTE,grouped_iid,0.9768966229349684,0.9949238578680203,0.023103377065031627,0.005076142131979711,SAFE_TO_EXECUTE,0.04599532480368192
4507013727_00020,4507013727_00020,"3-way match, invoice before GR",2018-03-16 10:07:00+00:00,2018-03-19 11:58:00+00:00,3.0770833333333334,428.0,R1_0_50,test,SAFE_TO_EXECUTE,grouped_iid,0.9524231988970763,0.9602763385146805,0.04757680110292373,0.03972366148531947,SAFE_TO_EXECUTE,0.24102374969289544
4507015502_00020,4507015502_00020,"3-way match, invoice before GR",2018-03-16 10:12:00+00:00,2018-03-16 10:23:00+00:00,0.007638888888888889,268.0,R1_0_50,test,SAFE_TO_EXECUTE,grouped_iid,0.8549749162758167,0.8404255319148937,0.14502508372418332,0.15957446808510634,SAFE_TO_EXECUTE,0.6332905746550958
4507015502_00100,4507015502_00100,"3-way match, invoice before GR",2018-03-16 10:18:00+00:00,2018-03-16 10:23:00+00:00,0.003472222222222222,208.0,R1_0_50,test,SAFE_TO_EXECUTE,grouped_iid,0.8549997508885363,0.8404255319148937,0.1450002491114637,0.15957446808510634,SAFE_TO_EXECUTE,0.6332905746550958
4507015502_00110,4507015502_00110,"3-way match, invoice before GR",2018-03-16 10:22:00+00:00,2018-03-16 10:23:00+00:00,0.0006944444444444445,20.0,R1_0_50,test,SAFE_TO_EXECUTE,grouped_iid,0.8550576691321923,0.8404255319148937,0.14494233086780772,0.15957446808510634,SAFE_TO_EXECUTE,0.6332905746550958
4507009456_00020,4507009456_00020,"3-way match, invoice before GR",2018-03-16 12:26:00+00:00,2018-03-19 07:36:00+00:00,2.798611111111111,3803.0,R2_50_90,test,SAFE_TO_EXECUTE,grouped_iid,0.9388350451700632,0.9357798165137615,0.06116495482993678,0.06422018348623848,SAFE_TO_EXECUTE,0.34397451435953375
4507016337_00010,4507016337_00010,"3-way match, invoice before GR",2018-03-16 12:26:00+00:00,2018-03-20 10:15:00+00:00,3.9090277777777778,705.0,R2_50_90,test,SAFE_TO_EXECUTE,grouped_iid,0.9889137436965183,1.0,0.0110862563034817,0.0,SAFE_TO_EXECUTE,5.123178885069411e-14
4507012619_00030,4507012619_00030,"3-way match, invoice before GR",2018-03-17 07:48:00+00:00,2018-03-20 13:15:00+00:00,3.2270833333333333,4870.0,R2_50_90,test,SAFE_TO_EXECUTE,grouped_iid,0.9151387536629502,0.9183673469387755,0.08486124633704983,0.08163265306122447,SAFE_TO_EXECUTE,0.4079059801389762
4507012711_00020,4507012711_00020,"3-way match, invoice before GR",2018-03-17 09:15:00+00:00,2018-03-19 10:02:00+00:00,2.032638888888889,8947.0,R3_90_99,test,SAFE_TO_EXECUTE,grouped_iid,0.9589697547141053,0.9602763385146805,0.04103024528589472,0.03972366148531947,SAFE_TO_EXECUTE,0.24102374969289544
4507009445_00010,4507009445_00010,"3-way match, invoice before GR",2018-03-17 10:53:00+00:00,2018-03-19 10:24:00+00:00,1.979861111111111,7160.0,R3_90_99,test,NOT_SAFE_TO_EXECUTE,grouped_iid,0.9550813103001281,0.9602763385146805,0.044918689699871894,0.03972366148531947,SAFE_TO_EXECUTE,0.24102374969289544
4507006720_00060,4507006720_00060,"3-way match, invoice before GR",2018-03-17 12:05:00+00:00,2018-03-19 14:24:00+00:00,2.0965277777777778,937.0,R2_50_90,test,SAFE_TO_EXECUTE,grouped_iid,0.9635079845069144,0.9602763385146805,0.03649201549308556,0.03972366148531947,SAFE_TO_EXECUTE,0.24102374969289544
4507012684_00010,4507012684_00010,"3-way match, invoice before GR",2018-03-17 12:15:00+00:00,2018-03-21 09:40:00+00:00,3.892361111111111,312.0,R1_0_50,test,SAFE_TO_EXECUTE,grouped_iid,0.9707553234946621,0.9949238578680203,0.029244676505337908,0.005076142131979711,SAFE_TO_EXECUTE,0.04599532480368192
4507016025_00010,4507016025_00010,"3-way match, invoice before GR",2018-03-19 05:06:00+00:00,2018-03-20 08:41:00+00:00,1.1493055555555556,5164.0,R2_50_90,test,NOT_SAFE_TO_EXECUTE,grouped_iid,0.9571244242579319,0.9602763385146805,0.04287557574206813,0.03972366148531947,SAFE_TO_EXECUTE,0.24102374969289544
4507010779_00010,4507010779_00010,"3-way match, invoice before GR",2018-03-19 05:19:00+00:00,2018-03-19 16:09:00+00:00,0.4513888888888889,56752.0,R4_99_100,test,SAFE_TO_EXECUTE,grouped_iid,0.7951607259815896,0.7333333333333333,0.2048392740184104,0.2666666666666667,SAFE_TO_EXECUTE,0.8366407419411673
4507011780_00010,4507011780_00010,"3-way match, invoice before GR",2018-03-19 05:24:00+00:00,2018-03-20 16:07:00+00:00,1.4465277777777779,8694.0,R3_90_99,test,SAFE_TO_EXECUTE,grouped_iid,0.9487105834225397,0.9357798165137615,0.051289416577460334,0.06422018348623848,SAFE_TO_EXECUTE,0.34397451435953375
4507011687_00010,4507011687_00010,"3-way match, invoice before GR",2018-03-19 05:27:00+00:00,2018-03-20 15:38:00+00:00,1.4243055555555555,11320.0,R3_90_99,test,SAFE_TO_EXECUTE,grouped_iid,0.9484008921932018,0.9357798165137615,0.05159910780679822,0.06422018348623848,SAFE_TO_EXECUTE,0.34397451435953375
4507014767_00010,4507014767_00010,"3-way match, invoice before GR",2018-03-19 05:47:00+00:00,2018-03-20 12:26:00+00:00,1.2770833333333333,4607.0,R2_50_90,test,SAFE_TO_EXECUTE,grouped_iid,0.9663923443781653,0.97,0.03360765562183465,0.030000000000000027,SAFE_TO_EXECUTE,0.1943918578315763
4507013939_00010,4507013939_00010,"3-way match, invoice before GR",2018-03-19 05:48:00+00:00,2018-03-19 06:51:00+00:00,0.04375,4207.0,R2_50_90,test,SAFE_TO_EXECUTE,grouped_iid,0.9786406687854448,0.9949238578680203,0.021359331214555244,0.005076142131979711,SAFE_TO_EXECUTE,0.04599532480368192
4507014390_00010,4507014390_00010,"3-way match, invoice before GR",2018-03-19 10:53:00+00:00,2018-03-21 17:29:00+00:00,2.275,43817.0,R3_90_99,test,NOT_SAFE_TO_EXECUTE,grouped_iid,0.627479684202912,0.7333333333333333,0.372520315797088,0.2666666666666667,SAFE_TO_EXECUTE,0.8366407419411673
4507015889_00090,4507015889_00090,"3-way match, invoice before GR",2018-03-19 13:57:00+00:00,2018-03-23 12:22:00+00:00,3.9340277777777777,188.0,R1_0_50,test,SAFE_TO_EXECUTE,grouped_iid,0.9504494395939199,0.9555555555555556,0.04955056040608008,0.0444444444444444,SAFE_TO_EXECUTE,0.2623112196143365
4507015889_00010,4507015889_00010,"3-way match, invoice before GR",2018-03-19 14:37:00+00:00,2018-03-23 12:22:00+00:00,3.90625,227.0,R1_0_50,test,SAFE_TO_EXECUTE,grouped_iid,0.9504657080142777,0.9555555555555556,0.049534291985722345,0.0444444444444444,SAFE_TO_EXECUTE,0.2623112196143365
4507015889_00050,4507015889_00050,"3-way match, invoice before GR",2018-03-19 14:41:00+00:00,2018-03-23 12:22:00+00:00,3.9034722222222222,363.0,R1_0_50,test,SAFE_TO_EXECUTE,grouped_iid,0.7602621209572049,0.7333333333333333,0.2397378790427951,0.2666666666666667,SAFE_TO_EXECUTE,0.8366407419411673
4507014310_00070,4507014310_00070,"3-way match, invoice before GR",2018-03-19 14:46:00+00:00,2018-03-20 09:55:00+00:00,0.7979166666666667,162.0,R1_0_50,test,SAFE_TO_EXECUTE,grouped_iid,0.9497938613549499,0.9555555555555556,0.05020613864505008,0.0444444444444444,SAFE_TO_EXECUTE,0.2623112196143365
4507015031_00310,4507015031_00310,"3-way match, invoice before GR",2018-03-19 14:52:00+00:00,2018-03-20 14:46:00+00:00,0.9958333333333333,1045.0,R2_50_90,test,SAFE_TO_EXECUTE,grouped_iid,0.9294663202560023,0.9183673469387755,0.07053367974399771,0.08163265306122447,SAFE_TO_EXECUTE,0.4079059801389762
4507015076_00210,4507015076_00210,"3-way match, invoice before GR",2018-03-19 15:59:00+00:00,2018-03-20 06:30:00+00:00,0.6048611111111111,2881.0,R2_50_90,test,SAFE_TO_EXECUTE,grouped_iid,0.8952575892099349,0.8884615384615384,0.10474241079006508,0.11153846153846159,SAFE_TO_EXECUTE,0.5045390536984206
4507012828_00040,4507012828_00040,"3-way match, invoice before GR",2018-03-19 16:42:00+00:00,2018-03-20 17:09:00+00:00,1.01875,618.0,R2_50_90,test,SAFE_TO_EXECUTE,grouped_iid,0.9687033846707273,0.9806451612903225,0.03129661532927275,0.01935483870967747,SAFE_TO_EXECUTE,0.1378026662704413
4507015505_00050,4507015505_00050,"3-way match, invoice before GR",2018-03-19 17:08:00+00:00,2018-03-20 17:10:00+00:00,1.0013888888888889,1335.0,R2_50_90,test,SAFE_TO_EXECUTE,grouped_iid,0.9719690141095392,0.9949238578680203,0.028030985890460824,0.005076142131979711,SAFE_TO_EXECUTE,0.04599532480368192
4507016534_00030,4507016534_00030,"3-way match, invoice before GR",2018-03-20 07:02:00+00:00,2018-03-20 07:43:00+00:00,0.02847222222222222,396.0,R1_0_50,test,SAFE_TO_EXECUTE,grouped_iid,0.8656370550390591,0.8404255319148937,0.13436294496094092,0.15957446808510634,SAFE_TO_EXECUTE,0.6332905746550958
4507014802_00010,4507014802_00010,"3-way match, invoice before GR",2018-03-20 09:23:00+00:00,2018-03-23 09:01:00+00:00,2.984722222222222,7648.0,R3_90_99,test,SAFE_TO_EXECUTE,grouped_iid,0.9504907323186035,0.9555555555555556,0.04950926768139652,0.0444444444444444,SAFE_TO_EXECUTE,0.2623112196143365
4507016152_00060,4507016152_00060,"3-way match, invoice before GR",2018-03-20 09:58:00+00:00,2018-03-21 16:50:00+00:00,1.2861111111111112,1268.0,R2_50_90,test,SAFE_TO_EXECUTE,grouped_iid,0.9765947897231425,0.9949238578680203,0.02340521027685749,0.005076142131979711,SAFE_TO_EXECUTE,0.04599532480368192
4507016152_00160,4507016152_00160,"3-way match, invoice before GR",2018-03-20 09:58:00+00:00,2018-03-21 16:50:00+00:00,1.2861111111111112,596.0,R2_50_90,test,SAFE_TO_EXECUTE,grouped_iid,0.9766293995320406,0.9949238578680203,0.023370600467959357,0.005076142131979711,SAFE_TO_EXECUTE,0.04599532480368192
4507015990_00010,4507015990_00010,"3-way match, invoice before GR",2018-03-20 10:02:00+00:00,2018-03-21 09:22:00+00:00,0.9722222222222222,120.0,R1_0_50,test,SAFE_TO_EXECUTE,grouped_iid,0.9579680517802517,0.9602763385146805,0.042031948219748316,0.03972366148531947,SAFE_TO_EXECUTE,0.24102374969289544
4507017131_00020,4507017131_00020,"3-way match, invoice before GR",2018-03-20 10:02:00+00:00,2018-03-26 06:02:00+00:00,5.833333333333333,1268.0,R2_50_90,test,SAFE_TO_EXECUTE,grouped_iid,0.9753348294346824,0.9949238578680203,0.024665170565317585,0.005076142131979711,SAFE_TO_EXECUTE,0.04599532480368192
4507017131_00040,4507017131_00040,"3-way match, invoice before GR",2018-03-20 10:02:00+00:00,2018-03-26 06:02:00+00:00,5.833333333333333,14.0,R1_0_50,test,SAFE_TO_EXECUTE,grouped_iid,0.9754027604903543,0.9949238578680203,0.024597239509645652,0.005076142131979711,SAFE_TO_EXECUTE,0.04599532480368192
4507011344_00010,4507011344_00010,"3-way match, invoice before GR",2018-03-20 12:52:00+00:00,2018-03-20 16:41:00+00:00,0.15902777777777777,3975.0,R2_50_90,test,SAFE_TO_EXECUTE,grouped_iid,0.9642630004907784,0.97,0.0357369995092216,0.030000000000000027,SAFE_TO_EXECUTE,0.1943918578315763
4507017124_00080,4507017124_00080,"3-way match, invoice before GR",2018-03-20 13:45:00+00:00,2018-03-21 06:39:00+00:00,0.7041666666666667,33.0,R1_0_50,test,SAFE_TO_EXECUTE,grouped_iid,0.9709846141708175,0.9949238578680203,0.029015385829182505,0.005076142131979711,SAFE_TO_EXECUTE,0.04599532480368192
4507010235_00020,4507010235_00020,"3-way match, invoice before GR",2018-03-20 14:15:00+00:00,2018-03-20 16:41:00+00:00,0.10138888888888889,1964.0,R2_50_90,test,SAFE_TO_EXECUTE,grouped_iid,0.9463687853255616,0.9357798165137615,0.05363121467443843,0.06422018348623848,SAFE_TO_EXECUTE,0.34397451435953375
4507014755_00010,4507014755_00010,"3-way match, invoice before GR",2018-03-21 12:06:00+00:00,2018-03-28 15:46:00+00:00,7.152777777777778,43817.0,R3_90_99,test,SAFE_TO_EXECUTE,grouped_iid,0.8537309935350688,0.8404255319148937,0.14626900646493124,0.15957446808510634,SAFE_TO_EXECUTE,0.6332905746550958
4507016981_00010,4507016981_00010,"3-way match, invoice before GR",2018-03-21 13:24:00+00:00,2018-03-22 13:43:00+00:00,1.0131944444444445,5906.0,R2_50_90,test,SAFE_TO_EXECUTE,grouped_iid,0.74461595597441,0.7333333333333333,0.25538404402559,0.2666666666666667,SAFE_TO_EXECUTE,0.8366407419411673
4507009453_00010,4507009453_00010,"3-way match, invoice before GR",2018-03-21 14:37:00+00:00,2018-03-23 12:01:00+00:00,1.8916666666666666,40497.0,R3_90_99,test,NOT_SAFE_TO_EXECUTE,grouped_iid,0.9702525120870624,0.9806451612903225,0.029747487912937576,0.01935483870967747,SAFE_TO_EXECUTE,0.1378026662704413
4507013764_00010,4507013764_00010,"3-way match, invoice before GR",2018-03-21 15:09:00+00:00,2018-03-21 18:16:00+00:00,0.12986111111111112,1149.0,R2_50_90,test,SAFE_TO_EXECUTE,grouped_iid,0.9566245800538301,0.9602763385146805,0.04337541994616989,0.03972366148531947,SAFE_TO_EXECUTE,0.24102374969289544
4507014556_00100,4507014556_00100,"3-way match, invoice before GR",2018-03-21 15:09:00+00:00,2018-03-21 18:17:00+00:00,0.13055555555555556,1908.0,R2_50_90,test,SAFE_TO_EXECUTE,grouped_iid,0.9584177037864939,0.9602763385146805,0.041582296213506065,0.03972366148531947,SAFE_TO_EXECUTE,0.24102374969289544
4507014064_00030,4507014064_00030,"3-way match, invoice before GR",2018-03-22 09:08:00+00:00,2018-03-26 09:30:00+00:00,4.0152777777777775,294.0,R1_0_50,test,SAFE_TO_EXECUTE,grouped_iid,0.9504030853905243,0.9555555555555556,0.049596914609475684,0.0444444444444444,SAFE_TO_EXECUTE,0.2623112196143365
4507014741_00110,4507014741_00110,"3-way match, invoice before GR",2018-03-22 09:50:00+00:00,2018-03-22 15:32:00+00:00,0.2375,142.0,R1_0_50,test,SAFE_TO_EXECUTE,grouped_iid,0.9545546795147674,0.9602763385146805,0.04544532048523264,0.03972366148531947,SAFE_TO_EXECUTE,0.24102374969289544
4507014311_00020,4507014311_00020,"3-way match, invoice before GR",2018-03-22 10:14:00+00:00,2018-03-22 15:30:00+00:00,0.21944444444444444,767.0,R2_50_90,test,SAFE_TO_EXECUTE,grouped_iid,0.93449028612176,0.9183673469387755,0.06550971387824,0.08163265306122447,SAFE_TO_EXECUTE,0.4079059801389762
4507014311_00040,4507014311_00040,"3-way match, invoice before GR",2018-03-22 10:14:00+00:00,2018-03-22 15:30:00+00:00,0.21944444444444444,302.0,R1_0_50,test,SAFE_TO_EXECUTE,grouped_iid,0.9541154653179855,0.9602763385146805,0.04588453468201448,0.03972366148531947,SAFE_TO_EXECUTE,0.24102374969289544
4507014311_00100,4507014311_00100,"3-way match, invoice before GR",2018-03-22 10:14:00+00:00,2018-03-22 15:30:00+00:00,0.21944444444444444,801.0,R2_50_90,test,SAFE_TO_EXECUTE,grouped_iid,0.9540661812771988,0.9602763385146805,0.04593381872280122,0.03972366148531947,SAFE_TO_EXECUTE,0.24102374969289544
4507014350_00150,4507014350_00150,"3-way match, invoice before GR",2018-03-22 11:38:00+00:00,2018-03-22 14:27:00+00:00,0.11736111111111111,347.0,R1_0_50,test,SAFE_TO_EXECUTE,grouped_iid,0.9538349454169381,0.9602763385146805,0.04616505458306186,0.03972366148531947,SAFE_TO_EXECUTE,0.24102374969289544
4507014350_00220,4507014350_00220,"3-way match, invoice before GR",2018-03-22 11:38:00+00:00,2018-03-22 14:27:00+00:00,0.11736111111111111,2572.0,R2_50_90,test,SAFE_TO_EXECUTE,grouped_iid,0.9536135226679391,0.9602763385146805,0.046386477332060916,0.03972366148531947,SAFE_TO_EXECUTE,0.24102374969289544
4507014952_00010,4507014952_00010,"3-way match, invoice before GR",2018-03-22 11:38:00+00:00,2018-03-27 10:20:00+00:00,4.945833333333334,23774.0,R3_90_99,test,SAFE_TO_EXECUTE,grouped_iid,0.891617896982524,0.8884615384615384,0.10838210301747597,0.11153846153846159,SAFE_TO_EXECUTE,0.5045390536984206
4507017690_00010,4507017690_00010,"3-way match, invoice before GR",2018-03-23 09:19:00+00:00,2018-03-26 17:09:00+00:00,3.326388888888889,44719.0,R3_90_99,test,SAFE_TO_EXECUTE,grouped_iid,0.5449093398726895,0.7333333333333333,0.4550906601273105,0.2666666666666667,SAFE_TO_EXECUTE,0.8366407419411673
4507014679_00080,4507014679_00080,"3-way match, invoice before GR",2018-03-23 10:01:00+00:00,2018-03-26 09:28:00+00:00,2.9770833333333333,223.0,R1_0_50,test,SAFE_TO_EXECUTE,grouped_iid,0.9516537675277815,0.9602763385146805,0.048346232472218476,0.03972366148531947,SAFE_TO_EXECUTE,0.24102374969289544
4507016212_00020,4507016212_00020,"3-way match, invoice before GR",2018-03-23 10:05:00+00:00,2018-03-23 12:30:00+00:00,0.10069444444444445,176.0,R1_0_50,test,SAFE_TO_EXECUTE,grouped_iid,0.9705204403868053,0.9949238578680203,0.029479559613194706,0.005076142131979711,SAFE_TO_EXECUTE,0.04599532480368192
4507015611_00030,4507015611_00030,"3-way match, invoice before GR",2018-03-23 10:10:00+00:00,2018-03-26 09:26:00+00:00,2.9694444444444446,338.0,R1_0_50,test,SAFE_TO_EXECUTE,grouped_iid,0.9538169031275491,0.9602763385146805,0.046183096872450924,0.03972366148531947,SAFE_TO_EXECUTE,0.24102374969289544
4507015354_00030,4507015354_00030,"3-way match, invoice before GR",2018-03-23 10:14:00+00:00,2018-03-26 13:48:00+00:00,3.1486111111111112,1483.0,R2_50_90,test,SAFE_TO_EXECUTE,grouped_iid,0.9643505868599731,0.97,0.0356494131400269,0.030000000000000027,SAFE_TO_EXECUTE,0.1943918578315763
4507017064_00010,4507017064_00010,"3-way match, invoice before GR",2018-03-23 10:17:00+00:00,2018-03-26 11:46:00+00:00,3.0618055555555554,11153.0,R3_90_99,test,SAFE_TO_EXECUTE,grouped_iid,0.8785348303394306,0.8884615384615384,0.12146516966056942,0.11153846153846159,SAFE_TO_EXECUTE,0.5045390536984206
4507015127_00020,4507015127_00020,"3-way match, invoice before GR",2018-03-23 10:25:00+00:00,2018-03-23 12:18:00+00:00,0.07847222222222222,1064.0,R2_50_90,test,SAFE_TO_EXECUTE,grouped_iid,0.9658545284938372,0.97,0.03414547150616276,0.030000000000000027,SAFE_TO_EXECUTE,0.1943918578315763
4507013147_00020,4507013147_00020,"3-way match, invoice before GR",2018-03-23 11:03:00+00:00,2018-03-26 16:07:00+00:00,3.2111111111111112,383.0,R1_0_50,test,SAFE_TO_EXECUTE,grouped_iid,0.9487175880010437,0.9357798165137615,0.051282411998956334,0.06422018348623848,SAFE_TO_EXECUTE,0.34397451435953375
4507013147_00050,4507013147_00050,"3-way match, invoice before GR",2018-03-23 11:03:00+00:00,2018-03-26 16:07:00+00:00,3.2111111111111112,620.0,R2_50_90,test,SAFE_TO_EXECUTE,grouped_iid,0.9269952306281283,0.9183673469387755,0.07300476937187172,0.08163265306122447,SAFE_TO_EXECUTE,0.4079059801389762
4507013147_00120,4507013147_00120,"3-way match, invoice before GR",2018-03-23 11:03:00+00:00,2018-03-26 16:07:00+00:00,3.2111111111111112,411.0,R1_0_50,test,SAFE_TO_EXECUTE,grouped_iid,0.9487145162054751,0.9357798165137615,0.05128548379452491,0.06422018348623848,SAFE_TO_EXECUTE,0.34397451435953375
4507015225_00100,4507015225_00100,"3-way match, invoice before GR",2018-03-23 11:28:00+00:00,2018-03-26 16:17:00+00:00,3.2006944444444443,230.0,R1_0_50,test,SAFE_TO_EXECUTE,grouped_iid,0.9521349041788538,0.9602763385146805,0.047865095821146175,0.03972366148531947,SAFE_TO_EXECUTE,0.24102374969289544
4507015225_00140,4507015225_00140,"3-way match, invoice before GR",2018-03-23 11:28:00+00:00,2018-03-26 16:17:00+00:00,3.2006944444444443,407.0,R1_0_50,test,SAFE_TO_EXECUTE,grouped_iid,0.9521167119615752,0.9602763385146805,0.04788328803842479,0.03972366148531947,SAFE_TO_EXECUTE,0.24102374969289544
4507016293_00010,4507016293_00010,"3-way match, invoice before GR",2018-03-23 11:51:00+00:00,2018-03-26 10:10:00+00:00,2.9298611111111112,605.0,R2_50_90,test,SAFE_TO_EXECUTE,grouped_iid,0.9546829527390863,0.9602763385146805,0.04531704726091368,0.03972366148531947,SAFE_TO_EXECUTE,0.24102374969289544
4507016293_00020,4507016293_00020,"3-way match, invoice before GR",2018-03-23 11:51:00+00:00,2018-03-26 10:10:00+00:00,2.9298611111111112,302.0,R1_0_50,test,SAFE_TO_EXECUTE,grouped_iid,0.9547125018944584,0.9602763385146805,0.04528749810554156,0.03972366148531947,SAFE_TO_EXECUTE,0.24102374969289544
4507013775_00010,4507013775_00010,"3-way match, invoice before GR",2018-03-23 11:59:00+00:00,2018-03-26 10:16:00+00:00,2.928472222222222,178.0,R1_0_50,test,SAFE_TO_EXECUTE,grouped_iid,0.9494601409553936,0.9555555555555556,0.05053985904460645,0.0444444444444444,SAFE_TO_EXECUTE,0.2623112196143365
4507013775_00070,4507013775_00070,"3-way match, invoice before GR",2018-03-23 11:59:00+00:00,2018-03-26 10:16:00+00:00,2.928472222222222,356.0,R1_0_50,test,SAFE_TO_EXECUTE,grouped_iid,0.9494408778770153,0.9555555555555556,0.050559122122984745,0.0444444444444444,SAFE_TO_EXECUTE,0.2623112196143365
4507015351_00010,4507015351_00010,"3-way match, invoice before GR",2018-03-24 04:11:00+00:00,2018-03-26 12:05:00+00:00,2.3291666666666666,1402.0,R2_50_90,test,SAFE_TO_EXECUTE,grouped_iid,0.9570163315877062,0.9602763385146805,0.04298366841229384,0.03972366148531947,SAFE_TO_EXECUTE,0.24102374969289544
4507012805_00030,4507012805_00030,"3-way match, invoice before GR",2018-03-24 05:17:00+00:00,2018-03-27 05:40:00+00:00,3.015972222222222,487.0,R1_0_50,test,SAFE_TO_EXECUTE,grouped_iid,0.9752175521965629,0.9949238578680203,0.02478244780343708,0.005076142131979711,SAFE_TO_EXECUTE,0.04599532480368192
4507017968_00020,4507017968_00020,"3-way match, invoice before GR",2018-03-24 05:29:00+00:00,2018-03-26 05:55:00+00:00,2.0180555555555557,2078.0,R2_50_90,test,SAFE_TO_EXECUTE,grouped_iid,0.9824090400200163,1.0,0.017590959979983722,0.0,SAFE_TO_EXECUTE,5.123178885069411e-14
4507010581_00080,4507010581_00080,"3-way match, invoice before GR",2018-03-24 06:11:00+00:00,2018-03-27 09:51:00+00:00,3.1527777777777777,446.0,R1_0_50,test,SAFE_TO_EXECUTE,grouped_iid,0.9798628935883911,1.0,0.02013710641160893,0.0,SAFE_TO_EXECUTE,5.123178885069411e-14
4507015924_00010,4507015924_00010,"3-way match, invoice before GR",2018-03-24 06:49:00+00:00,2018-03-29 05:53:00+00:00,4.961111111111111,3837.0,R2_50_90,test,SAFE_TO_EXECUTE,grouped_iid,0.8923891785296554,0.8884615384615384,0.10761082147034462,0.11153846153846159,SAFE_TO_EXECUTE,0.5045390536984206
4507011777_00010,4507011777_00010,"3-way match, invoice before GR",2018-03-24 07:10:00+00:00,2018-03-27 11:43:00+00:00,3.189583333333333,8417.0,R3_90_99,test,NOT_SAFE_TO_EXECUTE,grouped_iid,0.9657125110727882,0.97,0.034287488927211784,0.030000000000000027,SAFE_TO_EXECUTE,0.1943918578315763
4507016373_00010,4507016373_00010,"3-way match, invoice before GR",2018-03-24 07:55:00+00:00,2018-04-13 11:11:00+00:00,20.136111111111113,1674.0,R2_50_90,test,NOT_SAFE_TO_EXECUTE,grouped_iid,0.06735357026920188,0.06666666666666667,0.9326464297307981,0.9333333333333333,NOT_SAFE_TO_EXECUTE,0.3533593350214213
4507016053_00030,4507016053_00030,"3-way match, invoice before GR",2018-03-24 08:03:00+00:00,2018-04-03 11:55:00+00:00,10.161111111111111,837.0,R2_50_90,test,SAFE_TO_EXECUTE,grouped_iid,0.9713262138981805,0.9949238578680203,0.028673786101819476,0.005076142131979711,SAFE_TO_EXECUTE,0.04599532480368192
4507015225_00120,4507015225_00120,"3-way match, invoice before GR",2018-03-24 08:36:00+00:00,2018-03-26 16:14:00+00:00,2.3180555555555555,162.0,R1_0_50,test,SAFE_TO_EXECUTE,grouped_iid,0.952392381425792,0.9602763385146805,0.04760761857420803,0.03972366148531947,SAFE_TO_EXECUTE,0.24102374969289544
4507013212_00010,4507013212_00010,"3-way match, invoice before GR",2018-03-24 10:04:00+00:00,2018-03-27 05:34:00+00:00,2.8125,39057.0,R3_90_99,test,SAFE_TO_EXECUTE,grouped_iid,0.8127704198069573,0.7678571428571429,0.1872295801930427,0.2321428571428571,SAFE_TO_EXECUTE,0.7817281222714539
4507016038_00010,4507016038_00010,"3-way match, invoice before GR",2018-03-24 10:32:00+00:00,2018-03-26 11:24:00+00:00,2.036111111111111,2719.0,R2_50_90,test,SAFE_TO_EXECUTE,grouped_iid,0.9719515678598654,0.9949238578680203,0.028048432140134638,0.005076142131979711,SAFE_TO_EXECUTE,0.04599532480368192
4507016307_00020,4507016307_00020,"3-way match, invoice before GR",2018-03-24 11:29:00+00:00,2018-03-30 09:20:00+00:00,5.910416666666666,1674.0,R2_50_90,test,SAFE_TO_EXECUTE,grouped_iid,0.9642622509614457,0.97,0.03573774903855431,0.030000000000000027,SAFE_TO_EXECUTE,0.1943918578315763
4507015505_00060,4507015505_00060,"3-way match, invoice before GR",2018-03-24 12:16:00+00:00,2018-03-27 11:40:00+00:00,2.975,3338.0,R2_50_90,test,SAFE_TO_EXECUTE,grouped_iid,0.9725020347022443,0.9949238578680203,0.027497965297755722,0.005076142131979711,SAFE_TO_EXECUTE,0.04599532480368192
4507014862_00040,4507014862_00040,"3-way match, invoice before GR",2018-03-24 12:29:00+00:00,2018-03-27 11:42:00+00:00,2.967361111111111,2766.0,R2_50_90,test,SAFE_TO_EXECUTE,grouped_iid,0.9714961762561123,0.9949238578680203,0.028503823743887713,0.005076142131979711,SAFE_TO_EXECUTE,0.04599532480368192
4507011786_00010,4507011786_00010,"3-way match, invoice before GR",2018-03-24 12:32:00+00:00,2018-03-26 11:25:00+00:00,1.9534722222222223,2766.0,R2_50_90,test,SAFE_TO_EXECUTE,grouped_iid,0.9596946226695269,0.9602763385146805,0.040305377330473124,0.03972366148531947,SAFE_TO_EXECUTE,0.24102374969289544
4507011145_00020,4507011145_00020,"3-way match, invoice before GR",2018-03-24 12:34:00+00:00,2018-03-26 11:24:00+00:00,1.9513888888888888,5610.0,R2_50_90,test,SAFE_TO_EXECUTE,grouped_iid,0.9586954208972788,0.9602763385146805,0.04130457910272123,0.03972366148531947,SAFE_TO_EXECUTE,0.24102374969289544
4507015088_00010,4507015088_00010,"3-way match, invoice before GR",2018-03-26 08:45:00+00:00,2018-03-28 11:38:00+00:00,2.120138888888889,5937.0,R2_50_90,test,SAFE_TO_EXECUTE,grouped_iid,0.8381812557465961,0.7678571428571429,0.16181874425340392,0.2321428571428571,SAFE_TO_EXECUTE,0.7817281222714539
4507011883_00010,4507011883_00010,"3-way match, invoice before GR",2018-03-26 09:13:00+00:00,2018-03-27 10:05:00+00:00,1.0361111111111112,1472.0,R2_50_90,test,SAFE_TO_EXECUTE,grouped_iid,0.9307310521762128,0.9183673469387755,0.06926894782378723,0.08163265306122447,SAFE_TO_EXECUTE,0.4079059801389762
4507011881_00010,4507011881_00010,"3-way match, invoice before GR",2018-03-26 09:16:00+00:00,2018-03-27 10:05:00+00:00,1.0340277777777778,2676.0,R2_50_90,test,SAFE_TO_EXECUTE,grouped_iid,0.9512493017076922,0.9555555555555556,0.048750698292307826,0.0444444444444444,SAFE_TO_EXECUTE,0.2623112196143365
4507018330_00160,4507018330_00160,"3-way match, invoice before GR",2018-03-26 10:01:00+00:00,2018-03-26 16:29:00+00:00,0.26944444444444443,1662.0,R2_50_90,test,SAFE_TO_EXECUTE,grouped_iid,0.9591192290222643,0.9602763385146805,0.04088077097773568,0.03972366148531947,SAFE_TO_EXECUTE,0.24102374969289544
4507014678_00010,4507014678_00010,"3-way match, invoice before GR",2018-03-26 11:12:00+00:00,2018-03-26 13:09:00+00:00,0.08125,4728.0,R2_50_90,test,SAFE_TO_EXECUTE,grouped_iid,0.9584518280314265,0.9602763385146805,0.04154817196857352,0.03972366148531947,SAFE_TO_EXECUTE,0.24102374969289544
2000013456_00002,2000013456_00002,"3-way match, invoice before GR",2018-03-26 11:23:00+00:00,2018-03-26 15:02:00+00:00,0.15208333333333332,6.0,R1_0_50,test,SAFE_TO_EXECUTE,grouped_iid,0.9721324999957073,0.9949238578680203,0.027867500004292722,0.005076142131979711,SAFE_TO_EXECUTE,0.04599532480368192
4507018028_00010,4507018028_00010,"3-way match, invoice before GR",2018-03-26 14:07:00+00:00,2018-03-27 05:19:00+00:00,0.6333333333333333,408.0,R1_0_50,test,SAFE_TO_EXECUTE,grouped_iid,0.9872333515470696,1.0,0.012766648452930407,0.0,SAFE_TO_EXECUTE,5.123178885069411e-14
4507017393_00010,4507017393_00010,"3-way match, invoice before GR",2018-03-26 14:10:00+00:00,2018-03-27 05:18:00+00:00,0.6305555555555555,7621.0,R3_90_99,test,NOT_SAFE_TO_EXECUTE,grouped_iid,0.9791822336965879,0.9949238578680203,0.020817766303412144,0.005076142131979711,SAFE_TO_EXECUTE,0.04599532480368192
4507017020_00010,4507017020_00010,"3-way match, invoice before GR",2018-03-26 15:45:00+00:00,2018-03-29 09:12:00+00:00,2.7270833333333333,43096.0,R3_90_99,test,SAFE_TO_EXECUTE,grouped_iid,0.6273158910384631,0.7333333333333333,0.3726841089615369,0.2666666666666667,SAFE_TO_EXECUTE,0.8366407419411673
4507016859_00100,4507016859_00100,"3-way match, invoice before GR",2018-03-27 07:46:00+00:00,2018-04-03 15:40:00+00:00,7.329166666666667,270.0,R1_0_50,test,SAFE_TO_EXECUTE,grouped_iid,0.9504792777230207,0.9555555555555556,0.049520722276979345,0.0444444444444444,SAFE_TO_EXECUTE,0.2623112196143365
4507016859_00040,4507016859_00040,"3-way match, invoice before GR",2018-03-27 09:41:00+00:00,2018-04-03 15:40:00+00:00,7.249305555555556,209.0,R1_0_50,test,SAFE_TO_EXECUTE,grouped_iid,0.950544363526915,0.9555555555555556,0.04945563647308504,0.0444444444444444,SAFE_TO_EXECUTE,0.2623112196143365
4507016859_00130,4507016859_00130,"3-way match, invoice before GR",2018-03-27 09:48:00+00:00,2018-04-03 15:40:00+00:00,7.2444444444444445,150.0,R1_0_50,test,SAFE_TO_EXECUTE,grouped_iid,0.9505541822808415,0.9555555555555556,0.04944581771915846,0.0444444444444444,SAFE_TO_EXECUTE,0.2623112196143365
4507015961_00030,4507015961_00030,"3-way match, invoice before GR",2018-03-27 10:15:00+00:00,2018-03-28 07:05:00+00:00,0.8680555555555556,411.0,R1_0_50,test,SAFE_TO_EXECUTE,grouped_iid,0.9723241644353247,0.9949238578680203,0.027675835564675344,0.005076142131979711,SAFE_TO_EXECUTE,0.04599532480368192
4507015961_00270,4507015961_00270,"3-way match, invoice before GR",2018-03-27 10:15:00+00:00,2018-03-28 07:05:00+00:00,0.8680555555555556,409.0,R1_0_50,test,SAFE_TO_EXECUTE,grouped_iid,0.9723242857902678,0.9949238578680203,0.02767571420973225,0.005076142131979711,SAFE_TO_EXECUTE,0.04599532480368192
4507016124_00030,4507016124_00030,"3-way match, invoice before GR",2018-03-27 10:17:00+00:00,2018-03-27 13:51:00+00:00,0.1486111111111111,325.0,R1_0_50,test,SAFE_TO_EXECUTE,grouped_iid,0.954805188900638,0.9602763385146805,0.045194811099361965,0.03972366148531947,SAFE_TO_EXECUTE,0.24102374969289544
4507015031_00250,4507015031_00250,"3-way match, invoice before GR",2018-03-27 10:23:00+00:00,2018-03-28 06:13:00+00:00,0.8263888888888888,182.0,R1_0_50,test,SAFE_TO_EXECUTE,grouped_iid,0.952046184492303,0.9602763385146805,0.04795381550769695,0.03972366148531947,SAFE_TO_EXECUTE,0.24102374969289544
4507016962_00010,4507016962_00010,"3-way match, invoice before GR",2018-03-27 10:37:00+00:00,2018-03-28 06:11:00+00:00,0.8152777777777778,1394.0,R2_50_90,test,SAFE_TO_EXECUTE,grouped_iid,0.9553671352351342,0.9602763385146805,0.04463286476486583,0.03972366148531947,SAFE_TO_EXECUTE,0.24102374969289544
4507015785_00100,4507015785_00100,"3-way match, invoice before GR",2018-03-27 10:42:00+00:00,2018-03-28 06:25:00+00:00,0.8215277777777777,1108.0,R2_50_90,test,SAFE_TO_EXECUTE,grouped_iid,0.9721000698314081,0.9949238578680203,0.027899930168591935,0.005076142131979711,SAFE_TO_EXECUTE,0.04599532480368192
4507015785_00110,4507015785_00110,"3-way match, invoice before GR",2018-03-27 10:42:00+00:00,2018-03-28 06:25:00+00:00,0.8215277777777777,1108.0,R2_50_90,test,SAFE_TO_EXECUTE,grouped_iid,0.9721000698314081,0.9949238578680203,0.027899930168591935,0.005076142131979711,SAFE_TO_EXECUTE,0.04599532480368192
4507015452_00180,4507015452_00180,"3-way match, invoice before GR",2018-03-27 10:57:00+00:00,2018-03-27 13:50:00+00:00,0.12013888888888889,59.0,R1_0_50,test,SAFE_TO_EXECUTE,grouped_iid,0.9532877377280584,0.9602763385146805,0.046712262271941585,0.03972366148531947,SAFE_TO_EXECUTE,0.24102374969289544
4507016113_00030,4507016113_00030,"3-way match, invoice before GR",2018-03-27 12:00:00+00:00,2018-03-27 13:49:00+00:00,0.07569444444444444,452.0,R1_0_50,test,SAFE_TO_EXECUTE,grouped_iid,0.9548121435675214,0.9602763385146805,0.04518785643247858,0.03972366148531947,SAFE_TO_EXECUTE,0.24102374969289544
4507016113_00050,4507016113_00050,"3-way match, invoice before GR",2018-03-27 12:00:00+00:00,2018-03-27 13:49:00+00:00,0.07569444444444444,900.0,R2_50_90,test,SAFE_TO_EXECUTE,grouped_iid,0.954768538816855,0.9602763385146805,0.04523146118314503,0.03972366148531947,SAFE_TO_EXECUTE,0.24102374969289544
4507007059_00040,4507007059_00040,"3-way match, invoice before GR",2018-03-27 14:29:00+00:00,2018-04-09 13:31:00+00:00,12.959722222222222,15323.0,R3_90_99,test,NOT_SAFE_TO_EXECUTE,grouped_iid,0.2257642341154609,0.06666666666666667,0.7742357658845391,0.9333333333333333,NOT_SAFE_TO_EXECUTE,0.3533593350214213
4507018414_00010,4507018414_00010,"3-way match, invoice before GR",2018-03-27 14:33:00+00:00,2018-03-28 09:14:00+00:00,0.7784722222222222,22863.0,R3_90_99,test,SAFE_TO_EXECUTE,grouped_iid,0.9796493247823178,1.0,0.02035067521768219,0.0,SAFE_TO_EXECUTE,5.123178885069411e-14
4507018415_00010,4507018415_00010,"3-way match, invoice before GR",2018-03-27 14:33:00+00:00,2018-03-28 09:15:00+00:00,0.7791666666666667,22863.0,R3_90_99,test,SAFE_TO_EXECUTE,grouped_iid,0.9796496211548198,1.0,0.020350378845180206,0.0,SAFE_TO_EXECUTE,5.123178885069411e-14
2000013416_00002,2000013416_00002,"3-way match, invoice before GR",2018-03-27 15:36:00+00:00,2018-03-28 10:40:00+00:00,0.7944444444444444,400.0,R1_0_50,test,SAFE_TO_EXECUTE,grouped_iid,0.9468353202245401,0.9357798165137615,0.05316467977545991,0.06422018348623848,SAFE_TO_EXECUTE,0.34397451435953375
4507016239_00040,4507016239_00040,"3-way match, invoice before GR",2018-03-28 08:39:00+00:00,2018-03-28 09:12:00+00:00,0.022916666666666665,883.0,R2_50_90,test,SAFE_TO_EXECUTE,grouped_iid,0.9546985474820959,0.9602763385146805,0.04530145251790407,0.03972366148531947,SAFE_TO_EXECUTE,0.24102374969289544
4507016239_00280,4507016239_00280,"3-way match, invoice before GR",2018-03-28 08:39:00+00:00,2018-03-28 09:23:00+00:00,0.030555555555555555,245.0,R1_0_50,test,SAFE_TO_EXECUTE,grouped_iid,0.954755141310268,0.9602763385146805,0.04524485868973205,0.03972366148531947,SAFE_TO_EXECUTE,0.24102374969289544
4507018797_00001,4507018797_00001,"3-way match, invoice before GR",2018-03-28 08:39:00+00:00,2018-03-28 09:27:00+00:00,0.03333333333333333,144.0,R1_0_50,test,SAFE_TO_EXECUTE,grouped_iid,0.8575783605974427,0.8404255319148937,0.14242163940255725,0.15957446808510634,SAFE_TO_EXECUTE,0.6332905746550958
4507018794_00001,4507018794_00001,"3-way match, invoice before GR",2018-03-28 08:45:00+00:00,2018-03-28 09:27:00+00:00,0.029166666666666667,202.0,R1_0_50,test,SAFE_TO_EXECUTE,grouped_iid,0.8575703278204071,0.8404255319148937,0.1424296721795929,0.15957446808510634,SAFE_TO_EXECUTE,0.6332905746550958
4507016239_00110,4507016239_00110,"3-way match, invoice before GR",2018-03-28 08:47:00+00:00,2018-03-28 09:25:00+00:00,0.02638888888888889,239.0,R1_0_50,test,SAFE_TO_EXECUTE,grouped_iid,0.9354530027200962,0.9183673469387755,0.06454699727990376,0.08163265306122447,SAFE_TO_EXECUTE,0.4079059801389762
4507012747_00440,4507012747_00440,"3-way match, invoice before GR",2018-03-28 08:57:00+00:00,2018-03-28 15:36:00+00:00,0.27708333333333335,291.0,R1_0_50,test,SAFE_TO_EXECUTE,grouped_iid,0.9484948330087586,0.9357798165137615,0.05150516699124141,0.06422018348623848,SAFE_TO_EXECUTE,0.34397451435953375
4507015595_00080,4507015595_00080,"3-way match, invoice before GR",2018-03-28 09:05:00+00:00,2018-03-28 15:44:00+00:00,0.27708333333333335,1101.0,R2_50_90,test,SAFE_TO_EXECUTE,grouped_iid,0.9536526809123923,0.9602763385146805,0.0463473190876077,0.03972366148531947,SAFE_TO_EXECUTE,0.24102374969289544
4507015595_00110,4507015595_00110,"3-way match, invoice before GR",2018-03-28 09:05:00+00:00,2018-03-28 15:44:00+00:00,0.27708333333333335,289.0,R1_0_50,test,SAFE_TO_EXECUTE,grouped_iid,0.9537335396134548,0.9602763385146805,0.04626646038654525,0.03972366148531947,SAFE_TO_EXECUTE,0.24102374969289544
4507015595_00150,4507015595_00150,"3-way match, invoice before GR",2018-03-28 09:05:00+00:00,2018-03-28 15:44:00+00:00,0.27708333333333335,579.0,R2_50_90,test,SAFE_TO_EXECUTE,grouped_iid,0.9537046769260366,0.9602763385146805,0.046295323073963446,0.03972366148531947,SAFE_TO_EXECUTE,0.24102374969289544
4507016256_00010,4507016256_00010,"3-way match, invoice before GR",2018-03-28 09:07:00+00:00,2018-03-28 09:54:00+00:00,0.03263888888888889,421.0,R1_0_50,test,SAFE_TO_EXECUTE,grouped_iid,0.9547428403567769,0.9602763385146805,0.04525715964322308,0.03972366148531947,SAFE_TO_EXECUTE,0.24102374969289544
4507016256_00030,4507016256_00030,"3-way match, invoice before GR",2018-03-28 09:07:00+00:00,2018-03-28 09:54:00+00:00,0.03263888888888889,482.0,R1_0_50,test,SAFE_TO_EXECUTE,grouped_iid,0.9547368967881332,0.9602763385146805,0.04526310321186677,0.03972366148531947,SAFE_TO_EXECUTE,0.24102374969289544
4507016307_00040,4507016307_00040,"3-way match, invoice before GR",2018-03-28 11:20:00+00:00,2018-04-10 06:38:00+00:00,12.804166666666667,2179.0,R2_50_90,test,SAFE_TO_EXECUTE,grouped_iid,0.9743692708451089,0.9949238578680203,0.025630729154891063,0.005076142131979711,SAFE_TO_EXECUTE,0.04599532480368192
4507015905_00010,4507015905_00010,"3-way match, invoice before GR",2018-03-28 14:20:00+00:00,2018-03-29 09:23:00+00:00,0.79375,3183.0,R2_50_90,test,SAFE_TO_EXECUTE,grouped_iid,0.9684721909960652,0.9806451612903225,0.031527809003934815,0.01935483870967747,SAFE_TO_EXECUTE,0.1378026662704413
4507018653_00010,4507018653_00010,"3-way match, invoice before GR",2018-03-28 14:37:00+00:00,2018-03-29 05:45:00+00:00,0.6305555555555555,43096.0,R3_90_99,test,SAFE_TO_EXECUTE,grouped_iid,0.6428046244729722,0.7333333333333333,0.35719537552702785,0.2666666666666667,SAFE_TO_EXECUTE,0.8366407419411673
4507018420_00010,4507018420_00010,"3-way match, invoice before GR",2018-03-29 03:53:00+00:00,2018-03-29 09:43:00+00:00,0.24305555555555555,22863.0,R3_90_99,test,SAFE_TO_EXECUTE,grouped_iid,0.9814754084700887,1.0,0.01852459152991126,0.0,SAFE_TO_EXECUTE,5.123178885069411e-14
4507018119_00010,4507018119_00010,"3-way match, invoice before GR",2018-03-29 08:19:00+00:00,2018-04-04 08:00:00+00:00,5.986805555555556,21448.0,R3_90_99,test,SAFE_TO_EXECUTE,grouped_iid,0.976623756588743,0.9949238578680203,0.02337624341125699,0.005076142131979711,SAFE_TO_EXECUTE,0.04599532480368192
4507016796_00010,4507016796_00010,"3-way match, invoice before GR",2018-03-29 08:20:00+00:00,2018-04-09 11:20:00+00:00,11.125,4473.0,R2_50_90,test,SAFE_TO_EXECUTE,grouped_iid,0.9463405977246608,0.9357798165137615,0.05365940227533916,0.06422018348623848,SAFE_TO_EXECUTE,0.34397451435953375
4507015343_00050,4507015343_00050,"3-way match, invoice before GR",2018-03-29 10:18:00+00:00,2018-04-04 12:30:00+00:00,6.091666666666667,114.0,R1_0_50,test,SAFE_TO_EXECUTE,grouped_iid,0.9473343664262004,0.9357798165137615,0.05266563357379961,0.06422018348623848,SAFE_TO_EXECUTE,0.34397451435953375
4507013924_00010,4507013924_00010,"3-way match, invoice before GR",2018-03-29 11:26:00+00:00,2018-03-29 16:14:00+00:00,0.2,4078.0,R2_50_90,test,SAFE_TO_EXECUTE,grouped_iid,0.9646481887136796,0.97,0.03535181128632037,0.030000000000000027,SAFE_TO_EXECUTE,0.1943918578315763
4507011031_00020,4507011031_00020,"3-way match, invoice before GR",2018-03-29 11:30:00+00:00,2018-03-29 16:14:00+00:00,0.19722222222222222,3741.0,R2_50_90,test,SAFE_TO_EXECUTE,grouped_iid,0.9601829959806929,0.9602763385146805,0.0398170040193071,0.03972366148531947,SAFE_TO_EXECUTE,0.24102374969289544
4507015180_00030,4507015180_00030,"3-way match, invoice before GR",2018-03-29 11:45:00+00:00,2018-04-06 06:47:00+00:00,7.793055555555555,2354.0,R2_50_90,test,SAFE_TO_EXECUTE,grouped_iid,0.9807069576424271,1.0,0.019293042357572898,0.0,SAFE_TO_EXECUTE,5.123178885069411e-14
4507016292_00030,4507016292_00030,"3-way match, invoice before GR",2018-03-29 13:41:00+00:00,2018-04-04 12:32:00+00:00,5.952083333333333,160.0,R1_0_50,test,SAFE_TO_EXECUTE,grouped_iid,0.9696475661578383,0.9806451612903225,0.030352433842161686,0.01935483870967747,SAFE_TO_EXECUTE,0.1378026662704413
4507016700_00010,4507016700_00010,"3-way match, invoice before GR",2018-03-29 14:12:00+00:00,2018-04-03 10:57:00+00:00,4.864583333333333,1790.0,R2_50_90,test,SAFE_TO_EXECUTE,grouped_iid,0.9762938362348388,0.9949238578680203,0.023706163765161214,0.005076142131979711,SAFE_TO_EXECUTE,0.04599532480368192
4507016762_00010,4507016762_00010,"3-way match, invoice before GR",2018-03-29 15:42:00+00:00,2018-03-29 16:50:00+00:00,0.04722222222222222,32985.0,R3_90_99,test,SAFE_TO_EXECUTE,grouped_iid,0.8202086809511394,0.7678571428571429,0.1797913190488606,0.2321428571428571,SAFE_TO_EXECUTE,0.7817281222714539
4507014974_00010,4507014974_00010,"3-way match, invoice before GR",2018-03-29 16:08:00+00:00,2018-04-04 08:15:00+00:00,5.6715277777777775,322.0,R1_0_50,test,SAFE_TO_EXECUTE,grouped_iid,0.8724338978669784,0.8404255319148937,0.12756610213302155,0.15957446808510634,SAFE_TO_EXECUTE,0.6332905746550958
4507015669_00010,4507015669_00010,"3-way match, invoice before GR",2018-03-30 05:41:00+00:00,2018-04-05 05:04:00+00:00,5.9743055555555555,1954.0,R2_50_90,test,NOT_SAFE_TO_EXECUTE,grouped_iid,0.9013344875785246,0.8884615384615384,0.09866551242147537,0.11153846153846159,SAFE_TO_EXECUTE,0.5045390536984206
4507017923_00010,4507017923_00010,"3-way match, invoice before GR",2018-03-30 05:45:00+00:00,2018-04-04 10:31:00+00:00,5.198611111111111,31003.0,R3_90_99,test,NOT_SAFE_TO_EXECUTE,grouped_iid,0.8659533967468556,0.8404255319148937,0.13404660325314444,0.15957446808510634,SAFE_TO_EXECUTE,0.6332905746550958
4507018026_00020,4507018026_00020,"3-way match, invoice before GR",2018-03-30 06:22:00+00:00,2018-03-30 06:27:00+00:00,0.003472222222222222,1905.0,R2_50_90,test,SAFE_TO_EXECUTE,grouped_iid,0.9676966789909033,0.9806451612903225,0.03230332100909672,0.01935483870967747,SAFE_TO_EXECUTE,0.1378026662704413
4507018883_00010,4507018883_00010,"3-way match, invoice before GR",2018-03-30 07:55:00+00:00,2018-03-30 10:45:00+00:00,0.11805555555555555,8995.0,R3_90_99,test,SAFE_TO_EXECUTE,grouped_iid,0.9142849082615351,0.9183673469387755,0.08571509173846492,0.08163265306122447,SAFE_TO_EXECUTE,0.4079059801389762
4507019541_00020,4507019541_00020,"3-way match, invoice before GR",2018-03-30 07:59:00+00:00,2018-04-03 07:45:00+00:00,3.9902777777777776,518.0,R1_0_50,test,SAFE_TO_EXECUTE,grouped_iid,0.9894583450167075,1.0,0.010541654983292514,0.0,SAFE_TO_EXECUTE,5.123178885069411e-14
4507016716_00010,4507016716_00010,"3-way match, invoice before GR",2018-03-30 08:15:00+00:00,2018-04-04 18:15:00+00:00,5.416666666666667,24092.0,R3_90_99,test,SAFE_TO_EXECUTE,grouped_iid,0.8608677240794305,0.8404255319148937,0.13913227592056954,0.15957446808510634,SAFE_TO_EXECUTE,0.6332905746550958
4507013702_00130,4507013702_00130,"3-way match, invoice before GR",2018-03-30 09:36:00+00:00,2018-03-30 15:35:00+00:00,0.24930555555555556,286.0,R1_0_50,test,SAFE_TO_EXECUTE,grouped_iid,0.9630101562527392,0.9602763385146805,0.036989843747260776,0.03972366148531947,SAFE_TO_EXECUTE,0.24102374969289544
4507019120_00010,4507019120_00010,"3-way match, invoice before GR",2018-03-30 10:15:00+00:00,2018-04-04 15:52:00+00:00,5.2340277777777775,51.0,R1_0_50,test,SAFE_TO_EXECUTE,grouped_iid,0.9554828816829309,0.9602763385146805,0.04451711831706906,0.03972366148531947,SAFE_TO_EXECUTE,0.24102374969289544
4507017905_00020,4507017905_00020,"3-way match, invoice before GR",2018-03-30 10:27:00+00:00,2018-04-06 06:02:00+00:00,6.815972222222222,1142.0,R2_50_90,test,SAFE_TO_EXECUTE,grouped_iid,0.9717107917242656,0.9949238578680203,0.028289208275734445,0.005076142131979711,SAFE_TO_EXECUTE,0.04599532480368192
4507015684_00010,4507015684_00010,"3-way match, invoice before GR",2018-03-30 11:07:00+00:00,2018-04-04 11:46:00+00:00,5.027083333333334,838.0,R2_50_90,test,SAFE_TO_EXECUTE,grouped_iid,0.9684062601399163,0.9806451612903225,0.031593739860083736,0.01935483870967747,SAFE_TO_EXECUTE,0.1378026662704413
4507018593_00010,4507018593_00010,"3-way match, invoice before GR",2018-03-30 11:29:00+00:00,2018-04-04 12:37:00+00:00,5.0472222222222225,20862.0,R3_90_99,test,NOT_SAFE_TO_EXECUTE,grouped_iid,0.8858196323813711,0.8884615384615384,0.11418036761862893,0.11153846153846159,SAFE_TO_EXECUTE,0.5045390536984206
4507019284_00010,4507019284_00010,"3-way match, invoice before GR",2018-03-30 12:02:00+00:00,2018-03-30 14:44:00+00:00,0.1125,156.0,R1_0_50,test,SAFE_TO_EXECUTE,grouped_iid,0.9590697966852745,0.9602763385146805,0.04093020331472552,0.03972366148531947,SAFE_TO_EXECUTE,0.24102374969289544
4507019284_00020,4507019284_00020,"3-way match, invoice before GR",2018-03-30 12:02:00+00:00,2018-03-30 14:44:00+00:00,0.1125,821.0,R2_50_90,test,SAFE_TO_EXECUTE,grouped_iid,0.9590108945126561,0.9602763385146805,0.04098910548734391,0.03972366148531947,SAFE_TO_EXECUTE,0.24102374969289544
4507019284_00040,4507019284_00040,"3-way match, invoice before GR",2018-03-30 12:02:00+00:00,2018-03-30 14:44:00+00:00,0.1125,485.0,R1_0_50,test,SAFE_TO_EXECUTE,grouped_iid,0.95904066574511,0.9602763385146805,0.040959334254889956,0.03972366148531947,SAFE_TO_EXECUTE,0.24102374969289544
4507019284_00080,4507019284_00080,"3-way match, invoice before GR",2018-03-30 12:02:00+00:00,2018-03-30 14:44:00+00:00,0.1125,323.0,R1_0_50,test,SAFE_TO_EXECUTE,grouped_iid,0.9590550123350111,0.9602763385146805,0.040944987664988886,0.03972366148531947,SAFE_TO_EXECUTE,0.24102374969289544
4507018315_00010,4507018315_00010,"3-way match, invoice before GR",2018-03-30 12:14:00+00:00,2018-04-05 12:56:00+00:00,6.029166666666667,488.0,R1_0_50,test,SAFE_TO_EXECUTE,grouped_iid,0.952831278385635,0.9602763385146805,0.04716872161436503,0.03972366148531947,SAFE_TO_EXECUTE,0.24102374969289544
4507018315_00160,4507018315_00160,"3-way match, invoice before GR",2018-03-30 12:14:00+00:00,2018-04-05 12:56:00+00:00,6.029166666666667,108.0,R1_0_50,test,SAFE_TO_EXECUTE,grouped_iid,0.9528697731605872,0.9602763385146805,0.047130226839412814,0.03972366148531947,SAFE_TO_EXECUTE,0.24102374969289544
4507018315_00170,4507018315_00170,"3-way match, invoice before GR",2018-03-30 12:14:00+00:00,2018-04-05 12:56:00+00:00,6.029166666666667,363.0,R1_0_50,test,SAFE_TO_EXECUTE,grouped_iid,0.9528439444378419,0.9602763385146805,0.04715605556215807,0.03972366148531947,SAFE_TO_EXECUTE,0.24102374969289544
4507019168_00020,4507019168_00020,"3-way match, invoice before GR",2018-03-30 14:25:00+00:00,2018-04-03 05:49:00+00:00,3.6416666666666666,3566.0,R2_50_90,test,SAFE_TO_EXECUTE,grouped_iid,0.8597959576587706,0.8404255319148937,0.1402040423412294,0.15957446808510634,SAFE_TO_EXECUTE,0.6332905746550958
4507017807_00020,4507017807_00020,"3-way match, invoice before GR",2018-03-30 14:53:00+00:00,2018-04-03 05:46:00+00:00,3.620138888888889,6192.0,R2_50_90,test,SAFE_TO_EXECUTE,grouped_iid,0.8513764121904661,0.8404255319148937,0.14862358780953389,0.15957446808510634,SAFE_TO_EXECUTE,0.6332905746550958
4507017730_00010,4507017730_00010,"3-way match, invoice before GR",2018-03-30 15:24:00+00:00,2018-04-05 11:03:00+00:00,5.81875,56741.0,R4_99_100,test,SAFE_TO_EXECUTE,grouped_iid,0.8856098764687814,0.8884615384615384,0.11439012353121858,0.11153846153846159,SAFE_TO_EXECUTE,0.5045390536984206
4507017797_00020,4507017797_00020,"3-way match, invoice before GR",2018-04-03 09:02:00+00:00,2018-04-03 10:19:00+00:00,0.05347222222222222,1904.0,R2_50_90,test,SAFE_TO_EXECUTE,grouped_iid,0.9686317705289722,0.9806451612903225,0.0313682294710278,0.01935483870967747,SAFE_TO_EXECUTE,0.1378026662704413
4507015846_00020,4507015846_00020,"3-way match, invoice before GR",2018-04-03 10:38:00+00:00,2018-04-04 11:14:00+00:00,1.025,5021.0,R2_50_90,test,SAFE_TO_EXECUTE,grouped_iid,0.951603746117084,0.9555555555555556,0.04839625388291602,0.0444444444444444,SAFE_TO_EXECUTE,0.2623112196143365
4507017269_00130,4507017269_00130,"3-way match, invoice before GR",2018-04-03 10:50:00+00:00,2018-04-04 11:21:00+00:00,1.0215277777777778,277.0,R1_0_50,test,SAFE_TO_EXECUTE,grouped_iid,0.9546892604890937,0.9602763385146805,0.04531073951090625,0.03972366148531947,SAFE_TO_EXECUTE,0.24102374969289544
4507017269_00190,4507017269_00190,"3-way match, invoice before GR",2018-04-03 10:50:00+00:00,2018-04-04 11:21:00+00:00,1.0215277777777778,166.0,R1_0_50,test,SAFE_TO_EXECUTE,grouped_iid,0.9547000861226401,0.9602763385146805,0.045299913877359876,0.03972366148531947,SAFE_TO_EXECUTE,0.24102374969289544
4507017600_00120,4507017600_00120,"3-way match, invoice before GR",2018-04-03 11:00:00+00:00,2018-04-04 13:26:00+00:00,1.101388888888889,150.0,R1_0_50,test,SAFE_TO_EXECUTE,grouped_iid,0.9550344461730516,0.9602763385146805,0.044965553826948446,0.03972366148531947,SAFE_TO_EXECUTE,0.24102374969289544
4507017600_00210,4507017600_00210,"3-way match, invoice before GR",2018-04-03 11:00:00+00:00,2018-04-04 13:26:00+00:00,1.101388888888889,265.0,R1_0_50,test,SAFE_TO_EXECUTE,grouped_iid,0.9550233092646676,0.9602763385146805,0.04497669073533239,0.03972366148531947,SAFE_TO_EXECUTE,0.24102374969289544
4507015961_00440,4507015961_00440,"3-way match, invoice before GR",2018-04-03 11:25:00+00:00,2018-04-04 07:29:00+00:00,0.8361111111111111,417.0,R1_0_50,test,SAFE_TO_EXECUTE,grouped_iid,0.9523233737755766,0.9602763385146805,0.04767662622442337,0.03972366148531947,SAFE_TO_EXECUTE,0.24102374969289544
4507017135_00010,4507017135_00010,"3-way match, invoice before GR",2018-04-03 12:03:00+00:00,2018-04-04 11:46:00+00:00,0.9881944444444445,1964.0,R2_50_90,test,SAFE_TO_EXECUTE,grouped_iid,0.8164830535277899,0.7678571428571429,0.18351694647221006,0.2321428571428571,SAFE_TO_EXECUTE,0.7817281222714539
4507019706_00050,4507019706_00050,"3-way match, invoice before GR",2018-04-03 12:05:00+00:00,2018-04-04 08:44:00+00:00,0.8604166666666667,20.0,R1_0_50,test,SAFE_TO_EXECUTE,grouped_iid,0.9705258355920687,0.9949238578680203,0.02947416440793127,0.005076142131979711,SAFE_TO_EXECUTE,0.04599532480368192
4507004817_00020,4507004817_00020,"3-way match, invoice before GR",2018-04-03 13:20:00+00:00,2018-04-06 12:18:00+00:00,2.9569444444444444,3881.0,R2_50_90,test,SAFE_TO_EXECUTE,grouped_iid,0.9187290865718043,0.9183673469387755,0.0812709134281957,0.08163265306122447,SAFE_TO_EXECUTE,0.4079059801389762
4507019467_00040,4507019467_00040,"3-way match, invoice before GR",2018-04-03 13:34:00+00:00,2018-04-03 15:37:00+00:00,0.08541666666666667,836.0,R2_50_90,test,SAFE_TO_EXECUTE,grouped_iid,0.9705866929590221,0.9949238578680203,0.029413307040977887,0.005076142131979711,SAFE_TO_EXECUTE,0.04599532480368192
4507019467_00090,4507019467_00090,"3-way match, invoice before GR",2018-04-03 13:34:00+00:00,2018-04-03 15:37:00+00:00,0.08541666666666667,17.0,R1_0_50,test,SAFE_TO_EXECUTE,grouped_iid,0.961382706296238,0.9602763385146805,0.03861729370376199,0.03972366148531947,SAFE_TO_EXECUTE,0.24102374969289544
4507020014_00020,4507020014_00020,"3-way match, invoice before GR",2018-04-03 13:41:00+00:00,2018-04-03 15:32:00+00:00,0.07708333333333334,100.0,R1_0_50,test,SAFE_TO_EXECUTE,grouped_iid,0.9711607045122265,0.9949238578680203,0.02883929548777353,0.005076142131979711,SAFE_TO_EXECUTE,0.04599532480368192
4507020014_00030,4507020014_00030,"3-way match, invoice before GR",2018-04-03 13:41:00+00:00,2018-04-03 15:32:00+00:00,0.07708333333333334,37.0,R1_0_50,test,SAFE_TO_EXECUTE,grouped_iid,0.9711646828697523,0.9949238578680203,0.028835317130247673,0.005076142131979711,SAFE_TO_EXECUTE,0.04599532480368192
4507018747_00050,4507018747_00050,"3-way match, invoice before GR",2018-04-03 14:00:00+00:00,2018-04-06 05:48:00+00:00,2.658333333333333,6.0,R1_0_50,test,SAFE_TO_EXECUTE,grouped_iid,0.9695220596871746,0.9806451612903225,0.030477940312825358,0.01935483870967747,SAFE_TO_EXECUTE,0.1378026662704413
4507011665_00010,4507011665_00010,"3-way match, invoice before GR",2018-04-03 15:12:00+00:00,2018-04-19 10:10:00+00:00,15.790277777777778,2832.0,R2_50_90,test,SAFE_TO_EXECUTE,grouped_iid,0.9319386194411503,0.9183673469387755,0.0680613805588497,0.08163265306122447,SAFE_TO_EXECUTE,0.4079059801389762
4507015696_00010,4507015696_00010,"3-way match, invoice before GR",2018-04-03 15:56:00+00:00,2018-04-05 15:16:00+00:00,1.9722222222222223,15192.0,R3_90_99,test,SAFE_TO_EXECUTE,grouped_iid,0.9497514577579127,0.9555555555555556,0.0502485422420873,0.0444444444444444,SAFE_TO_EXECUTE,0.2623112196143365
4507017831_00010,4507017831_00010,"3-way match, invoice before GR",2018-04-04 07:30:00+00:00,2018-04-05 16:23:00+00:00,1.3701388888888888,4067.0,R2_50_90,test,SAFE_TO_EXECUTE,grouped_iid,0.9735578414739058,0.9949238578680203,0.026442158526094217,0.005076142131979711,SAFE_TO_EXECUTE,0.04599532480368192
4507018149_00060,4507018149_00060,"3-way match, invoice before GR",2018-04-04 07:57:00+00:00,2018-04-05 16:23:00+00:00,1.351388888888889,6079.0,R2_50_90,test,SAFE_TO_EXECUTE,grouped_iid,0.9736909874273528,0.9949238578680203,0.026309012572647172,0.005076142131979711,SAFE_TO_EXECUTE,0.04599532480368192
4507019736_00120,4507019736_00120,"3-way match, invoice before GR",2018-04-04 10:06:00+00:00,2018-04-05 09:35:00+00:00,0.9784722222222222,367.0,R1_0_50,test,NOT_SAFE_TO_EXECUTE,grouped_iid,0.8930704029720542,0.8884615384615384,0.1069295970279458,0.11153846153846159,SAFE_TO_EXECUTE,0.5045390536984206
4507019736_00180,4507019736_00180,"3-way match, invoice before GR",2018-04-04 10:06:00+00:00,2018-04-05 09:35:00+00:00,0.9784722222222222,63.0,R1_0_50,test,NOT_SAFE_TO_EXECUTE,grouped_iid,0.8931358450035641,0.8884615384615384,0.10686415499643587,0.11153846153846159,SAFE_TO_EXECUTE,0.5045390536984206
4507019736_00230,4507019736_00230,"3-way match, invoice before GR",2018-04-04 10:06:00+00:00,2018-04-05 09:35:00+00:00,0.9784722222222222,67.0,R1_0_50,test,NOT_SAFE_TO_EXECUTE,grouped_iid,0.8931349841531632,0.8884615384615384,0.10686501584683683,0.11153846153846159,SAFE_TO_EXECUTE,0.5045390536984206
4507020239_00020,4507020239_00020,"3-way match, invoice before GR",2018-04-04 10:25:00+00:00,2018-04-04 15:32:00+00:00,0.21319444444444444,349.0,R1_0_50,test,SAFE_TO_EXECUTE,grouped_iid,0.9712120295035187,0.9949238578680203,0.028787970496481297,0.005076142131979711,SAFE_TO_EXECUTE,0.04599532480368192
4507020239_00030,4507020239_00030,"3-way match, invoice before GR",2018-04-04 10:25:00+00:00,2018-04-04 15:32:00+00:00,0.21319444444444444,125.0,R1_0_50,test,SAFE_TO_EXECUTE,grouped_iid,0.9712261479313918,0.9949238578680203,0.028773852068608163,0.005076142131979711,SAFE_TO_EXECUTE,0.04599532480368192
4507016969_00010,4507016969_00010,"3-way match, invoice before GR",2018-04-04 10:43:00+00:00,2018-04-06 09:52:00+00:00,1.9645833333333333,4395.0,R2_50_90,test,SAFE_TO_EXECUTE,grouped_iid,0.9568484610011406,0.9602763385146805,0.04315153899885937,0.03972366148531947,SAFE_TO_EXECUTE,0.24102374969289544
4507017381_00010,4507017381_00010,"3-way match, invoice before GR",2018-04-04 11:01:00+00:00,2018-04-06 14:21:00+00:00,2.138888888888889,936.0,R2_50_90,test,SAFE_TO_EXECUTE,grouped_iid,0.9657579697827369,0.97,0.03424203021726313,0.030000000000000027,SAFE_TO_EXECUTE,0.1943918578315763
4507015375_00010,4507015375_00010,"3-way match, invoice before GR",2018-04-04 11:09:00+00:00,2018-04-04 12:20:00+00:00,0.049305555555555554,466.0,R1_0_50,test,SAFE_TO_EXECUTE,grouped_iid,0.9704331023888377,0.9949238578680203,0.02956689761116227,0.005076142131979711,SAFE_TO_EXECUTE,0.04599532480368192
4507016918_00020,4507016918_00020,"3-way match, invoice before GR",2018-04-04 11:16:00+00:00,2018-04-06 09:49:00+00:00,1.9395833333333334,954.0,R2_50_90,test,SAFE_TO_EXECUTE,grouped_iid,0.9831862247617847,1.0,0.016813775238215256,0.0,SAFE_TO_EXECUTE,5.123178885069411e-14
4507015375_00070,4507015375_00070,"3-way match, invoice before GR",2018-04-04 11:33:00+00:00,2018-04-04 12:21:00+00:00,0.03333333333333333,12093.0,R3_90_99,test,SAFE_TO_EXECUTE,grouped_iid,0.9696835111215156,0.9806451612903225,0.03031648887848437,0.01935483870967747,SAFE_TO_EXECUTE,0.1378026662704413
4507015397_00020,4507015397_00020,"3-way match, invoice before GR",2018-04-04 14:10:00+00:00,2018-04-09 12:25:00+00:00,4.927083333333333,10625.0,R3_90_99,test,NOT_SAFE_TO_EXECUTE,grouped_iid,0.6274957142655595,0.7333333333333333,0.3725042857344405,0.2666666666666667,SAFE_TO_EXECUTE,0.8366407419411673
4507012231_00010,4507012231_00010,"3-way match, invoice before GR",2018-04-04 14:16:00+00:00,2018-04-09 11:47:00+00:00,4.896527777777778,12436.0,R3_90_99,test,SAFE_TO_EXECUTE,grouped_iid,0.9614035386768359,0.9602763385146805,0.03859646132316408,0.03972366148531947,SAFE_TO_EXECUTE,0.24102374969289544
4507018319_00010,4507018319_00010,"3-way match, invoice before GR",2018-04-04 14:23:00+00:00,2018-04-11 11:24:00+00:00,6.875694444444444,43817.0,R3_90_99,test,SAFE_TO_EXECUTE,grouped_iid,0.8545935323935249,0.8404255319148937,0.14540646760647513,0.15957446808510634,SAFE_TO_EXECUTE,0.6332905746550958
4507019714_00010,4507019714_00010,"3-way match, invoice before GR",2018-04-04 15:42:00+00:00,2018-04-09 05:56:00+00:00,4.593055555555556,20784.0,R3_90_99,test,SAFE_TO_EXECUTE,grouped_iid,0.9781401624737865,0.9949238578680203,0.021859837526213455,0.005076142131979711,SAFE_TO_EXECUTE,0.04599532480368192
4507008275_00110,4507008275_00110,"3-way match, invoice before GR",2018-04-05 05:51:00+00:00,2018-04-09 11:59:00+00:00,4.2555555555555555,2495.0,R2_50_90,test,NOT_SAFE_TO_EXECUTE,grouped_iid,0.570618395823786,0.7333333333333333,0.42938160417621396,0.2666666666666667,SAFE_TO_EXECUTE,0.8366407419411673
4507018138_00010,4507018138_00010,"3-way match, invoice before GR",2018-04-05 05:53:00+00:00,2018-04-09 10:56:00+00:00,4.210416666666666,886.0,R2_50_90,test,SAFE_TO_EXECUTE,grouped_iid,0.9650336461725455,0.97,0.0349663538274545,0.030000000000000027,SAFE_TO_EXECUTE,0.1943918578315763
4507011793_00030,4507011793_00030,"3-way match, invoice before GR",2018-04-05 06:04:00+00:00,2018-04-05 06:14:00+00:00,0.006944444444444444,4054.0,R2_50_90,test,SAFE_TO_EXECUTE,grouped_iid,0.9236017036349052,0.9183673469387755,0.07639829636509476,0.08163265306122447,SAFE_TO_EXECUTE,0.4079059801389762
4507016964_00010,4507016964_00010,"3-way match, invoice before GR",2018-04-05 06:49:00+00:00,2018-04-05 07:40:00+00:00,0.035416666666666666,852.0,R2_50_90,test,SAFE_TO_EXECUTE,grouped_iid,0.9720441379734314,0.9949238578680203,0.027955862026568634,0.005076142131979711,SAFE_TO_EXECUTE,0.04599532480368192
4507015180_00020,4507015180_00020,"3-way match, invoice before GR",2018-04-05 07:09:00+00:00,2018-04-09 11:32:00+00:00,4.182638888888889,3908.0,R2_50_90,test,SAFE_TO_EXECUTE,grouped_iid,0.9675652040270082,0.97,0.032434795972991814,0.030000000000000027,SAFE_TO_EXECUTE,0.1943918578315763
4507017905_00010,4507017905_00010,"3-way match, invoice before GR",2018-04-05 07:29:00+00:00,2018-04-06 06:02:00+00:00,0.9395833333333333,2555.0,R2_50_90,test,SAFE_TO_EXECUTE,grouped_iid,0.9727612671521301,0.9949238578680203,0.02723873284786993,0.005076142131979711,SAFE_TO_EXECUTE,0.04599532480368192
4507018436_00070,4507018436_00070,"3-way match, invoice before GR",2018-04-05 09:38:00+00:00,2018-04-05 12:00:00+00:00,0.09861111111111111,1388.0,R2_50_90,test,SAFE_TO_EXECUTE,grouped_iid,0.9547181918298007,0.9602763385146805,0.045281808170199334,0.03972366148531947,SAFE_TO_EXECUTE,0.24102374969289544
4507018096_00030,4507018096_00030,"3-way match, invoice before GR",2018-04-05 10:08:00+00:00,2018-04-05 12:01:00+00:00,0.07847222222222222,411.0,R1_0_50,test,SAFE_TO_EXECUTE,grouped_iid,0.9544140619797172,0.9602763385146805,0.04558593802028277,0.03972366148531947,SAFE_TO_EXECUTE,0.24102374969289544
4507018066_00010,4507018066_00010,"3-way match, invoice before GR",2018-04-05 10:15:00+00:00,2018-04-05 11:55:00+00:00,0.06944444444444445,172.0,R1_0_50,test,SAFE_TO_EXECUTE,grouped_iid,0.9544134777103014,0.9602763385146805,0.04558652228969862,0.03972366148531947,SAFE_TO_EXECUTE,0.24102374969289544
4507018237_00040,4507018237_00040,"3-way match, invoice before GR",2018-04-05 10:19:00+00:00,2018-04-06 08:01:00+00:00,0.9041666666666667,412.0,R1_0_50,test,SAFE_TO_EXECUTE,grouped_iid,0.9540937942922532,0.9602763385146805,0.04590620570774684,0.03972366148531947,SAFE_TO_EXECUTE,0.24102374969289544
4507011843_00010,4507011843_00010,"3-way match, invoice before GR",2018-04-05 10:20:00+00:00,2018-04-19 14:02:00+00:00,14.154166666666667,5712.0,R2_50_90,test,SAFE_TO_EXECUTE,grouped_iid,0.35698041839501704,0.06666666666666667,0.643019581604983,0.9333333333333333,NOT_SAFE_TO_EXECUTE,0.3533593350214213
4507018095_00150,4507018095_00150,"3-way match, invoice before GR",2018-04-05 10:28:00+00:00,2018-04-06 08:55:00+00:00,0.9354166666666667,193.0,R1_0_50,test,SAFE_TO_EXECUTE,grouped_iid,0.9537948690280408,0.9602763385146805,0.04620513097195922,0.03972366148531947,SAFE_TO_EXECUTE,0.24102374969289544
4507018095_00180,4507018095_00180,"3-way match, invoice before GR",2018-04-05 10:28:00+00:00,2018-04-06 08:55:00+00:00,0.9354166666666667,347.0,R1_0_50,test,SAFE_TO_EXECUTE,grouped_iid,0.9537795634081362,0.9602763385146805,0.04622043659186381,0.03972366148531947,SAFE_TO_EXECUTE,0.24102374969289544
4507019268_00180,4507019268_00180,"3-way match, invoice before GR",2018-04-05 10:35:00+00:00,2018-04-06 08:53:00+00:00,0.9291666666666667,387.0,R1_0_50,test,SAFE_TO_EXECUTE,grouped_iid,0.9561534782981352,0.9602763385146805,0.04384652170186476,0.03972366148531947,SAFE_TO_EXECUTE,0.24102374969289544
4507017387_00020,4507017387_00020,"3-way match, invoice before GR",2018-04-05 10:44:00+00:00,2018-04-05 12:03:00+00:00,0.05486111111111111,150.0,R1_0_50,test,SAFE_TO_EXECUTE,grouped_iid,0.9535704780987688,0.9602763385146805,0.046429521901231174,0.03972366148531947,SAFE_TO_EXECUTE,0.24102374969289544
4507017387_00070,4507017387_00070,"3-way match, invoice before GR",2018-04-05 10:44:00+00:00,2018-04-05 12:03:00+00:00,0.05486111111111111,535.0,R1_0_50,test,SAFE_TO_EXECUTE,grouped_iid,0.9535320281887364,0.9602763385146805,0.04646797181126361,0.03972366148531947,SAFE_TO_EXECUTE,0.24102374969289544
4507019262_00010,4507019262_00010,"3-way match, invoice before GR",2018-04-05 12:39:00+00:00,2018-04-10 11:35:00+00:00,4.955555555555556,8456.0,R3_90_99,test,SAFE_TO_EXECUTE,grouped_iid,0.960913829907314,0.9602763385146805,0.039086170092686,0.03972366148531947,SAFE_TO_EXECUTE,0.24102374969289544
4507014115_00010,4507014115_00010,"3-way match, invoice before GR",2018-04-05 13:23:00+00:00,2018-04-10 11:36:00+00:00,4.925694444444445,17320.0,R3_90_99,test,SAFE_TO_EXECUTE,grouped_iid,0.97219209900014,0.9949238578680203,0.02780790099985997,0.005076142131979711,SAFE_TO_EXECUTE,0.04599532480368192
4507018675_00010,4507018675_00010,"3-way match, invoice before GR",2018-04-05 14:31:00+00:00,2018-04-06 05:41:00+00:00,0.6319444444444444,5872.0,R2_50_90,test,SAFE_TO_EXECUTE,grouped_iid,0.8780157710420631,0.8884615384615384,0.12198422895793692,0.11153846153846159,SAFE_TO_EXECUTE,0.5045390536984206
4507012010_00010,4507012010_00010,"3-way match, invoice before GR",2018-04-05 14:57:00+00:00,2018-04-10 10:59:00+00:00,4.834722222222222,23031.0,R3_90_99,test,SAFE_TO_EXECUTE,grouped_iid,0.9301145944563094,0.9183673469387755,0.0698854055436906,0.08163265306122447,SAFE_TO_EXECUTE,0.4079059801389762
4507016827_00010,4507016827_00010,"3-way match, invoice before GR",2018-04-05 15:57:00+00:00,2018-04-06 07:35:00+00:00,0.6513888888888889,87794.0,R4_99_100,test,NOT_SAFE_TO_EXECUTE,grouped_iid,0.8466145584301294,0.8404255319148937,0.15338544156987055,0.15957446808510634,SAFE_TO_EXECUTE,0.6332905746550958
4507017010_00020,4507017010_00020,"3-way match, invoice before GR",2018-04-06 07:36:00+00:00,2018-04-10 09:42:00+00:00,4.0875,17.0,R1_0_50,test,SAFE_TO_EXECUTE,grouped_iid,0.9005082919699112,0.8884615384615384,0.09949170803008878,0.11153846153846159,SAFE_TO_EXECUTE,0.5045390536984206
4507019710_00110,4507019710_00110,"3-way match, invoice before GR",2018-04-06 07:59:00+00:00,2018-04-09 05:19:00+00:00,2.888888888888889,223.0,R1_0_50,test,SAFE_TO_EXECUTE,grouped_iid,0.9696560235387187,0.9806451612903225,0.030343976461281286,0.01935483870967747,SAFE_TO_EXECUTE,0.1378026662704413
4507016855_00010,4507016855_00010,"3-way match, invoice before GR",2018-04-06 09:21:00+00:00,2018-04-09 12:58:00+00:00,3.1506944444444445,9151.0,R3_90_99,test,SAFE_TO_EXECUTE,grouped_iid,0.9763236351172683,0.9949238578680203,0.023676364882731726,0.005076142131979711,SAFE_TO_EXECUTE,0.04599532480368192
4507020557_00010,4507020557_00010,"3-way match, invoice before GR",2018-04-06 11:05:00+00:00,2018-04-09 05:19:00+00:00,2.7597222222222224,233.0,R1_0_50,test,SAFE_TO_EXECUTE,grouped_iid,0.983559062615801,1.0,0.01644093738419905,0.0,SAFE_TO_EXECUTE,5.123178885069411e-14
4507019458_00020,4507019458_00020,"3-way match, invoice before GR",2018-04-06 11:41:00+00:00,2018-04-10 07:25:00+00:00,3.8222222222222224,175.0,R1_0_50,test,SAFE_TO_EXECUTE,grouped_iid,0.9745555970790923,0.9949238578680203,0.02544440292090766,0.005076142131979711,SAFE_TO_EXECUTE,0.04599532480368192
4507019458_00050,4507019458_00050,"3-way match, invoice before GR",2018-04-06 11:41:00+00:00,2018-04-10 07:25:00+00:00,3.8222222222222224,42.0,R1_0_50,test,SAFE_TO_EXECUTE,grouped_iid,0.9745630324955487,0.9949238578680203,0.025436967504451347,0.005076142131979711,SAFE_TO_EXECUTE,0.04599532480368192
4507019458_00070,4507019458_00070,"3-way match, invoice before GR",2018-04-06 11:41:00+00:00,2018-04-10 07:25:00+00:00,3.8222222222222224,369.0,R1_0_50,test,SAFE_TO_EXECUTE,grouped_iid,0.9745447476383828,0.9949238578680203,0.025455252361617164,0.005076142131979711,SAFE_TO_EXECUTE,0.04599532480368192
4507019458_00090,4507019458_00090,"3-way match, invoice before GR",2018-04-06 11:41:00+00:00,2018-04-10 07:25:00+00:00,3.8222222222222224,372.0,R1_0_50,test,SAFE_TO_EXECUTE,grouped_iid,0.9745445798281576,0.9949238578680203,0.025455420171842436,0.005076142131979711,SAFE_TO_EXECUTE,0.04599532480368192
4507019458_00200,4507019458_00200,"3-way match, invoice before GR",2018-04-06 11:41:00+00:00,2018-04-10 07:25:00+00:00,3.8222222222222224,87.0,R1_0_50,test,SAFE_TO_EXECUTE,grouped_iid,0.9745605169900301,0.9949238578680203,0.0254394830099699,0.005076142131979711,SAFE_TO_EXECUTE,0.04599532480368192
4507018284_00040,4507018284_00040,"3-way match, invoice before GR",2018-04-06 13:41:00+00:00,2018-04-18 09:06:00+00:00,11.809027777777779,113.0,R1_0_50,test,SAFE_TO_EXECUTE,grouped_iid,0.96077082113373,0.9602763385146805,0.039229178866269976,0.03972366148531947,SAFE_TO_EXECUTE,0.24102374969289544
4507021086_00030,4507021086_00030,"3-way match, invoice before GR",2018-04-09 08:51:00+00:00,2018-04-10 07:25:00+00:00,0.9402777777777778,471.0,R1_0_50,test,SAFE_TO_EXECUTE,grouped_iid,0.970769606719749,0.9949238578680203,0.02923039328025101,0.005076142131979711,SAFE_TO_EXECUTE,0.04599532480368192
4507021086_00070,4507021086_00070,"3-way match, invoice before GR",2018-04-09 08:51:00+00:00,2018-04-10 07:25:00+00:00,0.9402777777777778,277.0,R1_0_50,test,SAFE_TO_EXECUTE,grouped_iid,0.9707820169461693,0.9949238578680203,0.02921798305383072,0.005076142131979711,SAFE_TO_EXECUTE,0.04599532480368192
4507020884_00080,4507020884_00080,"3-way match, invoice before GR",2018-04-09 09:17:00+00:00,2018-04-10 11:21:00+00:00,1.086111111111111,426.0,R1_0_50,test,SAFE_TO_EXECUTE,grouped_iid,0.970456595850648,0.9949238578680203,0.02954340414935197,0.005076142131979711,SAFE_TO_EXECUTE,0.04599532480368192
4507020884_00090,4507020884_00090,"3-way match, invoice before GR",2018-04-09 09:17:00+00:00,2018-04-10 11:20:00+00:00,1.0854166666666667,639.0,R2_50_90,test,SAFE_TO_EXECUTE,grouped_iid,0.9704431598309249,0.9949238578680203,0.029556840169075116,0.005076142131979711,SAFE_TO_EXECUTE,0.04599532480368192
4507020552_00060,4507020552_00060,"3-way match, invoice before GR",2018-04-09 09:27:00+00:00,2018-04-12 06:58:00+00:00,2.8965277777777776,148.0,R1_0_50,test,SAFE_TO_EXECUTE,grouped_iid,0.9760588869470229,0.9949238578680203,0.02394111305297708,0.005076142131979711,SAFE_TO_EXECUTE,0.04599532480368192
4507020552_00070,4507020552_00070,"3-way match, invoice before GR",2018-04-09 09:27:00+00:00,2018-04-12 06:58:00+00:00,2.8965277777777776,49.0,R1_0_50,test,SAFE_TO_EXECUTE,grouped_iid,0.9760641028076641,0.9949238578680203,0.02393589719233591,0.005076142131979711,SAFE_TO_EXECUTE,0.04599532480368192
4507020552_00100,4507020552_00100,"3-way match, invoice before GR",2018-04-09 09:27:00+00:00,2018-04-12 06:58:00+00:00,2.8965277777777776,95.0,R1_0_50,test,SAFE_TO_EXECUTE,grouped_iid,0.9760616794143376,0.9949238578680203,0.023938320585662365,0.005076142131979711,SAFE_TO_EXECUTE,0.04599532480368192
4507020552_00140,4507020552_00140,"3-way match, invoice before GR",2018-04-09 09:27:00+00:00,2018-04-12 06:58:00+00:00,2.8965277777777776,1928.0,R2_50_90,test,SAFE_TO_EXECUTE,grouped_iid,0.9759649174365962,0.9949238578680203,0.02403508256340381,0.005076142131979711,SAFE_TO_EXECUTE,0.04599532480368192
4507020255_00010,4507020255_00010,"3-way match, invoice before GR",2018-04-09 09:32:00+00:00,2018-04-09 11:48:00+00:00,0.09444444444444444,1414.0,R2_50_90,test,SAFE_TO_EXECUTE,grouped_iid,0.970556562142236,0.9949238578680203,0.029443437857764043,0.005076142131979711,SAFE_TO_EXECUTE,0.04599532480368192
4507020255_00020,4507020255_00020,"3-way match, invoice before GR",2018-04-09 09:32:00+00:00,2018-04-09 11:45:00+00:00,0.09236111111111112,561.0,R1_0_50,test,SAFE_TO_EXECUTE,grouped_iid,0.9706124815655027,0.9949238578680203,0.029387518434497273,0.005076142131979711,SAFE_TO_EXECUTE,0.04599532480368192
4507019156_00080,4507019156_00080,"3-way match, invoice before GR",2018-04-09 10:30:00+00:00,2018-04-09 15:40:00+00:00,0.2152777777777778,181.0,R1_0_50,test,SAFE_TO_EXECUTE,grouped_iid,0.9557265685383215,0.9602763385146805,0.0442734314616785,0.03972366148531947,SAFE_TO_EXECUTE,0.24102374969289544
4507020410_00090,4507020410_00090,"3-way match, invoice before GR",2018-04-10 07:29:00+00:00,2018-04-12 16:33:00+00:00,2.3777777777777778,122.0,R1_0_50,test,SAFE_TO_EXECUTE,grouped_iid,0.9559618810796293,0.9602763385146805,0.044038118920370684,0.03972366148531947,SAFE_TO_EXECUTE,0.24102374969289544
4507007376_00020,4507007376_00020,"3-way match, invoice before GR",2018-04-10 08:21:00+00:00,2018-04-11 06:38:00+00:00,0.9284722222222223,8891.0,R3_90_99,test,SAFE_TO_EXECUTE,grouped_iid,0.8416506742737375,0.8404255319148937,0.15834932572626248,0.15957446808510634,SAFE_TO_EXECUTE,0.6332905746550958
4507021137_00100,4507021137_00100,"3-way match, invoice before GR",2018-04-10 08:58:00+00:00,2018-04-10 15:37:00+00:00,0.27708333333333335,37.0,R1_0_50,test,SAFE_TO_EXECUTE,grouped_iid,0.9703925920380179,0.9949238578680203,0.029607407961982135,0.005076142131979711,SAFE_TO_EXECUTE,0.04599532480368192
4507021137_00180,4507021137_00180,"3-way match, invoice before GR",2018-04-10 08:58:00+00:00,2018-04-10 15:37:00+00:00,0.27708333333333335,163.0,R1_0_50,test,SAFE_TO_EXECUTE,grouped_iid,0.9703844282254305,0.9949238578680203,0.029615571774569527,0.005076142131979711,SAFE_TO_EXECUTE,0.04599532480368192
4507017387_00010,4507017387_00010,"3-way match, invoice before GR",2018-04-10 09:13:00+00:00,2018-04-10 13:02:00+00:00,0.15902777777777777,267.0,R1_0_50,test,SAFE_TO_EXECUTE,grouped_iid,0.9513126866224143,0.9555555555555556,0.048687313377585695,0.0444444444444444,SAFE_TO_EXECUTE,0.2623112196143365
4507019644_00010,4507019644_00010,"3-way match, invoice before GR",2018-04-10 09:18:00+00:00,2018-04-10 13:02:00+00:00,0.15555555555555556,109.0,R1_0_50,test,SAFE_TO_EXECUTE,grouped_iid,0.9551572495602904,0.9602763385146805,0.044842750439709644,0.03972366148531947,SAFE_TO_EXECUTE,0.24102374969289544
4507019268_00160,4507019268_00160,"3-way match, invoice before GR",2018-04-10 09:56:00+00:00,2018-04-11 08:29:00+00:00,0.9395833333333333,387.0,R1_0_50,test,SAFE_TO_EXECUTE,grouped_iid,0.9722915299474097,0.9949238578680203,0.02770847005259025,0.005076142131979711,SAFE_TO_EXECUTE,0.04599532480368192
4507019268_00220,4507019268_00220,"3-way match, invoice before GR",2018-04-10 09:56:00+00:00,2018-04-11 08:29:00+00:00,0.9395833333333333,694.0,R2_50_90,test,SAFE_TO_EXECUTE,grouped_iid,0.972272874485924,0.9949238578680203,0.027727125514075968,0.005076142131979711,SAFE_TO_EXECUTE,0.04599532480368192
4507019268_00270,4507019268_00270,"3-way match, invoice before GR",2018-04-10 09:56:00+00:00,2018-04-11 08:29:00+00:00,0.9395833333333333,1144.0,R2_50_90,test,SAFE_TO_EXECUTE,grouped_iid,0.9722455072938703,0.9949238578680203,0.02775449270612973,0.005076142131979711,SAFE_TO_EXECUTE,0.04599532480368192
4507019268_00350,4507019268_00350,"3-way match, invoice before GR",2018-04-10 09:56:00+00:00,2018-04-11 08:29:00+00:00,0.9395833333333333,225.0,R1_0_50,test,SAFE_TO_EXECUTE,grouped_iid,0.9723013692817801,0.9949238578680203,0.027698630718219874,0.005076142131979711,SAFE_TO_EXECUTE,0.04599532480368192
4507021368_00020,4507021368_00020,"3-way match, invoice before GR",2018-04-10 10:00:00+00:00,2018-04-11 06:27:00+00:00,0.8520833333333333,985.0,R2_50_90,test,SAFE_TO_EXECUTE,grouped_iid,0.9708557226366892,0.9949238578680203,0.029144277363310822,0.005076142131979711,SAFE_TO_EXECUTE,0.04599532480368192
4507020327_00290,4507020327_00290,"3-way match, invoice before GR",2018-04-10 10:13:00+00:00,2018-04-11 09:20:00+00:00,0.9631944444444445,383.0,R1_0_50,test,SAFE_TO_EXECUTE,grouped_iid,0.9569049077216971,0.9602763385146805,0.04309509227830288,0.03972366148531947,SAFE_TO_EXECUTE,0.24102374969289544
4507014183_00100,4507014183_00100,"3-way match, invoice before GR",2018-04-10 10:29:00+00:00,2018-04-10 10:48:00+00:00,0.013194444444444444,839.0,R2_50_90,test,SAFE_TO_EXECUTE,grouped_iid,0.9676023878306227,0.9806451612903225,0.03239761216937731,0.01935483870967747,SAFE_TO_EXECUTE,0.1378026662704413
4507015183_00010,4507015183_00010,"3-way match, invoice before GR",2018-04-10 11:27:00+00:00,2018-04-20 13:16:00+00:00,10.075694444444444,30484.0,R3_90_99,test,SAFE_TO_EXECUTE,grouped_iid,0.7837135329197309,0.7333333333333333,0.2162864670802691,0.2666666666666667,SAFE_TO_EXECUTE,0.8366407419411673
4507021128_00010,4507021128_00010,"3-way match, invoice before GR",2018-04-10 12:54:00+00:00,2018-04-10 15:36:00+00:00,0.1125,493.0,R1_0_50,test,SAFE_TO_EXECUTE,grouped_iid,0.9611163817944133,0.9602763385146805,0.03888361820558672,0.03972366148531947,SAFE_TO_EXECUTE,0.24102374969289544
4507017764_00010,4507017764_00010,"3-way match, invoice before GR",2018-04-10 12:58:00+00:00,2018-04-17 09:58:00+00:00,6.875,9364.0,R3_90_99,test,SAFE_TO_EXECUTE,grouped_iid,0.939037211946766,0.9357798165137615,0.06096278805323396,0.06422018348623848,SAFE_TO_EXECUTE,0.34397451435953375
4507018844_00010,4507018844_00010,"3-way match, invoice before GR",2018-04-10 13:54:00+00:00,2018-04-12 13:56:00+00:00,2.001388888888889,26153.0,R3_90_99,test,SAFE_TO_EXECUTE,grouped_iid,0.8926090857179324,0.8884615384615384,0.1073909142820676,0.11153846153846159,SAFE_TO_EXECUTE,0.5045390536984206
4507021422_00120,4507021422_00120,"3-way match, invoice before GR",2018-04-11 08:48:00+00:00,2018-04-11 11:54:00+00:00,0.12916666666666668,285.0,R1_0_50,test,SAFE_TO_EXECUTE,grouped_iid,0.970995373755813,0.9949238578680203,0.029004626244186982,0.005076142131979711,SAFE_TO_EXECUTE,0.04599532480368192
4507020898_00040,4507020898_00040,"3-way match, invoice before GR",2018-04-11 10:25:00+00:00,2018-04-13 10:11:00+00:00,1.9902777777777778,82.0,R1_0_50,test,SAFE_TO_EXECUTE,grouped_iid,0.9565922475492816,0.9602763385146805,0.04340775245071837,0.03972366148531947,SAFE_TO_EXECUTE,0.24102374969289544
4507017608_00010,4507017608_00010,"3-way match, invoice before GR",2018-04-11 10:45:00+00:00,2018-04-11 12:04:00+00:00,0.05486111111111111,188.0,R1_0_50,test,SAFE_TO_EXECUTE,grouped_iid,0.9513043667152844,0.9555555555555556,0.0486956332847156,0.0444444444444444,SAFE_TO_EXECUTE,0.2623112196143365
4507018852_00080,4507018852_00080,"3-way match, invoice before GR",2018-04-11 10:56:00+00:00,2018-04-11 12:01:00+00:00,0.04513888888888889,169.0,R1_0_50,test,SAFE_TO_EXECUTE,grouped_iid,0.9539006814549813,0.9602763385146805,0.0460993185450187,0.03972366148531947,SAFE_TO_EXECUTE,0.24102374969289544
4507018852_00120,4507018852_00120,"3-way match, invoice before GR",2018-04-11 10:56:00+00:00,2018-04-11 12:01:00+00:00,0.04513888888888889,461.0,R1_0_50,test,SAFE_TO_EXECUTE,grouped_iid,0.9538717195656303,0.9602763385146805,0.04612828043436967,0.03972366148531947,SAFE_TO_EXECUTE,0.24102374969289544
4507018852_00140,4507018852_00140,"3-way match, invoice before GR",2018-04-11 10:56:00+00:00,2018-04-11 12:00:00+00:00,0.044444444444444446,277.0,R1_0_50,test,SAFE_TO_EXECUTE,grouped_iid,0.9538904883900773,0.9602763385146805,0.046109511609922715,0.03972366148531947,SAFE_TO_EXECUTE,0.24102374969289544
4507019269_00030,4507019269_00030,"3-way match, invoice before GR",2018-04-11 11:09:00+00:00,2018-04-11 16:08:00+00:00,0.2076388888888889,310.0,R1_0_50,test,SAFE_TO_EXECUTE,grouped_iid,0.9542215480175207,0.9602763385146805,0.04577845198247932,0.03972366148531947,SAFE_TO_EXECUTE,0.24102374969289544
4507019269_00060,4507019269_00060,"3-way match, invoice before GR",2018-04-11 11:09:00+00:00,2018-04-11 16:08:00+00:00,0.2076388888888889,429.0,R1_0_50,test,SAFE_TO_EXECUTE,grouped_iid,0.954209825340621,0.9602763385146805,0.04579017465937896,0.03972366148531947,SAFE_TO_EXECUTE,0.24102374969289544
4507019269_00170,4507019269_00170,"3-way match, invoice before GR",2018-04-11 11:09:00+00:00,2018-04-11 16:08:00+00:00,0.2076388888888889,147.0,R1_0_50,test,SAFE_TO_EXECUTE,grouped_iid,0.9542376004925851,0.9602763385146805,0.0457623995074149,0.03972366148531947,SAFE_TO_EXECUTE,0.24102374969289544
4507019269_00190,4507019269_00190,"3-way match, invoice before GR",2018-04-11 11:09:00+00:00,2018-04-11 16:08:00+00:00,0.2076388888888889,138.0,R1_0_50,test,SAFE_TO_EXECUTE,grouped_iid,0.9542384866694316,0.9602763385146805,0.04576151333056844,0.03972366148531947,SAFE_TO_EXECUTE,0.24102374969289544
4507020844_00010,4507020844_00010,"3-way match, invoice before GR",2018-04-11 11:12:00+00:00,2018-04-12 06:37:00+00:00,0.8090277777777778,22863.0,R3_90_99,test,SAFE_TO_EXECUTE,grouped_iid,0.9814038178124672,1.0,0.018596182187532784,0.0,SAFE_TO_EXECUTE,5.123178885069411e-14
4507021085_00020,4507021085_00020,"3-way match, invoice before GR",2018-04-11 11:16:00+00:00,2018-04-12 06:38:00+00:00,0.8069444444444445,13163.0,R3_90_99,test,SAFE_TO_EXECUTE,grouped_iid,0.9819593282439244,1.0,0.0180406717560756,0.0,SAFE_TO_EXECUTE,5.123178885069411e-14
4507019143_00070,4507019143_00070,"3-way match, invoice before GR",2018-04-11 11:17:00+00:00,2018-04-11 12:04:00+00:00,0.03263888888888889,150.0,R1_0_50,test,SAFE_TO_EXECUTE,grouped_iid,0.9543243757312146,0.9602763385146805,0.04567562426878535,0.03972366148531947,SAFE_TO_EXECUTE,0.24102374969289544
4507019657_00080,4507019657_00080,"3-way match, invoice before GR",2018-04-11 11:23:00+00:00,2018-04-12 13:11:00+00:00,1.075,602.0,R2_50_90,test,SAFE_TO_EXECUTE,grouped_iid,0.9540519222481246,0.9602763385146805,0.04594807775187537,0.03972366148531947,SAFE_TO_EXECUTE,0.24102374969289544
4507019239_00050,4507019239_00050,"3-way match, invoice before GR",2018-04-11 11:26:00+00:00,2018-04-12 13:10:00+00:00,1.0722222222222222,162.0,R1_0_50,test,SAFE_TO_EXECUTE,grouped_iid,0.9535775641388929,0.9602763385146805,0.04642243586110706,0.03972366148531947,SAFE_TO_EXECUTE,0.24102374969289544
4507013308_00010,4507013308_00010,"3-way match, invoice before GR",2018-04-11 11:53:00+00:00,2018-04-18 11:44:00+00:00,6.99375,6973.0,R2_50_90,test,SAFE_TO_EXECUTE,grouped_iid,0.9178094968593739,0.9183673469387755,0.08219050314062615,0.08163265306122447,SAFE_TO_EXECUTE,0.4079059801389762
4507019164_00010,4507019164_00010,"3-way match, invoice before GR",2018-04-11 12:42:00+00:00,2018-05-17 11:58:00+00:00,35.96944444444444,3407.0,R2_50_90,test,SAFE_TO_EXECUTE,grouped_iid,0.8302753798474382,0.7678571428571429,0.16972462015256184,0.2321428571428571,SAFE_TO_EXECUTE,0.7817281222714539
4507020970_00020,4507020970_00020,"3-way match, invoice before GR",2018-04-11 13:01:00+00:00,2018-04-13 09:35:00+00:00,1.8569444444444445,55.0,R1_0_50,test,SAFE_TO_EXECUTE,grouped_iid,0.9381795462818782,0.9357798165137615,0.06182045371812184,0.06422018348623848,SAFE_TO_EXECUTE,0.34397451435953375
4507015949_00010,4507015949_00010,"3-way match, invoice before GR",2018-04-11 15:58:00+00:00,2018-04-12 11:36:00+00:00,0.8180555555555555,3278.0,R2_50_90,test,SAFE_TO_EXECUTE,grouped_iid,0.9604433919746985,0.9602763385146805,0.039556608025301476,0.03972366148531947,SAFE_TO_EXECUTE,0.24102374969289544
4507020140_00050,4507020140_00050,"3-way match, invoice before GR",2018-04-11 16:09:00+00:00,2018-04-12 11:28:00+00:00,0.8048611111111111,109.0,R1_0_50,test,SAFE_TO_EXECUTE,grouped_iid,0.9550546235086953,0.9602763385146805,0.0449453764913047,0.03972366148531947,SAFE_TO_EXECUTE,0.24102374969289544
4507022190_00030,4507022190_00030,"3-way match, invoice before GR",2018-04-12 08:31:00+00:00,2018-04-17 15:57:00+00:00,5.309722222222222,19.0,R1_0_50,test,SAFE_TO_EXECUTE,grouped_iid,0.9700618131907757,0.9806451612903225,0.029938186809224332,0.01935483870967747,SAFE_TO_EXECUTE,0.1378026662704413
4507022190_00060,4507022190_00060,"3-way match, invoice before GR",2018-04-12 08:31:00+00:00,2018-04-17 15:57:00+00:00,5.309722222222222,47.0,R1_0_50,test,NOT_SAFE_TO_EXECUTE,grouped_iid,0.9700599795578356,0.9806451612903225,0.029940020442164372,0.01935483870967747,SAFE_TO_EXECUTE,0.1378026662704413
4507020444_00030,4507020444_00030,"3-way match, invoice before GR",2018-04-12 08:33:00+00:00,2018-04-12 19:50:00+00:00,0.4701388888888889,180.0,R1_0_50,test,SAFE_TO_EXECUTE,grouped_iid,0.9568725990668188,0.9602763385146805,0.04312740093318124,0.03972366148531947,SAFE_TO_EXECUTE,0.24102374969289544
4507020444_00100,4507020444_00100,"3-way match, invoice before GR",2018-04-12 08:33:00+00:00,2018-04-12 19:55:00+00:00,0.4736111111111111,249.0,R1_0_50,test,SAFE_TO_EXECUTE,grouped_iid,0.9568637529814656,0.9602763385146805,0.04313624701853436,0.03972366148531947,SAFE_TO_EXECUTE,0.24102374969289544
4507020444_00110,4507020444_00110,"3-way match, invoice before GR",2018-04-12 08:33:00+00:00,2018-04-12 19:55:00+00:00,0.4736111111111111,486.0,R1_0_50,test,SAFE_TO_EXECUTE,grouped_iid,0.95684169003961,0.9602763385146805,0.04315830996039005,0.03972366148531947,SAFE_TO_EXECUTE,0.24102374969289544
4507020444_00120,4507020444_00120,"3-way match, invoice before GR",2018-04-12 08:33:00+00:00,2018-04-12 19:55:00+00:00,0.4736111111111111,324.0,R1_0_50,test,SAFE_TO_EXECUTE,grouped_iid,0.9568567722029654,0.9602763385146805,0.04314322779703461,0.03972366148531947,SAFE_TO_EXECUTE,0.24102374969289544
4507020444_00150,4507020444_00150,"3-way match, invoice before GR",2018-04-12 08:33:00+00:00,2018-04-12 19:53:00+00:00,0.4722222222222222,667.0,R2_50_90,test,SAFE_TO_EXECUTE,grouped_iid,0.9568258039035176,0.9602763385146805,0.04317419609648243,0.03972366148531947,SAFE_TO_EXECUTE,0.24102374969289544
4507020444_00170,4507020444_00170,"3-way match, invoice before GR",2018-04-12 08:33:00+00:00,2018-04-12 19:55:00+00:00,0.4736111111111111,324.0,R1_0_50,test,SAFE_TO_EXECUTE,grouped_iid,0.9568567722029654,0.9602763385146805,0.04314322779703461,0.03972366148531947,SAFE_TO_EXECUTE,0.24102374969289544
4507022099_00010,4507022099_00010,"3-way match, invoice before GR",2018-04-12 10:05:00+00:00,2018-04-13 15:27:00+00:00,1.2236111111111112,242.0,R1_0_50,test,SAFE_TO_EXECUTE,grouped_iid,0.9707257751400337,0.9949238578680203,0.029274224859966336,0.005076142131979711,SAFE_TO_EXECUTE,0.04599532480368192
4507022099_00020,4507022099_00020,"3-way match, invoice before GR",2018-04-12 10:05:00+00:00,2018-04-13 15:27:00+00:00,1.2236111111111112,627.0,R2_50_90,test,SAFE_TO_EXECUTE,grouped_iid,0.9707010956173817,0.9949238578680203,0.029298904382618285,0.005076142131979711,SAFE_TO_EXECUTE,0.04599532480368192
4507022099_00040,4507022099_00040,"3-way match, invoice before GR",2018-04-12 10:05:00+00:00,2018-04-13 15:27:00+00:00,1.2236111111111112,288.0,R1_0_50,test,SAFE_TO_EXECUTE,grouped_iid,0.9707228274787225,0.9949238578680203,0.029277172521277484,0.005076142131979711,SAFE_TO_EXECUTE,0.04599532480368192
4507022099_00050,4507022099_00050,"3-way match, invoice before GR",2018-04-12 10:05:00+00:00,2018-04-13 15:27:00+00:00,1.2236111111111112,811.0,R2_50_90,test,SAFE_TO_EXECUTE,grouped_iid,0.9706892936035897,0.9949238578680203,0.029310706396410313,0.005076142131979711,SAFE_TO_EXECUTE,0.04599532480368192
4507021771_00010,4507021771_00010,"3-way match, invoice before GR",2018-04-12 10:11:00+00:00,2018-04-12 10:38:00+00:00,0.01875,647.0,R2_50_90,test,SAFE_TO_EXECUTE,grouped_iid,0.9710252876402979,0.9949238578680203,0.02897471235970206,0.005076142131979711,SAFE_TO_EXECUTE,0.04599532480368192
4507019884_00150,4507019884_00150,"3-way match, invoice before GR",2018-04-12 11:05:00+00:00,2018-04-13 05:59:00+00:00,0.7875,511.0,R1_0_50,test,NOT_SAFE_TO_EXECUTE,grouped_iid,0.7845213360950009,0.7333333333333333,0.21547866390499915,0.2666666666666667,SAFE_TO_EXECUTE,0.8366407419411673
4507020827_00030,4507020827_00030,"3-way match, invoice before GR",2018-04-12 14:19:00+00:00,2018-04-13 15:29:00+00:00,1.0486111111111112,180.0,R1_0_50,test,SAFE_TO_EXECUTE,grouped_iid,0.9693849434187759,0.9806451612903225,0.030615056581224098,0.01935483870967747,SAFE_TO_EXECUTE,0.1378026662704413
4507020827_00040,4507020827_00040,"3-way match, invoice before GR",2018-04-12 14:19:00+00:00,2018-04-13 15:29:00+00:00,1.0486111111111112,541.0,R1_0_50,test,SAFE_TO_EXECUTE,grouped_iid,0.9693607765123824,0.9806451612903225,0.030639223487617606,0.01935483870967747,SAFE_TO_EXECUTE,0.1378026662704413
4507020827_00070,4507020827_00070,"3-way match, invoice before GR",2018-04-12 14:19:00+00:00,2018-04-13 15:29:00+00:00,1.0486111111111112,153.0,R1_0_50,test,SAFE_TO_EXECUTE,grouped_iid,0.9693867501737922,0.9806451612903225,0.030613249826207833,0.01935483870967747,SAFE_TO_EXECUTE,0.1378026662704413
4507020827_00110,4507020827_00110,"3-way match, invoice before GR",2018-04-12 14:19:00+00:00,2018-04-13 15:29:00+00:00,1.0486111111111112,666.0,R2_50_90,test,SAFE_TO_EXECUTE,grouped_iid,0.9693524041649145,0.9806451612903225,0.030647595835085473,0.01935483870967747,SAFE_TO_EXECUTE,0.1378026662704413
4507017245_00010,4507017245_00010,"3-way match, invoice before GR",2018-04-12 14:44:00+00:00,2018-04-13 05:04:00+00:00,0.5972222222222222,6037.0,R2_50_90,test,SAFE_TO_EXECUTE,grouped_iid,0.9688178061755255,0.9806451612903225,0.031182193824474513,0.01935483870967747,SAFE_TO_EXECUTE,0.1378026662704413
4507019898_00210,4507019898_00210,"3-way match, invoice before GR",2018-04-12 14:47:00+00:00,2018-04-23 10:54:00+00:00,10.838194444444444,636.0,R2_50_90,test,SAFE_TO_EXECUTE,grouped_iid,0.9629077284819341,0.9602763385146805,0.037092271518065933,0.03972366148531947,SAFE_TO_EXECUTE,0.24102374969289544
4507019922_00020,4507019922_00020,"3-way match, invoice before GR",2018-04-12 15:29:00+00:00,2018-04-16 11:22:00+00:00,3.828472222222222,1157.0,R2_50_90,test,SAFE_TO_EXECUTE,grouped_iid,0.9518502316294454,0.9602763385146805,0.048149768370554624,0.03972366148531947,SAFE_TO_EXECUTE,0.24102374969289544
4507020054_00010,4507020054_00010,"3-way match, invoice before GR",2018-04-13 07:37:00+00:00,2018-04-13 08:49:00+00:00,0.05,1260.0,R2_50_90,test,SAFE_TO_EXECUTE,grouped_iid,0.9676779215436319,0.9806451612903225,0.03232207845636814,0.01935483870967747,SAFE_TO_EXECUTE,0.1378026662704413
4507020054_00020,4507020054_00020,"3-way match, invoice before GR",2018-04-13 07:37:00+00:00,2018-04-13 08:49:00+00:00,0.05,1593.0,R2_50_90,test,SAFE_TO_EXECUTE,grouped_iid,0.9676544282752862,0.9806451612903225,0.03234557172471375,0.01935483870967747,SAFE_TO_EXECUTE,0.1378026662704413
4507020851_00040,4507020851_00040,"3-way match, invoice before GR",2018-04-13 08:29:00+00:00,2018-04-16 13:20:00+00:00,3.2020833333333334,78.0,R1_0_50,test,SAFE_TO_EXECUTE,grouped_iid,0.9680188327067671,0.9806451612903225,0.03198116729323286,0.01935483870967747,SAFE_TO_EXECUTE,0.1378026662704413
4507019928_00010,4507019928_00010,"3-way match, invoice before GR",2018-04-13 08:38:00+00:00,2018-04-18 09:07:00+00:00,5.020138888888889,8303.0,R3_90_99,test,NOT_SAFE_TO_EXECUTE,grouped_iid,0.7721522220793232,0.7333333333333333,0.2278477779206768,0.2666666666666667,SAFE_TO_EXECUTE,0.8366407419411673
4507015331_00040,4507015331_00040,"3-way match, invoice before GR",2018-04-13 08:54:00+00:00,2018-04-16 12:12:00+00:00,3.1375,1766.0,R2_50_90,test,NOT_SAFE_TO_EXECUTE,grouped_iid,0.7869162861310744,0.7333333333333333,0.21308371386892555,0.2666666666666667,SAFE_TO_EXECUTE,0.8366407419411673
4507019355_00010,4507019355_00010,"3-way match, invoice before GR",2018-04-13 09:42:00+00:00,2018-04-16 10:10:00+00:00,3.0194444444444444,11951.0,R3_90_99,test,SAFE_TO_EXECUTE,grouped_iid,0.9511934450468197,0.9555555555555556,0.048806554953180314,0.0444444444444444,SAFE_TO_EXECUTE,0.2623112196143365
4507019355_00020,4507019355_00020,"3-way match, invoice before GR",2018-04-13 09:42:00+00:00,2018-04-16 10:10:00+00:00,3.0194444444444444,7424.0,R3_90_99,test,SAFE_TO_EXECUTE,grouped_iid,0.9516651546427444,0.9602763385146805,0.04833484535725563,0.03972366148531947,SAFE_TO_EXECUTE,0.24102374969289544
4507018847_00010,4507018847_00010,"3-way match, invoice before GR",2018-04-13 09:45:00+00:00,2018-04-18 10:34:00+00:00,5.034027777777778,23333.0,R3_90_99,test,SAFE_TO_EXECUTE,grouped_iid,0.8810994468914584,0.8884615384615384,0.11890055310854164,0.11153846153846159,SAFE_TO_EXECUTE,0.5045390536984206
4507021088_00010,4507021088_00010,"3-way match, invoice before GR",2018-04-13 10:07:00+00:00,2018-04-13 15:28:00+00:00,0.22291666666666668,56.0,R1_0_50,test,SAFE_TO_EXECUTE,grouped_iid,0.969802283621604,0.9806451612903225,0.030197716378395967,0.01935483870967747,SAFE_TO_EXECUTE,0.1378026662704413
4507021088_00060,4507021088_00060,"3-way match, invoice before GR",2018-04-13 10:07:00+00:00,2018-04-13 15:28:00+00:00,0.22291666666666668,264.0,R1_0_50,test,SAFE_TO_EXECUTE,grouped_iid,0.9697885453241939,0.9806451612903225,0.030211454675806104,0.01935483870967747,SAFE_TO_EXECUTE,0.1378026662704413
4507019774_00020,4507019774_00020,"3-way match, invoice before GR",2018-04-13 10:40:00+00:00,2018-04-19 09:48:00+00:00,5.963888888888889,767.0,R2_50_90,test,SAFE_TO_EXECUTE,grouped_iid,0.9496615931292794,0.9555555555555556,0.05033840687072055,0.0444444444444444,SAFE_TO_EXECUTE,0.2623112196143365
4507020080_00030,4507020080_00030,"3-way match, invoice before GR",2018-04-13 10:50:00+00:00,2018-04-16 17:02:00+00:00,3.2583333333333333,223.0,R1_0_50,test,SAFE_TO_EXECUTE,grouped_iid,0.9523228082114265,0.9602763385146805,0.04767719178857355,0.03972366148531947,SAFE_TO_EXECUTE,0.24102374969289544
4507020080_00040,4507020080_00040,"3-way match, invoice before GR",2018-04-13 10:50:00+00:00,2018-04-16 17:02:00+00:00,3.2583333333333333,230.0,R1_0_50,test,SAFE_TO_EXECUTE,grouped_iid,0.9523220915524039,0.9602763385146805,0.04767790844759612,0.03972366148531947,SAFE_TO_EXECUTE,0.24102374969289544
4507020080_00130,4507020080_00130,"3-way match, invoice before GR",2018-04-13 10:50:00+00:00,2018-04-16 17:02:00+00:00,3.2583333333333333,767.0,R2_50_90,test,SAFE_TO_EXECUTE,grouped_iid,0.9522670830537101,0.9602763385146805,0.047732916946289894,0.03972366148531947,SAFE_TO_EXECUTE,0.24102374969289544
4507020592_00010,4507020592_00010,"3-way match, invoice before GR",2018-04-13 11:19:00+00:00,2018-04-18 10:38:00+00:00,4.971527777777778,6573.0,R2_50_90,test,SAFE_TO_EXECUTE,grouped_iid,0.9525075335490213,0.9602763385146805,0.04749246645097871,0.03972366148531947,SAFE_TO_EXECUTE,0.24102374969289544
4507022191_00020,4507022191_00020,"3-way match, invoice before GR",2018-04-13 11:46:00+00:00,2018-04-13 15:26:00+00:00,0.1527777777777778,5355.0,R2_50_90,test,SAFE_TO_EXECUTE,grouped_iid,0.9719059648052532,0.9949238578680203,0.028094035194746847,0.005076142131979711,SAFE_TO_EXECUTE,0.04599532480368192
4507022191_00040,4507022191_00040,"3-way match, invoice before GR",2018-04-13 11:46:00+00:00,2018-04-13 15:26:00+00:00,0.1527777777777778,406.0,R1_0_50,test,SAFE_TO_EXECUTE,grouped_iid,0.9618153868693637,0.9602763385146805,0.03818461313063626,0.03972366148531947,SAFE_TO_EXECUTE,0.24102374969289544
4507022105_00040,4507022105_00040,"3-way match, invoice before GR",2018-04-13 12:02:00+00:00,2018-04-17 15:52:00+00:00,4.159722222222222,334.0,R1_0_50,test,SAFE_TO_EXECUTE,grouped_iid,0.9758264984763646,0.9949238578680203,0.0241735015236354,0.005076142131979711,SAFE_TO_EXECUTE,0.04599532480368192
4507022105_00120,4507022105_00120,"3-way match, invoice before GR",2018-04-13 12:02:00+00:00,2018-04-17 15:52:00+00:00,4.159722222222222,71.0,R1_0_50,test,SAFE_TO_EXECUTE,grouped_iid,0.9758404834597286,0.9949238578680203,0.024159516540271375,0.005076142131979711,SAFE_TO_EXECUTE,0.04599532480368192
4507022105_00140,4507022105_00140,"3-way match, invoice before GR",2018-04-13 12:02:00+00:00,2018-04-17 15:52:00+00:00,4.159722222222222,223.0,R1_0_50,test,SAFE_TO_EXECUTE,grouped_iid,0.9758324018464021,0.9949238578680203,0.024167598153597925,0.005076142131979711,SAFE_TO_EXECUTE,0.04599532480368192
4507018615_00010,4507018615_00010,"3-way match, invoice before GR",2018-04-13 12:16:00+00:00,2018-04-16 07:05:00+00:00,2.7840277777777778,2944.0,R2_50_90,test,SAFE_TO_EXECUTE,grouped_iid,0.8885997212587929,0.8884615384615384,0.11140027874120706,0.11153846153846159,SAFE_TO_EXECUTE,0.5045390536984206
4507022192_00040,4507022192_00040,"3-way match, invoice before GR",2018-04-13 12:24:00+00:00,2018-04-17 09:09:00+00:00,3.8645833333333335,237.0,R1_0_50,test,SAFE_TO_EXECUTE,grouped_iid,0.983257582353524,1.0,0.016742417646475993,0.0,SAFE_TO_EXECUTE,5.123178885069411e-14
4507016339_00020,4507016339_00020,"3-way match, invoice before GR",2018-04-13 12:51:00+00:00,2018-04-16 09:46:00+00:00,2.8715277777777777,10433.0,R3_90_99,test,SAFE_TO_EXECUTE,grouped_iid,0.9445051404485436,0.9357798165137615,0.05549485955145639,0.06422018348623848,SAFE_TO_EXECUTE,0.34397451435953375
4507019254_00010,4507019254_00010,"3-way match, invoice before GR",2018-04-13 13:47:00+00:00,2018-04-18 10:30:00+00:00,4.863194444444445,3762.0,R2_50_90,test,SAFE_TO_EXECUTE,grouped_iid,0.9498082871952763,0.9555555555555556,0.050191712804723676,0.0444444444444444,SAFE_TO_EXECUTE,0.2623112196143365
4507019622_00010,4507019622_00010,"3-way match, invoice before GR",2018-04-13 14:20:00+00:00,2018-04-18 10:41:00+00:00,4.847916666666666,1035.0,R2_50_90,test,SAFE_TO_EXECUTE,grouped_iid,0.9722065019793661,0.9949238578680203,0.02779349802063391,0.005076142131979711,SAFE_TO_EXECUTE,0.04599532480368192
4507018537_00010,4507018537_00010,"3-way match, invoice before GR",2018-04-13 14:31:00+00:00,2018-04-19 12:34:00+00:00,5.91875,446.0,R1_0_50,test,SAFE_TO_EXECUTE,grouped_iid,0.8670250592093305,0.8404255319148937,0.13297494079066952,0.15957446808510634,SAFE_TO_EXECUTE,0.6332905746550958
4507019410_00270,4507019410_00270,"3-way match, invoice before GR",2018-04-16 05:47:00+00:00,2018-04-16 11:09:00+00:00,0.22361111111111112,2484.0,R2_50_90,test,SAFE_TO_EXECUTE,grouped_iid,0.9574879699688732,0.9602763385146805,0.0425120300311268,0.03972366148531947,SAFE_TO_EXECUTE,0.24102374969289544
4507022778_00080,4507022778_00080,"3-way match, invoice before GR",2018-04-16 07:56:00+00:00,2018-04-16 16:09:00+00:00,0.3423611111111111,159.0,R1_0_50,test,SAFE_TO_EXECUTE,grouped_iid,0.9619634806931668,0.9602763385146805,0.03803651930683316,0.03972366148531947,SAFE_TO_EXECUTE,0.24102374969289544
4507022778_00110,4507022778_00110,"3-way match, invoice before GR",2018-04-16 07:56:00+00:00,2018-04-16 16:09:00+00:00,0.3423611111111111,315.0,R1_0_50,test,SAFE_TO_EXECUTE,grouped_iid,0.9619506079500073,0.9602763385146805,0.03804939204999269,0.03972366148531947,SAFE_TO_EXECUTE,0.24102374969289544
4507022778_00180,4507022778_00180,"3-way match, invoice before GR",2018-04-16 07:56:00+00:00,2018-04-16 16:09:00+00:00,0.3423611111111111,277.0,R1_0_50,test,SAFE_TO_EXECUTE,grouped_iid,0.9619537440036392,0.9602763385146805,0.0380462559963608,0.03972366148531947,SAFE_TO_EXECUTE,0.24102374969289544
4507022778_00280,4507022778_00280,"3-way match, invoice before GR",2018-04-16 07:56:00+00:00,2018-04-16 16:09:00+00:00,0.3423611111111111,154.0,R1_0_50,test,SAFE_TO_EXECUTE,grouped_iid,0.9619638932118996,0.9602763385146805,0.03803610678810043,0.03972366148531947,SAFE_TO_EXECUTE,0.24102374969289544
4507021341_00060,4507021341_00060,"3-way match, invoice before GR",2018-04-16 08:14:00+00:00,2018-04-16 12:14:00+00:00,0.16666666666666666,1769.0,R2_50_90,test,SAFE_TO_EXECUTE,grouped_iid,0.974925504321923,0.9949238578680203,0.025074495678076958,0.005076142131979711,SAFE_TO_EXECUTE,0.04599532480368192
4507009595_00010,4507009595_00010,"3-way match, invoice before GR",2018-04-16 08:43:00+00:00,2018-04-17 09:24:00+00:00,1.0284722222222222,82119.0,R4_99_100,test,SAFE_TO_EXECUTE,grouped_iid,0.94097975934944,0.9357798165137615,0.059020240650559996,0.06422018348623848,SAFE_TO_EXECUTE,0.34397451435953375
4507017760_00010,4507017760_00010,"3-way match, invoice before GR",2018-04-16 08:54:00+00:00,2018-04-17 15:19:00+00:00,1.2673611111111112,16553.0,R3_90_99,test,SAFE_TO_EXECUTE,grouped_iid,0.9621173797352274,0.9602763385146805,0.037882620264772626,0.03972366148531947,SAFE_TO_EXECUTE,0.24102374969289544
4507022677_00010,4507022677_00010,"3-way match, invoice before GR",2018-04-16 08:59:00+00:00,2018-04-17 08:05:00+00:00,0.9625,28.0,R1_0_50,test,SAFE_TO_EXECUTE,grouped_iid,0.9829247673257883,1.0,0.017075232674211738,0.0,SAFE_TO_EXECUTE,5.123178885069411e-14
4507022677_00150,4507022677_00150,"3-way match, invoice before GR",2018-04-16 08:59:00+00:00,2018-04-17 08:05:00+00:00,0.9625,38.0,R1_0_50,test,SAFE_TO_EXECUTE,grouped_iid,0.9829243888760432,1.0,0.017075611123956835,0.0,SAFE_TO_EXECUTE,5.123178885069411e-14
4507022677_00170,4507022677_00170,"3-way match, invoice before GR",2018-04-16 08:59:00+00:00,2018-04-17 08:05:00+00:00,0.9625,38.0,R1_0_50,test,SAFE_TO_EXECUTE,grouped_iid,0.9829243888760432,1.0,0.017075611123956835,0.0,SAFE_TO_EXECUTE,5.123178885069411e-14
4507021160_00010,4507021160_00010,"3-way match, invoice before GR",2018-04-16 09:05:00+00:00,2018-04-17 14:02:00+00:00,1.20625,36373.0,R3_90_99,test,NOT_SAFE_TO_EXECUTE,grouped_iid,0.8730043691478986,0.8404255319148937,0.12699563085210142,0.15957446808510634,SAFE_TO_EXECUTE,0.6332905746550958
4507021213_00010,4507021213_00010,"3-way match, invoice before GR",2018-04-16 10:11:00+00:00,2018-04-17 05:39:00+00:00,0.8111111111111111,45818.0,R3_90_99,test,SAFE_TO_EXECUTE,grouped_iid,0.9140297498987004,0.9183673469387755,0.08597025010129955,0.08163265306122447,SAFE_TO_EXECUTE,0.4079059801389762
4507021217_00010,4507021217_00010,"3-way match, invoice before GR",2018-04-16 10:11:00+00:00,2018-04-19 05:40:00+00:00,2.8118055555555554,45818.0,R3_90_99,test,SAFE_TO_EXECUTE,grouped_iid,0.9113340803372764,0.8884615384615384,0.08866591966272364,0.11153846153846159,SAFE_TO_EXECUTE,0.5045390536984206
4507022329_00010,4507022329_00010,"3-way match, invoice before GR",2018-04-16 10:23:00+00:00,2018-04-19 05:56:00+00:00,2.814583333333333,21771.0,R3_90_99,test,SAFE_TO_EXECUTE,grouped_iid,0.9664678617577537,0.97,0.03353213824224632,0.030000000000000027,SAFE_TO_EXECUTE,0.1943918578315763
4507022097_00010,4507022097_00010,"3-way match, invoice before GR",2018-04-16 10:27:00+00:00,2018-04-17 09:11:00+00:00,0.9472222222222222,113.0,R1_0_50,test,SAFE_TO_EXECUTE,grouped_iid,0.9702426751272423,0.9806451612903225,0.02975732487275773,0.01935483870967747,SAFE_TO_EXECUTE,0.1378026662704413
4507019041_00010,4507019041_00010,"3-way match, invoice before GR",2018-04-16 10:31:00+00:00,2018-04-16 13:29:00+00:00,0.12361111111111112,1237.0,R2_50_90,test,SAFE_TO_EXECUTE,grouped_iid,0.9725366967331803,0.9949238578680203,0.027463303266819672,0.005076142131979711,SAFE_TO_EXECUTE,0.04599532480368192
4507018930_00390,4507018930_00390,"3-way match, invoice before GR",2018-04-16 11:24:00+00:00,2018-04-17 12:58:00+00:00,1.0652777777777778,301.0,R1_0_50,test,NOT_SAFE_TO_EXECUTE,grouped_iid,0.8338800914138929,0.7678571428571429,0.16611990858610715,0.2321428571428571,SAFE_TO_EXECUTE,0.7817281222714539
4507018930_00410,4507018930_00410,"3-way match, invoice before GR",2018-04-16 11:24:00+00:00,2018-04-17 12:58:00+00:00,1.0652777777777778,150.0,R1_0_50,test,NOT_SAFE_TO_EXECUTE,grouped_iid,0.8339272509411928,0.7678571428571429,0.1660727490588072,0.2321428571428571,SAFE_TO_EXECUTE,0.7817281222714539
4507018930_00080,4507018930_00080,"3-way match, invoice before GR",2018-04-16 11:29:00+00:00,2018-04-17 12:58:00+00:00,1.0618055555555554,614.0,R2_50_90,test,SAFE_TO_EXECUTE,grouped_iid,0.9517120552176453,0.9602763385146805,0.04828794478235465,0.03972366148531947,SAFE_TO_EXECUTE,0.24102374969289544
4507018930_00090,4507018930_00090,"3-way match, invoice before GR",2018-04-16 11:29:00+00:00,2018-04-17 12:58:00+00:00,1.0618055555555554,319.0,R1_0_50,test,SAFE_TO_EXECUTE,grouped_iid,0.9517426151507027,0.9602763385146805,0.04825738484929731,0.03972366148531947,SAFE_TO_EXECUTE,0.24102374969289544
4507018930_00110,4507018930_00110,"3-way match, invoice before GR",2018-04-16 11:34:00+00:00,2018-04-17 12:58:00+00:00,1.0583333333333333,712.0,R2_50_90,test,SAFE_TO_EXECUTE,grouped_iid,0.9517043893198772,0.9602763385146805,0.04829561068012278,0.03972366148531947,SAFE_TO_EXECUTE,0.24102374969289544
4507019935_00010,4507019935_00010,"3-way match, invoice before GR",2018-04-16 12:45:00+00:00,2018-04-23 13:42:00+00:00,7.039583333333334,21732.0,R3_90_99,test,SAFE_TO_EXECUTE,grouped_iid,0.9543095028402573,0.9602763385146805,0.045690497159742716,0.03972366148531947,SAFE_TO_EXECUTE,0.24102374969289544
4507018987_00020,4507018987_00020,"3-way match, invoice before GR",2018-04-16 14:02:00+00:00,2018-04-17 12:09:00+00:00,0.9215277777777777,645.0,R2_50_90,test,SAFE_TO_EXECUTE,grouped_iid,0.9560794600745329,0.9602763385146805,0.04392053992546707,0.03972366148531947,SAFE_TO_EXECUTE,0.24102374969289544
4507023105_00120,4507023105_00120,"3-way match, invoice before GR",2018-04-17 07:59:00+00:00,2018-04-18 07:36:00+00:00,0.9840277777777777,36.0,R1_0_50,test,SAFE_TO_EXECUTE,grouped_iid,0.9616684277617161,0.9602763385146805,0.03833157223828387,0.03972366148531947,SAFE_TO_EXECUTE,0.24102374969289544
4507021758_00020,4507021758_00020,"3-way match, invoice before GR",2018-04-17 08:04:00+00:00,2018-04-17 08:07:00+00:00,0.0020833333333333333,25859.0,R3_90_99,test,NOT_SAFE_TO_EXECUTE,grouped_iid,0.934129336933304,0.9183673469387755,0.06587066306669598,0.08163265306122447,SAFE_TO_EXECUTE,0.4079059801389762
4507021235_00010,4507021235_00010,"3-way match, invoice before GR",2018-04-17 08:14:00+00:00,2018-04-17 09:36:00+00:00,0.05694444444444444,256.0,R1_0_50,test,SAFE_TO_EXECUTE,grouped_iid,0.9559899354026445,0.9602763385146805,0.04401006459735546,0.03972366148531947,SAFE_TO_EXECUTE,0.24102374969289544
4507022189_00150,4507022189_00150,"3-way match, invoice before GR",2018-04-17 08:32:00+00:00,2018-04-20 13:16:00+00:00,3.1972222222222224,252.0,R1_0_50,test,SAFE_TO_EXECUTE,grouped_iid,0.9683449748946794,0.9806451612903225,0.03165502510532059,0.01935483870967747,SAFE_TO_EXECUTE,0.1378026662704413
4507022189_00170,4507022189_00170,"3-way match, invoice before GR",2018-04-17 08:32:00+00:00,2018-04-20 13:26:00+00:00,3.2041666666666666,49.0,R1_0_50,test,SAFE_TO_EXECUTE,grouped_iid,0.9683554021125752,0.9806451612903225,0.0316445978874248,0.01935483870967747,SAFE_TO_EXECUTE,0.1378026662704413
4507022509_00020,4507022509_00020,"3-way match, invoice before GR",2018-04-17 08:48:00+00:00,2018-04-19 12:06:00+00:00,2.1375,2265.0,R2_50_90,test,SAFE_TO_EXECUTE,grouped_iid,0.9690420591783743,0.9806451612903225,0.03095794082162573,0.01935483870967747,SAFE_TO_EXECUTE,0.1378026662704413
4507020346_00090,4507020346_00090,"3-way match, invoice before GR",2018-04-17 09:15:00+00:00,2018-04-17 12:56:00+00:00,0.15347222222222223,228.0,R1_0_50,test,SAFE_TO_EXECUTE,grouped_iid,0.9546737925034426,0.9602763385146805,0.04532620749655736,0.03972366148531947,SAFE_TO_EXECUTE,0.24102374969289544
4507019927_00510,4507019927_00510,"3-way match, invoice before GR",2018-04-17 09:22:00+00:00,2018-04-18 14:16:00+00:00,1.2041666666666666,875.0,R2_50_90,test,SAFE_TO_EXECUTE,grouped_iid,0.9708421300219471,0.9949238578680203,0.02915786997805292,0.005076142131979711,SAFE_TO_EXECUTE,0.04599532480368192
4507019927_00530,4507019927_00530,"3-way match, invoice before GR",2018-04-17 09:22:00+00:00,2018-04-18 08:30:00+00:00,0.9638888888888889,1000.0,R2_50_90,test,SAFE_TO_EXECUTE,grouped_iid,0.9709490548892717,0.9949238578680203,0.029050945110728255,0.005076142131979711,SAFE_TO_EXECUTE,0.04599532480368192
4507020324_00110,4507020324_00110,"3-way match, invoice before GR",2018-04-17 09:26:00+00:00,2018-04-18 16:25:00+00:00,1.2909722222222222,3547.0,R2_50_90,test,SAFE_TO_EXECUTE,grouped_iid,0.9366060004059394,0.9183673469387755,0.06339399959406056,0.08163265306122447,SAFE_TO_EXECUTE,0.4079059801389762
4507021158_00010,4507021158_00010,"3-way match, invoice before GR",2018-04-17 09:54:00+00:00,2018-04-19 15:07:00+00:00,2.217361111111111,166.0,R1_0_50,test,SAFE_TO_EXECUTE,grouped_iid,0.9543830307457767,0.9602763385146805,0.045616969254223316,0.03972366148531947,SAFE_TO_EXECUTE,0.24102374969289544
4507021158_00060,4507021158_00060,"3-way match, invoice before GR",2018-04-17 09:56:00+00:00,2018-04-19 15:07:00+00:00,2.2159722222222222,409.0,R1_0_50,test,SAFE_TO_EXECUTE,grouped_iid,0.9022678931817623,0.8884615384615384,0.09773210681823774,0.11153846153846159,SAFE_TO_EXECUTE,0.5045390536984206
4507021158_00100,4507021158_00100,"3-way match, invoice before GR",2018-04-17 10:29:00+00:00,2018-04-19 15:07:00+00:00,2.1930555555555555,138.0,R1_0_50,test,SAFE_TO_EXECUTE,grouped_iid,0.9544022866140389,0.9602763385146805,0.04559771338596108,0.03972366148531947,SAFE_TO_EXECUTE,0.24102374969289544
4507022319_00010,4507022319_00010,"3-way match, invoice before GR",2018-04-17 11:43:00+00:00,2018-04-19 15:13:00+00:00,2.1458333333333335,166.0,R1_0_50,test,SAFE_TO_EXECUTE,grouped_iid,0.9565040859311865,0.9602763385146805,0.04349591406881348,0.03972366148531947,SAFE_TO_EXECUTE,0.24102374969289544
4507021370_00030,4507021370_00030,"3-way match, invoice before GR",2018-04-17 11:50:00+00:00,2018-04-20 06:09:00+00:00,2.7631944444444443,9.0,R1_0_50,test,SAFE_TO_EXECUTE,grouped_iid,0.9687333882311255,0.9806451612903225,0.031266611768874464,0.01935483870967747,SAFE_TO_EXECUTE,0.1378026662704413
4507022198_00030,4507022198_00030,"3-way match, invoice before GR",2018-04-17 11:54:00+00:00,2018-04-17 15:57:00+00:00,0.16875,12.0,R1_0_50,test,SAFE_TO_EXECUTE,grouped_iid,0.9706100614088691,0.9949238578680203,0.029389938591130926,0.005076142131979711,SAFE_TO_EXECUTE,0.04599532480368192
4507022198_00040,4507022198_00040,"3-way match, invoice before GR",2018-04-17 11:54:00+00:00,2018-04-17 15:57:00+00:00,0.16875,817.0,R2_50_90,test,SAFE_TO_EXECUTE,grouped_iid,0.9705582378835479,0.9949238578680203,0.029441762116452108,0.005076142131979711,SAFE_TO_EXECUTE,0.04599532480368192
4507016537_00030,4507016537_00030,"3-way match, invoice before GR",2018-04-17 12:00:00+00:00,2018-04-20 06:37:00+00:00,2.7756944444444445,6235.0,R2_50_90,test,SAFE_TO_EXECUTE,grouped_iid,0.9599483190655412,0.9602763385146805,0.04005168093445877,0.03972366148531947,SAFE_TO_EXECUTE,0.24102374969289544
4507022811_00010,4507022811_00010,"3-way match, invoice before GR",2018-04-17 14:32:00+00:00,2018-04-18 08:40:00+00:00,0.7555555555555555,20784.0,R3_90_99,test,SAFE_TO_EXECUTE,grouped_iid,0.9798750612943096,1.0,0.02012493870569043,0.0,SAFE_TO_EXECUTE,5.123178885069411e-14
4507020728_00010,4507020728_00010,"3-way match, invoice before GR",2018-04-17 14:50:00+00:00,2018-04-18 05:33:00+00:00,0.6131944444444445,1411.0,R2_50_90,test,SAFE_TO_EXECUTE,grouped_iid,0.9735020439322867,0.9949238578680203,0.026497956067713324,0.005076142131979711,SAFE_TO_EXECUTE,0.04599532480368192
4507020728_00030,4507020728_00030,"3-way match, invoice before GR",2018-04-17 14:50:00+00:00,2018-04-18 05:33:00+00:00,0.6131944444444445,525.0,R1_0_50,test,SAFE_TO_EXECUTE,grouped_iid,0.9735535298869318,0.9949238578680203,0.02644647011306822,0.005076142131979711,SAFE_TO_EXECUTE,0.04599532480368192
4507022390_00010,4507022390_00010,"3-way match, invoice before GR",2018-04-18 07:30:00+00:00,2018-04-18 09:32:00+00:00,0.08472222222222223,5906.0,R2_50_90,test,NOT_SAFE_TO_EXECUTE,grouped_iid,0.7455845885798563,0.7333333333333333,0.2544154114201437,0.2666666666666667,SAFE_TO_EXECUTE,0.8366407419411673
4507022664_00010,4507022664_00010,"3-way match, invoice before GR",2018-04-18 07:46:00+00:00,2018-04-19 09:55:00+00:00,1.0895833333333333,2002.0,R2_50_90,test,SAFE_TO_EXECUTE,grouped_iid,0.9608908125204002,0.9602763385146805,0.039109187479599794,0.03972366148531947,SAFE_TO_EXECUTE,0.24102374969289544
4507009705_00010,4507009705_00010,"3-way match, invoice before GR",2018-04-18 08:31:00+00:00,2018-04-19 14:09:00+00:00,1.2347222222222223,8156.0,R3_90_99,test,SAFE_TO_EXECUTE,grouped_iid,0.931279083768717,0.9183673469387755,0.06872091623128296,0.08163265306122447,SAFE_TO_EXECUTE,0.4079059801389762
4507020354_00080,4507020354_00080,"3-way match, invoice before GR",2018-04-18 10:17:00+00:00,2018-04-19 13:03:00+00:00,1.1152777777777778,411.0,R1_0_50,test,SAFE_TO_EXECUTE,grouped_iid,0.9535220442322357,0.9602763385146805,0.046477955767764256,0.03972366148531947,SAFE_TO_EXECUTE,0.24102374969289544
4507020354_00140,4507020354_00140,"3-way match, invoice before GR",2018-04-18 10:17:00+00:00,2018-04-19 13:03:00+00:00,1.1152777777777778,156.0,R1_0_50,test,SAFE_TO_EXECUTE,grouped_iid,0.9535475196472823,0.9602763385146805,0.04645248035271765,0.03972366148531947,SAFE_TO_EXECUTE,0.24102374969289544
4507019884_00280,4507019884_00280,"3-way match, invoice before GR",2018-04-18 10:21:00+00:00,2018-04-18 14:02:00+00:00,0.15347222222222223,586.0,R2_50_90,test,SAFE_TO_EXECUTE,grouped_iid,0.9520964591170132,0.9602763385146805,0.04790354088298676,0.03972366148531947,SAFE_TO_EXECUTE,0.24102374969289544
4507020355_00040,4507020355_00040,"3-way match, invoice before GR",2018-04-18 10:34:00+00:00,2018-04-19 13:05:00+00:00,1.104861111111111,347.0,R1_0_50,test,SAFE_TO_EXECUTE,grouped_iid,0.9535358547782781,0.9602763385146805,0.04646414522172193,0.03972366148531947,SAFE_TO_EXECUTE,0.24102374969289544
4507020355_00060,4507020355_00060,"3-way match, invoice before GR",2018-04-18 10:34:00+00:00,2018-04-19 13:05:00+00:00,1.104861111111111,363.0,R1_0_50,test,SAFE_TO_EXECUTE,grouped_iid,0.9535342563297793,0.9602763385146805,0.046465743670220716,0.03972366148531947,SAFE_TO_EXECUTE,0.24102374969289544
4507020355_00120,4507020355_00120,"3-way match, invoice before GR",2018-04-18 10:34:00+00:00,2018-04-19 13:05:00+00:00,1.104861111111111,325.0,R1_0_50,test,SAFE_TO_EXECUTE,grouped_iid,0.9535380525595547,0.9602763385146805,0.046461947440445295,0.03972366148531947,SAFE_TO_EXECUTE,0.24102374969289544
4507020948_00010,4507020948_00010,"3-way match, invoice before GR",2018-04-18 10:38:00+00:00,2018-04-18 14:18:00+00:00,0.1527777777777778,371.0,R1_0_50,test,SAFE_TO_EXECUTE,grouped_iid,0.9550594684202616,0.9602763385146805,0.04494053157973843,0.03972366148531947,SAFE_TO_EXECUTE,0.24102374969289544
4507020948_00160,4507020948_00160,"3-way match, invoice before GR",2018-04-18 10:56:00+00:00,2018-04-18 12:22:00+00:00,0.059722222222222225,3494.0,R2_50_90,test,NOT_SAFE_TO_EXECUTE,grouped_iid,0.954823513844947,0.9602763385146805,0.045176486155052986,0.03972366148531947,SAFE_TO_EXECUTE,0.24102374969289544
4507020948_00220,4507020948_00220,"3-way match, invoice before GR",2018-04-18 10:56:00+00:00,2018-04-18 14:18:00+00:00,0.14027777777777778,540.0,R1_0_50,test,SAFE_TO_EXECUTE,grouped_iid,0.9550514833566462,0.9602763385146805,0.04494851664335375,0.03972366148531947,SAFE_TO_EXECUTE,0.24102374969289544
4507020948_00240,4507020948_00240,"3-way match, invoice before GR",2018-04-18 10:56:00+00:00,2018-04-18 13:16:00+00:00,0.09722222222222222,443.0,R1_0_50,test,SAFE_TO_EXECUTE,grouped_iid,0.9550921307468125,0.9602763385146805,0.04490786925318746,0.03972366148531947,SAFE_TO_EXECUTE,0.24102374969289544
4507020948_00340,4507020948_00340,"3-way match, invoice before GR",2018-04-18 10:56:00+00:00,2018-04-18 12:22:00+00:00,0.059722222222222225,1144.0,R2_50_90,test,SAFE_TO_EXECUTE,grouped_iid,0.9550515341730951,0.9602763385146805,0.044948465826904926,0.03972366148531947,SAFE_TO_EXECUTE,0.24102374969289544
4507019927_00380,4507019927_00380,"3-way match, invoice before GR",2018-04-18 11:06:00+00:00,2018-04-18 14:16:00+00:00,0.13194444444444445,875.0,R2_50_90,test,SAFE_TO_EXECUTE,grouped_iid,0.9521275950522873,0.9602763385146805,0.04787240494771272,0.03972366148531947,SAFE_TO_EXECUTE,0.24102374969289544
4507020327_00240,4507020327_00240,"3-way match, invoice before GR",2018-04-18 11:11:00+00:00,2018-04-18 12:15:00+00:00,0.044444444444444446,115.0,R1_0_50,test,SAFE_TO_EXECUTE,grouped_iid,0.954337329006654,0.9602763385146805,0.04566267099334598,0.03972366148531947,SAFE_TO_EXECUTE,0.24102374969289544
4507022996_00010,4507022996_00010,"3-way match, invoice before GR",2018-04-18 11:13:00+00:00,2018-04-19 07:21:00+00:00,0.8388888888888889,2171.0,R2_50_90,test,SAFE_TO_EXECUTE,grouped_iid,0.813206083222393,0.7678571428571429,0.18679391677760704,0.2321428571428571,SAFE_TO_EXECUTE,0.7817281222714539
4507020948_00180,4507020948_00180,"3-way match, invoice before GR",2018-04-18 11:18:00+00:00,2018-04-18 14:18:00+00:00,0.125,134.0,R1_0_50,test,SAFE_TO_EXECUTE,grouped_iid,0.9359318958885924,0.9183673469387755,0.06406810411140762,0.08163265306122447,SAFE_TO_EXECUTE,0.4079059801389762
4507020629_00030,4507020629_00030,"3-way match, invoice before GR",2018-04-18 15:04:00+00:00,2018-04-20 06:27:00+00:00,1.6409722222222223,528.0,R1_0_50,test,SAFE_TO_EXECUTE,grouped_iid,0.9713332552231588,0.9949238578680203,0.02866674477684117,0.005076142131979711,SAFE_TO_EXECUTE,0.04599532480368192
4507022575_00010,4507022575_00010,"3-way match, invoice before GR",2018-04-19 08:52:00+00:00,2018-04-19 14:27:00+00:00,0.2326388888888889,152.0,R1_0_50,test,SAFE_TO_EXECUTE,grouped_iid,0.9574279392018418,0.9602763385146805,0.04257206079815823,0.03972366148531947,SAFE_TO_EXECUTE,0.24102374969289544
4507021176_00030,4507021176_00030,"3-way match, invoice before GR",2018-04-19 10:26:00+00:00,2018-04-19 12:59:00+00:00,0.10625,1791.0,R2_50_90,test,SAFE_TO_EXECUTE,grouped_iid,0.9549478902102513,0.9602763385146805,0.04505210978974872,0.03972366148531947,SAFE_TO_EXECUTE,0.24102374969289544
4507023719_00080,4507023719_00080,"3-way match, invoice before GR",2018-04-19 10:34:00+00:00,2018-04-20 06:57:00+00:00,0.8493055555555555,22.0,R1_0_50,test,SAFE_TO_EXECUTE,grouped_iid,0.9709260023679117,0.9949238578680203,0.02907399763208829,0.005076142131979711,SAFE_TO_EXECUTE,0.04599532480368192
4507022255_00010,4507022255_00010,"3-way match, invoice before GR",2018-04-19 10:43:00+00:00,2018-05-23 10:15:00+00:00,33.980555555555554,142.0,R1_0_50,test,NOT_SAFE_TO_EXECUTE,grouped_iid,0.9782202739522116,0.9949238578680203,0.02177972604778844,0.005076142131979711,SAFE_TO_EXECUTE,0.04599532480368192
4507011096_00010,4507011096_00010,"3-way match, invoice before GR",2018-04-19 10:53:00+00:00,2018-04-27 08:39:00+00:00,7.906944444444444,38791.0,R3_90_99,test,SAFE_TO_EXECUTE,grouped_iid,0.9636095204085884,0.9602763385146805,0.03639047959141162,0.03972366148531947,SAFE_TO_EXECUTE,0.24102374969289544
4507021204_00010,4507021204_00010,"3-way match, invoice before GR",2018-04-19 12:04:00+00:00,2018-04-20 11:25:00+00:00,0.9729166666666667,11304.0,R3_90_99,test,NOT_SAFE_TO_EXECUTE,grouped_iid,0.7800642105260033,0.7333333333333333,0.21993578947399672,0.2666666666666667,SAFE_TO_EXECUTE,0.8366407419411673
4507023100_00030,4507023100_00030,"3-way match, invoice before GR",2018-04-19 12:21:00+00:00,2018-04-20 15:41:00+00:00,1.1388888888888888,41.0,R1_0_50,test,SAFE_TO_EXECUTE,grouped_iid,0.9769849596680531,0.9949238578680203,0.0230150403319469,0.005076142131979711,SAFE_TO_EXECUTE,0.04599532480368192
4507021304_00010,4507021304_00010,"3-way match, invoice before GR",2018-04-19 13:38:00+00:00,2018-04-19 22:01:00+00:00,0.34930555555555554,21741.0,R3_90_99,test,SAFE_TO_EXECUTE,grouped_iid,0.965351239910386,0.97,0.03464876008961404,0.030000000000000027,SAFE_TO_EXECUTE,0.1943918578315763
4507019255_00010,4507019255_00010,"3-way match, invoice before GR",2018-04-19 14:11:00+00:00,2018-04-23 10:14:00+00:00,3.8354166666666667,48913.0,R3_90_99,test,NOT_SAFE_TO_EXECUTE,grouped_iid,0.9491024057641438,0.9375,0.05089759423585616,0.0625,SAFE_TO_EXECUTE,0.3372900666170139
4507018121_00010,4507018121_00010,"3-way match, invoice before GR",2018-04-20 07:33:00+00:00,2018-04-24 10:51:00+00:00,4.1375,282.0,R1_0_50,test,SAFE_TO_EXECUTE,grouped_iid,0.9452842533066438,0.9357798165137615,0.054715746693356215,0.06422018348623848,SAFE_TO_EXECUTE,0.34397451435953375
4507021912_00030,4507021912_00030,"3-way match, invoice before GR",2018-04-20 07:35:00+00:00,2018-04-25 12:46:00+00:00,5.215972222222222,17320.0,R3_90_99,test,SAFE_TO_EXECUTE,grouped_iid,0.9697538407370131,0.9806451612903225,0.030246159262986905,0.01935483870967747,SAFE_TO_EXECUTE,0.1378026662704413
4507023778_00030,4507023778_00030,"3-way match, invoice before GR",2018-04-20 08:56:00+00:00,2018-04-23 15:52:00+00:00,3.2888888888888888,77.0,R1_0_50,test,SAFE_TO_EXECUTE,grouped_iid,0.983424988334668,1.0,0.01657501166533204,0.0,SAFE_TO_EXECUTE,5.123178885069411e-14
4507020607_00010,4507020607_00010,"3-way match, invoice before GR",2018-04-20 09:05:00+00:00,2018-04-23 08:24:00+00:00,2.9715277777777778,342.0,R1_0_50,test,SAFE_TO_EXECUTE,grouped_iid,0.95165231422029,0.9602763385146805,0.04834768577971005,0.03972366148531947,SAFE_TO_EXECUTE,0.24102374969289544
4507023725_00010,4507023725_00010,"3-way match, invoice before GR",2018-04-20 09:06:00+00:00,2018-04-25 09:20:00+00:00,5.009722222222222,1542.0,R2_50_90,test,SAFE_TO_EXECUTE,grouped_iid,0.975429579729419,0.9949238578680203,0.024570420270580984,0.005076142131979711,SAFE_TO_EXECUTE,0.04599532480368192
4507023725_00090,4507023725_00090,"3-way match, invoice before GR",2018-04-20 09:06:00+00:00,2018-04-25 09:20:00+00:00,5.009722222222222,902.0,R2_50_90,test,SAFE_TO_EXECUTE,grouped_iid,0.9754641423863233,0.9949238578680203,0.024535857613676715,0.005076142131979711,SAFE_TO_EXECUTE,0.04599532480368192
4507019927_00830,4507019927_00830,"3-way match, invoice before GR",2018-04-20 09:17:00+00:00,2018-04-20 09:58:00+00:00,0.02847222222222222,630.0,R2_50_90,test,SAFE_TO_EXECUTE,grouped_iid,0.951357800112433,0.9555555555555556,0.04864219988756702,0.0444444444444444,SAFE_TO_EXECUTE,0.2623112196143365
4507023492_00010,4507023492_00010,"3-way match, invoice before GR",2018-04-20 09:17:00+00:00,2018-04-23 09:21:00+00:00,3.0027777777777778,77.0,R1_0_50,test,SAFE_TO_EXECUTE,grouped_iid,0.9693234948229682,0.9806451612903225,0.0306765051770318,0.01935483870967747,SAFE_TO_EXECUTE,0.1378026662704413
4507023492_00080,4507023492_00080,"3-way match, invoice before GR",2018-04-20 09:17:00+00:00,2018-04-23 09:24:00+00:00,3.004861111111111,188.0,R1_0_50,test,SAFE_TO_EXECUTE,grouped_iid,0.9693150030056815,0.9806451612903225,0.03068499699431848,0.01935483870967747,SAFE_TO_EXECUTE,0.1378026662704413
4507015961_00350,4507015961_00350,"3-way match, invoice before GR",2018-04-20 09:22:00+00:00,2018-04-20 09:32:00+00:00,0.006944444444444444,455.0,R1_0_50,test,SAFE_TO_EXECUTE,grouped_iid,0.9437912892639195,0.9357798165137615,0.05620871073608047,0.06422018348623848,SAFE_TO_EXECUTE,0.34397451435953375
4507020327_00310,4507020327_00310,"3-way match, invoice before GR",2018-04-20 09:33:00+00:00,2018-04-20 09:36:00+00:00,0.0020833333333333333,1321.0,R2_50_90,test,SAFE_TO_EXECUTE,grouped_iid,0.9534436832238988,0.9602763385146805,0.04655631677610117,0.03972366148531947,SAFE_TO_EXECUTE,0.24102374969289544
4507020327_00340,4507020327_00340,"3-way match, invoice before GR",2018-04-20 09:33:00+00:00,2018-04-20 09:36:00+00:00,0.0020833333333333333,173.0,R1_0_50,test,SAFE_TO_EXECUTE,grouped_iid,0.953558451649468,0.9602763385146805,0.04644154835053205,0.03972366148531947,SAFE_TO_EXECUTE,0.24102374969289544
4507017600_00270,4507017600_00270,"3-way match, invoice before GR",2018-04-20 09:45:00+00:00,2018-04-23 17:52:00+00:00,3.3381944444444445,352.0,R1_0_50,test,SAFE_TO_EXECUTE,grouped_iid,0.9443494165735112,0.9357798165137615,0.055650583426488764,0.06422018348623848,SAFE_TO_EXECUTE,0.34397451435953375
4507021524_00030,4507021524_00030,"3-way match, invoice before GR",2018-04-20 09:50:00+00:00,2018-04-23 17:44:00+00:00,3.3291666666666666,245.0,R1_0_50,test,SAFE_TO_EXECUTE,grouped_iid,0.9535665968822972,0.9602763385146805,0.04643340311770283,0.03972366148531947,SAFE_TO_EXECUTE,0.24102374969289544
4507023215_00010,4507023215_00010,"3-way match, invoice before GR",2018-04-20 10:25:00+00:00,2018-04-24 14:48:00+00:00,4.182638888888889,1842.0,R2_50_90,test,NOT_SAFE_TO_EXECUTE,grouped_iid,0.9627381810374461,0.9602763385146805,0.03726181896255387,0.03972366148531947,SAFE_TO_EXECUTE,0.24102374969289544
4507023514_00010,4507023514_00010,"3-way match, invoice before GR",2018-04-20 10:33:00+00:00,2018-04-23 13:00:00+00:00,3.1020833333333333,382.0,R1_0_50,test,SAFE_TO_EXECUTE,grouped_iid,0.9695029647951072,0.9806451612903225,0.030497035204892775,0.01935483870967747,SAFE_TO_EXECUTE,0.1378026662704413
4507023514_00080,4507023514_00080,"3-way match, invoice before GR",2018-04-20 10:33:00+00:00,2018-04-23 13:00:00+00:00,3.1020833333333333,376.0,R1_0_50,test,SAFE_TO_EXECUTE,grouped_iid,0.9695033648060145,0.9806451612903225,0.03049663519398549,0.01935483870967747,SAFE_TO_EXECUTE,0.1378026662704413
4507021905_00010,4507021905_00010,"3-way match, invoice before GR",2018-04-20 10:57:00+00:00,2018-04-30 10:40:00+00:00,9.988194444444444,7168.0,R3_90_99,test,SAFE_TO_EXECUTE,grouped_iid,0.9680011620447098,0.9806451612903225,0.03199883795529024,0.01935483870967747,SAFE_TO_EXECUTE,0.1378026662704413
4507021230_00010,4507021230_00010,"3-way match, invoice before GR",2018-04-20 11:41:00+00:00,2018-04-23 07:08:00+00:00,2.810416666666667,45123.0,R3_90_99,test,SAFE_TO_EXECUTE,grouped_iid,0.6126708549591117,0.7333333333333333,0.38732914504088833,0.2666666666666667,SAFE_TO_EXECUTE,0.8366407419411673
4507022727_00010,4507022727_00010,"3-way match, invoice before GR",2018-04-20 11:46:00+00:00,2018-04-25 08:42:00+00:00,4.872222222222222,5899.0,R2_50_90,test,SAFE_TO_EXECUTE,grouped_iid,0.9327069306162523,0.9183673469387755,0.06729306938374768,0.08163265306122447,SAFE_TO_EXECUTE,0.4079059801389762
4507021815_00020,4507021815_00020,"3-way match, invoice before GR",2018-04-20 11:57:00+00:00,2018-04-25 06:40:00+00:00,4.779861111111111,3073.0,R2_50_90,test,SAFE_TO_EXECUTE,grouped_iid,0.9706187072674856,0.9949238578680203,0.02938129273251444,0.005076142131979711,SAFE_TO_EXECUTE,0.04599532480368192
4507019411_00030,4507019411_00030,"3-way match, invoice before GR",2018-04-20 14:53:00+00:00,2018-04-24 14:49:00+00:00,3.9972222222222222,1241.0,R2_50_90,test,SAFE_TO_EXECUTE,grouped_iid,0.9691651485061236,0.9806451612903225,0.030834851493876436,0.01935483870967747,SAFE_TO_EXECUTE,0.1378026662704413
4507021080_00020,4507021080_00020,"3-way match, invoice before GR",2018-04-20 14:57:00+00:00,2018-04-24 14:49:00+00:00,3.9944444444444445,1828.0,R2_50_90,test,SAFE_TO_EXECUTE,grouped_iid,0.9716007283924826,0.9949238578680203,0.02839927160751743,0.005076142131979711,SAFE_TO_EXECUTE,0.04599532480368192
4507022487_00010,4507022487_00010,"3-way match, invoice before GR",2018-04-20 15:00:00+00:00,2018-04-24 14:47:00+00:00,3.990972222222222,2438.0,R2_50_90,test,SAFE_TO_EXECUTE,grouped_iid,0.9731494565770773,0.9949238578680203,0.0268505434229227,0.005076142131979711,SAFE_TO_EXECUTE,0.04599532480368192
4507022487_00250,4507022487_00250,"3-way match, invoice before GR",2018-04-20 15:20:00+00:00,2018-04-24 14:47:00+00:00,3.9770833333333333,1219.0,R2_50_90,test,SAFE_TO_EXECUTE,grouped_iid,0.9732268318591277,0.9949238578680203,0.026773168140872272,0.005076142131979711,SAFE_TO_EXECUTE,0.04599532480368192
4507023364_00200,4507023364_00200,"3-way match, invoice before GR",2018-04-23 08:42:00+00:00,2018-04-23 13:07:00+00:00,0.1840277777777778,6199.0,R2_50_90,test,SAFE_TO_EXECUTE,grouped_iid,0.9094289774089066,0.8884615384615384,0.0905710225910934,0.11153846153846159,SAFE_TO_EXECUTE,0.5045390536984206
4507018214_00040,4507018214_00040,"3-way match, invoice before GR",2018-04-23 08:44:00+00:00,2018-04-23 13:02:00+00:00,0.17916666666666667,4160.0,R2_50_90,test,SAFE_TO_EXECUTE,grouped_iid,0.8879588173420766,0.8884615384615384,0.1120411826579234,0.11153846153846159,SAFE_TO_EXECUTE,0.5045390536984206
4507024394_00030,4507024394_00030,"3-way match, invoice before GR",2018-04-23 09:06:00+00:00,2018-04-23 15:51:00+00:00,0.28125,346.0,R1_0_50,test,SAFE_TO_EXECUTE,grouped_iid,0.9711062978446768,0.9949238578680203,0.028893702155323164,0.005076142131979711,SAFE_TO_EXECUTE,0.04599532480368192
4507024394_00110,4507024394_00110,"3-way match, invoice before GR",2018-04-23 09:06:00+00:00,2018-04-23 15:51:00+00:00,0.28125,296.0,R1_0_50,test,SAFE_TO_EXECUTE,grouped_iid,0.9711094610944024,0.9949238578680203,0.028890538905597563,0.005076142131979711,SAFE_TO_EXECUTE,0.04599532480368192
4507024394_00160,4507024394_00160,"3-way match, invoice before GR",2018-04-23 09:06:00+00:00,2018-04-23 15:51:00+00:00,0.28125,21.0,R1_0_50,test,SAFE_TO_EXECUTE,grouped_iid,0.9711268529626585,0.9949238578680203,0.02887314703734145,0.005076142131979711,SAFE_TO_EXECUTE,0.04599532480368192
4507023918_00010,4507023918_00010,"3-way match, invoice before GR",2018-04-23 09:59:00+00:00,2018-04-23 10:21:00+00:00,0.015277777777777777,1988.0,R2_50_90,test,SAFE_TO_EXECUTE,grouped_iid,0.9760065273091486,0.9949238578680203,0.023993472690851392,0.005076142131979711,SAFE_TO_EXECUTE,0.04599532480368192
4507024266_00010,4507024266_00010,"3-way match, invoice before GR",2018-04-23 10:21:00+00:00,2018-04-24 08:20:00+00:00,0.9159722222222222,143.0,R1_0_50,test,SAFE_TO_EXECUTE,grouped_iid,0.9894393693003984,1.0,0.010560630699601559,0.0,SAFE_TO_EXECUTE,5.123178885069411e-14
4507024079_00010,4507024079_00010,"3-way match, invoice before GR",2018-04-23 10:27:00+00:00,2018-04-24 08:13:00+00:00,0.9069444444444444,551.0,R1_0_50,test,SAFE_TO_EXECUTE,grouped_iid,0.9758021070051398,0.9949238578680203,0.024197892994860193,0.005076142131979711,SAFE_TO_EXECUTE,0.04599532480368192
4507024079_00120,4507024079_00120,"3-way match, invoice before GR",2018-04-23 10:27:00+00:00,2018-04-24 08:13:00+00:00,0.9069444444444444,282.0,R1_0_50,test,SAFE_TO_EXECUTE,grouped_iid,0.9758164250207106,0.9949238578680203,0.024183574979289357,0.005076142131979711,SAFE_TO_EXECUTE,0.04599532480368192
4507024079_00130,4507024079_00130,"3-way match, invoice before GR",2018-04-23 10:27:00+00:00,2018-04-24 08:13:00+00:00,0.9069444444444444,565.0,R1_0_50,test,SAFE_TO_EXECUTE,grouped_iid,0.9758013616033324,0.9949238578680203,0.024198638396667582,0.005076142131979711,SAFE_TO_EXECUTE,0.04599532480368192
4507008457_00020,4507008457_00020,"3-way match, invoice before GR",2018-04-23 11:47:00+00:00,2018-04-24 12:09:00+00:00,1.0152777777777777,38789.0,R3_90_99,test,NOT_SAFE_TO_EXECUTE,grouped_iid,0.7685955047911633,0.7333333333333333,0.23140449520883666,0.2666666666666667,SAFE_TO_EXECUTE,0.8366407419411673
4507017297_00030,4507017297_00030,"3-way match, invoice before GR",2018-04-23 12:02:00+00:00,2018-04-25 16:24:00+00:00,2.1819444444444445,1749.0,R2_50_90,test,SAFE_TO_EXECUTE,grouped_iid,0.9792535290570072,0.9949238578680203,0.020746470942992756,0.005076142131979711,SAFE_TO_EXECUTE,0.04599532480368192
4507018520_00010,4507018520_00010,"3-way match, invoice before GR",2018-04-23 13:35:00+00:00,2018-04-23 17:48:00+00:00,0.17569444444444443,277.0,R1_0_50,test,SAFE_TO_EXECUTE,grouped_iid,0.9478441516978071,0.9357798165137615,0.052155848302192886,0.06422018348623848,SAFE_TO_EXECUTE,0.34397451435953375
4507018520_00150,4507018520_00150,"3-way match, invoice before GR",2018-04-23 13:35:00+00:00,2018-04-23 17:48:00+00:00,0.17569444444444443,249.0,R1_0_50,test,SAFE_TO_EXECUTE,grouped_iid,0.9478472727589676,0.9357798165137615,0.05215272724103237,0.06422018348623848,SAFE_TO_EXECUTE,0.34397451435953375
4507020948_00080,4507020948_00080,"3-way match, invoice before GR",2018-04-23 13:50:00+00:00,2018-04-25 13:10:00+00:00,1.9722222222222223,214.0,R1_0_50,test,SAFE_TO_EXECUTE,grouped_iid,0.9712008570596271,0.9949238578680203,0.02879914294037289,0.005076142131979711,SAFE_TO_EXECUTE,0.04599532480368192
4507018095_00460,4507018095_00460,"3-way match, invoice before GR",2018-04-23 14:05:00+00:00,2018-04-25 13:14:00+00:00,1.9645833333333333,142.0,R1_0_50,test,SAFE_TO_EXECUTE,grouped_iid,0.9455602079181804,0.9357798165137615,0.054439792081819594,0.06422018348623848,SAFE_TO_EXECUTE,0.34397451435953375
4507016913_00010,4507016913_00010,"3-way match, invoice before GR",2018-04-23 14:51:00+00:00,2018-04-27 06:21:00+00:00,3.6458333333333335,3507.0,R2_50_90,test,SAFE_TO_EXECUTE,grouped_iid,0.9418697901780145,0.9357798165137615,0.05813020982198547,0.06422018348623848,SAFE_TO_EXECUTE,0.34397451435953375
4507024459_00030,4507024459_00030,"3-way match, invoice before GR",2018-04-24 07:53:00+00:00,2018-04-24 09:02:00+00:00,0.04791666666666667,50.0,R1_0_50,test,SAFE_TO_EXECUTE,grouped_iid,0.9705267531311487,0.9949238578680203,0.029473246868851333,0.005076142131979711,SAFE_TO_EXECUTE,0.04599532480368192
4507022249_00010,4507022249_00010,"3-way match, invoice before GR",2018-04-24 07:59:00+00:00,2018-04-30 14:53:00+00:00,6.2875,45663.0,R3_90_99,test,SAFE_TO_EXECUTE,grouped_iid,0.8551771853481868,0.8404255319148937,0.14482281465181324,0.15957446808510634,SAFE_TO_EXECUTE,0.6332905746550958
4507024017_00010,4507024017_00010,"3-way match, invoice before GR",2018-04-24 08:00:00+00:00,2018-05-02 15:27:00+00:00,8.310416666666667,43485.0,R3_90_99,test,SAFE_TO_EXECUTE,grouped_iid,0.7965827255873434,0.7333333333333333,0.20341727441265656,0.2666666666666667,SAFE_TO_EXECUTE,0.8366407419411673
4507024398_00010,4507024398_00010,"3-way match, invoice before GR",2018-04-24 08:12:00+00:00,2018-04-25 15:35:00+00:00,1.3076388888888888,222.0,R1_0_50,test,SAFE_TO_EXECUTE,grouped_iid,0.9765217027525835,0.9949238578680203,0.023478297247416458,0.005076142131979711,SAFE_TO_EXECUTE,0.04599532480368192
4507024398_00050,4507024398_00050,"3-way match, invoice before GR",2018-04-24 08:12:00+00:00,2018-04-25 15:35:00+00:00,1.3076388888888888,496.0,R1_0_50,test,SAFE_TO_EXECUTE,grouped_iid,0.9765075336121947,0.9949238578680203,0.023492466387805333,0.005076142131979711,SAFE_TO_EXECUTE,0.04599532480368192
4507022281_00040,4507022281_00040,"3-way match, invoice before GR",2018-04-24 08:23:00+00:00,2018-04-24 14:36:00+00:00,0.2590277777777778,132.0,R1_0_50,test,SAFE_TO_EXECUTE,grouped_iid,0.9550109954077609,0.9602763385146805,0.04498900459223909,0.03972366148531947,SAFE_TO_EXECUTE,0.24102374969289544
4507021585_00050,4507021585_00050,"3-way match, invoice before GR",2018-04-24 08:29:00+00:00,2018-04-25 13:01:00+00:00,1.1888888888888889,675.0,R2_50_90,test,SAFE_TO_EXECUTE,grouped_iid,0.9719168202600575,0.9949238578680203,0.028083179739942454,0.005076142131979711,SAFE_TO_EXECUTE,0.04599532480368192
4507021947_00160,4507021947_00160,"3-way match, invoice before GR",2018-04-24 08:48:00+00:00,2018-04-25 12:32:00+00:00,1.1555555555555554,147.0,R1_0_50,test,SAFE_TO_EXECUTE,grouped_iid,0.9722185587135497,0.9949238578680203,0.027781441286450326,0.005076142131979711,SAFE_TO_EXECUTE,0.04599532480368192
4507021947_00430,4507021947_00430,"3-way match, invoice before GR",2018-04-24 08:48:00+00:00,2018-04-25 14:06:00+00:00,1.2208333333333334,460.0,R1_0_50,test,SAFE_TO_EXECUTE,grouped_iid,0.9721696198591449,0.9949238578680203,0.02783038014085515,0.005076142131979711,SAFE_TO_EXECUTE,0.04599532480368192
4507019268_00140,4507019268_00140,"3-way match, invoice before GR",2018-04-24 08:52:00+00:00,2018-04-25 13:22:00+00:00,1.1875,214.0,R1_0_50,test,SAFE_TO_EXECUTE,grouped_iid,0.9476620760517045,0.9357798165137615,0.052337923948295506,0.06422018348623848,SAFE_TO_EXECUTE,0.34397451435953375
4507021947_00450,4507021947_00450,"3-way match, invoice before GR",2018-04-24 09:05:00+00:00,2018-04-25 12:32:00+00:00,1.14375,156.0,R1_0_50,test,SAFE_TO_EXECUTE,grouped_iid,0.9722229856187304,0.9949238578680203,0.02777701438126956,0.005076142131979711,SAFE_TO_EXECUTE,0.04599532480368192
4507022260_00030,4507022260_00030,"3-way match, invoice before GR",2018-04-24 09:09:00+00:00,2018-04-25 11:31:00+00:00,1.0986111111111112,301.0,R1_0_50,test,SAFE_TO_EXECUTE,grouped_iid,0.9543738676813199,0.9602763385146805,0.04562613231868007,0.03972366148531947,SAFE_TO_EXECUTE,0.24102374969289544
4507022260_00100,4507022260_00100,"3-way match, invoice before GR",2018-04-24 09:09:00+00:00,2018-04-25 11:31:00+00:00,1.0986111111111112,220.0,R1_0_50,test,SAFE_TO_EXECUTE,grouped_iid,0.9543818200728111,0.9602763385146805,0.04561817992718886,0.03972366148531947,SAFE_TO_EXECUTE,0.24102374969289544
4507022259_00070,4507022259_00070,"3-way match, invoice before GR",2018-04-24 09:20:00+00:00,2018-04-25 11:09:00+00:00,1.0756944444444445,310.0,R1_0_50,test,SAFE_TO_EXECUTE,grouped_iid,0.9543891391355579,0.9602763385146805,0.045610860864442104,0.03972366148531947,SAFE_TO_EXECUTE,0.24102374969289544
4507021585_00030,4507021585_00030,"3-way match, invoice before GR",2018-04-24 09:25:00+00:00,2018-04-25 10:18:00+00:00,1.0368055555555555,479.0,R1_0_50,test,SAFE_TO_EXECUTE,grouped_iid,0.9719976123355207,0.9949238578680203,0.028002387664479267,0.005076142131979711,SAFE_TO_EXECUTE,0.04599532480368192
4507021585_00160,4507021585_00160,"3-way match, invoice before GR",2018-04-24 09:25:00+00:00,2018-04-25 13:01:00+00:00,1.15,189.0,R1_0_50,test,SAFE_TO_EXECUTE,grouped_iid,0.9719632560730419,0.9949238578680203,0.028036743926958096,0.005076142131979711,SAFE_TO_EXECUTE,0.04599532480368192
4507022270_00110,4507022270_00110,"3-way match, invoice before GR",2018-04-24 09:37:00+00:00,2018-04-25 09:17:00+00:00,0.9861111111111112,294.0,R1_0_50,test,SAFE_TO_EXECUTE,grouped_iid,0.9544597325341414,0.9602763385146805,0.0455402674658586,0.03972366148531947,SAFE_TO_EXECUTE,0.24102374969289544
4507020608_00030,4507020608_00030,"3-way match, invoice before GR",2018-04-24 09:42:00+00:00,2018-04-25 09:17:00+00:00,0.9826388888888888,817.0,R2_50_90,test,SAFE_TO_EXECUTE,grouped_iid,0.9513857503656372,0.9555555555555556,0.04861424963436278,0.0444444444444444,SAFE_TO_EXECUTE,0.2623112196143365
4507021774_00010,4507021774_00010,"3-way match, invoice before GR",2018-04-24 10:23:00+00:00,2018-04-25 09:18:00+00:00,0.9548611111111112,542.0,R1_0_50,test,SAFE_TO_EXECUTE,grouped_iid,0.9540113857168814,0.9602763385146805,0.04598861428311862,0.03972366148531947,SAFE_TO_EXECUTE,0.24102374969289544
4507021774_00070,4507021774_00070,"3-way match, invoice before GR",2018-04-24 10:23:00+00:00,2018-04-25 09:18:00+00:00,0.9548611111111112,205.0,R1_0_50,test,SAFE_TO_EXECUTE,grouped_iid,0.9540447130480522,0.9602763385146805,0.04595528695194784,0.03972366148531947,SAFE_TO_EXECUTE,0.24102374969289544
4507022908_00010,4507022908_00010,"3-way match, invoice before GR",2018-04-24 10:34:00+00:00,2018-05-17 06:49:00+00:00,22.84375,12186.0,R3_90_99,test,SAFE_TO_EXECUTE,grouped_iid,0.9495155541991221,0.9555555555555556,0.05048444580087785,0.0444444444444444,SAFE_TO_EXECUTE,0.2623112196143365
4507021947_00300,4507021947_00300,"3-way match, invoice before GR",2018-04-24 10:45:00+00:00,2018-04-25 12:32:00+00:00,1.0743055555555556,223.0,R1_0_50,test,SAFE_TO_EXECUTE,grouped_iid,0.954023741737621,0.9602763385146805,0.045976258262379055,0.03972366148531947,SAFE_TO_EXECUTE,0.24102374969289544
4507021947_00360,4507021947_00360,"3-way match, invoice before GR",2018-04-24 10:45:00+00:00,2018-04-25 14:06:00+00:00,1.1395833333333334,98.0,R1_0_50,test,SAFE_TO_EXECUTE,grouped_iid,0.9539876411583139,0.9602763385146805,0.046012358841686085,0.03972366148531947,SAFE_TO_EXECUTE,0.24102374969289544
4507021947_00540,4507021947_00540,"3-way match, invoice before GR",2018-04-24 10:45:00+00:00,2018-04-25 14:06:00+00:00,1.1395833333333334,173.0,R1_0_50,test,SAFE_TO_EXECUTE,grouped_iid,0.9540202229922767,0.9602763385146805,0.045979777007723266,0.03972366148531947,SAFE_TO_EXECUTE,0.24102374969289544
4507021526_00130,4507021526_00130,"3-way match, invoice before GR",2018-04-24 10:51:00+00:00,2018-04-25 16:47:00+00:00,1.2472222222222222,187.0,R1_0_50,test,NOT_SAFE_TO_EXECUTE,grouped_iid,0.933601025594628,0.9183673469387755,0.06639897440537201,0.08163265306122447,SAFE_TO_EXECUTE,0.4079059801389762
4507020322_00010,4507020322_00010,"3-way match, invoice before GR",2018-04-24 11:19:00+00:00,2018-04-25 14:53:00+00:00,1.148611111111111,1253.0,R2_50_90,test,SAFE_TO_EXECUTE,grouped_iid,0.950777368571627,0.9555555555555556,0.04922263142837302,0.0444444444444444,SAFE_TO_EXECUTE,0.2623112196143365
4507012092_00020,4507012092_00020,"3-way match, invoice before GR",2018-04-24 11:53:00+00:00,2018-04-28 10:10:00+00:00,3.928472222222222,2323.0,R2_50_90,test,SAFE_TO_EXECUTE,grouped_iid,0.9569279234333166,0.9602763385146805,0.04307207656668344,0.03972366148531947,SAFE_TO_EXECUTE,0.24102374969289544
4507012092_00010,4507012092_00010,"3-way match, invoice before GR",2018-04-24 11:55:00+00:00,2018-04-28 10:10:00+00:00,3.9270833333333335,1864.0,R2_50_90,test,SAFE_TO_EXECUTE,grouped_iid,0.907662910658623,0.8884615384615384,0.09233708934137697,0.11153846153846159,SAFE_TO_EXECUTE,0.5045390536984206
4507013837_00040,4507013837_00040,"3-way match, invoice before GR",2018-04-24 14:03:00+00:00,2018-04-26 08:29:00+00:00,1.7680555555555555,4293.0,R2_50_90,test,SAFE_TO_EXECUTE,grouped_iid,0.9075435793346612,0.8884615384615384,0.09245642066533877,0.11153846153846159,SAFE_TO_EXECUTE,0.5045390536984206
4507020688_00020,4507020688_00020,"3-way match, invoice before GR",2018-04-24 14:35:00+00:00,2018-04-25 10:51:00+00:00,0.8444444444444444,6825.0,R2_50_90,test,SAFE_TO_EXECUTE,grouped_iid,0.9540018873443745,0.9602763385146805,0.04599811265562548,0.03972366148531947,SAFE_TO_EXECUTE,0.24102374969289544
4507023706_00190,4507023706_00190,"3-way match, invoice before GR",2018-04-24 14:36:00+00:00,2018-04-24 14:39:00+00:00,0.0020833333333333333,1696.0,R2_50_90,test,SAFE_TO_EXECUTE,grouped_iid,0.9759233847263409,0.9949238578680203,0.02407661527365912,0.005076142131979711,SAFE_TO_EXECUTE,0.04599532480368192
4507024086_00020,4507024086_00020,"3-way match, invoice before GR",2018-04-25 03:49:00+00:00,2018-04-25 05:45:00+00:00,0.08055555555555556,1385.0,R2_50_90,test,SAFE_TO_EXECUTE,grouped_iid,0.9824851545596346,1.0,0.017514845440365412,0.0,SAFE_TO_EXECUTE,5.123178885069411e-14
4507021906_00010,4507021906_00010,"3-way match, invoice before GR",2018-04-25 06:00:00+00:00,2018-05-01 13:40:00+00:00,6.319444444444445,4399.0,R2_50_90,test,SAFE_TO_EXECUTE,grouped_iid,0.9686361288687393,0.9806451612903225,0.03136387113126071,0.01935483870967747,SAFE_TO_EXECUTE,0.1378026662704413
4507023575_00020,4507023575_00020,"3-way match, invoice before GR",2018-04-25 06:31:00+00:00,2018-04-26 11:45:00+00:00,1.2180555555555554,677.0,R2_50_90,test,SAFE_TO_EXECUTE,grouped_iid,0.9522306687338282,0.9602763385146805,0.04776933126617178,0.03972366148531947,SAFE_TO_EXECUTE,0.24102374969289544
4507024083_00020,4507024083_00020,"3-way match, invoice before GR",2018-04-25 06:37:00+00:00,2018-04-26 11:07:00+00:00,1.1875,6583.0,R2_50_90,test,SAFE_TO_EXECUTE,grouped_iid,0.7899373783386174,0.7333333333333333,0.21006262166138256,0.2666666666666667,SAFE_TO_EXECUTE,0.8366407419411673
4507023544_00140,4507023544_00140,"3-way match, invoice before GR",2018-04-25 08:13:00+00:00,2018-04-26 15:56:00+00:00,1.3215277777777779,127.0,R1_0_50,test,SAFE_TO_EXECUTE,grouped_iid,0.9562685151530843,0.9602763385146805,0.04373148484691569,0.03972366148531947,SAFE_TO_EXECUTE,0.24102374969289544
4507023544_00090,4507023544_00090,"3-way match, invoice before GR",2018-04-25 08:18:00+00:00,2018-04-26 15:56:00+00:00,1.3180555555555555,552.0,R1_0_50,test,SAFE_TO_EXECUTE,grouped_iid,0.9329731884127556,0.9183673469387755,0.06702681158724444,0.08163265306122447,SAFE_TO_EXECUTE,0.4079059801389762
4507023536_00030,4507023536_00030,"3-way match, invoice before GR",2018-04-25 08:35:00+00:00,2018-04-26 16:21:00+00:00,1.323611111111111,251.0,R1_0_50,test,SAFE_TO_EXECUTE,grouped_iid,0.9562500501701369,0.9602763385146805,0.04374994982986313,0.03972366148531947,SAFE_TO_EXECUTE,0.24102374969289544
4507023536_00040,4507023536_00040,"3-way match, invoice before GR",2018-04-25 08:35:00+00:00,2018-04-26 16:21:00+00:00,1.323611111111111,251.0,R1_0_50,test,SAFE_TO_EXECUTE,grouped_iid,0.9562500501701369,0.9602763385146805,0.04374994982986313,0.03972366148531947,SAFE_TO_EXECUTE,0.24102374969289544
4507022829_00010,4507022829_00010,"3-way match, invoice before GR",2018-04-25 08:39:00+00:00,2018-04-26 16:36:00+00:00,1.33125,969.0,R2_50_90,test,SAFE_TO_EXECUTE,grouped_iid,0.9545324412732785,0.9602763385146805,0.04546755872672148,0.03972366148531947,SAFE_TO_EXECUTE,0.24102374969289544
4507023544_00010,4507023544_00010,"3-way match, invoice before GR",2018-04-25 08:41:00+00:00,2018-04-26 15:56:00+00:00,1.3020833333333333,168.0,R1_0_50,test,SAFE_TO_EXECUTE,grouped_iid,0.9562773360968839,0.9602763385146805,0.04372266390311608,0.03972366148531947,SAFE_TO_EXECUTE,0.24102374969289544
4507023544_00130,4507023544_00130,"3-way match, invoice before GR",2018-04-25 08:41:00+00:00,2018-04-26 15:56:00+00:00,1.3020833333333333,168.0,R1_0_50,test,SAFE_TO_EXECUTE,grouped_iid,0.9562773360968839,0.9602763385146805,0.04372266390311608,0.03972366148531947,SAFE_TO_EXECUTE,0.24102374969289544
4507021184_00010,4507021184_00010,"3-way match, invoice before GR",2018-04-25 09:04:00+00:00,2018-05-14 12:38:00+00:00,19.148611111111112,3770.0,R2_50_90,test,SAFE_TO_EXECUTE,grouped_iid,0.9693289733252755,0.9806451612903225,0.030671026674724544,0.01935483870967747,SAFE_TO_EXECUTE,0.1378026662704413
4507022319_00090,4507022319_00090,"3-way match, invoice before GR",2018-04-25 09:07:00+00:00,2018-04-26 16:37:00+00:00,1.3125,386.0,R1_0_50,test,SAFE_TO_EXECUTE,grouped_iid,0.9780472937154568,0.9949238578680203,0.021952706284543155,0.005076142131979711,SAFE_TO_EXECUTE,0.04599532480368192
4507022066_00010,4507022066_00010,"3-way match, invoice before GR",2018-04-25 10:15:00+00:00,2018-05-03 09:43:00+00:00,7.977777777777778,8147.0,R3_90_99,test,SAFE_TO_EXECUTE,grouped_iid,0.8861706360481417,0.8884615384615384,0.11382936395185828,0.11153846153846159,SAFE_TO_EXECUTE,0.5045390536984206
4507019576_00010,4507019576_00010,"3-way match, invoice before GR",2018-04-25 10:19:00+00:00,2018-04-25 14:16:00+00:00,0.16458333333333333,28370.0,R3_90_99,test,SAFE_TO_EXECUTE,grouped_iid,0.9670727339890645,0.97,0.03292726601093554,0.030000000000000027,SAFE_TO_EXECUTE,0.1943918578315763
4507022492_00010,4507022492_00010,"3-way match, invoice before GR",2018-04-25 10:56:00+00:00,2018-04-25 11:56:00+00:00,0.041666666666666664,2231.0,R2_50_90,test,SAFE_TO_EXECUTE,grouped_iid,0.8167607686389762,0.7678571428571429,0.18323923136102382,0.2321428571428571,SAFE_TO_EXECUTE,0.7817281222714539
4507022492_00030,4507022492_00030,"3-way match, invoice before GR",2018-04-25 10:56:00+00:00,2018-04-25 11:56:00+00:00,0.041666666666666664,3697.0,R2_50_90,test,SAFE_TO_EXECUTE,grouped_iid,0.9601333602686062,0.9602763385146805,0.039866639731393816,0.03972366148531947,SAFE_TO_EXECUTE,0.24102374969289544
4507022281_00010,4507022281_00010,"3-way match, invoice before GR",2018-04-25 14:02:00+00:00,2018-04-26 07:18:00+00:00,0.7194444444444444,1458.0,R2_50_90,test,SAFE_TO_EXECUTE,grouped_iid,0.9328919341517119,0.9183673469387755,0.0671080658482881,0.08163265306122447,SAFE_TO_EXECUTE,0.4079059801389762
4507022281_00120,4507022281_00120,"3-way match, invoice before GR",2018-04-25 14:02:00+00:00,2018-04-26 07:17:00+00:00,0.71875,122.0,R1_0_50,test,SAFE_TO_EXECUTE,grouped_iid,0.9330810166632567,0.9183673469387755,0.06691898333674329,0.08163265306122447,SAFE_TO_EXECUTE,0.4079059801389762
4507021738_00030,4507021738_00030,"3-way match, invoice before GR",2018-04-26 04:00:00+00:00,2018-04-26 05:37:00+00:00,0.06736111111111111,13465.0,R3_90_99,test,SAFE_TO_EXECUTE,grouped_iid,0.966580230112412,0.97,0.03341976988758799,0.030000000000000027,SAFE_TO_EXECUTE,0.1943918578315763
4507022838_00010,4507022838_00010,"3-way match, invoice before GR",2018-04-26 05:00:00+00:00,2018-05-02 09:19:00+00:00,6.179861111111111,4922.0,R2_50_90,test,SAFE_TO_EXECUTE,grouped_iid,0.9360837414695727,0.9183673469387755,0.06391625853042726,0.08163265306122447,SAFE_TO_EXECUTE,0.4079059801389762
4507025378_00030,4507025378_00030,"3-way match, invoice before GR",2018-04-26 05:44:00+00:00,2018-04-30 06:06:00+00:00,4.0152777777777775,6.0,R1_0_50,test,SAFE_TO_EXECUTE,grouped_iid,0.9693916089222401,0.9806451612903225,0.030608391077759922,0.01935483870967747,SAFE_TO_EXECUTE,0.1378026662704413
4507024983_00070,4507024983_00070,"3-way match, invoice before GR",2018-04-26 07:42:00+00:00,2018-04-30 06:05:00+00:00,3.932638888888889,59.0,R1_0_50,test,SAFE_TO_EXECUTE,grouped_iid,0.9691275125552498,0.9806451612903225,0.03087248744475024,0.01935483870967747,SAFE_TO_EXECUTE,0.1378026662704413
4507017052_00030,4507017052_00030,"3-way match, invoice before GR",2018-04-26 08:06:00+00:00,2018-05-08 12:11:00+00:00,12.17013888888889,445.0,R1_0_50,test,NOT_SAFE_TO_EXECUTE,grouped_iid,0.9365604299410984,0.9183673469387755,0.06343957005890155,0.08163265306122447,SAFE_TO_EXECUTE,0.4079059801389762
4507025377_00060,4507025377_00060,"3-way match, invoice before GR",2018-04-26 08:59:00+00:00,2018-04-26 15:46:00+00:00,0.2826388888888889,25.0,R1_0_50,test,SAFE_TO_EXECUTE,grouped_iid,0.9712045913485358,0.9949238578680203,0.028795408651464238,0.005076142131979711,SAFE_TO_EXECUTE,0.04599532480368192
4507025377_00100,4507025377_00100,"3-way match, invoice before GR",2018-04-26 08:59:00+00:00,2018-04-26 15:46:00+00:00,0.2826388888888889,1999.0,R2_50_90,test,SAFE_TO_EXECUTE,grouped_iid,0.9710798504663599,0.9949238578680203,0.028920149533640083,0.005076142131979711,SAFE_TO_EXECUTE,0.04599532480368192
4507022408_00230,4507022408_00230,"3-way match, invoice before GR",2018-04-26 09:33:00+00:00,2018-04-27 08:02:00+00:00,0.9368055555555556,82.0,R1_0_50,test,SAFE_TO_EXECUTE,grouped_iid,0.9537704191707814,0.9602763385146805,0.046229580829218575,0.03972366148531947,SAFE_TO_EXECUTE,0.24102374969289544
4507020331_00020,4507020331_00020,"3-way match, invoice before GR",2018-04-26 09:36:00+00:00,2018-04-27 12:31:00+00:00,1.1215277777777777,77942.0,R4_99_100,test,SAFE_TO_EXECUTE,grouped_iid,0.9632703371597305,0.9602763385146805,0.03672966284026946,0.03972366148531947,SAFE_TO_EXECUTE,0.24102374969289544
4507022248_00020,4507022248_00020,"3-way match, invoice before GR",2018-04-26 10:26:00+00:00,2018-04-30 10:39:00+00:00,4.009027777777778,1824.0,R2_50_90,test,SAFE_TO_EXECUTE,grouped_iid,0.9454602653234557,0.9357798165137615,0.05453973467654427,0.06422018348623848,SAFE_TO_EXECUTE,0.34397451435953375
4507022842_00010,4507022842_00010,"3-way match, invoice before GR",2018-04-26 11:43:00+00:00,2018-04-26 12:06:00+00:00,0.01597222222222222,383.0,R1_0_50,test,SAFE_TO_EXECUTE,grouped_iid,0.9551327786109304,0.9602763385146805,0.04486722138906962,0.03972366148531947,SAFE_TO_EXECUTE,0.24102374969289544
4507014377_00010,4507014377_00010,"3-way match, invoice before GR",2018-04-26 12:15:00+00:00,2018-05-01 06:50:00+00:00,4.774305555555555,15440.0,R3_90_99,test,NOT_SAFE_TO_EXECUTE,grouped_iid,0.9217863696117401,0.9183673469387755,0.0782136303882599,0.08163265306122447,SAFE_TO_EXECUTE,0.4079059801389762
4507015955_00050,4507015955_00050,"3-way match, invoice before GR",2018-04-26 12:22:00+00:00,2018-04-27 12:42:00+00:00,1.0138888888888888,772.0,R2_50_90,test,SAFE_TO_EXECUTE,grouped_iid,0.9715287885174207,0.9949238578680203,0.02847121148257925,0.005076142131979711,SAFE_TO_EXECUTE,0.04599532480368192
4507015955_00040,4507015955_00040,"3-way match, invoice before GR",2018-04-26 12:23:00+00:00,2018-04-27 12:41:00+00:00,1.0125,1005.0,R2_50_90,test,SAFE_TO_EXECUTE,grouped_iid,0.9715148776883336,0.9949238578680203,0.028485122311666444,0.005076142131979711,SAFE_TO_EXECUTE,0.04599532480368192
4507024632_00040,4507024632_00040,"3-way match, invoice before GR",2018-04-26 13:36:00+00:00,2018-04-26 15:47:00+00:00,0.09097222222222222,46.0,R1_0_50,test,SAFE_TO_EXECUTE,grouped_iid,0.9709767106217128,0.9949238578680203,0.029023289378287243,0.005076142131979711,SAFE_TO_EXECUTE,0.04599532480368192
4507022272_00010,4507022272_00010,"3-way match, invoice before GR",2018-04-26 13:46:00+00:00,2018-04-30 14:55:00+00:00,4.047916666666667,45123.0,R3_90_99,test,SAFE_TO_EXECUTE,grouped_iid,0.6052186163020262,0.7333333333333333,0.3947813836979738,0.2666666666666667,SAFE_TO_EXECUTE,0.8366407419411673
4507024347_00020,4507024347_00020,"3-way match, invoice before GR",2018-04-26 14:16:00+00:00,2018-05-04 07:30:00+00:00,7.718055555555556,269.0,R1_0_50,test,SAFE_TO_EXECUTE,grouped_iid,0.9756029263141089,0.9949238578680203,0.024397073685891058,0.005076142131979711,SAFE_TO_EXECUTE,0.04599532480368192
4507024347_00030,4507024347_00030,"3-way match, invoice before GR",2018-04-26 14:16:00+00:00,2018-05-04 07:30:00+00:00,7.718055555555556,147.0,R1_0_50,test,SAFE_TO_EXECUTE,grouped_iid,0.9756094731344416,0.9949238578680203,0.024390526865558426,0.005076142131979711,SAFE_TO_EXECUTE,0.04599532480368192
4507024469_00010,4507024469_00010,"3-way match, invoice before GR",2018-04-26 15:37:00+00:00,2018-04-30 10:03:00+00:00,3.7680555555555557,22863.0,R3_90_99,test,NOT_SAFE_TO_EXECUTE,grouped_iid,0.9783638580217454,0.9949238578680203,0.021636141978254586,0.005076142131979711,SAFE_TO_EXECUTE,0.04599532480368192
4507025140_00020,4507025140_00020,"3-way match, invoice before GR",2018-04-26 15:39:00+00:00,2018-04-30 10:04:00+00:00,3.767361111111111,11777.0,R3_90_99,test,SAFE_TO_EXECUTE,grouped_iid,0.9796636356806672,1.0,0.020336364319332834,0.0,SAFE_TO_EXECUTE,5.123178885069411e-14
4507020645_00090,4507020645_00090,"3-way match, invoice before GR",2018-04-27 09:58:00+00:00,2018-05-03 09:28:00+00:00,5.979166666666667,114.0,R1_0_50,test,SAFE_TO_EXECUTE,grouped_iid,0.946383085826204,0.9357798165137615,0.05361691417379599,0.06422018348623848,SAFE_TO_EXECUTE,0.34397451435953375
4507020645_00160,4507020645_00160,"3-way match, invoice before GR",2018-04-27 09:58:00+00:00,2018-05-03 09:40:00+00:00,5.9875,267.0,R1_0_50,test,SAFE_TO_EXECUTE,grouped_iid,0.9463584196657314,0.9357798165137615,0.05364158033426858,0.06422018348623848,SAFE_TO_EXECUTE,0.34397451435953375
4507020645_00200,4507020645_00200,"3-way match, invoice before GR",2018-04-27 09:58:00+00:00,2018-05-03 09:25:00+00:00,5.977083333333334,707.0,R2_50_90,test,SAFE_TO_EXECUTE,grouped_iid,0.9463169877584612,0.9357798165137615,0.05368301224153882,0.06422018348623848,SAFE_TO_EXECUTE,0.34397451435953375
4507021958_00050,4507021958_00050,"3-way match, invoice before GR",2018-04-27 10:03:00+00:00,2018-05-03 09:36:00+00:00,5.98125,89.0,R1_0_50,test,SAFE_TO_EXECUTE,grouped_iid,0.9492883106770824,0.9555555555555556,0.050711689322917586,0.0444444444444444,SAFE_TO_EXECUTE,0.2623112196143365
4507022451_00001,4507022451_00001,"3-way match, invoice before GR",2018-04-27 10:57:00+00:00,2018-05-15 12:06:00+00:00,18.047916666666666,87.0,R1_0_50,test,NOT_SAFE_TO_EXECUTE,grouped_iid,0.47712066494555216,0.06666666666666667,0.5228793350544478,0.9333333333333333,NOT_SAFE_TO_EXECUTE,0.3533593350214213
4507025301_00080,4507025301_00080,"3-way match, invoice before GR",2018-04-27 11:14:00+00:00,2018-04-30 09:32:00+00:00,2.9291666666666667,1109.0,R2_50_90,test,SAFE_TO_EXECUTE,grouped_iid,0.9750170938029675,0.9949238578680203,0.024982906197032473,0.005076142131979711,SAFE_TO_EXECUTE,0.04599532480368192
4507025301_00130,4507025301_00130,"3-way match, invoice before GR",2018-04-27 11:14:00+00:00,2018-04-30 09:32:00+00:00,2.9291666666666667,443.0,R1_0_50,test,SAFE_TO_EXECUTE,grouped_iid,0.9750536479136283,0.9949238578680203,0.024946352086371748,0.005076142131979711,SAFE_TO_EXECUTE,0.04599532480368192
4507025290_00020,4507025290_00020,"3-way match, invoice before GR",2018-04-27 11:15:00+00:00,2018-05-01 05:40:00+00:00,3.767361111111111,99.0,R1_0_50,test,SAFE_TO_EXECUTE,grouped_iid,0.9889253454313367,1.0,0.0110746545686633,0.0,SAFE_TO_EXECUTE,5.123178885069411e-14
4507025292_00020,4507025292_00020,"3-way match, invoice before GR",2018-04-27 11:18:00+00:00,2018-05-01 05:41:00+00:00,3.765972222222222,68.0,R1_0_50,test,SAFE_TO_EXECUTE,grouped_iid,0.9889271398040108,1.0,0.011072860195989187,0.0,SAFE_TO_EXECUTE,5.123178885069411e-14
4507025292_00030,4507025292_00030,"3-way match, invoice before GR",2018-04-27 11:18:00+00:00,2018-05-01 05:41:00+00:00,3.765972222222222,65.0,R1_0_50,test,SAFE_TO_EXECUTE,grouped_iid,0.988927213877109,1.0,0.011072786122890976,0.0,SAFE_TO_EXECUTE,5.123178885069411e-14
4507025468_00020,4507025468_00020,"3-way match, invoice before GR",2018-04-27 11:21:00+00:00,2018-05-01 05:41:00+00:00,3.763888888888889,386.0,R1_0_50,test,SAFE_TO_EXECUTE,grouped_iid,0.9889355254906377,1.0,0.011064474509362321,0.0,SAFE_TO_EXECUTE,5.123178885069411e-14
4507022612_00010,4507022612_00010,"3-way match, invoice before GR",2018-04-27 11:37:00+00:00,2018-04-30 09:01:00+00:00,2.8916666666666666,3281.0,R2_50_90,test,SAFE_TO_EXECUTE,grouped_iid,0.9518702221893992,0.9602763385146805,0.04812977781060079,0.03972366148531947,SAFE_TO_EXECUTE,0.24102374969289544
4507025099_00040,4507025099_00040,"3-way match, invoice before GR",2018-04-27 11:50:00+00:00,2018-05-07 08:10:00+00:00,9.847222222222221,415.0,R1_0_50,test,SAFE_TO_EXECUTE,grouped_iid,0.952024766568523,0.9602763385146805,0.04797523343147703,0.03972366148531947,SAFE_TO_EXECUTE,0.24102374969289544
4507023778_00010,4507023778_00010,"3-way match, invoice before GR",2018-04-27 12:04:00+00:00,2018-05-01 05:28:00+00:00,3.725,92.0,R1_0_50,test,SAFE_TO_EXECUTE,grouped_iid,0.982163049641504,1.0,0.017836950358495973,0.0,SAFE_TO_EXECUTE,5.123178885069411e-14
4507024634_00070,4507024634_00070,"3-way match, invoice before GR",2018-04-27 13:25:00+00:00,2018-04-30 15:40:00+00:00,3.09375,3380.0,R2_50_90,test,SAFE_TO_EXECUTE,grouped_iid,0.9760323675339596,0.9949238578680203,0.02396763246604039,0.005076142131979711,SAFE_TO_EXECUTE,0.04599532480368192
4507025466_00010,4507025466_00010,"3-way match, invoice before GR",2018-04-27 14:15:00+00:00,2018-04-30 11:00:00+00:00,2.8645833333333335,1404.0,R2_50_90,test,SAFE_TO_EXECUTE,grouped_iid,0.9695990579333407,0.9806451612903225,0.03040094206665933,0.01935483870967747,SAFE_TO_EXECUTE,0.1378026662704413
4507022815_00020,4507022815_00020,"3-way match, invoice before GR",2018-04-27 15:15:00+00:00,2018-04-30 09:24:00+00:00,2.75625,12929.0,R3_90_99,test,NOT_SAFE_TO_EXECUTE,grouped_iid,0.9287137324003286,0.9183673469387755,0.07128626759967138,0.08163265306122447,SAFE_TO_EXECUTE,0.4079059801389762
4507021973_00010,4507021973_00010,"3-way match, invoice before GR",2018-04-27 16:08:00+00:00,2018-04-28 12:48:00+00:00,0.8611111111111112,42026.0,R3_90_99,test,SAFE_TO_EXECUTE,grouped_iid,0.8627816716160862,0.8404255319148937,0.1372183283839138,0.15957446808510634,SAFE_TO_EXECUTE,0.6332905746550958
4507024833_00010,4507024833_00010,"3-way match, invoice before GR",2018-04-30 05:47:00+00:00,2018-04-30 10:05:00+00:00,0.17916666666666667,11777.0,R3_90_99,test,SAFE_TO_EXECUTE,grouped_iid,0.9822005887832204,1.0,0.017799411216779637,0.0,SAFE_TO_EXECUTE,5.123178885069411e-14
4507025915_00010,4507025915_00010,"3-way match, invoice before GR",2018-04-30 05:49:00+00:00,2018-05-02 09:05:00+00:00,2.136111111111111,107.0,R1_0_50,test,SAFE_TO_EXECUTE,grouped_iid,0.9794610552877431,1.0,0.020538944712256924,0.0,SAFE_TO_EXECUTE,5.123178885069411e-14
4507011766_00010,4507011766_00010,"3-way match, invoice before GR",2018-04-30 07:35:00+00:00,2018-05-07 12:09:00+00:00,7.190277777777778,109493.0,R4_99_100,test,NOT_SAFE_TO_EXECUTE,grouped_iid,0.8050325943253892,0.7678571428571429,0.1949674056746108,0.2321428571428571,SAFE_TO_EXECUTE,0.7817281222714539
4507025807_00010,4507025807_00010,"3-way match, invoice before GR",2018-04-30 08:00:00+00:00,2018-05-01 16:59:00+00:00,1.3743055555555554,6766.0,R2_50_90,test,SAFE_TO_EXECUTE,grouped_iid,0.969923596099048,0.9806451612903225,0.03007640390095201,0.01935483870967747,SAFE_TO_EXECUTE,0.1378026662704413
4507024138_00010,4507024138_00010,"3-way match, invoice before GR",2018-04-30 08:20:00+00:00,2018-05-01 07:45:00+00:00,0.9756944444444444,9151.0,R3_90_99,test,SAFE_TO_EXECUTE,grouped_iid,0.9783333810630346,0.9949238578680203,0.02166661893696542,0.005076142131979711,SAFE_TO_EXECUTE,0.04599532480368192
4507025380_00020,4507025380_00020,"3-way match, invoice before GR",2018-04-30 08:41:00+00:00,2018-05-01 15:49:00+00:00,1.2972222222222223,196.0,R1_0_50,test,SAFE_TO_EXECUTE,grouped_iid,0.9703235201545201,0.9949238578680203,0.02967647984547994,0.005076142131979711,SAFE_TO_EXECUTE,0.04599532480368192
4507022759_00060,4507022759_00060,"3-way match, invoice before GR",2018-04-30 10:41:00+00:00,2018-04-30 13:36:00+00:00,0.12152777777777778,749.0,R2_50_90,test,SAFE_TO_EXECUTE,grouped_iid,0.9733247865598822,0.9949238578680203,0.026675213440117806,0.005076142131979711,SAFE_TO_EXECUTE,0.04599532480368192
4507025689_00010,4507025689_00010,"3-way match, invoice before GR",2018-04-30 11:12:00+00:00,2018-05-31 07:13:00+00:00,30.834027777777777,297.0,R1_0_50,test,SAFE_TO_EXECUTE,grouped_iid,0.9368059208828985,0.9183673469387755,0.06319407911710151,0.08163265306122447,SAFE_TO_EXECUTE,0.4079059801389762
4507023439_00150,4507023439_00150,"3-way match, invoice before GR",2018-04-30 13:35:00+00:00,2018-04-30 13:40:00+00:00,0.003472222222222222,1500.0,R2_50_90,test,SAFE_TO_EXECUTE,grouped_iid,0.9742992122114174,0.9949238578680203,0.025700787788582646,0.005076142131979711,SAFE_TO_EXECUTE,0.04599532480368192
4507024626_00330,4507024626_00330,"3-way match, invoice before GR",2018-05-01 08:21:00+00:00,2018-05-01 15:48:00+00:00,0.3104166666666667,1073.0,R2_50_90,test,SAFE_TO_EXECUTE,grouped_iid,0.9691780766384859,0.9806451612903225,0.030821923361514125,0.01935483870967747,SAFE_TO_EXECUTE,0.1378026662704413
4507025384_00060,4507025384_00060,"3-way match, invoice before GR",2018-05-01 08:29:00+00:00,2018-05-02 09:33:00+00:00,1.0444444444444445,1195.0,R2_50_90,test,NOT_SAFE_TO_EXECUTE,grouped_iid,0.8895942756452069,0.8884615384615384,0.11040572435479312,0.11153846153846159,SAFE_TO_EXECUTE,0.5045390536984206
4507025384_00140,4507025384_00140,"3-way match, invoice before GR",2018-05-01 08:29:00+00:00,2018-05-02 09:33:00+00:00,1.0444444444444445,212.0,R1_0_50,test,NOT_SAFE_TO_EXECUTE,grouped_iid,0.8898117853412498,0.8884615384615384,0.11018821465875017,0.11153846153846159,SAFE_TO_EXECUTE,0.5045390536984206
4507026106_00020,4507026106_00020,"3-way match, invoice before GR",2018-05-01 09:03:00+00:00,2018-05-01 15:32:00+00:00,0.2701388888888889,521.0,R1_0_50,test,SAFE_TO_EXECUTE,grouped_iid,0.9711653299339752,0.9949238578680203,0.028834670066024803,0.005076142131979711,SAFE_TO_EXECUTE,0.04599532480368192
4507026106_00030,4507026106_00030,"3-way match, invoice before GR",2018-05-01 09:03:00+00:00,2018-05-01 15:32:00+00:00,0.2701388888888889,62.0,R1_0_50,test,SAFE_TO_EXECUTE,grouped_iid,0.9711942984103111,0.9949238578680203,0.02880570158968887,0.005076142131979711,SAFE_TO_EXECUTE,0.04599532480368192
4507026106_00040,4507026106_00040,"3-way match, invoice before GR",2018-05-01 09:03:00+00:00,2018-05-01 15:32:00+00:00,0.2701388888888889,685.0,R2_50_90,test,SAFE_TO_EXECUTE,grouped_iid,0.971154972688862,0.9949238578680203,0.028845027311138027,0.005076142131979711,SAFE_TO_EXECUTE,0.04599532480368192
4507026140_00010,4507026140_00010,"3-way match, invoice before GR",2018-05-01 09:12:00+00:00,2018-05-01 10:07:00+00:00,0.03819444444444445,1742.0,R2_50_90,test,SAFE_TO_EXECUTE,grouped_iid,0.9712092435179955,0.9949238578680203,0.028790756482004465,0.005076142131979711,SAFE_TO_EXECUTE,0.04599532480368192
4507020433_00010,4507020433_00010,"3-way match, invoice before GR",2018-05-01 10:41:00+00:00,2018-05-02 06:17:00+00:00,0.8166666666666667,3824.0,R2_50_90,test,SAFE_TO_EXECUTE,grouped_iid,0.9637835823411058,0.97,0.03621641765889416,0.030000000000000027,SAFE_TO_EXECUTE,0.1943918578315763
4507020433_00020,4507020433_00020,"3-way match, invoice before GR",2018-05-01 10:41:00+00:00,2018-05-02 06:19:00+00:00,0.8180555555555555,8031.0,R3_90_99,test,SAFE_TO_EXECUTE,grouped_iid,0.9634501827171792,0.9602763385146805,0.03654981728282081,0.03972366148531947,SAFE_TO_EXECUTE,0.24102374969289544
2000013593_00003,2000013593_00003,"3-way match, invoice before GR",2018-05-01 11:37:00+00:00,2018-05-02 10:20:00+00:00,0.9465277777777777,63.0,R1_0_50,test,SAFE_TO_EXECUTE,grouped_iid,0.9331490085097106,0.9183673469387755,0.06685099149028939,0.08163265306122447,SAFE_TO_EXECUTE,0.4079059801389762
4507024513_00010,4507024513_00010,"3-way match, invoice before GR",2018-05-01 13:24:00+00:00,2018-05-09 05:50:00+00:00,7.684722222222222,4403.0,R2_50_90,test,SAFE_TO_EXECUTE,grouped_iid,0.9636438680587633,0.9602763385146805,0.03635613194123666,0.03972366148531947,SAFE_TO_EXECUTE,0.24102374969289544
4507021536_00010,4507021536_00010,"3-way match, invoice before GR",2018-05-01 13:30:00+00:00,2018-05-03 05:44:00+00:00,1.676388888888889,924.0,R2_50_90,test,SAFE_TO_EXECUTE,grouped_iid,0.9818600978215624,1.0,0.01813990217843764,0.0,SAFE_TO_EXECUTE,5.123178885069411e-14
4507022884_00010,4507022884_00010,"3-way match, invoice before GR",2018-05-01 13:59:00+00:00,2018-05-04 14:29:00+00:00,3.0208333333333335,24543.0,R3_90_99,test,SAFE_TO_EXECUTE,grouped_iid,0.9223413452775799,0.9183673469387755,0.07765865472242006,0.08163265306122447,SAFE_TO_EXECUTE,0.4079059801389762
4507024760_00020,4507024760_00020,"3-way match, invoice before GR",2018-05-01 14:22:00+00:00,2018-05-14 08:52:00+00:00,12.770833333333334,160.0,R1_0_50,test,SAFE_TO_EXECUTE,grouped_iid,0.9474007376535781,0.9357798165137615,0.05259926234642187,0.06422018348623848,SAFE_TO_EXECUTE,0.34397451435953375
4507019007_00030,4507019007_00030,"3-way match, invoice before GR",2018-05-01 14:28:00+00:00,2018-05-15 07:06:00+00:00,13.693055555555556,409.0,R1_0_50,test,NOT_SAFE_TO_EXECUTE,grouped_iid,0.20691070683904506,0.06666666666666667,0.793089293160955,0.9333333333333333,NOT_SAFE_TO_EXECUTE,0.3533593350214213
4507021787_00010,4507021787_00010,"3-way match, invoice before GR",2018-05-01 14:28:00+00:00,2018-05-02 10:40:00+00:00,0.8416666666666667,9872.0,R3_90_99,test,SAFE_TO_EXECUTE,grouped_iid,0.834798313331279,0.7678571428571429,0.16520168666872104,0.2321428571428571,SAFE_TO_EXECUTE,0.7817281222714539
4507023984_00010,4507023984_00010,"3-way match, invoice before GR",2018-05-01 14:35:00+00:00,2018-05-03 11:27:00+00:00,1.8694444444444445,40945.0,R3_90_99,test,SAFE_TO_EXECUTE,grouped_iid,0.9754180933215483,0.9949238578680203,0.024581906678451726,0.005076142131979711,SAFE_TO_EXECUTE,0.04599532480368192
4507020645_00150,4507020645_00150,"3-way match, invoice before GR",2018-05-01 15:14:00+00:00,2018-05-14 08:56:00+00:00,12.7375,535.0,R1_0_50,test,SAFE_TO_EXECUTE,grouped_iid,0.9375317226230925,0.9357798165137615,0.06246827737690752,0.06422018348623848,SAFE_TO_EXECUTE,0.34397451435953375
4507021966_00020,4507021966_00020,"3-way match, invoice before GR",2018-05-01 15:29:00+00:00,2018-05-14 09:10:00+00:00,12.736805555555556,107.0,R1_0_50,test,SAFE_TO_EXECUTE,grouped_iid,0.9409469892953941,0.9357798165137615,0.05905301070460589,0.06422018348623848,SAFE_TO_EXECUTE,0.34397451435953375
4507021966_00040,4507021966_00040,"3-way match, invoice before GR",2018-05-01 15:29:00+00:00,2018-05-14 09:10:00+00:00,12.736805555555556,89.0,R1_0_50,test,SAFE_TO_EXECUTE,grouped_iid,0.9409492445133105,0.9357798165137615,0.05905075548668948,0.06422018348623848,SAFE_TO_EXECUTE,0.34397451435953375
4507018431_00010,4507018431_00010,"3-way match, invoice before GR",2018-05-01 15:30:00+00:00,2018-05-04 07:25:00+00:00,2.6631944444444446,2726.0,R2_50_90,test,SAFE_TO_EXECUTE,grouped_iid,0.9469384542447584,0.9357798165137615,0.05306154575524158,0.06422018348623848,SAFE_TO_EXECUTE,0.34397451435953375
4507017464_00130,4507017464_00130,"3-way match, invoice before GR",2018-05-01 15:37:00+00:00,2018-05-03 09:22:00+00:00,1.7395833333333333,489.0,R1_0_50,test,SAFE_TO_EXECUTE,grouped_iid,0.9644830425455092,0.97,0.035516957454490794,0.030000000000000027,SAFE_TO_EXECUTE,0.1943918578315763
4507023548_00080,4507023548_00080,"3-way match, invoice before GR",2018-05-01 15:40:00+00:00,2018-05-14 09:00:00+00:00,12.722222222222221,160.0,R1_0_50,test,SAFE_TO_EXECUTE,grouped_iid,0.944490207233678,0.9357798165137615,0.05550979276632195,0.06422018348623848,SAFE_TO_EXECUTE,0.34397451435953375
4507023548_00100,4507023548_00100,"3-way match, invoice before GR",2018-05-01 15:40:00+00:00,2018-05-14 09:00:00+00:00,12.722222222222221,353.0,R1_0_50,test,SAFE_TO_EXECUTE,grouped_iid,0.944467386743809,0.9357798165137615,0.055532613256190966,0.06422018348623848,SAFE_TO_EXECUTE,0.34397451435953375
4507018944_00010,4507018944_00010,"3-way match, invoice before GR",2018-05-01 15:45:00+00:00,2018-05-03 09:41:00+00:00,1.7472222222222222,554.0,R1_0_50,test,SAFE_TO_EXECUTE,grouped_iid,0.9666252443839485,0.97,0.03337475561605152,0.030000000000000027,SAFE_TO_EXECUTE,0.1943918578315763
4507023543_00100,4507023543_00100,"3-way match, invoice before GR",2018-05-01 15:55:00+00:00,2018-05-14 09:03:00+00:00,12.713888888888889,89.0,R1_0_50,test,SAFE_TO_EXECUTE,grouped_iid,0.9445042256855931,0.9357798165137615,0.05549577431440689,0.06422018348623848,SAFE_TO_EXECUTE,0.34397451435953375
4507025297_00020,4507025297_00020,"3-way match, invoice before GR",2018-05-02 07:48:00+00:00,2018-05-03 05:36:00+00:00,0.9083333333333333,322.0,R1_0_50,test,SAFE_TO_EXECUTE,grouped_iid,0.9692052072313094,0.9806451612903225,0.03079479276869057,0.01935483870967747,SAFE_TO_EXECUTE,0.1378026662704413
4507021904_00030,4507021904_00030,"3-way match, invoice before GR",2018-05-02 08:16:00+00:00,2018-05-04 06:42:00+00:00,1.9347222222222222,749.0,R2_50_90,test,SAFE_TO_EXECUTE,grouped_iid,0.951770820082677,0.9602763385146805,0.048229179917323006,0.03972366148531947,SAFE_TO_EXECUTE,0.24102374969289544
4507023850_00010,4507023850_00010,"3-way match, invoice before GR",2018-05-02 08:18:00+00:00,2018-05-14 09:10:00+00:00,12.036111111111111,521.0,R1_0_50,test,SAFE_TO_EXECUTE,grouped_iid,0.8651840564651616,0.8404255319148937,0.1348159435348384,0.15957446808510634,SAFE_TO_EXECUTE,0.6332905746550958
4507026188_00010,4507026188_00010,"3-way match, invoice before GR",2018-05-02 08:26:00+00:00,2018-05-14 11:36:00+00:00,12.131944444444445,70.0,R1_0_50,test,SAFE_TO_EXECUTE,grouped_iid,0.9873815343542821,1.0,0.012618465645717891,0.0,SAFE_TO_EXECUTE,5.123178885069411e-14
4507022855_00020,4507022855_00020,"3-way match, invoice before GR",2018-05-02 08:47:00+00:00,2018-05-03 14:27:00+00:00,1.2361111111111112,45.0,R1_0_50,test,SAFE_TO_EXECUTE,grouped_iid,0.9520876850934058,0.9602763385146805,0.0479123149065942,0.03972366148531947,SAFE_TO_EXECUTE,0.24102374969289544
4507022855_00190,4507022855_00190,"3-way match, invoice before GR",2018-05-02 08:47:00+00:00,2018-05-03 14:27:00+00:00,1.2361111111111112,383.0,R1_0_50,test,SAFE_TO_EXECUTE,grouped_iid,0.9520529068995475,0.9602763385146805,0.04794709310045253,0.03972366148531947,SAFE_TO_EXECUTE,0.24102374969289544
4507022857_00070,4507022857_00070,"3-way match, invoice before GR",2018-05-02 08:55:00+00:00,2018-05-07 10:58:00+00:00,5.085416666666666,822.0,R2_50_90,test,SAFE_TO_EXECUTE,grouped_iid,0.9489425307048354,0.9375,0.05105746929516464,0.0625,SAFE_TO_EXECUTE,0.3372900666170139
4507022857_00140,4507022857_00140,"3-way match, invoice before GR",2018-05-02 08:55:00+00:00,2018-05-07 10:58:00+00:00,5.085416666666666,491.0,R1_0_50,test,SAFE_TO_EXECUTE,grouped_iid,0.9489786798685651,0.9375,0.0510213201314349,0.0625,SAFE_TO_EXECUTE,0.3372900666170139
4507024267_00020,4507024267_00020,"3-way match, invoice before GR",2018-05-02 09:08:00+00:00,2018-05-07 10:26:00+00:00,5.054166666666666,70.0,R1_0_50,test,SAFE_TO_EXECUTE,grouped_iid,0.9518187904116817,0.9602763385146805,0.048181209588318286,0.03972366148531947,SAFE_TO_EXECUTE,0.24102374969289544
4507024267_00040,4507024267_00040,"3-way match, invoice before GR",2018-05-02 09:08:00+00:00,2018-05-07 10:26:00+00:00,5.054166666666666,23.0,R1_0_50,test,SAFE_TO_EXECUTE,grouped_iid,0.9518236502924562,0.9602763385146805,0.04817634970754381,0.03972366148531947,SAFE_TO_EXECUTE,0.24102374969289544
4507024267_00210,4507024267_00210,"3-way match, invoice before GR",2018-05-02 09:08:00+00:00,2018-05-07 10:26:00+00:00,5.054166666666666,368.0,R1_0_50,test,SAFE_TO_EXECUTE,grouped_iid,0.951787965866992,0.9602763385146805,0.04821203413300801,0.03972366148531947,SAFE_TO_EXECUTE,0.24102374969289544
4507017464_00040,4507017464_00040,"3-way match, invoice before GR",2018-05-02 09:19:00+00:00,2018-05-03 09:45:00+00:00,1.0180555555555555,945.0,R2_50_90,test,SAFE_TO_EXECUTE,grouped_iid,0.9648311053559897,0.97,0.035168894644010296,0.030000000000000027,SAFE_TO_EXECUTE,0.1943918578315763
4507023934_00010,4507023934_00010,"3-way match, invoice before GR",2018-05-02 09:32:00+00:00,2018-05-07 10:22:00+00:00,5.034722222222222,111.0,R1_0_50,test,SAFE_TO_EXECUTE,grouped_iid,0.9539969891022986,0.9602763385146805,0.046003010897701424,0.03972366148531947,SAFE_TO_EXECUTE,0.24102374969289544
4507014221_00140,4507014221_00140,"3-way match, invoice before GR",2018-05-02 09:48:00+00:00,2018-05-02 15:40:00+00:00,0.24444444444444444,693.0,R2_50_90,test,SAFE_TO_EXECUTE,grouped_iid,0.9276864813948672,0.9183673469387755,0.0723135186051328,0.08163265306122447,SAFE_TO_EXECUTE,0.4079059801389762
4507021568_00020,4507021568_00020,"3-way match, invoice before GR",2018-05-02 10:04:00+00:00,2018-05-03 09:04:00+00:00,0.9583333333333334,485.0,R1_0_50,test,SAFE_TO_EXECUTE,grouped_iid,0.9710392654302875,0.9949238578680203,0.028960734569712487,0.005076142131979711,SAFE_TO_EXECUTE,0.04599532480368192
4507017464_00150,4507017464_00150,"3-way match, invoice before GR",2018-05-02 10:06:00+00:00,2018-05-03 09:18:00+00:00,0.9666666666666667,1355.0,R2_50_90,test,SAFE_TO_EXECUTE,grouped_iid,0.9648284596088914,0.97,0.03517154039110859,0.030000000000000027,SAFE_TO_EXECUTE,0.1943918578315763
4507025667_00060,4507025667_00060,"3-way match, invoice before GR",2018-05-02 10:20:00+00:00,2018-05-02 15:41:00+00:00,0.22291666666666668,66.0,R1_0_50,test,SAFE_TO_EXECUTE,grouped_iid,0.9700879810128819,0.9806451612903225,0.02991201898711815,0.01935483870967747,SAFE_TO_EXECUTE,0.1378026662704413
4507025667_00080,4507025667_00080,"3-way match, invoice before GR",2018-05-02 10:20:00+00:00,2018-05-02 15:41:00+00:00,0.22291666666666668,98.0,R1_0_50,test,SAFE_TO_EXECUTE,grouped_iid,0.9700858871986845,0.9806451612903225,0.029914112801315507,0.01935483870967747,SAFE_TO_EXECUTE,0.1378026662704413
4507025667_00100,4507025667_00100,"3-way match, invoice before GR",2018-05-02 10:20:00+00:00,2018-05-02 15:41:00+00:00,0.22291666666666668,363.0,R1_0_50,test,SAFE_TO_EXECUTE,grouped_iid,0.9700685423402005,0.9806451612903225,0.029931457659799543,0.01935483870967747,SAFE_TO_EXECUTE,0.1378026662704413
4507025667_00120,4507025667_00120,"3-way match, invoice before GR",2018-05-02 10:20:00+00:00,2018-05-02 15:41:00+00:00,0.22291666666666668,1146.0,R2_50_90,test,SAFE_TO_EXECUTE,grouped_iid,0.970017236228859,0.9806451612903225,0.029982763771140952,0.01935483870967747,SAFE_TO_EXECUTE,0.1378026662704413
4507020245_00090,4507020245_00090,"3-way match, invoice before GR",2018-05-02 10:25:00+00:00,2018-05-02 15:39:00+00:00,0.21805555555555556,4071.0,R2_50_90,test,SAFE_TO_EXECUTE,grouped_iid,0.9626773725339638,0.9602763385146805,0.03732262746603621,0.03972366148531947,SAFE_TO_EXECUTE,0.24102374969289544
4507022857_00180,4507022857_00180,"3-way match, invoice before GR",2018-05-02 11:31:00+00:00,2018-05-03 14:34:00+00:00,1.1270833333333334,440.0,R1_0_50,test,SAFE_TO_EXECUTE,grouped_iid,0.9521246572307733,0.9602763385146805,0.04787534276922667,0.03972366148531947,SAFE_TO_EXECUTE,0.24102374969289544
4507022855_00050,4507022855_00050,"3-way match, invoice before GR",2018-05-02 11:49:00+00:00,2018-05-03 14:17:00+00:00,1.1027777777777779,445.0,R1_0_50,test,NOT_SAFE_TO_EXECUTE,grouped_iid,0.8350872708708548,0.7678571428571429,0.16491272912914523,0.2321428571428571,SAFE_TO_EXECUTE,0.7817281222714539
4507022855_00200,4507022855_00200,"3-way match, invoice before GR",2018-05-02 11:49:00+00:00,2018-05-03 14:20:00+00:00,1.104861111111111,150.0,R1_0_50,test,NOT_SAFE_TO_EXECUTE,grouped_iid,0.835174003813455,0.7678571428571429,0.16482599618654503,0.2321428571428571,SAFE_TO_EXECUTE,0.7817281222714539
4507012029_00010,4507012029_00010,"3-way match, invoice before GR",2018-05-02 11:58:00+00:00,2018-05-15 08:27:00+00:00,12.853472222222223,2174.0,R2_50_90,test,SAFE_TO_EXECUTE,grouped_iid,0.9651296090177346,0.97,0.03487039098226541,0.030000000000000027,SAFE_TO_EXECUTE,0.1943918578315763
4507023676_00010,4507023676_00010,"3-way match, invoice before GR",2018-05-02 11:58:00+00:00,2018-05-04 08:30:00+00:00,1.8555555555555556,223.0,R1_0_50,test,SAFE_TO_EXECUTE,grouped_iid,0.9534258899369074,0.9602763385146805,0.046574110063092644,0.03972366148531947,SAFE_TO_EXECUTE,0.24102374969289544
4507023676_00040,4507023676_00040,"3-way match, invoice before GR",2018-05-02 11:58:00+00:00,2018-05-04 08:30:00+00:00,1.8555555555555556,245.0,R1_0_50,test,SAFE_TO_EXECUTE,grouped_iid,0.9335882818621744,0.9183673469387755,0.06641171813782565,0.08163265306122447,SAFE_TO_EXECUTE,0.4079059801389762
4507024222_00050,4507024222_00050,"3-way match, invoice before GR",2018-05-02 12:11:00+00:00,2018-05-04 12:34:00+00:00,2.015972222222222,69.0,R1_0_50,test,SAFE_TO_EXECUTE,grouped_iid,0.9540744077530204,0.9602763385146805,0.04592559224697956,0.03972366148531947,SAFE_TO_EXECUTE,0.24102374969289544
4507024222_00180,4507024222_00180,"3-way match, invoice before GR",2018-05-02 12:11:00+00:00,2018-05-04 08:52:00+00:00,1.8618055555555555,142.0,R1_0_50,test,SAFE_TO_EXECUTE,grouped_iid,0.9541813810048634,0.9602763385146805,0.04581861899513662,0.03972366148531947,SAFE_TO_EXECUTE,0.24102374969289544
4507022846_00080,4507022846_00080,"3-way match, invoice before GR",2018-05-02 12:29:00+00:00,2018-05-04 08:22:00+00:00,1.8284722222222223,214.0,R1_0_50,test,SAFE_TO_EXECUTE,grouped_iid,0.9515977868000653,0.9555555555555556,0.04840221319993465,0.0444444444444444,SAFE_TO_EXECUTE,0.2623112196143365
4507022846_00150,4507022846_00150,"3-way match, invoice before GR",2018-05-02 12:29:00+00:00,2018-05-04 08:22:00+00:00,1.8284722222222223,302.0,R1_0_50,test,SAFE_TO_EXECUTE,grouped_iid,0.951588646576638,0.9555555555555556,0.048411353423362,0.0444444444444444,SAFE_TO_EXECUTE,0.2623112196143365
4507024311_00010,4507024311_00010,"3-way match, invoice before GR",2018-05-02 12:45:00+00:00,2018-05-04 08:18:00+00:00,1.8145833333333334,43.0,R1_0_50,test,SAFE_TO_EXECUTE,grouped_iid,0.9543002061053407,0.9602763385146805,0.04569979389465928,0.03972366148531947,SAFE_TO_EXECUTE,0.24102374969289544
4507024494_00030,4507024494_00030,"3-way match, invoice before GR",2018-05-02 12:53:00+00:00,2018-05-04 08:37:00+00:00,1.8222222222222222,163.0,R1_0_50,test,SAFE_TO_EXECUTE,grouped_iid,0.954662108953408,0.9602763385146805,0.04533789104659203,0.03972366148531947,SAFE_TO_EXECUTE,0.24102374969289544
4507022277_00010,4507022277_00010,"3-way match, invoice before GR",2018-05-02 13:48:00+00:00,2018-05-03 05:53:00+00:00,0.6701388888888888,45123.0,R3_90_99,test,SAFE_TO_EXECUTE,grouped_iid,0.6071124876294821,0.7333333333333333,0.3928875123705179,0.2666666666666667,SAFE_TO_EXECUTE,0.8366407419411673
4507025080_00090,4507025080_00090,"3-way match, invoice before GR",2018-05-02 14:28:00+00:00,2018-05-08 14:40:00+00:00,6.008333333333334,167.0,R1_0_50,test,SAFE_TO_EXECUTE,grouped_iid,0.9531797356588477,0.9602763385146805,0.04682026434115227,0.03972366148531947,SAFE_TO_EXECUTE,0.24102374969289544
4507024444_00030,4507024444_00030,"3-way match, invoice before GR",2018-05-02 14:34:00+00:00,2018-05-08 14:39:00+00:00,6.003472222222222,379.0,R1_0_50,test,SAFE_TO_EXECUTE,grouped_iid,0.9514148105780462,0.9555555555555556,0.04858518942195378,0.0444444444444444,SAFE_TO_EXECUTE,0.2623112196143365
4507024444_00050,4507024444_00050,"3-way match, invoice before GR",2018-05-02 14:40:00+00:00,2018-05-08 14:39:00+00:00,5.999305555555556,237.0,R1_0_50,test,SAFE_TO_EXECUTE,grouped_iid,0.9514326133278497,0.9555555555555556,0.048567386672150326,0.0444444444444444,SAFE_TO_EXECUTE,0.2623112196143365
4507025677_00080,4507025677_00080,"3-way match, invoice before GR",2018-05-02 15:52:00+00:00,2018-05-03 05:36:00+00:00,0.5722222222222222,403.0,R1_0_50,test,SAFE_TO_EXECUTE,grouped_iid,0.9696451623924035,0.9806451612903225,0.030354837607596497,0.01935483870967747,SAFE_TO_EXECUTE,0.1378026662704413
4507025448_00010,4507025448_00010,"3-way match, invoice before GR",2018-05-03 06:49:00+00:00,2018-05-03 08:36:00+00:00,0.07430555555555556,27061.0,R3_90_99,test,SAFE_TO_EXECUTE,grouped_iid,0.8767365738903133,0.8404255319148937,0.12326342610968666,0.15957446808510634,SAFE_TO_EXECUTE,0.6332905746550958
4507024488_00020,4507024488_00020,"3-way match, invoice before GR",2018-05-03 08:09:00+00:00,2018-05-08 08:50:00+00:00,5.028472222222222,2494.0,R2_50_90,test,SAFE_TO_EXECUTE,grouped_iid,0.9650802672388351,0.97,0.03491973276116489,0.030000000000000027,SAFE_TO_EXECUTE,0.1943918578315763
4507024488_00040,4507024488_00040,"3-way match, invoice before GR",2018-05-03 08:09:00+00:00,2018-05-08 08:50:00+00:00,5.028472222222222,1382.0,R2_50_90,test,SAFE_TO_EXECUTE,grouped_iid,0.9229916859384927,0.9183673469387755,0.07700831406150732,0.08163265306122447,SAFE_TO_EXECUTE,0.4079059801389762
4507026108_00020,4507026108_00020,"3-way match, invoice before GR",2018-05-03 10:04:00+00:00,2018-05-09 15:50:00+00:00,6.240277777777778,321.0,R1_0_50,test,SAFE_TO_EXECUTE,grouped_iid,0.9747502208386918,0.9949238578680203,0.025249779161308217,0.005076142131979711,SAFE_TO_EXECUTE,0.04599532480368192
4507026504_00010,4507026504_00010,"3-way match, invoice before GR",2018-05-03 12:09:00+00:00,2018-05-14 11:36:00+00:00,10.977083333333333,274.0,R1_0_50,test,SAFE_TO_EXECUTE,grouped_iid,0.9875050461806038,1.0,0.012494953819396248,0.0,SAFE_TO_EXECUTE,5.123178885069411e-14
4507026562_00010,4507026562_00010,"3-way match, invoice before GR",2018-05-03 12:10:00+00:00,2018-05-14 11:37:00+00:00,10.977083333333333,129.0,R1_0_50,test,SAFE_TO_EXECUTE,grouped_iid,0.9919348448695781,1.0,0.008065155130421942,0.0,SAFE_TO_EXECUTE,5.123178885069411e-14
4507024817_00020,4507024817_00020,"3-way match, invoice before GR",2018-05-03 12:13:00+00:00,2018-05-08 10:28:00+00:00,4.927083333333333,7424.0,R3_90_99,test,NOT_SAFE_TO_EXECUTE,grouped_iid,0.8359912483261657,0.7678571428571429,0.16400875167383433,0.2321428571428571,SAFE_TO_EXECUTE,0.7817281222714539
4507019896_00010,4507019896_00010,"3-way match, invoice before GR",2018-05-03 13:10:00+00:00,2018-05-04 10:15:00+00:00,0.8784722222222222,4815.0,R2_50_90,test,SAFE_TO_EXECUTE,grouped_iid,0.9217659287237077,0.9183673469387755,0.07823407127629234,0.08163265306122447,SAFE_TO_EXECUTE,0.4079059801389762
4507025501_00020,4507025501_00020,"3-way match, invoice before GR",2018-05-03 14:38:00+00:00,2018-05-07 07:07:00+00:00,3.6868055555555554,608.0,R2_50_90,test,SAFE_TO_EXECUTE,grouped_iid,0.968007081599211,0.9806451612903225,0.031992918400788994,0.01935483870967747,SAFE_TO_EXECUTE,0.1378026662704413
4507025501_00030,4507025501_00030,"3-way match, invoice before GR",2018-05-03 14:38:00+00:00,2018-05-11 08:39:00+00:00,7.750694444444444,301.0,R1_0_50,test,SAFE_TO_EXECUTE,grouped_iid,0.9658303549246683,0.97,0.03416964507533171,0.030000000000000027,SAFE_TO_EXECUTE,0.1943918578315763
4507024124_00010,4507024124_00010,"3-way match, invoice before GR",2018-05-03 14:42:00+00:00,2018-05-04 08:26:00+00:00,0.7388888888888889,2812.0,R2_50_90,test,SAFE_TO_EXECUTE,grouped_iid,0.9506369775848096,0.9555555555555556,0.049363022415190416,0.0444444444444444,SAFE_TO_EXECUTE,0.2623112196143365
4507025679_00030,4507025679_00030,"3-way match, invoice before GR",2018-05-03 14:58:00+00:00,2018-05-03 15:36:00+00:00,0.02638888888888889,581.0,R2_50_90,test,SAFE_TO_EXECUTE,grouped_iid,0.9696248140318369,0.9806451612903225,0.030375185968163132,0.01935483870967747,SAFE_TO_EXECUTE,0.1378026662704413
4507025679_00080,4507025679_00080,"3-way match, invoice before GR",2018-05-03 14:58:00+00:00,2018-05-03 15:36:00+00:00,0.02638888888888889,2544.0,R2_50_90,test,SAFE_TO_EXECUTE,grouped_iid,0.9694941781340146,0.9806451612903225,0.030505821865985383,0.01935483870967747,SAFE_TO_EXECUTE,0.1378026662704413
4507025679_00100,4507025679_00100,"3-way match, invoice before GR",2018-05-03 14:58:00+00:00,2018-05-03 15:36:00+00:00,0.02638888888888889,405.0,R1_0_50,test,SAFE_TO_EXECUTE,grouped_iid,0.9696365001688892,0.9806451612903225,0.030363499831110752,0.01935483870967747,SAFE_TO_EXECUTE,0.1378026662704413
4507025794_00020,4507025794_00020,"3-way match, invoice before GR",2018-05-03 15:25:00+00:00,2018-05-04 09:36:00+00:00,0.7576388888888889,7621.0,R3_90_99,test,SAFE_TO_EXECUTE,grouped_iid,0.9799075548476444,1.0,0.020092445152355642,0.0,SAFE_TO_EXECUTE,5.123178885069411e-14
4507021098_00020,4507021098_00020,"3-way match, invoice before GR",2018-05-04 11:34:00+00:00,2018-05-14 13:17:00+00:00,10.071527777777778,92.0,R1_0_50,test,SAFE_TO_EXECUTE,grouped_iid,0.9670959093737534,0.97,0.03290409062624655,0.030000000000000027,SAFE_TO_EXECUTE,0.1943918578315763
4507019388_00010,4507019388_00010,"3-way match, invoice before GR",2018-05-04 13:25:00+00:00,2018-05-07 13:55:00+00:00,3.0208333333333335,548.0,R1_0_50,test,SAFE_TO_EXECUTE,grouped_iid,0.9474330479520502,0.9357798165137615,0.05256695204794981,0.06422018348623848,SAFE_TO_EXECUTE,0.34397451435953375
4507019388_00020,4507019388_00020,"3-way match, invoice before GR",2018-05-04 13:25:00+00:00,2018-05-07 13:55:00+00:00,3.0208333333333335,977.0,R2_50_90,test,SAFE_TO_EXECUTE,grouped_iid,0.9473848506006379,0.9357798165137615,0.05261514939936207,0.06422018348623848,SAFE_TO_EXECUTE,0.34397451435953375
4507018681_00020,4507018681_00020,"3-way match, invoice before GR",2018-05-04 14:31:00+00:00,2018-06-12 09:43:00+00:00,38.8,51242.0,R4_99_100,test,SAFE_TO_EXECUTE,grouped_iid,0.9991192415519863,1.0,0.0008807584480137187,0.0,SAFE_TO_EXECUTE,5.123178885069411e-14
4507027275_00070,4507027275_00070,"3-way match, invoice before GR",2018-05-07 09:09:00+00:00,2018-05-08 07:12:00+00:00,0.91875,903.0,R2_50_90,test,SAFE_TO_EXECUTE,grouped_iid,0.9707595751440795,0.9949238578680203,0.029240424855920488,0.005076142131979711,SAFE_TO_EXECUTE,0.04599532480368192
4507026662_00010,4507026662_00010,"3-way match, invoice before GR",2018-05-07 09:13:00+00:00,2018-05-07 15:47:00+00:00,0.27361111111111114,6484.0,R2_50_90,test,SAFE_TO_EXECUTE,grouped_iid,0.9701665527140739,0.9806451612903225,0.029833447285926074,0.01935483870967747,SAFE_TO_EXECUTE,0.1378026662704413
4507023993_00010,4507023993_00010,"3-way match, invoice before GR",2018-05-07 10:26:00+00:00,2018-05-18 05:24:00+00:00,10.790277777777778,21911.0,R3_90_99,test,SAFE_TO_EXECUTE,grouped_iid,0.6040086961425498,0.7333333333333333,0.3959913038574502,0.2666666666666667,SAFE_TO_EXECUTE,0.8366407419411673
4507023836_00030,4507023836_00030,"3-way match, invoice before GR",2018-05-07 11:02:00+00:00,2018-05-07 11:48:00+00:00,0.03194444444444444,220.0,R1_0_50,test,SAFE_TO_EXECUTE,grouped_iid,0.9537207625095163,0.9602763385146805,0.04627923749048368,0.03972366148531947,SAFE_TO_EXECUTE,0.24102374969289544
4507023836_00050,4507023836_00050,"3-way match, invoice before GR",2018-05-07 11:02:00+00:00,2018-05-07 11:48:00+00:00,0.03194444444444444,407.0,R1_0_50,test,SAFE_TO_EXECUTE,grouped_iid,0.9537021481239216,0.9602763385146805,0.04629785187607838,0.03972366148531947,SAFE_TO_EXECUTE,0.24102374969289544
4507023836_00060,4507023836_00060,"3-way match, invoice before GR",2018-05-07 11:02:00+00:00,2018-05-07 11:48:00+00:00,0.03194444444444444,142.0,R1_0_50,test,SAFE_TO_EXECUTE,grouped_iid,0.9537285246939545,0.9602763385146805,0.04627147530604547,0.03972366148531947,SAFE_TO_EXECUTE,0.24102374969289544
4507024495_00220,4507024495_00220,"3-way match, invoice before GR",2018-05-07 11:24:00+00:00,2018-05-07 11:43:00+00:00,0.013194444444444444,353.0,R1_0_50,test,SAFE_TO_EXECUTE,grouped_iid,0.9546139914358857,0.9602763385146805,0.045386008564114344,0.03972366148531947,SAFE_TO_EXECUTE,0.24102374969289544
4507024785_00410,4507024785_00410,"3-way match, invoice before GR",2018-05-07 11:33:00+00:00,2018-05-15 07:35:00+00:00,7.834722222222222,371.0,R1_0_50,test,SAFE_TO_EXECUTE,grouped_iid,0.9268376744194589,0.9183673469387755,0.07316232558054114,0.08163265306122447,SAFE_TO_EXECUTE,0.4079059801389762
4507024714_00040,4507024714_00040,"3-way match, invoice before GR",2018-05-07 12:22:00+00:00,2018-05-08 09:38:00+00:00,0.8861111111111111,151.0,R1_0_50,test,SAFE_TO_EXECUTE,grouped_iid,0.954818459751611,0.9602763385146805,0.04518154024838905,0.03972366148531947,SAFE_TO_EXECUTE,0.24102374969289544
4507023819_00070,4507023819_00070,"3-way match, invoice before GR",2018-05-07 12:31:00+00:00,2018-05-08 09:35:00+00:00,0.8777777777777778,301.0,R1_0_50,test,SAFE_TO_EXECUTE,grouped_iid,0.9526982126839886,0.9602763385146805,0.04730178731601142,0.03972366148531947,SAFE_TO_EXECUTE,0.24102374969289544
4507025294_00060,4507025294_00060,"3-way match, invoice before GR",2018-05-07 13:31:00+00:00,2018-05-07 15:46:00+00:00,0.09375,60.0,R1_0_50,test,SAFE_TO_EXECUTE,grouped_iid,0.9757842402108474,0.9949238578680203,0.02421575978915258,0.005076142131979711,SAFE_TO_EXECUTE,0.04599532480368192
4507026976_00100,4507026976_00100,"3-way match, invoice before GR",2018-05-07 13:36:00+00:00,2018-05-14 11:37:00+00:00,6.917361111111111,145.0,R1_0_50,test,SAFE_TO_EXECUTE,grouped_iid,0.9883047335625196,1.0,0.011695266437480423,0.0,SAFE_TO_EXECUTE,5.123178885069411e-14
4507022487_00200,4507022487_00200,"3-way match, invoice before GR",2018-05-07 13:55:00+00:00,2018-05-08 11:50:00+00:00,0.9131944444444444,615.0,R2_50_90,test,SAFE_TO_EXECUTE,grouped_iid,0.9709258078641317,0.9949238578680203,0.02907419213586826,0.005076142131979711,SAFE_TO_EXECUTE,0.04599532480368192
4507023996_00010,4507023996_00010,"3-way match, invoice before GR",2018-05-07 14:13:00+00:00,2018-06-29 12:17:00+00:00,52.919444444444444,21911.0,R3_90_99,test,SAFE_TO_EXECUTE,grouped_iid,0.41973263356684976,0.06666666666666667,0.5802673664331502,0.9333333333333333,NOT_SAFE_TO_EXECUTE,0.3533593350214213
4507022714_00020,4507022714_00020,"3-way match, invoice before GR",2018-05-07 15:32:00+00:00,2018-05-14 06:09:00+00:00,6.6090277777777775,2701.0,R2_50_90,test,SAFE_TO_EXECUTE,grouped_iid,0.9454910516158763,0.9357798165137615,0.05450894838412368,0.06422018348623848,SAFE_TO_EXECUTE,0.34397451435953375
4507023518_00010,4507023518_00010,"3-way match, invoice before GR",2018-05-07 15:37:00+00:00,2018-05-14 06:11:00+00:00,6.606944444444444,356.0,R1_0_50,test,SAFE_TO_EXECUTE,grouped_iid,0.9480510104166782,0.9357798165137615,0.051948989583321836,0.06422018348623848,SAFE_TO_EXECUTE,0.34397451435953375
4507024503_00010,4507024503_00010,"3-way match, invoice before GR",2018-05-07 15:41:00+00:00,2018-05-08 09:25:00+00:00,0.7388888888888889,2430.0,R2_50_90,test,SAFE_TO_EXECUTE,grouped_iid,0.9728133950838516,0.9949238578680203,0.027186604916148438,0.005076142131979711,SAFE_TO_EXECUTE,0.04599532480368192
4507021920_00010,4507021920_00010,"3-way match, invoice before GR",2018-05-08 08:41:00+00:00,2018-05-14 07:24:00+00:00,5.946527777777778,14210.0,R3_90_99,test,SAFE_TO_EXECUTE,grouped_iid,0.9757492990111721,0.9949238578680203,0.024250700988827867,0.005076142131979711,SAFE_TO_EXECUTE,0.04599532480368192
4507026656_00010,4507026656_00010,"3-way match, invoice before GR",2018-05-08 10:36:00+00:00,2018-05-09 15:48:00+00:00,1.2166666666666666,63.0,R1_0_50,test,SAFE_TO_EXECUTE,grouped_iid,0.9768717275871561,0.9949238578680203,0.023128272412843875,0.005076142131979711,SAFE_TO_EXECUTE,0.04599532480368192
4507026656_00170,4507026656_00170,"3-way match, invoice before GR",2018-05-08 10:36:00+00:00,2018-05-09 15:48:00+00:00,1.2166666666666666,77.0,R1_0_50,test,SAFE_TO_EXECUTE,grouped_iid,0.9768710143534038,0.9949238578680203,0.023128985646596156,0.005076142131979711,SAFE_TO_EXECUTE,0.04599532480368192
4507026656_00190,4507026656_00190,"3-way match, invoice before GR",2018-05-08 10:36:00+00:00,2018-05-09 15:48:00+00:00,1.2166666666666666,3856.0,R2_50_90,test,SAFE_TO_EXECUTE,grouped_iid,0.97667770495482,0.9949238578680203,0.02332229504518002,0.005076142131979711,SAFE_TO_EXECUTE,0.04599532480368192
4507023881_00030,4507023881_00030,"3-way match, invoice before GR",2018-05-08 14:22:00+00:00,2018-05-09 09:10:00+00:00,0.7833333333333333,277.0,R1_0_50,test,SAFE_TO_EXECUTE,grouped_iid,0.9516011300827142,0.9555555555555556,0.048398869917285814,0.0444444444444444,SAFE_TO_EXECUTE,0.2623112196143365
4507023881_00080,4507023881_00080,"3-way match, invoice before GR",2018-05-08 14:22:00+00:00,2018-05-09 09:10:00+00:00,0.7833333333333333,366.0,R1_0_50,test,SAFE_TO_EXECUTE,grouped_iid,0.9515918865897339,0.9555555555555556,0.048408113410266074,0.0444444444444444,SAFE_TO_EXECUTE,0.2623112196143365
4507025437_00010,4507025437_00010,"3-way match, invoice before GR",2018-05-08 16:13:00+00:00,2018-05-09 09:14:00+00:00,0.7090277777777778,138.0,R1_0_50,test,SAFE_TO_EXECUTE,grouped_iid,0.9546499604149773,0.9602763385146805,0.045350039585022706,0.03972366148531947,SAFE_TO_EXECUTE,0.24102374969289544
4507025437_00020,4507025437_00020,"3-way match, invoice before GR",2018-05-08 16:13:00+00:00,2018-05-09 09:14:00+00:00,0.7090277777777778,223.0,R1_0_50,test,SAFE_TO_EXECUTE,grouped_iid,0.9546416619994286,0.9602763385146805,0.04535833800057143,0.03972366148531947,SAFE_TO_EXECUTE,0.24102374969289544
4507025568_00010,4507025568_00010,"3-way match, invoice before GR",2018-05-09 07:42:00+00:00,2018-05-09 08:42:00+00:00,0.041666666666666664,557.0,R1_0_50,test,SAFE_TO_EXECUTE,grouped_iid,0.9735729501434658,0.9949238578680203,0.026427049856534213,0.005076142131979711,SAFE_TO_EXECUTE,0.04599532480368192
4507026286_00030,4507026286_00030,"3-way match, invoice before GR",2018-05-09 11:01:00+00:00,2018-05-14 11:37:00+00:00,5.025,25.0,R1_0_50,test,SAFE_TO_EXECUTE,grouped_iid,0.9814431256901318,1.0,0.018556874309868188,0.0,SAFE_TO_EXECUTE,5.123178885069411e-14
4507026286_00060,4507026286_00060,"3-way match, invoice before GR",2018-05-09 11:01:00+00:00,2018-05-14 11:37:00+00:00,5.025,45.0,R1_0_50,test,SAFE_TO_EXECUTE,grouped_iid,0.9814423043444698,1.0,0.018557695655530226,0.0,SAFE_TO_EXECUTE,5.123178885069411e-14
4507018763_00090,4507018763_00090,"3-way match, invoice before GR",2018-05-09 12:09:00+00:00,2018-05-14 09:40:00+00:00,4.896527777777778,4374.0,R2_50_90,test,SAFE_TO_EXECUTE,grouped_iid,0.9154450798035944,0.9183673469387755,0.08455492019640565,0.08163265306122447,SAFE_TO_EXECUTE,0.4079059801389762
4507022723_00010,4507022723_00010,"3-way match, invoice before GR",2018-05-09 12:38:00+00:00,2018-05-14 07:49:00+00:00,4.799305555555556,107.0,R1_0_50,test,SAFE_TO_EXECUTE,grouped_iid,0.945544900066599,0.9357798165137615,0.05445509993340103,0.06422018348623848,SAFE_TO_EXECUTE,0.34397451435953375
4507025412_00020,4507025412_00020,"3-way match, invoice before GR",2018-05-09 14:05:00+00:00,2018-05-14 07:50:00+00:00,4.739583333333333,267.0,R1_0_50,test,SAFE_TO_EXECUTE,grouped_iid,0.9515235667628171,0.9555555555555556,0.04847643323718287,0.0444444444444444,SAFE_TO_EXECUTE,0.2623112196143365
4507026348_00010,4507026348_00010,"3-way match, invoice before GR",2018-05-09 14:59:00+00:00,2018-05-16 08:20:00+00:00,6.722916666666666,19398.0,R3_90_99,test,SAFE_TO_EXECUTE,grouped_iid,0.9768273331631099,0.9949238578680203,0.02317266683689012,0.005076142131979711,SAFE_TO_EXECUTE,0.04599532480368192
4507026416_00030,4507026416_00030,"3-way match, invoice before GR",2018-05-09 15:23:00+00:00,2018-05-14 11:38:00+00:00,4.84375,28.0,R1_0_50,test,SAFE_TO_EXECUTE,grouped_iid,0.9815326975178222,1.0,0.01846730248217776,0.0,SAFE_TO_EXECUTE,5.123178885069411e-14
4507026416_00060,4507026416_00060,"3-way match, invoice before GR",2018-05-09 15:23:00+00:00,2018-05-14 11:38:00+00:00,4.84375,22.0,R1_0_50,test,SAFE_TO_EXECUTE,grouped_iid,0.981532942747617,1.0,0.018467057252382957,0.0,SAFE_TO_EXECUTE,5.123178885069411e-14
4507015463_00020,4507015463_00020,"3-way match, invoice before GR",2018-05-10 08:08:00+00:00,2018-05-11 03:59:00+00:00,0.8270833333333333,21526.0,R3_90_99,test,SAFE_TO_EXECUTE,grouped_iid,0.9770858614506795,0.9949238578680203,0.02291413854932045,0.005076142131979711,SAFE_TO_EXECUTE,0.04599532480368192
4507026454_00010,4507026454_00010,"3-way match, invoice before GR",2018-05-10 08:26:00+00:00,2018-05-15 07:23:00+00:00,4.95625,42556.0,R3_90_99,test,NOT_SAFE_TO_EXECUTE,grouped_iid,0.8887787371588172,0.8884615384615384,0.11122126284118283,0.11153846153846159,SAFE_TO_EXECUTE,0.5045390536984206
4507026768_00010,4507026768_00010,"3-way match, invoice before GR",2018-05-10 08:33:00+00:00,2018-05-18 07:23:00+00:00,7.951388888888889,22343.0,R3_90_99,test,SAFE_TO_EXECUTE,grouped_iid,0.8118822467673412,0.7678571428571429,0.18811775323265878,0.2321428571428571,SAFE_TO_EXECUTE,0.7817281222714539
4507019906_00010,4507019906_00010,"3-way match, invoice before GR",2018-05-10 09:09:00+00:00,2018-05-14 12:10:00+00:00,4.125694444444444,2688.0,R2_50_90,test,SAFE_TO_EXECUTE,grouped_iid,0.9434402281708059,0.9357798165137615,0.05655977182919414,0.06422018348623848,SAFE_TO_EXECUTE,0.34397451435953375
4507022885_00010,4507022885_00010,"3-way match, invoice before GR",2018-05-10 09:22:00+00:00,2018-05-10 15:56:00+00:00,0.27361111111111114,12048.0,R3_90_99,test,SAFE_TO_EXECUTE,grouped_iid,0.9745862592894606,0.9949238578680203,0.025413740710539368,0.005076142131979711,SAFE_TO_EXECUTE,0.04599532480368192
4507025534_00010,4507025534_00010,"3-way match, invoice before GR",2018-05-10 09:41:00+00:00,2018-05-10 14:34:00+00:00,0.20347222222222222,45123.0,R3_90_99,test,SAFE_TO_EXECUTE,grouped_iid,0.6305803957394868,0.7333333333333333,0.36941960426051323,0.2666666666666667,SAFE_TO_EXECUTE,0.8366407419411673
4507024765_00010,4507024765_00010,"3-way match, invoice before GR",2018-05-10 09:54:00+00:00,2018-05-17 11:56:00+00:00,7.084722222222222,9812.0,R3_90_99,test,SAFE_TO_EXECUTE,grouped_iid,0.9243929025662259,0.9183673469387755,0.07560709743377414,0.08163265306122447,SAFE_TO_EXECUTE,0.4079059801389762
4507020424_00030,4507020424_00030,"3-way match, invoice before GR",2018-05-10 10:07:00+00:00,2018-05-14 10:37:00+00:00,4.020833333333333,446.0,R1_0_50,test,SAFE_TO_EXECUTE,grouped_iid,0.965053645875445,0.97,0.034946354124555046,0.030000000000000027,SAFE_TO_EXECUTE,0.1943918578315763
4507024199_00010,4507024199_00010,"3-way match, invoice before GR",2018-05-10 10:39:00+00:00,2018-05-15 12:21:00+00:00,5.070833333333334,16777.0,R3_90_99,test,SAFE_TO_EXECUTE,grouped_iid,0.974331802538683,0.9949238578680203,0.02566819746131699,0.005076142131979711,SAFE_TO_EXECUTE,0.04599532480368192
4507017342_00010,4507017342_00010,"3-way match, invoice before GR",2018-05-10 10:45:00+00:00,2018-05-14 07:32:00+00:00,3.865972222222222,107955.0,R4_99_100,test,SAFE_TO_EXECUTE,grouped_iid,0.9775798327691555,0.9949238578680203,0.0224201672308445,0.005076142131979711,SAFE_TO_EXECUTE,0.04599532480368192
4507027563_00010,4507027563_00010,"3-way match, invoice before GR",2018-05-10 12:23:00+00:00,2018-05-28 13:06:00+00:00,18.02986111111111,60798.0,R4_99_100,test,NOT_SAFE_TO_EXECUTE,grouped_iid,0.9192865157616184,0.9183673469387755,0.08071348423838165,0.08163265306122447,SAFE_TO_EXECUTE,0.4079059801389762
4507027572_00010,4507027572_00010,"3-way match, invoice before GR",2018-05-10 12:25:00+00:00,2018-05-14 09:30:00+00:00,3.8784722222222223,2559.0,R2_50_90,test,SAFE_TO_EXECUTE,grouped_iid,0.986145753993556,1.0,0.013854246006444026,0.0,SAFE_TO_EXECUTE,5.123178885069411e-14
4507025058_00010,4507025058_00010,"3-way match, invoice before GR",2018-05-10 12:32:00+00:00,2018-05-14 09:53:00+00:00,3.8895833333333334,25859.0,R3_90_99,test,NOT_SAFE_TO_EXECUTE,grouped_iid,0.9241340336698172,0.9183673469387755,0.07586596633018283,0.08163265306122447,SAFE_TO_EXECUTE,0.4079059801389762
4507025058_00020,4507025058_00020,"3-way match, invoice before GR",2018-05-10 12:32:00+00:00,2018-05-14 09:53:00+00:00,3.8895833333333334,4676.0,R2_50_90,test,SAFE_TO_EXECUTE,grouped_iid,0.9692691426015607,0.9806451612903225,0.030730857398439282,0.01935483870967747,SAFE_TO_EXECUTE,0.1378026662704413
4507026532_00180,4507026532_00180,"3-way match, invoice before GR",2018-05-10 13:23:00+00:00,2018-05-18 11:08:00+00:00,7.90625,122.0,R1_0_50,test,SAFE_TO_EXECUTE,grouped_iid,0.9508948970804799,0.9555555555555556,0.04910510291952008,0.0444444444444444,SAFE_TO_EXECUTE,0.2623112196143365
4507025439_00020,4507025439_00020,"3-way match, invoice before GR",2018-05-10 13:32:00+00:00,2018-05-14 07:59:00+00:00,3.76875,446.0,R1_0_50,test,SAFE_TO_EXECUTE,grouped_iid,0.9514525313180416,0.9555555555555556,0.04854746868195836,0.0444444444444444,SAFE_TO_EXECUTE,0.2623112196143365
4507025439_00050,4507025439_00050,"3-way match, invoice before GR",2018-05-10 13:32:00+00:00,2018-05-14 07:59:00+00:00,3.76875,554.0,R1_0_50,test,SAFE_TO_EXECUTE,grouped_iid,0.9514412815958635,0.9555555555555556,0.0485587184041365,0.0444444444444444,SAFE_TO_EXECUTE,0.2623112196143365
4507025128_00040,4507025128_00040,"3-way match, invoice before GR",2018-05-10 13:49:00+00:00,2018-05-14 12:59:00+00:00,3.9652777777777777,843.0,R2_50_90,test,SAFE_TO_EXECUTE,grouped_iid,0.9508261279501896,0.9555555555555556,0.049173872049810385,0.0444444444444444,SAFE_TO_EXECUTE,0.2623112196143365
4507025128_00060,4507025128_00060,"3-way match, invoice before GR",2018-05-10 13:49:00+00:00,2018-05-14 12:59:00+00:00,3.9652777777777777,411.0,R1_0_50,test,SAFE_TO_EXECUTE,grouped_iid,0.9508716524443453,0.9555555555555556,0.04912834755565465,0.0444444444444444,SAFE_TO_EXECUTE,0.2623112196143365
4507025128_00070,4507025128_00070,"3-way match, invoice before GR",2018-05-10 13:49:00+00:00,2018-05-14 12:59:00+00:00,3.9652777777777777,479.0,R1_0_50,test,SAFE_TO_EXECUTE,grouped_iid,0.95086448920318,0.9555555555555556,0.04913551079681999,0.0444444444444444,SAFE_TO_EXECUTE,0.2623112196143365
4507026026_00010,4507026026_00010,"3-way match, invoice before GR",2018-05-10 15:24:00+00:00,2018-05-11 11:52:00+00:00,0.8527777777777777,277.0,R1_0_50,test,SAFE_TO_EXECUTE,grouped_iid,0.9585362909933107,0.9602763385146805,0.041463709006689276,0.03972366148531947,SAFE_TO_EXECUTE,0.24102374969289544
4507026026_00020,4507026026_00020,"3-way match, invoice before GR",2018-05-10 15:24:00+00:00,2018-05-11 11:52:00+00:00,0.8527777777777777,357.0,R1_0_50,test,SAFE_TO_EXECUTE,grouped_iid,0.9585291209926265,0.9602763385146805,0.04147087900737345,0.03972366148531947,SAFE_TO_EXECUTE,0.24102374969289544
4507022721_00010,4507022721_00010,"3-way match, invoice before GR",2018-05-10 15:31:00+00:00,2018-05-10 17:13:00+00:00,0.07083333333333333,1358.0,R2_50_90,test,SAFE_TO_EXECUTE,grouped_iid,0.94909961609531,0.9375,0.05090038390468998,0.0625,SAFE_TO_EXECUTE,0.3372900666170139
4507026041_00080,4507026041_00080,"3-way match, invoice before GR",2018-05-10 15:48:00+00:00,2018-05-18 11:10:00+00:00,7.8069444444444445,123.0,R1_0_50,test,SAFE_TO_EXECUTE,grouped_iid,0.9491794238488999,0.9555555555555556,0.05082057615110014,0.0444444444444444,SAFE_TO_EXECUTE,0.2623112196143365
4507023930_00020,4507023930_00020,"3-way match, invoice before GR",2018-05-11 05:35:00+00:00,2018-05-15 08:27:00+00:00,4.1194444444444445,825.0,R2_50_90,test,SAFE_TO_EXECUTE,grouped_iid,0.9711834981998362,0.9949238578680203,0.02881650180016382,0.005076142131979711,SAFE_TO_EXECUTE,0.04599532480368192
4507020527_00020,4507020527_00020,"3-way match, invoice before GR",2018-05-11 05:51:00+00:00,2018-05-14 16:09:00+00:00,3.4291666666666667,2057.0,R2_50_90,test,SAFE_TO_EXECUTE,grouped_iid,0.9581894041999708,0.9602763385146805,0.041810595800029215,0.03972366148531947,SAFE_TO_EXECUTE,0.24102374969289544
4507027996_00040,4507027996_00040,"3-way match, invoice before GR",2018-05-11 08:11:00+00:00,2018-05-15 06:49:00+00:00,3.9430555555555555,116.0,R1_0_50,test,SAFE_TO_EXECUTE,grouped_iid,0.9693612094271261,0.9806451612903225,0.030638790572873886,0.01935483870967747,SAFE_TO_EXECUTE,0.1378026662704413
4507027227_00010,4507027227_00010,"3-way match, invoice before GR",2018-05-11 08:26:00+00:00,2018-05-15 09:20:00+00:00,4.0375,152.0,R1_0_50,test,SAFE_TO_EXECUTE,grouped_iid,0.9676621670918228,0.9806451612903225,0.032337832908177155,0.01935483870967747,SAFE_TO_EXECUTE,0.1378026662704413
4507027227_00020,4507027227_00020,"3-way match, invoice before GR",2018-05-11 08:26:00+00:00,2018-05-15 09:24:00+00:00,4.040277777777778,107.0,R1_0_50,test,SAFE_TO_EXECUTE,grouped_iid,0.9676638713478708,0.9806451612903225,0.032336128652129204,0.01935483870967747,SAFE_TO_EXECUTE,0.1378026662704413
4507027501_00010,4507027501_00010,"3-way match, invoice before GR",2018-05-11 09:17:00+00:00,2018-05-14 11:36:00+00:00,3.0965277777777778,467.0,R1_0_50,test,SAFE_TO_EXECUTE,grouped_iid,0.9865696846502872,1.0,0.01343031534971284,0.0,SAFE_TO_EXECUTE,5.123178885069411e-14
4507027717_00020,4507027717_00020,"3-way match, invoice before GR",2018-05-11 09:56:00+00:00,2018-05-14 06:19:00+00:00,2.8493055555555555,548.0,R1_0_50,test,SAFE_TO_EXECUTE,grouped_iid,0.9481005312157476,0.9357798165137615,0.051899468784252445,0.06422018348623848,SAFE_TO_EXECUTE,0.34397451435953375
4507026010_00050,4507026010_00050,"3-way match, invoice before GR",2018-05-11 11:09:00+00:00,2018-05-18 07:49:00+00:00,6.861111111111111,4012.0,R2_50_90,test,SAFE_TO_EXECUTE,grouped_iid,0.963801424329726,0.97,0.03619857567027396,0.030000000000000027,SAFE_TO_EXECUTE,0.1943918578315763
4507026010_00080,4507026010_00080,"3-way match, invoice before GR",2018-05-11 11:09:00+00:00,2018-05-18 07:49:00+00:00,6.861111111111111,3161.0,R2_50_90,test,SAFE_TO_EXECUTE,grouped_iid,0.9638683108669375,0.97,0.03613168913306253,0.030000000000000027,SAFE_TO_EXECUTE,0.1943918578315763
4507026041_00110,4507026041_00110,"3-way match, invoice before GR",2018-05-11 13:04:00+00:00,2018-05-18 11:10:00+00:00,6.920833333333333,176.0,R1_0_50,test,SAFE_TO_EXECUTE,grouped_iid,0.9498365577382217,0.9555555555555556,0.05016344226177827,0.0444444444444444,SAFE_TO_EXECUTE,0.2623112196143365
4507026643_00080,4507026643_00080,"3-way match, invoice before GR",2018-05-11 13:43:00+00:00,2018-05-14 14:33:00+00:00,3.0347222222222223,1665.0,R2_50_90,test,SAFE_TO_EXECUTE,grouped_iid,0.9733300775235055,0.9949238578680203,0.026669922476494468,0.005076142131979711,SAFE_TO_EXECUTE,0.04599532480368192
4507025425_00050,4507025425_00050,"3-way match, invoice before GR",2018-05-11 15:17:00+00:00,2018-05-14 07:30:00+00:00,2.6756944444444444,3161.0,R2_50_90,test,SAFE_TO_EXECUTE,grouped_iid,0.967231413401467,0.97,0.03276858659853299,0.030000000000000027,SAFE_TO_EXECUTE,0.1943918578315763
4507026014_00070,4507026014_00070,"3-way match, invoice before GR",2018-05-14 04:20:00+00:00,2018-05-18 11:13:00+00:00,4.2868055555555555,458.0,R1_0_50,test,SAFE_TO_EXECUTE,grouped_iid,0.954745011380358,0.9602763385146805,0.045254988619641945,0.03972366148531947,SAFE_TO_EXECUTE,0.24102374969289544
4507027099_00010,4507027099_00010,"3-way match, invoice before GR",2018-05-14 13:49:00+00:00,2018-05-14 14:29:00+00:00,0.027777777777777776,907.0,R2_50_90,test,SAFE_TO_EXECUTE,grouped_iid,0.9692510819784006,0.9806451612903225,0.030748918021599403,0.01935483870967747,SAFE_TO_EXECUTE,0.1378026662704413
4507022443_00010,4507022443_00010,"3-way match, invoice before GR",2018-05-14 15:32:00+00:00,2018-05-15 09:14:00+00:00,0.7375,3962.0,R2_50_90,test,SAFE_TO_EXECUTE,grouped_iid,0.8868926492396149,0.8884615384615384,0.11310735076038514,0.11153846153846159,SAFE_TO_EXECUTE,0.5045390536984206
4507027033_00020,4507027033_00020,"3-way match, invoice before GR",2018-05-15 07:52:00+00:00,2018-05-18 11:18:00+00:00,3.1430555555555557,125.0,R1_0_50,test,SAFE_TO_EXECUTE,grouped_iid,0.9532874240866417,0.9602763385146805,0.04671257591335831,0.03972366148531947,SAFE_TO_EXECUTE,0.24102374969289544
4507027805_00060,4507027805_00060,"3-way match, invoice before GR",2018-05-15 08:02:00+00:00,2018-05-18 11:16:00+00:00,3.1347222222222224,229.0,R1_0_50,test,SAFE_TO_EXECUTE,grouped_iid,0.9553568766362704,0.9602763385146805,0.04464312336372955,0.03972366148531947,SAFE_TO_EXECUTE,0.24102374969289544
4507027805_00080,4507027805_00080,"3-way match, invoice before GR",2018-05-15 08:03:00+00:00,2018-05-18 11:16:00+00:00,3.134027777777778,125.0,R1_0_50,test,SAFE_TO_EXECUTE,grouped_iid,0.9553673392269237,0.9602763385146805,0.04463266077307626,0.03972366148531947,SAFE_TO_EXECUTE,0.24102374969289544
4507027023_00010,4507027023_00010,"3-way match, invoice before GR",2018-05-15 08:06:00+00:00,2018-05-18 11:17:00+00:00,3.1326388888888888,235.0,R1_0_50,test,SAFE_TO_EXECUTE,grouped_iid,0.9532824721022034,0.9602763385146805,0.046717527897796596,0.03972366148531947,SAFE_TO_EXECUTE,0.24102374969289544
4507028020_00040,4507028020_00040,"3-way match, invoice before GR",2018-05-15 09:03:00+00:00,2018-05-16 07:28:00+00:00,0.9340277777777778,30.0,R1_0_50,test,SAFE_TO_EXECUTE,grouped_iid,0.9524429096097075,0.9602763385146805,0.047557090390292545,0.03972366148531947,SAFE_TO_EXECUTE,0.24102374969289544
4507028020_00050,4507028020_00050,"3-way match, invoice before GR",2018-05-15 09:03:00+00:00,2018-05-16 07:28:00+00:00,0.9340277777777778,1058.0,R2_50_90,test,SAFE_TO_EXECUTE,grouped_iid,0.9694373084090258,0.9806451612903225,0.030562691590974245,0.01935483870967747,SAFE_TO_EXECUTE,0.1378026662704413
4507028020_00070,4507028020_00070,"3-way match, invoice before GR",2018-05-15 09:03:00+00:00,2018-05-16 07:28:00+00:00,0.9340277777777778,245.0,R1_0_50,test,SAFE_TO_EXECUTE,grouped_iid,0.9694915765260478,0.9806451612903225,0.030508423473952218,0.01935483870967747,SAFE_TO_EXECUTE,0.1378026662704413
4507028020_00100,4507028020_00100,"3-way match, invoice before GR",2018-05-15 09:03:00+00:00,2018-05-16 07:28:00+00:00,0.9340277777777778,1778.0,R2_50_90,test,SAFE_TO_EXECUTE,grouped_iid,0.9693891700344698,0.9806451612903225,0.030610829965530217,0.01935483870967747,SAFE_TO_EXECUTE,0.1378026662704413
4507028020_00110,4507028020_00110,"3-way match, invoice before GR",2018-05-15 09:03:00+00:00,2018-05-16 07:28:00+00:00,0.9340277777777778,545.0,R1_0_50,test,SAFE_TO_EXECUTE,grouped_iid,0.9694715622644228,0.9806451612903225,0.03052843773557723,0.01935483870967747,SAFE_TO_EXECUTE,0.1378026662704413
4507028020_00120,4507028020_00120,"3-way match, invoice before GR",2018-05-15 09:03:00+00:00,2018-05-16 07:28:00+00:00,0.9340277777777778,96.0,R1_0_50,test,SAFE_TO_EXECUTE,grouped_iid,0.9524361683045589,0.9602763385146805,0.047563831695441094,0.03972366148531947,SAFE_TO_EXECUTE,0.24102374969289544
4507022724_00080,4507022724_00080,"3-way match, invoice before GR",2018-05-15 09:19:00+00:00,2018-05-17 09:37:00+00:00,2.0125,696.0,R2_50_90,test,SAFE_TO_EXECUTE,grouped_iid,0.9212060066402554,0.9183673469387755,0.07879399335974457,0.08163265306122447,SAFE_TO_EXECUTE,0.4079059801389762
4507023889_00050,4507023889_00050,"3-way match, invoice before GR",2018-05-15 09:24:00+00:00,2018-05-17 10:36:00+00:00,2.05,240.0,R1_0_50,test,SAFE_TO_EXECUTE,grouped_iid,0.9473793346005348,0.9357798165137615,0.052620665399465194,0.06422018348623848,SAFE_TO_EXECUTE,0.34397451435953375
4507023889_00060,4507023889_00060,"3-way match, invoice before GR",2018-05-15 09:24:00+00:00,2018-05-17 09:32:00+00:00,2.0055555555555555,879.0,R2_50_90,test,SAFE_TO_EXECUTE,grouped_iid,0.9473453188203735,0.9357798165137615,0.05265468117962646,0.06422018348623848,SAFE_TO_EXECUTE,0.34397451435953375
4507024761_00010,4507024761_00010,"3-way match, invoice before GR",2018-05-15 09:29:00+00:00,2018-05-17 09:27:00+00:00,1.9986111111111111,89.0,R1_0_50,test,SAFE_TO_EXECUTE,grouped_iid,0.9497686953625081,0.9555555555555556,0.050231304637491925,0.0444444444444444,SAFE_TO_EXECUTE,0.2623112196143365
4507024761_00020,4507024761_00020,"3-way match, invoice before GR",2018-05-15 09:29:00+00:00,2018-05-17 09:27:00+00:00,1.9986111111111111,89.0,R1_0_50,test,SAFE_TO_EXECUTE,grouped_iid,0.9497686953625081,0.9555555555555556,0.050231304637491925,0.0444444444444444,SAFE_TO_EXECUTE,0.2623112196143365
4507024761_00030,4507024761_00030,"3-way match, invoice before GR",2018-05-15 09:29:00+00:00,2018-05-17 09:27:00+00:00,1.9986111111111111,302.0,R1_0_50,test,SAFE_TO_EXECUTE,grouped_iid,0.9497457770673658,0.9555555555555556,0.05025422293263415,0.0444444444444444,SAFE_TO_EXECUTE,0.2623112196143365
4507025045_00010,4507025045_00010,"3-way match, invoice before GR",2018-05-15 11:12:00+00:00,2018-05-17 10:14:00+00:00,1.9597222222222221,8377.0,R3_90_99,test,SAFE_TO_EXECUTE,grouped_iid,0.9758575256096669,0.9949238578680203,0.024142474390333124,0.005076142131979711,SAFE_TO_EXECUTE,0.04599532480368192
4507028072_00050,4507028072_00050,"3-way match, invoice before GR",2018-05-15 13:58:00+00:00,2018-05-16 04:48:00+00:00,0.6180555555555556,205.0,R1_0_50,test,SAFE_TO_EXECUTE,grouped_iid,0.9706111856946126,0.9949238578680203,0.029388814305387423,0.005076142131979711,SAFE_TO_EXECUTE,0.04599532480368192
4507028072_00060,4507028072_00060,"3-way match, invoice before GR",2018-05-15 13:58:00+00:00,2018-05-16 04:37:00+00:00,0.6104166666666667,313.0,R1_0_50,test,SAFE_TO_EXECUTE,grouped_iid,0.9706079261605856,0.9949238578680203,0.029392073839414445,0.005076142131979711,SAFE_TO_EXECUTE,0.04599532480368192
4507009899_00020,4507009899_00020,"3-way match, invoice before GR",2018-05-15 14:46:00+00:00,2018-05-28 08:39:00+00:00,12.745138888888889,27737.0,R3_90_99,test,SAFE_TO_EXECUTE,grouped_iid,0.6769500176809832,0.7333333333333333,0.3230499823190168,0.2666666666666667,SAFE_TO_EXECUTE,0.8366407419411673
4507009899_00070,4507009899_00070,"3-way match, invoice before GR",2018-05-15 14:46:00+00:00,2018-05-28 08:39:00+00:00,12.745138888888889,4630.0,R2_50_90,test,SAFE_TO_EXECUTE,grouped_iid,0.905276977156569,0.8884615384615384,0.09472302284343104,0.11153846153846159,SAFE_TO_EXECUTE,0.5045390536984206
4507027997_00110,4507027997_00110,"3-way match, invoice before GR",2018-05-15 15:28:00+00:00,2018-05-16 05:28:00+00:00,0.5833333333333334,58.0,R1_0_50,test,SAFE_TO_EXECUTE,grouped_iid,0.9708512291268269,0.9949238578680203,0.029148770873173135,0.005076142131979711,SAFE_TO_EXECUTE,0.04599532480368192
4507022046_00010,4507022046_00010,"3-way match, invoice before GR",2018-05-15 15:36:00+00:00,2018-05-22 09:50:00+00:00,6.759722222222222,1157.0,R2_50_90,test,SAFE_TO_EXECUTE,grouped_iid,0.800668754573481,0.7333333333333333,0.19933124542651903,0.2666666666666667,SAFE_TO_EXECUTE,0.8366407419411673
4507026532_00050,4507026532_00050,"3-way match, invoice before GR",2018-05-16 08:06:00+00:00,2018-05-18 11:08:00+00:00,2.126388888888889,125.0,R1_0_50,test,SAFE_TO_EXECUTE,grouped_iid,0.9549385347075686,0.9602763385146805,0.04506146529243138,0.03972366148531947,SAFE_TO_EXECUTE,0.24102374969289544
4507028527_00060,4507028527_00060,"3-way match, invoice before GR",2018-05-16 08:18:00+00:00,2018-05-17 05:57:00+00:00,0.9020833333333333,574.0,R2_50_90,test,SAFE_TO_EXECUTE,grouped_iid,0.9706020143253982,0.9949238578680203,0.029397985674601834,0.005076142131979711,SAFE_TO_EXECUTE,0.04599532480368192
4507028527_00190,4507028527_00190,"3-way match, invoice before GR",2018-05-16 08:18:00+00:00,2018-05-17 05:57:00+00:00,0.9020833333333333,464.0,R1_0_50,test,SAFE_TO_EXECUTE,grouped_iid,0.9706090908062266,0.9949238578680203,0.029390909193773407,0.005076142131979711,SAFE_TO_EXECUTE,0.04599532480368192
4507028527_00200,4507028527_00200,"3-way match, invoice before GR",2018-05-16 08:18:00+00:00,2018-05-17 05:57:00+00:00,0.9020833333333333,612.0,R2_50_90,test,SAFE_TO_EXECUTE,grouped_iid,0.970599569338984,0.9949238578680203,0.029400430661016053,0.005076142131979711,SAFE_TO_EXECUTE,0.04599532480368192
4507028527_00310,4507028527_00310,"3-way match, invoice before GR",2018-05-16 08:18:00+00:00,2018-05-17 05:57:00+00:00,0.9020833333333333,2604.0,R2_50_90,test,SAFE_TO_EXECUTE,grouped_iid,0.9704711241217528,0.9949238578680203,0.02952887587824715,0.005076142131979711,SAFE_TO_EXECUTE,0.04599532480368192
4507028527_00320,4507028527_00320,"3-way match, invoice before GR",2018-05-16 08:18:00+00:00,2018-05-17 05:57:00+00:00,0.9020833333333333,952.0,R2_50_90,test,SAFE_TO_EXECUTE,grouped_iid,0.9705776843679562,0.9949238578680203,0.029422315632043783,0.005076142131979711,SAFE_TO_EXECUTE,0.04599532480368192
4507028527_00340,4507028527_00340,"3-way match, invoice before GR",2018-05-16 08:18:00+00:00,2018-05-17 05:57:00+00:00,0.9020833333333333,1149.0,R2_50_90,test,SAFE_TO_EXECUTE,grouped_iid,0.9705649967310561,0.9949238578680203,0.029435003268943882,0.005076142131979711,SAFE_TO_EXECUTE,0.04599532480368192
4507028527_00360,4507028527_00360,"3-way match, invoice before GR",2018-05-16 08:18:00+00:00,2018-05-17 05:57:00+00:00,0.9020833333333333,138.0,R1_0_50,test,SAFE_TO_EXECUTE,grouped_iid,0.9706300532216646,0.9949238578680203,0.029369946778335376,0.005076142131979711,SAFE_TO_EXECUTE,0.04599532480368192
4507028527_00370,4507028527_00370,"3-way match, invoice before GR",2018-05-16 08:18:00+00:00,2018-05-17 05:57:00+00:00,0.9020833333333333,75.0,R1_0_50,test,SAFE_TO_EXECUTE,grouped_iid,0.9706341025686022,0.9949238578680203,0.029365897431397836,0.005076142131979711,SAFE_TO_EXECUTE,0.04599532480368192
4507024785_00430,4507024785_00430,"3-way match, invoice before GR",2018-05-16 10:11:00+00:00,2018-05-16 13:22:00+00:00,0.1326388888888889,277.0,R1_0_50,test,SAFE_TO_EXECUTE,grouped_iid,0.9511814348372895,0.9555555555555556,0.04881856516271055,0.0444444444444444,SAFE_TO_EXECUTE,0.2623112196143365
4507024785_00560,4507024785_00560,"3-way match, invoice before GR",2018-05-16 10:11:00+00:00,2018-05-16 13:07:00+00:00,0.12222222222222222,593.0,R2_50_90,test,SAFE_TO_EXECUTE,grouped_iid,0.9511565271023017,0.9555555555555556,0.048843472897698303,0.0444444444444444,SAFE_TO_EXECUTE,0.2623112196143365
4507024785_00570,4507024785_00570,"3-way match, invoice before GR",2018-05-16 10:11:00+00:00,2018-05-16 13:07:00+00:00,0.12222222222222222,402.0,R1_0_50,test,SAFE_TO_EXECUTE,grouped_iid,0.951176531436069,0.9555555555555556,0.04882346856393105,0.0444444444444444,SAFE_TO_EXECUTE,0.2623112196143365
4507024785_00580,4507024785_00580,"3-way match, invoice before GR",2018-05-16 10:11:00+00:00,2018-05-16 13:07:00+00:00,0.12222222222222222,433.0,R1_0_50,test,SAFE_TO_EXECUTE,grouped_iid,0.9511732851878405,0.9555555555555556,0.0488267148121595,0.0444444444444444,SAFE_TO_EXECUTE,0.2623112196143365
4507020977_00020,4507020977_00020,"3-way match, invoice before GR",2018-05-16 10:17:00+00:00,2018-05-16 11:14:00+00:00,0.03958333333333333,285.0,R1_0_50,test,SAFE_TO_EXECUTE,grouped_iid,0.9426164024498457,0.9357798165137615,0.05738359755015432,0.06422018348623848,SAFE_TO_EXECUTE,0.34397451435953375
4507025129_00020,4507025129_00020,"3-way match, invoice before GR",2018-05-16 10:22:00+00:00,2018-05-16 10:40:00+00:00,0.0125,185.0,R1_0_50,test,SAFE_TO_EXECUTE,grouped_iid,0.9517221397552417,0.9602763385146805,0.04827786024475833,0.03972366148531947,SAFE_TO_EXECUTE,0.24102374969289544
4507025841_00390,4507025841_00390,"3-way match, invoice before GR",2018-05-16 10:37:00+00:00,2018-05-16 13:37:00+00:00,0.125,115.0,R1_0_50,test,SAFE_TO_EXECUTE,grouped_iid,0.9525300169041547,0.9602763385146805,0.04746998309584527,0.03972366148531947,SAFE_TO_EXECUTE,0.24102374969289544
4507017239_00010,4507017239_00010,"3-way match, invoice before GR",2018-05-16 11:16:00+00:00,2018-05-17 13:10:00+00:00,1.0791666666666666,242.0,R1_0_50,test,SAFE_TO_EXECUTE,grouped_iid,0.952966505463138,0.9602763385146805,0.04703349453686201,0.03972366148531947,SAFE_TO_EXECUTE,0.24102374969289544
4507023549_00020,4507023549_00020,"3-way match, invoice before GR",2018-05-16 11:57:00+00:00,2018-05-17 09:24:00+00:00,0.89375,907.0,R2_50_90,test,SAFE_TO_EXECUTE,grouped_iid,0.9477127666623839,0.9357798165137615,0.05228723333761609,0.06422018348623848,SAFE_TO_EXECUTE,0.34397451435953375
4507024251_00030,4507024251_00030,"3-way match, invoice before GR",2018-05-16 12:00:00+00:00,2018-05-17 09:34:00+00:00,0.8986111111111111,283.0,R1_0_50,test,SAFE_TO_EXECUTE,grouped_iid,0.9487481139463542,0.9375,0.051251886053645834,0.0625,SAFE_TO_EXECUTE,0.3372900666170139
4507024248_00050,4507024248_00050,"3-way match, invoice before GR",2018-05-16 13:56:00+00:00,2018-05-17 10:17:00+00:00,0.8479166666666667,283.0,R1_0_50,test,SAFE_TO_EXECUTE,grouped_iid,0.9996129583762502,1.0,0.00038704162374980644,0.0,SAFE_TO_EXECUTE,5.123178885069411e-14
4507024248_00060,4507024248_00060,"3-way match, invoice before GR",2018-05-16 13:56:00+00:00,2018-05-17 10:17:00+00:00,0.8479166666666667,180.0,R1_0_50,test,SAFE_TO_EXECUTE,grouped_iid,0.9483919753971939,0.9357798165137615,0.05160802460280611,0.06422018348623848,SAFE_TO_EXECUTE,0.34397451435953375
4507027338_00010,4507027338_00010,"3-way match, invoice before GR",2018-05-16 14:03:00+00:00,2018-05-17 10:15:00+00:00,0.8416666666666667,1815.0,R2_50_90,test,SAFE_TO_EXECUTE,grouped_iid,0.9548099571070127,0.9602763385146805,0.04519004289298734,0.03972366148531947,SAFE_TO_EXECUTE,0.24102374969289544
4507024762_00030,4507024762_00030,"3-way match, invoice before GR",2018-05-16 15:39:00+00:00,2018-05-17 09:26:00+00:00,0.7409722222222223,229.0,R1_0_50,test,SAFE_TO_EXECUTE,grouped_iid,0.9297653299315616,0.9183673469387755,0.07023467006843842,0.08163265306122447,SAFE_TO_EXECUTE,0.4079059801389762
4507028922_00050,4507028922_00050,"3-way match, invoice before GR",2018-05-17 07:51:00+00:00,2018-05-18 05:38:00+00:00,0.9076388888888889,734.0,R2_50_90,test,SAFE_TO_EXECUTE,grouped_iid,0.9785167031232008,0.9949238578680203,0.021483296876799174,0.005076142131979711,SAFE_TO_EXECUTE,0.04599532480368192
4507028922_00090,4507028922_00090,"3-way match, invoice before GR",2018-05-17 07:51:00+00:00,2018-05-18 05:38:00+00:00,0.9076388888888889,67.0,R1_0_50,test,SAFE_TO_EXECUTE,grouped_iid,0.9785482967194682,0.9949238578680203,0.02145170328053181,0.005076142131979711,SAFE_TO_EXECUTE,0.04599532480368192
4507028922_00190,4507028922_00190,"3-way match, invoice before GR",2018-05-17 07:51:00+00:00,2018-05-18 05:38:00+00:00,0.9076388888888889,715.0,R2_50_90,test,SAFE_TO_EXECUTE,grouped_iid,0.9785176037201061,0.9949238578680203,0.0214823962798939,0.005076142131979711,SAFE_TO_EXECUTE,0.04599532480368192
4507018203_00150,4507018203_00150,"3-way match, invoice before GR",2018-05-17 10:31:00+00:00,2018-05-18 15:54:00+00:00,1.2243055555555555,26.0,R1_0_50,test,SAFE_TO_EXECUTE,grouped_iid,0.9514696776342448,0.9555555555555556,0.04853032236575516,0.0444444444444444,SAFE_TO_EXECUTE,0.2623112196143365
4507024544_00010,4507024544_00010,"3-way match, invoice before GR",2018-05-17 10:36:00+00:00,2018-05-21 12:12:00+00:00,4.066666666666666,1157.0,R2_50_90,test,SAFE_TO_EXECUTE,grouped_iid,0.9399272767722616,0.9357798165137615,0.06007272322773838,0.06422018348623848,SAFE_TO_EXECUTE,0.34397451435953375
4507024544_00020,4507024544_00020,"3-way match, invoice before GR",2018-05-17 10:36:00+00:00,2018-05-21 12:12:00+00:00,4.066666666666666,5251.0,R2_50_90,test,SAFE_TO_EXECUTE,grouped_iid,0.9660569351691085,0.97,0.03394306483089149,0.030000000000000027,SAFE_TO_EXECUTE,0.1943918578315763
4507026612_00050,4507026612_00050,"3-way match, invoice before GR",2018-05-17 10:41:00+00:00,2018-05-17 12:43:00+00:00,0.08472222222222223,2992.0,R2_50_90,test,SAFE_TO_EXECUTE,grouped_iid,0.9768218745652638,0.9949238578680203,0.023178125434736185,0.005076142131979711,SAFE_TO_EXECUTE,0.04599532480368192
4507026612_00060,4507026612_00060,"3-way match, invoice before GR",2018-05-17 10:41:00+00:00,2018-05-17 12:43:00+00:00,0.08472222222222223,3931.0,R2_50_90,test,SAFE_TO_EXECUTE,grouped_iid,0.9708936452009763,0.9949238578680203,0.02910635479902368,0.005076142131979711,SAFE_TO_EXECUTE,0.04599532480368192
4507026921_00010,4507026921_00010,"3-way match, invoice before GR",2018-05-17 14:55:00+00:00,2018-05-24 15:39:00+00:00,7.030555555555556,2181.0,R2_50_90,test,SAFE_TO_EXECUTE,grouped_iid,0.9635324542867383,0.9602763385146805,0.03646754571326172,0.03972366148531947,SAFE_TO_EXECUTE,0.24102374969289544
4507026224_00010,4507026224_00010,"3-way match, invoice before GR",2018-05-17 14:57:00+00:00,2018-05-18 06:30:00+00:00,0.6479166666666667,6352.0,R2_50_90,test,SAFE_TO_EXECUTE,grouped_iid,0.9706246479619568,0.9949238578680203,0.0293753520380432,0.005076142131979711,SAFE_TO_EXECUTE,0.04599532480368192
4507029759_00270,4507029759_00270,"3-way match, invoice before GR",2018-05-21 07:57:00+00:00,2018-05-22 15:48:00+00:00,1.3270833333333334,1372.0,R2_50_90,test,SAFE_TO_EXECUTE,grouped_iid,0.978631264324781,0.9949238578680203,0.02136873567521902,0.005076142131979711,SAFE_TO_EXECUTE,0.04599532480368192
4507029759_00280,4507029759_00280,"3-way match, invoice before GR",2018-05-21 07:57:00+00:00,2018-05-22 15:48:00+00:00,1.3270833333333334,396.0,R1_0_50,test,SAFE_TO_EXECUTE,grouped_iid,0.9786772377558505,0.9949238578680203,0.02132276224414953,0.005076142131979711,SAFE_TO_EXECUTE,0.04599532480368192
4507025418_00010,4507025418_00010,"3-way match, invoice before GR",2018-05-21 09:01:00+00:00,2018-05-23 06:51:00+00:00,1.9097222222222223,1127.0,R2_50_90,test,SAFE_TO_EXECUTE,grouped_iid,0.9718164193951047,0.9949238578680203,0.028183580604895342,0.005076142131979711,SAFE_TO_EXECUTE,0.04599532480368192
4507027610_00010,4507027610_00010,"3-way match, invoice before GR",2018-05-21 09:20:00+00:00,2018-06-07 06:13:00+00:00,16.87013888888889,7136.0,R3_90_99,test,NOT_SAFE_TO_EXECUTE,grouped_iid,0.8302657339521334,0.7678571428571429,0.16973426604786657,0.2321428571428571,SAFE_TO_EXECUTE,0.7817281222714539
4507022351_00130,4507022351_00130,"3-way match, invoice before GR",2018-05-21 10:33:00+00:00,2018-05-23 13:59:00+00:00,2.1430555555555557,468.0,R1_0_50,test,NOT_SAFE_TO_EXECUTE,grouped_iid,0.9797440966471487,1.0,0.020255903352851323,0.0,SAFE_TO_EXECUTE,5.123178885069411e-14
4507020984_00010,4507020984_00010,"3-way match, invoice before GR",2018-05-21 11:06:00+00:00,2018-05-22 06:10:00+00:00,0.7944444444444444,3585.0,R2_50_90,test,NOT_SAFE_TO_EXECUTE,grouped_iid,0.932496763968772,0.9183673469387755,0.06750323603122799,0.08163265306122447,SAFE_TO_EXECUTE,0.4079059801389762
4507028653_00030,4507028653_00030,"3-way match, invoice before GR",2018-05-21 11:21:00+00:00,2018-05-23 13:08:00+00:00,2.0743055555555556,271.0,R1_0_50,test,SAFE_TO_EXECUTE,grouped_iid,0.956806832296306,0.9602763385146805,0.04319316770369397,0.03972366148531947,SAFE_TO_EXECUTE,0.24102374969289544
4507027107_00030,4507027107_00030,"3-way match, invoice before GR",2018-05-21 11:25:00+00:00,2018-05-22 11:27:00+00:00,1.0013888888888889,301.0,R1_0_50,test,SAFE_TO_EXECUTE,grouped_iid,0.9530950679290051,0.9602763385146805,0.04690493207099489,0.03972366148531947,SAFE_TO_EXECUTE,0.24102374969289544
4507027107_00060,4507027107_00060,"3-way match, invoice before GR",2018-05-21 11:25:00+00:00,2018-05-22 11:27:00+00:00,1.0013888888888889,214.0,R1_0_50,test,SAFE_TO_EXECUTE,grouped_iid,0.9531038369672401,0.9602763385146805,0.0468961630327599,0.03972366148531947,SAFE_TO_EXECUTE,0.24102374969289544
4507027849_00150,4507027849_00150,"3-way match, invoice before GR",2018-05-21 11:32:00+00:00,2018-05-22 13:32:00+00:00,1.0833333333333333,208.0,R1_0_50,test,SAFE_TO_EXECUTE,grouped_iid,0.9551397490801806,0.9602763385146805,0.04486025091981938,0.03972366148531947,SAFE_TO_EXECUTE,0.24102374969289544
4507027849_00180,4507027849_00180,"3-way match, invoice before GR",2018-05-21 11:32:00+00:00,2018-05-22 13:32:00+00:00,1.0833333333333333,94.0,R1_0_50,test,SAFE_TO_EXECUTE,grouped_iid,0.9551507619178686,0.9602763385146805,0.04484923808213137,0.03972366148531947,SAFE_TO_EXECUTE,0.24102374969289544
4507026869_00120,4507026869_00120,"3-way match, invoice before GR",2018-05-21 11:39:00+00:00,2018-05-22 11:26:00+00:00,0.9909722222222223,219.0,R1_0_50,test,SAFE_TO_EXECUTE,grouped_iid,0.9527476933232532,0.9602763385146805,0.04725230667674685,0.03972366148531947,SAFE_TO_EXECUTE,0.24102374969289544
4507027440_00150,4507027440_00150,"3-way match, invoice before GR",2018-05-21 11:42:00+00:00,2018-05-22 13:29:00+00:00,1.0743055555555556,433.0,R1_0_50,test,SAFE_TO_EXECUTE,grouped_iid,0.9534544440739299,0.9602763385146805,0.046545555926070126,0.03972366148531947,SAFE_TO_EXECUTE,0.24102374969289544
4507027715_00070,4507027715_00070,"3-way match, invoice before GR",2018-05-21 14:12:00+00:00,2018-05-23 13:23:00+00:00,1.9659722222222222,952.0,R2_50_90,test,SAFE_TO_EXECUTE,grouped_iid,0.9583269239995942,0.9602763385146805,0.04167307600040582,0.03972366148531947,SAFE_TO_EXECUTE,0.24102374969289544
4507027985_00020,4507027985_00020,"3-way match, invoice before GR",2018-05-21 14:12:00+00:00,2018-05-23 13:24:00+00:00,1.9666666666666666,2549.0,R2_50_90,test,SAFE_TO_EXECUTE,grouped_iid,0.9585715377641456,0.9602763385146805,0.04142846223585439,0.03972366148531947,SAFE_TO_EXECUTE,0.24102374969289544
4507015918_00010,4507015918_00010,"3-way match, invoice before GR",2018-05-21 15:07:00+00:00,2018-05-25 05:26:00+00:00,3.5965277777777778,9825.0,R3_90_99,test,SAFE_TO_EXECUTE,grouped_iid,0.981303585473354,1.0,0.018696414526646055,0.0,SAFE_TO_EXECUTE,5.123178885069411e-14
4507029323_00050,4507029323_00050,"3-way match, invoice before GR",2018-05-22 09:46:00+00:00,2018-05-25 08:20:00+00:00,2.9402777777777778,210.0,R1_0_50,test,SAFE_TO_EXECUTE,grouped_iid,0.9761990537863727,0.9949238578680203,0.023800946213627272,0.005076142131979711,SAFE_TO_EXECUTE,0.04599532480368192
4507029323_00130,4507029323_00130,"3-way match, invoice before GR",2018-05-22 09:46:00+00:00,2018-05-25 08:20:00+00:00,2.9402777777777778,157.0,R1_0_50,test,SAFE_TO_EXECUTE,grouped_iid,0.9762018303033863,0.9949238578680203,0.023798169696613747,0.005076142131979711,SAFE_TO_EXECUTE,0.04599532480368192
4507029323_00160,4507029323_00160,"3-way match, invoice before GR",2018-05-22 09:46:00+00:00,2018-05-25 08:20:00+00:00,2.9402777777777778,202.0,R1_0_50,test,SAFE_TO_EXECUTE,grouped_iid,0.976199472903531,0.9949238578680203,0.02380052709646896,0.005076142131979711,SAFE_TO_EXECUTE,0.04599532480368192
4507029323_00180,4507029323_00180,"3-way match, invoice before GR",2018-05-22 09:46:00+00:00,2018-05-25 08:20:00+00:00,2.9402777777777778,144.0,R1_0_50,test,SAFE_TO_EXECUTE,grouped_iid,0.9762025112875989,0.9949238578680203,0.02379748871240106,0.005076142131979711,SAFE_TO_EXECUTE,0.04599532480368192
4507028898_00030,4507028898_00030,"3-way match, invoice before GR",2018-05-22 10:35:00+00:00,2018-05-22 15:47:00+00:00,0.21666666666666667,46.0,R1_0_50,test,NOT_SAFE_TO_EXECUTE,grouped_iid,0.9160900324196121,0.9183673469387755,0.08390996758038793,0.08163265306122447,SAFE_TO_EXECUTE,0.4079059801389762
4507028898_00130,4507028898_00130,"3-way match, invoice before GR",2018-05-22 10:35:00+00:00,2018-05-22 15:47:00+00:00,0.21666666666666667,1115.0,R2_50_90,test,NOT_SAFE_TO_EXECUTE,grouped_iid,0.9159045590416923,0.9183673469387755,0.08409544095830768,0.08163265306122447,SAFE_TO_EXECUTE,0.4079059801389762
4507028898_00150,4507028898_00150,"3-way match, invoice before GR",2018-05-22 10:35:00+00:00,2018-05-22 15:47:00+00:00,0.21666666666666667,669.0,R2_50_90,test,NOT_SAFE_TO_EXECUTE,grouped_iid,0.9159819860474742,0.9183673469387755,0.08401801395252584,0.08163265306122447,SAFE_TO_EXECUTE,0.4079059801389762
4507030150_00020,4507030150_00020,"3-way match, invoice before GR",2018-05-22 14:49:00+00:00,2018-05-24 08:58:00+00:00,1.75625,792.0,R2_50_90,test,SAFE_TO_EXECUTE,grouped_iid,0.9898861971658878,1.0,0.010113802834112229,0.0,SAFE_TO_EXECUTE,5.123178885069411e-14
4507030133_00140,4507030133_00140,"3-way match, invoice before GR",2018-05-23 08:17:00+00:00,2018-05-24 05:34:00+00:00,0.8868055555555555,196.0,R1_0_50,test,SAFE_TO_EXECUTE,grouped_iid,0.9789858728160156,0.9949238578680203,0.021014127183984432,0.005076142131979711,SAFE_TO_EXECUTE,0.04599532480368192
4507030133_00160,4507030133_00160,"3-way match, invoice before GR",2018-05-23 08:17:00+00:00,2018-05-24 05:34:00+00:00,0.8868055555555555,90.0,R1_0_50,test,SAFE_TO_EXECUTE,grouped_iid,0.9789907893665419,0.9949238578680203,0.021009210633458064,0.005076142131979711,SAFE_TO_EXECUTE,0.04599532480368192
4507030133_00200,4507030133_00200,"3-way match, invoice before GR",2018-05-23 08:17:00+00:00,2018-05-24 05:34:00+00:00,0.8868055555555555,91.0,R1_0_50,test,SAFE_TO_EXECUTE,grouped_iid,0.9789907429892497,0.9949238578680203,0.021009257010750293,0.005076142131979711,SAFE_TO_EXECUTE,0.04599532480368192
4507030133_00220,4507030133_00220,"3-way match, invoice before GR",2018-05-23 08:17:00+00:00,2018-05-24 05:34:00+00:00,0.8868055555555555,548.0,R1_0_50,test,SAFE_TO_EXECUTE,grouped_iid,0.9789695380792657,0.9949238578680203,0.021030461920734322,0.005076142131979711,SAFE_TO_EXECUTE,0.04599532480368192
4507030157_00010,4507030157_00010,"3-way match, invoice before GR",2018-05-23 09:06:00+00:00,2018-05-24 06:03:00+00:00,0.8729166666666667,726.0,R2_50_90,test,SAFE_TO_EXECUTE,grouped_iid,0.9700262492991895,0.9806451612903225,0.029973750700810542,0.01935483870967747,SAFE_TO_EXECUTE,0.1378026662704413
4507030157_00060,4507030157_00060,"3-way match, invoice before GR",2018-05-23 09:06:00+00:00,2018-05-24 05:31:00+00:00,0.8506944444444444,756.0,R2_50_90,test,SAFE_TO_EXECUTE,grouped_iid,0.9700352143923168,0.9806451612903225,0.02996478560768323,0.01935483870967747,SAFE_TO_EXECUTE,0.1378026662704413
4507021156_00010,4507021156_00010,"3-way match, invoice before GR",2018-05-23 11:44:00+00:00,2018-05-28 07:05:00+00:00,4.80625,190.0,R1_0_50,test,SAFE_TO_EXECUTE,grouped_iid,0.7847823714755209,0.7333333333333333,0.21521762852447912,0.2666666666666667,SAFE_TO_EXECUTE,0.8366407419411673
4507030119_00020,4507030119_00020,"3-way match, invoice before GR",2018-05-23 13:01:00+00:00,2018-05-25 08:07:00+00:00,1.7958333333333334,53.0,R1_0_50,test,SAFE_TO_EXECUTE,grouped_iid,0.9761071813919191,0.9949238578680203,0.0238928186080809,0.005076142131979711,SAFE_TO_EXECUTE,0.04599532480368192
4507030119_00030,4507030119_00030,"3-way match, invoice before GR",2018-05-23 13:01:00+00:00,2018-05-25 08:07:00+00:00,1.7958333333333334,180.0,R1_0_50,test,SAFE_TO_EXECUTE,grouped_iid,0.9761005018849523,0.9949238578680203,0.023899498115047657,0.005076142131979711,SAFE_TO_EXECUTE,0.04599532480368192
4507030119_00050,4507030119_00050,"3-way match, invoice before GR",2018-05-23 13:01:00+00:00,2018-05-25 08:07:00+00:00,1.7958333333333334,345.0,R1_0_50,test,SAFE_TO_EXECUTE,grouped_iid,0.9760918210645718,0.9949238578680203,0.02390817893542818,0.005076142131979711,SAFE_TO_EXECUTE,0.04599532480368192
4507028397_00010,4507028397_00010,"3-way match, invoice before GR",2018-05-23 14:03:00+00:00,2018-05-29 07:38:00+00:00,5.732638888888889,20.0,R1_0_50,test,SAFE_TO_EXECUTE,grouped_iid,0.9512921480740502,0.9555555555555556,0.04870785192594984,0.0444444444444444,SAFE_TO_EXECUTE,0.2623112196143365
4507028970_00200,4507028970_00200,"3-way match, invoice before GR",2018-05-23 14:09:00+00:00,2018-05-26 06:23:00+00:00,2.676388888888889,135.0,R1_0_50,test,SAFE_TO_EXECUTE,grouped_iid,0.9552727660137571,0.9602763385146805,0.0447272339862429,0.03972366148531947,SAFE_TO_EXECUTE,0.24102374969289544
4507027874_00010,4507027874_00010,"3-way match, invoice before GR",2018-05-23 14:18:00+00:00,2018-05-24 11:25:00+00:00,0.8798611111111111,19.0,R1_0_50,test,NOT_SAFE_TO_EXECUTE,grouped_iid,0.839866173637899,0.8404255319148937,0.16013382636210105,0.15957446808510634,SAFE_TO_EXECUTE,0.6332905746550958
4507028970_00150,4507028970_00150,"3-way match, invoice before GR",2018-05-23 14:20:00+00:00,2018-05-26 06:23:00+00:00,2.66875,125.0,R1_0_50,test,SAFE_TO_EXECUTE,grouped_iid,0.9552788217655357,0.9602763385146805,0.04472117823446431,0.03972366148531947,SAFE_TO_EXECUTE,0.24102374969289544
4507030165_00030,4507030165_00030,"3-way match, invoice before GR",2018-05-23 14:38:00+00:00,2018-05-25 06:23:00+00:00,1.65625,4364.0,R2_50_90,test,SAFE_TO_EXECUTE,grouped_iid,0.9801231101947656,1.0,0.019876889805234388,0.0,SAFE_TO_EXECUTE,5.123178885069411e-14
4507027111_00010,4507027111_00010,"3-way match, invoice before GR",2018-05-23 14:42:00+00:00,2018-05-24 13:27:00+00:00,0.9479166666666666,223.0,R1_0_50,test,SAFE_TO_EXECUTE,grouped_iid,0.9515152524964278,0.9555555555555556,0.048484747503572234,0.0444444444444444,SAFE_TO_EXECUTE,0.2623112196143365
4507027111_00040,4507027111_00040,"3-way match, invoice before GR",2018-05-23 14:42:00+00:00,2018-05-24 13:27:00+00:00,0.9479166666666666,467.0,R1_0_50,test,SAFE_TO_EXECUTE,grouped_iid,0.9514898641049646,0.9555555555555556,0.04851013589503539,0.0444444444444444,SAFE_TO_EXECUTE,0.2623112196143365
4507027111_00050,4507027111_00050,"3-way match, invoice before GR",2018-05-23 14:42:00+00:00,2018-05-24 13:27:00+00:00,0.9479166666666666,456.0,R1_0_50,test,SAFE_TO_EXECUTE,grouped_iid,0.951491008935115,0.9555555555555556,0.04850899106488504,0.0444444444444444,SAFE_TO_EXECUTE,0.2623112196143365
4507027111_00130,4507027111_00130,"3-way match, invoice before GR",2018-05-23 14:42:00+00:00,2018-05-24 13:27:00+00:00,0.9479166666666666,358.0,R1_0_50,test,SAFE_TO_EXECUTE,grouped_iid,0.9515012071992789,0.9555555555555556,0.04849879280072111,0.0444444444444444,SAFE_TO_EXECUTE,0.2623112196143365
4507027111_00140,4507027111_00140,"3-way match, invoice before GR",2018-05-23 14:42:00+00:00,2018-05-24 13:27:00+00:00,0.9479166666666666,179.0,R1_0_50,test,NOT_SAFE_TO_EXECUTE,grouped_iid,0.9515198293887333,0.9555555555555556,0.04848017061126675,0.0444444444444444,SAFE_TO_EXECUTE,0.2623112196143365
4507029933_00010,4507029933_00010,"3-way match, invoice before GR",2018-05-23 14:42:00+00:00,2018-05-25 06:22:00+00:00,1.6527777777777777,5932.0,R2_50_90,test,NOT_SAFE_TO_EXECUTE,grouped_iid,0.9798759499348337,1.0,0.020124050065166266,0.0,SAFE_TO_EXECUTE,5.123178885069411e-14
4507028970_00050,4507028970_00050,"3-way match, invoice before GR",2018-05-23 15:23:00+00:00,2018-05-26 06:23:00+00:00,2.625,125.0,R1_0_50,test,SAFE_TO_EXECUTE,grouped_iid,0.9553079763456112,0.9602763385146805,0.044692023654388846,0.03972366148531947,SAFE_TO_EXECUTE,0.24102374969289544
4507028970_00110,4507028970_00110,"3-way match, invoice before GR",2018-05-23 15:29:00+00:00,2018-05-26 06:23:00+00:00,2.620833333333333,135.0,R1_0_50,test,SAFE_TO_EXECUTE,grouped_iid,0.9553097893764644,0.9602763385146805,0.04469021062353562,0.03972366148531947,SAFE_TO_EXECUTE,0.24102374969289544
4507027452_00050,4507027452_00050,"3-way match, invoice before GR",2018-05-23 15:33:00+00:00,2018-05-24 13:16:00+00:00,0.9048611111111111,76.0,R1_0_50,test,SAFE_TO_EXECUTE,grouped_iid,0.9520239207354901,0.9602763385146805,0.04797607926450986,0.03972366148531947,SAFE_TO_EXECUTE,0.24102374969289544
4507020428_00030,4507020428_00030,"3-way match, invoice before GR",2018-05-23 15:39:00+00:00,2018-05-24 07:58:00+00:00,0.6798611111111111,457.0,R1_0_50,test,SAFE_TO_EXECUTE,grouped_iid,0.9626750665223169,0.9602763385146805,0.037324933477683064,0.03972366148531947,SAFE_TO_EXECUTE,0.24102374969289544
4507030774_00030,4507030774_00030,"3-way match, invoice before GR",2018-05-24 09:22:00+00:00,2018-05-25 08:16:00+00:00,0.9541666666666667,1382.0,R2_50_90,test,SAFE_TO_EXECUTE,grouped_iid,0.954404135931973,0.9602763385146805,0.04559586406802696,0.03972366148531947,SAFE_TO_EXECUTE,0.24102374969289544
4507030774_00060,4507030774_00060,"3-way match, invoice before GR",2018-05-24 09:22:00+00:00,2018-05-25 08:16:00+00:00,0.9541666666666667,517.0,R1_0_50,test,SAFE_TO_EXECUTE,grouped_iid,0.9544889378299581,0.9602763385146805,0.04551106217004186,0.03972366148531947,SAFE_TO_EXECUTE,0.24102374969289544
4507030774_00100,4507030774_00100,"3-way match, invoice before GR",2018-05-24 09:22:00+00:00,2018-05-25 08:16:00+00:00,0.9541666666666667,58.0,R1_0_50,test,SAFE_TO_EXECUTE,grouped_iid,0.9708696062537824,0.9949238578680203,0.02913039374621762,0.005076142131979711,SAFE_TO_EXECUTE,0.04599532480368192
4507029327_00160,4507029327_00160,"3-way match, invoice before GR",2018-05-24 09:40:00+00:00,2018-05-24 15:37:00+00:00,0.24791666666666667,149.0,R1_0_50,test,SAFE_TO_EXECUTE,grouped_iid,0.889229862215855,0.8884615384615384,0.11077013778414502,0.11153846153846159,SAFE_TO_EXECUTE,0.5045390536984206
4507027671_00020,4507027671_00020,"3-way match, invoice before GR",2018-05-24 10:04:00+00:00,2018-05-24 13:20:00+00:00,0.1361111111111111,1465.0,R2_50_90,test,SAFE_TO_EXECUTE,grouped_iid,0.953368338899575,0.9602763385146805,0.04663166110042505,0.03972366148531947,SAFE_TO_EXECUTE,0.24102374969289544
4507027671_00030,4507027671_00030,"3-way match, invoice before GR",2018-05-24 10:04:00+00:00,2018-05-24 13:20:00+00:00,0.1361111111111111,223.0,R1_0_50,test,SAFE_TO_EXECUTE,grouped_iid,0.9534926839330675,0.9602763385146805,0.04650731606693248,0.03972366148531947,SAFE_TO_EXECUTE,0.24102374969289544
4507027671_00040,4507027671_00040,"3-way match, invoice before GR",2018-05-24 10:04:00+00:00,2018-05-24 13:20:00+00:00,0.1361111111111111,205.0,R1_0_50,test,SAFE_TO_EXECUTE,grouped_iid,0.9534944837143584,0.9602763385146805,0.04650551628564159,0.03972366148531947,SAFE_TO_EXECUTE,0.24102374969289544
4507029620_00030,4507029620_00030,"3-way match, invoice before GR",2018-05-24 10:16:00+00:00,2018-05-25 05:59:00+00:00,0.8215277777777777,7397.0,R3_90_99,test,SAFE_TO_EXECUTE,grouped_iid,0.9586801997109685,0.9602763385146805,0.04131980028903148,0.03972366148531947,SAFE_TO_EXECUTE,0.24102374969289544
4507020184_00230,4507020184_00230,"3-way match, invoice before GR",2018-05-24 12:47:00+00:00,2018-05-24 13:12:00+00:00,0.017361111111111112,2858.0,R2_50_90,test,SAFE_TO_EXECUTE,grouped_iid,0.9444348929135349,0.9357798165137615,0.055565107086465115,0.06422018348623848,SAFE_TO_EXECUTE,0.34397451435953375
4507020184_00160,4507020184_00160,"3-way match, invoice before GR",2018-05-24 12:58:00+00:00,2018-05-24 13:11:00+00:00,0.009027777777777777,1783.0,R2_50_90,test,SAFE_TO_EXECUTE,grouped_iid,0.9445688159442658,0.9357798165137615,0.05543118405573422,0.06422018348623848,SAFE_TO_EXECUTE,0.34397451435953375
4507020184_00170,4507020184_00170,"3-way match, invoice before GR",2018-05-24 12:58:00+00:00,2018-06-12 09:37:00+00:00,18.860416666666666,11887.0,R3_90_99,test,SAFE_TO_EXECUTE,grouped_iid,0.4927793203240911,0.5,0.5072206796759089,0.5,SAFE_TO_EXECUTE,1.0
4507028416_00010,4507028416_00010,"3-way match, invoice before GR",2018-05-24 14:51:00+00:00,2018-05-28 08:00:00+00:00,3.714583333333333,1423.0,R2_50_90,test,NOT_SAFE_TO_EXECUTE,grouped_iid,0.957588882945769,0.9602763385146805,0.04241111705423095,0.03972366148531947,SAFE_TO_EXECUTE,0.24102374969289544
4507030449_00020,4507030449_00020,"3-way match, invoice before GR",2018-05-25 06:11:00+00:00,2018-05-25 08:16:00+00:00,0.08680555555555555,356.0,R1_0_50,test,SAFE_TO_EXECUTE,grouped_iid,0.9709609086140537,0.9949238578680203,0.029039091385946292,0.005076142131979711,SAFE_TO_EXECUTE,0.04599532480368192
4507030449_00040,4507030449_00040,"3-way match, invoice before GR",2018-05-25 06:11:00+00:00,2018-05-25 08:16:00+00:00,0.08680555555555555,417.0,R1_0_50,test,SAFE_TO_EXECUTE,grouped_iid,0.9709570301540585,0.9949238578680203,0.029042969845941458,0.005076142131979711,SAFE_TO_EXECUTE,0.04599532480368192
4507030124_00020,4507030124_00020,"3-way match, invoice before GR",2018-05-25 07:01:00+00:00,2018-05-25 15:43:00+00:00,0.3625,745.0,R2_50_90,test,SAFE_TO_EXECUTE,grouped_iid,0.9697072654737094,0.9806451612903225,0.030292734526290555,0.01935483870967747,SAFE_TO_EXECUTE,0.1378026662704413
4507030124_00040,4507030124_00040,"3-way match, invoice before GR",2018-05-25 07:01:00+00:00,2018-05-25 15:43:00+00:00,0.3625,40.0,R1_0_50,test,SAFE_TO_EXECUTE,grouped_iid,0.9697539271757787,0.9806451612903225,0.030246072824221315,0.01935483870967747,SAFE_TO_EXECUTE,0.1378026662704413
4507030124_00070,4507030124_00070,"3-way match, invoice before GR",2018-05-25 07:01:00+00:00,2018-05-25 15:43:00+00:00,0.3625,586.0,R2_50_90,test,SAFE_TO_EXECUTE,grouped_iid,0.9697177952634312,0.9806451612903225,0.03028220473656884,0.01935483870967747,SAFE_TO_EXECUTE,0.1378026662704413
4507027657_00050,4507027657_00050,"3-way match, invoice before GR",2018-05-25 07:14:00+00:00,2018-05-28 11:51:00+00:00,3.192361111111111,586.0,R2_50_90,test,SAFE_TO_EXECUTE,grouped_iid,0.9510434104822542,0.9555555555555556,0.04895658951774584,0.0444444444444444,SAFE_TO_EXECUTE,0.2623112196143365
4507027657_00210,4507027657_00210,"3-way match, invoice before GR",2018-05-25 07:14:00+00:00,2018-05-28 11:51:00+00:00,3.192361111111111,103.0,R1_0_50,test,SAFE_TO_EXECUTE,grouped_iid,0.9510940934315415,0.9555555555555556,0.0489059065684585,0.0444444444444444,SAFE_TO_EXECUTE,0.2623112196143365
4507027850_00080,4507027850_00080,"3-way match, invoice before GR",2018-05-25 07:24:00+00:00,2018-05-28 11:49:00+00:00,3.1840277777777777,187.0,R1_0_50,test,NOT_SAFE_TO_EXECUTE,grouped_iid,0.9514519912503128,0.9555555555555556,0.04854800874968723,0.0444444444444444,SAFE_TO_EXECUTE,0.2623112196143365
4507029655_00010,4507029655_00010,"3-way match, invoice before GR",2018-05-25 07:24:00+00:00,2018-05-29 07:17:00+00:00,3.995138888888889,1551.0,R2_50_90,test,SAFE_TO_EXECUTE,grouped_iid,0.9668833587723672,0.97,0.033116641227632804,0.030000000000000027,SAFE_TO_EXECUTE,0.1943918578315763
4507030143_00050,4507030143_00050,"3-way match, invoice before GR",2018-05-25 08:45:00+00:00,2018-05-25 15:40:00+00:00,0.2881944444444444,344.0,R1_0_50,test,NOT_SAFE_TO_EXECUTE,grouped_iid,0.8909128699397223,0.8884615384615384,0.1090871300602777,0.11153846153846159,SAFE_TO_EXECUTE,0.5045390536984206
4507026379_00100,4507026379_00100,"3-way match, invoice before GR",2018-05-25 10:33:00+00:00,2018-06-05 13:25:00+00:00,11.119444444444444,229.0,R1_0_50,test,SAFE_TO_EXECUTE,grouped_iid,0.9101423510320887,0.8884615384615384,0.08985764896791126,0.11153846153846159,SAFE_TO_EXECUTE,0.5045390536984206
4507028970_00070,4507028970_00070,"3-way match, invoice before GR",2018-05-25 11:21:00+00:00,2018-05-26 06:23:00+00:00,0.7930555555555555,41.0,R1_0_50,test,SAFE_TO_EXECUTE,grouped_iid,0.9565205047550018,0.9602763385146805,0.04347949524499817,0.03972366148531947,SAFE_TO_EXECUTE,0.24102374969289544
4507030464_00010,4507030464_00010,"3-way match, invoice before GR",2018-05-25 12:52:00+00:00,2018-05-25 15:39:00+00:00,0.11597222222222223,129.0,R1_0_50,test,SAFE_TO_EXECUTE,grouped_iid,0.9707231271072625,0.9949238578680203,0.029276872892737504,0.005076142131979711,SAFE_TO_EXECUTE,0.04599532480368192
4507030469_00040,4507030469_00040,"3-way match, invoice before GR",2018-05-25 14:55:00+00:00,2018-05-28 05:45:00+00:00,2.6180555555555554,75.0,R1_0_50,test,SAFE_TO_EXECUTE,grouped_iid,0.969497635170016,0.9806451612903225,0.03050236482998403,0.01935483870967747,SAFE_TO_EXECUTE,0.1378026662704413
4507030469_00080,4507030469_00080,"3-way match, invoice before GR",2018-05-25 14:55:00+00:00,2018-05-28 05:45:00+00:00,2.6180555555555554,1616.0,R2_50_90,test,SAFE_TO_EXECUTE,grouped_iid,0.9693947131931328,0.9806451612903225,0.03060528680686725,0.01935483870967747,SAFE_TO_EXECUTE,0.1378026662704413
4507025001_00160,4507025001_00160,"3-way match, invoice before GR",2018-05-25 15:05:00+00:00,2018-05-28 05:45:00+00:00,2.611111111111111,986.0,R2_50_90,test,SAFE_TO_EXECUTE,grouped_iid,0.9604084669491213,0.9602763385146805,0.0395915330508787,0.03972366148531947,SAFE_TO_EXECUTE,0.24102374969289544
4507026554_00010,4507026554_00010,"3-way match, invoice before GR",2018-05-25 15:12:00+00:00,2018-05-30 15:34:00+00:00,5.0152777777777775,28370.0,R3_90_99,test,SAFE_TO_EXECUTE,grouped_iid,0.964515496984717,0.97,0.03548450301528305,0.030000000000000027,SAFE_TO_EXECUTE,0.1943918578315763
4507027330_00010,4507027330_00010,"3-way match, invoice before GR",2018-05-28 07:32:00+00:00,2018-05-28 14:29:00+00:00,0.28958333333333336,7410.0,R3_90_99,test,NOT_SAFE_TO_EXECUTE,grouped_iid,0.7815133266522308,0.7333333333333333,0.21848667334776917,0.2666666666666667,SAFE_TO_EXECUTE,0.8366407419411673
4507030785_00010,4507030785_00010,"3-way match, invoice before GR",2018-05-28 08:48:00+00:00,2018-05-28 16:25:00+00:00,0.3173611111111111,3805.0,R2_50_90,test,SAFE_TO_EXECUTE,grouped_iid,0.9703175591449011,0.9949238578680203,0.029682440855098857,0.005076142131979711,SAFE_TO_EXECUTE,0.04599532480368192
4507029011_00010,4507029011_00010,"3-way match, invoice before GR",2018-05-28 09:08:00+00:00,2018-06-01 09:50:00+00:00,4.029166666666667,6573.0,R2_50_90,test,SAFE_TO_EXECUTE,grouped_iid,0.9526326666358841,0.9602763385146805,0.047367333364115916,0.03972366148531947,SAFE_TO_EXECUTE,0.24102374969289544
4507029978_00010,4507029978_00010,"3-way match, invoice before GR",2018-05-28 09:14:00+00:00,2018-06-04 12:42:00+00:00,7.144444444444445,506.0,R1_0_50,test,SAFE_TO_EXECUTE,grouped_iid,0.8865844529138658,0.8884615384615384,0.11341554708613422,0.11153846153846159,SAFE_TO_EXECUTE,0.5045390536984206
4507026243_00010,4507026243_00010,"3-way match, invoice before GR",2018-05-28 09:29:00+00:00,2018-05-29 09:41:00+00:00,1.0083333333333333,20534.0,R3_90_99,test,SAFE_TO_EXECUTE,grouped_iid,0.9495337340314978,0.9555555555555556,0.05046626596850223,0.0444444444444444,SAFE_TO_EXECUTE,0.2623112196143365
4507028111_00010,4507028111_00010,"3-way match, invoice before GR",2018-05-28 09:47:00+00:00,2018-05-28 13:54:00+00:00,0.17152777777777778,976.0,R2_50_90,test,SAFE_TO_EXECUTE,grouped_iid,0.9072123229926752,0.8884615384615384,0.09278767700732482,0.11153846153846159,SAFE_TO_EXECUTE,0.5045390536984206
4507027403_00020,4507027403_00020,"3-way match, invoice before GR",2018-05-28 09:50:00+00:00,2018-06-05 10:23:00+00:00,8.022916666666667,1487.0,R2_50_90,test,SAFE_TO_EXECUTE,grouped_iid,0.9426752600676794,0.9357798165137615,0.05732473993232057,0.06422018348623848,SAFE_TO_EXECUTE,0.34397451435953375
4507030101_00100,4507030101_00100,"3-way match, invoice before GR",2018-05-28 10:57:00+00:00,2018-05-29 15:44:00+00:00,1.1993055555555556,582.0,R2_50_90,test,SAFE_TO_EXECUTE,grouped_iid,0.9743709148728724,0.9949238578680203,0.025629085127127582,0.005076142131979711,SAFE_TO_EXECUTE,0.04599532480368192
4507019827_00070,4507019827_00070,"3-way match, invoice before GR",2018-05-28 11:42:00+00:00,2018-05-29 12:56:00+00:00,1.051388888888889,5212.0,R2_50_90,test,SAFE_TO_EXECUTE,grouped_iid,0.9294220328598659,0.9183673469387755,0.07057796714013409,0.08163265306122447,SAFE_TO_EXECUTE,0.4079059801389762
4507019827_00090,4507019827_00090,"3-way match, invoice before GR",2018-05-28 11:42:00+00:00,2018-05-29 12:56:00+00:00,1.051388888888889,11971.0,R3_90_99,test,SAFE_TO_EXECUTE,grouped_iid,0.9284157402115545,0.9183673469387755,0.07158425978844551,0.08163265306122447,SAFE_TO_EXECUTE,0.4079059801389762
4507030111_00040,4507030111_00040,"3-way match, invoice before GR",2018-05-28 12:14:00+00:00,2018-05-29 15:30:00+00:00,1.136111111111111,12.0,R1_0_50,test,SAFE_TO_EXECUTE,grouped_iid,0.9689868012010624,0.9806451612903225,0.031013198798937602,0.01935483870967747,SAFE_TO_EXECUTE,0.1378026662704413
4507027058_00010,4507027058_00010,"3-way match, invoice before GR",2018-05-28 12:23:00+00:00,2018-05-30 13:57:00+00:00,2.0652777777777778,3762.0,R2_50_90,test,SAFE_TO_EXECUTE,grouped_iid,0.9495744081165,0.9555555555555556,0.05042559188350004,0.0444444444444444,SAFE_TO_EXECUTE,0.2623112196143365
4507026910_00040,4507026910_00040,"3-way match, invoice before GR",2018-05-28 14:07:00+00:00,2018-05-29 15:42:00+00:00,1.0659722222222223,2714.0,R2_50_90,test,SAFE_TO_EXECUTE,grouped_iid,0.9704633126426797,0.9949238578680203,0.02953668735732029,0.005076142131979711,SAFE_TO_EXECUTE,0.04599532480368192
4507019216_00010,4507019216_00010,"3-way match, invoice before GR",2018-05-28 14:25:00+00:00,2018-05-29 13:28:00+00:00,0.9604166666666667,38791.0,R3_90_99,test,SAFE_TO_EXECUTE,grouped_iid,0.9430570272841927,0.9357798165137615,0.05694297271580728,0.06422018348623848,SAFE_TO_EXECUTE,0.34397451435953375
4507029585_00010,4507029585_00010,"3-way match, invoice before GR",2018-05-28 14:26:00+00:00,2018-05-29 11:47:00+00:00,0.8895833333333333,42026.0,R3_90_99,test,SAFE_TO_EXECUTE,grouped_iid,0.8701613030980709,0.8404255319148937,0.12983869690192906,0.15957446808510634,SAFE_TO_EXECUTE,0.6332905746550958
4507031549_00010,4507031549_00010,"3-way match, invoice before GR",2018-05-28 14:48:00+00:00,2018-05-29 05:47:00+00:00,0.6243055555555556,226.0,R1_0_50,test,SAFE_TO_EXECUTE,grouped_iid,0.9872337587310306,1.0,0.012766241268969414,0.0,SAFE_TO_EXECUTE,5.123178885069411e-14
4507031720_00030,4507031720_00030,"3-way match, invoice before GR",2018-05-29 10:02:00+00:00,2018-05-29 12:44:00+00:00,0.1125,95.0,R1_0_50,test,SAFE_TO_EXECUTE,grouped_iid,0.9705139549773564,0.9949238578680203,0.029486045022643625,0.005076142131979711,SAFE_TO_EXECUTE,0.04599532480368192
4507031720_00070,4507031720_00070,"3-way match, invoice before GR",2018-05-29 10:02:00+00:00,2018-05-29 12:38:00+00:00,0.10833333333333334,47.0,R1_0_50,test,SAFE_TO_EXECUTE,grouped_iid,0.9705190694303236,0.9949238578680203,0.029480930569676378,0.005076142131979711,SAFE_TO_EXECUTE,0.04599532480368192
4507031578_00110,4507031578_00110,"3-way match, invoice before GR",2018-05-29 11:04:00+00:00,2018-05-29 15:32:00+00:00,0.18611111111111112,1434.0,R2_50_90,test,SAFE_TO_EXECUTE,grouped_iid,0.970336068996655,0.9949238578680203,0.029663931003344968,0.005076142131979711,SAFE_TO_EXECUTE,0.04599532480368192
4507028738_00010,4507028738_00010,"3-way match, invoice before GR",2018-05-29 11:14:00+00:00,2018-05-30 10:19:00+00:00,0.9618055555555556,4849.0,R2_50_90,test,SAFE_TO_EXECUTE,grouped_iid,0.9671844269580523,0.97,0.03281557304194771,0.030000000000000027,SAFE_TO_EXECUTE,0.1943918578315763
4507031554_00010,4507031554_00010,"3-way match, invoice before GR",2018-05-29 11:20:00+00:00,2018-05-29 15:33:00+00:00,0.17569444444444443,35.0,R1_0_50,test,SAFE_TO_EXECUTE,grouped_iid,0.9757313351907897,0.9949238578680203,0.024268664809210305,0.005076142131979711,SAFE_TO_EXECUTE,0.04599532480368192
4507031554_00020,4507031554_00020,"3-way match, invoice before GR",2018-05-29 11:20:00+00:00,2018-05-29 15:33:00+00:00,0.17569444444444443,142.0,R1_0_50,test,SAFE_TO_EXECUTE,grouped_iid,0.9757256213735996,0.9949238578680203,0.02427437862640036,0.005076142131979711,SAFE_TO_EXECUTE,0.04599532480368192
4507031554_00060,4507031554_00060,"3-way match, invoice before GR",2018-05-29 11:20:00+00:00,2018-05-29 15:33:00+00:00,0.17569444444444443,901.0,R2_50_90,test,SAFE_TO_EXECUTE,grouped_iid,0.9756850529797977,0.9949238578680203,0.024314947020202315,0.005076142131979711,SAFE_TO_EXECUTE,0.04599532480368192
4507031554_00080,4507031554_00080,"3-way match, invoice before GR",2018-05-29 11:20:00+00:00,2018-05-29 15:33:00+00:00,0.17569444444444443,32051.0,R3_90_99,test,SAFE_TO_EXECUTE,grouped_iid,0.9739618705481853,0.9949238578680203,0.026038129451814718,0.005076142131979711,SAFE_TO_EXECUTE,0.04599532480368192
4507031839_00030,4507031839_00030,"3-way match, invoice before GR",2018-05-29 11:35:00+00:00,2018-05-29 16:58:00+00:00,0.22430555555555556,6160.0,R2_50_90,test,SAFE_TO_EXECUTE,grouped_iid,0.9708298691877413,0.9949238578680203,0.02917013081225872,0.005076142131979711,SAFE_TO_EXECUTE,0.04599532480368192
4507031839_00100,4507031839_00100,"3-way match, invoice before GR",2018-05-29 11:35:00+00:00,2018-05-29 16:58:00+00:00,0.22430555555555556,1110.0,R2_50_90,test,SAFE_TO_EXECUTE,grouped_iid,0.9711506162021688,0.9949238578680203,0.028849383797831196,0.005076142131979711,SAFE_TO_EXECUTE,0.04599532480368192
4507019827_00170,4507019827_00170,"3-way match, invoice before GR",2018-05-29 11:54:00+00:00,2018-06-07 12:16:00+00:00,9.015277777777778,2182.0,R2_50_90,test,SAFE_TO_EXECUTE,grouped_iid,0.9422058937712559,0.9357798165137615,0.057794106228744146,0.06422018348623848,SAFE_TO_EXECUTE,0.34397451435953375
4507029440_00110,4507029440_00110,"3-way match, invoice before GR",2018-05-29 12:05:00+00:00,2018-06-04 08:30:00+00:00,5.850694444444445,108.0,R1_0_50,test,SAFE_TO_EXECUTE,grouped_iid,0.966113576038163,0.97,0.03388642396183705,0.030000000000000027,SAFE_TO_EXECUTE,0.1943918578315763
4507030811_00020,4507030811_00020,"3-way match, invoice before GR",2018-05-29 12:23:00+00:00,2018-05-29 13:03:00+00:00,0.027777777777777776,208.0,R1_0_50,test,SAFE_TO_EXECUTE,grouped_iid,0.9706605265950428,0.9949238578680203,0.02933947340495724,0.005076142131979711,SAFE_TO_EXECUTE,0.04599532480368192
4507027192_00010,4507027192_00010,"3-way match, invoice before GR",2018-05-29 12:27:00+00:00,2018-05-31 05:27:00+00:00,1.7083333333333333,14486.0,R3_90_99,test,NOT_SAFE_TO_EXECUTE,grouped_iid,0.9626393808036099,0.9602763385146805,0.03736061919639011,0.03972366148531947,SAFE_TO_EXECUTE,0.24102374969289544
4507029927_00010,4507029927_00010,"3-way match, invoice before GR",2018-05-29 12:41:00+00:00,2018-06-04 12:49:00+00:00,6.0055555555555555,9923.0,R3_90_99,test,SAFE_TO_EXECUTE,grouped_iid,0.9298806559372912,0.9183673469387755,0.07011934406270881,0.08163265306122447,SAFE_TO_EXECUTE,0.4079059801389762
4507018308_00010,4507018308_00010,"3-way match, invoice before GR",2018-05-29 12:57:00+00:00,2018-06-13 09:15:00+00:00,14.845833333333333,84430.0,R4_99_100,test,NOT_SAFE_TO_EXECUTE,grouped_iid,0.9164055992985483,0.9183673469387755,0.08359440070145174,0.08163265306122447,SAFE_TO_EXECUTE,0.4079059801389762
4507030790_00030,4507030790_00030,"3-way match, invoice before GR",2018-05-29 14:08:00+00:00,2018-05-29 15:32:00+00:00,0.058333333333333334,6210.0,R2_50_90,test,SAFE_TO_EXECUTE,grouped_iid,0.969521007146374,0.9806451612903225,0.030478992853625986,0.01935483870967747,SAFE_TO_EXECUTE,0.1378026662704413
4507031702_00080,4507031702_00080,"3-way match, invoice before GR",2018-05-29 14:42:00+00:00,2018-05-30 07:12:00+00:00,0.6875,347.0,R1_0_50,test,SAFE_TO_EXECUTE,grouped_iid,0.9582621990748548,0.9602763385146805,0.04173780092514523,0.03972366148531947,SAFE_TO_EXECUTE,0.24102374969289544
4507031078_00170,4507031078_00170,"3-way match, invoice before GR",2018-05-29 15:27:00+00:00,2018-05-30 09:45:00+00:00,0.7625,861.0,R2_50_90,test,SAFE_TO_EXECUTE,grouped_iid,0.8513196834884418,0.8404255319148937,0.14868031651155822,0.15957446808510634,SAFE_TO_EXECUTE,0.6332905746550958
4507029316_00140,4507029316_00140,"3-way match, invoice before GR",2018-05-29 15:30:00+00:00,2018-05-29 16:58:00+00:00,0.06111111111111111,296.0,R1_0_50,test,SAFE_TO_EXECUTE,grouped_iid,0.9678821004824751,0.9806451612903225,0.03211789951752486,0.01935483870967747,SAFE_TO_EXECUTE,0.1378026662704413
4507018227_00010,4507018227_00010,"3-way match, invoice before GR",2018-05-29 15:59:00+00:00,2018-06-04 09:10:00+00:00,5.715972222222222,6973.0,R2_50_90,test,SAFE_TO_EXECUTE,grouped_iid,0.9190479253379294,0.9183673469387755,0.08095207466207055,0.08163265306122447,SAFE_TO_EXECUTE,0.4079059801389762
4507023041_00010,4507023041_00010,"3-way match, invoice before GR",2018-05-29 16:09:00+00:00,2018-05-30 13:14:00+00:00,0.8784722222222222,6881.0,R2_50_90,test,SAFE_TO_EXECUTE,grouped_iid,0.7497748681749808,0.7333333333333333,0.25022513182501915,0.2666666666666667,SAFE_TO_EXECUTE,0.8366407419411673
4507030181_00170,4507030181_00170,"3-way match, invoice before GR",2018-05-30 08:24:00+00:00,2018-05-31 15:06:00+00:00,1.2791666666666666,477.0,R1_0_50,test,SAFE_TO_EXECUTE,grouped_iid,0.9546429871447866,0.9602763385146805,0.04535701285521343,0.03972366148531947,SAFE_TO_EXECUTE,0.24102374969289544
4507031564_00070,4507031564_00070,"3-way match, invoice before GR",2018-05-30 08:57:00+00:00,2018-06-01 15:41:00+00:00,2.2805555555555554,443.0,R1_0_50,test,SAFE_TO_EXECUTE,grouped_iid,0.975896429649512,0.9949238578680203,0.024103570350488046,0.005076142131979711,SAFE_TO_EXECUTE,0.04599532480368192
4507031564_00110,4507031564_00110,"3-way match, invoice before GR",2018-05-30 08:57:00+00:00,2018-06-01 15:41:00+00:00,2.2805555555555554,100.0,R1_0_50,test,SAFE_TO_EXECUTE,grouped_iid,0.9759146155983703,0.9949238578680203,0.02408538440162966,0.005076142131979711,SAFE_TO_EXECUTE,0.04599532480368192
4507030181_00050,4507030181_00050,"3-way match, invoice before GR",2018-05-30 09:28:00+00:00,2018-05-31 15:06:00+00:00,1.2347222222222223,248.0,R1_0_50,test,SAFE_TO_EXECUTE,grouped_iid,0.9546953443537283,0.9602763385146805,0.04530465564627173,0.03972366148531947,SAFE_TO_EXECUTE,0.24102374969289544
4507030181_00070,4507030181_00070,"3-way match, invoice before GR",2018-05-30 09:35:00+00:00,2018-05-31 15:06:00+00:00,1.229861111111111,237.0,R1_0_50,test,SAFE_TO_EXECUTE,grouped_iid,0.9546996976271312,0.9602763385146805,0.04530030237286875,0.03972366148531947,SAFE_TO_EXECUTE,0.24102374969289544
4507030519_00080,4507030519_00080,"3-way match, invoice before GR",2018-05-30 09:45:00+00:00,2018-05-31 14:58:00+00:00,1.2173611111111111,151.0,R1_0_50,test,SAFE_TO_EXECUTE,grouped_iid,0.9563258326231037,0.9602763385146805,0.04367416737689633,0.03972366148531947,SAFE_TO_EXECUTE,0.24102374969289544
4507031146_00010,4507031146_00010,"3-way match, invoice before GR",2018-05-30 10:03:00+00:00,2018-05-31 06:20:00+00:00,0.8451388888888889,969.0,R2_50_90,test,SAFE_TO_EXECUTE,grouped_iid,0.9694820203622846,0.9806451612903225,0.03051797963771541,0.01935483870967747,SAFE_TO_EXECUTE,0.1378026662704413
4507026195_00010,4507026195_00010,"3-way match, invoice before GR",2018-05-30 10:31:00+00:00,2018-05-30 11:23:00+00:00,0.03611111111111111,3058.0,R2_50_90,test,SAFE_TO_EXECUTE,grouped_iid,0.961863022382995,0.9602763385146805,0.038136977617004963,0.03972366148531947,SAFE_TO_EXECUTE,0.24102374969289544
4507026195_00020,4507026195_00020,"3-way match, invoice before GR",2018-05-30 10:31:00+00:00,2018-05-30 11:23:00+00:00,0.03611111111111111,755.0,R2_50_90,test,SAFE_TO_EXECUTE,grouped_iid,0.9995915808440844,1.0,0.00040841915591560696,0.0,SAFE_TO_EXECUTE,5.123178885069411e-14
4507031702_00120,4507031702_00120,"3-way match, invoice before GR",2018-05-30 12:06:00+00:00,2018-05-31 13:55:00+00:00,1.0756944444444445,371.0,R1_0_50,test,SAFE_TO_EXECUTE,grouped_iid,0.9576150299712224,0.9602763385146805,0.04238497002877761,0.03972366148531947,SAFE_TO_EXECUTE,0.24102374969289544
4507029895_00100,4507029895_00100,"3-way match, invoice before GR",2018-05-30 12:08:00+00:00,2018-05-30 17:16:00+00:00,0.21388888888888888,162.0,R1_0_50,test,SAFE_TO_EXECUTE,grouped_iid,0.9550234799905551,0.9602763385146805,0.044976520009444854,0.03972366148531947,SAFE_TO_EXECUTE,0.24102374969289544
4507028991_00030,4507028991_00030,"3-way match, invoice before GR",2018-05-30 12:49:00+00:00,2018-05-30 17:20:00+00:00,0.18819444444444444,277.0,R1_0_50,test,SAFE_TO_EXECUTE,grouped_iid,0.954185163490983,0.9602763385146805,0.045814836509016965,0.03972366148531947,SAFE_TO_EXECUTE,0.24102374969289544
4507028991_00080,4507028991_00080,"3-way match, invoice before GR",2018-05-30 12:49:00+00:00,2018-05-30 17:20:00+00:00,0.18819444444444444,466.0,R1_0_50,test,SAFE_TO_EXECUTE,grouped_iid,0.9541665296988364,0.9602763385146805,0.04583347030116358,0.03972366148531947,SAFE_TO_EXECUTE,0.24102374969289544
4507027376_00080,4507027376_00080,"3-way match, invoice before GR",2018-05-30 13:26:00+00:00,2018-05-31 08:03:00+00:00,0.7756944444444445,628.0,R2_50_90,test,SAFE_TO_EXECUTE,grouped_iid,0.9700287515817081,0.9806451612903225,0.029971248418291907,0.01935483870967747,SAFE_TO_EXECUTE,0.1378026662704413
4507030643_00050,4507030643_00050,"3-way match, invoice before GR",2018-05-30 14:13:00+00:00,2018-06-04 13:07:00+00:00,4.954166666666667,691.0,R2_50_90,test,SAFE_TO_EXECUTE,grouped_iid,0.9536094158887962,0.9602763385146805,0.04639058411120378,0.03972366148531947,SAFE_TO_EXECUTE,0.24102374969289544
4507031844_00010,4507031844_00010,"3-way match, invoice before GR",2018-05-30 14:24:00+00:00,2018-06-01 15:39:00+00:00,2.0520833333333335,514.0,R1_0_50,test,SAFE_TO_EXECUTE,grouped_iid,0.9702685940374223,0.9806451612903225,0.02973140596257773,0.01935483870967747,SAFE_TO_EXECUTE,0.1378026662704413
4507028990_00030,4507028990_00030,"3-way match, invoice before GR",2018-05-30 14:31:00+00:00,2018-05-30 17:24:00+00:00,0.12013888888888889,151.0,R1_0_50,test,SAFE_TO_EXECUTE,grouped_iid,0.9542438096892703,0.9602763385146805,0.04575619031072975,0.03972366148531947,SAFE_TO_EXECUTE,0.24102374969289544
4507028990_00130,4507028990_00130,"3-way match, invoice before GR",2018-05-30 14:31:00+00:00,2018-05-30 17:24:00+00:00,0.12013888888888889,214.0,R1_0_50,test,SAFE_TO_EXECUTE,grouped_iid,0.9542376067952391,0.9602763385146805,0.04576239320476094,0.03972366148531947,SAFE_TO_EXECUTE,0.24102374969289544
4507031571_00010,4507031571_00010,"3-way match, invoice before GR",2018-05-30 14:47:00+00:00,2018-06-04 06:20:00+00:00,4.647916666666666,22863.0,R3_90_99,test,SAFE_TO_EXECUTE,grouped_iid,0.9782241724894746,0.9949238578680203,0.021775827510525425,0.005076142131979711,SAFE_TO_EXECUTE,0.04599532480368192
4507029055_00010,4507029055_00010,"3-way match, invoice before GR",2018-05-30 15:42:00+00:00,2018-06-05 13:00:00+00:00,5.8875,3281.0,R2_50_90,test,SAFE_TO_EXECUTE,grouped_iid,0.9494735253735945,0.9555555555555556,0.05052647462640547,0.0444444444444444,SAFE_TO_EXECUTE,0.2623112196143365
4507031833_00030,4507031833_00030,"3-way match, invoice before GR",2018-05-31 09:36:00+00:00,2018-06-06 15:38:00+00:00,6.251388888888889,390.0,R1_0_50,test,SAFE_TO_EXECUTE,grouped_iid,0.974741738324427,0.9949238578680203,0.02525826167557299,0.005076142131979711,SAFE_TO_EXECUTE,0.04599532480368192
4507032506_00010,4507032506_00010,"3-way match, invoice before GR",2018-05-31 09:38:00+00:00,2018-06-01 15:41:00+00:00,1.2520833333333334,209.0,R1_0_50,test,SAFE_TO_EXECUTE,grouped_iid,0.970715844612882,0.9949238578680203,0.029284155387118038,0.005076142131979711,SAFE_TO_EXECUTE,0.04599532480368192
4507032506_00020,4507032506_00020,"3-way match, invoice before GR",2018-05-31 09:38:00+00:00,2018-06-01 15:41:00+00:00,1.2520833333333334,70.0,R1_0_50,test,SAFE_TO_EXECUTE,grouped_iid,0.9707247528573919,0.9949238578680203,0.029275247142608096,0.005076142131979711,SAFE_TO_EXECUTE,0.04599532480368192
4507032506_00070,4507032506_00070,"3-way match, invoice before GR",2018-05-31 09:38:00+00:00,2018-06-01 15:41:00+00:00,1.2520833333333334,101.0,R1_0_50,test,SAFE_TO_EXECUTE,grouped_iid,0.9707227663543377,0.9949238578680203,0.02927723364566226,0.005076142131979711,SAFE_TO_EXECUTE,0.04599532480368192
4507026329_00010,4507026329_00010,"3-way match, invoice before GR",2018-05-31 09:54:00+00:00,2018-06-01 12:40:00+00:00,1.1152777777777778,65835.0,R4_99_100,test,SAFE_TO_EXECUTE,grouped_iid,0.9706287151013925,0.9949238578680203,0.02937128489860752,0.005076142131979711,SAFE_TO_EXECUTE,0.04599532480368192
4507030477_00550,4507030477_00550,"3-way match, invoice before GR",2018-05-31 10:02:00+00:00,2018-05-31 15:34:00+00:00,0.23055555555555557,470.0,R1_0_50,test,SAFE_TO_EXECUTE,grouped_iid,0.9689741846480857,0.9806451612903225,0.031025815351914288,0.01935483870967747,SAFE_TO_EXECUTE,0.1378026662704413
4507020693_00010,4507020693_00010,"3-way match, invoice before GR",2018-05-31 11:51:00+00:00,2018-06-05 05:05:00+00:00,4.718055555555556,4331.0,R2_50_90,test,SAFE_TO_EXECUTE,grouped_iid,0.9658142569555095,0.97,0.03418574304449051,0.030000000000000027,SAFE_TO_EXECUTE,0.1943918578315763
4507031827_00020,4507031827_00020,"3-way match, invoice before GR",2018-05-31 12:07:00+00:00,2018-06-01 05:47:00+00:00,0.7361111111111112,2755.0,R2_50_90,test,SAFE_TO_EXECUTE,grouped_iid,0.9702440087668485,0.9806451612903225,0.029755991233151535,0.01935483870967747,SAFE_TO_EXECUTE,0.1378026662704413
4507020093_00020,4507020093_00020,"3-way match, invoice before GR",2018-05-31 12:26:00+00:00,2018-06-01 10:00:00+00:00,0.8986111111111111,13686.0,R3_90_99,test,SAFE_TO_EXECUTE,grouped_iid,0.964096598731353,0.97,0.035903401268646995,0.030000000000000027,SAFE_TO_EXECUTE,0.1943918578315763
4507030687_00010,4507030687_00010,"3-way match, invoice before GR",2018-05-31 14:59:00+00:00,2018-06-04 06:53:00+00:00,3.6625,1665.0,R2_50_90,test,SAFE_TO_EXECUTE,grouped_iid,0.9584502662030081,0.9602763385146805,0.041549733796991895,0.03972366148531947,SAFE_TO_EXECUTE,0.24102374969289544
4507032813_00010,4507032813_00010,"3-way match, invoice before GR",2018-05-31 15:17:00+00:00,2018-06-05 08:52:00+00:00,4.732638888888889,292.0,R1_0_50,test,SAFE_TO_EXECUTE,grouped_iid,0.985017597385724,1.0,0.01498240261427597,0.0,SAFE_TO_EXECUTE,5.123178885069411e-14
4507032556_00010,4507032556_00010,"3-way match, invoice before GR",2018-06-01 09:12:00+00:00,2018-06-01 15:39:00+00:00,0.26875,29.0,R1_0_50,test,SAFE_TO_EXECUTE,grouped_iid,0.9721804684263188,0.9949238578680203,0.027819531573681222,0.005076142131979711,SAFE_TO_EXECUTE,0.04599532480368192
4507029453_00050,4507029453_00050,"3-way match, invoice before GR",2018-06-01 10:13:00+00:00,2018-06-05 13:14:00+00:00,4.125694444444444,638.0,R2_50_90,test,SAFE_TO_EXECUTE,grouped_iid,0.886769588393732,0.8884615384615384,0.11323041160626801,0.11153846153846159,SAFE_TO_EXECUTE,0.5045390536984206
4507030101_00200,4507030101_00200,"3-way match, invoice before GR",2018-06-01 10:30:00+00:00,2018-06-01 11:17:00+00:00,0.03263888888888889,2962.0,R2_50_90,test,SAFE_TO_EXECUTE,grouped_iid,0.9735545967840411,0.9949238578680203,0.026445403215958896,0.005076142131979711,SAFE_TO_EXECUTE,0.04599532480368192
4507032559_00010,4507032559_00010,"3-way match, invoice before GR",2018-06-01 10:52:00+00:00,2018-06-01 15:38:00+00:00,0.1986111111111111,370.0,R1_0_50,test,SAFE_TO_EXECUTE,grouped_iid,0.9842440636379484,1.0,0.015755936362051637,0.0,SAFE_TO_EXECUTE,5.123178885069411e-14
4507031848_00040,4507031848_00040,"3-way match, invoice before GR",2018-06-01 10:56:00+00:00,2018-06-04 07:44:00+00:00,2.8666666666666667,1640.0,R2_50_90,test,SAFE_TO_EXECUTE,grouped_iid,0.9689903038159288,0.9806451612903225,0.031009696184071234,0.01935483870967747,SAFE_TO_EXECUTE,0.1378026662704413
4507031765_00010,4507031765_00010,"3-way match, invoice before GR",2018-06-01 11:38:00+00:00,2018-06-05 13:40:00+00:00,4.084722222222222,1479.0,R2_50_90,test,SAFE_TO_EXECUTE,grouped_iid,0.9734849471302095,0.9949238578680203,0.0265150528697905,0.005076142131979711,SAFE_TO_EXECUTE,0.04599532480368192
4507028642_00010,4507028642_00010,"3-way match, invoice before GR",2018-06-01 11:59:00+00:00,2018-06-05 07:36:00+00:00,3.817361111111111,2153.0,R2_50_90,test,SAFE_TO_EXECUTE,grouped_iid,0.9542818898121578,0.9602763385146805,0.04571811018784222,0.03972366148531947,SAFE_TO_EXECUTE,0.24102374969289544
4507029259_00010,4507029259_00010,"3-way match, invoice before GR",2018-06-01 12:13:00+00:00,2018-06-08 06:15:00+00:00,6.751388888888889,11351.0,R3_90_99,test,SAFE_TO_EXECUTE,grouped_iid,0.9520594164663877,0.9602763385146805,0.0479405835336123,0.03972366148531947,SAFE_TO_EXECUTE,0.24102374969289544
4507028452_00010,4507028452_00010,"3-way match, invoice before GR",2018-06-04 10:42:00+00:00,2018-06-07 11:52:00+00:00,3.048611111111111,42151.0,R3_90_99,test,SAFE_TO_EXECUTE,grouped_iid,0.6003070389687453,0.7333333333333333,0.39969296103125473,0.2666666666666667,SAFE_TO_EXECUTE,0.8366407419411673
4507030643_00040,4507030643_00040,"3-way match, invoice before GR",2018-06-04 11:26:00+00:00,2018-06-04 13:07:00+00:00,0.07013888888888889,369.0,R1_0_50,test,SAFE_TO_EXECUTE,grouped_iid,0.9374828641596871,0.9357798165137615,0.06251713584031293,0.06422018348623848,SAFE_TO_EXECUTE,0.34397451435953375
4507030643_00070,4507030643_00070,"3-way match, invoice before GR",2018-06-04 11:26:00+00:00,2018-06-04 13:07:00+00:00,0.07013888888888889,294.0,R1_0_50,test,SAFE_TO_EXECUTE,grouped_iid,0.9374927749462441,0.9357798165137615,0.06250722505375594,0.06422018348623848,SAFE_TO_EXECUTE,0.34397451435953375
4507030757_00020,4507030757_00020,"3-way match, invoice before GR",2018-06-04 12:54:00+00:00,2018-06-05 13:57:00+00:00,1.04375,1677.0,R2_50_90,test,SAFE_TO_EXECUTE,grouped_iid,0.9740995599518595,0.9949238578680203,0.025900440048140516,0.005076142131979711,SAFE_TO_EXECUTE,0.04599532480368192
4507030198_00010,4507030198_00010,"3-way match, invoice before GR",2018-06-04 13:51:00+00:00,2018-06-08 06:03:00+00:00,3.675,30333.0,R3_90_99,test,SAFE_TO_EXECUTE,grouped_iid,0.9592661190417494,0.9602763385146805,0.04073388095825059,0.03972366148531947,SAFE_TO_EXECUTE,0.24102374969289544
4507031697_00010,4507031697_00010,"3-way match, invoice before GR",2018-06-04 14:37:00+00:00,2018-06-06 08:10:00+00:00,1.73125,2598.0,R2_50_90,test,SAFE_TO_EXECUTE,grouped_iid,0.9643345030308478,0.97,0.03566549696915222,0.030000000000000027,SAFE_TO_EXECUTE,0.1943918578315763
4507032673_00010,4507032673_00010,"3-way match, invoice before GR",2018-06-04 14:43:00+00:00,2018-06-05 07:53:00+00:00,0.7152777777777778,11777.0,R3_90_99,test,SAFE_TO_EXECUTE,grouped_iid,0.9801165230191412,1.0,0.019883476980858794,0.0,SAFE_TO_EXECUTE,5.123178885069411e-14
4507030876_00020,4507030876_00020,"3-way match, invoice before GR",2018-06-04 15:42:00+00:00,2018-06-05 11:57:00+00:00,0.84375,119.0,R1_0_50,test,SAFE_TO_EXECUTE,grouped_iid,0.9560192717175043,0.9602763385146805,0.04398072828249566,0.03972366148531947,SAFE_TO_EXECUTE,0.24102374969289544
4507033143_00060,4507033143_00060,"3-way match, invoice before GR",2018-06-05 12:52:00+00:00,2018-06-06 06:28:00+00:00,0.7333333333333333,29.0,R1_0_50,test,SAFE_TO_EXECUTE,grouped_iid,0.9714340039425535,0.9949238578680203,0.028565996057446474,0.005076142131979711,SAFE_TO_EXECUTE,0.04599532480368192
4507033143_00080,4507033143_00080,"3-way match, invoice before GR",2018-06-05 12:52:00+00:00,2018-06-06 06:28:00+00:00,0.7333333333333333,19.0,R1_0_50,test,SAFE_TO_EXECUTE,grouped_iid,0.9714346296547723,0.9949238578680203,0.02856537034522766,0.005076142131979711,SAFE_TO_EXECUTE,0.04599532480368192
4507032367_00010,4507032367_00010,"3-way match, invoice before GR",2018-06-05 14:40:00+00:00,2018-06-07 11:34:00+00:00,1.8708333333333333,22863.0,R3_90_99,test,SAFE_TO_EXECUTE,grouped_iid,0.97885338418119,0.9949238578680203,0.021146615818810055,0.005076142131979711,SAFE_TO_EXECUTE,0.04599532480368192
4507029924_00040,4507029924_00040,"3-way match, invoice before GR",2018-06-06 08:17:00+00:00,2018-06-06 10:18:00+00:00,0.08402777777777778,1668.0,R2_50_90,test,SAFE_TO_EXECUTE,grouped_iid,0.9351317101805506,0.9183673469387755,0.06486828981944937,0.08163265306122447,SAFE_TO_EXECUTE,0.4079059801389762
4507032271_00020,4507032271_00020,"3-way match, invoice before GR",2018-06-06 14:16:00+00:00,2018-06-12 07:23:00+00:00,5.7131944444444445,231.0,R1_0_50,test,SAFE_TO_EXECUTE,grouped_iid,0.9533911614688706,0.9602763385146805,0.046608838531129404,0.03972366148531947,SAFE_TO_EXECUTE,0.24102374969289544
4507031233_00090,4507031233_00090,"3-way match, invoice before GR",2018-06-06 14:27:00+00:00,2018-06-12 07:47:00+00:00,5.722222222222222,126.0,R1_0_50,test,SAFE_TO_EXECUTE,grouped_iid,0.9512135297859311,0.9555555555555556,0.0487864702140689,0.0444444444444444,SAFE_TO_EXECUTE,0.2623112196143365
4507028441_00010,4507028441_00010,"3-way match, invoice before GR",2018-06-06 14:58:00+00:00,2018-06-08 06:40:00+00:00,1.6541666666666666,6315.0,R2_50_90,test,SAFE_TO_EXECUTE,grouped_iid,0.7658004624545136,0.7333333333333333,0.2341995375454864,0.2666666666666667,SAFE_TO_EXECUTE,0.8366407419411673
4507032371_00010,4507032371_00010,"3-way match, invoice before GR",2018-06-06 15:23:00+00:00,2018-06-07 11:35:00+00:00,0.8416666666666667,22170.0,R3_90_99,test,SAFE_TO_EXECUTE,grouped_iid,0.9790465942289241,0.9949238578680203,0.02095340577107585,0.005076142131979711,SAFE_TO_EXECUTE,0.04599532480368192
4507031295_00010,4507031295_00010,"3-way match, invoice before GR",2018-06-06 15:31:00+00:00,2018-06-08 13:33:00+00:00,1.9180555555555556,6286.0,R2_50_90,test,SAFE_TO_EXECUTE,grouped_iid,0.948586909307822,0.9357798165137615,0.05141309069217803,0.06422018348623848,SAFE_TO_EXECUTE,0.34397451435953375
4507033133_00010,4507033133_00010,"3-way match, invoice before GR",2018-06-06 15:43:00+00:00,2018-06-07 13:39:00+00:00,0.9138888888888889,49176.0,R3_90_99,test,NOT_SAFE_TO_EXECUTE,grouped_iid,0.6378087762466405,0.7333333333333333,0.36219122375335955,0.2666666666666667,SAFE_TO_EXECUTE,0.8366407419411673
4507031446_00010,4507031446_00010,"3-way match, invoice before GR",2018-06-06 15:45:00+00:00,2018-06-07 09:35:00+00:00,0.7430555555555556,45123.0,R3_90_99,test,SAFE_TO_EXECUTE,grouped_iid,0.6234455003784876,0.7333333333333333,0.37655449962151244,0.2666666666666667,SAFE_TO_EXECUTE,0.8366407419411673
4507033854_00010,4507033854_00010,"3-way match, invoice before GR",2018-06-07 03:47:00+00:00,2018-06-11 11:19:00+00:00,4.313888888888889,498.0,R1_0_50,test,SAFE_TO_EXECUTE,grouped_iid,0.9686701528214543,0.9806451612903225,0.0313298471785457,0.01935483870967747,SAFE_TO_EXECUTE,0.1378026662704413
4507033854_00030,4507033854_00030,"3-way match, invoice before GR",2018-06-07 03:47:00+00:00,2018-06-11 11:19:00+00:00,4.313888888888889,1424.0,R2_50_90,test,SAFE_TO_EXECUTE,grouped_iid,0.9686067239767497,0.9806451612903225,0.03139327602325026,0.01935483870967747,SAFE_TO_EXECUTE,0.1378026662704413
4507031640_00050,4507031640_00050,"3-way match, invoice before GR",2018-06-07 06:05:00+00:00,2018-06-12 07:48:00+00:00,5.071527777777778,122.0,R1_0_50,test,SAFE_TO_EXECUTE,grouped_iid,0.9521282955325823,0.9602763385146805,0.04787170446741773,0.03972366148531947,SAFE_TO_EXECUTE,0.24102374969289544
4507031640_00010,4507031640_00010,"3-way match, invoice before GR",2018-06-07 06:08:00+00:00,2018-06-12 07:48:00+00:00,5.069444444444445,166.0,R1_0_50,test,SAFE_TO_EXECUTE,grouped_iid,0.9521252549815686,0.9602763385146805,0.047874745018431364,0.03972366148531947,SAFE_TO_EXECUTE,0.24102374969289544
4507032522_00010,4507032522_00010,"3-way match, invoice before GR",2018-06-07 09:34:00+00:00,2018-06-08 05:25:00+00:00,0.8270833333333333,28.0,R1_0_50,test,SAFE_TO_EXECUTE,grouped_iid,0.9762099042972074,0.9949238578680203,0.023790095702792557,0.005076142131979711,SAFE_TO_EXECUTE,0.04599532480368192
4507032522_00060,4507032522_00060,"3-way match, invoice before GR",2018-06-07 09:34:00+00:00,2018-06-08 05:25:00+00:00,0.8270833333333333,53.0,R1_0_50,test,SAFE_TO_EXECUTE,grouped_iid,0.9762085950922383,0.9949238578680203,0.02379140490776166,0.005076142131979711,SAFE_TO_EXECUTE,0.04599532480368192
4507033392_00010,4507033392_00010,"3-way match, invoice before GR",2018-06-07 09:37:00+00:00,2018-06-08 09:40:00+00:00,1.0020833333333334,4514.0,R2_50_90,test,SAFE_TO_EXECUTE,grouped_iid,0.9730723914489556,0.9949238578680203,0.02692760855104437,0.005076142131979711,SAFE_TO_EXECUTE,0.04599532480368192
4507028489_00030,4507028489_00030,"3-way match, invoice before GR",2018-06-07 11:12:00+00:00,2018-06-08 11:16:00+00:00,1.0027777777777778,2080.0,R2_50_90,test,SAFE_TO_EXECUTE,grouped_iid,0.99977746045552,1.0,0.0002225395444800382,0.0,SAFE_TO_EXECUTE,5.123178885069411e-14
4507029310_00190,4507029310_00190,"3-way match, invoice before GR",2018-06-07 14:15:00+00:00,2018-06-07 15:08:00+00:00,0.03680555555555556,1946.0,R2_50_90,test,SAFE_TO_EXECUTE,grouped_iid,0.9553200279372601,0.9602763385146805,0.04467997206273988,0.03972366148531947,SAFE_TO_EXECUTE,0.24102374969289544
4507030760_00010,4507030760_00010,"3-way match, invoice before GR",2018-06-07 15:55:00+00:00,2018-06-08 09:41:00+00:00,0.7402777777777778,4522.0,R2_50_90,test,SAFE_TO_EXECUTE,grouped_iid,0.9006108307610469,0.8884615384615384,0.09938916923895313,0.11153846153846159,SAFE_TO_EXECUTE,0.5045390536984206
4507033761_00030,4507033761_00030,"3-way match, invoice before GR",2018-06-08 14:17:00+00:00,2018-06-11 13:53:00+00:00,2.9833333333333334,271.0,R1_0_50,test,SAFE_TO_EXECUTE,grouped_iid,0.9329157979720802,0.9183673469387755,0.06708420202791976,0.08163265306122447,SAFE_TO_EXECUTE,0.4079059801389762
4507031198_00010,4507031198_00010,"3-way match, invoice before GR",2018-06-11 10:58:00+00:00,2018-06-19 09:50:00+00:00,7.9527777777777775,787.0,R2_50_90,test,SAFE_TO_EXECUTE,grouped_iid,0.9610760748470224,0.9602763385146805,0.0389239251529776,0.03972366148531947,SAFE_TO_EXECUTE,0.24102374969289544
4507032880_00020,4507032880_00020,"3-way match, invoice before GR",2018-06-11 11:08:00+00:00,2018-06-12 11:30:00+00:00,1.0152777777777777,111.0,R1_0_50,test,SAFE_TO_EXECUTE,grouped_iid,0.9559599940872651,0.9602763385146805,0.044040005912734936,0.03972366148531947,SAFE_TO_EXECUTE,0.24102374969289544
4507031664_00070,4507031664_00070,"3-way match, invoice before GR",2018-06-11 13:04:00+00:00,2018-06-12 12:40:00+00:00,0.9833333333333333,150.0,R1_0_50,test,SAFE_TO_EXECUTE,grouped_iid,0.9535037229909151,0.9602763385146805,0.046496277009084874,0.03972366148531947,SAFE_TO_EXECUTE,0.24102374969289544
4507031664_00120,4507031664_00120,"3-way match, invoice before GR",2018-06-11 13:04:00+00:00,2018-06-12 12:40:00+00:00,0.9833333333333333,76.0,R1_0_50,test,SAFE_TO_EXECUTE,grouped_iid,0.9535111199975599,0.9602763385146805,0.046488880002440114,0.03972366148531947,SAFE_TO_EXECUTE,0.24102374969289544
4507032150_00030,4507032150_00030,"3-way match, invoice before GR",2018-06-11 13:10:00+00:00,2018-06-18 07:25:00+00:00,6.760416666666667,1129.0,R2_50_90,test,SAFE_TO_EXECUTE,grouped_iid,0.955195111014547,0.9602763385146805,0.044804888985452984,0.03972366148531947,SAFE_TO_EXECUTE,0.24102374969289544
4507025958_00030,4507025958_00030,"3-way match, invoice before GR",2018-06-12 05:00:00+00:00,2018-06-14 10:45:00+00:00,2.2395833333333335,804.0,R2_50_90,test,SAFE_TO_EXECUTE,grouped_iid,0.9811972125988062,1.0,0.018802787401193788,0.0,SAFE_TO_EXECUTE,5.123178885069411e-14
4507027591_00010,4507027591_00010,"3-way match, invoice before GR",2018-06-12 07:36:00+00:00,2018-06-14 10:59:00+00:00,2.140972222222222,20351.0,R3_90_99,test,SAFE_TO_EXECUTE,grouped_iid,0.9569837987425054,0.9602763385146805,0.04301620125749461,0.03972366148531947,SAFE_TO_EXECUTE,0.24102374969289544
4507026568_00190,4507026568_00190,"3-way match, invoice before GR",2018-06-12 08:01:00+00:00,2018-09-10 11:39:00+00:00,90.15138888888889,4107.0,R2_50_90,test,NOT_SAFE_TO_EXECUTE,grouped_iid,0.2570315492307936,0.06666666666666667,0.7429684507692065,0.9333333333333333,NOT_SAFE_TO_EXECUTE,0.3533593350214213
4507026568_00320,4507026568_00320,"3-way match, invoice before GR",2018-06-12 08:01:00+00:00,2018-09-10 11:39:00+00:00,90.15138888888889,4269.0,R2_50_90,test,NOT_SAFE_TO_EXECUTE,grouped_iid,0.2569617983249437,0.06666666666666667,0.7430382016750563,0.9333333333333333,NOT_SAFE_TO_EXECUTE,0.3533593350214213
4507035149_00010,4507035149_00010,"3-way match, invoice before GR",2018-06-12 08:48:00+00:00,2018-06-12 12:09:00+00:00,0.13958333333333334,153.0,R1_0_50,test,SAFE_TO_EXECUTE,grouped_iid,0.9711307596266151,0.9949238578680203,0.028869240373384897,0.005076142131979711,SAFE_TO_EXECUTE,0.04599532480368192
4507035149_00040,4507035149_00040,"3-way match, invoice before GR",2018-06-12 08:48:00+00:00,2018-06-12 12:09:00+00:00,0.13958333333333334,402.0,R1_0_50,test,SAFE_TO_EXECUTE,grouped_iid,0.971115014582704,0.9949238578680203,0.028884985417296005,0.005076142131979711,SAFE_TO_EXECUTE,0.04599532480368192
4507035149_00100,4507035149_00100,"3-way match, invoice before GR",2018-06-12 08:48:00+00:00,2018-06-12 12:09:00+00:00,0.13958333333333334,219.0,R1_0_50,test,SAFE_TO_EXECUTE,grouped_iid,0.9711265870527672,0.9949238578680203,0.02887341294723278,0.005076142131979711,SAFE_TO_EXECUTE,0.04599532480368192
4507035149_00120,4507035149_00120,"3-way match, invoice before GR",2018-06-12 08:48:00+00:00,2018-06-12 12:09:00+00:00,0.13958333333333334,2318.0,R2_50_90,test,SAFE_TO_EXECUTE,grouped_iid,0.9709935809267035,0.9949238578680203,0.029006419073296486,0.005076142131979711,SAFE_TO_EXECUTE,0.04599532480368192
4507035149_00180,4507035149_00180,"3-way match, invoice before GR",2018-06-12 08:48:00+00:00,2018-06-12 12:09:00+00:00,0.13958333333333334,47.0,R1_0_50,test,SAFE_TO_EXECUTE,grouped_iid,0.9711469705153947,0.9949238578680203,0.02885302948460533,0.005076142131979711,SAFE_TO_EXECUTE,0.04599532480368192
4507026047_00130,4507026047_00130,"3-way match, invoice before GR",2018-06-12 09:45:00+00:00,2018-09-05 10:49:00+00:00,85.04444444444445,4322.0,R2_50_90,test,SAFE_TO_EXECUTE,grouped_iid,0.5877597547264248,0.7333333333333333,0.41224024527357517,0.2666666666666667,SAFE_TO_EXECUTE,0.8366407419411673
4507016788_00110,4507016788_00110,"3-way match, invoice before GR",2018-06-12 10:16:00+00:00,2018-06-12 12:09:00+00:00,0.07847222222222222,320.0,R1_0_50,test,SAFE_TO_EXECUTE,grouped_iid,0.9377240282018217,0.9357798165137615,0.06227597179817834,0.06422018348623848,SAFE_TO_EXECUTE,0.34397451435953375
4507033753_00040,4507033753_00040,"3-way match, invoice before GR",2018-06-12 13:06:00+00:00,2018-06-15 09:02:00+00:00,2.8305555555555557,95.0,R1_0_50,test,SAFE_TO_EXECUTE,grouped_iid,0.9689713537844776,0.9806451612903225,0.03102864621552237,0.01935483870967747,SAFE_TO_EXECUTE,0.1378026662704413
4507028784_00010,4507028784_00010,"3-way match, invoice before GR",2018-06-12 13:30:00+00:00,2018-06-20 05:25:00+00:00,7.663194444444445,45123.0,R3_90_99,test,SAFE_TO_EXECUTE,grouped_iid,0.5661946320795357,0.7333333333333333,0.4338053679204643,0.2666666666666667,SAFE_TO_EXECUTE,0.8366407419411673
4507032455_00010,4507032455_00010,"3-way match, invoice before GR",2018-06-12 14:03:00+00:00,2018-06-18 14:09:00+00:00,6.004166666666666,45663.0,R3_90_99,test,SAFE_TO_EXECUTE,grouped_iid,0.8579017970524897,0.8404255319148937,0.1420982029475103,0.15957446808510634,SAFE_TO_EXECUTE,0.6332905746550958
4507031011_00010,4507031011_00010,"3-way match, invoice before GR",2018-06-12 14:50:00+00:00,2018-06-20 17:56:00+00:00,8.129166666666666,12730.0,R3_90_99,test,SAFE_TO_EXECUTE,grouped_iid,0.9413509431715799,0.9357798165137615,0.05864905682842014,0.06422018348623848,SAFE_TO_EXECUTE,0.34397451435953375
4507033159_00030,4507033159_00030,"3-way match, invoice before GR",2018-06-12 15:07:00+00:00,2018-06-18 12:08:00+00:00,5.875694444444444,125.0,R1_0_50,test,SAFE_TO_EXECUTE,grouped_iid,0.9515896901508983,0.9555555555555556,0.04841030984910166,0.0444444444444444,SAFE_TO_EXECUTE,0.2623112196143365
4507034275_00010,4507034275_00010,"3-way match, invoice before GR",2018-06-13 09:26:00+00:00,2018-06-13 12:17:00+00:00,0.11875,138.0,R1_0_50,test,SAFE_TO_EXECUTE,grouped_iid,0.957186353802404,0.9602763385146805,0.04281364619759598,0.03972366148531947,SAFE_TO_EXECUTE,0.24102374969289544
4507031702_00060,4507031702_00060,"3-way match, invoice before GR",2018-06-13 09:47:00+00:00,2018-06-13 10:17:00+00:00,0.020833333333333332,135.0,R1_0_50,test,SAFE_TO_EXECUTE,grouped_iid,0.9526649447350154,0.9602763385146805,0.047335055264984605,0.03972366148531947,SAFE_TO_EXECUTE,0.24102374969289544
4507031702_00330,4507031702_00330,"3-way match, invoice before GR",2018-06-13 09:47:00+00:00,2018-06-13 10:17:00+00:00,0.020833333333333332,914.0,R2_50_90,test,SAFE_TO_EXECUTE,grouped_iid,0.9525856722540138,0.9602763385146805,0.047414327745986196,0.03972366148531947,SAFE_TO_EXECUTE,0.24102374969289544
4507032355_00020,4507032355_00020,"3-way match, invoice before GR",2018-06-13 10:01:00+00:00,2018-06-13 10:15:00+00:00,0.009722222222222222,151.0,R1_0_50,test,NOT_SAFE_TO_EXECUTE,grouped_iid,0.9543891269969748,0.9602763385146805,0.04561087300302524,0.03972366148531947,SAFE_TO_EXECUTE,0.24102374969289544
4507032355_00060,4507032355_00060,"3-way match, invoice before GR",2018-06-13 10:01:00+00:00,2018-06-13 10:15:00+00:00,0.009722222222222222,694.0,R2_50_90,test,SAFE_TO_EXECUTE,grouped_iid,0.9543357994131335,0.9602763385146805,0.04566420058686649,0.03972366148531947,SAFE_TO_EXECUTE,0.24102374969289544
4507032355_00120,4507032355_00120,"3-way match, invoice before GR",2018-06-13 10:01:00+00:00,2018-06-13 10:15:00+00:00,0.009722222222222222,223.0,R1_0_50,test,SAFE_TO_EXECUTE,grouped_iid,0.9543820593478396,0.9602763385146805,0.045617940652160405,0.03972366148531947,SAFE_TO_EXECUTE,0.24102374969289544
4507034356_00060,4507034356_00060,"3-way match, invoice before GR",2018-06-13 10:15:00+00:00,2018-06-18 06:26:00+00:00,4.840972222222222,8.0,R1_0_50,test,NOT_SAFE_TO_EXECUTE,grouped_iid,0.5205969305840807,0.5,0.47940306941591926,0.5,SAFE_TO_EXECUTE,1.0
4507034360_00040,4507034360_00040,"3-way match, invoice before GR",2018-06-13 10:19:00+00:00,2018-06-18 06:27:00+00:00,4.838888888888889,8.0,R1_0_50,test,NOT_SAFE_TO_EXECUTE,grouped_iid,0.520621422423546,0.5,0.47937857757645397,0.5,SAFE_TO_EXECUTE,1.0
4507030756_00200,4507030756_00200,"3-way match, invoice before GR",2018-06-13 12:37:00+00:00,2018-06-14 07:56:00+00:00,0.8048611111111111,2600.0,R2_50_90,test,SAFE_TO_EXECUTE,grouped_iid,0.9551204264077666,0.9602763385146805,0.04487957359223338,0.03972366148531947,SAFE_TO_EXECUTE,0.24102374969289544
4507035344_00010,4507035344_00010,"3-way match, invoice before GR",2018-06-13 15:27:00+00:00,2018-06-20 11:48:00+00:00,6.847916666666666,3132.0,R2_50_90,test,NOT_SAFE_TO_EXECUTE,grouped_iid,0.8697469211732245,0.8404255319148937,0.1302530788267755,0.15957446808510634,SAFE_TO_EXECUTE,0.6332905746550958
4507031994_00010,4507031994_00010,"3-way match, invoice before GR",2018-06-13 15:48:00+00:00,2018-06-18 07:40:00+00:00,4.661111111111111,9259.0,R3_90_99,test,SAFE_TO_EXECUTE,grouped_iid,0.9279680844739648,0.9183673469387755,0.07203191552603516,0.08163265306122447,SAFE_TO_EXECUTE,0.4079059801389762
4507020155_00020,4507020155_00020,"3-way match, invoice before GR",2018-06-13 15:52:00+00:00,2018-06-14 08:00:00+00:00,0.6722222222222223,61033.0,R4_99_100,test,SAFE_TO_EXECUTE,grouped_iid,0.953082481507116,0.9602763385146805,0.04691751849288395,0.03972366148531947,SAFE_TO_EXECUTE,0.24102374969289544
4507028640_00010,4507028640_00010,"3-way match, invoice before GR",2018-06-14 04:42:00+00:00,2018-06-14 13:05:00+00:00,0.34930555555555554,989.0,R2_50_90,test,SAFE_TO_EXECUTE,grouped_iid,0.9700337303351676,0.9806451612903225,0.0299662696648324,0.01935483870967747,SAFE_TO_EXECUTE,0.1378026662704413
4507036103_00110,4507036103_00110,"3-way match, invoice before GR",2018-06-14 07:21:00+00:00,2018-06-19 15:41:00+00:00,5.347222222222222,126.0,R1_0_50,test,SAFE_TO_EXECUTE,grouped_iid,0.9686891103542162,0.9806451612903225,0.03131088964578377,0.01935483870967747,SAFE_TO_EXECUTE,0.1378026662704413
4507030979_00060,4507030979_00060,"3-way match, invoice before GR",2018-06-14 08:01:00+00:00,2018-06-14 08:45:00+00:00,0.030555555555555555,89.0,R1_0_50,test,SAFE_TO_EXECUTE,grouped_iid,0.9514093459983166,0.9555555555555556,0.04859065400168339,0.0444444444444444,SAFE_TO_EXECUTE,0.2623112196143365
4507030979_00070,4507030979_00070,"3-way match, invoice before GR",2018-06-14 08:01:00+00:00,2018-06-14 08:45:00+00:00,0.030555555555555555,71.0,R1_0_50,test,SAFE_TO_EXECUTE,grouped_iid,0.951411222294025,0.9555555555555556,0.04858877770597503,0.0444444444444444,SAFE_TO_EXECUTE,0.2623112196143365
4507030979_00370,4507030979_00370,"3-way match, invoice before GR",2018-06-14 08:01:00+00:00,2018-06-14 08:45:00+00:00,0.030555555555555555,326.0,R1_0_50,test,SAFE_TO_EXECUTE,grouped_iid,0.9556512439324001,0.9602763385146805,0.044348756067599915,0.03972366148531947,SAFE_TO_EXECUTE,0.24102374969289544
4507030979_00420,4507030979_00420,"3-way match, invoice before GR",2018-06-14 08:01:00+00:00,2018-06-14 08:45:00+00:00,0.030555555555555555,328.0,R1_0_50,test,SAFE_TO_EXECUTE,grouped_iid,0.9513844264428812,0.9555555555555556,0.04861557355711876,0.0444444444444444,SAFE_TO_EXECUTE,0.2623112196143365
4507030979_00490,4507030979_00490,"3-way match, invoice before GR",2018-06-14 08:01:00+00:00,2018-06-14 08:45:00+00:00,0.030555555555555555,400.0,R1_0_50,test,SAFE_TO_EXECUTE,grouped_iid,0.9513769169198502,0.9555555555555556,0.04862308308014984,0.0444444444444444,SAFE_TO_EXECUTE,0.2623112196143365
4507033896_00010,4507033896_00010,"3-way match, invoice before GR",2018-06-14 09:19:00+00:00,2018-06-14 11:31:00+00:00,0.09166666666666666,355.0,R1_0_50,test,SAFE_TO_EXECUTE,grouped_iid,0.9745177627658215,0.9949238578680203,0.02548223723417853,0.005076142131979711,SAFE_TO_EXECUTE,0.04599532480368192
4507035769_00030,4507035769_00030,"3-way match, invoice before GR",2018-06-14 09:22:00+00:00,2018-06-14 15:34:00+00:00,0.25833333333333336,186.0,R1_0_50,test,SAFE_TO_EXECUTE,grouped_iid,0.9867447462720148,1.0,0.013255253727985195,0.0,SAFE_TO_EXECUTE,5.123178885069411e-14
4507035769_00070,4507035769_00070,"3-way match, invoice before GR",2018-06-14 09:22:00+00:00,2018-06-14 15:34:00+00:00,0.25833333333333336,99.0,R1_0_50,test,SAFE_TO_EXECUTE,grouped_iid,0.9867473118618822,1.0,0.013252688138117752,0.0,SAFE_TO_EXECUTE,5.123178885069411e-14
4507035769_00120,4507035769_00120,"3-way match, invoice before GR",2018-06-14 09:22:00+00:00,2018-06-14 15:34:00+00:00,0.25833333333333336,422.0,R1_0_50,test,SAFE_TO_EXECUTE,grouped_iid,0.9867377842732064,1.0,0.013262215726793647,0.0,SAFE_TO_EXECUTE,5.123178885069411e-14
4507033323_00010,4507033323_00010,"3-way match, invoice before GR",2018-06-14 15:03:00+00:00,2018-06-15 05:31:00+00:00,0.6027777777777777,11186.0,R3_90_99,test,SAFE_TO_EXECUTE,grouped_iid,0.8766660104942025,0.8404255319148937,0.12333398950579755,0.15957446808510634,SAFE_TO_EXECUTE,0.6332905746550958
4507035179_00020,4507035179_00020,"3-way match, invoice before GR",2018-06-15 04:12:00+00:00,2018-06-15 13:47:00+00:00,0.3993055555555556,3464.0,R2_50_90,test,SAFE_TO_EXECUTE,grouped_iid,0.9821490173311004,1.0,0.017850982668899618,0.0,SAFE_TO_EXECUTE,5.123178885069411e-14
4507032372_00010,4507032372_00010,"3-way match, invoice before GR",2018-06-15 07:21:00+00:00,2018-06-18 13:11:00+00:00,3.2430555555555554,1745.0,R2_50_90,test,SAFE_TO_EXECUTE,grouped_iid,0.8281495733622928,0.7678571428571429,0.17185042663770722,0.2321428571428571,SAFE_TO_EXECUTE,0.7817281222714539
4507026047_00090,4507026047_00090,"3-way match, invoice before GR",2018-06-15 08:20:00+00:00,2018-09-05 10:49:00+00:00,82.10347222222222,4332.0,R2_50_90,test,NOT_SAFE_TO_EXECUTE,grouped_iid,0.29040942569611955,0.06666666666666667,0.7095905743038804,0.9333333333333333,NOT_SAFE_TO_EXECUTE,0.3533593350214213
4507031177_00010,4507031177_00010,"3-way match, invoice before GR",2018-06-15 08:34:00+00:00,2018-06-19 08:49:00+00:00,4.010416666666667,3561.0,R2_50_90,test,SAFE_TO_EXECUTE,grouped_iid,0.9793880312911393,0.9983396081333317,0.02061196870886073,0.0016603918666683315,SAFE_TO_EXECUTE,0.017725940379636703
4507035636_00040,4507035636_00040,"3-way match, invoice before GR",2018-06-15 09:15:00+00:00,2018-06-19 08:29:00+00:00,3.9680555555555554,2481.0,R2_50_90,test,SAFE_TO_EXECUTE,grouped_iid,0.9684164039005173,0.9806451612903225,0.03158359609948269,0.01935483870967747,SAFE_TO_EXECUTE,0.1378026662704413
4507031689_00010,4507031689_00010,"3-way match, invoice before GR",2018-06-15 11:10:00+00:00,2018-06-18 16:14:00+00:00,3.2111111111111112,8660.0,R3_90_99,test,SAFE_TO_EXECUTE,grouped_iid,0.9761775571574259,0.9949238578680203,0.023822442842574065,0.005076142131979711,SAFE_TO_EXECUTE,0.04599532480368192
4507034319_00010,4507034319_00010,"3-way match, invoice before GR",2018-06-15 11:15:00+00:00,2018-06-18 14:55:00+00:00,3.1527777777777777,59.0,R1_0_50,test,SAFE_TO_EXECUTE,grouped_iid,0.954328651176267,0.9602763385146805,0.04567134882373303,0.03972366148531947,SAFE_TO_EXECUTE,0.24102374969289544
4507035108_00010,4507035108_00010,"3-way match, invoice before GR",2018-06-18 07:44:00+00:00,2018-06-18 07:55:00+00:00,0.007638888888888889,1723.0,R2_50_90,test,SAFE_TO_EXECUTE,grouped_iid,0.9748934479441158,0.9949238578680203,0.02510655205588419,0.005076142131979711,SAFE_TO_EXECUTE,0.04599532480368192
4507036449_00100,4507036449_00100,"3-way match, invoice before GR",2018-06-18 11:14:00+00:00,2018-06-19 05:08:00+00:00,0.7458333333333333,299.0,R1_0_50,test,SAFE_TO_EXECUTE,grouped_iid,0.986804612087219,1.0,0.013195387912780965,0.0,SAFE_TO_EXECUTE,5.123178885069411e-14
4507034948_00010,4507034948_00010,"3-way match, invoice before GR",2018-06-19 06:58:00+00:00,2018-06-25 10:56:00+00:00,6.165277777777778,504.0,R1_0_50,test,SAFE_TO_EXECUTE,grouped_iid,0.9719776181117591,0.9949238578680203,0.02802238188824091,0.005076142131979711,SAFE_TO_EXECUTE,0.04599532480368192
4507032355_00050,4507032355_00050,"3-way match, invoice before GR",2018-06-19 07:19:00+00:00,2018-06-19 09:05:00+00:00,0.07361111111111111,135.0,R1_0_50,test,SAFE_TO_EXECUTE,grouped_iid,0.9517789053311475,0.9602763385146805,0.04822109466885249,0.03972366148531947,SAFE_TO_EXECUTE,0.24102374969289544
4507034838_00010,4507034838_00010,"3-way match, invoice before GR",2018-06-19 07:39:00+00:00,2018-06-20 05:24:00+00:00,0.90625,45123.0,R3_90_99,test,NOT_SAFE_TO_EXECUTE,grouped_iid,0.29748757258882724,0.06666666666666667,0.7025124274111727,0.9333333333333333,NOT_SAFE_TO_EXECUTE,0.3533593350214213
4507035201_00030,4507035201_00030,"3-way match, invoice before GR",2018-06-19 08:07:00+00:00,2018-06-21 16:00:00+00:00,2.328472222222222,125.0,R1_0_50,test,SAFE_TO_EXECUTE,grouped_iid,0.9543001226543979,0.9602763385146805,0.0456998773456021,0.03972366148531947,SAFE_TO_EXECUTE,0.24102374969289544
4507028772_00070,4507028772_00070,"3-way match, invoice before GR",2018-06-19 08:53:00+00:00,2018-06-20 07:22:00+00:00,0.9368055555555556,4519.0,R2_50_90,test,SAFE_TO_EXECUTE,grouped_iid,0.923083512476337,0.9183673469387755,0.07691648752366298,0.08163265306122447,SAFE_TO_EXECUTE,0.4079059801389762
4507027472_00070,4507027472_00070,"3-way match, invoice before GR",2018-06-19 09:01:00+00:00,2018-06-19 09:35:00+00:00,0.02361111111111111,839.0,R2_50_90,test,SAFE_TO_EXECUTE,grouped_iid,0.9644348019081298,0.97,0.0355651980918702,0.030000000000000027,SAFE_TO_EXECUTE,0.1943918578315763
4507027472_00010,4507027472_00010,"3-way match, invoice before GR",2018-06-19 09:05:00+00:00,2018-06-19 09:26:00+00:00,0.014583333333333334,2555.0,R2_50_90,test,SAFE_TO_EXECUTE,grouped_iid,0.9643069767709229,0.97,0.03569302322907708,0.030000000000000027,SAFE_TO_EXECUTE,0.1943918578315763
4507031774_00010,4507031774_00010,"3-way match, invoice before GR",2018-06-19 09:35:00+00:00,2018-06-21 08:22:00+00:00,1.9493055555555556,4798.0,R2_50_90,test,SAFE_TO_EXECUTE,grouped_iid,0.9651563367315491,0.97,0.0348436632684509,0.030000000000000027,SAFE_TO_EXECUTE,0.1943918578315763
4507032441_00010,4507032441_00010,"3-way match, invoice before GR",2018-06-19 09:54:00+00:00,2018-06-19 16:19:00+00:00,0.2673611111111111,64951.0,R4_99_100,test,SAFE_TO_EXECUTE,grouped_iid,0.9108700218386776,0.8884615384615384,0.0891299781613224,0.11153846153846159,SAFE_TO_EXECUTE,0.5045390536984206
4507034502_00010,4507034502_00010,"3-way match, invoice before GR",2018-06-19 10:06:00+00:00,2018-06-27 11:37:00+00:00,8.063194444444445,6573.0,R2_50_90,test,SAFE_TO_EXECUTE,grouped_iid,0.9498446461840372,0.9555555555555556,0.05015535381596281,0.0444444444444444,SAFE_TO_EXECUTE,0.2623112196143365
4507035195_00010,4507035195_00010,"3-way match, invoice before GR",2018-06-19 10:37:00+00:00,2018-06-20 13:17:00+00:00,1.1111111111111112,7669.0,R3_90_99,test,SAFE_TO_EXECUTE,grouped_iid,0.9607566654098431,0.9602763385146805,0.03924333459015694,0.03972366148531947,SAFE_TO_EXECUTE,0.24102374969289544
4507035195_00020,4507035195_00020,"3-way match, invoice before GR",2018-06-19 10:37:00+00:00,2018-06-20 13:17:00+00:00,1.1111111111111112,6709.0,R2_50_90,test,SAFE_TO_EXECUTE,grouped_iid,0.9630857651668715,0.9602763385146805,0.0369142348331285,0.03972366148531947,SAFE_TO_EXECUTE,0.24102374969289544
4507028844_00010,4507028844_00010,"3-way match, invoice before GR",2018-06-19 13:10:00+00:00,2018-06-19 13:57:00+00:00,0.03263888888888889,32985.0,R3_90_99,test,SAFE_TO_EXECUTE,grouped_iid,0.7868851426160927,0.7333333333333333,0.21311485738390734,0.2666666666666667,SAFE_TO_EXECUTE,0.8366407419411673
4507035820_00020,4507035820_00020,"3-way match, invoice before GR",2018-06-19 13:45:00+00:00,2018-06-21 15:58:00+00:00,2.092361111111111,405.0,R1_0_50,test,SAFE_TO_EXECUTE,grouped_iid,0.9560724543792682,0.9602763385146805,0.043927545620731756,0.03972366148531947,SAFE_TO_EXECUTE,0.24102374969289544
4507035201_00050,4507035201_00050,"3-way match, invoice before GR",2018-06-19 13:47:00+00:00,2018-06-21 16:00:00+00:00,2.092361111111111,228.0,R1_0_50,test,SAFE_TO_EXECUTE,grouped_iid,0.9544504288198054,0.9602763385146805,0.04554957118019465,0.03972366148531947,SAFE_TO_EXECUTE,0.24102374969289544
4507035201_00020,4507035201_00020,"3-way match, invoice before GR",2018-06-19 13:53:00+00:00,2018-06-21 16:00:00+00:00,2.0881944444444445,125.0,R1_0_50,test,SAFE_TO_EXECUTE,grouped_iid,0.9544633505389953,0.9602763385146805,0.045536649461004663,0.03972366148531947,SAFE_TO_EXECUTE,0.24102374969289544
4507035820_00140,4507035820_00140,"3-way match, invoice before GR",2018-06-19 14:04:00+00:00,2018-06-21 15:58:00+00:00,2.0791666666666666,122.0,R1_0_50,test,SAFE_TO_EXECUTE,grouped_iid,0.9561078869659213,0.9602763385146805,0.043892113034078695,0.03972366148531947,SAFE_TO_EXECUTE,0.24102374969289544
4507033425_00040,4507033425_00040,"3-way match, invoice before GR",2018-06-19 14:36:00+00:00,2018-06-21 09:10:00+00:00,1.773611111111111,739.0,R2_50_90,test,SAFE_TO_EXECUTE,grouped_iid,0.9479978512854975,0.9357798165137615,0.05200214871450248,0.06422018348623848,SAFE_TO_EXECUTE,0.34397451435953375
4507036524_00050,4507036524_00050,"3-way match, invoice before GR",2018-06-19 14:46:00+00:00,2018-06-19 15:45:00+00:00,0.04097222222222222,3396.0,R2_50_90,test,SAFE_TO_EXECUTE,grouped_iid,0.9771883143162217,0.9949238578680203,0.022811685683778338,0.005076142131979711,SAFE_TO_EXECUTE,0.04599532480368192
4507022932_00010,4507022932_00010,"3-way match, invoice before GR",2018-06-19 15:00:00+00:00,2018-06-21 18:33:00+00:00,2.1479166666666667,1015.0,R2_50_90,test,SAFE_TO_EXECUTE,grouped_iid,0.9324439298424584,0.9183673469387755,0.06755607015754161,0.08163265306122447,SAFE_TO_EXECUTE,0.4079059801389762
4507027469_00010,4507027469_00010,"3-way match, invoice before GR",2018-06-19 15:47:00+00:00,2018-06-20 14:41:00+00:00,0.9541666666666667,1043.0,R2_50_90,test,SAFE_TO_EXECUTE,grouped_iid,0.9439131377731603,0.9357798165137615,0.05608686222683967,0.06422018348623848,SAFE_TO_EXECUTE,0.34397451435953375
4507036598_00030,4507036598_00030,"3-way match, invoice before GR",2018-06-20 03:16:00+00:00,2018-06-20 13:01:00+00:00,0.40625,3117.0,R2_50_90,test,SAFE_TO_EXECUTE,grouped_iid,0.9340320851535217,0.9183673469387755,0.06596791484647835,0.08163265306122447,SAFE_TO_EXECUTE,0.4079059801389762
4507011889_00020,4507011889_00020,"3-way match, invoice before GR",2018-06-20 03:49:00+00:00,2018-06-21 09:40:00+00:00,1.24375,2629.0,R2_50_90,test,NOT_SAFE_TO_EXECUTE,grouped_iid,0.3162908957288363,0.06666666666666667,0.6837091042711637,0.9333333333333333,NOT_SAFE_TO_EXECUTE,0.3533593350214213
4507037147_00030,4507037147_00030,"3-way match, invoice before GR",2018-06-20 07:55:00+00:00,2018-06-20 15:38:00+00:00,0.3215277777777778,74.0,R1_0_50,test,SAFE_TO_EXECUTE,grouped_iid,0.9842238331495022,1.0,0.015776166850497764,0.0,SAFE_TO_EXECUTE,5.123178885069411e-14
4507035966_00020,4507035966_00020,"3-way match, invoice before GR",2018-06-20 08:17:00+00:00,2018-06-20 08:39:00+00:00,0.015277777777777777,934.0,R2_50_90,test,SAFE_TO_EXECUTE,grouped_iid,0.969416735402024,0.9806451612903225,0.030583264597976,0.01935483870967747,SAFE_TO_EXECUTE,0.1378026662704413
4507037143_00010,4507037143_00010,"3-way match, invoice before GR",2018-06-20 13:16:00+00:00,2018-06-20 15:39:00+00:00,0.09930555555555555,358.0,R1_0_50,test,SAFE_TO_EXECUTE,grouped_iid,0.9874034776575132,1.0,0.01259652234248676,0.0,SAFE_TO_EXECUTE,5.123178885069411e-14
4507037143_00050,4507037143_00050,"3-way match, invoice before GR",2018-06-20 13:16:00+00:00,2018-06-20 15:39:00+00:00,0.09930555555555555,159.0,R1_0_50,test,SAFE_TO_EXECUTE,grouped_iid,0.9874090574749571,1.0,0.012590942525042892,0.0,SAFE_TO_EXECUTE,5.123178885069411e-14
4507037143_00060,4507037143_00060,"3-way match, invoice before GR",2018-06-20 13:16:00+00:00,2018-06-20 15:39:00+00:00,0.09930555555555555,428.0,R1_0_50,test,SAFE_TO_EXECUTE,grouped_iid,0.9874015143273255,1.0,0.01259848567267452,0.0,SAFE_TO_EXECUTE,5.123178885069411e-14
4507037143_00140,4507037143_00140,"3-way match, invoice before GR",2018-06-20 13:16:00+00:00,2018-06-20 15:39:00+00:00,0.09930555555555555,714.0,R2_50_90,test,SAFE_TO_EXECUTE,grouped_iid,0.9873934895819572,1.0,0.012606510418042838,0.0,SAFE_TO_EXECUTE,5.123178885069411e-14
4507035589_00010,4507035589_00010,"3-way match, invoice before GR",2018-06-20 13:18:00+00:00,2018-06-22 09:59:00+00:00,1.8618055555555555,3117.0,R2_50_90,test,SAFE_TO_EXECUTE,grouped_iid,0.9723921075359062,0.9949238578680203,0.027607892464093786,0.005076142131979711,SAFE_TO_EXECUTE,0.04599532480368192
4507037263_00020,4507037263_00020,"3-way match, invoice before GR",2018-06-21 03:45:00+00:00,2018-06-21 13:44:00+00:00,0.41597222222222224,1247.0,R2_50_90,test,SAFE_TO_EXECUTE,grouped_iid,0.9829002950902149,1.0,0.017099704909785074,0.0,SAFE_TO_EXECUTE,5.123178885069411e-14
4507037548_00070,4507037548_00070,"3-way match, invoice before GR",2018-06-21 07:31:00+00:00,2018-06-21 16:03:00+00:00,0.35555555555555557,958.0,R2_50_90,test,SAFE_TO_EXECUTE,grouped_iid,0.9708533295344713,0.9949238578680203,0.029146670465528657,0.005076142131979711,SAFE_TO_EXECUTE,0.04599532480368192
4507034507_00010,4507034507_00010,"3-way match, invoice before GR",2018-06-21 08:23:00+00:00,2018-06-26 12:56:00+00:00,5.189583333333333,12.0,R1_0_50,test,SAFE_TO_EXECUTE,grouped_iid,0.9857038040915923,1.0,0.014296195908407694,0.0,SAFE_TO_EXECUTE,5.123178885069411e-14
4507036158_00010,4507036158_00010,"3-way match, invoice before GR",2018-06-21 14:18:00+00:00,2018-06-25 09:01:00+00:00,3.779861111111111,84.0,R1_0_50,test,NOT_SAFE_TO_EXECUTE,grouped_iid,0.5227441625847606,0.5,0.47725583741523936,0.5,SAFE_TO_EXECUTE,1.0
4507032336_00010,4507032336_00010,"3-way match, invoice before GR",2018-06-21 14:29:00+00:00,2018-06-21 14:57:00+00:00,0.019444444444444445,5409.0,R2_50_90,test,SAFE_TO_EXECUTE,grouped_iid,0.9631694863306077,0.9602763385146805,0.03683051366939227,0.03972366148531947,SAFE_TO_EXECUTE,0.24102374969289544
4507035815_00010,4507035815_00010,"3-way match, invoice before GR",2018-06-21 14:50:00+00:00,2018-06-25 13:06:00+00:00,3.9277777777777776,32042.0,R3_90_99,test,NOT_SAFE_TO_EXECUTE,grouped_iid,0.8680691517019872,0.8404255319148937,0.13193084829801283,0.15957446808510634,SAFE_TO_EXECUTE,0.6332905746550958
4507032913_00010,4507032913_00010,"3-way match, invoice before GR",2018-06-21 15:07:00+00:00,2018-06-26 13:00:00+00:00,4.9118055555555555,2218.0,R2_50_90,test,SAFE_TO_EXECUTE,grouped_iid,0.9607842717128405,0.9602763385146805,0.03921572828715947,0.03972366148531947,SAFE_TO_EXECUTE,0.24102374969289544
4507029173_00010,4507029173_00010,"3-way match, invoice before GR",2018-06-22 07:25:00+00:00,2018-06-22 16:19:00+00:00,0.37083333333333335,1255.0,R2_50_90,test,SAFE_TO_EXECUTE,grouped_iid,0.8709822972433846,0.8404255319148937,0.1290177027566154,0.15957446808510634,SAFE_TO_EXECUTE,0.6332905746550958
4507033967_00010,4507033967_00010,"3-way match, invoice before GR",2018-06-22 09:45:00+00:00,2018-06-25 11:10:00+00:00,3.0590277777777777,3159.0,R2_50_90,test,SAFE_TO_EXECUTE,grouped_iid,0.9504828163605259,0.9555555555555556,0.049517183639474105,0.0444444444444444,SAFE_TO_EXECUTE,0.2623112196143365
4507035006_00010,4507035006_00010,"3-way match, invoice before GR",2018-06-22 11:28:00+00:00,2018-06-25 10:58:00+00:00,2.9791666666666665,1514.0,R2_50_90,test,SAFE_TO_EXECUTE,grouped_iid,0.9719367965162619,0.9949238578680203,0.02806320348373814,0.005076142131979711,SAFE_TO_EXECUTE,0.04599532480368192
4507038096_00040,4507038096_00040,"3-way match, invoice before GR",2018-06-22 11:46:00+00:00,2018-06-22 15:31:00+00:00,0.15625,181.0,R1_0_50,test,SAFE_TO_EXECUTE,grouped_iid,0.9712469103567678,0.9949238578680203,0.0287530896432322,0.005076142131979711,SAFE_TO_EXECUTE,0.04599532480368192
4507037558_00020,4507037558_00020,"3-way match, invoice before GR",2018-06-22 12:00:00+00:00,2018-06-28 06:11:00+00:00,5.757638888888889,1294.0,R2_50_90,test,SAFE_TO_EXECUTE,grouped_iid,0.954990315394457,0.9602763385146805,0.045009684605543,0.03972366148531947,SAFE_TO_EXECUTE,0.24102374969289544
4507036591_00140,4507036591_00140,"3-way match, invoice before GR",2018-06-22 12:05:00+00:00,2018-06-27 16:45:00+00:00,5.194444444444445,91.0,R1_0_50,test,SAFE_TO_EXECUTE,grouped_iid,0.9534442604986588,0.9602763385146805,0.046555739501341176,0.03972366148531947,SAFE_TO_EXECUTE,0.24102374969289544
4507037501_00090,4507037501_00090,"3-way match, invoice before GR",2018-06-22 12:47:00+00:00,2018-06-27 16:47:00+00:00,5.166666666666667,68.0,R1_0_50,test,SAFE_TO_EXECUTE,grouped_iid,0.9555172949037942,0.9602763385146805,0.04448270509620578,0.03972366148531947,SAFE_TO_EXECUTE,0.24102374969289544
4507032317_00010,4507032317_00010,"3-way match, invoice before GR",2018-06-23 05:30:00+00:00,2018-06-29 11:41:00+00:00,6.257638888888889,7674.0,R3_90_99,test,SAFE_TO_EXECUTE,grouped_iid,0.9650811074407369,0.97,0.03491889255926306,0.030000000000000027,SAFE_TO_EXECUTE,0.1943918578315763
4507031360_00010,4507031360_00010,"3-way match, invoice before GR",2018-06-23 05:49:00+00:00,2018-06-26 12:39:00+00:00,3.2847222222222223,4334.0,R2_50_90,test,SAFE_TO_EXECUTE,grouped_iid,0.945370857268262,0.9357798165137615,0.05462914273173802,0.06422018348623848,SAFE_TO_EXECUTE,0.34397451435953375
4507032883_00010,4507032883_00010,"3-way match, invoice before GR",2018-06-23 06:18:00+00:00,2018-06-26 13:21:00+00:00,3.29375,8660.0,R3_90_99,test,NOT_SAFE_TO_EXECUTE,grouped_iid,0.9757120765063331,0.9949238578680203,0.02428792349366693,0.005076142131979711,SAFE_TO_EXECUTE,0.04599532480368192
4507037685_00020,4507037685_00020,"3-way match, invoice before GR",2018-06-23 09:44:00+00:00,2018-06-25 07:20:00+00:00,1.9,201.0,R1_0_50,test,SAFE_TO_EXECUTE,grouped_iid,0.9698930176871929,0.9806451612903225,0.030106982312807062,0.01935483870967747,SAFE_TO_EXECUTE,0.1378026662704413
4507033736_00020,4507033736_00020,"3-way match, invoice before GR",2018-06-23 10:20:00+00:00,2018-06-25 13:09:00+00:00,2.1173611111111112,538.0,R1_0_50,test,SAFE_TO_EXECUTE,grouped_iid,0.9726730396511236,0.9949238578680203,0.027326960348876383,0.005076142131979711,SAFE_TO_EXECUTE,0.04599532480368192
4507035063_00010,4507035063_00010,"3-way match, invoice before GR",2018-06-25 08:48:00+00:00,2018-06-27 05:43:00+00:00,1.8715277777777777,10098.0,R3_90_99,test,SAFE_TO_EXECUTE,grouped_iid,0.9637400173731488,0.9602763385146805,0.03625998262685115,0.03972366148531947,SAFE_TO_EXECUTE,0.24102374969289544
4507026252_00020,4507026252_00020,"3-way match, invoice before GR",2018-06-25 09:04:00+00:00,2018-06-26 11:31:00+00:00,1.1020833333333333,2574.0,R2_50_90,test,NOT_SAFE_TO_EXECUTE,grouped_iid,0.9607034443887275,0.9602763385146805,0.03929655561127254,0.03972366148531947,SAFE_TO_EXECUTE,0.24102374969289544
4507036301_00010,4507036301_00010,"3-way match, invoice before GR",2018-06-25 09:04:00+00:00,2018-06-26 11:28:00+00:00,1.1,1841.0,R2_50_90,test,SAFE_TO_EXECUTE,grouped_iid,0.9739198376122226,0.9949238578680203,0.02608016238777744,0.005076142131979711,SAFE_TO_EXECUTE,0.04599532480368192
4507037446_00090,4507037446_00090,"3-way match, invoice before GR",2018-06-25 09:30:00+00:00,2018-06-27 15:31:00+00:00,2.2506944444444446,132.0,R1_0_50,test,SAFE_TO_EXECUTE,grouped_iid,0.969558065281283,0.9806451612903225,0.030441934718717034,0.01935483870967747,SAFE_TO_EXECUTE,0.1378026662704413
4507032779_00010,4507032779_00010,"3-way match, invoice before GR",2018-06-25 12:54:00+00:00,2018-06-26 13:27:00+00:00,1.0229166666666667,2338.0,R2_50_90,test,SAFE_TO_EXECUTE,grouped_iid,0.9750318075781698,0.9949238578680203,0.024968192421830238,0.005076142131979711,SAFE_TO_EXECUTE,0.04599532480368192
4507033054_00040,4507033054_00040,"3-way match, invoice before GR",2018-06-25 12:57:00+00:00,2018-06-26 15:35:00+00:00,1.1097222222222223,6204.0,R2_50_90,test,SAFE_TO_EXECUTE,grouped_iid,0.9340606154551339,0.9183673469387755,0.06593938454486614,0.08163265306122447,SAFE_TO_EXECUTE,0.4079059801389762
4507029988_00010,4507029988_00010,"3-way match, invoice before GR",2018-06-25 13:07:00+00:00,2018-06-29 08:30:00+00:00,3.807638888888889,3550.0,R2_50_90,test,SAFE_TO_EXECUTE,grouped_iid,0.7799831277109117,0.7333333333333333,0.22001687228908828,0.2666666666666667,SAFE_TO_EXECUTE,0.8366407419411673
4507033420_00010,4507033420_00010,"3-way match, invoice before GR",2018-06-25 13:15:00+00:00,2018-07-05 12:05:00+00:00,9.95138888888889,6784.0,R2_50_90,test,SAFE_TO_EXECUTE,grouped_iid,0.8071611625127038,0.7678571428571429,0.19283883748729624,0.2321428571428571,SAFE_TO_EXECUTE,0.7817281222714539
4507026567_00130,4507026567_00130,"3-way match, invoice before GR",2018-06-26 10:08:00+00:00,2018-06-28 15:40:00+00:00,2.2305555555555556,4156.0,R2_50_90,test,SAFE_TO_EXECUTE,grouped_iid,0.9278209191529994,0.9183673469387755,0.07217908084700064,0.08163265306122447,SAFE_TO_EXECUTE,0.4079059801389762
4507037348_00010,4507037348_00010,"3-way match, invoice before GR",2018-06-26 10:13:00+00:00,2018-06-26 13:22:00+00:00,0.13125,4797.0,R2_50_90,test,SAFE_TO_EXECUTE,grouped_iid,0.9860841555917199,1.0,0.013915844408280087,0.0,SAFE_TO_EXECUTE,5.123178885069411e-14
4507032000_00020,4507032000_00020,"3-way match, invoice before GR",2018-06-26 11:12:00+00:00,2018-06-26 13:21:00+00:00,0.08958333333333333,434.0,R1_0_50,test,SAFE_TO_EXECUTE,grouped_iid,0.9695715381626878,0.9806451612903225,0.030428461837312182,0.01935483870967747,SAFE_TO_EXECUTE,0.1378026662704413
4507031807_00270,4507031807_00270,"3-way match, invoice before GR",2018-06-26 14:20:00+00:00,2018-06-27 13:19:00+00:00,0.9576388888888889,5452.0,R2_50_90,test,SAFE_TO_EXECUTE,grouped_iid,0.6980686418130722,0.7333333333333333,0.30193135818692785,0.2666666666666667,SAFE_TO_EXECUTE,0.8366407419411673
4507038100_00060,4507038100_00060,"3-way match, invoice before GR",2018-06-26 14:26:00+00:00,2018-06-26 15:31:00+00:00,0.04513888888888889,605.0,R2_50_90,test,SAFE_TO_EXECUTE,grouped_iid,0.9701796881796575,0.9806451612903225,0.029820311820342504,0.01935483870967747,SAFE_TO_EXECUTE,0.1378026662704413
4507029537_00010,4507029537_00010,"3-way match, invoice before GR",2018-06-26 14:39:00+00:00,2018-06-26 15:34:00+00:00,0.03819444444444445,6110.0,R2_50_90,test,SAFE_TO_EXECUTE,grouped_iid,0.9595923077618285,0.9602763385146805,0.04040769223817153,0.03972366148531947,SAFE_TO_EXECUTE,0.24102374969289544
4507029537_00100,4507029537_00100,"3-way match, invoice before GR",2018-06-26 14:39:00+00:00,2018-06-26 15:34:00+00:00,0.03819444444444445,1687.0,R2_50_90,test,SAFE_TO_EXECUTE,grouped_iid,0.9599772491951477,0.9602763385146805,0.04002275080485229,0.03972366148531947,SAFE_TO_EXECUTE,0.24102374969289544
4507036679_00020,4507036679_00020,"3-way match, invoice before GR",2018-06-26 15:00:00+00:00,2018-06-28 07:48:00+00:00,1.7,5279.0,R2_50_90,test,SAFE_TO_EXECUTE,grouped_iid,0.966897726323373,0.97,0.03310227367662699,0.030000000000000027,SAFE_TO_EXECUTE,0.1943918578315763
4507038467_00020,4507038467_00020,"3-way match, invoice before GR",2018-06-27 03:45:00+00:00,2018-06-27 05:51:00+00:00,0.0875,2078.0,R2_50_90,test,SAFE_TO_EXECUTE,grouped_iid,0.982639303785169,1.0,0.01736069621483105,0.0,SAFE_TO_EXECUTE,5.123178885069411e-14
4507033889_00010,4507033889_00010,"3-way match, invoice before GR",2018-06-27 14:17:00+00:00,2018-06-29 09:40:00+00:00,1.8076388888888888,30761.0,R3_90_99,test,SAFE_TO_EXECUTE,grouped_iid,0.9392658467932712,0.9357798165137615,0.060734153206728814,0.06422018348623848,SAFE_TO_EXECUTE,0.34397451435953375
4507036473_00010,4507036473_00010,"3-way match, invoice before GR",2018-06-27 14:25:00+00:00,2018-07-04 08:24:00+00:00,6.749305555555556,30394.0,R3_90_99,test,SAFE_TO_EXECUTE,grouped_iid,0.9524962414416562,0.9602763385146805,0.04750375855834377,0.03972366148531947,SAFE_TO_EXECUTE,0.24102374969289544
4507038721_00080,4507038721_00080,"3-way match, invoice before GR",2018-06-27 14:33:00+00:00,2018-06-28 05:50:00+00:00,0.6368055555555555,76.0,R1_0_50,test,SAFE_TO_EXECUTE,grouped_iid,0.9707519740440103,0.9949238578680203,0.029248025955989743,0.005076142131979711,SAFE_TO_EXECUTE,0.04599532480368192
4507038721_00150,4507038721_00150,"3-way match, invoice before GR",2018-06-27 14:33:00+00:00,2018-06-28 05:50:00+00:00,0.6368055555555555,129.0,R1_0_50,test,SAFE_TO_EXECUTE,grouped_iid,0.9707485807481803,0.9949238578680203,0.029251419251819732,0.005076142131979711,SAFE_TO_EXECUTE,0.04599532480368192
4507038721_00160,4507038721_00160,"3-way match, invoice before GR",2018-06-27 14:33:00+00:00,2018-06-28 05:50:00+00:00,0.6368055555555555,157.0,R1_0_50,test,SAFE_TO_EXECUTE,grouped_iid,0.9707467879094521,0.9949238578680203,0.029253212090547875,0.005076142131979711,SAFE_TO_EXECUTE,0.04599532480368192
4507038484_00010,4507038484_00010,"3-way match, invoice before GR",2018-06-28 03:47:00+00:00,2018-06-28 13:08:00+00:00,0.38958333333333334,15934.0,R3_90_99,test,SAFE_TO_EXECUTE,grouped_iid,0.9818393015419817,1.0,0.018160698458018265,0.0,SAFE_TO_EXECUTE,5.123178885069411e-14
4507038849_00010,4507038849_00010,"3-way match, invoice before GR",2018-06-28 08:18:00+00:00,2018-07-03 09:59:00+00:00,5.070138888888889,965.0,R2_50_90,test,SAFE_TO_EXECUTE,grouped_iid,0.9510604420340162,0.9555555555555556,0.048939557965983815,0.0444444444444444,SAFE_TO_EXECUTE,0.2623112196143365
4507033409_00010,4507033409_00010,"3-way match, invoice before GR",2018-06-28 11:26:00+00:00,2018-07-12 10:02:00+00:00,13.941666666666666,1070.0,R2_50_90,test,SAFE_TO_EXECUTE,grouped_iid,0.8433295367979674,0.8404255319148937,0.1566704632020326,0.15957446808510634,SAFE_TO_EXECUTE,0.6332905746550958
4507039053_00020,4507039053_00020,"3-way match, invoice before GR",2018-06-29 10:07:00+00:00,2018-06-29 15:32:00+00:00,0.22569444444444445,1635.0,R2_50_90,test,SAFE_TO_EXECUTE,grouped_iid,0.9705709555042707,0.9949238578680203,0.02942904449572925,0.005076142131979711,SAFE_TO_EXECUTE,0.04599532480368192
4507039053_00100,4507039053_00100,"3-way match, invoice before GR",2018-06-29 10:07:00+00:00,2018-06-29 15:31:00+00:00,0.225,720.0,R2_50_90,test,SAFE_TO_EXECUTE,grouped_iid,0.9706301639493656,0.9949238578680203,0.029369836050634368,0.005076142131979711,SAFE_TO_EXECUTE,0.04599532480368192
4507039053_00110,4507039053_00110,"3-way match, invoice before GR",2018-06-29 10:07:00+00:00,2018-06-29 15:31:00+00:00,0.225,272.0,R1_0_50,test,SAFE_TO_EXECUTE,grouped_iid,0.9706589474386598,0.9949238578680203,0.02934105256134023,0.005076142131979711,SAFE_TO_EXECUTE,0.04599532480368192
4507039053_00130,4507039053_00130,"3-way match, invoice before GR",2018-06-29 10:07:00+00:00,2018-06-29 15:31:00+00:00,0.225,45.0,R1_0_50,test,SAFE_TO_EXECUTE,grouped_iid,0.9706735214856909,0.9949238578680203,0.02932647851430914,0.005076142131979711,SAFE_TO_EXECUTE,0.04599532480368192
4507039053_00150,4507039053_00150,"3-way match, invoice before GR",2018-06-29 10:07:00+00:00,2018-06-29 15:31:00+00:00,0.225,246.0,R1_0_50,test,SAFE_TO_EXECUTE,grouped_iid,0.9706606170688743,0.9949238578680203,0.0293393829311257,0.005076142131979711,SAFE_TO_EXECUTE,0.04599532480368192
4507039232_00020,4507039232_00020,"3-way match, invoice before GR",2018-06-29 10:21:00+00:00,2018-06-29 15:31:00+00:00,0.2152777777777778,2080.0,R2_50_90,test,SAFE_TO_EXECUTE,grouped_iid,0.9706331891313908,0.9949238578680203,0.02936681086860915,0.005076142131979711,SAFE_TO_EXECUTE,0.04599532480368192
4507039654_00010,4507039654_00010,"3-way match, invoice before GR",2018-06-29 10:23:00+00:00,2018-06-29 15:31:00+00:00,0.21388888888888888,249.0,R1_0_50,test,SAFE_TO_EXECUTE,grouped_iid,0.9712187999179677,0.9949238578680203,0.028781200082032332,0.005076142131979711,SAFE_TO_EXECUTE,0.04599532480368192
4507039654_00020,4507039654_00020,"3-way match, invoice before GR",2018-06-29 10:23:00+00:00,2018-06-29 15:31:00+00:00,0.21388888888888888,89.0,R1_0_50,test,SAFE_TO_EXECUTE,grouped_iid,0.9712288828934404,0.9949238578680203,0.02877111710655955,0.005076142131979711,SAFE_TO_EXECUTE,0.04599532480368192
4507039654_00100,4507039654_00100,"3-way match, invoice before GR",2018-06-29 10:23:00+00:00,2018-06-29 15:31:00+00:00,0.21388888888888888,178.0,R1_0_50,test,SAFE_TO_EXECUTE,grouped_iid,0.9712232746614536,0.9949238578680203,0.02877672533854636,0.005076142131979711,SAFE_TO_EXECUTE,0.04599532480368192
4507036658_00020,4507036658_00020,"3-way match, invoice before GR",2018-06-29 10:39:00+00:00,2018-07-03 09:38:00+00:00,3.957638888888889,2566.0,R2_50_90,test,SAFE_TO_EXECUTE,grouped_iid,0.9771925117850812,0.9949238578680203,0.022807488214918847,0.005076142131979711,SAFE_TO_EXECUTE,0.04599532480368192
4507034912_00010,4507034912_00010,"3-way match, invoice before GR",2018-06-29 10:45:00+00:00,2018-07-03 06:16:00+00:00,3.8131944444444446,1784.0,R2_50_90,test,SAFE_TO_EXECUTE,grouped_iid,0.9484977145302048,0.9357798165137615,0.051502285469795184,0.06422018348623848,SAFE_TO_EXECUTE,0.34397451435953375
4507033877_00030,4507033877_00030,"3-way match, invoice before GR",2018-06-29 12:35:00+00:00,2018-07-02 09:02:00+00:00,2.8520833333333333,251.0,R1_0_50,test,SAFE_TO_EXECUTE,grouped_iid,0.9805608914485708,1.0,0.019439108551429163,0.0,SAFE_TO_EXECUTE,5.123178885069411e-14
4507032520_00010,4507032520_00010,"3-way match, invoice before GR",2018-06-29 13:14:00+00:00,2018-07-03 15:43:00+00:00,4.103472222222222,1808.0,R2_50_90,test,SAFE_TO_EXECUTE,grouped_iid,0.9603701422577354,0.9602763385146805,0.039629857742264574,0.03972366148531947,SAFE_TO_EXECUTE,0.24102374969289544
4507034834_00010,4507034834_00010,"3-way match, invoice before GR",2018-06-29 16:23:00+00:00,2018-07-03 14:56:00+00:00,3.939583333333333,11189.0,R3_90_99,test,SAFE_TO_EXECUTE,grouped_iid,0.9626411015312656,0.9602763385146805,0.037358898468734414,0.03972366148531947,SAFE_TO_EXECUTE,0.24102374969289544
4507039231_00170,4507039231_00170,"3-way match, invoice before GR",2018-06-29 21:28:00+00:00,2018-06-30 14:27:00+00:00,0.7076388888888889,5486.0,R2_50_90,test,SAFE_TO_EXECUTE,grouped_iid,0.9016191706612023,0.8884615384615384,0.09838082933879766,0.11153846153846159,SAFE_TO_EXECUTE,0.5045390536984206
4507037053_00080,4507037053_00080,"3-way match, invoice before GR",2018-06-30 06:13:00+00:00,2018-07-02 13:46:00+00:00,2.314583333333333,3138.0,R2_50_90,test,SAFE_TO_EXECUTE,grouped_iid,0.9524179596963691,0.9602763385146805,0.04758204030363089,0.03972366148531947,SAFE_TO_EXECUTE,0.24102374969289544
4507036357_00010,4507036357_00010,"3-way match, invoice before GR",2018-06-30 07:08:00+00:00,2018-07-02 13:45:00+00:00,2.2756944444444445,133.0,R1_0_50,test,SAFE_TO_EXECUTE,grouped_iid,0.9522305073675897,0.9602763385146805,0.04776949263241026,0.03972366148531947,SAFE_TO_EXECUTE,0.24102374969289544
4507031175_00010,4507031175_00010,"3-way match, invoice before GR",2018-06-30 07:27:00+00:00,2018-07-05 11:57:00+00:00,5.1875,21299.0,R3_90_99,test,SAFE_TO_EXECUTE,grouped_iid,0.9626751714541507,0.9602763385146805,0.03732482854584929,0.03972366148531947,SAFE_TO_EXECUTE,0.24102374969289544
4507036357_00050,4507036357_00050,"3-way match, invoice before GR",2018-06-30 07:29:00+00:00,2018-07-02 13:44:00+00:00,2.2604166666666665,151.0,R1_0_50,test,SAFE_TO_EXECUTE,grouped_iid,0.9518622894796429,0.9602763385146805,0.04813771052035709,0.03972366148531947,SAFE_TO_EXECUTE,0.24102374969289544
4507037053_00040,4507037053_00040,"3-way match, invoice before GR",2018-06-30 09:12:00+00:00,2018-07-02 13:45:00+00:00,2.189583333333333,214.0,R1_0_50,test,SAFE_TO_EXECUTE,grouped_iid,0.9528036862718101,0.9602763385146805,0.04719631372818989,0.03972366148531947,SAFE_TO_EXECUTE,0.24102374969289544
4507039834_00010,4507039834_00010,"3-way match, invoice before GR",2018-07-02 14:11:00+00:00,2018-07-03 08:23:00+00:00,0.7583333333333333,11777.0,R3_90_99,test,SAFE_TO_EXECUTE,grouped_iid,0.9825241979751127,1.0,0.0174758020248873,0.0,SAFE_TO_EXECUTE,5.123178885069411e-14
4507025960_00010,4507025960_00010,"3-way match, invoice before GR",2018-07-02 14:17:00+00:00,2018-07-04 07:22:00+00:00,1.7118055555555556,8026.0,R3_90_99,test,SAFE_TO_EXECUTE,grouped_iid,0.9729636332377142,0.9949238578680203,0.027036366762285824,0.005076142131979711,SAFE_TO_EXECUTE,0.04599532480368192
4507040290_00020,4507040290_00020,"3-way match, invoice before GR",2018-07-03 07:45:00+00:00,2018-07-03 15:36:00+00:00,0.32708333333333334,1662.0,R2_50_90,test,SAFE_TO_EXECUTE,grouped_iid,0.9710739359262734,0.9949238578680203,0.028926064073726554,0.005076142131979711,SAFE_TO_EXECUTE,0.04599532480368192
4507040290_00040,4507040290_00040,"3-way match, invoice before GR",2018-07-03 07:45:00+00:00,2018-07-03 15:36:00+00:00,0.32708333333333334,487.0,R1_0_50,test,SAFE_TO_EXECUTE,grouped_iid,0.9711482642153175,0.9949238578680203,0.028851735784682475,0.005076142131979711,SAFE_TO_EXECUTE,0.04599532480368192
4507035664_00040,4507035664_00040,"3-way match, invoice before GR",2018-07-03 08:16:00+00:00,2018-07-03 12:44:00+00:00,0.18611111111111112,160.0,R1_0_50,test,SAFE_TO_EXECUTE,grouped_iid,0.9520161007930411,0.9602763385146805,0.04798389920695889,0.03972366148531947,SAFE_TO_EXECUTE,0.24102374969289544
4507035664_00060,4507035664_00060,"3-way match, invoice before GR",2018-07-03 08:16:00+00:00,2018-07-03 12:44:00+00:00,0.18611111111111112,89.0,R1_0_50,test,SAFE_TO_EXECUTE,grouped_iid,0.9520234135868786,0.9602763385146805,0.047976586413121414,0.03972366148531947,SAFE_TO_EXECUTE,0.24102374969289544
4507035664_00090,4507035664_00090,"3-way match, invoice before GR",2018-07-03 08:16:00+00:00,2018-07-03 12:44:00+00:00,0.18611111111111112,89.0,R1_0_50,test,SAFE_TO_EXECUTE,grouped_iid,0.9520234135868786,0.9602763385146805,0.047976586413121414,0.03972366148531947,SAFE_TO_EXECUTE,0.24102374969289544
4507027472_00240,4507027472_00240,"3-way match, invoice before GR",2018-07-03 09:52:00+00:00,2018-07-03 13:04:00+00:00,0.13333333333333333,1012.0,R2_50_90,test,SAFE_TO_EXECUTE,grouped_iid,0.9874038625099546,1.0,0.0125961374900454,0.0,SAFE_TO_EXECUTE,5.123178885069411e-14
4507027472_00140,4507027472_00140,"3-way match, invoice before GR",2018-07-03 09:54:00+00:00,2018-07-03 13:04:00+00:00,0.13194444444444445,1979.0,R2_50_90,test,SAFE_TO_EXECUTE,grouped_iid,0.9873769846781576,1.0,0.012623015321842401,0.0,SAFE_TO_EXECUTE,5.123178885069411e-14
4507036447_00240,4507036447_00240,"3-way match, invoice before GR",2018-07-03 10:01:00+00:00,2018-07-03 13:21:00+00:00,0.1388888888888889,2535.0,R2_50_90,test,SAFE_TO_EXECUTE,grouped_iid,0.9571085922545518,0.9602763385146805,0.042891407745448196,0.03972366148531947,SAFE_TO_EXECUTE,0.24102374969289544
4507034587_00280,4507034587_00280,"3-way match, invoice before GR",2018-07-03 10:03:00+00:00,2018-07-03 12:04:00+00:00,0.08402777777777778,583.0,R2_50_90,test,SAFE_TO_EXECUTE,grouped_iid,0.9907909603128582,1.0,0.009209039687141818,0.0,SAFE_TO_EXECUTE,5.123178885069411e-14
4507039205_00010,4507039205_00010,"3-way match, invoice before GR",2018-07-03 13:57:00+00:00,2018-07-13 10:13:00+00:00,9.844444444444445,499.0,R1_0_50,test,SAFE_TO_EXECUTE,grouped_iid,0.9730624566114267,0.9949238578680203,0.02693754338857335,0.005076142131979711,SAFE_TO_EXECUTE,0.04599532480368192
4507039993_00020,4507039993_00020,"3-way match, invoice before GR",2018-07-04 08:58:00+00:00,2018-07-05 13:03:00+00:00,1.1701388888888888,2340.0,R2_50_90,test,NOT_SAFE_TO_EXECUTE,grouped_iid,0.9695243012684309,0.9806451612903225,0.03047569873156908,0.01935483870967747,SAFE_TO_EXECUTE,0.1378026662704413
4507039741_00050,4507039741_00050,"3-way match, invoice before GR",2018-07-04 09:02:00+00:00,2018-07-04 12:37:00+00:00,0.14930555555555555,36.0,R1_0_50,test,SAFE_TO_EXECUTE,grouped_iid,0.9701605126124061,0.9806451612903225,0.0298394873875939,0.01935483870967747,SAFE_TO_EXECUTE,0.1378026662704413
4507039741_00060,4507039741_00060,"3-way match, invoice before GR",2018-07-04 09:02:00+00:00,2018-07-04 12:36:00+00:00,0.1486111111111111,113.0,R1_0_50,test,SAFE_TO_EXECUTE,grouped_iid,0.9571256853145247,0.9602763385146805,0.04287431468547531,0.03972366148531947,SAFE_TO_EXECUTE,0.24102374969289544
4507028173_00020,4507028173_00020,"3-way match, invoice before GR",2018-07-04 13:18:00+00:00,2018-07-10 10:19:00+00:00,5.875694444444444,11517.0,R3_90_99,test,SAFE_TO_EXECUTE,grouped_iid,0.9484795304184088,0.9357798165137615,0.05152046958159118,0.06422018348623848,SAFE_TO_EXECUTE,0.34397451435953375
4507041199_00020,4507041199_00020,"3-way match, invoice before GR",2018-07-05 15:22:00+00:00,2018-07-06 15:52:00+00:00,1.0208333333333333,88.0,R1_0_50,test,SAFE_TO_EXECUTE,grouped_iid,0.9679942576516776,0.9806451612903225,0.03200574234832243,0.01935483870967747,SAFE_TO_EXECUTE,0.1378026662704413
4507040926_00020,4507040926_00020,"3-way match, invoice before GR",2018-07-06 14:40:00+00:00,2018-07-09 05:08:00+00:00,2.602777777777778,28.0,R1_0_50,test,SAFE_TO_EXECUTE,grouped_iid,0.9710645330009275,0.9949238578680203,0.028935466999072457,0.005076142131979711,SAFE_TO_EXECUTE,0.04599532480368192
4507033794_00010,4507033794_00010,"3-way match, invoice before GR",2018-07-07 04:57:00+00:00,2018-07-09 10:56:00+00:00,2.2493055555555554,19939.0,R3_90_99,test,SAFE_TO_EXECUTE,grouped_iid,0.9568031823991162,0.9602763385146805,0.043196817600883786,0.03972366148531947,SAFE_TO_EXECUTE,0.24102374969289544
4507034196_00010,4507034196_00010,"3-way match, invoice before GR",2018-07-07 05:00:00+00:00,2018-07-09 15:19:00+00:00,2.4298611111111112,5223.0,R2_50_90,test,SAFE_TO_EXECUTE,grouped_iid,0.9584212010565177,0.9602763385146805,0.041578798943482265,0.03972366148531947,SAFE_TO_EXECUTE,0.24102374969289544
4507031985_00020,4507031985_00020,"3-way match, invoice before GR",2018-07-07 06:22:00+00:00,2018-07-11 12:48:00+00:00,4.268055555555556,3579.0,R2_50_90,test,SAFE_TO_EXECUTE,grouped_iid,0.8804479652990128,0.8884615384615384,0.11955203470098719,0.11153846153846159,SAFE_TO_EXECUTE,0.5045390536984206
4507036073_00090,4507036073_00090,"3-way match, invoice before GR",2018-07-07 10:16:00+00:00,2018-07-11 07:40:00+00:00,3.8916666666666666,744.0,R2_50_90,test,SAFE_TO_EXECUTE,grouped_iid,0.946945681283015,0.9357798165137615,0.05305431871698496,0.06422018348623848,SAFE_TO_EXECUTE,0.34397451435953375
4507039471_00010,4507039471_00010,"3-way match, invoice before GR",2018-07-09 08:54:00+00:00,2018-07-11 13:06:00+00:00,2.175,1293.0,R2_50_90,test,SAFE_TO_EXECUTE,grouped_iid,0.832869779952696,0.7678571428571429,0.16713022004730405,0.2321428571428571,SAFE_TO_EXECUTE,0.7817281222714539
4507041578_00020,4507041578_00020,"3-way match, invoice before GR",2018-07-09 09:11:00+00:00,2018-07-09 11:01:00+00:00,0.0763888888888889,943.0,R2_50_90,test,SAFE_TO_EXECUTE,grouped_iid,0.97118069546835,0.9949238578680203,0.028819304531650047,0.005076142131979711,SAFE_TO_EXECUTE,0.04599532480368192
4507041578_00050,4507041578_00050,"3-way match, invoice before GR",2018-07-09 09:11:00+00:00,2018-07-09 10:28:00+00:00,0.05347222222222222,1321.0,R2_50_90,test,SAFE_TO_EXECUTE,grouped_iid,0.9711676904483495,0.9949238578680203,0.028832309551650503,0.005076142131979711,SAFE_TO_EXECUTE,0.04599532480368192
4507040468_00020,4507040468_00020,"3-way match, invoice before GR",2018-07-09 10:08:00+00:00,2018-07-09 12:09:00+00:00,0.08402777777777778,202.0,R1_0_50,test,SAFE_TO_EXECUTE,grouped_iid,0.9701796951376852,0.9806451612903225,0.029820304862314795,0.01935483870967747,SAFE_TO_EXECUTE,0.1378026662704413
4507037551_00010,4507037551_00010,"3-way match, invoice before GR",2018-07-09 10:59:00+00:00,2018-07-13 07:01:00+00:00,3.834722222222222,11841.0,R3_90_99,test,SAFE_TO_EXECUTE,grouped_iid,0.9616266793125973,0.9602763385146805,0.038373320687402734,0.03972366148531947,SAFE_TO_EXECUTE,0.24102374969289544
4507040095_00010,4507040095_00010,"3-way match, invoice before GR",2018-07-09 13:01:00+00:00,2018-07-11 10:30:00+00:00,1.895138888888889,8866.0,R3_90_99,test,SAFE_TO_EXECUTE,grouped_iid,0.8739574206675405,0.8404255319148937,0.12604257933245955,0.15957446808510634,SAFE_TO_EXECUTE,0.6332905746550958
4507037241_00010,4507037241_00010,"3-way match, invoice before GR",2018-07-09 13:15:00+00:00,2018-07-10 10:23:00+00:00,0.8805555555555555,2810.0,R2_50_90,test,SAFE_TO_EXECUTE,grouped_iid,0.9638133988442319,0.97,0.036186601155768106,0.030000000000000027,SAFE_TO_EXECUTE,0.1943918578315763
4507037241_00020,4507037241_00020,"3-way match, invoice before GR",2018-07-09 13:15:00+00:00,2018-07-10 10:23:00+00:00,0.8805555555555555,3547.0,R2_50_90,test,SAFE_TO_EXECUTE,grouped_iid,0.963755394624043,0.9628272748529025,0.03624460537595697,0.03717272514709746,SAFE_TO_EXECUTE,0.2291755657952501
4507040024_00010,4507040024_00010,"3-way match, invoice before GR",2018-07-09 13:16:00+00:00,2018-07-13 18:04:00+00:00,4.2,39989.0,R3_90_99,test,SAFE_TO_EXECUTE,grouped_iid,0.9857415461533529,1.0,0.014258453846647146,0.0,SAFE_TO_EXECUTE,5.123178885069411e-14
4507040728_00040,4507040728_00040,"3-way match, invoice before GR",2018-07-10 10:02:00+00:00,2018-07-12 11:50:00+00:00,2.075,134.0,R1_0_50,test,SAFE_TO_EXECUTE,grouped_iid,0.9561382630788716,0.9602763385146805,0.04386173692112838,0.03972366148531947,SAFE_TO_EXECUTE,0.24102374969289544
4507040414_00080,4507040414_00080,"3-way match, invoice before GR",2018-07-10 11:07:00+00:00,2018-07-10 14:09:00+00:00,0.12638888888888888,67.0,R1_0_50,test,SAFE_TO_EXECUTE,grouped_iid,0.9571150536962758,0.9602763385146805,0.04288494630372419,0.03972366148531947,SAFE_TO_EXECUTE,0.24102374969289544
4507040016_00050,4507040016_00050,"3-way match, invoice before GR",2018-07-10 13:06:00+00:00,2018-07-12 11:44:00+00:00,1.9430555555555555,245.0,R1_0_50,test,SAFE_TO_EXECUTE,grouped_iid,0.954563568224869,0.9602763385146805,0.045436431775131014,0.03972366148531947,SAFE_TO_EXECUTE,0.24102374969289544
4507040728_00300,4507040728_00300,"3-way match, invoice before GR",2018-07-10 13:19:00+00:00,2018-07-12 11:50:00+00:00,1.9381944444444446,150.0,R1_0_50,test,SAFE_TO_EXECUTE,grouped_iid,0.9562261880326011,0.9602763385146805,0.043773811967398935,0.03972366148531947,SAFE_TO_EXECUTE,0.24102374969289544
4507040728_00220,4507040728_00220,"3-way match, invoice before GR",2018-07-10 13:22:00+00:00,2018-07-12 11:50:00+00:00,1.9361111111111111,121.0,R1_0_50,test,SAFE_TO_EXECUTE,grouped_iid,0.9562302856167327,0.9602763385146805,0.043769714383267266,0.03972366148531947,SAFE_TO_EXECUTE,0.24102374969289544
4507040079_00010,4507040079_00010,"3-way match, invoice before GR",2018-07-11 08:06:00+00:00,2018-07-13 05:35:00+00:00,1.895138888888889,45123.0,R3_90_99,test,SAFE_TO_EXECUTE,grouped_iid,0.622694399229026,0.7333333333333333,0.37730560077097397,0.2666666666666667,SAFE_TO_EXECUTE,0.8366407419411673
4507034498_00020,4507034498_00020,"3-way match, invoice before GR",2018-07-11 08:12:00+00:00,2018-07-18 15:23:00+00:00,7.299305555555556,15699.0,R3_90_99,test,SAFE_TO_EXECUTE,grouped_iid,0.7800001193199015,0.7333333333333333,0.21999988068009846,0.2666666666666667,SAFE_TO_EXECUTE,0.8366407419411673
4507037331_00010,4507037331_00010,"3-way match, invoice before GR",2018-07-11 08:26:00+00:00,2018-07-11 09:39:00+00:00,0.050694444444444445,530.0,R1_0_50,test,SAFE_TO_EXECUTE,grouped_iid,0.9516867541839257,0.9602763385146805,0.048313245816074324,0.03972366148531947,SAFE_TO_EXECUTE,0.24102374969289544
4507003299_00140,4507003299_00140,"3-way match, invoice before GR",2018-07-11 14:08:00+00:00,2018-07-11 15:02:00+00:00,0.0375,6.0,R1_0_50,test,SAFE_TO_EXECUTE,grouped_iid,0.9652123636544226,0.97,0.034787636345577355,0.030000000000000027,SAFE_TO_EXECUTE,0.1943918578315763
4507039571_00040,4507039571_00040,"3-way match, invoice before GR",2018-07-12 07:13:00+00:00,2018-07-12 13:21:00+00:00,0.25555555555555554,257.0,R1_0_50,test,SAFE_TO_EXECUTE,grouped_iid,0.9542600671010577,0.9602763385146805,0.04573993289894229,0.03972366148531947,SAFE_TO_EXECUTE,0.24102374969289544
4507039571_00060,4507039571_00060,"3-way match, invoice before GR",2018-07-12 07:13:00+00:00,2018-07-12 13:21:00+00:00,0.25555555555555554,130.0,R1_0_50,test,SAFE_TO_EXECUTE,grouped_iid,0.9542725646854892,0.9602763385146805,0.045727435314510845,0.03972366148531947,SAFE_TO_EXECUTE,0.24102374969289544
4507039407_00070,4507039407_00070,"3-way match, invoice before GR",2018-07-12 08:09:00+00:00,2018-07-13 08:59:00+00:00,1.0347222222222223,534.0,R1_0_50,test,SAFE_TO_EXECUTE,grouped_iid,0.9337642182959695,0.9183673469387755,0.06623578170403055,0.08163265306122447,SAFE_TO_EXECUTE,0.4079059801389762
4508042069_00010,4508042069_00010,"3-way match, invoice before GR",2018-07-12 14:56:00+00:00,2018-07-16 05:38:00+00:00,3.6125,22863.0,R3_90_99,test,SAFE_TO_EXECUTE,grouped_iid,0.9791849430361267,0.9949238578680203,0.020815056963873313,0.005076142131979711,SAFE_TO_EXECUTE,0.04599532480368192
4507041970_00020,4507041970_00020,"3-way match, invoice before GR",2018-07-13 14:39:00+00:00,2018-07-16 11:59:00+00:00,2.888888888888889,619.0,R2_50_90,test,SAFE_TO_EXECUTE,grouped_iid,0.9691070181556715,0.9806451612903225,0.030892981844328538,0.01935483870967747,SAFE_TO_EXECUTE,0.1378026662704413
4508042614_00020,4508042614_00020,"3-way match, invoice before GR",2018-07-13 14:41:00+00:00,2018-07-23 07:39:00+00:00,9.706944444444444,974.0,R2_50_90,test,SAFE_TO_EXECUTE,grouped_iid,0.962442495028644,0.9602763385146805,0.037557504971356015,0.03972366148531947,SAFE_TO_EXECUTE,0.24102374969289544
4507031628_00020,4507031628_00020,"3-way match, invoice before GR",2018-07-16 08:18:00+00:00,2018-07-16 15:45:00+00:00,0.3104166666666667,1426.0,R2_50_90,test,SAFE_TO_EXECUTE,grouped_iid,0.9404403792111592,0.9357798165137615,0.059559620788840806,0.06422018348623848,SAFE_TO_EXECUTE,0.34397451435953375
4507030236_00020,4507030236_00020,"3-way match, invoice before GR",2018-07-16 08:46:00+00:00,2018-07-19 08:32:00+00:00,2.9902777777777776,6455.0,R2_50_90,test,SAFE_TO_EXECUTE,grouped_iid,0.8928726715019725,0.8884615384615384,0.10712732849802753,0.11153846153846159,SAFE_TO_EXECUTE,0.5045390536984206
4508042728_00030,4508042728_00030,"3-way match, invoice before GR",2018-07-16 08:58:00+00:00,2018-07-17 06:22:00+00:00,0.8916666666666667,164.0,R1_0_50,test,SAFE_TO_EXECUTE,grouped_iid,0.970562648332415,0.9949238578680203,0.029437351667584988,0.005076142131979711,SAFE_TO_EXECUTE,0.04599532480368192
4508042728_00080,4508042728_00080,"3-way match, invoice before GR",2018-07-16 08:58:00+00:00,2018-07-17 06:22:00+00:00,0.8916666666666667,216.0,R1_0_50,test,SAFE_TO_EXECUTE,grouped_iid,0.9705592981674336,0.9949238578680203,0.029440701832566418,0.005076142131979711,SAFE_TO_EXECUTE,0.04599532480368192
4508042728_00240,4508042728_00240,"3-way match, invoice before GR",2018-07-16 08:58:00+00:00,2018-07-17 06:22:00+00:00,0.8916666666666667,833.0,R2_50_90,test,SAFE_TO_EXECUTE,grouped_iid,0.9705195189426687,0.9949238578680203,0.029480481057331254,0.005076142131979711,SAFE_TO_EXECUTE,0.04599532480368192
4507021895_00010,4507021895_00010,"3-way match, invoice before GR",2018-07-16 09:07:00+00:00,2018-08-27 09:10:00+00:00,42.00208333333333,4995.0,R2_50_90,test,SAFE_TO_EXECUTE,grouped_iid,0.8697765964042936,0.8404255319148937,0.1302234035957064,0.15957446808510634,SAFE_TO_EXECUTE,0.6332905746550958
4507021895_00090,4507021895_00090,"3-way match, invoice before GR",2018-07-16 09:07:00+00:00,2018-08-27 07:54:00+00:00,41.949305555555554,1635.0,R2_50_90,test,SAFE_TO_EXECUTE,grouped_iid,0.822247455263127,0.7678571428571429,0.17775254473687296,0.2321428571428571,SAFE_TO_EXECUTE,0.7817281222714539
4507021895_00120,4507021895_00120,"3-way match, invoice before GR",2018-07-16 09:07:00+00:00,2018-08-27 08:57:00+00:00,41.99305555555556,1155.0,R2_50_90,test,SAFE_TO_EXECUTE,grouped_iid,0.8222974375972628,0.7678571428571429,0.17770256240273719,0.2321428571428571,SAFE_TO_EXECUTE,0.7817281222714539
4508042711_00010,4508042711_00010,"3-way match, invoice before GR",2018-07-16 15:42:00+00:00,2018-07-19 06:36:00+00:00,2.620833333333333,20576.0,R3_90_99,test,SAFE_TO_EXECUTE,grouped_iid,0.9792486464228184,0.9949238578680203,0.020751353577181608,0.005076142131979711,SAFE_TO_EXECUTE,0.04599532480368192
4507040387_00010,4507040387_00010,"3-way match, invoice before GR",2018-07-17 06:28:00+00:00,2018-07-17 14:01:00+00:00,0.3145833333333333,151.0,R1_0_50,test,SAFE_TO_EXECUTE,grouped_iid,0.9541300650951163,0.9602763385146805,0.04586993490488367,0.03972366148531947,SAFE_TO_EXECUTE,0.24102374969289544
4507041325_00010,4507041325_00010,"3-way match, invoice before GR",2018-07-17 08:11:00+00:00,2018-07-17 16:45:00+00:00,0.35694444444444445,394.0,R1_0_50,test,SAFE_TO_EXECUTE,grouped_iid,0.9592545914977822,0.9602763385146805,0.04074540850221775,0.03972366148531947,SAFE_TO_EXECUTE,0.24102374969289544
4507041601_00010,4507041601_00010,"3-way match, invoice before GR",2018-07-17 08:11:00+00:00,2018-07-17 16:47:00+00:00,0.35833333333333334,274.0,R1_0_50,test,SAFE_TO_EXECUTE,grouped_iid,0.9596383251473373,0.9602763385146805,0.04036167485266273,0.03972366148531947,SAFE_TO_EXECUTE,0.24102374969289544
4507040791_00130,4507040791_00130,"3-way match, invoice before GR",2018-07-17 08:30:00+00:00,2018-07-17 13:58:00+00:00,0.22777777777777777,230.0,R1_0_50,test,SAFE_TO_EXECUTE,grouped_iid,0.9546295894000104,0.9602763385146805,0.045370410599989586,0.03972366148531947,SAFE_TO_EXECUTE,0.24102374969289544
4507040423_00070,4507040423_00070,"3-way match, invoice before GR",2018-07-17 09:50:00+00:00,2018-07-17 13:53:00+00:00,0.16875,94.0,R1_0_50,test,SAFE_TO_EXECUTE,grouped_iid,0.9683166153595183,0.9806451612903225,0.031683384640481704,0.01935483870967747,SAFE_TO_EXECUTE,0.1378026662704413
4508043280_00030,4508043280_00030,"3-way match, invoice before GR",2018-07-18 10:28:00+00:00,2018-07-18 15:36:00+00:00,0.21388888888888888,403.0,R1_0_50,test,SAFE_TO_EXECUTE,grouped_iid,0.9709398157882341,0.9949238578680203,0.029060184211765927,0.005076142131979711,SAFE_TO_EXECUTE,0.04599532480368192
4507020671_00020,4507020671_00020,"3-way match, invoice before GR",2018-07-18 13:16:00+00:00,2018-07-30 10:19:00+00:00,11.877083333333333,9757.0,R3_90_99,test,SAFE_TO_EXECUTE,grouped_iid,0.8958713976391237,0.8884615384615384,0.10412860236087629,0.11153846153846159,SAFE_TO_EXECUTE,0.5045390536984206
4508043406_00010,4508043406_00010,"3-way match, invoice before GR",2018-07-18 15:31:00+00:00,2018-07-19 06:38:00+00:00,0.6298611111111111,22863.0,R3_90_99,test,SAFE_TO_EXECUTE,grouped_iid,0.9802294183154089,1.0,0.019770581684591115,0.0,SAFE_TO_EXECUTE,5.123178885069411e-14
4507036650_00020,4507036650_00020,"3-way match, invoice before GR",2018-07-19 08:21:00+00:00,2018-08-07 14:29:00+00:00,19.255555555555556,416.0,R1_0_50,test,NOT_SAFE_TO_EXECUTE,grouped_iid,0.9815448837338816,1.0,0.0184551162661184,0.0,SAFE_TO_EXECUTE,5.123178885069411e-14
4508043575_00110,4508043575_00110,"3-way match, invoice before GR",2018-07-19 09:03:00+00:00,2018-07-20 15:42:00+00:00,1.2770833333333333,151.0,R1_0_50,test,SAFE_TO_EXECUTE,grouped_iid,0.9704500314316566,0.9949238578680203,0.029549968568343354,0.005076142131979711,SAFE_TO_EXECUTE,0.04599532480368192
4508043575_00120,4508043575_00120,"3-way match, invoice before GR",2018-07-19 09:03:00+00:00,2018-07-20 15:42:00+00:00,1.2770833333333333,144.0,R1_0_50,test,SAFE_TO_EXECUTE,grouped_iid,0.970450484059844,0.9949238578680203,0.02954951594015598,0.005076142131979711,SAFE_TO_EXECUTE,0.04599532480368192
4508043575_00200,4508043575_00200,"3-way match, invoice before GR",2018-07-19 09:03:00+00:00,2018-07-20 15:42:00+00:00,1.2770833333333333,27.0,R1_0_50,test,SAFE_TO_EXECUTE,grouped_iid,0.9704580484216353,0.9949238578680203,0.0295419515783647,0.005076142131979711,SAFE_TO_EXECUTE,0.04599532480368192
4508043575_00210,4508043575_00210,"3-way match, invoice before GR",2018-07-19 09:03:00+00:00,2018-07-20 15:42:00+00:00,1.2770833333333333,26.0,R1_0_50,test,SAFE_TO_EXECUTE,grouped_iid,0.9704581130662078,0.9949238578680203,0.029541886933792227,0.005076142131979711,SAFE_TO_EXECUTE,0.04599532480368192
4508043575_00250,4508043575_00250,"3-way match, invoice before GR",2018-07-19 09:03:00+00:00,2018-07-20 15:42:00+00:00,1.2770833333333333,504.0,R1_0_50,test,SAFE_TO_EXECUTE,grouped_iid,0.9704271973200459,0.9949238578680203,0.029572802679954102,0.005076142131979711,SAFE_TO_EXECUTE,0.04599532480368192
4508042246_00020,4508042246_00020,"3-way match, invoice before GR",2018-07-19 15:12:00+00:00,2018-07-24 08:56:00+00:00,4.738888888888889,1071.0,R2_50_90,test,SAFE_TO_EXECUTE,grouped_iid,0.9836990345298628,1.0,0.016300965470137152,0.0,SAFE_TO_EXECUTE,5.123178885069411e-14
4507041690_00020,4507041690_00020,"3-way match, invoice before GR",2018-07-20 13:40:00+00:00,2018-07-24 08:40:00+00:00,3.7916666666666665,339.0,R1_0_50,test,SAFE_TO_EXECUTE,grouped_iid,0.9859328774133177,1.0,0.014067122586682301,0.0,SAFE_TO_EXECUTE,5.123178885069411e-14
4507041869_00010,4507041869_00010,"3-way match, invoice before GR",2018-07-20 14:28:00+00:00,2018-07-24 08:53:00+00:00,3.767361111111111,1032.0,R2_50_90,test,SAFE_TO_EXECUTE,grouped_iid,0.9863999171160618,1.0,0.013600082883938214,0.0,SAFE_TO_EXECUTE,5.123178885069411e-14
4507040063_00010,4507040063_00010,"3-way match, invoice before GR",2018-07-23 08:09:00+00:00,2018-07-23 13:57:00+00:00,0.24166666666666667,89373.0,R4_99_100,test,SAFE_TO_EXECUTE,grouped_iid,0.9631235692561749,0.9602763385146805,0.03687643074382507,0.03972366148531947,SAFE_TO_EXECUTE,0.24102374969289544
4508043814_00040,4508043814_00040,"3-way match, invoice before GR",2018-07-23 10:15:00+00:00,2018-07-23 15:31:00+00:00,0.21944444444444444,466.0,R1_0_50,test,SAFE_TO_EXECUTE,grouped_iid,0.9544450333650205,0.9602763385146805,0.04555496663497949,0.03972366148531947,SAFE_TO_EXECUTE,0.24102374969289544
4507039465_00010,4507039465_00010,"3-way match, invoice before GR",2018-07-23 10:44:00+00:00,2018-07-25 11:40:00+00:00,2.0388888888888888,3762.0,R2_50_90,test,SAFE_TO_EXECUTE,grouped_iid,0.9491678061669002,0.9555555555555556,0.05083219383309978,0.0444444444444444,SAFE_TO_EXECUTE,0.2623112196143365
4507038791_00040,4507038791_00040,"3-way match, invoice before GR",2018-07-23 11:13:00+00:00,2018-07-26 07:46:00+00:00,2.85625,779.0,R2_50_90,test,SAFE_TO_EXECUTE,grouped_iid,0.9775059638870006,0.9949238578680203,0.022494036112999383,0.005076142131979711,SAFE_TO_EXECUTE,0.04599532480368192
4507036089_00190,4507036089_00190,"3-way match, invoice before GR",2018-07-23 11:22:00+00:00,2018-09-26 06:34:00+00:00,64.8,214.0,R1_0_50,test,SAFE_TO_EXECUTE,grouped_iid,0.9924990456755897,1.0,0.007500954324410336,0.0,SAFE_TO_EXECUTE,5.123178885069411e-14
4508042232_00010,4508042232_00010,"3-way match, invoice before GR",2018-07-23 12:16:00+00:00,2018-07-24 08:32:00+00:00,0.8444444444444444,2338.0,R2_50_90,test,SAFE_TO_EXECUTE,grouped_iid,0.9782909754054522,0.9949238578680203,0.02170902459454782,0.005076142131979711,SAFE_TO_EXECUTE,0.04599532480368192
4508044115_00060,4508044115_00060,"3-way match, invoice before GR",2018-07-23 15:16:00+00:00,2018-07-24 05:48:00+00:00,0.6055555555555555,1604.0,R2_50_90,test,SAFE_TO_EXECUTE,grouped_iid,0.9705918397996798,0.9949238578680203,0.02940816020032022,0.005076142131979711,SAFE_TO_EXECUTE,0.04599532480368192
4508044433_00070,4508044433_00070,"3-way match, invoice before GR",2018-07-24 07:11:00+00:00,2018-07-24 08:09:00+00:00,0.04027777777777778,2494.0,R2_50_90,test,SAFE_TO_EXECUTE,grouped_iid,0.9756599089781763,0.9949238578680203,0.024340091021823662,0.005076142131979711,SAFE_TO_EXECUTE,0.04599532480368192
4507040591_00030,4507040591_00030,"3-way match, invoice before GR",2018-07-24 07:37:00+00:00,2018-08-13 08:42:00+00:00,20.04513888888889,8.0,R1_0_50,test,NOT_SAFE_TO_EXECUTE,grouped_iid,0.4478085358928158,0.06666666666666667,0.5521914641071842,0.9333333333333333,NOT_SAFE_TO_EXECUTE,0.3533593350214213
4508044454_00050,4508044454_00050,"3-way match, invoice before GR",2018-07-24 08:53:00+00:00,2018-07-25 05:31:00+00:00,0.8597222222222223,83.0,R1_0_50,test,SAFE_TO_EXECUTE,grouped_iid,0.9713832121084552,0.9949238578680203,0.02861678789154476,0.005076142131979711,SAFE_TO_EXECUTE,0.04599532480368192
4508044609_00030,4508044609_00030,"3-way match, invoice before GR",2018-07-24 08:58:00+00:00,2018-07-25 15:32:00+00:00,1.273611111111111,2231.0,R2_50_90,test,SAFE_TO_EXECUTE,grouped_iid,0.977075946131579,0.9949238578680203,0.022924053868421,0.005076142131979711,SAFE_TO_EXECUTE,0.04599532480368192
4508043816_00010,4508043816_00010,"3-way match, invoice before GR",2018-07-24 09:04:00+00:00,2018-07-27 07:05:00+00:00,2.917361111111111,17.0,R1_0_50,test,SAFE_TO_EXECUTE,grouped_iid,0.9754383200161996,0.9949238578680203,0.024561679983800433,0.005076142131979711,SAFE_TO_EXECUTE,0.04599532480368192
4508043816_00020,4508043816_00020,"3-way match, invoice before GR",2018-07-24 09:04:00+00:00,2018-07-27 07:05:00+00:00,2.917361111111111,541.0,R1_0_50,test,SAFE_TO_EXECUTE,grouped_iid,0.9754099963328812,0.9949238578680203,0.02459000366711883,0.005076142131979711,SAFE_TO_EXECUTE,0.04599532480368192
4508043816_00060,4508043816_00060,"3-way match, invoice before GR",2018-07-24 09:04:00+00:00,2018-07-27 07:05:00+00:00,2.917361111111111,2593.0,R2_50_90,test,SAFE_TO_EXECUTE,grouped_iid,0.9752987731492976,0.9949238578680203,0.024701226850702418,0.005076142131979711,SAFE_TO_EXECUTE,0.04599532480368192
4508043816_00090,4508043816_00090,"3-way match, invoice before GR",2018-07-24 09:04:00+00:00,2018-07-27 07:05:00+00:00,2.917361111111111,1191.0,R2_50_90,test,SAFE_TO_EXECUTE,grouped_iid,0.9753748177477247,0.9949238578680203,0.02462518225227528,0.005076142131979711,SAFE_TO_EXECUTE,0.04599532480368192
4508043816_00110,4508043816_00110,"3-way match, invoice before GR",2018-07-24 09:04:00+00:00,2018-07-27 07:05:00+00:00,2.917361111111111,53.0,R1_0_50,test,SAFE_TO_EXECUTE,grouped_iid,0.9754363751321149,0.9949238578680203,0.024563624867885103,0.005076142131979711,SAFE_TO_EXECUTE,0.04599532480368192
4507037505_00010,4507037505_00010,"3-way match, invoice before GR",2018-07-24 09:32:00+00:00,2018-07-25 14:45:00+00:00,1.2173611111111111,362.0,R1_0_50,test,SAFE_TO_EXECUTE,grouped_iid,0.9779406072615691,0.9949238578680203,0.02205939273843094,0.005076142131979711,SAFE_TO_EXECUTE,0.04599532480368192
4507039460_00110,4507039460_00110,"3-way match, invoice before GR",2018-07-25 07:10:00+00:00,2018-07-25 12:53:00+00:00,0.23819444444444443,6276.0,R2_50_90,test,SAFE_TO_EXECUTE,grouped_iid,0.9523420480288056,0.9602763385146805,0.04765795197119438,0.03972366148531947,SAFE_TO_EXECUTE,0.24102374969289544
4507039876_00010,4507039876_00010,"3-way match, invoice before GR",2018-07-25 07:42:00+00:00,2018-07-31 09:17:00+00:00,6.065972222222222,3486.0,R2_50_90,test,SAFE_TO_EXECUTE,grouped_iid,0.8427624821360055,0.8404255319148937,0.15723751786399454,0.15957446808510634,SAFE_TO_EXECUTE,0.6332905746550958
4507040818_00010,4507040818_00010,"3-way match, invoice before GR",2018-07-25 07:52:00+00:00,2018-07-27 11:43:00+00:00,2.160416666666667,47284.0,R3_90_99,test,SAFE_TO_EXECUTE,grouped_iid,0.9289898902244278,0.9183673469387755,0.0710101097755722,0.08163265306122447,SAFE_TO_EXECUTE,0.4079059801389762
4507039882_00010,4507039882_00010,"3-way match, invoice before GR",2018-07-25 09:27:00+00:00,2018-07-25 12:55:00+00:00,0.14444444444444443,1727.0,R2_50_90,test,SAFE_TO_EXECUTE,grouped_iid,0.8387424174144659,0.8404255319148937,0.16125758258553413,0.15957446808510634,SAFE_TO_EXECUTE,0.6332905746550958
4508043000_00240,4508043000_00240,"3-way match, invoice before GR",2018-07-25 10:31:00+00:00,2018-07-27 06:52:00+00:00,1.8479166666666667,176.0,R1_0_50,test,SAFE_TO_EXECUTE,grouped_iid,0.9746696718968496,0.9949238578680203,0.02533032810315039,0.005076142131979711,SAFE_TO_EXECUTE,0.04599532480368192
4508042147_00010,4508042147_00010,"3-way match, invoice before GR",2018-07-25 11:09:00+00:00,2018-07-30 06:45:00+00:00,4.816666666666666,8311.0,R3_90_99,test,SAFE_TO_EXECUTE,grouped_iid,0.9502312174639455,0.9555555555555556,0.049768782536054545,0.0444444444444444,SAFE_TO_EXECUTE,0.2623112196143365
4507039233_00060,4507039233_00060,"3-way match, invoice before GR",2018-07-26 06:10:00+00:00,2018-07-27 11:03:00+00:00,1.2034722222222223,2620.0,R2_50_90,test,SAFE_TO_EXECUTE,grouped_iid,0.9640082883207267,0.97,0.035991711679273286,0.030000000000000027,SAFE_TO_EXECUTE,0.1943918578315763
4507041032_00100,4507041032_00100,"3-way match, invoice before GR",2018-07-26 07:23:00+00:00,2018-08-13 08:41:00+00:00,18.054166666666667,8.0,R1_0_50,test,SAFE_TO_EXECUTE,grouped_iid,0.7684972058363986,0.7333333333333333,0.23150279416360142,0.2666666666666667,SAFE_TO_EXECUTE,0.8366407419411673
4508045087_00010,4508045087_00010,"3-way match, invoice before GR",2018-07-26 07:56:00+00:00,2018-07-27 08:18:00+00:00,1.0152777777777777,309.0,R1_0_50,test,SAFE_TO_EXECUTE,grouped_iid,0.9708235336067298,0.9949238578680203,0.029176466393270206,0.005076142131979711,SAFE_TO_EXECUTE,0.04599532480368192
4507036603_00040,4507036603_00040,"3-way match, invoice before GR",2018-07-26 11:52:00+00:00,2018-08-01 15:42:00+00:00,6.159722222222222,8402.0,R3_90_99,test,SAFE_TO_EXECUTE,grouped_iid,0.9746911866757055,0.9949238578680203,0.025308813324294466,0.005076142131979711,SAFE_TO_EXECUTE,0.04599532480368192
4507040330_00020,4507040330_00020,"3-way match, invoice before GR",2018-07-26 12:10:00+00:00,2018-07-26 14:13:00+00:00,0.08541666666666667,33532.0,R3_90_99,test,SAFE_TO_EXECUTE,grouped_iid,0.9226217586368946,0.9183673469387755,0.07737824136310545,0.08163265306122447,SAFE_TO_EXECUTE,0.4079059801389762
4507041958_00130,4507041958_00130,"3-way match, invoice before GR",2018-07-26 14:25:00+00:00,2018-07-31 07:51:00+00:00,4.726388888888889,423.0,R1_0_50,test,SAFE_TO_EXECUTE,grouped_iid,0.9517852335638183,0.9602763385146805,0.04821476643618172,0.03972366148531947,SAFE_TO_EXECUTE,0.24102374969289544
4508044175_00020,4508044175_00020,"3-way match, invoice before GR",2018-07-27 06:21:00+00:00,2018-08-01 16:00:00+00:00,5.402083333333334,129.0,R1_0_50,test,SAFE_TO_EXECUTE,grouped_iid,0.9759649501294865,0.9949238578680203,0.024035049870513525,0.005076142131979711,SAFE_TO_EXECUTE,0.04599532480368192
4508044428_00030,4508044428_00030,"3-way match, invoice before GR",2018-07-27 06:26:00+00:00,2018-07-30 05:07:00+00:00,2.9451388888888888,292.0,R1_0_50,test,SAFE_TO_EXECUTE,grouped_iid,0.969652582827105,0.9806451612903225,0.03034741717289502,0.01935483870967747,SAFE_TO_EXECUTE,0.1378026662704413
4508044637_00020,4508044637_00020,"3-way match, invoice before GR",2018-07-27 09:24:00+00:00,2018-07-30 12:26:00+00:00,3.126388888888889,2958.0,R2_50_90,test,SAFE_TO_EXECUTE,grouped_iid,0.9692788105426331,0.9806451612903225,0.030721189457366904,0.01935483870967747,SAFE_TO_EXECUTE,0.1378026662704413
4507034847_00040,4507034847_00040,"3-way match, invoice before GR",2018-07-27 09:55:00+00:00,2018-09-24 09:25:00+00:00,58.979166666666664,138.0,R1_0_50,test,NOT_SAFE_TO_EXECUTE,grouped_iid,0.7101522400798439,0.7333333333333333,0.2898477599201561,0.2666666666666667,SAFE_TO_EXECUTE,0.8366407419411673
4507033131_00070,4507033131_00070,"3-way match, invoice before GR",2018-07-27 10:03:00+00:00,2018-09-18 13:07:00+00:00,53.12777777777778,44.0,R1_0_50,test,SAFE_TO_EXECUTE,grouped_iid,0.9254129133141327,0.9183673469387755,0.07458708668586733,0.08163265306122447,SAFE_TO_EXECUTE,0.4079059801389762
4508045744_00030,4508045744_00030,"3-way match, invoice before GR",2018-07-30 03:58:00+00:00,2018-07-31 06:43:00+00:00,1.1145833333333333,154.0,R1_0_50,test,SAFE_TO_EXECUTE,grouped_iid,0.9707177248113621,0.9949238578680203,0.029282275188637907,0.005076142131979711,SAFE_TO_EXECUTE,0.04599532480368192
4508045744_00080,4508045744_00080,"3-way match, invoice before GR",2018-07-30 03:58:00+00:00,2018-07-31 06:43:00+00:00,1.1145833333333333,241.0,R1_0_50,test,SAFE_TO_EXECUTE,grouped_iid,0.9707121481571915,0.9949238578680203,0.029287851842808466,0.005076142131979711,SAFE_TO_EXECUTE,0.04599532480368192
4508045744_00110,4508045744_00110,"3-way match, invoice before GR",2018-07-30 03:58:00+00:00,2018-07-31 06:43:00+00:00,1.1145833333333333,296.0,R1_0_50,test,SAFE_TO_EXECUTE,grouped_iid,0.9707086221547804,0.9949238578680203,0.029291377845219624,0.005076142131979711,SAFE_TO_EXECUTE,0.04599532480368192
4508045744_00120,4508045744_00120,"3-way match, invoice before GR",2018-07-30 03:58:00+00:00,2018-07-31 06:43:00+00:00,1.1145833333333333,186.0,R1_0_50,test,SAFE_TO_EXECUTE,grouped_iid,0.9707156737479588,0.9949238578680203,0.02928432625204125,0.005076142131979711,SAFE_TO_EXECUTE,0.04599532480368192
4508045744_00130,4508045744_00130,"3-way match, invoice before GR",2018-07-30 03:58:00+00:00,2018-07-31 06:43:00+00:00,1.1145833333333333,509.0,R1_0_50,test,SAFE_TO_EXECUTE,grouped_iid,0.9706949630242324,0.9949238578680203,0.029305036975767584,0.005076142131979711,SAFE_TO_EXECUTE,0.04599532480368192
4508045744_00160,4508045744_00160,"3-way match, invoice before GR",2018-07-30 03:58:00+00:00,2018-07-31 06:43:00+00:00,1.1145833333333333,61.0,R1_0_50,test,SAFE_TO_EXECUTE,grouped_iid,0.9707236849235779,0.9949238578680203,0.029276315076422144,0.005076142131979711,SAFE_TO_EXECUTE,0.04599532480368192
4508043999_00020,4508043999_00020,"3-way match, invoice before GR",2018-07-30 05:20:00+00:00,2018-08-06 14:23:00+00:00,7.377083333333333,7492.0,R3_90_99,test,SAFE_TO_EXECUTE,grouped_iid,0.9764103066628936,0.9949238578680203,0.023589693337106366,0.005076142131979711,SAFE_TO_EXECUTE,0.04599532480368192
4507040779_00010,4507040779_00010,"3-way match, invoice before GR",2018-07-30 07:21:00+00:00,2018-07-31 10:47:00+00:00,1.1430555555555555,11177.0,R3_90_99,test,SAFE_TO_EXECUTE,grouped_iid,0.9418345654571061,0.9357798165137615,0.05816543454289391,0.06422018348623848,SAFE_TO_EXECUTE,0.34397451435953375
4508045298_00040,4508045298_00040,"3-way match, invoice before GR",2018-07-30 11:23:00+00:00,2018-07-31 07:42:00+00:00,0.8465277777777778,118.0,R1_0_50,test,SAFE_TO_EXECUTE,grouped_iid,0.9597751936605993,0.9602763385146805,0.04022480633940073,0.03972366148531947,SAFE_TO_EXECUTE,0.24102374969289544
4508046011_00050,4508046011_00050,"3-way match, invoice before GR",2018-07-31 06:26:00+00:00,2018-07-31 15:48:00+00:00,0.3902777777777778,175.0,R1_0_50,test,SAFE_TO_EXECUTE,grouped_iid,0.9711338837224234,0.9949238578680203,0.028866116277576626,0.005076142131979711,SAFE_TO_EXECUTE,0.04599532480368192
4507036266_00010,4507036266_00010,"3-way match, invoice before GR",2018-07-31 07:02:00+00:00,2018-08-23 09:08:00+00:00,23.0875,6462.0,R2_50_90,test,NOT_SAFE_TO_EXECUTE,grouped_iid,0.6783217773014627,0.7333333333333333,0.3216782226985373,0.2666666666666667,SAFE_TO_EXECUTE,0.8366407419411673
4507041119_00020,4507041119_00020,"3-way match, invoice before GR",2018-07-31 10:49:00+00:00,2018-08-03 08:33:00+00:00,2.9055555555555554,11878.0,R3_90_99,test,SAFE_TO_EXECUTE,grouped_iid,0.7730922056363274,0.7333333333333333,0.2269077943636726,0.2666666666666667,SAFE_TO_EXECUTE,0.8366407419411673
4507040518_00020,4507040518_00020,"3-way match, invoice before GR",2018-07-31 12:39:00+00:00,2018-07-31 15:49:00+00:00,0.13194444444444445,5153.0,R2_50_90,test,SAFE_TO_EXECUTE,grouped_iid,0.9616974503871837,0.9602763385146805,0.03830254961281632,0.03972366148531947,SAFE_TO_EXECUTE,0.24102374969289544
4508045423_00030,4508045423_00030,"3-way match, invoice before GR",2018-07-31 13:30:00+00:00,2018-08-01 05:27:00+00:00,0.6645833333333333,793.0,R2_50_90,test,NOT_SAFE_TO_EXECUTE,grouped_iid,0.9698589910261037,0.9806451612903225,0.030141008973896266,0.01935483870967747,SAFE_TO_EXECUTE,0.1378026662704413
4508044925_00010,4508044925_00010,"3-way match, invoice before GR",2018-07-31 14:32:00+00:00,2018-08-02 08:32:00+00:00,1.75,21477.0,R3_90_99,test,SAFE_TO_EXECUTE,grouped_iid,0.9789627509514798,0.9949238578680203,0.021037249048520223,0.005076142131979711,SAFE_TO_EXECUTE,0.04599532480368192
4507033932_00010,4507033932_00010,"3-way match, invoice before GR",2018-07-31 14:37:00+00:00,2018-08-01 07:22:00+00:00,0.6979166666666666,14064.0,R3_90_99,test,SAFE_TO_EXECUTE,grouped_iid,0.932176455807354,0.9183673469387755,0.06782354419264602,0.08163265306122447,SAFE_TO_EXECUTE,0.4079059801389762
4508045802_00010,4508045802_00010,"3-way match, invoice before GR",2018-07-31 15:19:00+00:00,2018-08-02 08:33:00+00:00,1.7180555555555554,22863.0,R3_90_99,test,SAFE_TO_EXECUTE,grouped_iid,0.9794684344926492,1.0,0.020531565507350802,0.0,SAFE_TO_EXECUTE,5.123178885069411e-14
4507040880_00010,4507040880_00010,"3-way match, invoice before GR",2018-07-31 15:32:00+00:00,2018-08-01 10:45:00+00:00,0.8006944444444445,1784.0,R2_50_90,test,SAFE_TO_EXECUTE,grouped_iid,0.9419356740110648,0.9357798165137615,0.058064325988935184,0.06422018348623848,SAFE_TO_EXECUTE,0.34397451435953375
4508045747_00080,4508045747_00080,"3-way match, invoice before GR",2018-08-01 04:56:00+00:00,2018-08-01 05:56:00+00:00,0.041666666666666664,5616.0,R2_50_90,test,SAFE_TO_EXECUTE,grouped_iid,0.9698573229080117,0.9806451612903225,0.030142677091988257,0.01935483870967747,SAFE_TO_EXECUTE,0.1378026662704413
4508045747_00120,4508045747_00120,"3-way match, invoice before GR",2018-08-01 04:56:00+00:00,2018-08-01 05:56:00+00:00,0.041666666666666664,474.0,R1_0_50,test,SAFE_TO_EXECUTE,grouped_iid,0.9701944347357357,0.9806451612903225,0.029805565264264255,0.01935483870967747,SAFE_TO_EXECUTE,0.1378026662704413
4508045747_00150,4508045747_00150,"3-way match, invoice before GR",2018-08-01 04:56:00+00:00,2018-08-01 05:56:00+00:00,0.041666666666666664,679.0,R2_50_90,test,SAFE_TO_EXECUTE,grouped_iid,0.970181065056867,0.9806451612903225,0.029818934943133035,0.01935483870967747,SAFE_TO_EXECUTE,0.1378026662704413
4508043776_00040,4508043776_00040,"3-way match, invoice before GR",2018-08-01 09:53:00+00:00,2018-08-09 12:32:00+00:00,8.110416666666667,356.0,R1_0_50,test,SAFE_TO_EXECUTE,grouped_iid,0.9485128407904567,0.9357798165137615,0.051487159209543276,0.06422018348623848,SAFE_TO_EXECUTE,0.34397451435953375
4508045327_00010,4508045327_00010,"3-way match, invoice before GR",2018-08-01 10:31:00+00:00,2018-08-09 14:08:00+00:00,8.150694444444444,21345.0,R3_90_99,test,SAFE_TO_EXECUTE,grouped_iid,0.8663389255473541,0.8404255319148937,0.13366107445264586,0.15957446808510634,SAFE_TO_EXECUTE,0.6332905746550958
4508043098_00020,4508043098_00020,"3-way match, invoice before GR",2018-08-01 10:33:00+00:00,2018-08-02 14:37:00+00:00,1.1694444444444445,3579.0,R2_50_90,test,SAFE_TO_EXECUTE,grouped_iid,0.9636893066619288,0.9602763385146805,0.03631069333807124,0.03972366148531947,SAFE_TO_EXECUTE,0.24102374969289544
4508045098_00040,4508045098_00040,"3-way match, invoice before GR",2018-08-01 10:56:00+00:00,2018-08-02 08:40:00+00:00,0.9055555555555556,1459.0,R2_50_90,test,NOT_SAFE_TO_EXECUTE,grouped_iid,0.6050030376285118,0.7333333333333333,0.3949969623714882,0.2666666666666667,SAFE_TO_EXECUTE,0.8366407419411673
4508045881_00010,4508045881_00010,"3-way match, invoice before GR",2018-08-01 11:00:00+00:00,2018-08-02 08:34:00+00:00,0.8986111111111111,13923.0,R3_90_99,test,SAFE_TO_EXECUTE,grouped_iid,0.9365695684444671,0.9183673469387755,0.06343043155553285,0.08163265306122447,SAFE_TO_EXECUTE,0.4079059801389762
4507039891_00010,4507039891_00010,"3-way match, invoice before GR",2018-08-01 11:13:00+00:00,2018-08-06 11:03:00+00:00,4.993055555555555,9328.0,R3_90_99,test,NOT_SAFE_TO_EXECUTE,grouped_iid,0.8844474626435328,0.8884615384615384,0.1155525373564672,0.11153846153846159,SAFE_TO_EXECUTE,0.5045390536984206
4508045328_00010,4508045328_00010,"3-way match, invoice before GR",2018-08-01 13:26:00+00:00,2018-08-03 09:34:00+00:00,1.8388888888888888,21345.0,R3_90_99,test,SAFE_TO_EXECUTE,grouped_iid,0.8790938708149577,0.8884615384615384,0.12090612918504229,0.11153846153846159,SAFE_TO_EXECUTE,0.5045390536984206
4507028177_00030,4507028177_00030,"3-way match, invoice before GR",2018-08-02 06:57:00+00:00,2018-08-06 13:19:00+00:00,4.2652777777777775,20552.0,R3_90_99,test,SAFE_TO_EXECUTE,grouped_iid,0.9314524607227479,0.9183673469387755,0.0685475392772521,0.08163265306122447,SAFE_TO_EXECUTE,0.4079059801389762
4508046175_00030,4508046175_00030,"3-way match, invoice before GR",2018-08-02 08:01:00+00:00,2018-08-07 10:49:00+00:00,5.116666666666666,486.0,R1_0_50,test,SAFE_TO_EXECUTE,grouped_iid,0.9682446533154389,0.9806451612903225,0.03175534668456115,0.01935483870967747,SAFE_TO_EXECUTE,0.1378026662704413
4508043875_00010,4508043875_00010,"3-way match, invoice before GR",2018-08-02 08:04:00+00:00,2018-08-08 10:55:00+00:00,6.11875,1155.0,R2_50_90,test,SAFE_TO_EXECUTE,grouped_iid,0.9494962540580458,0.9555555555555556,0.05050374594195417,0.0444444444444444,SAFE_TO_EXECUTE,0.2623112196143365
4507038571_00010,4507038571_00010,"3-way match, invoice before GR",2018-08-02 10:38:00+00:00,2018-08-03 11:44:00+00:00,1.0458333333333334,8694.0,R3_90_99,test,SAFE_TO_EXECUTE,grouped_iid,0.9713796430802465,0.9949238578680203,0.02862035691975351,0.005076142131979711,SAFE_TO_EXECUTE,0.04599532480368192
4508044674_00060,4508044674_00060,"3-way match, invoice before GR",2018-08-02 10:57:00+00:00,2018-08-06 10:49:00+00:00,3.9944444444444445,1568.0,R2_50_90,test,SAFE_TO_EXECUTE,grouped_iid,0.9671757599389154,0.97,0.03282424006108464,0.030000000000000027,SAFE_TO_EXECUTE,0.1943918578315763
4508044674_00070,4508044674_00070,"3-way match, invoice before GR",2018-08-02 10:57:00+00:00,2018-08-06 10:49:00+00:00,3.9944444444444445,647.0,R2_50_90,test,SAFE_TO_EXECUTE,grouped_iid,0.9672416249840022,0.97,0.032758375015997765,0.030000000000000027,SAFE_TO_EXECUTE,0.1943918578315763
4508044674_00080,4508044674_00080,"3-way match, invoice before GR",2018-08-02 10:57:00+00:00,2018-08-06 10:49:00+00:00,3.9944444444444445,2922.0,R2_50_90,test,SAFE_TO_EXECUTE,grouped_iid,0.9670786966791843,0.97,0.032921303320815665,0.030000000000000027,SAFE_TO_EXECUTE,0.1943918578315763
4508046368_00080,4508046368_00080,"3-way match, invoice before GR",2018-08-02 12:55:00+00:00,2018-08-02 15:32:00+00:00,0.10902777777777778,6035.0,R2_50_90,test,SAFE_TO_EXECUTE,grouped_iid,0.9706257563827878,0.9949238578680203,0.029374243617212192,0.005076142131979711,SAFE_TO_EXECUTE,0.04599532480368192
4508046673_00020,4508046673_00020,"3-way match, invoice before GR",2018-08-03 05:49:00+00:00,2018-08-03 15:33:00+00:00,0.40555555555555556,155.0,R1_0_50,test,SAFE_TO_EXECUTE,grouped_iid,0.984202452330958,1.0,0.015797547669041956,0.0,SAFE_TO_EXECUTE,5.123178885069411e-14
4508042338_00040,4508042338_00040,"3-way match, invoice before GR",2018-08-03 06:47:00+00:00,2018-08-03 09:29:00+00:00,0.1125,6320.0,R2_50_90,test,NOT_SAFE_TO_EXECUTE,grouped_iid,0.8974146617525214,0.8884615384615384,0.10258533824747862,0.11153846153846159,SAFE_TO_EXECUTE,0.5045390536984206
4508046403_00020,4508046403_00020,"3-way match, invoice before GR",2018-08-03 07:11:00+00:00,2018-08-06 05:49:00+00:00,2.9430555555555555,350.0,R1_0_50,test,SAFE_TO_EXECUTE,grouped_iid,0.8620949923125074,0.8404255319148937,0.1379050076874926,0.15957446808510634,SAFE_TO_EXECUTE,0.6332905746550958
4508042111_00030,4508042111_00030,"3-way match, invoice before GR",2018-08-03 07:12:00+00:00,2018-08-08 14:59:00+00:00,5.324305555555555,4664.0,R2_50_90,test,SAFE_TO_EXECUTE,grouped_iid,0.884275040952471,0.8884615384615384,0.115724959047529,0.11153846153846159,SAFE_TO_EXECUTE,0.5045390536984206
4508045716_00030,4508045716_00030,"3-way match, invoice before GR",2018-08-03 07:29:00+00:00,2018-08-06 05:48:00+00:00,2.9298611111111112,3466.0,R2_50_90,test,SAFE_TO_EXECUTE,grouped_iid,0.8568450224717545,0.8404255319148937,0.14315497752824546,0.15957446808510634,SAFE_TO_EXECUTE,0.6332905746550958
4508046080_00010,4508046080_00010,"3-way match, invoice before GR",2018-08-03 07:29:00+00:00,2018-08-06 05:49:00+00:00,2.9305555555555554,1371.0,R2_50_90,test,SAFE_TO_EXECUTE,grouped_iid,0.8616825307239186,0.8404255319148937,0.13831746927608135,0.15957446808510634,SAFE_TO_EXECUTE,0.6332905746550958
4508044519_00010,4508044519_00010,"3-way match, invoice before GR",2018-08-06 07:43:00+00:00,2018-08-08 13:17:00+00:00,2.2319444444444443,42109.0,R3_90_99,test,SAFE_TO_EXECUTE,grouped_iid,0.6155847796426144,0.7333333333333333,0.3844152203573856,0.2666666666666667,SAFE_TO_EXECUTE,0.8366407419411673
4508044568_00010,4508044568_00010,"3-way match, invoice before GR",2018-08-06 09:41:00+00:00,2018-08-08 11:37:00+00:00,2.0805555555555557,44115.0,R3_90_99,test,SAFE_TO_EXECUTE,grouped_iid,0.8889115294198835,0.8884615384615384,0.1110884705801165,0.11153846153846159,SAFE_TO_EXECUTE,0.5045390536984206
4508044170_00030,4508044170_00030,"3-way match, invoice before GR",2018-08-06 11:53:00+00:00,2018-08-08 08:13:00+00:00,1.8472222222222223,133.0,R1_0_50,test,SAFE_TO_EXECUTE,grouped_iid,0.9524082698020852,0.9602763385146805,0.04759173019791485,0.03972366148531947,SAFE_TO_EXECUTE,0.24102374969289544
4508044853_00030,4508044853_00030,"3-way match, invoice before GR",2018-08-06 12:07:00+00:00,2018-08-08 08:17:00+00:00,1.8402777777777777,226.0,R1_0_50,test,SAFE_TO_EXECUTE,grouped_iid,0.9545441685845373,0.9602763385146805,0.04545583141546272,0.03972366148531947,SAFE_TO_EXECUTE,0.24102374969289544
4507038758_00050,4507038758_00050,"3-way match, invoice before GR",2018-08-06 12:18:00+00:00,2018-08-06 17:14:00+00:00,0.20555555555555555,285.0,R1_0_50,test,SAFE_TO_EXECUTE,grouped_iid,0.9485748928495641,0.9357798165137615,0.05142510715043591,0.06422018348623848,SAFE_TO_EXECUTE,0.34397451435953375
4508046840_00030,4508046840_00030,"3-way match, invoice before GR",2018-08-06 14:46:00+00:00,2018-08-06 15:40:00+00:00,0.0375,121.0,R1_0_50,test,SAFE_TO_EXECUTE,grouped_iid,0.9709590551960872,0.9949238578680203,0.029040944803912838,0.005076142131979711,SAFE_TO_EXECUTE,0.04599532480368192
4507040211_00050,4507040211_00050,"3-way match, invoice before GR",2018-08-06 15:20:00+00:00,2018-08-07 09:19:00+00:00,0.7493055555555556,1891.0,R2_50_90,test,SAFE_TO_EXECUTE,grouped_iid,0.9451101706917892,0.9357798165137615,0.05488982930821085,0.06422018348623848,SAFE_TO_EXECUTE,0.34397451435953375
4507040211_00090,4507040211_00090,"3-way match, invoice before GR",2018-08-06 15:52:00+00:00,2018-08-07 09:19:00+00:00,0.7270833333333333,411.0,R1_0_50,test,SAFE_TO_EXECUTE,grouped_iid,0.9453009677257378,0.9357798165137615,0.054699032274262205,0.06422018348623848,SAFE_TO_EXECUTE,0.34397451435953375
4508046154_00020,4508046154_00020,"3-way match, invoice before GR",2018-08-07 08:17:00+00:00,2018-08-07 08:49:00+00:00,0.022222222222222223,2274.0,R2_50_90,test,NOT_SAFE_TO_EXECUTE,grouped_iid,0.9700058010643,0.9806451612903225,0.02999419893569999,0.01935483870967747,SAFE_TO_EXECUTE,0.1378026662704413
4508044602_00060,4508044602_00060,"3-way match, invoice before GR",2018-08-07 08:23:00+00:00,2018-08-28 07:11:00+00:00,20.95,235.0,R1_0_50,test,SAFE_TO_EXECUTE,grouped_iid,0.9048940509851423,0.8884615384615384,0.0951059490148577,0.11153846153846159,SAFE_TO_EXECUTE,0.5045390536984206
4508044670_00010,4508044670_00010,"3-way match, invoice before GR",2018-08-07 08:43:00+00:00,2018-08-08 08:20:00+00:00,0.9840277777777777,1645.0,R2_50_90,test,SAFE_TO_EXECUTE,grouped_iid,0.9563111011562282,0.9602763385146805,0.043688898843771806,0.03972366148531947,SAFE_TO_EXECUTE,0.24102374969289544
4508042811_00010,4508042811_00010,"3-way match, invoice before GR",2018-08-07 09:50:00+00:00,2018-08-08 09:46:00+00:00,0.9972222222222222,6955.0,R2_50_90,test,SAFE_TO_EXECUTE,grouped_iid,0.761097502762954,0.7333333333333333,0.23890249723704604,0.2666666666666667,SAFE_TO_EXECUTE,0.8366407419411673
4508046832_00030,4508046832_00030,"3-way match, invoice before GR",2018-08-07 13:22:00+00:00,2018-08-07 15:30:00+00:00,0.08888888888888889,251.0,R1_0_50,test,SAFE_TO_EXECUTE,grouped_iid,0.9701778601426707,0.9806451612903225,0.02982213985732929,0.01935483870967747,SAFE_TO_EXECUTE,0.1378026662704413
4508046832_00040,4508046832_00040,"3-way match, invoice before GR",2018-08-07 13:22:00+00:00,2018-08-07 15:30:00+00:00,0.08888888888888889,201.0,R1_0_50,test,SAFE_TO_EXECUTE,grouped_iid,0.9701811219156032,0.9806451612903225,0.02981887808439676,0.01935483870967747,SAFE_TO_EXECUTE,0.1378026662704413
4508046832_00090,4508046832_00090,"3-way match, invoice before GR",2018-08-07 13:22:00+00:00,2018-08-07 15:30:00+00:00,0.08888888888888889,468.0,R1_0_50,test,SAFE_TO_EXECUTE,grouped_iid,0.9701637000403583,0.9806451612903225,0.029836299959641654,0.01935483870967747,SAFE_TO_EXECUTE,0.1378026662704413
4508047268_00020,4508047268_00020,"3-way match, invoice before GR",2018-08-07 13:35:00+00:00,2018-08-07 15:27:00+00:00,0.07777777777777778,19.0,R1_0_50,test,NOT_SAFE_TO_EXECUTE,grouped_iid,0.9712815385745677,0.9949238578680203,0.02871846142543233,0.005076142131979711,SAFE_TO_EXECUTE,0.04599532480368192
4508047268_00030,4508047268_00030,"3-way match, invoice before GR",2018-08-07 13:35:00+00:00,2018-08-07 15:27:00+00:00,0.07777777777777778,331.0,R1_0_50,test,SAFE_TO_EXECUTE,grouped_iid,0.9586941284953622,0.9602763385146805,0.041305871504637826,0.03972366148531947,SAFE_TO_EXECUTE,0.24102374969289544
4508047268_00040,4508047268_00040,"3-way match, invoice before GR",2018-08-07 13:35:00+00:00,2018-08-07 15:27:00+00:00,0.07777777777777778,208.0,R1_0_50,test,SAFE_TO_EXECUTE,grouped_iid,0.9587051099102282,0.9602763385146805,0.04129489008977183,0.03972366148531947,SAFE_TO_EXECUTE,0.24102374969289544
4507040151_00030,4507040151_00030,"3-way match, invoice before GR",2018-08-07 13:36:00+00:00,2018-08-09 07:50:00+00:00,1.7597222222222222,39.0,R1_0_50,test,SAFE_TO_EXECUTE,grouped_iid,0.9581420065530556,0.9602763385146805,0.04185799344694441,0.03972366148531947,SAFE_TO_EXECUTE,0.24102374969289544
4508047063_00040,4508047063_00040,"3-way match, invoice before GR",2018-08-07 15:56:00+00:00,2018-08-10 11:42:00+00:00,2.823611111111111,868.0,R2_50_90,test,SAFE_TO_EXECUTE,grouped_iid,0.9700419104227795,0.9806451612903225,0.02995808957722046,0.01935483870967747,SAFE_TO_EXECUTE,0.1378026662704413
4508045630_00010,4508045630_00010,"3-way match, invoice before GR",2018-08-08 07:12:00+00:00,2018-08-09 13:58:00+00:00,1.2819444444444446,7970.0,R3_90_99,test,SAFE_TO_EXECUTE,grouped_iid,0.9579734277065723,0.9602763385146805,0.042026572293427655,0.03972366148531947,SAFE_TO_EXECUTE,0.24102374969289544
4508047645_00010,4508047645_00010,"3-way match, invoice before GR",2018-08-08 07:35:00+00:00,2018-08-08 15:30:00+00:00,0.3298611111111111,485.0,R1_0_50,test,SAFE_TO_EXECUTE,grouped_iid,0.977340735099905,0.9949238578680203,0.022659264900094955,0.005076142131979711,SAFE_TO_EXECUTE,0.04599532480368192
4507041606_00040,4507041606_00040,"3-way match, invoice before GR",2018-08-08 07:43:00+00:00,2018-08-08 13:16:00+00:00,0.23125,387.0,R1_0_50,test,SAFE_TO_EXECUTE,grouped_iid,0.9628112748774706,0.9602763385146805,0.037188725122529354,0.03972366148531947,SAFE_TO_EXECUTE,0.24102374969289544
4508044832_00060,4508044832_00060,"3-way match, invoice before GR",2018-08-08 07:53:00+00:00,2018-08-08 13:17:00+00:00,0.225,1452.0,R2_50_90,test,SAFE_TO_EXECUTE,grouped_iid,0.9733617133153339,0.9949238578680203,0.026638286684666057,0.005076142131979711,SAFE_TO_EXECUTE,0.04599532480368192
4508047267_00010,4508047267_00010,"3-way match, invoice before GR",2018-08-08 12:59:00+00:00,2018-08-08 15:29:00+00:00,0.10416666666666667,53.0,R1_0_50,test,SAFE_TO_EXECUTE,grouped_iid,0.9774051993493659,0.9949238578680203,0.022594800650634128,0.005076142131979711,SAFE_TO_EXECUTE,0.04599532480368192
4508044838_00010,4508044838_00010,"3-way match, invoice before GR",2018-08-09 07:15:00+00:00,2018-08-14 13:20:00+00:00,5.253472222222222,24543.0,R3_90_99,test,SAFE_TO_EXECUTE,grouped_iid,0.8824359460500307,0.8884615384615384,0.11756405394996927,0.11153846153846159,SAFE_TO_EXECUTE,0.5045390536984206
4508047625_00050,4508047625_00050,"3-way match, invoice before GR",2018-08-09 07:39:00+00:00,2018-08-09 15:31:00+00:00,0.3277777777777778,5636.0,R2_50_90,test,SAFE_TO_EXECUTE,grouped_iid,0.9705437614020835,0.9949238578680203,0.029456238597916462,0.005076142131979711,SAFE_TO_EXECUTE,0.04599532480368192
4508047888_00010,4508047888_00010,"3-way match, invoice before GR",2018-08-09 07:50:00+00:00,2018-08-10 06:45:00+00:00,0.9548611111111112,170.0,R1_0_50,test,SAFE_TO_EXECUTE,grouped_iid,0.9708735459200014,0.9949238578680203,0.029126454079998587,0.005076142131979711,SAFE_TO_EXECUTE,0.04599532480368192
4507037821_00010,4507037821_00010,"3-way match, invoice before GR",2018-08-09 09:00:00+00:00,2018-08-14 11:12:00+00:00,5.091666666666667,989.0,R2_50_90,test,SAFE_TO_EXECUTE,grouped_iid,0.32480632104064927,0.06666666666666667,0.6751936789593507,0.9333333333333333,NOT_SAFE_TO_EXECUTE,0.3533593350214213
4508046088_00010,4508046088_00010,"3-way match, invoice before GR",2018-08-09 09:03:00+00:00,2018-08-10 09:57:00+00:00,1.0375,272.0,R1_0_50,test,SAFE_TO_EXECUTE,grouped_iid,0.959549683502916,0.9602763385146805,0.04045031649708397,0.03972366148531947,SAFE_TO_EXECUTE,0.24102374969289544
4508046088_00020,4508046088_00020,"3-way match, invoice before GR",2018-08-09 09:03:00+00:00,2018-08-10 09:57:00+00:00,1.0375,356.0,R1_0_50,test,SAFE_TO_EXECUTE,grouped_iid,0.9595423312056499,0.9602763385146805,0.04045766879435009,0.03972366148531947,SAFE_TO_EXECUTE,0.24102374969289544
4508046160_00040,4508046160_00040,"3-way match, invoice before GR",2018-08-09 09:20:00+00:00,2018-08-14 09:05:00+00:00,4.989583333333333,8856.0,R3_90_99,test,SAFE_TO_EXECUTE,grouped_iid,0.8563044104792201,0.8404255319148937,0.14369558952077988,0.15957446808510634,SAFE_TO_EXECUTE,0.6332905746550958
4508044996_00010,4508044996_00010,"3-way match, invoice before GR",2018-08-09 09:23:00+00:00,2018-08-16 12:03:00+00:00,7.111111111111111,41062.0,R3_90_99,test,NOT_SAFE_TO_EXECUTE,grouped_iid,0.8513761429552614,0.8404255319148937,0.14862385704473857,0.15957446808510634,SAFE_TO_EXECUTE,0.6332905746550958
4508046411_00010,4508046411_00010,"3-way match, invoice before GR",2018-08-09 09:39:00+00:00,2018-08-09 10:54:00+00:00,0.052083333333333336,4520.0,R2_50_90,test,SAFE_TO_EXECUTE,grouped_iid,0.8489824694157911,0.8404255319148937,0.15101753058420886,0.15957446808510634,SAFE_TO_EXECUTE,0.6332905746550958
4508045350_00010,4508045350_00010,"3-way match, invoice before GR",2018-08-09 10:05:00+00:00,2018-08-10 09:45:00+00:00,0.9861111111111112,45123.0,R3_90_99,test,SAFE_TO_EXECUTE,grouped_iid,0.6200537544881987,0.7333333333333333,0.37994624551180134,0.2666666666666667,SAFE_TO_EXECUTE,0.8366407419411673
4507040724_00020,4507040724_00020,"3-way match, invoice before GR",2018-08-09 10:22:00+00:00,2018-08-09 17:33:00+00:00,0.29930555555555555,1946.0,R2_50_90,test,SAFE_TO_EXECUTE,grouped_iid,0.9490637760923274,0.9375,0.050936223907672606,0.0625,SAFE_TO_EXECUTE,0.3372900666170139
4508045022_00120,4508045022_00120,"3-way match, invoice before GR",2018-08-09 10:24:00+00:00,2018-08-10 08:01:00+00:00,0.9006944444444445,480.0,R1_0_50,test,SAFE_TO_EXECUTE,grouped_iid,0.92923661561496,0.9183673469387755,0.07076338438504004,0.08163265306122447,SAFE_TO_EXECUTE,0.4079059801389762
4508044255_00100,4508044255_00100,"3-way match, invoice before GR",2018-08-09 12:18:00+00:00,2018-08-09 13:06:00+00:00,0.03333333333333333,391.0,R1_0_50,test,SAFE_TO_EXECUTE,grouped_iid,0.9665727810314931,0.97,0.03342721896850687,0.030000000000000027,SAFE_TO_EXECUTE,0.1943918578315763
4508045861_00010,4508045861_00010,"3-way match, invoice before GR",2018-08-10 07:35:00+00:00,2018-08-10 11:27:00+00:00,0.16111111111111112,19398.0,R3_90_99,test,SAFE_TO_EXECUTE,grouped_iid,0.9531281190877954,0.9602763385146805,0.04687188091220462,0.03972366148531947,SAFE_TO_EXECUTE,0.24102374969289544
4508047853_00020,4508047853_00020,"3-way match, invoice before GR",2018-08-10 10:18:00+00:00,2018-08-10 15:28:00+00:00,0.2152777777777778,49.0,R1_0_50,test,SAFE_TO_EXECUTE,grouped_iid,0.9842423162779708,1.0,0.015757683722029237,0.0,SAFE_TO_EXECUTE,5.123178885069411e-14
4508045268_00020,4508045268_00020,"3-way match, invoice before GR",2018-08-10 10:54:00+00:00,2018-08-13 09:14:00+00:00,2.9305555555555554,277.0,R1_0_50,test,SAFE_TO_EXECUTE,grouped_iid,0.9517410923467717,0.9602763385146805,0.04825890765322827,0.03972366148531947,SAFE_TO_EXECUTE,0.24102374969289544
4508045268_00040,4508045268_00040,"3-way match, invoice before GR",2018-08-10 10:54:00+00:00,2018-08-13 09:14:00+00:00,2.9305555555555554,64.0,R1_0_50,test,SAFE_TO_EXECUTE,grouped_iid,0.9517631469001223,0.9602763385146805,0.048236853099877686,0.03972366148531947,SAFE_TO_EXECUTE,0.24102374969289544
4508045458_00010,4508045458_00010,"3-way match, invoice before GR",2018-08-13 09:44:00+00:00,2018-08-22 07:25:00+00:00,8.903472222222222,3135.0,R2_50_90,test,SAFE_TO_EXECUTE,grouped_iid,0.9711839463368112,0.9949238578680203,0.028816053663188845,0.005076142131979711,SAFE_TO_EXECUTE,0.04599532480368192
4508043715_00010,4508043715_00010,"3-way match, invoice before GR",2018-08-13 11:28:00+00:00,2018-08-14 13:25:00+00:00,1.08125,852.0,R2_50_90,test,SAFE_TO_EXECUTE,grouped_iid,0.9701209308926123,0.9806451612903225,0.02987906910738769,0.01935483870967747,SAFE_TO_EXECUTE,0.1378026662704413
4508044911_00110,4508044911_00110,"3-way match, invoice before GR",2018-08-14 09:30:00+00:00,2018-08-15 09:24:00+00:00,0.9958333333333333,242.0,R1_0_50,test,NOT_SAFE_TO_EXECUTE,grouped_iid,0.9510491698085887,0.9555555555555556,0.04895083019141133,0.0444444444444444,SAFE_TO_EXECUTE,0.2623112196143365
4508044911_00230,4508044911_00230,"3-way match, invoice before GR",2018-08-14 09:30:00+00:00,2018-08-15 09:20:00+00:00,0.9930555555555556,174.0,R1_0_50,test,SAFE_TO_EXECUTE,grouped_iid,0.9510584954074253,0.9555555555555556,0.048941504592574736,0.0444444444444444,SAFE_TO_EXECUTE,0.2623112196143365
4508046213_00160,4508046213_00160,"3-way match, invoice before GR",2018-08-14 09:45:00+00:00,2018-08-17 12:55:00+00:00,3.1319444444444446,50.0,R1_0_50,test,SAFE_TO_EXECUTE,grouped_iid,0.9520440681428103,0.9602763385146805,0.047955931857189715,0.03972366148531947,SAFE_TO_EXECUTE,0.24102374969289544
4508046626_00090,4508046626_00090,"3-way match, invoice before GR",2018-08-14 11:37:00+00:00,2018-08-21 08:00:00+00:00,6.8493055555555555,1903.0,R2_50_90,test,NOT_SAFE_TO_EXECUTE,grouped_iid,0.4287604699235238,0.06666666666666667,0.5712395300764762,0.9333333333333333,NOT_SAFE_TO_EXECUTE,0.3533593350214213
4508046626_00150,4508046626_00150,"3-way match, invoice before GR",2018-08-14 11:37:00+00:00,2018-08-21 08:00:00+00:00,6.8493055555555555,38.0,R1_0_50,test,NOT_SAFE_TO_EXECUTE,grouped_iid,0.4297907561481125,0.06666666666666667,0.5702092438518875,0.9333333333333333,NOT_SAFE_TO_EXECUTE,0.3533593350214213
4508047432_00010,4508047432_00010,"3-way match, invoice before GR",2018-08-14 13:18:00+00:00,2018-08-15 08:59:00+00:00,0.8201388888888889,898.0,R2_50_90,test,SAFE_TO_EXECUTE,grouped_iid,0.9701860375078314,0.9806451612903225,0.02981396249216861,0.01935483870967747,SAFE_TO_EXECUTE,0.1378026662704413
4508047432_00040,4508047432_00040,"3-way match, invoice before GR",2018-08-14 13:18:00+00:00,2018-08-15 08:59:00+00:00,0.8201388888888889,2449.0,R2_50_90,test,SAFE_TO_EXECUTE,grouped_iid,0.9700847123285521,0.9806451612903225,0.02991528767144791,0.01935483870967747,SAFE_TO_EXECUTE,0.1378026662704413
4508047432_00050,4508047432_00050,"3-way match, invoice before GR",2018-08-14 13:18:00+00:00,2018-08-15 08:59:00+00:00,0.8201388888888889,1399.0,R2_50_90,test,SAFE_TO_EXECUTE,grouped_iid,0.9701533441355193,0.9806451612903225,0.029846655864480653,0.01935483870967747,SAFE_TO_EXECUTE,0.1378026662704413
4508046212_00020,4508046212_00020,"3-way match, invoice before GR",2018-08-15 10:21:00+00:00,2018-08-17 12:57:00+00:00,2.1083333333333334,223.0,R1_0_50,test,SAFE_TO_EXECUTE,grouped_iid,0.9523766747891771,0.9602763385146805,0.04762332521082291,0.03972366148531947,SAFE_TO_EXECUTE,0.24102374969289544
4508046212_00050,4508046212_00050,"3-way match, invoice before GR",2018-08-15 10:21:00+00:00,2018-08-17 12:57:00+00:00,2.1083333333333334,8010.0,R3_90_99,test,SAFE_TO_EXECUTE,grouped_iid,0.9515739487212218,0.9555555555555556,0.04842605127877819,0.0444444444444444,SAFE_TO_EXECUTE,0.2623112196143365
4508046212_00060,4508046212_00060,"3-way match, invoice before GR",2018-08-15 10:21:00+00:00,2018-08-17 12:57:00+00:00,2.1083333333333334,202.0,R1_0_50,test,SAFE_TO_EXECUTE,grouped_iid,0.9523788223972968,0.9602763385146805,0.047621177602703235,0.03972366148531947,SAFE_TO_EXECUTE,0.24102374969289544
4508046212_00090,4508046212_00090,"3-way match, invoice before GR",2018-08-15 10:21:00+00:00,2018-08-17 12:57:00+00:00,2.1083333333333334,285.0,R1_0_50,test,SAFE_TO_EXECUTE,grouped_iid,0.9523703336950343,0.9602763385146805,0.04762966630496568,0.03972366148531947,SAFE_TO_EXECUTE,0.24102374969289544
4508046212_00130,4508046212_00130,"3-way match, invoice before GR",2018-08-15 10:21:00+00:00,2018-08-17 12:57:00+00:00,2.1083333333333334,767.0,R2_50_90,test,SAFE_TO_EXECUTE,grouped_iid,0.9523210094386589,0.9602763385146805,0.04767899056134106,0.03972366148531947,SAFE_TO_EXECUTE,0.24102374969289544
4508046212_00180,4508046212_00180,"3-way match, invoice before GR",2018-08-15 10:21:00+00:00,2018-08-17 12:57:00+00:00,2.1083333333333334,371.0,R1_0_50,test,SAFE_TO_EXECUTE,grouped_iid,0.9523615366558681,0.9602763385146805,0.04763846334413191,0.03972366148531947,SAFE_TO_EXECUTE,0.24102374969289544
4508046554_00020,4508046554_00020,"3-way match, invoice before GR",2018-08-15 10:23:00+00:00,2018-08-17 12:54:00+00:00,2.104861111111111,230.0,R1_0_50,test,SAFE_TO_EXECUTE,grouped_iid,0.9528788137368411,0.9602763385146805,0.047121186263158865,0.03972366148531947,SAFE_TO_EXECUTE,0.24102374969289544
4508046709_00020,4508046709_00020,"3-way match, invoice before GR",2018-08-15 10:25:00+00:00,2018-08-16 08:01:00+00:00,0.9,265.0,R1_0_50,test,SAFE_TO_EXECUTE,grouped_iid,0.9540855114678015,0.9602763385146805,0.04591448853219848,0.03972366148531947,SAFE_TO_EXECUTE,0.24102374969289544
4507029989_00090,4507029989_00090,"3-way match, invoice before GR",2018-08-15 11:59:00+00:00,2018-09-11 09:19:00+00:00,26.88888888888889,2170.0,R2_50_90,test,SAFE_TO_EXECUTE,grouped_iid,0.911178420645769,0.8884615384615384,0.08882157935423096,0.11153846153846159,SAFE_TO_EXECUTE,0.5045390536984206
4508048755_00010,4508048755_00010,"3-way match, invoice before GR",2018-08-15 13:24:00+00:00,2018-08-21 08:06:00+00:00,5.779166666666667,176.0,R1_0_50,test,SAFE_TO_EXECUTE,grouped_iid,0.9885620621209915,1.0,0.011437937879008486,0.0,SAFE_TO_EXECUTE,5.123178885069411e-14
4508048892_00020,4508048892_00020,"3-way match, invoice before GR",2018-08-16 08:25:00+00:00,2018-08-16 15:33:00+00:00,0.2972222222222222,204.0,R1_0_50,test,SAFE_TO_EXECUTE,grouped_iid,0.9896212286191366,1.0,0.010378771380863405,0.0,SAFE_TO_EXECUTE,5.123178885069411e-14
4508048892_00140,4508048892_00140,"3-way match, invoice before GR",2018-08-16 08:25:00+00:00,2018-08-16 15:33:00+00:00,0.2972222222222222,113.0,R1_0_50,test,SAFE_TO_EXECUTE,grouped_iid,0.9896233359333139,1.0,0.010376664066686137,0.0,SAFE_TO_EXECUTE,5.123178885069411e-14
4508048892_00160,4508048892_00160,"3-way match, invoice before GR",2018-08-16 08:25:00+00:00,2018-08-16 15:33:00+00:00,0.2972222222222222,346.0,R1_0_50,test,SAFE_TO_EXECUTE,grouped_iid,0.9896179394367314,1.0,0.010382060563268625,0.0,SAFE_TO_EXECUTE,5.123178885069411e-14
4508048892_00210,4508048892_00210,"3-way match, invoice before GR",2018-08-16 08:25:00+00:00,2018-08-16 15:33:00+00:00,0.2972222222222222,314.0,R1_0_50,test,SAFE_TO_EXECUTE,grouped_iid,0.9896186807509534,1.0,0.010381319249046617,0.0,SAFE_TO_EXECUTE,5.123178885069411e-14
4508048892_00220,4508048892_00220,"3-way match, invoice before GR",2018-08-16 08:25:00+00:00,2018-08-16 15:33:00+00:00,0.2972222222222222,608.0,R2_50_90,test,SAFE_TO_EXECUTE,grouped_iid,0.9896118679561029,1.0,0.010388132043897103,0.0,SAFE_TO_EXECUTE,5.123178885069411e-14
4508048892_00260,4508048892_00260,"3-way match, invoice before GR",2018-08-16 08:25:00+00:00,2018-08-16 15:33:00+00:00,0.2972222222222222,188.0,R1_0_50,test,SAFE_TO_EXECUTE,grouped_iid,0.9896215991665951,1.0,0.01037840083340491,0.0,SAFE_TO_EXECUTE,5.123178885069411e-14
4508048336_00010,4508048336_00010,"3-way match, invoice before GR",2018-08-16 09:08:00+00:00,2018-08-20 10:00:00+00:00,4.036111111111111,224.0,R1_0_50,test,SAFE_TO_EXECUTE,grouped_iid,0.7733918459305545,0.7333333333333333,0.22660815406944546,0.2666666666666667,SAFE_TO_EXECUTE,0.8366407419411673
4508048336_00030,4508048336_00030,"3-way match, invoice before GR",2018-08-16 10:18:00+00:00,2018-08-20 10:00:00+00:00,3.9875,122.0,R1_0_50,test,SAFE_TO_EXECUTE,grouped_iid,0.7735650396132682,0.7333333333333333,0.22643496038673183,0.2666666666666667,SAFE_TO_EXECUTE,0.8366407419411673
4508047544_00010,4508047544_00010,"3-way match, invoice before GR",2018-08-16 10:41:00+00:00,2018-08-28 13:55:00+00:00,12.134722222222223,19.0,R1_0_50,test,SAFE_TO_EXECUTE,grouped_iid,0.9474973865987998,0.9357798165137615,0.052502613401200215,0.06422018348623848,SAFE_TO_EXECUTE,0.34397451435953375
4508047544_00020,4508047544_00020,"3-way match, invoice before GR",2018-08-16 10:41:00+00:00,2018-08-28 13:55:00+00:00,12.134722222222223,19.0,R1_0_50,test,SAFE_TO_EXECUTE,grouped_iid,0.9474973865987998,0.9357798165137615,0.052502613401200215,0.06422018348623848,SAFE_TO_EXECUTE,0.34397451435953375
4507036596_00010,4507036596_00010,"3-way match, invoice before GR",2018-08-16 13:34:00+00:00,2018-08-20 15:39:00+00:00,4.086805555555555,27143.0,R3_90_99,test,SAFE_TO_EXECUTE,grouped_iid,0.9532494958913657,0.9602763385146805,0.04675050410863435,0.03972366148531947,SAFE_TO_EXECUTE,0.24102374969289544
4508048807_00020,4508048807_00020,"3-way match, invoice before GR",2018-08-17 07:50:00+00:00,2018-08-17 07:58:00+00:00,0.005555555555555556,1074.0,R2_50_90,test,SAFE_TO_EXECUTE,grouped_iid,0.9590641759546363,0.9602763385146805,0.04093582404536367,0.03972366148531947,SAFE_TO_EXECUTE,0.24102374969289544
4508047234_00060,4508047234_00060,"3-way match, invoice before GR",2018-08-17 07:56:00+00:00,2018-08-21 06:55:00+00:00,3.957638888888889,461.0,R1_0_50,test,SAFE_TO_EXECUTE,grouped_iid,0.9518617655004349,0.9602763385146805,0.04813823449956511,0.03972366148531947,SAFE_TO_EXECUTE,0.24102374969289544
4508049008_00010,4508049008_00010,"3-way match, invoice before GR",2018-08-17 08:38:00+00:00,2018-08-20 05:04:00+00:00,2.8513888888888888,1547.0,R2_50_90,test,SAFE_TO_EXECUTE,grouped_iid,0.989134875492014,1.0,0.010865124507986046,0.0,SAFE_TO_EXECUTE,5.123178885069411e-14
4508046766_00040,4508046766_00040,"3-way match, invoice before GR",2018-08-17 09:37:00+00:00,2018-08-21 06:56:00+00:00,3.8881944444444443,205.0,R1_0_50,test,SAFE_TO_EXECUTE,grouped_iid,0.9510111864878469,0.9555555555555556,0.04898881351215312,0.0444444444444444,SAFE_TO_EXECUTE,0.2623112196143365
4508048861_00110,4508048861_00110,"3-way match, invoice before GR",2018-08-17 16:13:00+00:00,2018-08-20 06:41:00+00:00,2.602777777777778,674.0,R2_50_90,test,SAFE_TO_EXECUTE,grouped_iid,0.969455131070961,0.9806451612903225,0.03054486892903896,0.01935483870967747,SAFE_TO_EXECUTE,0.1378026662704413
4508048861_00120,4508048861_00120,"3-way match, invoice before GR",2018-08-17 16:13:00+00:00,2018-08-20 06:41:00+00:00,2.602777777777778,944.0,R2_50_90,test,SAFE_TO_EXECUTE,grouped_iid,0.9694370979684276,0.9806451612903225,0.030562902031572414,0.01935483870967747,SAFE_TO_EXECUTE,0.1378026662704413
4507041606_00130,4507041606_00130,"3-way match, invoice before GR",2018-08-20 11:20:00+00:00,2018-08-20 13:04:00+00:00,0.07222222222222222,898.0,R2_50_90,test,SAFE_TO_EXECUTE,grouped_iid,0.965487903313243,0.97,0.03451209668675703,0.030000000000000027,SAFE_TO_EXECUTE,0.1943918578315763
4508049088_00010,4508049088_00010,"3-way match, invoice before GR",2018-08-20 15:22:00+00:00,2018-08-21 09:37:00+00:00,0.7604166666666666,185.0,R1_0_50,test,SAFE_TO_EXECUTE,grouped_iid,0.9581691779189003,0.9602763385146805,0.04183082208109967,0.03972366148531947,SAFE_TO_EXECUTE,0.24102374969289544
4508046885_00020,4508046885_00020,"3-way match, invoice before GR",2018-08-20 15:30:00+00:00,2018-08-21 09:36:00+00:00,0.7541666666666667,625.0,R2_50_90,test,SAFE_TO_EXECUTE,grouped_iid,0.9474272512575902,0.9357798165137615,0.0525727487424098,0.06422018348623848,SAFE_TO_EXECUTE,0.34397451435953375
4508047118_00010,4508047118_00010,"3-way match, invoice before GR",2018-08-21 06:19:00+00:00,2018-08-23 06:23:00+00:00,2.0027777777777778,1044.0,R2_50_90,test,SAFE_TO_EXECUTE,grouped_iid,0.8299048459235513,0.7678571428571429,0.1700951540764487,0.2321428571428571,SAFE_TO_EXECUTE,0.7817281222714539
4508045655_00010,4508045655_00010,"3-way match, invoice before GR",2018-08-21 09:40:00+00:00,2018-08-24 09:11:00+00:00,2.979861111111111,13111.0,R3_90_99,test,SAFE_TO_EXECUTE,grouped_iid,0.945676877875544,0.9357798165137615,0.054323122124456,0.06422018348623848,SAFE_TO_EXECUTE,0.34397451435953375
4508049041_00030,4508049041_00030,"3-way match, invoice before GR",2018-08-21 09:58:00+00:00,2018-08-22 05:33:00+00:00,0.8159722222222222,155.0,R1_0_50,test,SAFE_TO_EXECUTE,grouped_iid,0.9693238660670849,0.9806451612903225,0.03067613393291513,0.01935483870967747,SAFE_TO_EXECUTE,0.1378026662704413
4508049041_00060,4508049041_00060,"3-way match, invoice before GR",2018-08-21 09:58:00+00:00,2018-08-22 05:38:00+00:00,0.8194444444444444,234.0,R1_0_50,test,SAFE_TO_EXECUTE,grouped_iid,0.9693168214101279,0.9806451612903225,0.03068317858987213,0.01935483870967747,SAFE_TO_EXECUTE,0.1378026662704413
4508044575_00010,4508044575_00010,"3-way match, invoice before GR",2018-08-21 10:28:00+00:00,2018-08-22 10:00:00+00:00,0.9805555555555555,1100.0,R2_50_90,test,SAFE_TO_EXECUTE,grouped_iid,0.9674287786286427,0.97,0.03257122137135726,0.030000000000000027,SAFE_TO_EXECUTE,0.1943918578315763
4507023085_00170,4507023085_00170,"3-way match, invoice before GR",2018-08-21 14:10:00+00:00,2018-08-21 14:59:00+00:00,0.034027777777777775,10752.0,R3_90_99,test,NOT_SAFE_TO_EXECUTE,grouped_iid,0.8409549934157006,0.8404255319148937,0.15904500658429943,0.15957446808510634,SAFE_TO_EXECUTE,0.6332905746550958
4508049636_00020,4508049636_00020,"3-way match, invoice before GR",2018-08-21 14:49:00+00:00,2018-08-22 05:29:00+00:00,0.6111111111111112,48.0,R1_0_50,test,SAFE_TO_EXECUTE,grouped_iid,0.9702188089570295,0.9806451612903225,0.0297811910429705,0.01935483870967747,SAFE_TO_EXECUTE,0.1378026662704413
4508049636_00080,4508049636_00080,"3-way match, invoice before GR",2018-08-21 14:49:00+00:00,2018-08-22 05:35:00+00:00,0.6152777777777778,1745.0,R2_50_90,test,SAFE_TO_EXECUTE,grouped_iid,0.9701060020871427,0.9806451612903225,0.029893997912857295,0.01935483870967747,SAFE_TO_EXECUTE,0.1378026662704413
4508049636_00120,4508049636_00120,"3-way match, invoice before GR",2018-08-21 14:49:00+00:00,2018-08-22 05:29:00+00:00,0.6111111111111112,26.0,R1_0_50,test,SAFE_TO_EXECUTE,grouped_iid,0.9702202422695085,0.9806451612903225,0.029779757730491463,0.01935483870967747,SAFE_TO_EXECUTE,0.1378026662704413
4508049636_00140,4508049636_00140,"3-way match, invoice before GR",2018-08-21 14:49:00+00:00,2018-08-22 05:35:00+00:00,0.6152777777777778,2078.0,R2_50_90,test,SAFE_TO_EXECUTE,grouped_iid,0.970084219106256,0.9806451612903225,0.029915780893744026,0.01935483870967747,SAFE_TO_EXECUTE,0.1378026662704413
4508048920_00070,4508048920_00070,"3-way match, invoice before GR",2018-08-22 10:54:00+00:00,2018-08-24 06:43:00+00:00,1.8256944444444445,163.0,R1_0_50,test,SAFE_TO_EXECUTE,grouped_iid,0.9562305223163791,0.9602763385146805,0.04376947768362094,0.03972366148531947,SAFE_TO_EXECUTE,0.24102374969289544
4508049311_00010,4508049311_00010,"3-way match, invoice before GR",2018-08-22 11:03:00+00:00,2018-08-24 06:50:00+00:00,1.8243055555555556,266.0,R1_0_50,test,SAFE_TO_EXECUTE,grouped_iid,0.9532624184926062,0.9602763385146805,0.04673758150739382,0.03972366148531947,SAFE_TO_EXECUTE,0.24102374969289544
4508050422_00010,4508050422_00010,"3-way match, invoice before GR",2018-08-23 08:49:00+00:00,2018-08-24 05:16:00+00:00,0.8520833333333333,126.0,R1_0_50,test,SAFE_TO_EXECUTE,grouped_iid,0.9709188892713548,0.9949238578680203,0.029081110728645165,0.005076142131979711,SAFE_TO_EXECUTE,0.04599532480368192
4508050422_00020,4508050422_00020,"3-way match, invoice before GR",2018-08-23 08:49:00+00:00,2018-08-24 05:16:00+00:00,0.8520833333333333,402.0,R1_0_50,test,SAFE_TO_EXECUTE,grouped_iid,0.9709013121850506,0.9949238578680203,0.029098687814949398,0.005076142131979711,SAFE_TO_EXECUTE,0.04599532480368192
4508048478_00010,4508048478_00010,"3-way match, invoice before GR",2018-08-23 10:09:00+00:00,2018-08-24 08:31:00+00:00,0.9319444444444445,328.0,R1_0_50,test,SAFE_TO_EXECUTE,grouped_iid,0.9787065812588542,0.9949238578680203,0.021293418741145764,0.005076142131979711,SAFE_TO_EXECUTE,0.04599532480368192
4508049614_00120,4508049614_00120,"3-way match, invoice before GR",2018-08-23 12:16:00+00:00,2018-08-23 15:33:00+00:00,0.13680555555555557,296.0,R1_0_50,test,SAFE_TO_EXECUTE,grouped_iid,0.976897338781011,0.9949238578680203,0.023102661218988962,0.005076142131979711,SAFE_TO_EXECUTE,0.04599532480368192
4508048532_00010,4508048532_00010,"3-way match, invoice before GR",2018-08-24 06:19:00+00:00,2018-08-24 10:07:00+00:00,0.15833333333333333,45123.0,R3_90_99,test,SAFE_TO_EXECUTE,grouped_iid,0.6254346976766484,0.7333333333333333,0.3745653023233516,0.2666666666666667,SAFE_TO_EXECUTE,0.8366407419411673
4508045632_00030,4508045632_00030,"3-way match, invoice before GR",2018-08-24 06:33:00+00:00,2018-08-24 11:53:00+00:00,0.2222222222222222,1868.0,R2_50_90,test,SAFE_TO_EXECUTE,grouped_iid,0.9531699839037691,0.9602763385146805,0.04683001609623094,0.03972366148531947,SAFE_TO_EXECUTE,0.24102374969289544
4508050687_00010,4508050687_00010,"3-way match, invoice before GR",2018-08-24 07:51:00+00:00,2018-08-24 15:31:00+00:00,0.3194444444444444,1502.0,R2_50_90,test,SAFE_TO_EXECUTE,grouped_iid,0.9710767053996301,0.9949238578680203,0.02892329460036991,0.005076142131979711,SAFE_TO_EXECUTE,0.04599532480368192
4508042897_00010,4508042897_00010,"3-way match, invoice before GR",2018-08-24 07:53:00+00:00,2018-08-24 10:41:00+00:00,0.11666666666666667,7968.0,R3_90_99,test,SAFE_TO_EXECUTE,grouped_iid,0.9229155561611861,0.9183673469387755,0.07708444383881385,0.08163265306122447,SAFE_TO_EXECUTE,0.4079059801389762
4508050686_00020,4508050686_00020,"3-way match, invoice before GR",2018-08-24 07:54:00+00:00,2018-08-24 15:31:00+00:00,0.3173611111111111,2487.0,R2_50_90,test,SAFE_TO_EXECUTE,grouped_iid,0.9710151737529127,0.9949238578680203,0.028984826247087314,0.005076142131979711,SAFE_TO_EXECUTE,0.04599532480368192
4508050106_00080,4508050106_00080,"3-way match, invoice before GR",2018-08-24 10:46:00+00:00,2018-08-29 05:54:00+00:00,4.7972222222222225,385.0,R1_0_50,test,SAFE_TO_EXECUTE,grouped_iid,0.9683744914385491,0.9806451612903225,0.031625508561450855,0.01935483870967747,SAFE_TO_EXECUTE,0.1378026662704413
4508044585_00010,4508044585_00010,"3-way match, invoice before GR",2018-08-24 12:01:00+00:00,2018-08-29 12:29:00+00:00,5.019444444444445,3646.0,R2_50_90,test,SAFE_TO_EXECUTE,grouped_iid,0.936642809396626,0.9183673469387755,0.06335719060337397,0.08163265306122447,SAFE_TO_EXECUTE,0.4079059801389762
4508044602_00010,4508044602_00010,"3-way match, invoice before GR",2018-08-24 12:53:00+00:00,2018-08-28 07:11:00+00:00,3.7625,872.0,R2_50_90,test,SAFE_TO_EXECUTE,grouped_iid,0.9509827215475145,0.9555555555555556,0.04901727845248549,0.0444444444444444,SAFE_TO_EXECUTE,0.2623112196143365
4508048878_00010,4508048878_00010,"3-way match, invoice before GR",2018-08-24 13:37:00+00:00,2018-08-27 09:30:00+00:00,2.828472222222222,366.0,R1_0_50,test,SAFE_TO_EXECUTE,grouped_iid,0.9542909715852711,0.9602763385146805,0.0457090284147289,0.03972366148531947,SAFE_TO_EXECUTE,0.24102374969289544
4508048878_00020,4508048878_00020,"3-way match, invoice before GR",2018-08-24 13:37:00+00:00,2018-08-27 09:30:00+00:00,2.828472222222222,156.0,R1_0_50,test,SAFE_TO_EXECUTE,grouped_iid,0.9543116218326159,0.9602763385146805,0.045688378167384136,0.03972366148531947,SAFE_TO_EXECUTE,0.24102374969289544
2000033495_00001,2000033495_00001,"3-way match, invoice before GR",2018-08-28 15:10:00+00:00,2018-09-05 12:29:00+00:00,7.888194444444444,1125.0,R2_50_90,test,SAFE_TO_EXECUTE,grouped_iid,0.9178568131720611,0.9183673469387755,0.08214318682793886,0.08163265306122447,SAFE_TO_EXECUTE,0.4079059801389762
4508050448_00070,4508050448_00070,"3-way match, invoice before GR",2018-08-28 15:18:00+00:00,2018-08-29 05:54:00+00:00,0.6083333333333333,140.0,R1_0_50,test,SAFE_TO_EXECUTE,grouped_iid,0.9770973729559064,0.9949238578680203,0.022902627044093626,0.005076142131979711,SAFE_TO_EXECUTE,0.04599532480368192
4508050448_00090,4508050448_00090,"3-way match, invoice before GR",2018-08-28 15:18:00+00:00,2018-08-29 05:54:00+00:00,0.6083333333333333,87.0,R1_0_50,test,SAFE_TO_EXECUTE,grouped_iid,0.9771000471371211,0.9949238578680203,0.022899952862878936,0.005076142131979711,SAFE_TO_EXECUTE,0.04599532480368192
4508050448_00130,4508050448_00130,"3-way match, invoice before GR",2018-08-28 15:18:00+00:00,2018-08-29 05:54:00+00:00,0.6083333333333333,393.0,R1_0_50,test,SAFE_TO_EXECUTE,grouped_iid,0.9770846033217759,0.9949238578680203,0.022915396678224065,0.005076142131979711,SAFE_TO_EXECUTE,0.04599532480368192
4508050448_00170,4508050448_00170,"3-way match, invoice before GR",2018-08-28 15:18:00+00:00,2018-08-29 05:54:00+00:00,0.6083333333333333,23.0,R1_0_50,test,SAFE_TO_EXECUTE,grouped_iid,0.9771032759306548,0.9949238578680203,0.022896724069345176,0.005076142131979711,SAFE_TO_EXECUTE,0.04599532480368192
4508050448_00190,4508050448_00190,"3-way match, invoice before GR",2018-08-28 15:18:00+00:00,2018-08-29 05:54:00+00:00,0.6083333333333333,1103.0,R2_50_90,test,SAFE_TO_EXECUTE,grouped_iid,0.9770487304439682,0.9949238578680203,0.022951269556031773,0.005076142131979711,SAFE_TO_EXECUTE,0.04599532480368192
4508050319_00010,4508050319_00010,"3-way match, invoice before GR",2018-08-29 10:28:00+00:00,2018-08-30 09:49:00+00:00,0.9729166666666667,40500.0,R3_90_99,test,NOT_SAFE_TO_EXECUTE,grouped_iid,0.6973800791375873,0.7333333333333333,0.30261992086241274,0.2666666666666667,SAFE_TO_EXECUTE,0.8366407419411673
4508051589_00150,4508051589_00150,"3-way match, invoice before GR",2018-08-29 16:46:00+00:00,2018-08-31 07:09:00+00:00,1.5993055555555555,2872.0,R2_50_90,test,SAFE_TO_EXECUTE,grouped_iid,0.9671949859684439,0.97,0.03280501403155611,0.030000000000000027,SAFE_TO_EXECUTE,0.1943918578315763
4508051589_00160,4508051589_00160,"3-way match, invoice before GR",2018-08-29 16:46:00+00:00,2018-08-31 07:09:00+00:00,1.5993055555555555,317.0,R1_0_50,test,SAFE_TO_EXECUTE,grouped_iid,0.9673772887043549,0.97,0.03262271129564509,0.030000000000000027,SAFE_TO_EXECUTE,0.1943918578315763
4508046267_00010,4508046267_00010,"3-way match, invoice before GR",2018-08-30 09:45:00+00:00,2018-09-03 09:15:00+00:00,3.9791666666666665,24286.0,R3_90_99,test,SAFE_TO_EXECUTE,grouped_iid,0.9668930616333743,0.97,0.033106938366625704,0.030000000000000027,SAFE_TO_EXECUTE,0.1943918578315763
4508045326_00020,4508045326_00020,"3-way match, invoice before GR",2018-08-30 10:40:00+00:00,2018-09-06 11:12:00+00:00,7.022222222222222,7324.0,R3_90_99,test,SAFE_TO_EXECUTE,grouped_iid,0.952534127009304,0.9602763385146805,0.047465872990696045,0.03972366148531947,SAFE_TO_EXECUTE,0.24102374969289544
4508042345_00010,4508042345_00010,"3-way match, invoice before GR",2018-08-30 10:41:00+00:00,2018-09-04 06:05:00+00:00,4.808333333333334,698.0,R2_50_90,test,SAFE_TO_EXECUTE,grouped_iid,0.8578218574584486,0.8404255319148937,0.14217814254155137,0.15957446808510634,SAFE_TO_EXECUTE,0.6332905746550958
4508050290_00010,4508050290_00010,"3-way match, invoice before GR",2018-08-30 11:08:00+00:00,2018-08-31 13:40:00+00:00,1.1055555555555556,10038.0,R3_90_99,test,SAFE_TO_EXECUTE,grouped_iid,0.9320578826564384,0.9183673469387755,0.06794211734356159,0.08163265306122447,SAFE_TO_EXECUTE,0.4079059801389762
4508050290_00020,4508050290_00020,"3-way match, invoice before GR",2018-08-30 11:08:00+00:00,2018-08-31 13:40:00+00:00,1.1055555555555556,6747.0,R2_50_90,test,SAFE_TO_EXECUTE,grouped_iid,0.9624062349204962,0.9602763385146805,0.03759376507950385,0.03972366148531947,SAFE_TO_EXECUTE,0.24102374969289544
4508051242_00030,4508051242_00030,"3-way match, invoice before GR",2018-08-30 12:20:00+00:00,2018-08-31 05:18:00+00:00,0.7069444444444445,1584.0,R2_50_90,test,SAFE_TO_EXECUTE,grouped_iid,0.9770764540406093,0.9949238578680203,0.022923545959390723,0.005076142131979711,SAFE_TO_EXECUTE,0.04599532480368192
4508049654_00020,4508049654_00020,"3-way match, invoice before GR",2018-08-30 12:47:00+00:00,2018-09-04 09:38:00+00:00,4.86875,485.0,R1_0_50,test,SAFE_TO_EXECUTE,grouped_iid,0.8971777391216632,0.8884615384615384,0.10282226087833679,0.11153846153846159,SAFE_TO_EXECUTE,0.5045390536984206
4508050192_00110,4508050192_00110,"3-way match, invoice before GR",2018-08-30 13:34:00+00:00,2018-08-31 15:44:00+00:00,1.0902777777777777,68.0,R1_0_50,test,SAFE_TO_EXECUTE,grouped_iid,0.9563654856111476,0.9602763385146805,0.04363451438885235,0.03972366148531947,SAFE_TO_EXECUTE,0.24102374969289544
4508049170_00010,4508049170_00010,"3-way match, invoice before GR",2018-08-31 09:35:00+00:00,2018-09-03 07:59:00+00:00,2.933333333333333,5954.0,R2_50_90,test,SAFE_TO_EXECUTE,grouped_iid,0.835487306561306,0.7678571428571429,0.164512693438694,0.2321428571428571,SAFE_TO_EXECUTE,0.7817281222714539
4508047743_00010,4508047743_00010,"3-way match, invoice before GR",2018-08-31 11:59:00+00:00,2018-09-05 09:59:00+00:00,4.916666666666667,356.0,R1_0_50,test,SAFE_TO_EXECUTE,grouped_iid,0.9496183059361085,0.9555555555555556,0.05038169406389148,0.0444444444444444,SAFE_TO_EXECUTE,0.2623112196143365
4508052241_00010,4508052241_00010,"3-way match, invoice before GR",2018-08-31 15:13:00+00:00,2018-09-06 05:56:00+00:00,5.613194444444445,453.0,R1_0_50,test,SAFE_TO_EXECUTE,grouped_iid,0.9861759072044065,1.0,0.01382409279559349,0.0,SAFE_TO_EXECUTE,5.123178885069411e-14
4508051742_00010,4508051742_00010,"3-way match, invoice before GR",2018-08-31 15:25:00+00:00,2018-09-04 13:38:00+00:00,3.9256944444444444,1784.0,R2_50_90,test,SAFE_TO_EXECUTE,grouped_iid,0.9697720093329287,0.9806451612903225,0.03022799066707127,0.01935483870967747,SAFE_TO_EXECUTE,0.1378026662704413
4508052138_00050,4508052138_00050,"3-way match, invoice before GR",2018-08-31 16:31:00+00:00,2018-09-04 05:23:00+00:00,3.536111111111111,40.0,R1_0_50,test,NOT_SAFE_TO_EXECUTE,grouped_iid,0.712939855454708,0.7333333333333333,0.28706014454529205,0.2666666666666667,SAFE_TO_EXECUTE,0.8366407419411673
4508052138_00120,4508052138_00120,"3-way match, invoice before GR",2018-08-31 16:31:00+00:00,2018-09-04 05:23:00+00:00,3.536111111111111,218.0,R1_0_50,test,NOT_SAFE_TO_EXECUTE,grouped_iid,0.7128577069831057,0.7333333333333333,0.2871422930168943,0.2666666666666667,SAFE_TO_EXECUTE,0.8366407419411673
4508052138_00160,4508052138_00160,"3-way match, invoice before GR",2018-08-31 16:31:00+00:00,2018-09-04 05:23:00+00:00,3.536111111111111,163.0,R1_0_50,test,NOT_SAFE_TO_EXECUTE,grouped_iid,0.7128830914365708,0.7333333333333333,0.2871169085634292,0.2666666666666667,SAFE_TO_EXECUTE,0.8366407419411673
4507041606_00190,4507041606_00190,"3-way match, invoice before GR",2018-09-03 08:08:00+00:00,2018-09-03 15:20:00+00:00,0.3,954.0,R2_50_90,test,SAFE_TO_EXECUTE,grouped_iid,0.9534154394826947,0.9602763385146805,0.04658456051730531,0.03972366148531947,SAFE_TO_EXECUTE,0.24102374969289544
4508050682_00060,4508050682_00060,"3-way match, invoice before GR",2018-09-03 09:18:00+00:00,2018-09-03 15:14:00+00:00,0.24722222222222223,1443.0,R2_50_90,test,SAFE_TO_EXECUTE,grouped_iid,0.974683587537926,0.9949238578680203,0.025316412462073945,0.005076142131979711,SAFE_TO_EXECUTE,0.04599532480368192
4508049312_00050,4508049312_00050,"3-way match, invoice before GR",2018-09-03 11:45:00+00:00,2018-09-03 15:14:00+00:00,0.1451388888888889,1263.0,R2_50_90,test,SAFE_TO_EXECUTE,grouped_iid,0.9678660364721648,0.9806451612903225,0.03213396352783515,0.01935483870967747,SAFE_TO_EXECUTE,0.1378026662704413
4508050758_00030,4508050758_00030,"3-way match, invoice before GR",2018-09-04 07:46:00+00:00,2018-09-04 14:56:00+00:00,0.2986111111111111,1426.0,R2_50_90,test,SAFE_TO_EXECUTE,grouped_iid,0.9556474563546653,0.9602763385146805,0.0443525436453347,0.03972366148531947,SAFE_TO_EXECUTE,0.24102374969289544
4508050758_00060,4508050758_00060,"3-way match, invoice before GR",2018-09-04 07:46:00+00:00,2018-09-04 14:56:00+00:00,0.2986111111111111,1178.0,R2_50_90,test,SAFE_TO_EXECUTE,grouped_iid,0.9556711522894148,0.9602763385146805,0.044328847710585206,0.03972366148531947,SAFE_TO_EXECUTE,0.24102374969289544
4508053044_00030,4508053044_00030,"3-way match, invoice before GR",2018-09-04 16:42:00+00:00,2018-09-06 05:39:00+00:00,1.5395833333333333,36.0,R1_0_50,test,SAFE_TO_EXECUTE,grouped_iid,0.8831876053557037,0.8884615384615384,0.11681239464429627,0.11153846153846159,SAFE_TO_EXECUTE,0.5045390536984206
4508053044_00080,4508053044_00080,"3-way match, invoice before GR",2018-09-04 16:42:00+00:00,2018-09-06 05:39:00+00:00,1.5395833333333333,151.0,R1_0_50,test,SAFE_TO_EXECUTE,grouped_iid,0.8831608506939492,0.8884615384615384,0.11683914930605077,0.11153846153846159,SAFE_TO_EXECUTE,0.5045390536984206
4508053044_00090,4508053044_00090,"3-way match, invoice before GR",2018-09-04 16:42:00+00:00,2018-09-06 05:39:00+00:00,1.5395833333333333,100.0,R1_0_50,test,SAFE_TO_EXECUTE,grouped_iid,0.8831727164609077,0.8884615384615384,0.11682728353909233,0.11153846153846159,SAFE_TO_EXECUTE,0.5045390536984206
4508053044_00140,4508053044_00140,"3-way match, invoice before GR",2018-09-04 16:42:00+00:00,2018-09-06 05:39:00+00:00,1.5395833333333333,567.0,R1_0_50,test,SAFE_TO_EXECUTE,grouped_iid,0.8830640242033331,0.8884615384615384,0.11693597579666692,0.11153846153846159,SAFE_TO_EXECUTE,0.5045390536984206
4508047791_00010,4508047791_00010,"3-way match, invoice before GR",2018-09-05 10:42:00+00:00,2018-09-14 09:45:00+00:00,8.960416666666667,2702.0,R2_50_90,test,SAFE_TO_EXECUTE,grouped_iid,0.8623731740652613,0.8404255319148937,0.13762682593473874,0.15957446808510634,SAFE_TO_EXECUTE,0.6332905746550958
4508052350_00010,4508052350_00010,"3-way match, invoice before GR",2018-09-05 13:20:00+00:00,2018-09-06 06:00:00+00:00,0.6944444444444444,250.0,R1_0_50,test,SAFE_TO_EXECUTE,grouped_iid,0.9871050182307074,1.0,0.012894981769292602,0.0,SAFE_TO_EXECUTE,5.123178885069411e-14
4508053315_00010,4508053315_00010,"3-way match, invoice before GR",2018-09-05 15:32:00+00:00,2018-09-07 08:35:00+00:00,1.7104166666666667,613.0,R2_50_90,test,NOT_SAFE_TO_EXECUTE,grouped_iid,0.8827356033536715,0.8884615384615384,0.11726439664632848,0.11153846153846159,SAFE_TO_EXECUTE,0.5045390536984206
4508053315_00020,4508053315_00020,"3-way match, invoice before GR",2018-09-05 15:32:00+00:00,2018-09-07 08:35:00+00:00,1.7104166666666667,125.0,R1_0_50,test,SAFE_TO_EXECUTE,grouped_iid,0.8828494578824411,0.8884615384615384,0.11715054211755893,0.11153846153846159,SAFE_TO_EXECUTE,0.5045390536984206
4508053315_00040,4508053315_00040,"3-way match, invoice before GR",2018-09-05 15:32:00+00:00,2018-09-07 08:35:00+00:00,1.7104166666666667,2964.0,R2_50_90,test,SAFE_TO_EXECUTE,grouped_iid,0.8821857497747225,0.8884615384615384,0.11781425022527747,0.11153846153846159,SAFE_TO_EXECUTE,0.5045390536984206
4508053315_00100,4508053315_00100,"3-way match, invoice before GR",2018-09-05 15:32:00+00:00,2018-09-07 08:35:00+00:00,1.7104166666666667,281.0,R1_0_50,test,SAFE_TO_EXECUTE,grouped_iid,0.8828130721919802,0.8884615384615384,0.11718692780801976,0.11153846153846159,SAFE_TO_EXECUTE,0.5045390536984206
4508053315_00110,4508053315_00110,"3-way match, invoice before GR",2018-09-05 15:32:00+00:00,2018-09-07 08:35:00+00:00,1.7104166666666667,1587.0,R2_50_90,test,SAFE_TO_EXECUTE,grouped_iid,0.8825080740242103,0.8884615384615384,0.11749192597578972,0.11153846153846159,SAFE_TO_EXECUTE,0.5045390536984206
4508053315_00210,4508053315_00210,"3-way match, invoice before GR",2018-09-05 15:32:00+00:00,2018-09-07 08:35:00+00:00,1.7104166666666667,1955.0,R2_50_90,test,SAFE_TO_EXECUTE,grouped_iid,0.8824220085532257,0.8884615384615384,0.11757799144677428,0.11153846153846159,SAFE_TO_EXECUTE,0.5045390536984206
4508051078_00180,4508051078_00180,"3-way match, invoice before GR",2018-09-06 06:11:00+00:00,2018-09-06 08:44:00+00:00,0.10625,902.0,R2_50_90,test,SAFE_TO_EXECUTE,grouped_iid,0.9592600723248328,0.9602763385146805,0.04073992767516721,0.03972366148531947,SAFE_TO_EXECUTE,0.24102374969289544
4508051373_00130,4508051373_00130,"3-way match, invoice before GR",2018-09-06 07:21:00+00:00,2018-09-06 13:14:00+00:00,0.24513888888888888,722.0,R2_50_90,test,SAFE_TO_EXECUTE,grouped_iid,0.9561912957752567,0.9602763385146805,0.043808704224743256,0.03972366148531947,SAFE_TO_EXECUTE,0.24102374969289544
4508046073_00010,4508046073_00010,"3-way match, invoice before GR",2018-09-06 12:17:00+00:00,2018-09-10 05:26:00+00:00,3.714583333333333,135.0,R1_0_50,test,SAFE_TO_EXECUTE,grouped_iid,0.960074113529075,0.9602763385146805,0.03992588647092499,0.03972366148531947,SAFE_TO_EXECUTE,0.24102374969289544
4508053345_00020,4508053345_00020,"3-way match, invoice before GR",2018-09-06 13:24:00+00:00,2018-09-07 15:36:00+00:00,1.0916666666666666,324.0,R1_0_50,test,SAFE_TO_EXECUTE,grouped_iid,0.9707589076661584,0.9949238578680203,0.029241092333841645,0.005076142131979711,SAFE_TO_EXECUTE,0.04599532480368192
4508050774_00020,4508050774_00020,"3-way match, invoice before GR",2018-09-06 15:33:00+00:00,2018-09-06 15:39:00+00:00,0.004166666666666667,12984.0,R3_90_99,test,SAFE_TO_EXECUTE,grouped_iid,0.9667362523800292,0.97,0.03326374761997075,0.030000000000000027,SAFE_TO_EXECUTE,0.1943918578315763
4508049976_00180,4508049976_00180,"3-way match, invoice before GR",2018-09-07 10:30:00+00:00,2018-09-10 10:02:00+00:00,2.9805555555555556,242.0,R1_0_50,test,SAFE_TO_EXECUTE,grouped_iid,0.9516192749986928,0.9555555555555556,0.04838072500130719,0.0444444444444444,SAFE_TO_EXECUTE,0.2623112196143365
4508049976_00160,4508049976_00160,"3-way match, invoice before GR",2018-09-07 10:56:00+00:00,2018-09-10 10:02:00+00:00,2.9625,1351.0,R2_50_90,test,SAFE_TO_EXECUTE,grouped_iid,0.9515170146328515,0.9555555555555556,0.04848298536714846,0.0444444444444444,SAFE_TO_EXECUTE,0.2623112196143365
4508049976_00170,4508049976_00170,"3-way match, invoice before GR",2018-09-07 10:56:00+00:00,2018-09-10 10:02:00+00:00,2.9625,450.0,R1_0_50,test,SAFE_TO_EXECUTE,grouped_iid,0.9516106519439544,0.9555555555555556,0.048389348056045556,0.0444444444444444,SAFE_TO_EXECUTE,0.2623112196143365
4508049888_00020,4508049888_00020,"3-way match, invoice before GR",2018-09-07 11:16:00+00:00,2018-09-10 09:24:00+00:00,2.922222222222222,927.0,R2_50_90,test,SAFE_TO_EXECUTE,grouped_iid,0.9507495420280482,0.9555555555555556,0.04925045797195182,0.0444444444444444,SAFE_TO_EXECUTE,0.2623112196143365
4508052017_00010,4508052017_00010,"3-way match, invoice before GR",2018-09-07 11:21:00+00:00,2018-09-10 09:25:00+00:00,2.9194444444444443,267.0,R1_0_50,test,SAFE_TO_EXECUTE,grouped_iid,0.9354423235386972,0.9183673469387755,0.06455767646130284,0.08163265306122447,SAFE_TO_EXECUTE,0.4079059801389762
4508053955_00040,4508053955_00040,"3-way match, invoice before GR",2018-09-07 16:59:00+00:00,2018-09-11 05:56:00+00:00,3.5395833333333333,291.0,R1_0_50,test,SAFE_TO_EXECUTE,grouped_iid,0.8795789191021033,0.8884615384615384,0.12042108089789672,0.11153846153846159,SAFE_TO_EXECUTE,0.5045390536984206
4508053955_00100,4508053955_00100,"3-way match, invoice before GR",2018-09-07 16:59:00+00:00,2018-09-11 05:56:00+00:00,3.5395833333333333,756.0,R2_50_90,test,SAFE_TO_EXECUTE,grouped_iid,0.8794678176578528,0.8884615384615384,0.12053218234214724,0.11153846153846159,SAFE_TO_EXECUTE,0.5045390536984206
4508053955_00120,4508053955_00120,"3-way match, invoice before GR",2018-09-07 16:59:00+00:00,2018-09-11 05:56:00+00:00,3.5395833333333333,378.0,R1_0_50,test,SAFE_TO_EXECUTE,grouped_iid,0.8795581391040035,0.8884615384615384,0.12044186089599651,0.11153846153846159,SAFE_TO_EXECUTE,0.5045390536984206
4508053955_00170,4508053955_00170,"3-way match, invoice before GR",2018-09-07 16:59:00+00:00,2018-09-11 05:56:00+00:00,3.5395833333333333,315.0,R1_0_50,test,SAFE_TO_EXECUTE,grouped_iid,0.8795731869979222,0.8884615384615384,0.1204268130020778,0.11153846153846159,SAFE_TO_EXECUTE,0.5045390536984206
4508053955_00270,4508053955_00270,"3-way match, invoice before GR",2018-09-07 16:59:00+00:00,2018-09-11 05:56:00+00:00,3.5395833333333333,344.0,R1_0_50,test,SAFE_TO_EXECUTE,grouped_iid,0.8795662603911756,0.8884615384615384,0.12043373960882442,0.11153846153846159,SAFE_TO_EXECUTE,0.5045390536984206
4508053955_00330,4508053955_00330,"3-way match, invoice before GR",2018-09-07 16:59:00+00:00,2018-09-11 05:56:00+00:00,3.5395833333333333,544.0,R1_0_50,test,SAFE_TO_EXECUTE,grouped_iid,0.8795184813261561,0.8884615384615384,0.12048151867384393,0.11153846153846159,SAFE_TO_EXECUTE,0.5045390536984206
4508053955_00350,4508053955_00350,"3-way match, invoice before GR",2018-09-07 16:59:00+00:00,2018-09-11 05:56:00+00:00,3.5395833333333333,230.0,R1_0_50,test,SAFE_TO_EXECUTE,grouped_iid,0.8795934871403532,0.8884615384615384,0.12040651285964676,0.11153846153846159,SAFE_TO_EXECUTE,0.5045390536984206
4508053657_00050,4508053657_00050,"3-way match, invoice before GR",2018-09-10 14:11:00+00:00,2018-09-12 15:43:00+00:00,2.063888888888889,3943.0,R2_50_90,test,NOT_SAFE_TO_EXECUTE,grouped_iid,0.7263364510536836,0.7333333333333333,0.2736635489463164,0.2666666666666667,SAFE_TO_EXECUTE,0.8366407419411673
4508053657_00120,4508053657_00120,"3-way match, invoice before GR",2018-09-10 14:11:00+00:00,2018-09-12 15:43:00+00:00,2.063888888888889,725.0,R2_50_90,test,NOT_SAFE_TO_EXECUTE,grouped_iid,0.7277763859163309,0.7333333333333333,0.27222361408366913,0.2666666666666667,SAFE_TO_EXECUTE,0.8366407419411673
4508053657_00130,4508053657_00130,"3-way match, invoice before GR",2018-09-10 14:11:00+00:00,2018-09-12 15:43:00+00:00,2.063888888888889,289.0,R1_0_50,test,NOT_SAFE_TO_EXECUTE,grouped_iid,0.7279711144297415,0.7333333333333333,0.2720288855702585,0.2666666666666667,SAFE_TO_EXECUTE,0.8366407419411673
4508054155_00040,4508054155_00040,"3-way match, invoice before GR",2018-09-10 14:20:00+00:00,2018-09-11 05:56:00+00:00,0.65,61.0,R1_0_50,test,SAFE_TO_EXECUTE,grouped_iid,0.8947591017196947,0.8884615384615384,0.10524089828030525,0.11153846153846159,SAFE_TO_EXECUTE,0.5045390536984206
4508054155_00070,4508054155_00070,"3-way match, invoice before GR",2018-09-10 14:20:00+00:00,2018-09-11 05:56:00+00:00,0.65,126.0,R1_0_50,test,SAFE_TO_EXECUTE,grouped_iid,0.8947452996017493,0.8884615384615384,0.10525470039825069,0.11153846153846159,SAFE_TO_EXECUTE,0.5045390536984206
4508054155_00100,4508054155_00100,"3-way match, invoice before GR",2018-09-10 14:20:00+00:00,2018-09-11 05:56:00+00:00,0.65,67.0,R1_0_50,test,SAFE_TO_EXECUTE,grouped_iid,0.8947578277449452,0.8884615384615384,0.10524217225505483,0.11153846153846159,SAFE_TO_EXECUTE,0.5045390536984206
4508048585_00030,4508048585_00030,"3-way match, invoice before GR",2018-09-11 11:54:00+00:00,2018-09-19 11:20:00+00:00,7.976388888888889,615.0,R2_50_90,test,SAFE_TO_EXECUTE,grouped_iid,0.9591895710846639,0.9602763385146805,0.04081042891533615,0.03972366148531947,SAFE_TO_EXECUTE,0.24102374969289544
4508054406_00010,4508054406_00010,"3-way match, invoice before GR",2018-09-11 16:36:00+00:00,2018-09-12 15:38:00+00:00,0.9597222222222223,113.0,R1_0_50,test,SAFE_TO_EXECUTE,grouped_iid,0.8841911354124181,0.8884615384615384,0.11580886458758188,0.11153846153846159,SAFE_TO_EXECUTE,0.5045390536984206
4508054406_00170,4508054406_00170,"3-way match, invoice before GR",2018-09-11 16:36:00+00:00,2018-09-12 15:38:00+00:00,0.9597222222222223,161.0,R1_0_50,test,SAFE_TO_EXECUTE,grouped_iid,0.884180052246479,0.8884615384615384,0.115819947753521,0.11153846153846159,SAFE_TO_EXECUTE,0.5045390536984206
4508054406_00250,4508054406_00250,"3-way match, invoice before GR",2018-09-11 16:36:00+00:00,2018-09-12 15:38:00+00:00,0.9597222222222223,373.0,R1_0_50,test,SAFE_TO_EXECUTE,grouped_iid,0.967721144378956,0.9806451612903225,0.032278855621044045,0.01935483870967747,SAFE_TO_EXECUTE,0.1378026662704413
4508053060_00040,4508053060_00040,"3-way match, invoice before GR",2018-09-12 12:27:00+00:00,2018-09-14 11:08:00+00:00,1.945138888888889,117.0,R1_0_50,test,SAFE_TO_EXECUTE,grouped_iid,0.9239848357257885,0.9183673469387755,0.07601516427421151,0.08163265306122447,SAFE_TO_EXECUTE,0.4079059801389762
4508050769_00010,4508050769_00010,"3-way match, invoice before GR",2018-09-12 13:28:00+00:00,2018-09-17 07:52:00+00:00,4.766666666666667,6275.0,R2_50_90,test,SAFE_TO_EXECUTE,grouped_iid,0.9752679934133169,0.9949238578680203,0.024732006586683064,0.005076142131979711,SAFE_TO_EXECUTE,0.04599532480368192
4508054646_00010,4508054646_00010,"3-way match, invoice before GR",2018-09-12 16:46:00+00:00,2018-09-17 05:28:00+00:00,4.529166666666667,29.0,R1_0_50,test,NOT_SAFE_TO_EXECUTE,grouped_iid,0.3833295033484693,0.06666666666666667,0.6166704966515306,0.9333333333333333,NOT_SAFE_TO_EXECUTE,0.3533593350214213
4508054646_00060,4508054646_00060,"3-way match, invoice before GR",2018-09-12 16:46:00+00:00,2018-09-17 05:28:00+00:00,4.529166666666667,55.0,R1_0_50,test,NOT_SAFE_TO_EXECUTE,grouped_iid,0.383315644971393,0.06666666666666667,0.616684355028607,0.9333333333333333,NOT_SAFE_TO_EXECUTE,0.3533593350214213
4508054646_00080,4508054646_00080,"3-way match, invoice before GR",2018-09-12 16:46:00+00:00,2018-09-17 05:28:00+00:00,4.529166666666667,583.0,R2_50_90,test,NOT_SAFE_TO_EXECUTE,grouped_iid,0.383034254362834,0.06666666666666667,0.616965745637166,0.9333333333333333,NOT_SAFE_TO_EXECUTE,0.3533593350214213
4508054646_00090,4508054646_00090,"3-way match, invoice before GR",2018-09-12 16:46:00+00:00,2018-09-17 05:28:00+00:00,4.529166666666667,32.0,R1_0_50,test,NOT_SAFE_TO_EXECUTE,grouped_iid,0.3833279042952849,0.06666666666666667,0.6166720957047152,0.9333333333333333,NOT_SAFE_TO_EXECUTE,0.3533593350214213
4508054646_00160,4508054646_00160,"3-way match, invoice before GR",2018-09-12 16:46:00+00:00,2018-09-17 05:28:00+00:00,4.529166666666667,125.0,R1_0_50,test,NOT_SAFE_TO_EXECUTE,grouped_iid,0.3832783348986418,0.06666666666666667,0.6167216651013582,0.9333333333333333,NOT_SAFE_TO_EXECUTE,0.3533593350214213
4508054646_00280,4508054646_00280,"3-way match, invoice before GR",2018-09-12 16:46:00+00:00,2018-09-17 05:28:00+00:00,4.529166666666667,104.0,R1_0_50,test,NOT_SAFE_TO_EXECUTE,grouped_iid,0.3832895277761392,0.06666666666666667,0.6167104722238608,0.9333333333333333,NOT_SAFE_TO_EXECUTE,0.3533593350214213
4508054646_00310,4508054646_00310,"3-way match, invoice before GR",2018-09-12 16:46:00+00:00,2018-09-17 05:28:00+00:00,4.529166666666667,486.0,R1_0_50,test,NOT_SAFE_TO_EXECUTE,grouped_iid,0.38308594335792573,0.06666666666666667,0.6169140566420743,0.9333333333333333,NOT_SAFE_TO_EXECUTE,0.3533593350214213
4508054252_00010,4508054252_00010,"3-way match, invoice before GR",2018-09-13 03:47:00+00:00,2018-09-13 11:03:00+00:00,0.30277777777777776,19080.0,R3_90_99,test,SAFE_TO_EXECUTE,grouped_iid,0.9319132235774997,0.9183673469387755,0.06808677642250027,0.08163265306122447,SAFE_TO_EXECUTE,0.4079059801389762
4508054252_00030,4508054252_00030,"3-way match, invoice before GR",2018-09-13 03:47:00+00:00,2018-09-13 11:03:00+00:00,0.30277777777777776,636.0,R2_50_90,test,SAFE_TO_EXECUTE,grouped_iid,0.934505114079049,0.9183673469387755,0.06549488592095098,0.08163265306122447,SAFE_TO_EXECUTE,0.4079059801389762
4508054219_00010,4508054219_00010,"3-way match, invoice before GR",2018-09-13 03:48:00+00:00,2018-09-13 11:04:00+00:00,0.30277777777777776,23320.0,R3_90_99,test,SAFE_TO_EXECUTE,grouped_iid,0.9312682600839561,0.9183673469387755,0.06873173991604387,0.08163265306122447,SAFE_TO_EXECUTE,0.4079059801389762
4508053661_00160,4508053661_00160,"3-way match, invoice before GR",2018-09-13 09:13:00+00:00,2018-09-14 05:09:00+00:00,0.8305555555555556,74.0,R1_0_50,test,SAFE_TO_EXECUTE,grouped_iid,0.8922790317412426,0.8884615384615384,0.10772096825875743,0.11153846153846159,SAFE_TO_EXECUTE,0.5045390536984206
4508054942_00040,4508054942_00040,"3-way match, invoice before GR",2018-09-13 15:31:00+00:00,2018-09-14 07:10:00+00:00,0.6520833333333333,84.0,R1_0_50,test,SAFE_TO_EXECUTE,grouped_iid,0.8950233947995497,0.8884615384615384,0.10497660520045027,0.11153846153846159,SAFE_TO_EXECUTE,0.5045390536984206
4508054942_00060,4508054942_00060,"3-way match, invoice before GR",2018-09-13 15:31:00+00:00,2018-09-14 07:10:00+00:00,0.6520833333333333,296.0,R1_0_50,test,SAFE_TO_EXECUTE,grouped_iid,0.8949784725640956,0.8884615384615384,0.10502152743590443,0.11153846153846159,SAFE_TO_EXECUTE,0.5045390536984206
2000033605_00005,2000033605_00005,"3-way match, invoice before GR",2018-09-14 09:27:00+00:00,2018-10-02 11:41:00+00:00,18.093055555555555,3.0,R1_0_50,test,SAFE_TO_EXECUTE,grouped_iid,0.9613022989104872,0.9602763385146805,0.03869770108951276,0.03972366148531947,SAFE_TO_EXECUTE,0.24102374969289544
4508054945_00030,4508054945_00030,"3-way match, invoice before GR",2018-09-14 11:45:00+00:00,2018-09-17 05:15:00+00:00,2.7291666666666665,90.0,R1_0_50,test,SAFE_TO_EXECUTE,grouped_iid,0.9133171631498764,0.9183673469387755,0.08668283685012357,0.08163265306122447,SAFE_TO_EXECUTE,0.4079059801389762
4508054945_00040,4508054945_00040,"3-way match, invoice before GR",2018-09-14 11:45:00+00:00,2018-09-17 05:15:00+00:00,2.7291666666666665,223.0,R1_0_50,test,SAFE_TO_EXECUTE,grouped_iid,0.9132934178976725,0.9183673469387755,0.08670658210232751,0.08163265306122447,SAFE_TO_EXECUTE,0.4079059801389762
4508054945_00070,4508054945_00070,"3-way match, invoice before GR",2018-09-14 11:45:00+00:00,2018-09-17 05:15:00+00:00,2.7291666666666665,126.0,R1_0_50,test,SAFE_TO_EXECUTE,grouped_iid,0.9133107364445716,0.9183673469387755,0.08668926355542839,0.08163265306122447,SAFE_TO_EXECUTE,0.4079059801389762
4508052489_00010,4508052489_00010,"3-way match, invoice before GR",2018-09-14 12:06:00+00:00,2018-09-14 14:50:00+00:00,0.11388888888888889,3290.0,R2_50_90,test,SAFE_TO_EXECUTE,grouped_iid,0.957131412044974,0.9602763385146805,0.042868587955026016,0.03972366148531947,SAFE_TO_EXECUTE,0.24102374969289544
4508054158_00010,4508054158_00010,"3-way match, invoice before GR",2018-09-14 12:58:00+00:00,2018-09-17 05:28:00+00:00,2.6875,93.0,R1_0_50,test,SAFE_TO_EXECUTE,grouped_iid,0.9114924017629814,0.8884615384615384,0.08850759823701859,0.11153846153846159,SAFE_TO_EXECUTE,0.5045390536984206
4508054158_00040,4508054158_00040,"3-way match, invoice before GR",2018-09-14 12:58:00+00:00,2018-09-17 05:28:00+00:00,2.6875,210.0,R1_0_50,test,SAFE_TO_EXECUTE,grouped_iid,0.9114711162953469,0.8884615384615384,0.08852888370465306,0.11153846153846159,SAFE_TO_EXECUTE,0.5045390536984206
4508054158_00110,4508054158_00110,"3-way match, invoice before GR",2018-09-14 12:58:00+00:00,2018-09-17 05:28:00+00:00,2.6875,1226.0,R2_50_90,test,SAFE_TO_EXECUTE,grouped_iid,0.9112860839831365,0.8884615384615384,0.08871391601686351,0.11153846153846159,SAFE_TO_EXECUTE,0.5045390536984206
4508054158_00120,4508054158_00120,"3-way match, invoice before GR",2018-09-14 12:58:00+00:00,2018-09-17 05:28:00+00:00,2.6875,446.0,R1_0_50,test,SAFE_TO_EXECUTE,grouped_iid,0.9114281674418456,0.8884615384615384,0.08857183255815437,0.11153846153846159,SAFE_TO_EXECUTE,0.5045390536984206
4508054158_00160,4508054158_00160,"3-way match, invoice before GR",2018-09-14 12:58:00+00:00,2018-09-17 05:28:00+00:00,2.6875,41.0,R1_0_50,test,SAFE_TO_EXECUTE,grouped_iid,0.9115018604875089,0.8884615384615384,0.08849813951249108,0.11153846153846159,SAFE_TO_EXECUTE,0.5045390536984206
4508055230_00030,4508055230_00030,"3-way match, invoice before GR",2018-09-14 16:33:00+00:00,2018-09-18 06:59:00+00:00,3.6013888888888888,63.0,R1_0_50,test,NOT_SAFE_TO_EXECUTE,grouped_iid,0.13091378175412502,0.06666666666666667,0.869086218245875,0.9333333333333333,NOT_SAFE_TO_EXECUTE,0.3533593350214213
4508055574_00010,4508055574_00010,"3-way match, invoice before GR",2018-09-17 07:27:00+00:00,2018-09-19 15:32:00+00:00,2.3368055555555554,380.0,R1_0_50,test,SAFE_TO_EXECUTE,grouped_iid,0.8920560869963962,0.8884615384615384,0.10794391300360384,0.11153846153846159,SAFE_TO_EXECUTE,0.5045390536984206
4508054370_00010,4508054370_00010,"3-way match, invoice before GR",2018-09-17 07:36:00+00:00,2018-09-17 15:30:00+00:00,0.32916666666666666,1039.0,R2_50_90,test,SAFE_TO_EXECUTE,grouped_iid,0.8914573196324657,0.8884615384615384,0.10854268036753434,0.11153846153846159,SAFE_TO_EXECUTE,0.5045390536984206
4508054983_00010,4508054983_00010,"3-way match, invoice before GR",2018-09-17 07:45:00+00:00,2018-09-18 09:01:00+00:00,1.0527777777777778,636.0,R2_50_90,test,SAFE_TO_EXECUTE,grouped_iid,0.892241763381196,0.8884615384615384,0.10775823661880402,0.11153846153846159,SAFE_TO_EXECUTE,0.5045390536984206
4508045258_00040,4508045258_00040,"3-way match, invoice before GR",2018-09-17 13:34:00+00:00,2018-09-24 08:24:00+00:00,6.784722222222222,1409.0,R2_50_90,test,SAFE_TO_EXECUTE,grouped_iid,0.9625517886093692,0.9602763385146805,0.037448211390630814,0.03972366148531947,SAFE_TO_EXECUTE,0.24102374969289544
4508055576_00030,4508055576_00030,"3-way match, invoice before GR",2018-09-17 17:11:00+00:00,2018-09-19 08:53:00+00:00,1.6541666666666666,5082.0,R2_50_90,test,NOT_SAFE_TO_EXECUTE,grouped_iid,0.3724008202291581,0.06666666666666667,0.6275991797708419,0.9333333333333333,NOT_SAFE_TO_EXECUTE,0.3533593350214213
4508055778_00030,4508055778_00030,"3-way match, invoice before GR",2018-09-18 06:58:00+00:00,2018-09-18 15:30:00+00:00,0.35555555555555557,118.0,R1_0_50,test,SAFE_TO_EXECUTE,grouped_iid,0.8955070022948728,0.8884615384615384,0.10449299770512721,0.11153846153846159,SAFE_TO_EXECUTE,0.5045390536984206
4508055778_00060,4508055778_00060,"3-way match, invoice before GR",2018-09-18 06:58:00+00:00,2018-09-18 15:30:00+00:00,0.35555555555555557,22.0,R1_0_50,test,SAFE_TO_EXECUTE,grouped_iid,0.8955272561083096,0.8884615384615384,0.10447274389169037,0.11153846153846159,SAFE_TO_EXECUTE,0.5045390536984206
4508055290_00010,4508055290_00010,"3-way match, invoice before GR",2018-09-18 07:00:00+00:00,2018-10-17 09:23:00+00:00,29.099305555555556,103.0,R1_0_50,test,SAFE_TO_EXECUTE,grouped_iid,0.9799912173364774,1.0,0.020008782663522573,0.0,SAFE_TO_EXECUTE,5.123178885069411e-14
4508055208_00060,4508055208_00060,"3-way match, invoice before GR",2018-09-18 07:32:00+00:00,2018-09-18 15:30:00+00:00,0.33194444444444443,33.0,R1_0_50,test,SAFE_TO_EXECUTE,grouped_iid,0.8950490431200505,0.8884615384615384,0.10495095687994949,0.11153846153846159,SAFE_TO_EXECUTE,0.5045390536984206
4508054189_00060,4508054189_00060,"3-way match, invoice before GR",2018-09-18 08:02:00+00:00,2018-09-19 10:50:00+00:00,1.1166666666666667,267.0,R1_0_50,test,SAFE_TO_EXECUTE,grouped_iid,0.8890396476522945,0.8884615384615384,0.11096035234770552,0.11153846153846159,SAFE_TO_EXECUTE,0.5045390536984206
4508054189_00070,4508054189_00070,"3-way match, invoice before GR",2018-09-18 08:02:00+00:00,2018-09-19 10:50:00+00:00,1.1166666666666667,1042.0,R2_50_90,test,SAFE_TO_EXECUTE,grouped_iid,0.9691587038365747,0.9806451612903225,0.030841296163425347,0.01935483870967747,SAFE_TO_EXECUTE,0.1378026662704413
4508053866_00010,4508053866_00010,"3-way match, invoice before GR",2018-09-18 09:39:00+00:00,2018-09-21 11:25:00+00:00,3.073611111111111,19.0,R1_0_50,test,SAFE_TO_EXECUTE,grouped_iid,0.95413070642011,0.9602763385146805,0.04586929357989,0.03972366148531947,SAFE_TO_EXECUTE,0.24102374969289544
4508055353_00020,4508055353_00020,"3-way match, invoice before GR",2018-09-18 14:35:00+00:00,2018-09-20 09:04:00+00:00,1.770138888888889,7066.0,R2_50_90,test,SAFE_TO_EXECUTE,grouped_iid,0.9256865301901286,0.9183673469387755,0.07431346980987141,0.08163265306122447,SAFE_TO_EXECUTE,0.4079059801389762
4508055353_00030,4508055353_00030,"3-way match, invoice before GR",2018-09-18 14:35:00+00:00,2018-09-20 09:04:00+00:00,1.770138888888889,636.0,R2_50_90,test,SAFE_TO_EXECUTE,grouped_iid,0.9266777712866475,0.9183673469387755,0.07332222871335248,0.08163265306122447,SAFE_TO_EXECUTE,0.4079059801389762
4508055138_00010,4508055138_00010,"3-way match, invoice before GR",2018-09-18 14:51:00+00:00,2018-09-20 09:05:00+00:00,1.7597222222222222,21948.0,R3_90_99,test,SAFE_TO_EXECUTE,grouped_iid,0.9227765350692987,0.9183673469387755,0.07722346493070131,0.08163265306122447,SAFE_TO_EXECUTE,0.4079059801389762
4508055676_00060,4508055676_00060,"3-way match, invoice before GR",2018-09-18 16:31:00+00:00,2018-09-19 15:31:00+00:00,0.9583333333333334,79.0,R1_0_50,test,NOT_SAFE_TO_EXECUTE,grouped_iid,0.7163119895490094,0.7333333333333333,0.28368801045099057,0.2666666666666667,SAFE_TO_EXECUTE,0.8366407419411673
4508055539_00100,4508055539_00100,"3-way match, invoice before GR",2018-09-19 06:30:00+00:00,2018-09-20 15:39:00+00:00,1.38125,106.0,R1_0_50,test,SAFE_TO_EXECUTE,grouped_iid,0.9134858746488087,0.9183673469387755,0.0865141253511913,0.08163265306122447,SAFE_TO_EXECUTE,0.4079059801389762
4508055539_00120,4508055539_00120,"3-way match, invoice before GR",2018-09-19 06:30:00+00:00,2018-09-20 15:39:00+00:00,1.38125,6223.0,R2_50_90,test,SAFE_TO_EXECUTE,grouped_iid,0.9123895960533963,0.911143883837749,0.08761040394660369,0.08885611616225098,SAFE_TO_EXECUTE,0.43264011308722145
4508051751_00050,4508051751_00050,"3-way match, invoice before GR",2018-09-19 07:22:00+00:00,2018-09-20 12:41:00+00:00,1.2215277777777778,78.0,R1_0_50,test,SAFE_TO_EXECUTE,grouped_iid,0.9832780270039077,1.0,0.01672197299609235,0.0,SAFE_TO_EXECUTE,5.123178885069411e-14
4508055799_00070,4508055799_00070,"3-way match, invoice before GR",2018-09-19 09:06:00+00:00,2018-09-19 15:32:00+00:00,0.26805555555555555,63.0,R1_0_50,test,SAFE_TO_EXECUTE,grouped_iid,0.9171933643881526,0.9183673469387755,0.08280663561184742,0.08163265306122447,SAFE_TO_EXECUTE,0.4079059801389762
4508048968_00010,4508048968_00010,"3-way match, invoice before GR",2018-09-19 09:53:00+00:00,2018-11-01 07:19:00+00:00,42.893055555555556,10278.0,R3_90_99,test,SAFE_TO_EXECUTE,grouped_iid,0.9372551375031445,0.9343820841753085,0.06274486249685551,0.06561791582469145,SAFE_TO_EXECUTE,0.3493535547752867
4508055340_00020,4508055340_00020,"3-way match, invoice before GR",2018-09-19 11:29:00+00:00,2018-09-20 09:04:00+00:00,0.8993055555555556,2544.0,R2_50_90,test,SAFE_TO_EXECUTE,grouped_iid,0.9335802779690996,0.9183673469387755,0.06641972203090041,0.08163265306122447,SAFE_TO_EXECUTE,0.4079059801389762
4508053777_00010,4508053777_00010,"3-way match, invoice before GR",2018-09-19 12:03:00+00:00,2018-09-19 15:12:00+00:00,0.13125,187.0,R1_0_50,test,SAFE_TO_EXECUTE,grouped_iid,0.9358711794455262,0.9183673469387755,0.06412882055447378,0.08163265306122447,SAFE_TO_EXECUTE,0.4079059801389762
4508055294_00010,4508055294_00010,"3-way match, invoice before GR",2018-09-19 14:17:00+00:00,2018-09-20 09:05:00+00:00,0.7833333333333333,12013.0,R3_90_99,test,SAFE_TO_EXECUTE,grouped_iid,0.9253753671094936,0.9183673469387755,0.07462463289050636,0.08163265306122447,SAFE_TO_EXECUTE,0.4079059801389762
4508054544_00010,4508054544_00010,"3-way match, invoice before GR",2018-09-20 08:38:00+00:00,2018-09-25 09:24:00+00:00,5.031944444444444,381.0,R1_0_50,test,SAFE_TO_EXECUTE,grouped_iid,0.9047382180020902,0.8884615384615384,0.0952617819979098,0.11153846153846159,SAFE_TO_EXECUTE,0.5045390536984206
4508054110_00010,4508054110_00010,"3-way match, invoice before GR",2018-09-20 08:53:00+00:00,2018-09-20 10:44:00+00:00,0.07708333333333334,120.0,R1_0_50,test,SAFE_TO_EXECUTE,grouped_iid,0.9551498967411524,0.9602763385146805,0.04485010325884764,0.03972366148531947,SAFE_TO_EXECUTE,0.24102374969289544
4508054464_00010,4508054464_00010,"3-way match, invoice before GR",2018-09-20 09:56:00+00:00,2018-10-01 07:33:00+00:00,10.900694444444444,439.0,R1_0_50,test,SAFE_TO_EXECUTE,grouped_iid,0.8238908583646337,0.7678571428571429,0.17610914163536628,0.2321428571428571,SAFE_TO_EXECUTE,0.7817281222714539
4508054293_00020,4508054293_00020,"3-way match, invoice before GR",2018-09-20 10:01:00+00:00,2018-09-20 12:45:00+00:00,0.11388888888888889,113.0,R1_0_50,test,SAFE_TO_EXECUTE,grouped_iid,0.9692085141504967,0.9806451612903225,0.03079148584950331,0.01935483870967747,SAFE_TO_EXECUTE,0.1378026662704413
4508054293_00040,4508054293_00040,"3-way match, invoice before GR",2018-09-20 10:01:00+00:00,2018-09-20 12:45:00+00:00,0.11388888888888889,130.0,R1_0_50,test,SAFE_TO_EXECUTE,grouped_iid,0.969207370163261,0.9806451612903225,0.030792629836739027,0.01935483870967747,SAFE_TO_EXECUTE,0.1378026662704413
4508054668_00010,4508054668_00010,"3-way match, invoice before GR",2018-09-20 13:08:00+00:00,2018-09-26 05:29:00+00:00,5.68125,18107.0,R3_90_99,test,SAFE_TO_EXECUTE,grouped_iid,0.87447879596567,0.8404255319148937,0.12552120403432998,0.15957446808510634,SAFE_TO_EXECUTE,0.6332905746550958
4508051610_00010,4508051610_00010,"3-way match, invoice before GR",2018-09-20 13:14:00+00:00,2018-09-25 06:15:00+00:00,4.709027777777778,28101.0,R3_90_99,test,NOT_SAFE_TO_EXECUTE,grouped_iid,0.9584421373122655,0.9602763385146805,0.04155786268773454,0.03972366148531947,SAFE_TO_EXECUTE,0.24102374969289544
4508056762_00030,4508056762_00030,"3-way match, invoice before GR",2018-09-20 16:18:00+00:00,2018-09-25 11:19:00+00:00,4.792361111111111,293.0,R1_0_50,test,SAFE_TO_EXECUTE,grouped_iid,0.878357243786213,0.8884615384615384,0.12164275621378695,0.11153846153846159,SAFE_TO_EXECUTE,0.5045390536984206
4508051371_00010,4508051371_00010,"3-way match, invoice before GR",2018-09-21 13:17:00+00:00,2018-09-24 06:28:00+00:00,2.7159722222222222,8693.0,R3_90_99,test,SAFE_TO_EXECUTE,grouped_iid,0.9547365644805242,0.9602763385146805,0.04526343551947576,0.03972366148531947,SAFE_TO_EXECUTE,0.24102374969289544
4508056956_00030,4508056956_00030,"3-way match, invoice before GR",2018-09-24 09:14:00+00:00,2018-10-11 05:33:00+00:00,16.846527777777776,33.0,R1_0_50,test,SAFE_TO_EXECUTE,grouped_iid,0.6903589563705816,0.7333333333333333,0.30964104362941836,0.2666666666666667,SAFE_TO_EXECUTE,0.8366407419411673
4508049770_00010,4508049770_00010,"3-way match, invoice before GR",2018-09-24 09:17:00+00:00,2018-09-24 15:59:00+00:00,0.2791666666666667,73.0,R1_0_50,test,SAFE_TO_EXECUTE,grouped_iid,0.9696682280422809,0.9806451612903225,0.030331771957719078,0.01935483870967747,SAFE_TO_EXECUTE,0.1378026662704413
4508055818_00010,4508055818_00010,"3-way match, invoice before GR",2018-09-24 09:21:00+00:00,2018-09-25 13:53:00+00:00,1.1888888888888889,2819.0,R2_50_90,test,SAFE_TO_EXECUTE,grouped_iid,0.9084539768488313,0.8884615384615384,0.09154602315116867,0.11153846153846159,SAFE_TO_EXECUTE,0.5045390536984206
4508051165_00010,4508051165_00010,"3-way match, invoice before GR",2018-09-24 10:11:00+00:00,2018-09-26 06:04:00+00:00,1.8284722222222223,6207.0,R2_50_90,test,NOT_SAFE_TO_EXECUTE,grouped_iid,0.9308045928539769,0.9183673469387755,0.06919540714602312,0.08163265306122447,SAFE_TO_EXECUTE,0.4079059801389762
4508056790_00080,4508056790_00080,"3-way match, invoice before GR",2018-09-24 12:44:00+00:00,2018-09-25 07:28:00+00:00,0.7805555555555556,97.0,R1_0_50,test,SAFE_TO_EXECUTE,grouped_iid,0.9706295277469469,0.9949238578680203,0.029370472253053115,0.005076142131979711,SAFE_TO_EXECUTE,0.04599532480368192
4508056790_00130,4508056790_00130,"3-way match, invoice before GR",2018-09-24 12:44:00+00:00,2018-09-25 07:57:00+00:00,0.8006944444444445,188.0,R1_0_50,test,SAFE_TO_EXECUTE,grouped_iid,0.9706139593663693,0.9949238578680203,0.029386040633630706,0.005076142131979711,SAFE_TO_EXECUTE,0.04599532480368192
4508053369_00010,4508053369_00010,"3-way match, invoice before GR",2018-09-24 13:55:00+00:00,2018-09-25 06:25:00+00:00,0.6875,15829.0,R3_90_99,test,SAFE_TO_EXECUTE,grouped_iid,0.8312827361050752,0.7678571428571429,0.1687172638949248,0.2321428571428571,SAFE_TO_EXECUTE,0.7817281222714539
4508056543_00030,4508056543_00030,"3-way match, invoice before GR",2018-09-25 07:24:00+00:00,2018-09-26 06:53:00+00:00,0.9784722222222222,1522.0,R2_50_90,test,SAFE_TO_EXECUTE,grouped_iid,0.9769713578160591,0.9949238578680203,0.02302864218394085,0.005076142131979711,SAFE_TO_EXECUTE,0.04599532480368192
4508056309_00070,4508056309_00070,"3-way match, invoice before GR",2018-09-25 08:26:00+00:00,2018-09-25 09:38:00+00:00,0.05,415.0,R1_0_50,test,SAFE_TO_EXECUTE,grouped_iid,0.957571698924134,0.9602763385146805,0.04242830107586604,0.03972366148531947,SAFE_TO_EXECUTE,0.24102374969289544
4508056184_00020,4508056184_00020,"3-way match, invoice before GR",2018-09-25 09:48:00+00:00,2018-09-25 11:08:00+00:00,0.05555555555555555,377.0,R1_0_50,test,NOT_SAFE_TO_EXECUTE,grouped_iid,0.9703591304447406,0.9949238578680203,0.029640869555259353,0.005076142131979711,SAFE_TO_EXECUTE,0.04599532480368192
4508046273_00010,4508046273_00010,"3-way match, invoice before GR",2018-09-25 10:34:00+00:00,2018-09-27 07:53:00+00:00,1.8881944444444445,870.0,R2_50_90,test,SAFE_TO_EXECUTE,grouped_iid,0.922617796876701,0.9183673469387755,0.07738220312329902,0.08163265306122447,SAFE_TO_EXECUTE,0.4079059801389762
4508056278_00020,4508056278_00020,"3-way match, invoice before GR",2018-09-25 10:42:00+00:00,2018-09-25 12:16:00+00:00,0.06527777777777778,3014.0,R2_50_90,test,SAFE_TO_EXECUTE,grouped_iid,0.6210733865356454,0.7333333333333333,0.37892661346435463,0.2666666666666667,SAFE_TO_EXECUTE,0.8366407419411673
4508056483_00010,4508056483_00010,"3-way match, invoice before GR",2018-09-25 10:56:00+00:00,2018-09-26 11:19:00+00:00,1.0159722222222223,94.0,R1_0_50,test,SAFE_TO_EXECUTE,grouped_iid,0.8899045066308469,0.8884615384615384,0.11009549336915314,0.11153846153846159,SAFE_TO_EXECUTE,0.5045390536984206
4508055593_00170,4508055593_00170,"3-way match, invoice before GR",2018-09-25 12:03:00+00:00,2018-09-28 06:31:00+00:00,2.7694444444444444,120.0,R1_0_50,test,SAFE_TO_EXECUTE,grouped_iid,0.8406282740938074,0.8404255319148937,0.15937172590619264,0.15957446808510634,SAFE_TO_EXECUTE,0.6332905746550958
4508055593_00150,4508055593_00150,"3-way match, invoice before GR",2018-09-25 12:20:00+00:00,2018-09-28 06:31:00+00:00,2.7576388888888888,370.0,R1_0_50,test,SAFE_TO_EXECUTE,grouped_iid,0.8405774244889712,0.8404255319148937,0.15942257551102879,0.15957446808510634,SAFE_TO_EXECUTE,0.6332905746550958
4508056094_00010,4508056094_00010,"3-way match, invoice before GR",2018-09-25 12:21:00+00:00,2018-09-28 06:19:00+00:00,2.748611111111111,242.0,R1_0_50,test,SAFE_TO_EXECUTE,grouped_iid,0.9690618426749079,0.9806451612903225,0.030938157325092086,0.01935483870967747,SAFE_TO_EXECUTE,0.1378026662704413
4508055593_00030,4508055593_00030,"3-way match, invoice before GR",2018-09-25 12:23:00+00:00,2018-09-28 06:31:00+00:00,2.7555555555555555,149.0,R1_0_50,test,SAFE_TO_EXECUTE,grouped_iid,0.8406485462768897,0.8404255319148937,0.15935145372311033,0.15957446808510634,SAFE_TO_EXECUTE,0.6332905746550958
4508052404_00010,4508052404_00010,"3-way match, invoice before GR",2018-09-25 13:00:00+00:00,2018-10-04 17:03:00+00:00,9.16875,1088.0,R2_50_90,test,SAFE_TO_EXECUTE,grouped_iid,0.9672786252300165,0.97,0.03272137476998349,0.030000000000000027,SAFE_TO_EXECUTE,0.1943918578315763
4508050886_00010,4508050886_00010,"3-way match, invoice before GR",2018-09-25 13:36:00+00:00,2018-09-27 09:03:00+00:00,1.8104166666666666,8187.0,R3_90_99,test,NOT_SAFE_TO_EXECUTE,grouped_iid,0.5866785706410269,0.7333333333333333,0.4133214293589731,0.2666666666666667,SAFE_TO_EXECUTE,0.8366407419411673
4508055176_00010,4508055176_00010,"3-way match, invoice before GR",2018-09-25 13:42:00+00:00,2018-09-26 06:47:00+00:00,0.7118055555555556,1148.0,R2_50_90,test,SAFE_TO_EXECUTE,grouped_iid,0.9814618774401646,1.0,0.018538122559835446,0.0,SAFE_TO_EXECUTE,5.123178885069411e-14
4508055176_00030,4508055176_00030,"3-way match, invoice before GR",2018-09-25 13:42:00+00:00,2018-09-26 06:47:00+00:00,0.7118055555555556,505.0,R1_0_50,test,SAFE_TO_EXECUTE,grouped_iid,0.9814882385447874,1.0,0.018511761455212605,0.0,SAFE_TO_EXECUTE,5.123178885069411e-14
4508052995_00020,4508052995_00020,"3-way match, invoice before GR",2018-09-25 13:45:00+00:00,2018-09-25 15:29:00+00:00,0.07222222222222222,894.0,R2_50_90,test,SAFE_TO_EXECUTE,grouped_iid,0.9007783443804913,0.8884615384615384,0.09922165561950869,0.11153846153846159,SAFE_TO_EXECUTE,0.5045390536984206
4508055593_00110,4508055593_00110,"3-way match, invoice before GR",2018-09-25 14:17:00+00:00,2018-09-28 06:31:00+00:00,2.676388888888889,123.0,R1_0_50,test,SAFE_TO_EXECUTE,grouped_iid,0.8408217986372298,0.8404255319148937,0.15917820136277017,0.15957446808510634,SAFE_TO_EXECUTE,0.6332905746550958
4508055593_00200,4508055593_00200,"3-way match, invoice before GR",2018-09-25 14:19:00+00:00,2018-09-28 06:31:00+00:00,2.675,133.0,R1_0_50,test,SAFE_TO_EXECUTE,grouped_iid,0.8408216812588853,0.8404255319148937,0.15917831874111465,0.15957446808510634,SAFE_TO_EXECUTE,0.6332905746550958
4508051181_00010,4508051181_00010,"3-way match, invoice before GR",2018-09-25 14:22:00+00:00,2018-09-26 07:16:00+00:00,0.7041666666666667,765.0,R2_50_90,test,SAFE_TO_EXECUTE,grouped_iid,0.96841505536689,0.9806451612903225,0.03158494463311001,0.01935483870967747,SAFE_TO_EXECUTE,0.1378026662704413
4508051183_00010,4508051183_00010,"3-way match, invoice before GR",2018-09-25 14:22:00+00:00,2018-09-26 07:15:00+00:00,0.7034722222222223,2296.0,R2_50_90,test,SAFE_TO_EXECUTE,grouped_iid,0.9683121026632007,0.9806451612903225,0.03168789733679933,0.01935483870967747,SAFE_TO_EXECUTE,0.1378026662704413
4508054056_00010,4508054056_00010,"3-way match, invoice before GR",2018-09-25 14:22:00+00:00,2018-09-26 07:15:00+00:00,0.7034722222222223,1134.0,R2_50_90,test,SAFE_TO_EXECUTE,grouped_iid,0.898097759153216,0.8884615384615384,0.10190224084678401,0.11153846153846159,SAFE_TO_EXECUTE,0.5045390536984206
4508056093_00030,4508056093_00030,"3-way match, invoice before GR",2018-09-25 14:22:00+00:00,2018-09-28 06:26:00+00:00,2.6694444444444443,268.0,R1_0_50,test,SAFE_TO_EXECUTE,grouped_iid,0.9690965098004588,0.9806451612903225,0.030903490199541195,0.01935483870967747,SAFE_TO_EXECUTE,0.1378026662704413
4508056093_00040,4508056093_00040,"3-way match, invoice before GR",2018-09-25 14:22:00+00:00,2018-09-28 06:26:00+00:00,2.6694444444444443,268.0,R1_0_50,test,SAFE_TO_EXECUTE,grouped_iid,0.9690965098004588,0.9806451612903225,0.030903490199541195,0.01935483870967747,SAFE_TO_EXECUTE,0.1378026662704413
4508056193_00050,4508056193_00050,"3-way match, invoice before GR",2018-09-25 14:24:00+00:00,2018-09-28 06:23:00+00:00,2.6659722222222224,165.0,R1_0_50,test,SAFE_TO_EXECUTE,grouped_iid,0.8893952250896331,0.8884615384615384,0.11060477491036691,0.11153846153846159,SAFE_TO_EXECUTE,0.5045390536984206
4508055593_00070,4508055593_00070,"3-way match, invoice before GR",2018-09-25 14:30:00+00:00,2018-09-28 06:31:00+00:00,2.667361111111111,123.0,R1_0_50,test,SAFE_TO_EXECUTE,grouped_iid,0.8408406510910036,0.8404255319148937,0.1591593489089964,0.15957446808510634,SAFE_TO_EXECUTE,0.6332905746550958
4508055593_00240,4508055593_00240,"3-way match, invoice before GR",2018-09-25 14:30:00+00:00,2018-09-28 06:31:00+00:00,2.667361111111111,123.0,R1_0_50,test,SAFE_TO_EXECUTE,grouped_iid,0.8408406510910036,0.8404255319148937,0.1591593489089964,0.15957446808510634,SAFE_TO_EXECUTE,0.6332905746550958
4508055593_00090,4508055593_00090,"3-way match, invoice before GR",2018-09-25 14:31:00+00:00,2018-09-28 06:31:00+00:00,2.6666666666666665,123.0,R1_0_50,test,SAFE_TO_EXECUTE,grouped_iid,0.8408421012047752,0.8404255319148937,0.1591578987952248,0.15957446808510634,SAFE_TO_EXECUTE,0.6332905746550958
4508056193_00060,4508056193_00060,"3-way match, invoice before GR",2018-09-25 14:37:00+00:00,2018-09-28 06:23:00+00:00,2.6569444444444446,165.0,R1_0_50,test,SAFE_TO_EXECUTE,grouped_iid,0.8894090813497468,0.8884615384615384,0.11059091865025317,0.11153846153846159,SAFE_TO_EXECUTE,0.5045390536984206
4508055593_00040,4508055593_00040,"3-way match, invoice before GR",2018-09-25 14:38:00+00:00,2018-09-28 06:31:00+00:00,2.6618055555555555,187.0,R1_0_50,test,SAFE_TO_EXECUTE,grouped_iid,0.8408329392186784,0.8404255319148937,0.1591670607813216,0.15957446808510634,SAFE_TO_EXECUTE,0.6332905746550958
4508056193_00010,4508056193_00010,"3-way match, invoice before GR",2018-09-25 14:51:00+00:00,2018-09-28 06:23:00+00:00,2.647222222222222,227.0,R1_0_50,test,SAFE_TO_EXECUTE,grouped_iid,0.845879927810279,0.8404255319148937,0.154120072189721,0.15957446808510634,SAFE_TO_EXECUTE,0.6332905746550958
4508055588_00020,4508055588_00020,"3-way match, invoice before GR",2018-09-25 15:00:00+00:00,2018-09-28 06:25:00+00:00,2.642361111111111,243.0,R1_0_50,test,SAFE_TO_EXECUTE,grouped_iid,0.8408458022105325,0.8404255319148937,0.1591541977894675,0.15957446808510634,SAFE_TO_EXECUTE,0.6332905746550958
4508057205_00030,4508057205_00030,"3-way match, invoice before GR",2018-09-25 16:18:00+00:00,2018-09-28 05:53:00+00:00,2.5659722222222223,106.0,R1_0_50,test,SAFE_TO_EXECUTE,grouped_iid,0.8813605970533859,0.8884615384615384,0.11863940294661413,0.11153846153846159,SAFE_TO_EXECUTE,0.5045390536984206
4508056815_00010,4508056815_00010,"3-way match, invoice before GR",2018-09-26 07:34:00+00:00,2018-09-26 10:55:00+00:00,0.13958333333333334,89.0,R1_0_50,test,SAFE_TO_EXECUTE,grouped_iid,0.8922175385690204,0.8884615384615384,0.10778246143097958,0.11153846153846159,SAFE_TO_EXECUTE,0.5045390536984206
4507037668_00070,4507037668_00070,"3-way match, invoice before GR",2018-09-26 09:27:00+00:00,2018-10-12 11:39:00+00:00,16.091666666666665,101599.0,R4_99_100,test,SAFE_TO_EXECUTE,grouped_iid,0.8679018593881378,0.8404255319148937,0.1320981406118622,0.15957446808510634,SAFE_TO_EXECUTE,0.6332905746550958
4508057015_00010,4508057015_00010,"3-way match, invoice before GR",2018-09-26 09:42:00+00:00,2018-09-27 10:53:00+00:00,1.0493055555555555,1431.0,R2_50_90,test,SAFE_TO_EXECUTE,grouped_iid,0.8905082868135314,0.8884615384615384,0.10949171318646855,0.11153846153846159,SAFE_TO_EXECUTE,0.5045390536984206
4508056544_00010,4508056544_00010,"3-way match, invoice before GR",2018-09-26 10:02:00+00:00,2018-09-27 07:46:00+00:00,0.9055555555555556,527.0,R1_0_50,test,SAFE_TO_EXECUTE,grouped_iid,0.9869160146076368,1.0,0.013083985392363218,0.0,SAFE_TO_EXECUTE,5.123178885069411e-14
4508054360_00020,4508054360_00020,"3-way match, invoice before GR",2018-09-26 10:13:00+00:00,2018-09-28 15:35:00+00:00,2.223611111111111,468.0,R1_0_50,test,SAFE_TO_EXECUTE,grouped_iid,0.902737566822855,0.8884615384615384,0.097262433177145,0.11153846153846159,SAFE_TO_EXECUTE,0.5045390536984206
4508056960_00060,4508056960_00060,"3-way match, invoice before GR",2018-09-26 10:21:00+00:00,2018-10-02 05:26:00+00:00,5.795138888888889,334.0,R1_0_50,test,SAFE_TO_EXECUTE,grouped_iid,0.9066421735021716,0.8884615384615384,0.09335782649782842,0.11153846153846159,SAFE_TO_EXECUTE,0.5045390536984206
4508054561_00010,4508054561_00010,"3-way match, invoice before GR",2018-09-26 12:04:00+00:00,2018-09-27 10:47:00+00:00,0.9465277777777777,1281.0,R2_50_90,test,SAFE_TO_EXECUTE,grouped_iid,0.9535581679811322,0.9602763385146805,0.04644183201886776,0.03972366148531947,SAFE_TO_EXECUTE,0.24102374969289544
4508053153_00060,4508053153_00060,"3-way match, invoice before GR",2018-09-26 14:20:00+00:00,2018-10-01 07:35:00+00:00,4.71875,416.0,R1_0_50,test,SAFE_TO_EXECUTE,grouped_iid,0.7540229402559908,0.7333333333333333,0.24597705974400919,0.2666666666666667,SAFE_TO_EXECUTE,0.8366407419411673
4508045321_00020,4508045321_00020,"3-way match, invoice before GR",2018-09-26 15:16:00+00:00,2018-10-02 08:11:00+00:00,5.704861111111111,36913.0,R3_90_99,test,NOT_SAFE_TO_EXECUTE,grouped_iid,0.9784545174726961,0.9949238578680203,0.021545482527303927,0.005076142131979711,SAFE_TO_EXECUTE,0.04599532480368192
4508053167_00010,4508053167_00010,"3-way match, invoice before GR",2018-09-27 06:56:00+00:00,2018-09-28 06:52:00+00:00,0.9972222222222222,6910.0,R2_50_90,test,SAFE_TO_EXECUTE,grouped_iid,0.5896819571722994,0.7333333333333333,0.41031804282770057,0.2666666666666667,SAFE_TO_EXECUTE,0.8366407419411673
4508057002_00040,4508057002_00040,"3-way match, invoice before GR",2018-09-27 07:22:00+00:00,2018-09-28 05:53:00+00:00,0.9381944444444444,235.0,R1_0_50,test,SAFE_TO_EXECUTE,grouped_iid,0.9697480848810756,0.9806451612903225,0.030251915118924444,0.01935483870967747,SAFE_TO_EXECUTE,0.1378026662704413
4508057763_00080,4508057763_00080,"3-way match, invoice before GR",2018-09-27 10:16:00+00:00,2018-10-01 06:42:00+00:00,3.8513888888888888,13.0,R1_0_50,test,SAFE_TO_EXECUTE,grouped_iid,0.8898233881221355,0.8884615384615384,0.11017661187786454,0.11153846153846159,SAFE_TO_EXECUTE,0.5045390536984206
4507037385_00020,4507037385_00020,"3-way match, invoice before GR",2018-09-27 15:15:00+00:00,2018-10-01 08:40:00+00:00,3.7256944444444446,2512.0,R2_50_90,test,SAFE_TO_EXECUTE,grouped_iid,0.8939449149512224,0.8884615384615384,0.10605508504877759,0.11153846153846159,SAFE_TO_EXECUTE,0.5045390536984206
4508057025_00030,4508057025_00030,"3-way match, invoice before GR",2018-09-28 04:14:00+00:00,2018-10-01 11:39:00+00:00,3.3090277777777777,159.0,R1_0_50,test,SAFE_TO_EXECUTE,grouped_iid,0.9552713251846645,0.9602763385146805,0.04472867481533549,0.03972366148531947,SAFE_TO_EXECUTE,0.24102374969289544
4508055960_00020,4508055960_00020,"3-way match, invoice before GR",2018-09-28 04:46:00+00:00,2018-10-01 09:40:00+00:00,3.2041666666666666,277.0,R1_0_50,test,SAFE_TO_EXECUTE,grouped_iid,0.9536798504939729,0.9602763385146805,0.04632014950602714,0.03972366148531947,SAFE_TO_EXECUTE,0.24102374969289544
4508055960_00090,4508055960_00090,"3-way match, invoice before GR",2018-09-28 04:46:00+00:00,2018-10-01 09:40:00+00:00,3.2041666666666666,294.0,R1_0_50,test,SAFE_TO_EXECUTE,grouped_iid,0.9536781571483378,0.9602763385146805,0.04632184285166219,0.03972366148531947,SAFE_TO_EXECUTE,0.24102374969289544
4508055960_00140,4508055960_00140,"3-way match, invoice before GR",2018-09-28 04:46:00+00:00,2018-10-01 09:40:00+00:00,3.2041666666666666,112.0,R1_0_50,test,SAFE_TO_EXECUTE,grouped_iid,0.9536962828478428,0.9602763385146805,0.0463037171521572,0.03972366148531947,SAFE_TO_EXECUTE,0.24102374969289544
4508055960_00150,4508055960_00150,"3-way match, invoice before GR",2018-09-28 04:46:00+00:00,2018-10-01 09:40:00+00:00,3.2041666666666666,124.0,R1_0_50,test,SAFE_TO_EXECUTE,grouped_iid,0.9536950879546054,0.9602763385146805,0.04630491204539455,0.03972366148531947,SAFE_TO_EXECUTE,0.24102374969289544
4508055960_00160,4508055960_00160,"3-way match, invoice before GR",2018-09-28 04:46:00+00:00,2018-10-01 09:40:00+00:00,3.2041666666666666,415.0,R1_0_50,test,SAFE_TO_EXECUTE,grouped_iid,0.8262168497222012,0.7678571428571429,0.17378315027779878,0.2321428571428571,SAFE_TO_EXECUTE,0.7817281222714539
4508055890_00020,4508055890_00020,"3-way match, invoice before GR",2018-09-28 04:58:00+00:00,2018-10-01 11:51:00+00:00,3.2868055555555555,10981.0,R3_90_99,test,SAFE_TO_EXECUTE,grouped_iid,0.8790286480222819,0.8884615384615384,0.12097135197771813,0.11153846153846159,SAFE_TO_EXECUTE,0.5045390536984206
4508049044_00010,4508049044_00010,"3-way match, invoice before GR",2018-09-28 05:32:00+00:00,2018-10-02 07:53:00+00:00,4.097916666666666,11498.0,R3_90_99,test,SAFE_TO_EXECUTE,grouped_iid,0.9310580652482094,0.9183673469387755,0.06894193475179056,0.08163265306122447,SAFE_TO_EXECUTE,0.4079059801389762
4508057025_00010,4508057025_00010,"3-way match, invoice before GR",2018-09-28 06:52:00+00:00,2018-09-28 11:24:00+00:00,0.18888888888888888,179.0,R1_0_50,test,SAFE_TO_EXECUTE,grouped_iid,0.9578013458151381,0.9602763385146805,0.042198654184861906,0.03972366148531947,SAFE_TO_EXECUTE,0.24102374969289544
4508057025_00020,4508057025_00020,"3-way match, invoice before GR",2018-09-28 06:52:00+00:00,2018-09-28 11:24:00+00:00,0.18888888888888888,179.0,R1_0_50,test,SAFE_TO_EXECUTE,grouped_iid,0.9578013458151381,0.9602763385146805,0.042198654184861906,0.03972366148531947,SAFE_TO_EXECUTE,0.24102374969289544
4508056111_00010,4508056111_00010,"3-way match, invoice before GR",2018-09-28 06:56:00+00:00,2018-10-01 15:19:00+00:00,3.3493055555555555,277.0,R1_0_50,test,SAFE_TO_EXECUTE,grouped_iid,0.8504059096715246,0.8404255319148937,0.14959409032847537,0.15957446808510634,SAFE_TO_EXECUTE,0.6332905746550958
4507037014_00020,4507037014_00020,"3-way match, invoice before GR",2018-09-28 08:38:00+00:00,2018-10-01 06:46:00+00:00,2.922222222222222,51286.0,R4_99_100,test,NOT_SAFE_TO_EXECUTE,grouped_iid,0.941764198089298,0.9357798165137615,0.05823580191070199,0.06422018348623848,SAFE_TO_EXECUTE,0.34397451435953375
4508057779_00010,4508057779_00010,"3-way match, invoice before GR",2018-09-28 10:04:00+00:00,2018-09-28 15:25:00+00:00,0.22291666666666668,214.0,R1_0_50,test,SAFE_TO_EXECUTE,grouped_iid,0.9408244849936217,0.9357798165137615,0.0591755150063783,0.06422018348623848,SAFE_TO_EXECUTE,0.34397451435953375
4508057779_00020,4508057779_00020,"3-way match, invoice before GR",2018-09-28 10:04:00+00:00,2018-09-28 15:25:00+00:00,0.22291666666666668,148.0,R1_0_50,test,SAFE_TO_EXECUTE,grouped_iid,0.9408327698060723,0.9357798165137615,0.05916723019392767,0.06422018348623848,SAFE_TO_EXECUTE,0.34397451435953375
4508057779_00080,4508057779_00080,"3-way match, invoice before GR",2018-09-28 10:04:00+00:00,2018-09-28 15:25:00+00:00,0.22291666666666668,19.0,R1_0_50,test,SAFE_TO_EXECUTE,grouped_iid,0.9408489597101808,0.9357798165137615,0.05915104028981921,0.06422018348623848,SAFE_TO_EXECUTE,0.34397451435953375
4508057861_00010,4508057861_00010,"3-way match, invoice before GR",2018-09-28 14:51:00+00:00,2018-10-01 07:51:00+00:00,2.7083333333333335,19786.0,R3_90_99,test,SAFE_TO_EXECUTE,grouped_iid,0.9245756641077596,0.9183673469387755,0.0754243358922404,0.08163265306122447,SAFE_TO_EXECUTE,0.4079059801389762
4508058042_00040,4508058042_00040,"3-way match, invoice before GR",2018-09-28 16:54:00+00:00,2018-10-03 05:44:00+00:00,4.534722222222222,354.0,R1_0_50,test,NOT_SAFE_TO_EXECUTE,grouped_iid,0.05097531082529368,0.06666666666666667,0.9490246891747063,0.9333333333333333,NOT_SAFE_TO_EXECUTE,0.3533593350214213
4508054562_00060,4508054562_00060,"3-way match, invoice before GR",2018-10-01 08:11:00+00:00,2018-10-01 08:19:00+00:00,0.005555555555555556,559.0,R1_0_50,test,SAFE_TO_EXECUTE,grouped_iid,0.7839806380516973,0.7333333333333333,0.21601936194830273,0.2666666666666667,SAFE_TO_EXECUTE,0.8366407419411673
4508055135_00040,4508055135_00040,"3-way match, invoice before GR",2018-10-01 10:28:00+00:00,2018-10-03 15:07:00+00:00,2.19375,245.0,R1_0_50,test,SAFE_TO_EXECUTE,grouped_iid,0.9517896533730872,0.9602763385146805,0.048210346626912814,0.03972366148531947,SAFE_TO_EXECUTE,0.24102374969289544
4508044361_00070,4508044361_00070,"3-way match, invoice before GR",2018-10-01 10:50:00+00:00,2018-10-03 12:39:00+00:00,2.0756944444444443,3889.0,R2_50_90,test,SAFE_TO_EXECUTE,grouped_iid,0.9878669875569174,1.0,0.012133012443082625,0.0,SAFE_TO_EXECUTE,5.123178885069411e-14
4508044361_00080,4508044361_00080,"3-way match, invoice before GR",2018-10-01 10:50:00+00:00,2018-10-03 12:39:00+00:00,2.0756944444444443,4173.0,R2_50_90,test,SAFE_TO_EXECUTE,grouped_iid,0.9878593097405175,1.0,0.0121406902594825,0.0,SAFE_TO_EXECUTE,5.123178885069411e-14
4508057900_00010,4508057900_00010,"3-way match, invoice before GR",2018-10-01 10:52:00+00:00,2018-10-09 06:54:00+00:00,7.834722222222222,3839.0,R2_50_90,test,SAFE_TO_EXECUTE,grouped_iid,0.9448688603875834,0.9357798165137615,0.05513113961241656,0.06422018348623848,SAFE_TO_EXECUTE,0.34397451435953375
4508050310_00010,4508050310_00010,"3-way match, invoice before GR",2018-10-01 10:53:00+00:00,2018-10-03 13:47:00+00:00,2.120833333333333,33396.0,R3_90_99,test,SAFE_TO_EXECUTE,grouped_iid,0.9606732204555516,0.9602763385146805,0.03932677954444841,0.03972366148531947,SAFE_TO_EXECUTE,0.24102374969289544
4508055871_00010,4508055871_00010,"3-way match, invoice before GR",2018-10-01 11:53:00+00:00,2018-10-04 10:00:00+00:00,2.921527777777778,556.0,R1_0_50,test,SAFE_TO_EXECUTE,grouped_iid,0.8804107814171847,0.8884615384615384,0.11958921858281535,0.11153846153846159,SAFE_TO_EXECUTE,0.5045390536984206
4508056504_00010,4508056504_00010,"3-way match, invoice before GR",2018-10-01 14:43:00+00:00,2018-10-03 12:30:00+00:00,1.9076388888888889,5029.0,R2_50_90,test,SAFE_TO_EXECUTE,grouped_iid,0.6053210675400635,0.7333333333333333,0.39467893245993646,0.2666666666666667,SAFE_TO_EXECUTE,0.8366407419411673
4508055134_00010,4508055134_00010,"3-way match, invoice before GR",2018-10-01 15:15:00+00:00,2018-10-09 06:16:00+00:00,7.625694444444444,187.0,R1_0_50,test,NOT_SAFE_TO_EXECUTE,grouped_iid,0.8220952120526681,0.7678571428571429,0.1779047879473319,0.2321428571428571,SAFE_TO_EXECUTE,0.7817281222714539
4508058420_00010,4508058420_00010,"3-way match, invoice before GR",2018-10-01 17:09:00+00:00,2018-10-03 05:44:00+00:00,1.5243055555555556,513.0,R1_0_50,test,SAFE_TO_EXECUTE,grouped_iid,0.8811147486329053,0.8884615384615384,0.11888525136709471,0.11153846153846159,SAFE_TO_EXECUTE,0.5045390536984206
4508057165_00030,4508057165_00030,"3-way match, invoice before GR",2018-10-02 06:48:00+00:00,2018-10-09 06:52:00+00:00,7.002777777777778,158.0,R1_0_50,test,SAFE_TO_EXECUTE,grouped_iid,0.9448686663438391,0.9357798165137615,0.05513133365616085,0.06422018348623848,SAFE_TO_EXECUTE,0.34397451435953375
4508058625_00030,4508058625_00030,"3-way match, invoice before GR",2018-10-02 07:30:00+00:00,2018-10-02 15:36:00+00:00,0.3375,1090.0,R2_50_90,test,SAFE_TO_EXECUTE,grouped_iid,0.8953157786158726,0.8884615384615384,0.10468422138412736,0.11153846153846159,SAFE_TO_EXECUTE,0.5045390536984206
4508058625_00040,4508058625_00040,"3-way match, invoice before GR",2018-10-02 07:30:00+00:00,2018-10-02 15:36:00+00:00,0.3375,155.0,R1_0_50,test,SAFE_TO_EXECUTE,grouped_iid,0.8955132134089777,0.8884615384615384,0.10448678659102228,0.11153846153846159,SAFE_TO_EXECUTE,0.5045390536984206
4508055171_00010,4508055171_00010,"3-way match, invoice before GR",2018-10-02 07:56:00+00:00,2018-10-03 11:33:00+00:00,1.1506944444444445,8693.0,R3_90_99,test,SAFE_TO_EXECUTE,grouped_iid,0.8507931433894812,0.8404255319148937,0.1492068566105188,0.15957446808510634,SAFE_TO_EXECUTE,0.6332905746550958
2000052740_00001,2000052740_00001,"3-way match, invoice before GR",2018-10-02 10:50:00+00:00,2018-10-05 12:29:00+00:00,3.06875,56.0,R1_0_50,test,SAFE_TO_EXECUTE,grouped_iid,0.9907691096496695,1.0,0.009230890350330534,0.0,SAFE_TO_EXECUTE,5.123178885069411e-14
4508058513_00020,4508058513_00020,"3-way match, invoice before GR",2018-10-02 15:27:00+00:00,2018-10-04 14:17:00+00:00,1.9513888888888888,1413.0,R2_50_90,test,SAFE_TO_EXECUTE,grouped_iid,0.9269862661939192,0.9183673469387755,0.07301373380608078,0.08163265306122447,SAFE_TO_EXECUTE,0.4079059801389762
4508057003_00010,4508057003_00010,"3-way match, invoice before GR",2018-10-02 15:31:00+00:00,2018-10-04 16:10:00+00:00,2.027083333333333,5637.0,R2_50_90,test,SAFE_TO_EXECUTE,grouped_iid,0.9690970955554362,0.9806451612903225,0.030902904444563783,0.01935483870967747,SAFE_TO_EXECUTE,0.1378026662704413
4508058696_00020,4508058696_00020,"3-way match, invoice before GR",2018-10-02 16:30:00+00:00,2018-10-04 05:21:00+00:00,1.5354166666666667,2315.0,R2_50_90,test,SAFE_TO_EXECUTE,grouped_iid,0.8826758715562072,0.8884615384615384,0.11732412844379281,0.11153846153846159,SAFE_TO_EXECUTE,0.5045390536984206
4508058696_00060,4508058696_00060,"3-way match, invoice before GR",2018-10-02 16:30:00+00:00,2018-10-04 05:21:00+00:00,1.5354166666666667,120.0,R1_0_50,test,SAFE_TO_EXECUTE,grouped_iid,0.8831874556474467,0.8884615384615384,0.11681254435255328,0.11153846153846159,SAFE_TO_EXECUTE,0.5045390536984206
4508058144_00030,4508058144_00030,"3-way match, invoice before GR",2018-10-03 08:11:00+00:00,2018-10-04 14:17:00+00:00,1.2541666666666667,3816.0,R2_50_90,test,SAFE_TO_EXECUTE,grouped_iid,0.9330110120954771,0.9183673469387755,0.0669889879045229,0.08163265306122447,SAFE_TO_EXECUTE,0.4079059801389762
4508058973_00010,4508058973_00010,"3-way match, invoice before GR",2018-10-03 16:18:00+00:00,2018-10-05 07:24:00+00:00,1.6291666666666667,235.0,R1_0_50,test,SAFE_TO_EXECUTE,grouped_iid,0.8829774156486103,0.8884615384615384,0.11702258435138968,0.11153846153846159,SAFE_TO_EXECUTE,0.5045390536984206
4508058973_00070,4508058973_00070,"3-way match, invoice before GR",2018-10-03 16:18:00+00:00,2018-10-05 07:24:00+00:00,1.6291666666666667,608.0,R2_50_90,test,SAFE_TO_EXECUTE,grouped_iid,0.8828904826665989,0.8884615384615384,0.11710951733340114,0.11153846153846159,SAFE_TO_EXECUTE,0.5045390536984206
4508058973_00080,4508058973_00080,"3-way match, invoice before GR",2018-10-03 16:18:00+00:00,2018-10-05 07:24:00+00:00,1.6291666666666667,1090.0,R2_50_90,test,SAFE_TO_EXECUTE,grouped_iid,0.8827780627223998,0.8884615384615384,0.11722193727760022,0.11153846153846159,SAFE_TO_EXECUTE,0.5045390536984206
4508058973_00150,4508058973_00150,"3-way match, invoice before GR",2018-10-03 16:18:00+00:00,2018-10-05 07:24:00+00:00,1.6291666666666667,547.0,R1_0_50,test,SAFE_TO_EXECUTE,grouped_iid,0.8829047034187855,0.8884615384615384,0.11709529658121454,0.11153846153846159,SAFE_TO_EXECUTE,0.5045390536984206
4508058973_00200,4508058973_00200,"3-way match, invoice before GR",2018-10-03 16:18:00+00:00,2018-10-05 07:24:00+00:00,1.6291666666666667,545.0,R1_0_50,test,NOT_SAFE_TO_EXECUTE,grouped_iid,0.8829051696475951,0.8884615384615384,0.11709483035240487,0.11153846153846159,SAFE_TO_EXECUTE,0.5045390536984206
4508056849_00030,4508056849_00030,"3-way match, invoice before GR",2018-10-04 07:58:00+00:00,2018-10-04 13:24:00+00:00,0.2263888888888889,174.0,R1_0_50,test,SAFE_TO_EXECUTE,grouped_iid,0.9693478222431006,0.9806451612903225,0.030652177756899435,0.01935483870967747,SAFE_TO_EXECUTE,0.1378026662704413
4508055981_00080,4508055981_00080,"3-way match, invoice before GR",2018-10-04 08:29:00+00:00,2018-10-04 10:01:00+00:00,0.06388888888888888,311.0,R1_0_50,test,SAFE_TO_EXECUTE,grouped_iid,0.9685501591894013,0.9806451612903225,0.03144984081059865,0.01935483870967747,SAFE_TO_EXECUTE,0.1378026662704413
4508055981_00090,4508055981_00090,"3-way match, invoice before GR",2018-10-04 08:29:00+00:00,2018-10-04 10:01:00+00:00,0.06388888888888888,941.0,R2_50_90,test,SAFE_TO_EXECUTE,grouped_iid,0.9685068593000503,0.9806451612903225,0.031493140699949684,0.01935483870967747,SAFE_TO_EXECUTE,0.1378026662704413
4508051786_00040,4508051786_00040,"3-way match, invoice before GR",2018-10-04 09:07:00+00:00,2018-10-10 09:51:00+00:00,6.030555555555556,2078.0,R2_50_90,test,SAFE_TO_EXECUTE,grouped_iid,0.9838324522087482,1.0,0.016167547791251846,0.0,SAFE_TO_EXECUTE,5.123178885069411e-14
4508053865_00020,4508053865_00020,"3-way match, invoice before GR",2018-10-04 11:41:00+00:00,2018-10-10 09:53:00+00:00,5.925,519.0,R1_0_50,test,SAFE_TO_EXECUTE,grouped_iid,0.9838564230626435,1.0,0.016143576937356463,0.0,SAFE_TO_EXECUTE,5.123178885069411e-14
4508058882_00030,4508058882_00030,"3-way match, invoice before GR",2018-10-04 14:22:00+00:00,2018-10-05 07:00:00+00:00,0.6930555555555555,4452.0,R2_50_90,test,SAFE_TO_EXECUTE,grouped_iid,0.9286859468292291,0.9183673469387755,0.07131405317077089,0.08163265306122447,SAFE_TO_EXECUTE,0.4079059801389762
4508058884_00010,4508058884_00010,"3-way match, invoice before GR",2018-10-04 14:25:00+00:00,2018-10-05 07:00:00+00:00,0.6909722222222222,13426.0,R3_90_99,test,SAFE_TO_EXECUTE,grouped_iid,0.927339018400102,0.9183673469387755,0.07266098159989798,0.08163265306122447,SAFE_TO_EXECUTE,0.4079059801389762
4508057165_00010,4508057165_00010,"3-way match, invoice before GR",2018-10-04 16:08:00+00:00,2018-10-09 06:52:00+00:00,4.613888888888889,73.0,R1_0_50,test,SAFE_TO_EXECUTE,grouped_iid,0.9472029672134391,0.9357798165137615,0.052797032786560893,0.06422018348623848,SAFE_TO_EXECUTE,0.34397451435953375
4508052394_00320,4508052394_00320,"3-way match, invoice before GR",2018-10-05 08:30:00+00:00,2018-10-08 07:25:00+00:00,2.954861111111111,282.0,R1_0_50,test,SAFE_TO_EXECUTE,grouped_iid,0.9426503400940482,0.9357798165137615,0.057349659905951755,0.06422018348623848,SAFE_TO_EXECUTE,0.34397451435953375
4508059521_00130,4508059521_00130,"3-way match, invoice before GR",2018-10-05 17:10:00+00:00,2018-10-09 05:54:00+00:00,3.5305555555555554,343.0,R1_0_50,test,NOT_SAFE_TO_EXECUTE,grouped_iid,0.3871932687987644,0.06666666666666667,0.6128067312012355,0.9333333333333333,NOT_SAFE_TO_EXECUTE,0.3533593350214213
4508055046_00010,4508055046_00010,"3-way match, invoice before GR",2018-10-08 07:19:00+00:00,2018-10-08 11:24:00+00:00,0.1701388888888889,1891.0,R2_50_90,test,SAFE_TO_EXECUTE,grouped_iid,0.6932477471189828,0.7333333333333333,0.30675225288101715,0.2666666666666667,SAFE_TO_EXECUTE,0.8366407419411673
4508056620_00010,4508056620_00010,"3-way match, invoice before GR",2018-10-08 07:51:00+00:00,2018-10-10 11:04:00+00:00,2.134027777777778,1043.0,R2_50_90,test,SAFE_TO_EXECUTE,grouped_iid,0.9021379302342876,0.8884615384615384,0.09786206976571243,0.11153846153846159,SAFE_TO_EXECUTE,0.5045390536984206
4508059808_00010,4508059808_00010,"3-way match, invoice before GR",2018-10-08 08:12:00+00:00,2018-10-08 15:29:00+00:00,0.3034722222222222,233.0,R1_0_50,test,SAFE_TO_EXECUTE,grouped_iid,0.8435574177394266,0.8404255319148937,0.1564425822605734,0.15957446808510634,SAFE_TO_EXECUTE,0.6332905746550958
4508058808_00010,4508058808_00010,"3-way match, invoice before GR",2018-10-08 08:37:00+00:00,2018-10-08 09:19:00+00:00,0.029166666666666667,243.0,R1_0_50,test,SAFE_TO_EXECUTE,grouped_iid,0.9701758700914168,0.9806451612903225,0.029824129908583186,0.01935483870967747,SAFE_TO_EXECUTE,0.1378026662704413
4508055898_00010,4508055898_00010,"3-way match, invoice before GR",2018-10-09 10:42:00+00:00,2018-10-10 10:25:00+00:00,0.9881944444444445,2944.0,R2_50_90,test,SAFE_TO_EXECUTE,grouped_iid,0.6777669962683917,0.7333333333333333,0.32223300373160835,0.2666666666666667,SAFE_TO_EXECUTE,0.8366407419411673
4508060031_00010,4508060031_00010,"3-way match, invoice before GR",2018-10-09 16:54:00+00:00,2018-10-11 05:27:00+00:00,1.5229166666666667,151.0,R1_0_50,test,SAFE_TO_EXECUTE,grouped_iid,0.8831833237628212,0.8884615384615384,0.11681667623717884,0.11153846153846159,SAFE_TO_EXECUTE,0.5045390536984206
4508060031_00040,4508060031_00040,"3-way match, invoice before GR",2018-10-09 16:54:00+00:00,2018-10-11 05:27:00+00:00,1.5229166666666667,1805.0,R2_50_90,test,SAFE_TO_EXECUTE,grouped_iid,0.8827979977095873,0.8884615384615384,0.11720200229041267,0.11153846153846159,SAFE_TO_EXECUTE,0.5045390536984206
4508060031_00060,4508060031_00060,"3-way match, invoice before GR",2018-10-09 16:54:00+00:00,2018-10-11 05:27:00+00:00,1.5229166666666667,388.0,R1_0_50,test,SAFE_TO_EXECUTE,grouped_iid,0.883128178328586,0.8884615384615384,0.11687182167141397,0.11153846153846159,SAFE_TO_EXECUTE,0.5045390536984206
4508060031_00070,4508060031_00070,"3-way match, invoice before GR",2018-10-09 16:54:00+00:00,2018-10-11 05:27:00+00:00,1.5229166666666667,139.0,R1_0_50,test,SAFE_TO_EXECUTE,grouped_iid,0.8831861153360688,0.8884615384615384,0.11681388466393117,0.11153846153846159,SAFE_TO_EXECUTE,0.5045390536984206
4508060436_00010,4508060436_00010,"3-way match, invoice before GR",2018-10-10 07:11:00+00:00,2018-10-12 07:11:00+00:00,2.0,1195.0,R2_50_90,test,SAFE_TO_EXECUTE,grouped_iid,0.8926713417270123,0.8884615384615384,0.10732865827298765,0.11153846153846159,SAFE_TO_EXECUTE,0.5045390536984206
4508055823_00030,4508055823_00030,"3-way match, invoice before GR",2018-10-10 08:20:00+00:00,2018-10-11 14:56:00+00:00,1.275,40148.0,R3_90_99,test,SAFE_TO_EXECUTE,grouped_iid,0.9439866942185182,0.9357798165137615,0.05601330578148178,0.06422018348623848,SAFE_TO_EXECUTE,0.34397451435953375
4508059486_00070,4508059486_00070,"3-way match, invoice before GR",2018-10-10 08:56:00+00:00,2018-10-11 05:27:00+00:00,0.8548611111111111,563.0,R1_0_50,test,SAFE_TO_EXECUTE,grouped_iid,0.8899868056845405,0.8884615384615384,0.11001319431545953,0.11153846153846159,SAFE_TO_EXECUTE,0.5045390536984206
4508059762_00060,4508059762_00060,"3-way match, invoice before GR",2018-10-10 12:47:00+00:00,2018-10-15 15:33:00+00:00,5.115277777777778,30.0,R1_0_50,test,SAFE_TO_EXECUTE,grouped_iid,0.9076804950053405,0.8884615384615384,0.09231950499465946,0.11153846153846159,SAFE_TO_EXECUTE,0.5045390536984206
4508059762_00090,4508059762_00090,"3-way match, invoice before GR",2018-10-10 12:47:00+00:00,2018-10-15 15:33:00+00:00,5.115277777777778,425.0,R1_0_50,test,SAFE_TO_EXECUTE,grouped_iid,0.8608768388014199,0.8404255319148937,0.13912316119858015,0.15957446808510634,SAFE_TO_EXECUTE,0.6332905746550958
4508059352_00030,4508059352_00030,"3-way match, invoice before GR",2018-10-10 13:00:00+00:00,2018-10-16 06:24:00+00:00,5.725,163.0,R1_0_50,test,SAFE_TO_EXECUTE,grouped_iid,0.881728545614523,0.8884615384615384,0.11827145438547704,0.11153846153846159,SAFE_TO_EXECUTE,0.5045390536984206
4508060431_00010,4508060431_00010,"3-way match, invoice before GR",2018-10-10 16:14:00+00:00,2018-10-11 15:34:00+00:00,0.9722222222222222,125.0,R1_0_50,test,SAFE_TO_EXECUTE,grouped_iid,0.8841449116920082,0.8884615384615384,0.11585508830799185,0.11153846153846159,SAFE_TO_EXECUTE,0.5045390536984206
4508060431_00050,4508060431_00050,"3-way match, invoice before GR",2018-10-10 16:14:00+00:00,2018-10-11 15:34:00+00:00,0.9722222222222222,409.0,R1_0_50,test,SAFE_TO_EXECUTE,grouped_iid,0.884079300139044,0.8884615384615384,0.11592069986095599,0.11153846153846159,SAFE_TO_EXECUTE,0.5045390536984206
4508060431_00120,4508060431_00120,"3-way match, invoice before GR",2018-10-10 16:14:00+00:00,2018-10-11 15:34:00+00:00,0.9722222222222222,207.0,R1_0_50,test,SAFE_TO_EXECUTE,grouped_iid,0.8841259708255237,0.8884615384615384,0.11587402917447631,0.11153846153846159,SAFE_TO_EXECUTE,0.5045390536984206
4508060431_00150,4508060431_00150,"3-way match, invoice before GR",2018-10-10 16:14:00+00:00,2018-10-11 15:34:00+00:00,0.9722222222222222,212.0,R1_0_50,test,SAFE_TO_EXECUTE,grouped_iid,0.8841248158076076,0.8884615384615384,0.1158751841923924,0.11153846153846159,SAFE_TO_EXECUTE,0.5045390536984206
4508060431_00170,4508060431_00170,"3-way match, invoice before GR",2018-10-10 16:14:00+00:00,2018-10-11 15:34:00+00:00,0.9722222222222222,146.0,R1_0_50,test,SAFE_TO_EXECUTE,grouped_iid,0.8841400612385895,0.8884615384615384,0.11585993876141054,0.11153846153846159,SAFE_TO_EXECUTE,0.5045390536984206
4508060431_00190,4508060431_00190,"3-way match, invoice before GR",2018-10-10 16:14:00+00:00,2018-10-11 15:34:00+00:00,0.9722222222222222,315.0,R1_0_50,test,SAFE_TO_EXECUTE,grouped_iid,0.8841010202127328,0.8884615384615384,0.11589897978726715,0.11153846153846159,SAFE_TO_EXECUTE,0.5045390536984206
4508055969_00010,4508055969_00010,"3-way match, invoice before GR",2018-10-11 06:44:00+00:00,2018-10-15 16:02:00+00:00,4.3875,13694.0,R3_90_99,test,SAFE_TO_EXECUTE,grouped_iid,0.846607489347206,0.8404255319148937,0.15339251065279402,0.15957446808510634,SAFE_TO_EXECUTE,0.6332905746550958
4508059700_00050,4508059700_00050,"3-way match, invoice before GR",2018-10-11 11:24:00+00:00,2018-10-15 15:33:00+00:00,4.172916666666667,15862.0,R3_90_99,test,SAFE_TO_EXECUTE,grouped_iid,0.9738590541770673,0.9949238578680203,0.026140945822932693,0.005076142131979711,SAFE_TO_EXECUTE,0.04599532480368192
4508060713_00030,4508060713_00030,"3-way match, invoice before GR",2018-10-11 14:50:00+00:00,2018-10-12 07:02:00+00:00,0.675,54.0,R1_0_50,test,SAFE_TO_EXECUTE,grouped_iid,0.8949787021981048,0.8884615384615384,0.10502129780189517,0.11153846153846159,SAFE_TO_EXECUTE,0.5045390536984206
4508060713_00060,4508060713_00060,"3-way match, invoice before GR",2018-10-11 14:50:00+00:00,2018-10-12 07:02:00+00:00,0.675,271.0,R1_0_50,test,SAFE_TO_EXECUTE,grouped_iid,0.8949327029929703,0.8884615384615384,0.10506729700702966,0.11153846153846159,SAFE_TO_EXECUTE,0.5045390536984206
4508060713_00150,4508060713_00150,"3-way match, invoice before GR",2018-10-11 14:50:00+00:00,2018-10-12 07:02:00+00:00,0.675,636.0,R2_50_90,test,SAFE_TO_EXECUTE,grouped_iid,0.8948552909476941,0.8884615384615384,0.10514470905230588,0.11153846153846159,SAFE_TO_EXECUTE,0.5045390536984206
4507038015_00010,4507038015_00010,"3-way match, invoice before GR",2018-10-12 07:14:00+00:00,2018-10-16 07:55:00+00:00,4.028472222222222,4849.0,R2_50_90,test,SAFE_TO_EXECUTE,grouped_iid,0.9156386826809061,0.9183673469387755,0.08436131731909391,0.08163265306122447,SAFE_TO_EXECUTE,0.4079059801389762
4508060725_00010,4508060725_00010,"3-way match, invoice before GR",2018-10-12 07:15:00+00:00,2018-10-12 15:27:00+00:00,0.3416666666666667,6098.0,R2_50_90,test,SAFE_TO_EXECUTE,grouped_iid,0.8933662352620889,0.8884615384615384,0.10663376473791109,0.11153846153846159,SAFE_TO_EXECUTE,0.5045390536984206
4508057284_00010,4508057284_00010,"3-way match, invoice before GR",2018-10-12 08:27:00+00:00,2018-10-15 08:44:00+00:00,3.0118055555555556,2924.0,R2_50_90,test,SAFE_TO_EXECUTE,grouped_iid,0.34999206553607914,0.06666666666666667,0.6500079344639209,0.9333333333333333,NOT_SAFE_TO_EXECUTE,0.3533593350214213
4508060740_00020,4508060740_00020,"3-way match, invoice before GR",2018-10-12 09:28:00+00:00,2018-10-12 15:27:00+00:00,0.24930555555555556,24.0,R1_0_50,test,SAFE_TO_EXECUTE,grouped_iid,0.9408253107737437,0.9357798165137615,0.05917468922625635,0.06422018348623848,SAFE_TO_EXECUTE,0.34397451435953375
4508061056_00040,4508061056_00040,"3-way match, invoice before GR",2018-10-12 17:07:00+00:00,2018-10-16 09:38:00+00:00,3.6881944444444446,2666.0,R2_50_90,test,SAFE_TO_EXECUTE,grouped_iid,0.8787526960749217,0.8884615384615384,0.12124730392507832,0.11153846153846159,SAFE_TO_EXECUTE,0.5045390536984206
4508054666_00010,4508054666_00010,"3-way match, invoice before GR",2018-10-15 07:13:00+00:00,2018-10-15 15:33:00+00:00,0.3472222222222222,4831.0,R2_50_90,test,SAFE_TO_EXECUTE,grouped_iid,0.8788769691857584,0.8884615384615384,0.12112303081424158,0.11153846153846159,SAFE_TO_EXECUTE,0.5045390536984206
4508056985_00010,4508056985_00010,"3-way match, invoice before GR",2018-10-15 13:22:00+00:00,2018-11-28 09:00:00+00:00,43.81805555555555,1372.0,R2_50_90,test,NOT_SAFE_TO_EXECUTE,grouped_iid,0.0191767635569611,0.06666666666666667,0.9808232364430389,0.9333333333333333,NOT_SAFE_TO_EXECUTE,0.3533593350214213
4508061020_00040,4508061020_00040,"3-way match, invoice before GR",2018-10-16 07:10:00+00:00,2018-10-16 15:34:00+00:00,0.35,45.0,R1_0_50,test,SAFE_TO_EXECUTE,grouped_iid,0.8950365692343915,0.8884615384615384,0.10496343076560855,0.11153846153846159,SAFE_TO_EXECUTE,0.5045390536984206
4508060616_00030,4508060616_00030,"3-way match, invoice before GR",2018-10-16 07:22:00+00:00,2018-10-30 13:16:00+00:00,14.245833333333334,176.0,R1_0_50,test,SAFE_TO_EXECUTE,grouped_iid,0.9827342624310857,1.0,0.017265737568914252,0.0,SAFE_TO_EXECUTE,5.123178885069411e-14
4508061285_00100,4508061285_00100,"3-way match, invoice before GR",2018-10-16 07:44:00+00:00,2018-10-16 11:56:00+00:00,0.175,476.0,R1_0_50,test,SAFE_TO_EXECUTE,grouped_iid,0.895336475538406,0.8884615384615384,0.10466352446159399,0.11153846153846159,SAFE_TO_EXECUTE,0.5045390536984206
4508061285_00120,4508061285_00120,"3-way match, invoice before GR",2018-10-16 07:44:00+00:00,2018-10-16 11:56:00+00:00,0.175,1396.0,R2_50_90,test,SAFE_TO_EXECUTE,grouped_iid,0.8951419206271692,0.8884615384615384,0.10485807937283076,0.11153846153846159,SAFE_TO_EXECUTE,0.5045390536984206
4508061285_00140,4508061285_00140,"3-way match, invoice before GR",2018-10-16 07:44:00+00:00,2018-10-16 11:56:00+00:00,0.175,69.0,R1_0_50,test,SAFE_TO_EXECUTE,grouped_iid,0.895422443188119,0.8884615384615384,0.10457755681188097,0.11153846153846159,SAFE_TO_EXECUTE,0.5045390536984206
4508060853_00030,4508060853_00030,"3-way match, invoice before GR",2018-10-16 10:30:00+00:00,2018-10-17 07:27:00+00:00,0.8729166666666667,50.0,R1_0_50,test,SAFE_TO_EXECUTE,grouped_iid,0.8902263293359096,0.8884615384615384,0.10977367066409038,0.11153846153846159,SAFE_TO_EXECUTE,0.5045390536984206
4508052048_00010,4508052048_00010,"3-way match, invoice before GR",2018-10-16 13:26:00+00:00,2018-11-06 14:20:00+00:00,21.0375,8244.0,R3_90_99,test,SAFE_TO_EXECUTE,grouped_iid,0.933851787279183,0.9183673469387755,0.06614821272081695,0.08163265306122447,SAFE_TO_EXECUTE,0.4079059801389762
4508061295_00050,4508061295_00050,"3-way match, invoice before GR",2018-10-16 15:02:00+00:00,2018-10-19 05:53:00+00:00,2.61875,266.0,R1_0_50,test,SAFE_TO_EXECUTE,grouped_iid,0.9118692363119816,0.8884615384615384,0.08813076368801842,0.11153846153846159,SAFE_TO_EXECUTE,0.5045390536984206
4508061295_00090,4508061295_00090,"3-way match, invoice before GR",2018-10-16 15:02:00+00:00,2018-10-19 05:53:00+00:00,2.61875,1966.0,R2_50_90,test,SAFE_TO_EXECUTE,grouped_iid,0.9115606964591568,0.8884615384615384,0.08843930354084317,0.11153846153846159,SAFE_TO_EXECUTE,0.5045390536984206
4508061295_00100,4508061295_00100,"3-way match, invoice before GR",2018-10-16 15:02:00+00:00,2018-10-19 05:53:00+00:00,2.61875,116.0,R1_0_50,test,SAFE_TO_EXECUTE,grouped_iid,0.9118964136825783,0.8884615384615384,0.08810358631742166,0.11153846153846159,SAFE_TO_EXECUTE,0.5045390536984206
4508061295_00110,4508061295_00110,"3-way match, invoice before GR",2018-10-16 15:02:00+00:00,2018-10-19 05:53:00+00:00,2.61875,2566.0,R2_50_90,test,SAFE_TO_EXECUTE,grouped_iid,0.9114515673644107,0.8884615384615384,0.08854843263558931,0.11153846153846159,SAFE_TO_EXECUTE,0.5045390536984206
4508061384_00050,4508061384_00050,"3-way match, invoice before GR",2018-10-17 09:24:00+00:00,2018-10-19 11:29:00+00:00,2.0868055555555554,597.0,R2_50_90,test,SAFE_TO_EXECUTE,grouped_iid,0.9692073538329025,0.9806451612903225,0.030792646167097537,0.01935483870967747,SAFE_TO_EXECUTE,0.1378026662704413
4508061507_00020,4508061507_00020,"3-way match, invoice before GR",2018-10-17 09:32:00+00:00,2018-10-17 13:06:00+00:00,0.1486111111111111,10319.0,R3_90_99,test,SAFE_TO_EXECUTE,grouped_iid,0.9703474147570172,0.9949238578680203,0.029652585242982754,0.005076142131979711,SAFE_TO_EXECUTE,0.04599532480368192
4508061211_00040,4508061211_00040,"3-way match, invoice before GR",2018-10-17 10:04:00+00:00,2018-10-18 10:09:00+00:00,1.0034722222222223,8279.0,R3_90_99,test,SAFE_TO_EXECUTE,grouped_iid,0.7798497399479013,0.7333333333333333,0.2201502600520987,0.2666666666666667,SAFE_TO_EXECUTE,0.8366407419411673
4507031284_00010,4507031284_00010,"3-way match, invoice before GR",2018-10-17 11:29:00+00:00,2018-10-31 16:33:00+00:00,14.21111111111111,16757.0,R3_90_99,test,NOT_SAFE_TO_EXECUTE,grouped_iid,0.5296706369519988,0.5,0.4703293630480012,0.5,SAFE_TO_EXECUTE,1.0
4508061182_00010,4508061182_00010,"3-way match, invoice before GR",2018-10-17 14:55:00+00:00,2018-10-23 08:02:00+00:00,5.7131944444444445,12720.0,R3_90_99,test,SAFE_TO_EXECUTE,grouped_iid,0.9193990899158854,0.9183673469387755,0.08060091008411463,0.08163265306122447,SAFE_TO_EXECUTE,0.4079059801389762
4508061182_00020,4508061182_00020,"3-way match, invoice before GR",2018-10-17 14:55:00+00:00,2018-10-23 08:02:00+00:00,5.7131944444444445,10600.0,R3_90_99,test,SAFE_TO_EXECUTE,grouped_iid,0.9197526195389196,0.9183673469387755,0.08024738046108038,0.08163265306122447,SAFE_TO_EXECUTE,0.4079059801389762
4508060723_00050,4508060723_00050,"3-way match, invoice before GR",2018-10-18 07:19:00+00:00,2018-10-19 15:36:00+00:00,1.3451388888888889,27.0,R1_0_50,test,NOT_SAFE_TO_EXECUTE,grouped_iid,0.9112713424210062,0.8884615384615384,0.08872865757899384,0.11153846153846159,SAFE_TO_EXECUTE,0.5045390536984206
4508061659_00050,4508061659_00050,"3-way match, invoice before GR",2018-10-18 07:55:00+00:00,2018-10-23 07:01:00+00:00,4.9625,90.0,R1_0_50,test,SAFE_TO_EXECUTE,grouped_iid,0.9567850467192104,0.9602763385146805,0.043214953280789614,0.03972366148531947,SAFE_TO_EXECUTE,0.24102374969289544
4508062090_00020,4508062090_00020,"3-way match, invoice before GR",2018-10-18 08:17:00+00:00,2018-10-19 05:49:00+00:00,0.8972222222222223,482.0,R1_0_50,test,SAFE_TO_EXECUTE,grouped_iid,0.8945538465990185,0.8884615384615384,0.10544615340098151,0.11153846153846159,SAFE_TO_EXECUTE,0.5045390536984206
4508059840_00010,4508059840_00010,"3-way match, invoice before GR",2018-10-18 10:33:00+00:00,2018-10-24 10:09:00+00:00,5.983333333333333,1915.0,R2_50_90,test,SAFE_TO_EXECUTE,grouped_iid,0.29716856564659855,0.06666666666666667,0.7028314343534015,0.9333333333333333,NOT_SAFE_TO_EXECUTE,0.3533593350214213
4508061092_00030,4508061092_00030,"3-way match, invoice before GR",2018-10-19 03:59:00+00:00,2018-10-23 11:06:00+00:00,4.2965277777777775,133.0,R1_0_50,test,SAFE_TO_EXECUTE,grouped_iid,0.9674502481574199,0.97,0.03254975184258013,0.030000000000000027,SAFE_TO_EXECUTE,0.1943918578315763
4508061874_00010,4508061874_00010,"3-way match, invoice before GR",2018-10-19 04:40:00+00:00,2018-10-23 08:03:00+00:00,4.1409722222222225,21200.0,R3_90_99,test,SAFE_TO_EXECUTE,grouped_iid,0.9292575509219706,0.9183673469387755,0.0707424490780294,0.08163265306122447,SAFE_TO_EXECUTE,0.4079059801389762
4508061874_00020,4508061874_00020,"3-way match, invoice before GR",2018-10-19 04:40:00+00:00,2018-10-23 08:03:00+00:00,4.1409722222222225,1413.0,R2_50_90,test,SAFE_TO_EXECUTE,grouped_iid,0.9321349696988563,0.9183673469387755,0.06786503030114366,0.08163265306122447,SAFE_TO_EXECUTE,0.4079059801389762
4508062420_00040,4508062420_00040,"3-way match, invoice before GR",2018-10-22 09:09:00+00:00,2018-10-23 05:10:00+00:00,0.8340277777777778,326.0,R1_0_50,test,SAFE_TO_EXECUTE,grouped_iid,0.8935632489396635,0.8884615384615384,0.10643675106033645,0.11153846153846159,SAFE_TO_EXECUTE,0.5045390536984206
4508062420_00100,4508062420_00100,"3-way match, invoice before GR",2018-10-22 09:09:00+00:00,2018-10-23 05:10:00+00:00,0.8340277777777778,508.0,R1_0_50,test,SAFE_TO_EXECUTE,grouped_iid,0.8935242120669913,0.8884615384615384,0.10647578793300871,0.11153846153846159,SAFE_TO_EXECUTE,0.5045390536984206
4508062420_00130,4508062420_00130,"3-way match, invoice before GR",2018-10-22 09:09:00+00:00,2018-10-23 05:10:00+00:00,0.8340277777777778,1059.0,R2_50_90,test,SAFE_TO_EXECUTE,grouped_iid,0.8934059521150833,0.8884615384615384,0.10659404788491667,0.11153846153846159,SAFE_TO_EXECUTE,0.5045390536984206
4508062420_00210,4508062420_00210,"3-way match, invoice before GR",2018-10-22 09:09:00+00:00,2018-10-23 05:10:00+00:00,0.8340277777777778,291.0,R1_0_50,test,SAFE_TO_EXECUTE,grouped_iid,0.8935707545850604,0.8884615384615384,0.10642924541493959,0.11153846153846159,SAFE_TO_EXECUTE,0.5045390536984206
4508062420_00220,4508062420_00220,"3-way match, invoice before GR",2018-10-22 09:09:00+00:00,2018-10-23 05:10:00+00:00,0.8340277777777778,953.0,R2_50_90,test,SAFE_TO_EXECUTE,grouped_iid,0.8934287116511038,0.8884615384615384,0.10657128834889618,0.11153846153846159,SAFE_TO_EXECUTE,0.5045390536984206
4508055146_00040,4508055146_00040,"3-way match, invoice before GR",2018-10-22 09:45:00+00:00,2018-10-22 10:52:00+00:00,0.04652777777777778,2610.0,R2_50_90,test,SAFE_TO_EXECUTE,grouped_iid,0.8233087912975378,0.7678571428571429,0.17669120870246224,0.2321428571428571,SAFE_TO_EXECUTE,0.7817281222714539
4508062415_00010,4508062415_00010,"3-way match, invoice before GR",2018-10-22 09:47:00+00:00,2018-10-22 11:46:00+00:00,0.08263888888888889,585.0,R2_50_90,test,SAFE_TO_EXECUTE,grouped_iid,0.8947019171144571,0.8884615384615384,0.10529808288554288,0.11153846153846159,SAFE_TO_EXECUTE,0.5045390536984206
4508062757_00050,4508062757_00050,"3-way match, invoice before GR",2018-10-22 09:59:00+00:00,2018-10-22 15:24:00+00:00,0.22569444444444445,41.0,R1_0_50,test,SAFE_TO_EXECUTE,grouped_iid,0.8954442904363115,0.8884615384615384,0.10455570956368854,0.11153846153846159,SAFE_TO_EXECUTE,0.5045390536984206
4508062757_00130,4508062757_00130,"3-way match, invoice before GR",2018-10-22 09:59:00+00:00,2018-10-22 15:24:00+00:00,0.22569444444444445,308.0,R1_0_50,test,SAFE_TO_EXECUTE,grouped_iid,0.8953879114114978,0.8884615384615384,0.10461208858850224,0.11153846153846159,SAFE_TO_EXECUTE,0.5045390536984206
4508059805_00010,4508059805_00010,"3-way match, invoice before GR",2018-10-22 10:02:00+00:00,2018-10-22 12:05:00+00:00,0.08541666666666667,1018.0,R2_50_90,test,SAFE_TO_EXECUTE,grouped_iid,0.9317039323975809,0.9183673469387755,0.06829606760241913,0.08163265306122447,SAFE_TO_EXECUTE,0.4079059801389762
4508059805_00020,4508059805_00020,"3-way match, invoice before GR",2018-10-22 10:02:00+00:00,2018-10-22 12:05:00+00:00,0.08541666666666667,13.0,R1_0_50,test,SAFE_TO_EXECUTE,grouped_iid,0.9148246819665983,0.9183673469387755,0.08517531803340173,0.08163265306122447,SAFE_TO_EXECUTE,0.4079059801389762
4508061092_00080,4508061092_00080,"3-way match, invoice before GR",2018-10-22 10:07:00+00:00,2018-10-29 11:27:00+00:00,7.055555555555555,272.0,R1_0_50,test,SAFE_TO_EXECUTE,grouped_iid,0.9655217388292567,0.97,0.03447826117074326,0.030000000000000027,SAFE_TO_EXECUTE,0.1943918578315763
4508060092_00160,4508060092_00160,"3-way match, invoice before GR",2018-10-22 10:14:00+00:00,2018-10-22 11:49:00+00:00,0.06597222222222222,14588.0,R3_90_99,test,SAFE_TO_EXECUTE,grouped_iid,0.9676458396220206,0.9806451612903225,0.032354160377979446,0.01935483870967747,SAFE_TO_EXECUTE,0.1378026662704413
4508058755_00010,4508058755_00010,"3-way match, invoice before GR",2018-10-22 10:17:00+00:00,2018-10-23 09:51:00+00:00,0.9819444444444444,2590.0,R2_50_90,test,SAFE_TO_EXECUTE,grouped_iid,0.8978539083631334,0.8884615384615384,0.10214609163686661,0.11153846153846159,SAFE_TO_EXECUTE,0.5045390536984206
4508062238_00010,4508062238_00010,"3-way match, invoice before GR",2018-10-22 11:24:00+00:00,2018-10-25 12:51:00+00:00,3.060416666666667,23320.0,R3_90_99,test,SAFE_TO_EXECUTE,grouped_iid,0.9299541415852629,0.9183673469387755,0.0700458584147371,0.08163265306122447,SAFE_TO_EXECUTE,0.4079059801389762
4508061025_00060,4508061025_00060,"3-way match, invoice before GR",2018-10-22 13:03:00+00:00,2018-10-23 15:44:00+00:00,1.1118055555555555,2512.0,R2_50_90,test,SAFE_TO_EXECUTE,grouped_iid,0.8893027084400651,0.8884615384615384,0.11069729155993491,0.11153846153846159,SAFE_TO_EXECUTE,0.5045390536984206
4508062087_00060,4508062087_00060,"3-way match, invoice before GR",2018-10-22 13:27:00+00:00,2018-10-22 15:23:00+00:00,0.08055555555555556,202.0,R1_0_50,test,SAFE_TO_EXECUTE,grouped_iid,0.9158050859652839,0.9183673469387755,0.08419491403471613,0.08163265306122447,SAFE_TO_EXECUTE,0.4079059801389762
4508062087_00130,4508062087_00130,"3-way match, invoice before GR",2018-10-22 13:27:00+00:00,2018-10-22 15:23:00+00:00,0.08055555555555556,202.0,R1_0_50,test,SAFE_TO_EXECUTE,grouped_iid,0.9158050859652839,0.9183673469387755,0.08419491403471613,0.08163265306122447,SAFE_TO_EXECUTE,0.4079059801389762
4508052631_00060,4508052631_00060,"3-way match, invoice before GR",2018-10-22 14:37:00+00:00,2018-10-23 09:29:00+00:00,0.7861111111111111,259.0,R1_0_50,test,SAFE_TO_EXECUTE,grouped_iid,0.9546885997604224,0.9602763385146805,0.04531140023957758,0.03972366148531947,SAFE_TO_EXECUTE,0.24102374969289544
4508059532_00010,4508059532_00010,"3-way match, invoice before GR",2018-10-22 15:00:00+00:00,2018-10-22 15:34:00+00:00,0.02361111111111111,1999.0,R2_50_90,test,SAFE_TO_EXECUTE,grouped_iid,0.8820173303759076,0.8884615384615384,0.11798266962409243,0.11153846153846159,SAFE_TO_EXECUTE,0.5045390536984206
4508059532_00040,4508059532_00040,"3-way match, invoice before GR",2018-10-22 15:00:00+00:00,2018-10-22 15:34:00+00:00,0.02361111111111111,12984.0,R3_90_99,test,SAFE_TO_EXECUTE,grouped_iid,0.9662765592360388,0.97,0.033723440763961166,0.030000000000000027,SAFE_TO_EXECUTE,0.1943918578315763
4508057394_00010,4508057394_00010,"3-way match, invoice before GR",2018-10-23 07:13:00+00:00,2018-10-25 07:57:00+00:00,2.0305555555555554,5954.0,R2_50_90,test,SAFE_TO_EXECUTE,grouped_iid,0.3408406722885245,0.06666666666666667,0.6591593277114756,0.9333333333333333,NOT_SAFE_TO_EXECUTE,0.3533593350214213
4508061743_00020,4508061743_00020,"3-way match, invoice before GR",2018-10-23 14:57:00+00:00,2018-10-25 12:52:00+00:00,1.9131944444444444,10600.0,R3_90_99,test,SAFE_TO_EXECUTE,grouped_iid,0.9235535608230737,0.9183673469387755,0.07644643917692628,0.08163265306122447,SAFE_TO_EXECUTE,0.4079059801389762
4508061174_00040,4508061174_00040,"3-way match, invoice before GR",2018-10-24 10:26:00+00:00,2018-10-26 10:20:00+00:00,1.9958333333333333,111.0,R1_0_50,test,SAFE_TO_EXECUTE,grouped_iid,0.9682389184933395,0.9806451612903225,0.03176108150666046,0.01935483870967747,SAFE_TO_EXECUTE,0.1378026662704413
4508056386_00090,4508056386_00090,"3-way match, invoice before GR",2018-10-24 10:49:00+00:00,2018-10-25 07:13:00+00:00,0.85,103.0,R1_0_50,test,SAFE_TO_EXECUTE,grouped_iid,0.8608250593575034,0.8404255319148937,0.13917494064249658,0.15957446808510634,SAFE_TO_EXECUTE,0.6332905746550958
4508063056_00010,4508063056_00010,"3-way match, invoice before GR",2018-10-24 15:03:00+00:00,2018-10-25 12:53:00+00:00,0.9097222222222222,23320.0,R3_90_99,test,SAFE_TO_EXECUTE,grouped_iid,0.9260857626043698,0.9183673469387755,0.07391423739563019,0.08163265306122447,SAFE_TO_EXECUTE,0.4079059801389762
4508063001_00010,4508063001_00010,"3-way match, invoice before GR",2018-10-24 15:22:00+00:00,2018-10-25 07:09:00+00:00,0.6576388888888889,80.0,R1_0_50,test,SAFE_TO_EXECUTE,grouped_iid,0.9218582119271512,0.9183673469387755,0.07814178807284877,0.08163265306122447,SAFE_TO_EXECUTE,0.4079059801389762
4508063001_00020,4508063001_00020,"3-way match, invoice before GR",2018-10-24 15:22:00+00:00,2018-10-25 07:09:00+00:00,0.6576388888888889,99.0,R1_0_50,test,SAFE_TO_EXECUTE,grouped_iid,0.9218551257169478,0.9183673469387755,0.07814487428305217,0.08163265306122447,SAFE_TO_EXECUTE,0.4079059801389762
4508057104_00010,4508057104_00010,"3-way match, invoice before GR",2018-10-25 07:10:00+00:00,2018-10-25 16:27:00+00:00,0.38680555555555557,35375.0,R3_90_99,test,SAFE_TO_EXECUTE,grouped_iid,0.4882546643322669,0.4916720448599996,0.5117453356677331,0.5083279551400004,NOT_SAFE_TO_EXECUTE,0.9997998749880432
4508063561_00010,4508063561_00010,"3-way match, invoice before GR",2018-10-25 09:01:00+00:00,2018-10-25 15:40:00+00:00,0.27708333333333335,2431.0,R2_50_90,test,SAFE_TO_EXECUTE,grouped_iid,0.8951189787614456,0.8884615384615384,0.10488102123855436,0.11153846153846159,SAFE_TO_EXECUTE,0.5045390536984206
4508062427_00060,4508062427_00060,"3-way match, invoice before GR",2018-10-25 15:29:00+00:00,2018-11-12 11:56:00+00:00,17.852083333333333,96.0,R1_0_50,test,NOT_SAFE_TO_EXECUTE,grouped_iid,0.3298750645039954,0.06666666666666667,0.6701249354960046,0.9333333333333333,NOT_SAFE_TO_EXECUTE,0.3533593350214213
4508058077_00010,4508058077_00010,"3-way match, invoice before GR",2018-10-26 14:25:00+00:00,2018-11-01 11:57:00+00:00,5.897222222222222,8660.0,R3_90_99,test,SAFE_TO_EXECUTE,grouped_iid,0.8725283633669709,0.8404255319148937,0.12747163663302907,0.15957446808510634,SAFE_TO_EXECUTE,0.6332905746550958
4508057304_00010,4508057304_00010,"3-way match, invoice before GR",2018-10-29 09:20:00+00:00,2018-10-29 09:52:00+00:00,0.022222222222222223,1865.0,R2_50_90,test,SAFE_TO_EXECUTE,grouped_iid,0.9741697598893699,0.9949238578680203,0.025830240110630065,0.005076142131979711,SAFE_TO_EXECUTE,0.04599532480368192
4508059542_00010,4508059542_00010,"3-way match, invoice before GR",2018-10-29 10:42:00+00:00,2018-10-31 08:29:00+00:00,1.9076388888888889,5441.0,R2_50_90,test,SAFE_TO_EXECUTE,grouped_iid,0.8188192664581273,0.7678571428571429,0.1811807335418727,0.2321428571428571,SAFE_TO_EXECUTE,0.7817281222714539
4508062015_00010,4508062015_00010,"3-way match, invoice before GR",2018-10-29 11:29:00+00:00,2018-10-31 08:34:00+00:00,1.8784722222222223,6910.0,R2_50_90,test,SAFE_TO_EXECUTE,grouped_iid,0.9671900244362804,0.97,0.03280997556371956,0.030000000000000027,SAFE_TO_EXECUTE,0.1943918578315763
4507007862_00090,4507007862_00090,"3-way match, invoice before GR",2018-10-29 14:07:00+00:00,2018-10-30 14:44:00+00:00,1.0256944444444445,5131.0,R2_50_90,test,SAFE_TO_EXECUTE,grouped_iid,0.9867133310457626,1.0,0.013286668954237357,0.0,SAFE_TO_EXECUTE,5.123178885069411e-14
4508061847_00010,4508061847_00010,"3-way match, invoice before GR",2018-10-30 08:24:00+00:00,2018-11-07 09:03:00+00:00,8.027083333333334,6803.0,R2_50_90,test,SAFE_TO_EXECUTE,grouped_iid,0.943219086235069,0.9357798165137615,0.056780913764930996,0.06422018348623848,SAFE_TO_EXECUTE,0.34397451435953375
4508064620_00020,4508064620_00020,"3-way match, invoice before GR",2018-10-30 10:29:00+00:00,2018-11-05 07:25:00+00:00,5.872222222222222,127.0,R1_0_50,test,SAFE_TO_EXECUTE,grouped_iid,0.9526959811398222,0.9602763385146805,0.047304018860177766,0.03972366148531947,SAFE_TO_EXECUTE,0.24102374969289544
4508063619_00020,4508063619_00020,"3-way match, invoice before GR",2018-10-30 10:48:00+00:00,2018-10-30 11:17:00+00:00,0.02013888888888889,149.0,R1_0_50,test,NOT_SAFE_TO_EXECUTE,grouped_iid,0.9709070880617404,0.9949238578680203,0.02909291193825958,0.005076142131979711,SAFE_TO_EXECUTE,0.04599532480368192
4508060898_00010,4508060898_00010,"3-way match, invoice before GR",2018-10-30 12:36:00+00:00,2018-11-01 12:11:00+00:00,1.9826388888888888,3065.0,R2_50_90,test,SAFE_TO_EXECUTE,grouped_iid,0.8493291908742387,0.8404255319148937,0.15067080912576125,0.15957446808510634,SAFE_TO_EXECUTE,0.6332905746550958
4508059014_00010,4508059014_00010,"3-way match, invoice before GR",2018-10-30 12:37:00+00:00,2018-10-31 09:30:00+00:00,0.8701388888888889,34830.0,R3_90_99,test,SAFE_TO_EXECUTE,grouped_iid,0.7910849011722554,0.7333333333333333,0.20891509882774462,0.2666666666666667,SAFE_TO_EXECUTE,0.8366407419411673
4508060201_00080,4508060201_00080,"3-way match, invoice before GR",2018-10-30 14:03:00+00:00,2018-11-01 07:55:00+00:00,1.7444444444444445,3944.0,R2_50_90,test,SAFE_TO_EXECUTE,grouped_iid,0.8451167533372841,0.8404255319148937,0.1548832466627159,0.15957446808510634,SAFE_TO_EXECUTE,0.6332905746550958
4508060201_00050,4508060201_00050,"3-way match, invoice before GR",2018-10-30 14:05:00+00:00,2018-11-01 07:55:00+00:00,1.7430555555555556,1014.0,R2_50_90,test,SAFE_TO_EXECUTE,grouped_iid,0.8459823860894942,0.8404255319148937,0.15401761391050584,0.15957446808510634,SAFE_TO_EXECUTE,0.6332905746550958
4508063971_00010,4508063971_00010,"3-way match, invoice before GR",2018-10-30 14:46:00+00:00,2018-11-02 08:59:00+00:00,2.759027777777778,20493.0,R3_90_99,test,SAFE_TO_EXECUTE,grouped_iid,0.9222689656077845,0.9183673469387755,0.07773103439221551,0.08163265306122447,SAFE_TO_EXECUTE,0.4079059801389762
4508061891_00020,4508061891_00020,"3-way match, invoice before GR",2018-10-31 13:10:00+00:00,2018-11-05 10:01:00+00:00,4.86875,6096.0,R2_50_90,test,SAFE_TO_EXECUTE,grouped_iid,0.9125631805257245,0.9183673469387755,0.0874368194742755,0.08163265306122447,SAFE_TO_EXECUTE,0.4079059801389762
4508061567_00010,4508061567_00010,"3-way match, invoice before GR",2018-11-01 08:17:00+00:00,2018-11-06 10:48:00+00:00,5.104861111111111,41777.0,R3_90_99,test,SAFE_TO_EXECUTE,grouped_iid,0.5981981148447745,0.7333333333333333,0.4018018851552255,0.2666666666666667,SAFE_TO_EXECUTE,0.8366407419411673
4508058818_00010,4508058818_00010,"3-way match, invoice before GR",2018-11-01 09:00:00+00:00,2018-11-07 07:27:00+00:00,5.935416666666667,33396.0,R3_90_99,test,NOT_SAFE_TO_EXECUTE,grouped_iid,0.8630128218707336,0.8404255319148937,0.13698717812926642,0.15957446808510634,SAFE_TO_EXECUTE,0.6332905746550958
4508061573_00010,4508061573_00010,"3-way match, invoice before GR",2018-11-01 15:03:00+00:00,2018-11-05 14:34:00+00:00,3.979861111111111,17770.0,R3_90_99,test,SAFE_TO_EXECUTE,grouped_iid,0.5237307835484434,0.5,0.4762692164515566,0.5,SAFE_TO_EXECUTE,1.0
4508063471_00010,4508063471_00010,"3-way match, invoice before GR",2018-11-01 15:08:00+00:00,2018-11-05 07:46:00+00:00,3.6930555555555555,17770.0,R3_90_99,test,SAFE_TO_EXECUTE,grouped_iid,0.5443688834821209,0.5,0.45563111651787913,0.5,SAFE_TO_EXECUTE,1.0
4508062208_00010,4508062208_00010,"3-way match, invoice before GR",2018-11-05 15:50:00+00:00,2018-11-08 09:27:00+00:00,2.734027777777778,407.0,R1_0_50,test,SAFE_TO_EXECUTE,grouped_iid,0.48820987958811135,0.48670422461550616,0.5117901204118886,0.5132957753844938,NOT_SAFE_TO_EXECUTE,0.9994898674120445
4508065635_00010,4508065635_00010,"3-way match, invoice before GR",2018-11-07 06:03:00+00:00,2018-11-08 09:53:00+00:00,1.1597222222222223,21906.0,R3_90_99,test,SAFE_TO_EXECUTE,grouped_iid,0.931071506012135,0.9183673469387755,0.06892849398786505,0.08163265306122447,SAFE_TO_EXECUTE,0.4079059801389762
4508059398_00010,4508059398_00010,"3-way match, invoice before GR",2018-11-07 07:40:00+00:00,2018-12-04 08:56:00+00:00,27.052777777777777,3187.0,R2_50_90,test,SAFE_TO_EXECUTE,grouped_iid,0.8039143928952756,0.7678571428571429,0.19608560710472445,0.2321428571428571,SAFE_TO_EXECUTE,0.7817281222714539
4508065849_00010,4508065849_00010,"3-way match, invoice before GR",2018-11-07 08:36:00+00:00,2018-11-08 16:49:00+00:00,1.3423611111111111,185.0,R1_0_50,test,SAFE_TO_EXECUTE,grouped_iid,0.9397693904561671,0.9357798165137615,0.06023060954383286,0.06422018348623848,SAFE_TO_EXECUTE,0.34397451435953375
4508065849_00030,4508065849_00030,"3-way match, invoice before GR",2018-11-07 08:36:00+00:00,2018-11-08 16:49:00+00:00,1.3423611111111111,99.0,R1_0_50,test,SAFE_TO_EXECUTE,grouped_iid,0.9397803657599132,0.9357798165137615,0.060219634240086806,0.06422018348623848,SAFE_TO_EXECUTE,0.34397451435953375
4508066039_00030,4508066039_00030,"3-way match, invoice before GR",2018-11-08 08:19:00+00:00,2018-11-08 09:54:00+00:00,0.06597222222222222,1272.0,R2_50_90,test,SAFE_TO_EXECUTE,grouped_iid,0.9364265735849149,0.9183673469387755,0.06357342641508512,0.08163265306122447,SAFE_TO_EXECUTE,0.4079059801389762
4508066569_00010,4508066569_00010,"3-way match, invoice before GR",2018-11-12 09:25:00+00:00,2018-11-13 07:08:00+00:00,0.9048611111111111,2262.0,R2_50_90,test,SAFE_TO_EXECUTE,grouped_iid,0.8921231281228609,0.8884615384615384,0.10787687187713912,0.11153846153846159,SAFE_TO_EXECUTE,0.5045390536984206
4508064941_00010,4508064941_00010,"3-way match, invoice before GR",2018-11-12 10:36:00+00:00,2018-11-13 13:23:00+00:00,1.1159722222222221,22230.0,R3_90_99,test,SAFE_TO_EXECUTE,grouped_iid,0.774519868034952,0.7333333333333333,0.22548013196504801,0.2666666666666667,SAFE_TO_EXECUTE,0.8366407419411673
4508065843_00040,4508065843_00040,"3-way match, invoice before GR",2018-11-12 14:11:00+00:00,2018-11-12 16:32:00+00:00,0.09791666666666667,177.0,R1_0_50,test,SAFE_TO_EXECUTE,grouped_iid,0.9143231609343723,0.9183673469387755,0.08567683906562773,0.08163265306122447,SAFE_TO_EXECUTE,0.4079059801389762
4508058577_00010,4508058577_00010,"3-way match, invoice before GR",2018-11-14 13:33:00+00:00,2018-12-06 08:02:00+00:00,21.770138888888887,4066.0,R2_50_90,test,SAFE_TO_EXECUTE,grouped_iid,0.9615179347440768,0.9602763385146805,0.03848206525592324,0.03972366148531947,SAFE_TO_EXECUTE,0.24102374969289544
4508064131_00010,4508064131_00010,"3-way match, invoice before GR",2018-11-14 16:30:00+00:00,2018-11-16 15:16:00+00:00,1.948611111111111,748.0,R2_50_90,test,SAFE_TO_EXECUTE,grouped_iid,0.9646641427900652,0.97,0.03533585720993482,0.030000000000000027,SAFE_TO_EXECUTE,0.1943918578315763
4508067482_00020,4508067482_00020,"3-way match, invoice before GR",2018-11-14 16:57:00+00:00,2018-11-15 06:23:00+00:00,0.5597222222222222,41.0,R1_0_50,test,SAFE_TO_EXECUTE,grouped_iid,0.8984466205735514,0.8884615384615384,0.1015533794264486,0.11153846153846159,SAFE_TO_EXECUTE,0.5045390536984206
4508067159_00170,4508067159_00170,"3-way match, invoice before GR",2018-11-15 09:31:00+00:00,2018-11-16 09:39:00+00:00,1.0055555555555555,1966.0,R2_50_90,test,SAFE_TO_EXECUTE,grouped_iid,0.9135412830280867,0.9183673469387755,0.08645871697191332,0.08163265306122447,SAFE_TO_EXECUTE,0.4079059801389762
4508064817_00020,4508064817_00020,"3-way match, invoice before GR",2018-11-15 10:20:00+00:00,2018-11-20 14:35:00+00:00,5.177083333333333,48.0,R1_0_50,test,SAFE_TO_EXECUTE,grouped_iid,0.9612912492870558,0.9602763385146805,0.03870875071294422,0.03972366148531947,SAFE_TO_EXECUTE,0.24102374969289544
4508068063_00050,4508068063_00050,"3-way match, invoice before GR",2018-11-15 11:27:00+00:00,2018-11-16 06:55:00+00:00,0.8111111111111111,82.0,R1_0_50,test,SAFE_TO_EXECUTE,grouped_iid,0.894763080434906,0.8884615384615384,0.10523691956509396,0.11153846153846159,SAFE_TO_EXECUTE,0.5045390536984206
4508067585_00010,4508067585_00010,"3-way match, invoice before GR",2018-11-15 15:41:00+00:00,2018-11-16 14:09:00+00:00,0.9361111111111111,21200.0,R3_90_99,test,SAFE_TO_EXECUTE,grouped_iid,0.9257682556444573,0.9183673469387755,0.0742317443555427,0.08163265306122447,SAFE_TO_EXECUTE,0.4079059801389762
2000052847_00005,2000052847_00005,"3-way match, invoice before GR",2018-11-16 10:49:00+00:00,2018-12-12 09:07:00+00:00,25.929166666666667,25.0,R1_0_50,test,SAFE_TO_EXECUTE,grouped_iid,0.979213526893405,0.9949238578680203,0.020786473106594983,0.005076142131979711,SAFE_TO_EXECUTE,0.04599532480368192
4508068069_00060,4508068069_00060,"3-way match, invoice before GR",2018-11-16 13:06:00+00:00,2018-11-20 16:37:00+00:00,4.146527777777778,7.0,R1_0_50,test,SAFE_TO_EXECUTE,grouped_iid,0.911384026667392,0.8884615384615384,0.08861597333260796,0.11153846153846159,SAFE_TO_EXECUTE,0.5045390536984206
4508068069_00090,4508068069_00090,"3-way match, invoice before GR",2018-11-16 13:06:00+00:00,2018-11-20 16:37:00+00:00,4.146527777777778,17.0,R1_0_50,test,SAFE_TO_EXECUTE,grouped_iid,0.9113822055663937,0.8884615384615384,0.08861779443360629,0.11153846153846159,SAFE_TO_EXECUTE,0.5045390536984206
4508067742_00030,4508067742_00030,"3-way match, invoice before GR",2018-11-19 09:19:00+00:00,2018-11-19 16:25:00+00:00,0.29583333333333334,137.0,R1_0_50,test,SAFE_TO_EXECUTE,grouped_iid,0.9768421703968755,0.9949238578680203,0.023157829603124513,0.005076142131979711,SAFE_TO_EXECUTE,0.04599532480368192
4508067742_00040,4508067742_00040,"3-way match, invoice before GR",2018-11-19 09:19:00+00:00,2018-11-19 16:25:00+00:00,0.29583333333333334,420.0,R1_0_50,test,SAFE_TO_EXECUTE,grouped_iid,0.9768277307217431,0.9949238578680203,0.023172269278256885,0.005076142131979711,SAFE_TO_EXECUTE,0.04599532480368192
4508068686_00050,4508068686_00050,"3-way match, invoice before GR",2018-11-19 09:24:00+00:00,2018-11-20 13:21:00+00:00,1.1645833333333333,210.0,R1_0_50,test,SAFE_TO_EXECUTE,grouped_iid,0.9158862869214733,0.9183673469387755,0.08411371307852666,0.08163265306122447,SAFE_TO_EXECUTE,0.4079059801389762
4508068686_00120,4508068686_00120,"3-way match, invoice before GR",2018-11-19 09:24:00+00:00,2018-11-20 13:21:00+00:00,1.1645833333333333,41.0,R1_0_50,test,SAFE_TO_EXECUTE,grouped_iid,0.9159156392674503,0.9183673469387755,0.08408436073254966,0.08163265306122447,SAFE_TO_EXECUTE,0.4079059801389762
4508057799_00020,4508057799_00020,"3-way match, invoice before GR",2018-11-19 09:29:00+00:00,2018-11-30 11:26:00+00:00,11.08125,223.0,R1_0_50,test,NOT_SAFE_TO_EXECUTE,grouped_iid,0.9813959186056319,1.0,0.01860408139436809,0.0,SAFE_TO_EXECUTE,5.123178885069411e-14
4508064441_00020,4508064441_00020,"3-way match, invoice before GR",2018-11-19 12:11:00+00:00,2018-11-29 20:03:00+00:00,10.327777777777778,229.0,R1_0_50,test,SAFE_TO_EXECUTE,grouped_iid,0.8079684755185211,0.7678571428571429,0.19203152448147887,0.2321428571428571,SAFE_TO_EXECUTE,0.7817281222714539
4508068940_00080,4508068940_00080,"3-way match, invoice before GR",2018-11-20 17:20:00+00:00,2018-11-21 16:38:00+00:00,0.9708333333333333,337.0,R1_0_50,test,SAFE_TO_EXECUTE,grouped_iid,0.8840998281756149,0.8884615384615384,0.11590017182438506,0.11153846153846159,SAFE_TO_EXECUTE,0.5045390536984206
4508068940_00120,4508068940_00120,"3-way match, invoice before GR",2018-11-20 17:20:00+00:00,2018-11-21 16:38:00+00:00,0.9708333333333333,317.0,R1_0_50,test,SAFE_TO_EXECUTE,grouped_iid,0.8841044490529305,0.8884615384615384,0.11589555094706949,0.11153846153846159,SAFE_TO_EXECUTE,0.5045390536984206
4508068940_00160,4508068940_00160,"3-way match, invoice before GR",2018-11-20 17:20:00+00:00,2018-11-21 16:38:00+00:00,0.9708333333333333,1429.0,R2_50_90,test,SAFE_TO_EXECUTE,grouped_iid,0.8838472851850978,0.8884615384615384,0.11615271481490219,0.11153846153846159,SAFE_TO_EXECUTE,0.5045390536984206
4508065453_00020,4508065453_00020,"3-way match, invoice before GR",2018-11-21 14:14:00+00:00,2018-11-23 09:13:00+00:00,1.7909722222222222,5800.0,R2_50_90,test,SAFE_TO_EXECUTE,grouped_iid,0.9154988289578432,0.9183673469387755,0.08450117104215682,0.08163265306122447,SAFE_TO_EXECUTE,0.4079059801389762
4508066724_00220,4508066724_00220,"3-way match, invoice before GR",2018-11-21 14:53:00+00:00,2018-11-21 18:43:00+00:00,0.1597222222222222,242.0,R1_0_50,test,NOT_SAFE_TO_EXECUTE,grouped_iid,0.887104946206598,0.8884615384615384,0.11289505379340203,0.11153846153846159,SAFE_TO_EXECUTE,0.5045390536984206
4508068961_00010,4508068961_00010,"3-way match, invoice before GR",2018-11-21 15:19:00+00:00,2018-11-22 06:39:00+00:00,0.6388888888888888,19080.0,R3_90_99,test,SAFE_TO_EXECUTE,grouped_iid,0.9270508001922912,0.9183673469387755,0.07294919980770875,0.08163265306122447,SAFE_TO_EXECUTE,0.4079059801389762
4508068961_00020,4508068961_00020,"3-way match, invoice before GR",2018-11-21 15:19:00+00:00,2018-11-22 06:39:00+00:00,0.6388888888888888,3816.0,R2_50_90,test,SAFE_TO_EXECUTE,grouped_iid,0.9293444645155957,0.9183673469387755,0.07065553548440429,0.08163265306122447,SAFE_TO_EXECUTE,0.4079059801389762
4508069235_00010,4508069235_00010,"3-way match, invoice before GR",2018-11-21 17:46:00+00:00,2018-11-23 06:23:00+00:00,1.5256944444444445,75.0,R1_0_50,test,SAFE_TO_EXECUTE,grouped_iid,0.8831804334136378,0.8884615384615384,0.11681956658636217,0.11153846153846159,SAFE_TO_EXECUTE,0.5045390536984206
4508069235_00080,4508069235_00080,"3-way match, invoice before GR",2018-11-21 17:46:00+00:00,2018-11-23 06:23:00+00:00,1.5256944444444445,171.0,R1_0_50,test,SAFE_TO_EXECUTE,grouped_iid,0.8831580982641173,0.8884615384615384,0.11684190173588271,0.11153846153846159,SAFE_TO_EXECUTE,0.5045390536984206
4508069235_00190,4508069235_00190,"3-way match, invoice before GR",2018-11-21 17:46:00+00:00,2018-11-23 06:23:00+00:00,1.5256944444444445,248.0,R1_0_50,test,SAFE_TO_EXECUTE,grouped_iid,0.8831401809351157,0.8884615384615384,0.1168598190648843,0.11153846153846159,SAFE_TO_EXECUTE,0.5045390536984206
4508068704_00010,4508068704_00010,"3-way match, invoice before GR",2018-11-22 06:38:00+00:00,2018-11-22 16:55:00+00:00,0.4284722222222222,15117.0,R3_90_99,test,SAFE_TO_EXECUTE,grouped_iid,0.8883485391461633,0.8884615384615384,0.1116514608538367,0.11153846153846159,SAFE_TO_EXECUTE,0.5045390536984206
4508068704_00020,4508068704_00020,"3-way match, invoice before GR",2018-11-22 06:38:00+00:00,2018-11-22 16:55:00+00:00,0.4284722222222222,79.0,R1_0_50,test,SAFE_TO_EXECUTE,grouped_iid,0.8916677268926749,0.8884615384615384,0.10833227310732507,0.11153846153846159,SAFE_TO_EXECUTE,0.5045390536984206
4508063200_00010,4508063200_00010,"3-way match, invoice before GR",2018-11-22 06:56:00+00:00,2018-12-03 12:03:00+00:00,11.213194444444444,5686.0,R2_50_90,test,SAFE_TO_EXECUTE,grouped_iid,0.8009624816309102,0.7333333333333333,0.19903751836908978,0.2666666666666667,SAFE_TO_EXECUTE,0.8366407419411673
4508068510_00010,4508068510_00010,"3-way match, invoice before GR",2018-11-22 07:01:00+00:00,2018-11-26 08:20:00+00:00,4.054861111111111,3377.0,R2_50_90,test,SAFE_TO_EXECUTE,grouped_iid,0.9715196682925807,0.9949238578680203,0.02848033170741926,0.005076142131979711,SAFE_TO_EXECUTE,0.04599532480368192
4508066629_00040,4508066629_00040,"3-way match, invoice before GR",2018-11-23 06:31:00+00:00,2018-11-27 09:18:00+00:00,4.115972222222222,1483.0,R2_50_90,test,NOT_SAFE_TO_EXECUTE,grouped_iid,0.7319879399820501,0.7333333333333333,0.26801206001794986,0.2666666666666667,SAFE_TO_EXECUTE,0.8366407419411673
4508069966_00030,4508069966_00030,"3-way match, invoice before GR",2018-11-26 10:18:00+00:00,2018-11-26 11:27:00+00:00,0.04791666666666667,44.0,R1_0_50,test,SAFE_TO_EXECUTE,grouped_iid,0.9710283457553774,0.9949238578680203,0.028971654244622558,0.005076142131979711,SAFE_TO_EXECUTE,0.04599532480368192
4508069966_00040,4508069966_00040,"3-way match, invoice before GR",2018-11-26 10:18:00+00:00,2018-11-26 13:23:00+00:00,0.1284722222222222,617.0,R2_50_90,test,SAFE_TO_EXECUTE,grouped_iid,0.9709535572001959,0.9949238578680203,0.029046442799804062,0.005076142131979711,SAFE_TO_EXECUTE,0.04599532480368192
4508069765_00110,4508069765_00110,"3-way match, invoice before GR",2018-11-26 18:07:00+00:00,2018-11-28 06:32:00+00:00,1.5173611111111112,428.0,R1_0_50,test,SAFE_TO_EXECUTE,grouped_iid,0.8801064544617235,0.8884615384615384,0.11989354553827647,0.11153846153846159,SAFE_TO_EXECUTE,0.5045390536984206
4508069765_00150,4508069765_00150,"3-way match, invoice before GR",2018-11-26 18:07:00+00:00,2018-11-28 06:32:00+00:00,1.5173611111111112,424.0,R1_0_50,test,SAFE_TO_EXECUTE,grouped_iid,0.8801074061749198,0.8884615384615384,0.11989259382508022,0.11153846153846159,SAFE_TO_EXECUTE,0.5045390536984206
4508069765_00170,4508069765_00170,"3-way match, invoice before GR",2018-11-26 18:07:00+00:00,2018-11-28 06:32:00+00:00,1.5173611111111112,160.0,R1_0_50,test,SAFE_TO_EXECUTE,grouped_iid,0.8801702048192268,0.8884615384615384,0.11982979518077319,0.11153846153846159,SAFE_TO_EXECUTE,0.5045390536984206
4508069483_00010,4508069483_00010,"3-way match, invoice before GR",2018-11-27 09:41:00+00:00,2018-11-27 16:41:00+00:00,0.2916666666666667,390.0,R1_0_50,test,SAFE_TO_EXECUTE,grouped_iid,0.9160477976092473,0.9183673469387755,0.08395220239075274,0.08163265306122447,SAFE_TO_EXECUTE,0.4079059801389762
4508069874_00030,4508069874_00030,"3-way match, invoice before GR",2018-11-27 15:51:00+00:00,2018-11-29 06:49:00+00:00,1.6236111111111111,10176.0,R3_90_99,test,SAFE_TO_EXECUTE,grouped_iid,0.925347801242483,0.9183673469387755,0.07465219875751705,0.08163265306122447,SAFE_TO_EXECUTE,0.4079059801389762
4508069895_00020,4508069895_00020,"3-way match, invoice before GR",2018-11-27 15:55:00+00:00,2018-11-29 06:50:00+00:00,1.6215277777777777,12720.0,R3_90_99,test,SAFE_TO_EXECUTE,grouped_iid,0.924968468349569,0.9183673469387755,0.07503153165043097,0.08163265306122447,SAFE_TO_EXECUTE,0.4079059801389762
4508070360_00020,4508070360_00020,"3-way match, invoice before GR",2018-11-27 17:27:00+00:00,2018-11-28 16:36:00+00:00,0.9645833333333333,168.0,R1_0_50,test,SAFE_TO_EXECUTE,grouped_iid,0.8841517728333531,0.8884615384615384,0.11584822716664689,0.11153846153846159,SAFE_TO_EXECUTE,0.5045390536984206
4508070360_00070,4508070360_00070,"3-way match, invoice before GR",2018-11-27 17:27:00+00:00,2018-11-28 16:36:00+00:00,0.9645833333333333,289.0,R1_0_50,test,SAFE_TO_EXECUTE,grouped_iid,0.8841238240001351,0.8884615384615384,0.11587617599986488,0.11153846153846159,SAFE_TO_EXECUTE,0.5045390536984206
4508070360_00130,4508070360_00130,"3-way match, invoice before GR",2018-11-27 17:27:00+00:00,2018-11-28 16:36:00+00:00,0.9645833333333333,208.0,R1_0_50,test,SAFE_TO_EXECUTE,grouped_iid,0.8841425341978664,0.8884615384615384,0.11585746580213363,0.11153846153846159,SAFE_TO_EXECUTE,0.5045390536984206
4508070341_00010,4508070341_00010,"3-way match, invoice before GR",2018-11-28 12:08:00+00:00,2018-11-29 06:08:00+00:00,0.75,176.0,R1_0_50,test,SAFE_TO_EXECUTE,grouped_iid,0.8939217155687534,0.8884615384615384,0.10607828443124656,0.11153846153846159,SAFE_TO_EXECUTE,0.5045390536984206
4508067904_00030,4508067904_00030,"3-way match, invoice before GR",2018-11-28 12:28:00+00:00,2018-12-06 10:09:00+00:00,7.903472222222222,6547.0,R2_50_90,test,NOT_SAFE_TO_EXECUTE,grouped_iid,0.9083436342542305,0.8884615384615384,0.09165636574576952,0.11153846153846159,SAFE_TO_EXECUTE,0.5045390536984206
4508067904_00040,4508067904_00040,"3-way match, invoice before GR",2018-11-28 12:28:00+00:00,2018-12-06 10:14:00+00:00,7.906944444444444,4433.0,R2_50_90,test,SAFE_TO_EXECUTE,grouped_iid,0.908734847080074,0.8884615384615384,0.09126515291992598,0.11153846153846159,SAFE_TO_EXECUTE,0.5045390536984206
4508061092_00050,4508061092_00050,"3-way match, invoice before GR",2018-11-28 13:24:00+00:00,2018-11-29 08:53:00+00:00,0.8118055555555556,415.0,R1_0_50,test,SAFE_TO_EXECUTE,grouped_iid,0.959825318645512,0.9602763385146805,0.040174681354487984,0.03972366148531947,SAFE_TO_EXECUTE,0.24102374969289544
4508070392_00010,4508070392_00010,"3-way match, invoice before GR",2018-11-28 15:54:00+00:00,2018-11-29 06:53:00+00:00,0.6243055555555556,21948.0,R3_90_99,test,SAFE_TO_EXECUTE,grouped_iid,0.9266200646471865,0.9183673469387755,0.07337993535281351,0.08163265306122447,SAFE_TO_EXECUTE,0.4079059801389762
4508070665_00100,4508070665_00100,"3-way match, invoice before GR",2018-11-28 17:53:00+00:00,2018-11-29 16:52:00+00:00,0.9576388888888889,115.0,R1_0_50,test,SAFE_TO_EXECUTE,grouped_iid,0.884168840333874,0.8884615384615384,0.115831159666126,0.11153846153846159,SAFE_TO_EXECUTE,0.5045390536984206
4508070665_00150,4508070665_00150,"3-way match, invoice before GR",2018-11-28 17:53:00+00:00,2018-11-29 16:52:00+00:00,0.9576388888888889,300.0,R1_0_50,test,SAFE_TO_EXECUTE,grouped_iid,0.8841261117485238,0.8884615384615384,0.11587388825147615,0.11153846153846159,SAFE_TO_EXECUTE,0.5045390536984206
4508070665_00160,4508070665_00160,"3-way match, invoice before GR",2018-11-28 17:53:00+00:00,2018-11-29 16:52:00+00:00,0.9576388888888889,351.0,R1_0_50,test,SAFE_TO_EXECUTE,grouped_iid,0.8841143301088282,0.8884615384615384,0.11588566989117177,0.11153846153846159,SAFE_TO_EXECUTE,0.5045390536984206
4508070665_00280,4508070665_00280,"3-way match, invoice before GR",2018-11-28 17:53:00+00:00,2018-11-29 16:52:00+00:00,0.9576388888888889,126.0,R1_0_50,test,SAFE_TO_EXECUTE,grouped_iid,0.8841663000981895,0.8884615384615384,0.11583369990181047,0.11153846153846159,SAFE_TO_EXECUTE,0.5045390536984206
4508070597_00010,4508070597_00010,"3-way match, invoice before GR",2018-11-29 04:10:00+00:00,2018-11-29 06:48:00+00:00,0.10972222222222222,6.0,R1_0_50,test,SAFE_TO_EXECUTE,grouped_iid,0.981619276326973,1.0,0.01838072367302701,0.0,SAFE_TO_EXECUTE,5.123178885069411e-14
4508070596_00010,4508070596_00010,"3-way match, invoice before GR",2018-11-29 04:11:00+00:00,2018-11-29 06:49:00+00:00,0.10972222222222222,6.0,R1_0_50,test,SAFE_TO_EXECUTE,grouped_iid,0.981619139752043,1.0,0.018380860247957043,0.0,SAFE_TO_EXECUTE,5.123178885069411e-14
4508070486_00040,4508070486_00040,"3-way match, invoice before GR",2018-11-29 11:45:00+00:00,2018-12-12 10:21:00+00:00,12.941666666666666,1408.0,R2_50_90,test,SAFE_TO_EXECUTE,grouped_iid,0.9638420699812278,0.97,0.03615793001877221,0.030000000000000027,SAFE_TO_EXECUTE,0.1943918578315763
4508070672_00030,4508070672_00030,"3-way match, invoice before GR",2018-11-29 11:48:00+00:00,2018-12-03 09:10:00+00:00,3.890277777777778,866.0,R2_50_90,test,SAFE_TO_EXECUTE,grouped_iid,0.8886789666055258,0.8884615384615384,0.11132103339447419,0.11153846153846159,SAFE_TO_EXECUTE,0.5045390536984206
4508070801_00010,4508070801_00010,"3-way match, invoice before GR",2018-11-29 13:10:00+00:00,2018-11-30 08:38:00+00:00,0.8111111111111111,458.0,R1_0_50,test,SAFE_TO_EXECUTE,grouped_iid,0.9589581214595181,0.9602763385146805,0.04104187854048191,0.03972366148531947,SAFE_TO_EXECUTE,0.24102374969289544
4508070817_00010,4508070817_00010,"3-way match, invoice before GR",2018-11-30 09:00:00+00:00,2018-12-04 06:27:00+00:00,3.89375,47.0,R1_0_50,test,SAFE_TO_EXECUTE,grouped_iid,0.9488298774842073,0.9375,0.05117012251579267,0.0625,SAFE_TO_EXECUTE,0.3372900666170139
4508070384_00010,4508070384_00010,"3-way match, invoice before GR",2018-11-30 11:02:00+00:00,2018-12-03 14:03:00+00:00,3.1256944444444446,5923.0,R2_50_90,test,SAFE_TO_EXECUTE,grouped_iid,0.8877599527923383,0.8884615384615384,0.11224004720766168,0.11153846153846159,SAFE_TO_EXECUTE,0.5045390536984206
4508065226_00010,4508065226_00010,"3-way match, invoice before GR",2018-11-30 12:17:00+00:00,2018-11-30 17:11:00+00:00,0.20416666666666666,6810.0,R2_50_90,test,SAFE_TO_EXECUTE,grouped_iid,0.9597867448685965,0.9602763385146805,0.0402132551314035,0.03972366148531947,SAFE_TO_EXECUTE,0.24102374969289544
4508071271_00020,4508071271_00020,"3-way match, invoice before GR",2018-11-30 14:06:00+00:00,2018-11-30 17:10:00+00:00,0.12777777777777777,126.0,R1_0_50,test,SAFE_TO_EXECUTE,grouped_iid,0.8958346303374916,0.8884615384615384,0.10416536966250844,0.11153846153846159,SAFE_TO_EXECUTE,0.5045390536984206
4508071302_00020,4508071302_00020,"3-way match, invoice before GR",2018-11-30 17:39:00+00:00,2018-12-04 06:41:00+00:00,3.5430555555555556,137.0,R1_0_50,test,SAFE_TO_EXECUTE,grouped_iid,0.8796163435394394,0.8884615384615384,0.1203836564605606,0.11153846153846159,SAFE_TO_EXECUTE,0.5045390536984206
4508071302_00060,4508071302_00060,"3-way match, invoice before GR",2018-11-30 17:39:00+00:00,2018-12-04 06:41:00+00:00,3.5430555555555556,434.0,R1_0_50,test,SAFE_TO_EXECUTE,grouped_iid,0.8795454112046739,0.8884615384615384,0.12045458879532611,0.11153846153846159,SAFE_TO_EXECUTE,0.5045390536984206
4508071302_00070,4508071302_00070,"3-way match, invoice before GR",2018-11-30 17:39:00+00:00,2018-12-04 06:41:00+00:00,3.5430555555555556,716.0,R2_50_90,test,SAFE_TO_EXECUTE,grouped_iid,0.8794780279297126,0.8884615384615384,0.12052197207028736,0.11153846153846159,SAFE_TO_EXECUTE,0.5045390536984206
4508071302_00080,4508071302_00080,"3-way match, invoice before GR",2018-11-30 17:39:00+00:00,2018-12-04 06:41:00+00:00,3.5430555555555556,226.0,R1_0_50,test,SAFE_TO_EXECUTE,grouped_iid,0.8795950915059648,0.8884615384615384,0.12040490849403518,0.11153846153846159,SAFE_TO_EXECUTE,0.5045390536984206
4508071302_00180,4508071302_00180,"3-way match, invoice before GR",2018-11-30 17:39:00+00:00,2018-12-04 06:41:00+00:00,3.5430555555555556,270.0,R1_0_50,test,SAFE_TO_EXECUTE,grouped_iid,0.8795845836865448,0.8884615384615384,0.1204154163134552,0.11153846153846159,SAFE_TO_EXECUTE,0.5045390536984206
4508071302_00190,4508071302_00190,"3-way match, invoice before GR",2018-11-30 17:39:00+00:00,2018-12-04 06:41:00+00:00,3.5430555555555556,84.0,R1_0_50,test,SAFE_TO_EXECUTE,grouped_iid,0.8796289977065814,0.8884615384615384,0.12037100229341857,0.11153846153846159,SAFE_TO_EXECUTE,0.5045390536984206
4508070938_00010,4508070938_00010,"3-way match, invoice before GR",2018-12-03 09:48:00+00:00,2018-12-04 16:33:00+00:00,1.28125,364.0,R1_0_50,test,SAFE_TO_EXECUTE,grouped_iid,0.8798083033311758,0.8884615384615384,0.12019169666882423,0.11153846153846159,SAFE_TO_EXECUTE,0.5045390536984206
4508071519_00010,4508071519_00010,"3-way match, invoice before GR",2018-12-03 11:21:00+00:00,2018-12-03 16:37:00+00:00,0.21944444444444444,339.0,R1_0_50,test,SAFE_TO_EXECUTE,grouped_iid,0.8953806579195881,0.8884615384615384,0.1046193420804119,0.11153846153846159,SAFE_TO_EXECUTE,0.5045390536984206
4508071519_00060,4508071519_00060,"3-way match, invoice before GR",2018-12-03 11:21:00+00:00,2018-12-03 16:37:00+00:00,0.21944444444444444,72.0,R1_0_50,test,SAFE_TO_EXECUTE,grouped_iid,0.8954370403970471,0.8884615384615384,0.10456295960295292,0.11153846153846159,SAFE_TO_EXECUTE,0.5045390536984206
4508071519_00190,4508071519_00190,"3-way match, invoice before GR",2018-12-03 11:21:00+00:00,2018-12-03 16:37:00+00:00,0.21944444444444444,497.0,R1_0_50,test,SAFE_TO_EXECUTE,grouped_iid,0.8953472803635395,0.8884615384615384,0.1046527196364605,0.11153846153846159,SAFE_TO_EXECUTE,0.5045390536984206
4508070388_00020,4508070388_00020,"3-way match, invoice before GR",2018-12-03 11:25:00+00:00,2018-12-04 08:41:00+00:00,0.8861111111111111,1830.0,R2_50_90,test,SAFE_TO_EXECUTE,grouped_iid,0.8903912907198154,0.8884615384615384,0.10960870928018462,0.11153846153846159,SAFE_TO_EXECUTE,0.5045390536984206
4508071180_00020,4508071180_00020,"3-way match, invoice before GR",2018-12-03 11:47:00+00:00,2018-12-04 06:30:00+00:00,0.7798611111111111,1110.0,R2_50_90,test,SAFE_TO_EXECUTE,grouped_iid,0.9703468184383494,0.9949238578680203,0.029653181561650643,0.005076142131979711,SAFE_TO_EXECUTE,0.04599532480368192
4508070387_00020,4508070387_00020,"3-way match, invoice before GR",2018-12-03 12:37:00+00:00,2018-12-06 09:46:00+00:00,2.88125,134.0,R1_0_50,test,SAFE_TO_EXECUTE,grouped_iid,0.8890674120598879,0.8884615384615384,0.11093258794011207,0.11153846153846159,SAFE_TO_EXECUTE,0.5045390536984206
4508071521_00010,4508071521_00010,"3-way match, invoice before GR",2018-12-04 10:00:00+00:00,2018-12-04 16:31:00+00:00,0.27152777777777776,419.0,R1_0_50,test,SAFE_TO_EXECUTE,grouped_iid,0.8970319227256534,0.8884615384615384,0.10296807727434665,0.11153846153846159,SAFE_TO_EXECUTE,0.5045390536984206
4508071833_00010,4508071833_00010,"3-way match, invoice before GR",2018-12-04 12:09:00+00:00,2018-12-04 16:32:00+00:00,0.18263888888888888,678.0,R2_50_90,test,SAFE_TO_EXECUTE,grouped_iid,0.8956168108733731,0.8884615384615384,0.10438318912662692,0.11153846153846159,SAFE_TO_EXECUTE,0.5045390536984206
4508070278_00020,4508070278_00020,"3-way match, invoice before GR",2018-12-05 08:00:00+00:00,2018-12-06 07:01:00+00:00,0.9590277777777778,1239.0,R2_50_90,test,SAFE_TO_EXECUTE,grouped_iid,0.8875627521064143,0.8884615384615384,0.11243724789358567,0.11153846153846159,SAFE_TO_EXECUTE,0.5045390536984206
4508071930_00040,4508071930_00040,"3-way match, invoice before GR",2018-12-05 15:53:00+00:00,2018-12-06 07:20:00+00:00,0.64375,636.0,R2_50_90,test,SAFE_TO_EXECUTE,grouped_iid,0.9298385821398045,0.9183673469387755,0.07016141786019547,0.08163265306122447,SAFE_TO_EXECUTE,0.4079059801389762
4508072321_00030,4508072321_00030,"3-way match, invoice before GR",2018-12-07 10:24:00+00:00,2018-12-07 16:32:00+00:00,0.25555555555555554,141.0,R1_0_50,test,SAFE_TO_EXECUTE,grouped_iid,0.984238376293906,1.0,0.01576162370609402,0.0,SAFE_TO_EXECUTE,5.123178885069411e-14
4508072686_00020,4508072686_00020,"3-way match, invoice before GR",2018-12-11 15:58:00+00:00,2018-12-12 07:43:00+00:00,0.65625,1413.0,R2_50_90,test,SAFE_TO_EXECUTE,grouped_iid,0.9278268882981106,0.9183673469387755,0.07217311170188945,0.08163265306122447,SAFE_TO_EXECUTE,0.4079059801389762
4508072639_00020,4508072639_00020,"3-way match, invoice before GR",2018-12-12 10:25:00+00:00,2018-12-14 20:49:00+00:00,2.433333333333333,13902.0,R3_90_99,test,SAFE_TO_EXECUTE,grouped_iid,0.967806974011997,0.9806451612903225,0.032193025988003,0.01935483870967747,SAFE_TO_EXECUTE,0.1378026662704413
4508072638_00010,4508072638_00010,"3-way match, invoice before GR",2018-12-12 13:20:00+00:00,2018-12-13 14:59:00+00:00,1.06875,13367.0,R3_90_99,test,SAFE_TO_EXECUTE,grouped_iid,0.9685497520790972,0.9806451612903225,0.031450247920902785,0.01935483870967747,SAFE_TO_EXECUTE,0.1378026662704413
4508073094_00070,4508073094_00070,"3-way match, invoice before GR",2018-12-13 08:35:00+00:00,2018-12-14 09:44:00+00:00,1.0479166666666666,81.0,R1_0_50,test,SAFE_TO_EXECUTE,grouped_iid,0.9105796940380754,0.8884615384615384,0.08942030596192463,0.11153846153846159,SAFE_TO_EXECUTE,0.5045390536984206
4508072852_00070,4508072852_00070,"3-way match, invoice before GR",2018-12-13 14:07:00+00:00,2018-12-18 07:40:00+00:00,4.73125,2537.0,R2_50_90,test,SAFE_TO_EXECUTE,grouped_iid,0.9069228902084887,0.8884615384615384,0.09307710979151129,0.11153846153846159,SAFE_TO_EXECUTE,0.5045390536984206
4508072852_00100,4508072852_00100,"3-way match, invoice before GR",2018-12-13 14:07:00+00:00,2018-12-18 07:40:00+00:00,4.73125,321.0,R1_0_50,test,SAFE_TO_EXECUTE,grouped_iid,0.9073438266620711,0.8884615384615384,0.09265617333792886,0.11153846153846159,SAFE_TO_EXECUTE,0.5045390536984206
4508072852_00110,4508072852_00110,"3-way match, invoice before GR",2018-12-13 14:07:00+00:00,2018-12-18 07:40:00+00:00,4.73125,131.0,R1_0_50,test,SAFE_TO_EXECUTE,grouped_iid,0.9073798381145358,0.8884615384615384,0.09262016188546418,0.11153846153846159,SAFE_TO_EXECUTE,0.5045390536984206
4508067696_00010,4508067696_00010,"3-way match, invoice before GR",2018-12-17 08:17:00+00:00,2018-12-18 09:40:00+00:00,1.0576388888888888,5699.0,R2_50_90,test,SAFE_TO_EXECUTE,grouped_iid,0.8557822391212847,0.8404255319148937,0.1442177608787153,0.15957446808510634,SAFE_TO_EXECUTE,0.6332905746550958
4508073735_00080,4508073735_00080,"3-way match, invoice before GR",2018-12-17 12:03:00+00:00,2018-12-21 16:37:00+00:00,4.190277777777778,222.0,R1_0_50,test,SAFE_TO_EXECUTE,grouped_iid,0.9096007523124617,0.8884615384615384,0.09039924768753826,0.11153846153846159,SAFE_TO_EXECUTE,0.5045390536984206
4508073735_00110,4508073735_00110,"3-way match, invoice before GR",2018-12-17 12:03:00+00:00,2018-12-21 16:37:00+00:00,4.190277777777778,40.0,R1_0_50,test,SAFE_TO_EXECUTE,grouped_iid,0.9096344911871066,0.8884615384615384,0.0903655088128934,0.11153846153846159,SAFE_TO_EXECUTE,0.5045390536984206
4508074212_00020,4508074212_00020,"3-way match, invoice before GR",2018-12-17 12:35:00+00:00,2018-12-18 16:38:00+00:00,1.16875,1262.0,R2_50_90,test,SAFE_TO_EXECUTE,grouped_iid,0.8937097092130751,0.8884615384615384,0.10629029078692487,0.11153846153846159,SAFE_TO_EXECUTE,0.5045390536984206
4508074212_00150,4508074212_00150,"3-way match, invoice before GR",2018-12-17 12:35:00+00:00,2018-12-18 16:38:00+00:00,1.16875,43.0,R1_0_50,test,SAFE_TO_EXECUTE,grouped_iid,0.8939705288918383,0.8884615384615384,0.10602947110816174,0.11153846153846159,SAFE_TO_EXECUTE,0.5045390536984206
4508074212_00180,4508074212_00180,"3-way match, invoice before GR",2018-12-17 12:35:00+00:00,2018-12-18 16:38:00+00:00,1.16875,273.0,R1_0_50,test,SAFE_TO_EXECUTE,grouped_iid,0.9706817803341892,0.9949238578680203,0.02931821966581083,0.005076142131979711,SAFE_TO_EXECUTE,0.04599532480368192
4508069811_00020,4508069811_00020,"3-way match, invoice before GR",2018-12-17 12:48:00+00:00,2019-01-04 08:56:00+00:00,17.83888888888889,8311.0,R3_90_99,test,SAFE_TO_EXECUTE,grouped_iid,0.7868311644372298,0.7333333333333333,0.21316883556277022,0.2666666666666667,SAFE_TO_EXECUTE,0.8366407419411673
4508072160_00010,4508072160_00010,"3-way match, invoice before GR",2018-12-17 12:49:00+00:00,2018-12-18 08:52:00+00:00,0.8354166666666667,5574.0,R2_50_90,test,SAFE_TO_EXECUTE,grouped_iid,0.8486889296430461,0.8404255319148937,0.1513110703569539,0.15957446808510634,SAFE_TO_EXECUTE,0.6332905746550958
4508072160_00020,4508072160_00020,"3-way match, invoice before GR",2018-12-17 12:49:00+00:00,2018-12-18 08:51:00+00:00,0.8347222222222223,3446.0,R2_50_90,test,SAFE_TO_EXECUTE,grouped_iid,0.8493055829850266,0.8404255319148937,0.15069441701497344,0.15957446808510634,SAFE_TO_EXECUTE,0.6332905746550958
4508073351_00010,4508073351_00010,"3-way match, invoice before GR",2018-12-18 03:30:00+00:00,2018-12-18 09:00:00+00:00,0.22916666666666666,23320.0,R3_90_99,test,SAFE_TO_EXECUTE,grouped_iid,0.9302402427859868,0.9183673469387755,0.06975975721401317,0.08163265306122447,SAFE_TO_EXECUTE,0.4079059801389762
4508072852_00010,4508072852_00010,"3-way match, invoice before GR",2018-12-18 10:48:00+00:00,2018-12-19 16:26:00+00:00,1.2347222222222223,86.0,R1_0_50,test,SAFE_TO_EXECUTE,grouped_iid,0.9083450693883277,0.8884615384615384,0.09165493061167229,0.11153846153846159,SAFE_TO_EXECUTE,0.5045390536984206
4508073089_00050,4508073089_00050,"3-way match, invoice before GR",2018-12-18 11:34:00+00:00,2018-12-19 18:25:00+00:00,1.2854166666666667,421.0,R1_0_50,test,SAFE_TO_EXECUTE,grouped_iid,0.9105773175236572,0.8884615384615384,0.08942268247634277,0.11153846153846159,SAFE_TO_EXECUTE,0.5045390536984206
2000052824_00006,2000052824_00006,"3-way match, invoice before GR",2018-12-18 13:48:00+00:00,2018-12-19 08:47:00+00:00,0.7909722222222222,19.0,R1_0_50,test,SAFE_TO_EXECUTE,grouped_iid,0.9701768266249344,0.9806451612903225,0.02982317337506557,0.01935483870967747,SAFE_TO_EXECUTE,0.1378026662704413
2000052824_00008,2000052824_00008,"3-way match, invoice before GR",2018-12-18 13:48:00+00:00,2018-12-19 08:47:00+00:00,0.7909722222222222,19.0,R1_0_50,test,SAFE_TO_EXECUTE,grouped_iid,0.9701768266249344,0.9806451612903225,0.02982317337506557,0.01935483870967747,SAFE_TO_EXECUTE,0.1378026662704413
2000052824_00009,2000052824_00009,"3-way match, invoice before GR",2018-12-18 13:48:00+00:00,2018-12-19 08:47:00+00:00,0.7909722222222222,25.0,R1_0_50,test,SAFE_TO_EXECUTE,grouped_iid,0.9701764351757952,0.9806451612903225,0.029823564824204785,0.01935483870967747,SAFE_TO_EXECUTE,0.1378026662704413
4508074547_00020,4508074547_00020,"3-way match, invoice before GR",2018-12-19 09:14:00+00:00,2018-12-19 16:26:00+00:00,0.3,310.0,R1_0_50,test,SAFE_TO_EXECUTE,grouped_iid,0.9407457415560503,0.9357798165137615,0.059254258443949714,0.06422018348623848,SAFE_TO_EXECUTE,0.34397451435953375
4508074540_00030,4508074540_00030,"3-way match, invoice before GR",2018-12-19 10:07:00+00:00,2018-12-19 16:26:00+00:00,0.26319444444444445,41.0,R1_0_50,test,SAFE_TO_EXECUTE,grouped_iid,0.9165862706085881,0.9183673469387755,0.0834137293914119,0.08163265306122447,SAFE_TO_EXECUTE,0.4079059801389762
4508074540_00040,4508074540_00040,"3-way match, invoice before GR",2018-12-19 10:07:00+00:00,2018-12-19 16:26:00+00:00,0.26319444444444445,29.0,R1_0_50,test,SAFE_TO_EXECUTE,grouped_iid,0.9165883393386066,0.9183673469387755,0.08341166066139338,0.08163265306122447,SAFE_TO_EXECUTE,0.4079059801389762
4508071618_00010,4508071618_00010,"3-way match, invoice before GR",2018-12-20 09:19:00+00:00,2019-01-03 10:42:00+00:00,14.057638888888889,70200.0,R4_99_100,test,SAFE_TO_EXECUTE,grouped_iid,0.8814158054283576,0.8884615384615384,0.11858419457164238,0.11153846153846159,SAFE_TO_EXECUTE,0.5045390536984206
4508064812_00030,4508064812_00030,"3-way match, invoice before GR",2018-12-21 05:07:00+00:00,2018-12-21 16:37:00+00:00,0.4791666666666667,38.0,R1_0_50,test,SAFE_TO_EXECUTE,grouped_iid,0.9285495717163612,0.9183673469387755,0.07145042828363879,0.08163265306122447,SAFE_TO_EXECUTE,0.4079059801389762
4508075144_00010,4508075144_00010,"3-way match, invoice before GR",2018-12-21 12:36:00+00:00,2018-12-21 16:33:00+00:00,0.16458333333333333,2272.0,R2_50_90,test,SAFE_TO_EXECUTE,grouped_iid,0.8986375394181989,0.8884615384615384,0.1013624605818011,0.11153846153846159,SAFE_TO_EXECUTE,0.5045390536984206
4508075490_00020,4508075490_00020,"3-way match, invoice before GR",2018-12-21 12:51:00+00:00,2018-12-24 15:34:00+00:00,3.1131944444444444,6.0,R1_0_50,test,SAFE_TO_EXECUTE,grouped_iid,0.8910357894511065,0.8884615384615384,0.10896421054889349,0.11153846153846159,SAFE_TO_EXECUTE,0.5045390536984206
4508075494_00030,4508075494_00030,"3-way match, invoice before GR",2018-12-21 15:43:00+00:00,2018-12-21 16:33:00+00:00,0.034722222222222224,174.0,R1_0_50,test,SAFE_TO_EXECUTE,grouped_iid,0.8959463643215602,0.8884615384615384,0.10405363567843984,0.11153846153846159,SAFE_TO_EXECUTE,0.5045390536984206
4508075494_00040,4508075494_00040,"3-way match, invoice before GR",2018-12-21 15:43:00+00:00,2018-12-21 16:33:00+00:00,0.034722222222222224,776.0,R2_50_90,test,SAFE_TO_EXECUTE,grouped_iid,0.895819749147921,0.8884615384615384,0.10418025085207905,0.11153846153846159,SAFE_TO_EXECUTE,0.5045390536984206
4508075522_00010,4508075522_00010,"3-way match, invoice before GR",2018-12-24 07:10:00+00:00,2018-12-24 09:00:00+00:00,0.0763888888888889,308.0,R1_0_50,test,SAFE_TO_EXECUTE,grouped_iid,0.8948056884180245,0.8884615384615384,0.10519431158197545,0.11153846153846159,SAFE_TO_EXECUTE,0.5045390536984206
4508075093_00080,4508075093_00080,"3-way match, invoice before GR",2018-12-24 12:49:00+00:00,2019-01-04 16:29:00+00:00,11.152777777777779,372.0,R1_0_50,test,SAFE_TO_EXECUTE,grouped_iid,0.8994143485648737,0.8884615384615384,0.10058565143512632,0.11153846153846159,SAFE_TO_EXECUTE,0.5045390536984206
4508072933_00010,4508072933_00010,"3-way match, invoice before GR",2018-12-27 13:18:00+00:00,2019-01-03 20:53:00+00:00,7.315972222222222,1397.0,R2_50_90,test,NOT_SAFE_TO_EXECUTE,grouped_iid,0.8765509053587884,0.8404255319148937,0.12344909464121157,0.15957446808510634,SAFE_TO_EXECUTE,0.6332905746550958
4508075913_00020,4508075913_00020,"3-way match, invoice before GR",2018-12-31 05:51:00+00:00,2019-01-03 16:47:00+00:00,3.4555555555555557,36.0,R1_0_50,test,SAFE_TO_EXECUTE,grouped_iid,0.9078312260542277,0.8884615384615384,0.09216877394577228,0.11153846153846159,SAFE_TO_EXECUTE,0.5045390536984206
4508075913_00040,4508075913_00040,"3-way match, invoice before GR",2018-12-31 05:51:00+00:00,2019-01-03 16:47:00+00:00,3.4555555555555557,1482.0,R2_50_90,test,SAFE_TO_EXECUTE,grouped_iid,0.9075580445479329,0.8884615384615384,0.09244195545206713,0.11153846153846159,SAFE_TO_EXECUTE,0.5045390536984206
4508073778_00020,4508073778_00020,"3-way match, invoice before GR",2018-12-31 06:15:00+00:00,2018-12-31 12:28:00+00:00,0.2590277777777778,523.0,R1_0_50,test,SAFE_TO_EXECUTE,grouped_iid,0.8835526301479222,0.8884615384615384,0.11644736985207782,0.11153846153846159,SAFE_TO_EXECUTE,0.5045390536984206
4508051063_00010,4508051063_00010,"3-way match, invoice before GR",2019-01-02 14:19:00+00:00,2019-01-17 11:28:00+00:00,14.88125,1625.0,R2_50_90,test,SAFE_TO_EXECUTE,grouped_iid,0.9358451552742622,0.9183673469387755,0.06415484472573785,0.08163265306122447,SAFE_TO_EXECUTE,0.4079059801389762
4508051063_00040,4508051063_00040,"3-way match, invoice before GR",2019-01-02 14:19:00+00:00,2019-01-17 11:28:00+00:00,14.88125,384.0,R1_0_50,test,SAFE_TO_EXECUTE,grouped_iid,0.5585376149497204,0.7333333333333333,0.44146238505027957,0.2666666666666667,SAFE_TO_EXECUTE,0.8366407419411673
