regime,rank,coverage,selection_threshold,cum_unsafe,unsafe_execution_rate,cum_selected_exposure_eur,cum_unsafe_exposure_eur,exposure_weighted_unsafe_rate
grouped_iid,1,0.00043878894251864854,1.0,0,0.0,56.0,0.0,0.0
grouped_iid,2,0.0008775778850372971,1.0,0,0.0,141.0,0.0,0.0
grouped_iid,3,0.0013163668275559457,1.0,0,0.0,590.0,0.0,0.0
grouped_iid,4,0.0017551557700745941,1.0,0,0.0,707.0,0.0,0.0
grouped_iid,5,0.002193944712593243,1.0,0,0.0,1351.0,0.0,0.0
grouped_iid,6,0.0026327336551118913,1.0,0,0.0,2823.0,0.0,0.0
grouped_iid,7,0.00307152259763054,1.0,1,0.14285714285714285,9234.0,6411.0,0.6942820012995452
grouped_iid,8,0.0035103115401491883,1.0,1,0.125,9844.0,6411.0,0.6512596505485575
grouped_iid,9,0.003949100482667837,1.0,1,0.1111111111111111,10238.0,6411.0,0.6261965227583512
grouped_iid,10,0.004387889425186486,1.0,1,0.1,13336.0,6411.0,0.4807288542291542
grouped_iid,11,0.004826678367705134,1.0,1,0.09090909090909091,13586.0,6411.0,0.47188282055056674
grouped_iid,12,0.005265467310223783,1.0,1,0.08333333333333333,14150.0,6411.0,0.45307420494699646
grouped_iid,13,0.005704256252742431,1.0,1,0.07692307692307693,14677.0,6411.0,0.43680588676159976
grouped_iid,14,0.00614304519526108,1.0,1,0.07142857142857142,14981.0,6411.0,0.42794205994259393
grouped_iid,15,0.006581834137779728,1.0,1,0.06666666666666667,18809.0,6411.0,0.34084746663831145
grouped_iid,16,0.007020623080298377,1.0,1,0.0625,33358.0,6411.0,0.1921877810420289
grouped_iid,17,0.007459412022817025,1.0,1,0.058823529411764705,33860.0,6411.0,0.18933845245126993
grouped_iid,18,0.007898200965335674,1.0,1,0.05555555555555555,38991.0,6411.0,0.16442255905208894
grouped_iid,19,0.008336989907854322,1.0,1,0.05263157894736842,39240.0,6411.0,0.16337920489296637
grouped_iid,20,0.008775778850372971,1.0,1,0.05,39671.0,6411.0,0.16160419449976052
grouped_iid,21,0.009214567792891619,1.0,1,0.047619047619047616,41309.0,6411.0,0.15519620421699873
grouped_iid,22,0.009653356735410267,1.0,1,0.045454545454545456,42500.0,6411.0,0.15084705882352942
grouped_iid,23,0.010092145677928916,1.0,1,0.043478260869565216,42560.0,6411.0,0.1506343984962406
grouped_iid,24,0.010530934620447565,1.0,1,0.041666666666666664,44962.0,6411.0,0.14258707352875763
grouped_iid,25,0.010969723562966213,1.0,1,0.04,48523.0,6411.0,0.1321229107845764
grouped_iid,26,0.011408512505484861,1.0,1,0.038461538461538464,48969.0,6411.0,0.13091956135514304
grouped_iid,27,0.01184730144800351,1.0,1,0.037037037037037035,49295.0,6411.0,0.13005375798762553
grouped_iid,28,0.01228609039052216,1.0,1,0.03571428571428571,49387.0,6411.0,0.12981148885334198
grouped_iid,29,0.012724879333040808,1.0,1,0.034482758620689655,49682.0,6411.0,0.129040698844652
grouped_iid,30,0.013163668275559455,1.0,1,0.03333333333333333,52453.0,6411.0,0.12222370503117076
grouped_iid,31,0.013602457218078104,1.0,1,0.03225806451612903,55101.0,6411.0,0.11634997549953721
grouped_iid,32,0.014041246160596753,1.0,1,0.03125,73807.0,6411.0,0.08686167978647012
grouped_iid,33,0.014480035103115402,1.0,1,0.030303030303030304,96670.0,6411.0,0.06631840281369608
grouped_iid,34,0.01491882404563405,1.0,1,0.029411764705882353,109140.0,6411.0,0.05874106652006597
grouped_iid,35,0.015357612988152698,1.0,1,0.02857142857142857,109414.0,6411.0,0.058593964209333355
grouped_iid,36,0.015796401930671347,1.0,1,0.027777777777777776,112185.0,6411.0,0.05714667736328386
grouped_iid,37,0.016235190873189996,1.0,1,0.02702702702702703,114679.0,6411.0,0.05590387080459369
grouped_iid,38,0.016673979815708645,1.0,1,0.02631578947368421,117033.0,6411.0,0.05477942118889544
grouped_iid,39,0.017112768758227294,1.0,1,0.02564102564102564,122575.0,6411.0,0.05230267183357128
grouped_iid,40,0.017551557700745943,1.0,1,0.025,122808.0,6411.0,0.05220343951534102
grouped_iid,41,0.017990346643264588,1.0,1,0.024390243902439025,132633.0,6411.0,0.04833638687204542
grouped_iid,42,0.018429135585783237,1.0,1,0.023809523809523808,133338.0,6411.0,0.048080817171399004
grouped_iid,43,0.018867924528301886,1.0,1,0.023255813953488372,134292.0,6411.0,0.047739254758287906
grouped_iid,44,0.019306713470820535,1.0,1,0.022727272727272728,136370.0,6411.0,0.0470118061157146
grouped_iid,45,0.019745502413339184,1.0,1,0.022222222222222223,136778.0,6411.0,0.04687157291377268
grouped_iid,46,0.020184291355857833,1.0,1,0.021739130434782608,159641.0,6411.0,0.04015885643412406
grouped_iid,47,0.020623080298376482,1.0,1,0.02127659574468085,182504.0,6411.0,0.03512799719458204
grouped_iid,48,0.02106186924089513,1.0,1,0.020833333333333332,205367.0,6411.0,0.031217284179055057
grouped_iid,49,0.02150065818341378,1.0,1,0.02040816326530612,256609.0,6411.0,0.024983535261818565
grouped_iid,50,0.021939447125932425,1.0,1,0.02,257127.0,6411.0,0.024933204214259878
grouped_iid,51,0.022378236068451074,1.0,1,0.0196078431372549,257360.0,6411.0,0.024910631022691948
grouped_iid,52,0.022817025010969723,1.0,1,0.019230769230769232,280223.0,6411.0,0.022878207713142747
grouped_iid,53,0.023255813953488372,1.0,1,0.018867924528301886,293386.0,6411.0,0.021851758434281117
grouped_iid,54,0.02369460289600702,1.0,1,0.018518518518518517,294310.0,6411.0,0.02178315381740342
grouped_iid,55,0.02413339183852567,1.0,1,0.01818181818181818,294547.0,6411.0,0.021765626538379275
grouped_iid,56,0.02457218078104432,1.0,2,0.03571428571428571,295015.0,6879.0,0.023317458434316898
grouped_iid,57,0.025010969723562967,1.0,2,0.03508771929824561,295043.0,6879.0,0.023315245574373904
grouped_iid,58,0.025449758666081616,1.0,2,0.034482758620689655,295081.0,6879.0,0.023312243079018982
grouped_iid,59,0.025888547608600262,1.0,2,0.03389830508474576,295119.0,6879.0,0.023309241356876377
grouped_iid,60,0.02632733655111891,1.0,2,0.03333333333333333,315903.0,6879.0,0.021775671646043247
grouped_iid,61,0.02676612549363756,1.0,2,0.03278688524590164,315995.0,6879.0,0.021769331793224576
grouped_iid,62,0.02720491443615621,1.0,2,0.03225806451612903,316072.0,6879.0,0.021764028449214105
grouped_iid,63,0.027643703378674857,1.0,2,0.031746031746031744,317457.0,6879.0,0.021669076441848817
grouped_iid,64,0.028082492321193506,1.0,2,0.03125,317740.0,6879.0,0.021649776546862214
grouped_iid,65,0.028521281263712155,1.0,2,0.03076923076923077,317883.0,6879.0,0.02164003737224073
grouped_iid,66,0.028960070206230804,1.0,2,0.030303030303030304,329660.0,6879.0,0.020866953831220045
grouped_iid,67,0.029398859148749453,1.0,2,0.029850746268656716,341437.0,6879.0,0.02014720138707873
grouped_iid,68,0.0298376480912681,1.0,2,0.029411764705882353,341536.0,6879.0,0.02014136137918111
grouped_iid,69,0.030276437033786747,1.0,2,0.028985507246376812,341604.0,6879.0,0.02013735202163909
grouped_iid,70,0.030715225976305396,1.0,2,0.02857142857142857,341669.0,6879.0,0.02013352103936851
grouped_iid,71,0.031154014918824045,1.0,2,0.028169014084507043,342055.0,6879.0,0.020110800894592974
grouped_iid,72,0.031592803861342694,1.0,2,0.027777777777777776,349676.0,6879.0,0.019672496825632872
grouped_iid,73,0.03203159280386134,1.0,2,0.0273972602739726,349783.0,6879.0,0.019666478931223072
grouped_iid,74,0.03247038174637999,1.0,2,0.02702702702702703,350587.0,6879.0,0.019621377860559577
grouped_iid,75,0.03290917068889864,1.0,2,0.02666666666666667,350657.0,6879.0,0.019617460937611398
grouped_iid,76,0.03334795963141729,1.0,2,0.02631578947368421,351412.0,6879.0,0.019575313307456776
grouped_iid,77,0.03378674857393594,1.0,2,0.025974025974025976,351437.0,6879.0,0.01957392078807866
grouped_iid,78,0.03422553751645459,1.0,2,0.02564102564102564,351482.0,6879.0,0.019571414752391304
grouped_iid,79,0.03466432645897324,1.0,2,0.02531645569620253,351510.0,6879.0,0.019569855765127594
grouped_iid,80,0.035103115401491886,1.0,2,0.025,351532.0,6879.0,0.019568631020789002
grouped_iid,81,0.03554190434401053,1.0,2,0.024691358024691357,351806.0,6879.0,0.01955339022074666
grouped_iid,82,0.035980693286529176,1.0,2,0.024390243902439025,351935.0,6879.0,0.01954622302413798
grouped_iid,83,0.036419482229047825,1.0,2,0.024096385542168676,352080.0,6879.0,0.01953817314246762
grouped_iid,84,0.036858271171566474,1.0,2,0.023809523809523808,354059.0,6879.0,0.019428965228959014
grouped_iid,85,0.03729706011408512,1.0,2,0.023529411764705882,355071.0,6879.0,0.01937359007071825
grouped_iid,86,0.03773584905660377,1.0,2,0.023255813953488372,355538.0,6879.0,0.01934814281455147
grouped_iid,87,0.03817463799912242,1.0,2,0.022988505747126436,358097.0,6879.0,0.019209878887563984
grouped_iid,88,0.03861342694164107,1.0,2,0.022727272727272728,360177.0,6879.0,0.01909894301968199
grouped_iid,89,0.03905221588415972,1.0,3,0.033707865168539325,366109.0,12811.0,0.034992311033052996
grouped_iid,90,0.03949100482667837,1.0,3,0.03333333333333333,366901.0,12811.0,0.03491677591502885
grouped_iid,91,0.03992979376919702,1.0,3,0.03296703296703297,371265.0,12811.0,0.034506349911788074
grouped_iid,92,0.040368582711715666,1.0,3,0.03260869565217391,371491.0,12811.0,0.034485357653348266
grouped_iid,93,0.040807371654234315,1.0,3,0.03225806451612903,371861.0,12811.0,0.03445104487967278
grouped_iid,94,0.041246160596752963,1.0,3,0.031914893617021274,383638.0,12811.0,0.03339345945917766
grouped_iid,95,0.04168494953927161,1.0,3,0.031578947368421054,383930.0,12811.0,0.03336806188628135
grouped_iid,96,0.04212373848179026,1.0,3,0.03125,384181.0,12811.0,0.03334626126747549
grouped_iid,97,0.04256252742430891,1.0,3,0.030927835051546393,384193.0,12811.0,0.03334521972029683
grouped_iid,98,0.04300131636682756,1.0,3,0.030612244897959183,384776.0,12811.0,0.03329469613489407
grouped_iid,99,0.0434401053093462,1.0,3,0.030303030303030304,388240.0,12811.0,0.032997630331753555
grouped_iid,100,0.04387889425186485,1.0,3,0.03,388426.0,12811.0,0.0329818292287334
grouped_iid,101,0.0443176831943835,1.0,3,0.0297029702970297,388525.0,12811.0,0.032973425133517795
grouped_iid,102,0.04475647213690215,1.0,3,0.029411764705882353,388947.0,12811.0,0.03293764960264509
grouped_iid,103,0.0451952610794208,1.0,3,0.02912621359223301,389161.0,12811.0,0.032919537158142775
grouped_iid,104,0.045634050021939446,1.0,3,0.028846153846153848,389460.0,12811.0,0.03289426385251374
grouped_iid,105,0.046072838964458095,1.0,4,0.0380952380952381,389876.0,13227.0,0.03392617139808554
grouped_iid,106,0.046511627906976744,1.0,4,0.03773584905660377,390234.0,13227.0,0.03389504758683252
grouped_iid,107,0.04695041684949539,1.0,4,0.037383177570093455,390393.0,13227.0,0.03388124274769271
grouped_iid,108,0.04738920579201404,1.0,4,0.037037037037037035,390821.0,13227.0,0.03384413836513391
grouped_iid,109,0.04782799473453269,1.0,4,0.03669724770642202,391535.0,13227.0,0.03378242047326548
grouped_iid,110,0.04826678367705134,1.0,4,0.03636363636363636,391609.0,13227.0,0.03377603681222852
grouped_iid,111,0.04870557261956999,1.0,4,0.036036036036036036,392856.0,13227.0,0.03366882521840064
grouped_iid,112,0.04914436156208864,1.0,4,0.03571428571428571,397653.0,13227.0,0.03326266870864799
grouped_iid,113,0.049583150504607286,1.0,4,0.035398230088495575,399731.0,13227.0,0.03308975285879754
grouped_iid,114,0.050021939447125935,1.0,4,0.03508771929824561,415665.0,13227.0,0.03182129840135686
grouped_iid,115,0.050460728389644584,1.0,4,0.034782608695652174,427442.0,13227.0,0.030944549201996997
grouped_iid,116,0.05089951733216323,1.0,4,0.034482758620689655,467431.0,13227.0,0.028297224617109262
grouped_iid,117,0.051338306274681875,1.0,4,0.03418803418803419,467770.0,13227.0,0.028276717190072045
grouped_iid,118,0.051777095217200524,1.0,4,0.03389830508474576,468802.0,13227.0,0.02821447007478637
grouped_iid,119,0.05221588415971917,1.0,4,0.03361344537815126,469873.0,13227.0,0.02815015972401053
grouped_iid,120,0.05265467310223782,1.0,4,0.03333333333333333,492736.0,13227.0,0.026843989479153136
grouped_iid,121,0.05309346204475647,1.0,4,0.03305785123966942,496625.0,13227.0,0.026633778001510195
grouped_iid,122,0.05353225098727512,1.0,4,0.03278688524590164,500798.0,13227.0,0.026411846692678487
grouped_iid,123,0.05397103992979377,1.0,4,0.032520325203252036,523661.0,13227.0,0.025258707446229527
grouped_iid,124,0.05440982887231242,1.0,4,0.03225806451612903,523816.0,13227.0,0.025251233257479726
grouped_iid,125,0.054848617814831066,1.0,4,0.032,523865.0,13227.0,0.025248871369532227
grouped_iid,126,0.055287406757349715,1.0,4,0.031746031746031744,524041.0,13227.0,0.02524039149608523
grouped_iid,127,0.055726195699868364,1.0,4,0.031496062992125984,524245.0,13227.0,0.025230569676391763
grouped_iid,128,0.05616498464238701,1.0,4,0.03125,524358.0,13227.0,0.025225132447678877
grouped_iid,129,0.05660377358490566,1.0,4,0.031007751937984496,524704.0,13227.0,0.025208498505824236
grouped_iid,130,0.05704256252742431,1.0,4,0.03076923076923077,525018.0,13227.0,0.025193421939819206
grouped_iid,131,0.05748135146994296,1.0,4,0.030534351145038167,525626.0,13227.0,0.02516428030576874
grouped_iid,132,0.05792014041246161,1.0,4,0.030303030303030304,525814.0,13227.0,0.025155283046856873
grouped_iid,133,0.05835892935498026,1.0,4,0.03007518796992481,527361.0,13227.0,0.02508149066768305
grouped_iid,134,0.058797718297498906,1.0,4,0.029850746268656716,527439.0,13227.0,0.025077781506487005
grouped_iid,135,0.05923650724001755,1.0,4,0.02962962962962963,529517.0,13227.0,0.024979367990073973
grouped_iid,136,0.0596752961825362,1.0,4,0.029411764705882353,529970.0,13227.0,0.024958016491499518
grouped_iid,137,0.060114085125054846,1.0,4,0.029197080291970802,530220.0,13227.0,0.024946248726943534
grouped_iid,138,0.060552874067573495,1.0,4,0.028985507246376812,530739.0,13227.0,0.024921854244741765
grouped_iid,139,0.060991663010092144,1.0,4,0.02877697841726619,531887.0,13227.0,0.024868064081280422
grouped_iid,140,0.06143045195261079,1.0,4,0.02857142857142857,532392.0,13227.0,0.024844475499256186
grouped_iid,141,0.06186924089512944,1.0,4,0.028368794326241134,532495.0,13227.0,0.024839669856054986
grouped_iid,142,0.06230802983764809,1.0,4,0.028169014084507043,533022.0,13227.0,0.024815110820941726
grouped_iid,143,0.06274681878016675,1.0,5,0.03496503496503497,533245.0,13450.0,0.025222927547375033
grouped_iid,144,0.06318560772268539,1.0,5,0.034722222222222224,533421.0,13450.0,0.025214605349245717
grouped_iid,145,0.06362439666520403,1.0,5,0.034482758620689655,533427.0,13450.0,0.025214321734745335
grouped_iid,146,0.06406318560772269,1.0,5,0.03424657534246575,533433.0,13450.0,0.025214038126625087
grouped_iid,147,0.06450197455024133,1.0,5,0.034013605442176874,533574.0,13450.0,0.025207375171953657
grouped_iid,148,0.06494076349275998,0.9983396081333317,5,0.033783783783783786,537135.0,13450.0,0.02504025989741871
grouped_iid,149,0.06537955243527863,0.9952680000920235,5,0.03355704697986577,537380.0,13450.0,0.02502884364881462
grouped_iid,150,0.06581834137779728,0.9949238578680203,5,0.03333333333333333,537386.0,13450.0,0.02502856419780195
grouped_iid,151,0.06625713032031592,0.9949238578680203,5,0.033112582781456956,537411.0,13450.0,0.025027399885748525
grouped_iid,152,0.06669591926283458,0.9949238578680203,5,0.03289473684210526,540605.0,13450.0,0.024879533115675957
grouped_iid,153,0.06713470820535322,0.9949238578680203,5,0.032679738562091505,540738.0,13450.0,0.024873413741960063
grouped_iid,154,0.06757349714787188,0.9949238578680203,5,0.032467532467532464,541135.0,13450.0,0.024855165531706507
grouped_iid,155,0.06801228609039052,0.9949238578680203,5,0.03225806451612903,543650.0,13450.0,0.024740182102455623
grouped_iid,156,0.06845107503290918,0.9949238578680203,5,0.03205128205128205,545549.0,13450.0,0.02465406407123833
grouped_iid,157,0.06888986397542782,0.9949238578680203,5,0.03184713375796178,545637.0,13450.0,0.02465008787893783
grouped_iid,158,0.06932865291794647,0.9949238578680203,5,0.03164556962025317,548308.0,13450.0,0.024530008681252144
grouped_iid,159,0.06976744186046512,0.9949238578680203,5,0.031446540880503145,548330.0,13450.0,0.02452902449255011
grouped_iid,160,0.07020623080298377,0.9949238578680203,5,0.03125,549266.0,13450.0,0.02448722476905543
grouped_iid,161,0.07064501974550241,0.9949238578680203,5,0.031055900621118012,549435.0,13450.0,0.024479692775305543
grouped_iid,162,0.07108380868802106,0.9949238578680203,5,0.030864197530864196,549601.0,13450.0,0.024472298995089164
grouped_iid,163,0.07152259763053971,0.9949238578680203,5,0.03067484662576687,549826.0,13450.0,0.02446228443180206
grouped_iid,164,0.07196138657305835,0.9949238578680203,5,0.03048780487804878,549845.0,13450.0,0.02446143913284653
grouped_iid,165,0.07240017551557701,0.9949238578680203,5,0.030303030303030304,550284.0,13450.0,0.024441924533513605
grouped_iid,166,0.07283896445809565,0.9949238578680203,5,0.030120481927710843,550398.0,13450.0,0.024436862052551064
grouped_iid,167,0.0732777534006143,0.9949238578680203,5,0.029940119760479042,555465.0,13450.0,0.024213946873340355
grouped_iid,168,0.07371654234313295,0.9949238578680203,5,0.02976190476190476,555864.0,13450.0,0.02419656606651987
grouped_iid,169,0.0741553312856516,0.9949238578680203,5,0.029585798816568046,555936.0,13450.0,0.024193432337535258
grouped_iid,170,0.07459412022817025,0.9949238578680203,5,0.029411764705882353,556340.0,13450.0,0.024175863680483158
grouped_iid,171,0.0750329091706889,0.9949238578680203,5,0.029239766081871343,556369.0,13450.0,0.024174603545488695
grouped_iid,172,0.07547169811320754,0.9949238578680203,5,0.029069767441860465,556385.0,13450.0,0.024173908354826246
grouped_iid,173,0.0759104870557262,0.9949238578680203,5,0.028901734104046242,556481.0,13450.0,0.024169738050355716
grouped_iid,174,0.07634927599824484,0.9949238578680203,5,0.028735632183908046,556689.0,13450.0,0.024160707324915705
grouped_iid,175,0.0767880649407635,0.9949238578680203,5,0.02857142857142857,557007.0,13450.0,0.02414691377307646
grouped_iid,176,0.07722685388328214,0.9949238578680203,5,0.028409090909090908,561006.0,13450.0,0.02397478814843335
grouped_iid,177,0.0776656428258008,0.9949238578680203,5,0.02824858757062147,562605.0,13450.0,0.02390664853671759
grouped_iid,178,0.07810443176831944,0.9949238578680203,5,0.028089887640449437,562844.0,13450.0,0.023896497075566233
grouped_iid,179,0.0785432207108381,0.9949238578680203,5,0.027932960893854747,563002.0,13450.0,0.023889790800032683
grouped_iid,180,0.07898200965335674,0.9949238578680203,5,0.027777777777777776,563005.0,13450.0,0.023889663502100335
grouped_iid,181,0.07942079859587538,0.9949238578680203,5,0.027624309392265192,563944.0,13450.0,0.023849885804264254
grouped_iid,182,0.07985958753839403,0.9949238578680203,5,0.027472527472527472,564343.0,13450.0,0.023833023533560264
grouped_iid,183,0.08029837648091268,0.9949238578680203,5,0.0273224043715847,564848.0,13450.0,0.02381171571821092
grouped_iid,184,0.08073716542343133,0.9949238578680203,5,0.02717391304347826,566446.0,13450.0,0.023744540521073502
grouped_iid,185,0.08117595436594997,0.9949238578680203,5,0.02702702702702703,566820.0,13450.0,0.023728873363678064
grouped_iid,186,0.08161474330846863,0.9949238578680203,5,0.026881720430107527,566925.0,13450.0,0.02372447854654496
grouped_iid,187,0.08205353225098727,0.9949238578680203,5,0.026737967914438502,567197.0,13450.0,0.023713101444471675
grouped_iid,188,0.08249232119350593,0.9949238578680203,5,0.026595744680851064,567479.0,13450.0,0.02370131758179598
grouped_iid,189,0.08293111013602457,0.9949238578680203,5,0.026455026455026454,567599.0,13450.0,0.023696306723584783
grouped_iid,190,0.08336989907854322,0.9949238578680203,5,0.02631578947368421,567634.0,13450.0,0.02369484562235525
grouped_iid,191,0.08380868802106187,0.9949238578680203,5,0.02617801047120419,567729.0,13450.0,0.023690880684270135
grouped_iid,192,0.08424747696358052,0.9949238578680203,5,0.026041666666666668,567799.0,13450.0,0.023687959999929554
grouped_iid,193,0.08468626590609916,0.9949238578680203,5,0.025906735751295335,567932.0,13450.0,0.023682412683208552
grouped_iid,194,0.08512505484861782,0.9949238578680203,5,0.02577319587628866,568108.0,13450.0,0.02367507586585649
grouped_iid,195,0.08556384379113646,0.9949238578680203,5,0.02564102564102564,570418.0,13450.0,0.023579199814872602
grouped_iid,196,0.08600263273365512,0.9949238578680203,5,0.025510204081632654,572868.0,13450.0,0.0234783580161573
grouped_iid,197,0.08644142167617376,0.9949238578680203,5,0.025380710659898477,573220.0,13450.0,0.023463940546387077
grouped_iid,198,0.0868802106186924,0.9949238578680203,5,0.025252525252525252,575492.0,13450.0,0.023371306638493673
grouped_iid,199,0.08731899956121106,0.9949238578680203,5,0.02512562814070352,581901.0,13450.0,0.02311389738116965
grouped_iid,200,0.0877577885037297,0.9949238578680203,5,0.025,583102.0,13450.0,0.023066290288834543
grouped_iid,201,0.08819657744624836,0.9949238578680203,5,0.024875621890547265,583371.0,13450.0,0.02305565412061964
grouped_iid,202,0.088635366388767,0.9949238578680203,5,0.024752475247524754,583481.0,13450.0,0.023051307583280348
grouped_iid,203,0.08907415533128565,0.9949238578680203,5,0.024630541871921183,583704.0,13450.0,0.02304250099365432
grouped_iid,204,0.0895129442738043,0.9949238578680203,5,0.024509803921568627,583960.0,13450.0,0.023032399479416397
grouped_iid,205,0.08995173321632295,0.9949238578680203,5,0.024390243902439025,585317.0,13450.0,0.02297900112246868
grouped_iid,206,0.0903905221588416,0.9949238578680203,5,0.024271844660194174,586940.0,13450.0,0.022915459842573347
grouped_iid,207,0.09082931110136025,0.9949238578680203,5,0.024154589371980676,588212.0,13450.0,0.0228659054898574
grouped_iid,208,0.09126810004387889,0.9949238578680203,5,0.02403846153846154,588235.0,13450.0,0.022865011432505716
grouped_iid,209,0.09170688898639755,0.9949238578680203,5,0.023923444976076555,588620.0,13450.0,0.022850056063334578
grouped_iid,210,0.09214567792891619,0.9949238578680203,5,0.023809523809523808,589194.0,13450.0,0.022827795259286417
grouped_iid,211,0.09258446687143485,0.9949238578680203,5,0.023696682464454975,589958.0,13450.0,0.022798233094559275
grouped_iid,212,0.09302325581395349,0.9949238578680203,5,0.02358490566037736,593588.0,13450.0,0.022658813857422994
grouped_iid,213,0.09346204475647214,0.9949238578680203,5,0.023474178403755867,594437.0,13450.0,0.022626451583599272
grouped_iid,214,0.09390083369899078,0.9949238578680203,5,0.02336448598130841,594893.0,13450.0,0.02260910785637081
grouped_iid,215,0.09433962264150944,0.9949238578680203,5,0.023255813953488372,595317.0,13450.0,0.022593005071247757
grouped_iid,216,0.09477841158402808,0.9949238578680203,5,0.023148148148148147,595553.0,13450.0,0.022584052133059525
grouped_iid,217,0.09521720052654672,0.9949238578680203,5,0.02304147465437788,595966.0,13450.0,0.022568401553108734
grouped_iid,218,0.09565598946906538,0.9949238578680203,5,0.022935779816513763,596068.0,13450.0,0.02256453961628539
grouped_iid,219,0.09609477841158402,0.9949238578680203,5,0.0228310502283105,596421.0,13450.0,0.02255118448210241
grouped_iid,220,0.09653356735410268,0.9949238578680203,5,0.022727272727272728,596799.0,13450.0,0.022536901033681358
grouped_iid,221,0.09697235629662132,0.9949238578680203,5,0.02262443438914027,605738.0,13450.0,0.0222043193591949
grouped_iid,222,0.09741114523913998,0.9949238578680203,5,0.02252252252252252,606868.0,13450.0,0.022162974485390563
grouped_iid,223,0.09784993418165862,0.9949238578680203,5,0.02242152466367713,607928.0,13450.0,0.02212433051282389
grouped_iid,224,0.09828872312417727,0.9949238578680203,5,0.022321428571428572,611982.0,13450.0,0.02197777058802383
grouped_iid,225,0.09872751206669592,0.9949238578680203,5,0.022222222222222223,612601.0,13450.0,0.02195556324589741
grouped_iid,226,0.09916630100921457,0.9949238578680203,5,0.022123893805309734,614347.0,13450.0,0.021893164612181715
grouped_iid,227,0.09960508995173321,0.9949238578680203,5,0.022026431718061675,614732.0,13450.0,0.02187945316007626
grouped_iid,228,0.10004387889425187,0.9949238578680203,5,0.021929824561403508,614851.0,13450.0,0.0218752185488842
grouped_iid,229,0.10048266783677051,0.9949238578680203,5,0.021834061135371178,614937.0,13450.0,0.021872159261843084
grouped_iid,230,0.10092145677928917,0.9949238578680203,5,0.021739130434782608,615000.0,13450.0,0.02186991869918699
grouped_iid,231,0.10136024572180781,0.9949238578680203,5,0.021645021645021644,615918.0,13450.0,0.021837322500722497
grouped_iid,232,0.10179903466432647,0.9949238578680203,5,0.021551724137931036,616003.0,13450.0,0.02183430924849392
grouped_iid,233,0.10223782360684511,0.9949238578680203,5,0.02145922746781116,616288.0,13450.0,0.021824212056700765
grouped_iid,234,0.10267661254936375,0.9949238578680203,5,0.021367521367521368,616948.0,13450.0,0.021800864902714653
grouped_iid,235,0.1031154014918824,0.9949238578680203,5,0.02127659574468085,617475.0,13450.0,0.021782258391027976
grouped_iid,236,0.10355419043440105,0.9949238578680203,5,0.0211864406779661,617571.0,13450.0,0.021778872388761777
grouped_iid,237,0.1039929793769197,0.9949238578680203,5,0.02109704641350211,617800.0,13450.0,0.021770799611524765
grouped_iid,238,0.10443176831943835,0.9949238578680203,5,0.02100840336134454,622636.0,13450.0,0.021601706293885994
grouped_iid,239,0.104870557261957,0.9949238578680203,5,0.02092050209205021,622810.0,13450.0,0.02159567123199692
grouped_iid,240,0.10530934620447564,0.9949238578680203,5,0.020833333333333332,622816.0,13450.0,0.02159546318655911
grouped_iid,241,0.1057481351469943,0.9949238578680203,5,0.02074688796680498,623427.0,13450.0,0.02157429819369389
grouped_iid,242,0.10618692408951294,0.9949238578680203,5,0.02066115702479339,623844.0,13450.0,0.021559877148774373
grouped_iid,243,0.1066257130320316,0.9949238578680203,5,0.0205761316872428,623902.0,13450.0,0.02155787287105988
grouped_iid,244,0.10706450197455024,0.9949238578680203,5,0.020491803278688523,625533.0,13450.0,0.021501663381468285
grouped_iid,245,0.1075032909170689,0.9949238578680203,5,0.02040816326530612,625709.0,13450.0,0.021495615373919825
grouped_iid,246,0.10794207985958754,0.9949238578680203,5,0.02032520325203252,625718.0,13450.0,0.021495306192246346
grouped_iid,247,0.10838086880210619,0.9949238578680203,5,0.020242914979757085,627960.0,13450.0,0.021418561691827504
grouped_iid,248,0.10881965774462483,0.9949238578680203,5,0.020161290322580645,628575.0,13450.0,0.021397605695422185
grouped_iid,249,0.10925844668714349,0.9949238578680203,5,0.020080321285140562,634185.0,13450.0,0.021208322492648046
grouped_iid,250,0.10969723562966213,0.9949238578680203,5,0.02,634407.0,13450.0,0.021200900998885573
grouped_iid,251,0.11013602457218079,0.9949238578680203,5,0.0199203187250996,634551.0,13450.0,0.021196089833598875
grouped_iid,252,0.11057481351469943,0.9949238578680203,5,0.01984126984126984,634611.0,13450.0,0.0211940858258051
grouped_iid,253,0.11101360245721807,0.9949238578680203,5,0.019762845849802372,634982.0,13450.0,0.0211817027884255
grouped_iid,254,0.11145239139973673,0.9949238578680203,5,0.01968503937007874,635294.0,13450.0,0.021171300216907447
grouped_iid,255,0.11189118034225537,0.9949238578680203,5,0.0196078431372549,635781.0,13450.0,0.02115508327553041
grouped_iid,256,0.11232996928477403,0.9949238578680203,5,0.01953125,636399.0,13450.0,0.02113453980914489
grouped_iid,257,0.11276875822729267,0.9949238578680203,5,0.019455252918287938,637605.0,13450.0,0.021094564816775276
grouped_iid,258,0.11320754716981132,0.9949238578680203,5,0.01937984496124031,637753.0,13450.0,0.02108966951155071
grouped_iid,259,0.11364633611232997,0.9949238578680203,5,0.019305019305019305,637870.0,13450.0,0.02108580118205904
grouped_iid,260,0.11408512505484862,0.9949238578680203,5,0.019230769230769232,639836.0,13450.0,0.02102101163423127
grouped_iid,261,0.11452391399736726,0.9949238578680203,5,0.019157088122605363,639871.0,13450.0,0.021019861815897267
grouped_iid,262,0.11496270293988592,0.9949238578680203,5,0.019083969465648856,640118.0,13450.0,0.021011750958417043
grouped_iid,263,0.11540149188240456,0.9949238578680203,5,0.019011406844106463,644325.0,13450.0,0.020874558646645714
grouped_iid,264,0.11584028082492322,0.9949238578680203,5,0.01893939393939394,661645.0,13450.0,0.020328121575769485
grouped_iid,265,0.11627906976744186,0.9949238578680203,5,0.018867924528301886,664411.0,13450.0,0.02024349386148032
grouped_iid,266,0.11671785870996051,0.9949238578680203,5,0.018796992481203006,666489.0,13450.0,0.020180378070755855
grouped_iid,267,0.11715664765247916,0.9949238578680203,5,0.018726591760299626,666611.0,13450.0,0.02017668475317689
grouped_iid,268,0.11759543659499781,0.9949238578680203,5,0.018656716417910446,666836.0,13450.0,0.020169876851279776
grouped_iid,269,0.11803422553751645,0.9949238578680203,5,0.01858736059479554,667302.0,13450.0,0.02015579153067127
grouped_iid,270,0.1184730144800351,0.9949238578680203,5,0.018518518518518517,688828.0,13450.0,0.019525919387713624
grouped_iid,271,0.11891180342255375,0.9949238578680203,5,0.01845018450184502,690163.0,13450.0,0.019488149900820533
grouped_iid,272,0.1193505923650724,0.9949238578680203,5,0.01838235294117647,693501.0,13450.0,0.019394348385943207
grouped_iid,273,0.11978938130759105,0.9949238578680203,5,0.018315018315018316,693800.0,13450.0,0.019385990198904583
grouped_iid,274,0.12022817025010969,0.9949238578680203,5,0.01824817518248175,696653.0,13450.0,0.019306598837584853
grouped_iid,275,0.12066695919262835,0.9949238578680203,5,0.01818181818181818,696810.0,13450.0,0.019302248819620844
grouped_iid,276,0.12110574813514699,0.9949238578680203,5,0.018115942028985508,697055.0,13450.0,0.019295464489889606
grouped_iid,277,0.12154453707766565,0.9949238578680203,5,0.018050541516245487,697070.0,13450.0,0.019295049277690907
grouped_iid,278,0.12198332602018429,0.9949238578680203,5,0.017985611510791366,698178.0,13450.0,0.019264428269008763
grouped_iid,279,0.12242211496270294,0.9949238578680203,5,0.017921146953405017,699286.0,13450.0,0.019233904296668314
grouped_iid,280,0.12286090390522159,0.9949238578680203,5,0.017857142857142856,700291.0,13450.0,0.019206301380426137
grouped_iid,281,0.12329969284774024,0.9949238578680203,5,0.017793594306049824,701063.0,13450.0,0.01918515169107484
grouped_iid,282,0.12373848179025888,0.9949238578680203,5,0.01773049645390071,701474.0,13450.0,0.019173910936114525
grouped_iid,283,0.12417727073277754,0.9949238578680203,5,0.0176678445229682,701883.0,13450.0,0.019162737949202358
grouped_iid,284,0.12461605967529618,0.9949238578680203,5,0.017605633802816902,704602.0,13450.0,0.019088790551261562
grouped_iid,285,0.12505484861781482,0.9949238578680203,5,0.017543859649122806,705439.0,13450.0,0.019066141792557542
grouped_iid,286,0.1254936375603335,0.9949238578680203,5,0.017482517482517484,706006.0,13450.0,0.019050829596349038
grouped_iid,287,0.12593242650285214,0.9949238578680203,5,0.017421602787456445,707274.0,13450.0,0.01901667529132981
grouped_iid,288,0.12637121544537078,0.9949238578680203,5,0.017361111111111112,707870.0,13450.0,0.01900066396372215
grouped_iid,289,0.12681000438788942,0.9949238578680203,5,0.01730103806228374,708046.0,13450.0,0.01899594094169023
grouped_iid,290,0.12724879333040806,0.9949238578680203,5,0.017241379310344827,710225.0,13450.0,0.018937660600513922
grouped_iid,291,0.12768758227292673,0.9949238578680203,5,0.01718213058419244,712015.0,13450.0,0.018890051473634685
grouped_iid,292,0.12812637121544537,0.9949238578680203,5,0.017123287671232876,721166.0,13450.0,0.018650352346061796
grouped_iid,293,0.12856516015796401,0.9949238578680203,5,0.017064846416382253,722018.0,13450.0,0.01862834444570634
grouped_iid,294,0.12900394910048266,0.9949238578680203,5,0.017006802721088437,722051.0,13450.0,0.01862749307181903
grouped_iid,295,0.12944273804300133,0.9949238578680203,5,0.01694915254237288,723319.0,13450.0,0.01859483851523325
grouped_iid,296,0.12988152698551997,0.9949238578680203,5,0.016891891891891893,723333.0,13450.0,0.018594478614967103
grouped_iid,297,0.1303203159280386,0.9949238578680203,5,0.016835016835016835,725082.0,13450.0,0.018549626111253624
grouped_iid,298,0.13075910487055725,0.9949238578680203,5,0.016778523489932886,833037.0,13450.0,0.01614574142565096
grouped_iid,299,0.13119789381307592,0.9949238578680203,6,0.020066889632107024,840658.0,21071.0,0.0250648896459678
grouped_iid,300,0.13163668275559456,0.9949238578680203,6,0.02,844725.0,21071.0,0.024944212613572464
grouped_iid,301,0.1320754716981132,0.9949238578680203,6,0.019933554817275746,847280.0,21071.0,0.02486899254083656
grouped_iid,302,0.13251426064063185,0.9949238578680203,6,0.019867549668874173,848422.0,21071.0,0.024835518173739014
grouped_iid,303,0.13295304958315052,0.9949238578680203,6,0.019801980198019802,869870.0,21071.0,0.024223159782496236
grouped_iid,304,0.13339183852566916,0.9949238578680203,6,0.019736842105263157,875949.0,21071.0,0.02405505343347615
grouped_iid,305,0.1338306274681878,0.9949238578680203,6,0.019672131147540985,877186.0,21071.0,0.024021131208204417
grouped_iid,306,0.13426941641070644,0.9949238578680203,6,0.0196078431372549,877573.0,21071.0,0.024010538154660636
grouped_iid,307,0.13470820535322509,0.9949238578680203,6,0.019543973941368076,878267.0,21071.0,0.023991565207391374
grouped_iid,308,0.13514699429574376,0.9949238578680203,6,0.01948051948051948,879411.0,21071.0,0.023960355283252084
grouped_iid,309,0.1355857832382624,0.9949238578680203,6,0.019417475728155338,879636.0,21071.0,0.023954226520970037
grouped_iid,310,0.13602457218078104,0.9949238578680203,6,0.01935483870967742,879811.0,21071.0,0.023949461873061375
grouped_iid,311,0.13646336112329968,0.9949238578680203,6,0.01929260450160772,879853.0,21071.0,0.023948318639590932
grouped_iid,312,0.13690215006581835,0.9949238578680203,6,0.019230769230769232,880222.0,21071.0,0.023938279206836457
grouped_iid,313,0.137340939008337,0.9949238578680203,6,0.019169329073482427,880594.0,21071.0,0.023928166669316395
grouped_iid,314,0.13777972795085563,0.9949238578680203,6,0.01910828025477707,880681.0,21071.0,0.02392580287300396
grouped_iid,315,0.13821851689337428,0.9949238578680203,6,0.01904761904761905,881517.0,21071.0,0.023903112475425887
grouped_iid,316,0.13865730583589295,0.9949238578680203,6,0.0189873417721519,882552.0,21071.0,0.02387508044851748
grouped_iid,317,0.1390960947784116,0.9949238578680203,6,0.01892744479495268,882572.0,21071.0,0.023874539414348063
grouped_iid,318,0.13953488372093023,0.9949238578680203,6,0.018867924528301886,903356.0,21071.0,0.02332524497540283
grouped_iid,319,0.13997367266344887,0.9949238578680203,6,0.018808777429467086,904231.0,21071.0,0.02330267376367322
grouped_iid,320,0.14041246160596754,0.9949238578680203,6,0.01875,905231.0,21071.0,0.023276931523555866
grouped_iid,321,0.14085125054848618,0.9949238578680203,6,0.018691588785046728,905331.0,21071.0,0.023274360427291235
grouped_iid,322,0.14129003949100483,0.9949238578680203,6,0.018633540372670808,905368.0,21071.0,0.023273409265624587
grouped_iid,323,0.14172882843352347,0.9949238578680203,6,0.018575851393188854,905717.0,21071.0,0.023264441321074907
grouped_iid,324,0.1421676173760421,0.9949238578680203,6,0.018518518518518517,905842.0,21071.0,0.02326123098730242
grouped_iid,325,0.14260640631856078,0.9949238578680203,6,0.018461538461538463,907256.0,21071.0,0.023224977294170553
grouped_iid,326,0.14304519526107942,0.9949238578680203,6,0.018404907975460124,907817.0,21071.0,0.023210625048881
grouped_iid,327,0.14348398420359806,0.9949238578680203,6,0.01834862385321101,907965.0,21071.0,0.023206841673412523
grouped_iid,328,0.1439227731461167,0.9949238578680203,6,0.018292682926829267,908014.0,21071.0,0.023205589341133506
grouped_iid,329,0.14436156208863538,0.9949238578680203,6,0.0182370820668693,908109.0,21071.0,0.02320316173498996
grouped_iid,330,0.14480035103115402,0.9949238578680203,6,0.01818181818181818,910037.0,21071.0,0.0231540036284239
grouped_iid,331,0.14523913997367266,0.9949238578680203,6,0.01812688821752266,910565.0,21071.0,0.023140577553497004
grouped_iid,332,0.1456779289161913,0.9949238578680203,6,0.018072289156626505,911976.0,21071.0,0.02310477468705317
grouped_iid,333,0.14611671785870997,0.9949238578680203,6,0.018018018018018018,912501.0,21071.0,0.02309148154358187
grouped_iid,334,0.1465555068012286,0.9949238578680203,6,0.017964071856287425,912927.0,21071.0,0.023080706343442576
grouped_iid,335,0.14699429574374726,0.9949238578680203,6,0.01791044776119403,913566.0,21071.0,0.023064562385202603
grouped_iid,336,0.1474330846862659,0.9949238578680203,6,0.017857142857142856,913780.0,21071.0,0.02305916084834424
grouped_iid,337,0.14787187362878457,0.9949238578680203,6,0.017804154302670624,915608.0,21071.0,0.023013123520109043
grouped_iid,338,0.1483106625713032,0.9949238578680203,6,0.01775147928994083,916079.0,21071.0,0.023001291373342257
grouped_iid,339,0.14874945151382185,0.9949238578680203,6,0.017699115044247787,916356.0,21071.0,0.022994338444883865
grouped_iid,340,0.1491882404563405,0.9949238578680203,6,0.01764705882352941,916393.0,21071.0,0.022993410032595186
grouped_iid,341,0.14962702939885913,0.9949238578680203,6,0.017595307917888565,916556.0,21071.0,0.022989320892558666
grouped_iid,342,0.1500658183413778,0.9949238578680203,6,0.017543859649122806,918325.0,21071.0,0.02294503579887295
grouped_iid,343,0.15050460728389645,0.9949238578680203,6,0.01749271137026239,919310.0,21071.0,0.022920451207971197
grouped_iid,344,0.1509433962264151,0.9949238578680203,6,0.01744186046511628,919595.0,21071.0,0.022913347723726205
grouped_iid,345,0.15138218516893373,0.9949238578680203,6,0.017391304347826087,920080.0,21071.0,0.022901269454830016
grouped_iid,346,0.1518209741114524,0.9949238578680203,6,0.017341040462427744,920559.0,21071.0,0.022889353099584057
grouped_iid,347,0.15225976305397104,0.9949238578680203,6,0.01729106628242075,921234.0,21071.0,0.022872581776182815
grouped_iid,348,0.15269855199648968,0.9949238578680203,6,0.017241379310344827,921423.0,21071.0,0.02286789020894855
grouped_iid,349,0.15313734093900833,0.9949238578680203,6,0.017191977077363897,922070.0,21071.0,0.02285184422007006
grouped_iid,350,0.153576129881527,0.9949238578680203,6,0.017142857142857144,925143.0,21071.0,0.022775938422492523
grouped_iid,351,0.15401491882404564,0.9949238578680203,6,0.017094017094017096,939353.0,21071.0,0.02243139692958877
grouped_iid,352,0.15445370776656428,0.9949238578680203,6,0.017045454545454544,939500.0,21071.0,0.02242788717402874
grouped_iid,353,0.15489249670908292,0.9949238578680203,6,0.0169971671388102,939960.0,21071.0,0.022416911357930124
grouped_iid,354,0.1553312856516016,0.9949238578680203,6,0.01694915254237288,940116.0,21071.0,0.02241319156359428
grouped_iid,355,0.15577007459412023,0.9949238578680203,6,0.016901408450704224,940358.0,21071.0,0.022407423555709634
grouped_iid,356,0.15620886353663888,0.9949238578680203,6,0.016853932584269662,940985.0,21071.0,0.02239249297278915
grouped_iid,357,0.15664765247915752,0.9949238578680203,6,0.01680672268907563,941273.0,21071.0,0.022385641572636207
grouped_iid,358,0.1570864414216762,0.9949238578680203,6,0.01675977653631285,942084.0,21071.0,0.022366370727026463
grouped_iid,359,0.15752523036419483,0.9949238578680203,6,0.016713091922005572,942418.0,21071.0,0.022358443917667108
grouped_iid,360,0.15796401930671347,0.9949238578680203,6,0.016666666666666666,942489.0,21071.0,0.02235675960143832
grouped_iid,361,0.1584028082492321,0.9949238578680203,6,0.01662049861495845,942712.0,21071.0,0.022351471074941235
grouped_iid,362,0.15884159719175076,0.9949238578680203,6,0.016574585635359115,948067.0,21071.0,0.02222522247900201
grouped_iid,363,0.15928038613426942,0.9949238578680203,6,0.01652892561983471,948079.0,21071.0,0.02222494117051427
grouped_iid,364,0.15971917507678807,0.9949238578680203,6,0.016483516483516484,948896.0,21071.0,0.022205805483424948
grouped_iid,365,0.1601579640193067,0.9949238578680203,7,0.019178082191780823,949038.0,21213.0,0.022352108134763835
grouped_iid,366,0.16059675296182535,0.9949238578680203,7,0.01912568306010929,949424.0,21213.0,0.022343020610391142
grouped_iid,367,0.16103554190434402,0.9949238578680203,7,0.01907356948228883,951862.0,21213.0,0.022285793528893896
grouped_iid,368,0.16147433084686266,0.9949238578680203,7,0.019021739130434784,952477.0,21213.0,0.022271403928913767
grouped_iid,369,0.1619131197893813,0.9949238578680203,7,0.018970189701897018,953696.0,21213.0,0.02224293695265577
grouped_iid,370,0.16235190873189995,0.9949238578680203,7,0.01891891891891892,954445.0,21213.0,0.02222548182451582
grouped_iid,371,0.16279069767441862,0.9949238578680203,7,0.018867924528301886,966493.0,21213.0,0.021948425906861198
grouped_iid,372,0.16322948661693726,0.9949238578680203,7,0.01881720430107527,966534.0,21213.0,0.021947494863088106
grouped_iid,373,0.1636682755594559,0.9949238578680203,7,0.01876675603217158,968034.0,21213.0,0.02191348650977135
grouped_iid,374,0.16410706450197454,0.9949238578680203,7,0.01871657754010695,969730.0,21213.0,0.0218751611273241
grouped_iid,375,0.1645458534444932,0.9949238578680203,7,0.018666666666666668,969752.0,21213.0,0.02187466486276904
grouped_iid,376,0.16498464238701185,0.9949238578680203,7,0.018617021276595744,971294.0,21213.0,0.02183993723836449
grouped_iid,377,0.1654234313295305,0.9949238578680203,7,0.01856763925729443,972196.0,21213.0,0.021819674222070446
grouped_iid,378,0.16586222027204914,0.9949238578680203,7,0.018518518518518517,974184.0,21213.0,0.021775147200118253
grouped_iid,379,0.16630100921456778,0.9949238578680203,7,0.018469656992084433,975009.0,21213.0,0.02175672224564081
grouped_iid,380,0.16673979815708645,0.9949238578680203,7,0.018421052631578946,1015954.0,21213.0,0.020879882356878363
grouped_iid,381,0.1671785870996051,0.9949238578680203,7,0.01837270341207349,1016505.0,21213.0,0.02086856434547789
grouped_iid,382,0.16761737604212373,0.9949238578680203,7,0.01832460732984293,1016787.0,21213.0,0.020862776569724042
grouped_iid,383,0.16805616498464238,0.9949238578680203,7,0.018276762402088774,1017352.0,21213.0,0.02085119014854249
grouped_iid,384,0.16849495392716105,0.9949238578680203,7,0.018229166666666668,1026503.0,21213.0,0.02066530735906276
grouped_iid,385,0.1689337428696797,0.9949238578680203,7,0.01818181818181818,1043280.0,21213.0,0.020332988267770878
grouped_iid,386,0.16937253181219833,0.9949238578680203,7,0.018134715025906734,1043549.0,21213.0,0.020327746948154805
grouped_iid,387,0.16981132075471697,0.9949238578680203,7,0.01808785529715762,1043696.0,21213.0,0.020324883874231578
grouped_iid,388,0.17025010969723564,0.9949238578680203,7,0.01804123711340206,1044042.0,21213.0,0.020318148120477914
grouped_iid,389,0.17068889863975428,0.9949238578680203,7,0.017994858611825194,1044338.0,21213.0,0.020312389283929148
grouped_iid,390,0.17112768758227292,0.9949238578680203,7,0.017948717948717947,1044359.0,21213.0,0.020311980841836955
grouped_iid,391,0.17156647652479157,0.9949238578680203,7,0.017902813299232736,1044581.0,21213.0,0.02030766402988375
grouped_iid,392,0.17200526546731024,0.9949238578680203,7,0.017857142857142856,1045077.0,21213.0,0.020298025887087744
grouped_iid,393,0.17244405440982888,0.9949238578680203,7,0.017811704834605598,1045127.0,21213.0,0.020297054807693227
grouped_iid,394,0.17288284335234752,0.9949238578680203,8,0.02030456852791878,1067990.0,44076.0,0.04127004934503132
grouped_iid,395,0.17332163229486616,0.9949238578680203,8,0.020253164556962026,1070420.0,44076.0,0.04117636068085424
grouped_iid,396,0.1737604212373848,0.9949238578680203,8,0.020202020202020204,1070466.0,44076.0,0.0411745912527815
grouped_iid,397,0.17419921017990347,0.9949238578680203,8,0.020151133501259445,1073846.0,44076.0,0.041044991553723716
grouped_iid,398,0.17463799912242212,0.9949238578680203,8,0.020100502512562814,1082223.0,44076.0,0.040727280791481975
grouped_iid,399,0.17507678806494076,0.9949238578680203,8,0.020050125313283207,1082283.0,44076.0,0.04072502293762353
grouped_iid,400,0.1755155770074594,0.9949238578680203,8,0.02,1083392.0,44076.0,0.04068333530245747
grouped_iid,401,0.17595436594997807,0.9949238578680203,8,0.0199501246882793,1083835.0,44076.0,0.04066670664815216
grouped_iid,402,0.1763931548924967,0.9949238578680203,8,0.01990049751243781,1083860.0,44076.0,0.04066576864170649
grouped_iid,403,0.17683194383501535,0.9949238578680203,8,0.019851116625310174,1085859.0,44076.0,0.040590905449050016
grouped_iid,404,0.177270732777534,0.9949238578680203,8,0.019801980198019802,1086055.0,44076.0,0.04058358002126964
grouped_iid,405,0.17770952172005267,0.9949238578680203,8,0.019753086419753086,1087182.0,44076.0,0.04054151006915126
grouped_iid,406,0.1781483106625713,0.9949238578680203,8,0.019704433497536946,1087739.0,44076.0,0.04052074992254576
grouped_iid,407,0.17858709960508995,0.9949238578680203,8,0.019656019656019656,1095765.0,44076.0,0.04022395312863616
grouped_iid,408,0.1790258885476086,0.9949238578680203,8,0.0196078431372549,1096286.0,44076.0,0.04020483705894265
grouped_iid,409,0.17946467749012726,0.9949238578680203,8,0.019559902200488997,1096348.0,44076.0,0.04020256341964413
grouped_iid,410,0.1799034664326459,0.9949238578680203,8,0.01951219512195122,1097033.0,44076.0,0.040177460477487915
grouped_iid,411,0.18034225537516455,0.9949238578680203,8,0.019464720194647202,1097354.0,44076.0,0.040165707693232994
grouped_iid,412,0.1807810443176832,0.9949238578680203,8,0.019417475728155338,1099096.0,44076.0,0.04010204750085525
grouped_iid,413,0.18121983326020183,0.9949238578680203,8,0.01937046004842615,1105448.0,44076.0,0.039871617660894046
grouped_iid,414,0.1816586222027205,0.9949238578680203,8,0.01932367149758454,1171283.0,44076.0,0.03763052994024502
grouped_iid,415,0.18209741114523914,0.9949238578680203,8,0.01927710843373494,1190681.0,44076.0,0.0370174715142007
grouped_iid,416,0.18253620008775778,0.9949238578680203,8,0.019230769230769232,1193673.0,44076.0,0.03692468540379149
grouped_iid,417,0.18297498903027642,0.9949238578680203,8,0.019184652278177457,1197604.0,44076.0,0.03680348429029963
grouped_iid,418,0.1834137779727951,0.9949238578680203,8,0.019138755980861243,1199269.0,44076.0,0.03675238832989096
grouped_iid,419,0.18385256691531374,0.9949238578680203,8,0.01909307875894988,1199332.0,44076.0,0.03675045775481685
grouped_iid,420,0.18429135585783238,0.9949238578680203,8,0.01904761904761905,1199409.0,44076.0,0.03674809843848095
grouped_iid,421,0.18473014480035102,0.9949238578680203,8,0.019002375296912115,1203265.0,44076.0,0.036630334963619816
grouped_iid,422,0.1851689337428697,0.9949238578680203,8,0.018957345971563982,1205979.0,44076.0,0.036547900087812474
grouped_iid,423,0.18560772268538833,0.9949238578680203,8,0.018912529550827423,1206882.0,44076.0,0.03652055461925855
grouped_iid,424,0.18604651162790697,0.9949238578680203,8,0.018867924528301886,1206940.0,44076.0,0.036518799608928364
grouped_iid,425,0.18648530057042562,0.9949238578680203,8,0.018823529411764704,1207145.0,44076.0,0.03651259790663094
grouped_iid,426,0.18692408951294429,0.9949238578680203,8,0.018779342723004695,1207458.0,44076.0,0.03650313302822955
grouped_iid,427,0.18736287845546293,0.9949238578680203,8,0.01873536299765808,1208032.0,44076.0,0.03648578845593494
grouped_iid,428,0.18780166739798157,0.9949238578680203,8,0.018691588785046728,1208496.0,44076.0,0.03647177979902292
grouped_iid,429,0.1882404563405002,0.9949238578680203,8,0.018648018648018648,1209108.0,44076.0,0.036453319306463935
grouped_iid,430,0.18867924528301888,0.9949238578680203,8,0.018604651162790697,1211712.0,44076.0,0.03637498019331326
grouped_iid,431,0.18911803422553752,0.9949238578680203,8,0.018561484918793503,1212664.0,44076.0,0.03634642407130087
grouped_iid,432,0.18955682316805617,0.9949238578680203,8,0.018518518518518517,1213813.0,44076.0,0.03631201840810734
grouped_iid,433,0.1899956121105748,0.9949238578680203,8,0.018475750577367205,1213951.0,44076.0,0.03630789051617404
grouped_iid,434,0.19043440105309345,0.9949238578680203,8,0.018433179723502304,1214026.0,44076.0,0.03630564749025145
grouped_iid,435,0.19087318999561212,0.9949238578680203,8,0.01839080459770115,1214760.0,44076.0,0.03628371036254075
grouped_iid,436,0.19131197893813076,0.9949238578680203,8,0.01834862385321101,1214827.0,44076.0,0.03628170924748956
grouped_iid,437,0.1917507678806494,0.9949238578680203,8,0.018306636155606407,1215542.0,44076.0,0.03626036780300475
grouped_iid,438,0.19218955682316805,0.9949238578680203,8,0.0182648401826484,1215752.0,44076.0,0.036254104455513955
grouped_iid,439,0.19262834576568671,0.9949238578680203,8,0.018223234624145785,1215909.0,44076.0,0.03624942327098492
grouped_iid,440,0.19306713470820536,0.9949238578680203,8,0.01818181818181818,1216111.0,44076.0,0.03624340212365483
grouped_iid,441,0.193505923650724,0.9949238578680203,8,0.018140589569160998,1216255.0,44076.0,0.036239111041681225
grouped_iid,442,0.19394471259324264,0.9949238578680203,8,0.01809954751131222,1217627.0,44076.0,0.03619827746920855
grouped_iid,443,0.1943835015357613,0.9949238578680203,8,0.01805869074492099,1218023.0,44076.0,0.03618650879334791
grouped_iid,444,0.19482229047827995,0.9949238578680203,8,0.018018018018018018,1218605.0,44076.0,0.03616922628743522
grouped_iid,445,0.1952610794207986,0.9949238578680203,8,0.017977528089887642,1221567.0,44076.0,0.036081524795610886
grouped_iid,446,0.19569986836331724,0.9949238578680203,8,0.017937219730941704,1221620.0,44076.0,0.036079959398176195
grouped_iid,447,0.1961386573058359,0.9949238578680203,8,0.017897091722595078,1221800.0,44076.0,0.03607464396791619
grouped_iid,448,0.19657744624835455,0.9949238578680203,8,0.017857142857142856,1222145.0,44076.0,0.03606446043636393
grouped_iid,449,0.1970162351908732,0.9949238578680203,8,0.017817371937639197,1222341.0,44076.0,0.0360586775703343
grouped_iid,450,0.19745502413339183,0.9949238578680203,8,0.017777777777777778,1222431.0,44076.0,0.036056022793924565
grouped_iid,451,0.19789381307591047,0.9949238578680203,8,0.017738359201773836,1222522.0,44076.0,0.03605333891741826
grouped_iid,452,0.19833260201842914,0.9949238578680203,8,0.017699115044247787,1223070.0,44076.0,0.036037185116142165
grouped_iid,453,0.19877139096094779,0.9949238578680203,8,0.017660044150110375,1223426.0,44076.0,0.036026698795023154
grouped_iid,454,0.19921017990346643,0.9949238578680203,8,0.01762114537444934,1223843.0,44076.0,0.03601442341869014
grouped_iid,455,0.19964896884598507,0.9949238578680203,8,0.017582417582417582,1223972.0,44076.0,0.036010627694097574
grouped_iid,456,0.20008775778850374,0.9949238578680203,8,0.017543859649122806,1225649.0,44076.0,0.035961355983646213
grouped_iid,457,0.20052654673102238,0.9949238578680203,8,0.0175054704595186,1225707.0,44076.0,0.03595965430563748
grouped_iid,458,0.20096533567354102,0.9949238578680203,8,0.017467248908296942,1229512.0,44076.0,0.03584836910904489
grouped_iid,459,0.20140412461605967,0.9949238578680203,8,0.017429193899782137,1229720.0,44076.0,0.03584230556549459
grouped_iid,460,0.20184291355857834,0.9949238578680203,8,0.017391304347826087,1229755.0,44076.0,0.0358412854592988
grouped_iid,461,0.20228170250109698,0.9949238578680203,8,0.01735357917570499,1229897.0,44076.0,0.03583714733835435
grouped_iid,462,0.20272049144361562,0.9949238578680203,8,0.017316017316017316,1230798.0,44076.0,0.035810912919910495
grouped_iid,463,0.20315928038613426,0.9949238578680203,8,0.017278617710583154,1262849.0,44076.0,0.0349020350018094
grouped_iid,464,0.20359806932865293,0.9949238578680203,8,0.017241379310344827,1263292.0,44076.0,0.03488979586667215
grouped_iid,465,0.20403685827117157,0.9949238578680203,8,0.017204301075268817,1263392.0,44076.0,0.03488703426964869
grouped_iid,466,0.20447564721369021,0.9949238578680203,8,0.017167381974248927,1286255.0,44076.0,0.03426692218883503
grouped_iid,467,0.20491443615620886,0.9949238578680203,8,0.017130620985010708,1287689.0,44076.0,0.034228761758468076
grouped_iid,468,0.2053532250987275,0.9949238578680203,8,0.017094017094017096,1296349.0,44076.0,0.034000103367225955
grouped_iid,469,0.20579201404124617,0.9949238578680203,8,0.017057569296375266,1296444.0,44076.0,0.03399761192924646
grouped_iid,470,0.2062308029837648,0.9949238578680203,8,0.01702127659574468,1296491.0,44076.0,0.03399637945809111
grouped_iid,471,0.20666959192628345,0.9949238578680203,8,0.016985138004246284,1297970.0,44076.0,0.03395764154795566
grouped_iid,472,0.2071083808688021,0.9949238578680203,8,0.01694915254237288,1298360.0,44076.0,0.03394744138759666
grouped_iid,473,0.20754716981132076,0.9949238578680203,8,0.016913319238900635,1304520.0,44076.0,0.03378714009750713
grouped_iid,474,0.2079859587538394,0.9949238578680203,8,0.016877637130801686,1305630.0,44076.0,0.033758415477585534
grouped_iid,475,0.20842474769635805,0.9949238578680203,8,0.016842105263157894,1328493.0,44076.0,0.03317744241031003
grouped_iid,476,0.2088635366388767,0.9949238578680203,8,0.01680672268907563,1350663.0,44076.0,0.03263286252751427
grouped_iid,477,0.20930232558139536,0.9949238578680203,8,0.016771488469601678,1350872.0,44076.0,0.03262781373808917
grouped_iid,478,0.209741114523914,0.9949238578680203,8,0.016736401673640166,1350942.0,44076.0,0.03262612310521103
grouped_iid,479,0.21017990346643264,0.9949238578680203,8,0.016701461377870562,1351043.0,44076.0,0.0326236840722316
grouped_iid,480,0.21061869240895129,0.9949238578680203,8,0.016666666666666666,1351071.0,44076.0,0.0326230079692333
grouped_iid,481,0.21105748135146996,0.9949238578680203,8,0.016632016632016633,1351124.0,44076.0,0.032621728279565755
grouped_iid,482,0.2114962702939886,0.9949238578680203,8,0.016597510373443983,1351153.0,44076.0,0.03262102811450665
grouped_iid,483,0.21193505923650724,0.9949238578680203,8,0.016563146997929608,1353491.0,44076.0,0.032564679041087084
grouped_iid,484,0.21237384817902588,0.9949238578680203,9,0.01859504132231405,1362151.0,52736.0,0.03871523788478663
grouped_iid,485,0.21281263712154452,0.9949238578680203,9,0.018556701030927835,1362180.0,52736.0,0.03871441366045603
grouped_iid,486,0.2132514260640632,0.9949238578680203,9,0.018518518518518517,1362199.0,52736.0,0.03871387367044022
grouped_iid,487,0.21369021500658184,0.9949238578680203,9,0.018480492813141684,1366713.0,52736.0,0.038586008913356354
grouped_iid,488,0.21412900394910048,0.9949238578680203,9,0.018442622950819672,1367251.0,52736.0,0.03857082569330723
grouped_iid,489,0.21456779289161912,0.9949238578680203,9,0.018404907975460124,1367606.0,52736.0,0.03856081356765033
grouped_iid,490,0.2150065818341378,0.9949238578680203,9,0.018367346938775512,1368110.0,52736.0,0.038546608094378376
grouped_iid,491,0.21544537077665643,0.9949238578680203,9,0.018329938900203666,1369624.0,52736.0,0.03850399817760203
grouped_iid,492,0.21588415971917507,0.9949238578680203,9,0.018292682926829267,1371347.0,52736.0,0.038455620641602746
grouped_iid,493,0.21632294866169371,0.9949238578680203,9,0.018255578093306288,1371500.0,52736.0,0.03845133065986146
grouped_iid,494,0.21676173760421238,0.9949238578680203,9,0.018218623481781375,1371902.0,52736.0,0.03844006350307821
grouped_iid,495,0.21720052654673103,0.9949238578680203,9,0.01818181818181818,1372121.0,52736.0,0.03843392820312494
grouped_iid,496,0.21763931548924967,0.9949238578680203,9,0.018145161290322582,1374439.0,52736.0,0.03836910914198448
grouped_iid,497,0.2180781044317683,0.9949238578680203,9,0.018108651911468814,1374486.0,52736.0,0.038367797125616415
grouped_iid,498,0.21851689337428698,0.9949238578680203,9,0.018072289156626505,1377603.0,52736.0,0.03828098516045624
grouped_iid,499,0.21895568231680562,0.9949238578680203,9,0.018036072144288578,1379444.0,52736.0,0.03822989552312381
grouped_iid,500,0.21939447125932426,0.9949238578680203,9,0.018,1382840.0,52736.0,0.03813600995053658
grouped_iid,501,0.2198332602018429,0.9949238578680203,9,0.017964071856287425,1391242.0,52736.0,0.03790569864912072
grouped_iid,502,0.22027204914436158,0.9949238578680203,9,0.017928286852589643,1393808.0,52736.0,0.037835914272267054
grouped_iid,503,0.22071083808688022,0.9949238578680203,9,0.017892644135188866,1394170.0,52736.0,0.03782609007509845
grouped_iid,504,0.22114962702939886,0.9949238578680203,9,0.017857142857142856,1395128.0,52736.0,0.03780011583166563
grouped_iid,505,0.2215884159719175,0.9949238578680203,9,0.01782178217821782,1395309.0,52736.0,0.03779521238664697
grouped_iid,506,0.22202720491443614,0.9949238578680203,9,0.017786561264822136,1404003.0,52736.0,0.03756117330233625
grouped_iid,507,0.2224659938569548,0.9949238578680203,9,0.01775147928994083,1404079.0,52736.0,0.03755914019082972
grouped_iid,508,0.22290478279947346,0.9949238578680203,9,0.017716535433070866,1404208.0,52736.0,0.03755568975536388
grouped_iid,509,0.2233435717419921,0.9949238578680203,9,0.01768172888015717,1404365.0,52736.0,0.03755149124337334
grouped_iid,510,0.22378236068451074,0.9949238578680203,9,0.01764705882352941,1405144.0,52736.0,0.0375306730128727
grouped_iid,511,0.2242211496270294,0.9949238578680203,9,0.01761252446183953,1406779.0,52736.0,0.03748705375897707
grouped_iid,512,0.22465993856954805,0.9949238578680203,9,0.017578125,1407499.0,52736.0,0.037467877419451096
grouped_iid,513,0.2250987275120667,0.9949238578680203,9,0.017543859649122806,1407771.0,52736.0,0.037460638129354844
grouped_iid,514,0.22553751645458534,0.9949238578680203,9,0.017509727626459144,1407816.0,52736.0,0.03745944072236713
grouped_iid,515,0.225976305397104,0.9949238578680203,9,0.017475728155339806,1408062.0,52736.0,0.037452896250307156
grouped_iid,516,0.22641509433962265,0.9949238578680203,9,0.01744186046511628,1408561.0,52736.0,0.03743962810272328
grouped_iid,517,0.2268538832821413,0.9949238578680203,9,0.017408123791102514,1410641.0,52736.0,0.037384423109777756
grouped_iid,518,0.22729267222465993,0.9949238578680203,9,0.017374517374517374,1410890.0,52736.0,0.03737782534428623
grouped_iid,519,0.2277314611671786,0.9949238578680203,9,0.017341040462427744,1410979.0,52736.0,0.03737546767173714
grouped_iid,520,0.22817025010969724,0.9949238578680203,9,0.01730769230769231,1411157.0,52736.0,0.03737075321881265
grouped_iid,521,0.22860903905221588,0.9949238578680203,9,0.01727447216890595,1412819.0,52736.0,0.037326791329958045
grouped_iid,522,0.22904782799473453,0.9949238578680203,9,0.017241379310344827,1413306.0,52736.0,0.03731392918447951
grouped_iid,523,0.22948661693725317,0.9949238578680203,9,0.017208413001912046,1413334.0,52736.0,0.03731318994660852
grouped_iid,524,0.22992540587977184,0.9949238578680203,9,0.01717557251908397,1414277.0,52736.0,0.03728831056433782
grouped_iid,525,0.23036419482229048,0.9949238578680203,9,0.017142857142857144,1415598.0,52736.0,0.03725351406260817
grouped_iid,526,0.23080298376480912,0.9949238578680203,9,0.017110266159695818,1438461.0,52736.0,0.036661404097851805
grouped_iid,527,0.23124177270732776,0.9949238578680203,9,0.017077798861480076,1440799.0,52736.0,0.03660191324397088
grouped_iid,528,0.23168056164984643,0.9949238578680203,9,0.017045454545454544,1461375.0,52736.0,0.03608656231289026
grouped_iid,529,0.23211935059236508,0.9949238578680203,9,0.017013232514177693,1461539.0,52736.0,0.036082513022232046
grouped_iid,530,0.23255813953488372,0.9949238578680203,9,0.016981132075471698,1461755.0,52736.0,0.036077181196575346
grouped_iid,531,0.23299692847740236,0.9949238578680203,9,0.01694915254237288,1462588.0,52736.0,0.03605663385724483
grouped_iid,532,0.23343571741992103,0.9949238578680203,9,0.016917293233082706,1462764.0,52736.0,0.03605229551725364
grouped_iid,533,0.23387450636243967,0.9949238578680203,9,0.016885553470919325,1463167.0,52736.0,0.03604236563563831
grouped_iid,534,0.2343132953049583,0.9949238578680203,9,0.016853932584269662,1463318.0,52736.0,0.03603864641861851
grouped_iid,535,0.23475208424747696,0.9949238578680203,9,0.016822429906542057,1463462.0,52736.0,0.03603510033058597
grouped_iid,536,0.23519087318999563,0.9949238578680203,9,0.016791044776119403,1463489.0,52736.0,0.03603443551676849
grouped_iid,537,0.23562966213251427,0.9949238578680203,9,0.01675977653631285,1463515.0,52736.0,0.03603379534886899
grouped_iid,538,0.2360684510750329,0.9949238578680203,9,0.016728624535315983,1464019.0,52736.0,0.036021390432774435
grouped_iid,539,0.23650724001755155,0.9949238578680203,9,0.016697588126159554,1464036.0,52736.0,0.03602097216188673
grouped_iid,540,0.2369460289600702,0.9949238578680203,9,0.016666666666666666,1464577.0,52736.0,0.036007666377390876
grouped_iid,541,0.23738481790258886,0.9949238578680203,9,0.0166358595194085,1467170.0,52736.0,0.03594402829937908
grouped_iid,542,0.2378236068451075,0.9949238578680203,9,0.016605166051660517,1468361.0,52736.0,0.03591487379465949
grouped_iid,543,0.23826239578762615,0.9949238578680203,9,0.016574585635359115,1468414.0,52736.0,0.03591357750607117
grouped_iid,544,0.2387011847301448,0.9949238578680203,9,0.016544117647058824,1475906.0,52736.0,0.035731272858840604
grouped_iid,545,0.23913997367266346,0.9949238578680203,9,0.01651376146788991,1477510.0,52736.0,0.035692482622791045
grouped_iid,546,0.2395787626151821,0.9949238578680203,9,0.016483516483516484,1477639.0,52736.0,0.03568936661796285
grouped_iid,547,0.24001755155770074,0.9949238578680203,9,0.016453382084095063,1480133.0,52736.0,0.03562923061643785
grouped_iid,548,0.24045634050021938,0.9949238578680203,9,0.016423357664233577,1480216.0,52736.0,0.03562723278224259
grouped_iid,549,0.24089512944273805,0.9949238578680203,9,0.01639344262295082,1482447.0,52736.0,0.03557361578525236
grouped_iid,550,0.2413339183852567,0.9949238578680203,9,0.016363636363636365,1483899.0,52736.0,0.035538806886452515
grouped_iid,551,0.24177270732777534,0.9949238578680203,9,0.016333938294010888,1505376.0,52736.0,0.0350317794358353
grouped_iid,552,0.24221149627029398,0.9949238578680203,9,0.016304347826086956,1505685.0,52736.0,0.03502459013671518
grouped_iid,553,0.24265028521281265,0.9949238578680203,10,0.018083182640144666,1542598.0,89649.0,0.058115594600796835
grouped_iid,554,0.2430890741553313,0.9949238578680203,10,0.018050541516245487,1545733.0,89649.0,0.05799772664489922
grouped_iid,555,0.24352786309784993,0.9949238578680203,10,0.018018018018018018,1545887.0,89649.0,0.05799194895875313
grouped_iid,556,0.24396665204036858,0.9949238578680203,10,0.017985611510791366,1546128.0,89649.0,0.05798290956505542
grouped_iid,557,0.24440544098288722,0.9949238578680203,10,0.017953321364452424,1546424.0,89649.0,0.05797181109449931
grouped_iid,558,0.2448442299254059,0.9949238578680203,10,0.017921146953405017,1546610.0,89649.0,0.05796483922902348
grouped_iid,559,0.24528301886792453,0.9949238578680203,10,0.017889087656529516,1547119.0,89649.0,0.05794576887750716
grouped_iid,560,0.24572180781044317,0.9949238578680203,10,0.017857142857142856,1547180.0,89649.0,0.05794348427461575
grouped_iid,561,0.2461605967529618,0.9949238578680203,10,0.017825311942959002,1547355.0,89649.0,0.05793693108562676
grouped_iid,562,0.24659938569548048,0.9949238578680203,10,0.017793594306049824,1553390.0,89649.0,0.057711843130186236
grouped_iid,563,0.24703817463799913,0.9949238578680203,10,0.017761989342806393,1553511.0,89649.0,0.05770734806512474
grouped_iid,564,0.24747696358051777,0.9949238578680203,10,0.01773049645390071,1553564.0,89649.0,0.057705379372848496
grouped_iid,565,0.2479157525230364,0.9949238578680203,11,0.019469026548672566,1553583.0,89668.0,0.057716903441914595
grouped_iid,566,0.24835454146555508,0.9949238578680203,11,0.019434628975265017,1559219.0,89668.0,0.057508278182859494
grouped_iid,567,0.24879333040807372,0.9949238578680203,11,0.019400352733686066,1559704.0,89668.0,0.05749039561352667
grouped_iid,568,0.24923211935059236,0.9949238578680203,11,0.01936619718309859,1559874.0,89668.0,0.05748413012845909
grouped_iid,569,0.249670908293111,0.9949238578680203,11,0.019332161687170474,1560202.0,89668.0,0.05747204528644368
grouped_iid,570,0.25010969723562965,0.9949238578680203,11,0.01929824561403509,1560498.0,89668.0,0.057461143814346444
grouped_iid,571,0.2505484861781483,0.9949238578680203,11,0.01926444833625219,1560624.0,89668.0,0.057456504577656116
grouped_iid,572,0.250987275120667,0.9949238578680203,11,0.019230769230769232,1561026.0,89668.0,0.05744170820985685
grouped_iid,573,0.25142606406318563,0.9949238578680203,11,0.019197207678883072,1561166.0,89668.0,0.057436557034934145
grouped_iid,574,0.25186485300570427,0.9949238578680203,11,0.01916376306620209,1561253.0,89668.0,0.05743335641308615
grouped_iid,575,0.2523036419482229,0.9949238578680203,11,0.019130434782608695,1561646.0,89668.0,0.057418902875555664
grouped_iid,576,0.25274243089074155,0.9949238578680203,11,0.019097222222222224,1561669.0,89668.0,0.05741805721955165
grouped_iid,577,0.2531812198332602,0.9949238578680203,11,0.019064124783362217,1562772.0,89668.0,0.057377531719278306
grouped_iid,578,0.25362000877577884,0.9949238578680203,11,0.01903114186851211,1564215.0,89668.0,0.05732460051847093
grouped_iid,579,0.2540587977182975,0.9949238578680203,11,0.018998272884283247,1566702.0,89668.0,0.05723360281661733
grouped_iid,580,0.2544975866608161,0.9949238578680203,11,0.01896551724137931,1568204.0,89668.0,0.057178785413122275
grouped_iid,581,0.2549363756033348,0.9949238578680203,11,0.0189328743545611,1574479.0,89668.0,0.05695090248901383
grouped_iid,582,0.25537516454585346,0.9949238578680203,11,0.018900343642611683,1576063.0,89668.0,0.056893664783704716
grouped_iid,583,0.2558139534883721,0.9949238578680203,11,0.018867924528301886,1576387.0,89668.0,0.05688197124183338
grouped_iid,584,0.25625274243089075,0.9949238578680203,12,0.02054794520547945,1576764.0,90045.0,0.05710746820703669
grouped_iid,585,0.2566915313734094,0.9949238578680203,12,0.020512820512820513,1578286.0,90045.0,0.05705239734750229
grouped_iid,586,0.25713032031592803,0.9949238578680203,12,0.020477815699658702,1578383.0,90045.0,0.05704889117533577
grouped_iid,587,0.25756910925844667,0.9949238578680203,12,0.020442930153321975,1578571.0,90045.0,0.05704209693450595
grouped_iid,588,0.2580078982009653,0.9949238578680203,12,0.02040816326530612,1580436.0,90045.0,0.056974784173481244
grouped_iid,589,0.258446687143484,0.9949238578680203,12,0.02037351443123939,1596298.0,90045.0,0.05640864049193822
grouped_iid,590,0.25888547608600265,0.9949238578680203,12,0.020338983050847456,1606617.0,90045.0,0.056046338361912015
grouped_iid,591,0.2593242650285213,0.9949238578680203,13,0.021996615905245348,1606766.0,90194.0,0.056133873880826454
grouped_iid,592,0.25976305397103994,0.9949238578680203,13,0.02195945945945946,1606903.0,90194.0,0.056129088065676645
grouped_iid,593,0.2602018429135586,0.9949238578680203,13,0.021922428330522766,1607323.0,90194.0,0.05611442130797606
grouped_iid,594,0.2606406318560772,0.9949238578680203,13,0.021885521885521887,1610700.0,90194.0,0.05599677158999193
grouped_iid,595,0.26107942079859586,0.9949238578680203,13,0.021848739495798318,1610744.0,90194.0,0.05599524195030371
grouped_iid,596,0.2615182097411145,0.9949238578680203,13,0.02181208053691275,1611361.0,90194.0,0.055973801029067974
grouped_iid,597,0.26195699868363315,0.9949238578680203,13,0.021775544388609715,1612471.0,90194.0,0.0559352695335296
grouped_iid,598,0.26239578762615184,0.9949238578680203,13,0.021739130434782608,1612744.0,90194.0,0.055925800995074236
grouped_iid,599,0.2628345765686705,0.9806451612903225,13,0.021702838063439065,1612763.0,90194.0,0.055925142131856946
grouped_iid,600,0.26327336551118913,0.9806451612903225,13,0.021666666666666667,1612782.0,90194.0,0.05592448328416364
grouped_iid,601,0.26371215445370777,0.9806451612903225,13,0.021630615640599003,1612807.0,90194.0,0.0559236164029546
grouped_iid,602,0.2641509433962264,0.9806451612903225,13,0.02159468438538206,1612847.0,90194.0,0.05592222944891859
grouped_iid,603,0.26458973233874505,0.9806451612903225,13,0.02155887230514096,1613028.0,90194.0,0.05591595434177212
grouped_iid,604,0.2650285212812637,0.9806451612903225,13,0.02152317880794702,1613447.0,90194.0,0.055901433390746644
grouped_iid,605,0.26546731022378234,0.9806451612903225,13,0.021487603305785124,1613467.0,90194.0,0.05590074045518129
grouped_iid,606,0.26590609916630104,0.9806451612903225,13,0.02145214521452145,1613638.0,90194.0,0.05589481655736912
grouped_iid,607,0.2663448881088197,0.9806451612903225,13,0.0214168039538715,1613750.0,90194.0,0.05589093725793958
grouped_iid,608,0.2667836770513383,0.9806451612903225,13,0.02138157894736842,1614016.0,90194.0,0.055881726079543205
grouped_iid,609,0.26722246599385696,0.9806451612903225,13,0.021346469622331693,1614895.0,90194.0,0.05585130921824639
grouped_iid,610,0.2676612549363756,0.9806451612903225,13,0.021311475409836064,1615452.0,90194.0,0.05583205195821355
grouped_iid,611,0.26810004387889425,0.9806451612903225,13,0.02127659574468085,1615701.0,90194.0,0.055823447531443006
grouped_iid,612,0.2685388328214129,0.9806451612903225,13,0.021241830065359478,1615864.0,90194.0,0.05581781635088102
grouped_iid,613,0.26897762176393153,0.9806451612903225,13,0.021207177814029365,1616082.0,90194.0,0.05581028685425616
grouped_iid,614,0.26941641070645017,0.9806451612903225,13,0.021172638436482084,1616469.0,90194.0,0.055796925273543754
grouped_iid,615,0.26985519964896887,0.9806451612903225,13,0.02113821138211382,1616869.0,90194.0,0.05578312157633055
grouped_iid,616,0.2702939885914875,0.9806451612903225,13,0.021103896103896104,1619383.0,90194.0,0.05569652145292374
grouped_iid,617,0.27073277753400615,0.9806451612903225,13,0.02106969205834684,1620322.0,90194.0,0.05566424451436196
grouped_iid,618,0.2711715664765248,0.9806451612903225,13,0.021035598705501618,1621175.0,90194.0,0.055634956127500114
grouped_iid,619,0.27161035541904344,0.9806451612903225,13,0.0210016155088853,1621325.0,90194.0,0.05562980895255424
grouped_iid,620,0.2720491443615621,0.9806451612903225,13,0.020967741935483872,1622275.0,90194.0,0.05559723228182645
grouped_iid,621,0.2724879333040807,0.9806451612903225,13,0.020933977455716585,1622650.0,90194.0,0.05558438357008597
grouped_iid,622,0.27292672224659936,0.9806451612903225,13,0.02090032154340836,1622920.0,90194.0,0.05557513617430311
grouped_iid,623,0.27336551118911806,0.9806451612903225,13,0.02086677367576244,1625206.0,90194.0,0.055496964692475906
grouped_iid,624,0.2738043001316367,0.9806451612903225,13,0.020833333333333332,1627575.0,90194.0,0.055416186658064914
grouped_iid,625,0.27424308907415534,0.9806451612903225,13,0.0208,1627910.0,90194.0,0.05540478281968905
grouped_iid,626,0.274681878016674,0.9806451612903225,13,0.020766773162939296,1627937.0,90194.0,0.055403863908738485
grouped_iid,627,0.27512066695919263,0.9806451612903225,13,0.02073365231259968,1628030.0,90194.0,0.0554006990043181
grouped_iid,628,0.27555945590171127,0.9806451612903225,13,0.020700636942675158,1628087.0,90194.0,0.0553987594029066
grouped_iid,629,0.2759982448442299,0.9806451612903225,13,0.02066772655007949,1628296.0,90194.0,0.055391648692866655
grouped_iid,630,0.27643703378674855,0.9806451612903225,13,0.020634920634920634,1628497.0,90194.0,0.05538481188482386
grouped_iid,631,0.2768758227292672,0.9806451612903225,13,0.020602218700475437,1637517.0,90194.0,0.05507973352337716
grouped_iid,632,0.2773146116717859,0.9806451612903225,13,0.020569620253164556,1637928.0,90194.0,0.05506591254316429
grouped_iid,633,0.27775340061430454,0.9806451612903225,13,0.020537124802527645,1638315.0,90194.0,0.05505290496638315
grouped_iid,634,0.2781921895568232,0.9806451612903225,14,0.022082018927444796,1678812.0,130691.0,0.07784731107473618
grouped_iid,635,0.2786309784993418,0.9806451612903225,14,0.02204724409448819,1681367.0,130691.0,0.07772901454590224
grouped_iid,636,0.27906976744186046,0.9806451612903225,14,0.0220125786163522,1682149.0,130691.0,0.07769287976273208
grouped_iid,637,0.2795085563843791,0.9806451612903225,14,0.02197802197802198,1682399.0,130691.0,0.07768133480821136
grouped_iid,638,0.27994734532689775,0.9806451612903225,14,0.0219435736677116,1683791.0,130691.0,0.07761711518828643
grouped_iid,639,0.2803861342694164,0.9806451612903225,14,0.02190923317683881,1684409.0,130691.0,0.07758863791395083
grouped_iid,640,0.2808249232119351,0.9806451612903225,14,0.021875,1685248.0,130691.0,0.07755001044356677
grouped_iid,641,0.2812637121544537,0.9806451612903225,14,0.0218408736349454,1691346.0,130691.0,0.07727041066700722
grouped_iid,642,0.28170250109697237,0.9806451612903225,14,0.021806853582554516,1703439.0,130691.0,0.07672185502386643
grouped_iid,643,0.282141290039491,0.9806451612903225,14,0.02177293934681182,1704077.0,130691.0,0.07669313065078633
grouped_iid,644,0.28258007898200965,0.9806451612903225,14,0.021739130434782608,1704405.0,130691.0,0.07667837163115573
grouped_iid,645,0.2830188679245283,0.9806451612903225,14,0.021705426356589147,1705837.0,130691.0,0.07661400239296016
grouped_iid,646,0.28345765686704694,0.9806451612903225,14,0.021671826625386997,1706675.0,130691.0,0.07657638390437546
grouped_iid,647,0.2838964458095656,0.9806451612903225,14,0.021638330757341576,1709858.0,130691.0,0.07643383251708621
grouped_iid,648,0.2843352347520842,0.9806451612903225,14,0.021604938271604937,1710542.0,130691.0,0.07640326867156726
grouped_iid,649,0.2847740236946029,0.9806451612903225,14,0.02157164869029276,1711495.0,130691.0,0.07636072556449186
grouped_iid,650,0.28521281263712156,0.9806451612903225,14,0.021538461538461538,1712149.0,130691.0,0.07633155759224226
grouped_iid,651,0.2856516015796402,0.9806451612903225,14,0.021505376344086023,1712309.0,130691.0,0.07632442508916323
grouped_iid,652,0.28609039052215884,0.9806451612903225,14,0.02147239263803681,1718346.0,130691.0,0.07605627737370704
grouped_iid,653,0.2865291794646775,0.9806451612903225,14,0.021439509954058193,1720250.0,130691.0,0.07597209707891295
grouped_iid,654,0.28696796840719613,0.9806451612903225,14,0.021406727828746176,1722155.0,130691.0,0.07588805885649084
grouped_iid,655,0.28740675734971477,0.9806451612903225,14,0.021374045801526718,1722161.0,130691.0,0.07588779446288703
grouped_iid,656,0.2878455462922334,0.9806451612903225,14,0.021341463414634148,1723402.0,130691.0,0.07583314862115745
grouped_iid,657,0.2882843352347521,0.9806451612903225,14,0.0213089802130898,1723625.0,130691.0,0.07582333744288926
grouped_iid,658,0.28872312417727075,0.9806451612903225,14,0.02127659574468085,1724885.0,130691.0,0.07576794974737447
grouped_iid,659,0.2891619131197894,0.9806451612903225,14,0.021244309559939303,1726478.0,130691.0,0.07569803959274314
grouped_iid,660,0.28960070206230804,0.9806451612903225,14,0.021212121212121213,1726658.0,130691.0,0.07569014825170937
grouped_iid,661,0.2900394910048267,0.9806451612903225,14,0.02118003025718608,1727199.0,130691.0,0.07566644028858284
grouped_iid,662,0.2904782799473453,0.9806451612903225,14,0.021148036253776436,1727352.0,130691.0,0.07565973814254419
grouped_iid,663,0.29091706888986396,0.9806451612903225,14,0.021116138763197588,1728018.0,130691.0,0.07563057792222072
grouped_iid,664,0.2913558578323826,0.9806451612903225,14,0.02108433734939759,1728096.0,130691.0,0.07562716423161676
grouped_iid,665,0.29179464677490125,0.9806451612903225,14,0.021052631578947368,1728152.0,130691.0,0.07562471356686218
grouped_iid,666,0.29223343571741994,0.9806451612903225,14,0.021021021021021023,1728416.0,130691.0,0.07561316257197341
grouped_iid,667,0.2926722246599386,0.9806451612903225,14,0.020989505247376312,1732186.0,130691.0,0.07544859501231392
grouped_iid,668,0.2931110136024572,0.9806451612903225,14,0.020958083832335328,1732195.0,130691.0,0.07544820300254879
grouped_iid,669,0.29354980254497587,0.9806451612903225,14,0.02092675635276532,1739363.0,130691.0,0.07513727726759739
grouped_iid,670,0.2939885914874945,0.9806451612903225,14,0.020895522388059702,1743762.0,130691.0,0.07494772795828789
grouped_iid,671,0.29442738043001315,0.9806451612903225,14,0.020864381520119227,1761082.0,130691.0,0.07421062733024357
grouped_iid,672,0.2948661693725318,0.9806451612903225,14,0.020833333333333332,1761195.0,130691.0,0.07420586590354844
grouped_iid,673,0.29530495831505044,0.9806451612903225,14,0.020802377414561663,1761447.0,130691.0,0.07419524970095609
grouped_iid,674,0.29574374725756913,0.9806451612903225,14,0.020771513353115726,1761496.0,130691.0,0.07419318579207673
grouped_iid,675,0.2961825362000878,0.9806451612903225,14,0.02074074074074074,1761515.0,130691.0,0.07419238553177236
grouped_iid,676,0.2966213251426064,0.9806451612903225,15,0.022189349112426034,1761562.0,130738.0,0.0742170868808478
grouped_iid,677,0.29706011408512506,0.9806451612903225,15,0.022156573116691284,1763827.0,130738.0,0.07412178178472152
grouped_iid,678,0.2974989030276437,0.9806451612903225,15,0.022123893805309734,1763904.0,130738.0,0.07411854613402998
grouped_iid,679,0.29793769197016234,0.9806451612903225,15,0.022091310751104567,1764092.0,130738.0,0.07411064729050412
grouped_iid,680,0.298376480912681,0.9806451612903225,15,0.022058823529411766,1764474.0,130738.0,0.07409460269746111
grouped_iid,681,0.29881526985519963,0.9806451612903225,15,0.022026431718061675,1764850.0,130738.0,0.0740788168966201
grouped_iid,682,0.29925405879771827,0.9806451612903225,15,0.021994134897360705,1765923.0,130738.0,0.07403380555097816
grouped_iid,683,0.29969284774023697,0.9806451612903225,15,0.021961932650073207,1765982.0,130738.0,0.07403133214268322
grouped_iid,684,0.3001316366827556,0.9806451612903225,15,0.021929824561403508,1770658.0,130738.0,0.07383582826271363
grouped_iid,685,0.30057042562527425,0.9806451612903225,15,0.021897810218978103,1770980.0,130738.0,0.07382240341505833
grouped_iid,686,0.3010092145677929,0.9806451612903225,15,0.021865889212827987,1770986.0,130738.0,0.07382215330894767
grouped_iid,687,0.30144800351031154,0.9806451612903225,15,0.021834061135371178,1772390.0,130738.0,0.07376367503766101
grouped_iid,688,0.3018867924528302,0.9806451612903225,15,0.02180232558139535,1772998.0,130738.0,0.07373837985152831
grouped_iid,689,0.3023255813953488,0.9806451612903225,15,0.02177068214804064,1773064.0,130738.0,0.07373563503629875
grouped_iid,690,0.30276437033786746,0.9806451612903225,15,0.021739130434782608,1773162.0,130738.0,0.07373155977851996
grouped_iid,691,0.30320315928038616,0.9806451612903225,15,0.02170767004341534,1773525.0,130738.0,0.07371646861476439
grouped_iid,692,0.3036419482229048,0.9806451612903225,15,0.02167630057803468,1774671.0,130738.0,0.07366886594754746
grouped_iid,693,0.30408073716542344,0.9806451612903225,15,0.021645021645021644,1775074.0,130738.0,0.07365214069948633
grouped_iid,694,0.3045195261079421,0.9806451612903225,15,0.021613832853025938,1775655.0,130738.0,0.07362804148328363
grouped_iid,695,0.3049583150504607,0.9806451612903225,15,0.02158273381294964,1778199.0,130738.0,0.07352270471415179
grouped_iid,696,0.30539710399297937,0.9806451612903225,15,0.021551724137931036,1778604.0,130738.0,0.07350596310364758
grouped_iid,697,0.305835892935498,0.9806451612903225,15,0.021520803443328552,1785370.0,130738.0,0.07322739824238113
grouped_iid,698,0.30627468187801665,0.9806451612903225,15,0.02148997134670487,1791854.0,130738.0,0.07296241769697755
grouped_iid,699,0.30671347082053535,0.9806451612903225,15,0.02145922746781116,1792761.0,130738.0,0.07292550429198315
grouped_iid,700,0.307152259763054,0.9806451612903225,15,0.02142857142857143,1792913.0,130738.0,0.07291932179642849
grouped_iid,701,0.30759104870557263,0.9806451612903225,15,0.021398002853067047,1793020.0,130738.0,0.07291497027361658
grouped_iid,702,0.3080298376480913,0.9806451612903225,15,0.021367521367521368,1793648.0,130738.0,0.07288944096054521
grouped_iid,703,0.3084686265906099,0.9806451612903225,15,0.021337126600284494,1793764.0,130738.0,0.0728847273108391
grouped_iid,704,0.30890741553312856,0.9806451612903225,15,0.02130681818181818,1794822.0,130738.0,0.0728417636957871
grouped_iid,705,0.3093462044756472,0.9806451612903225,15,0.02127659574468085,1795067.0,130738.0,0.0728318218762865
grouped_iid,706,0.30978499341816584,0.9806451612903225,15,0.021246458923512748,1796845.0,130738.0,0.07275975390197818
grouped_iid,707,0.3102237823606845,0.9806451612903225,15,0.021216407355021217,1797390.0,130738.0,0.07273769187544162
grouped_iid,708,0.3106625713032032,0.9806451612903225,15,0.0211864406779661,1798379.0,130738.0,0.07269769053130624
grouped_iid,709,0.3111013602457218,0.9806451612903225,15,0.021156558533145273,1798675.0,130738.0,0.07268572699348132
grouped_iid,710,0.31154014918824047,0.9806451612903225,15,0.02112676056338028,1798687.0,130738.0,0.072685242068242
grouped_iid,711,0.3119789381307591,0.9806451612903225,15,0.02109704641350211,1799432.0,130738.0,0.07265514895811567
grouped_iid,712,0.31241772707327775,0.9806451612903225,15,0.021067415730337078,1799472.0,130738.0,0.07265353392550704
grouped_iid,713,0.3128565160157964,0.9806451612903225,15,0.021037868162692847,1800058.0,130738.0,0.07262988192602683
grouped_iid,714,0.31329530495831504,0.9806451612903225,15,0.02100840336134454,1800784.0,130738.0,0.07260060062728234
grouped_iid,715,0.3137340939008337,0.9806451612903225,15,0.02097902097902098,1801540.0,130738.0,0.07257013444053421
grouped_iid,716,0.3141728828433524,0.9806451612903225,15,0.02094972067039106,1801615.0,130738.0,0.07256711339548128
grouped_iid,717,0.314611671785871,0.9806451612903225,15,0.02092050209205021,1803231.0,130738.0,0.07250208098685082
grouped_iid,718,0.31505046072838966,0.9806451612903225,15,0.020891364902506964,1803701.0,130738.0,0.07248318873250056
grouped_iid,719,0.3154892496709083,0.9806451612903225,15,0.02086230876216968,1809911.0,130738.0,0.07223449108823583
grouped_iid,720,0.31592803861342694,0.9806451612903225,15,0.020833333333333332,1810880.0,130738.0,0.07219583848736526
grouped_iid,721,0.3163668275559456,0.9806451612903225,15,0.020804438280166437,1813635.0,130738.0,0.07208616948834799
grouped_iid,722,0.3168056164984642,0.9806451612903225,15,0.02077562326869806,1814149.0,130738.0,0.07206574542664357
grouped_iid,723,0.31724440544098287,0.9806451612903225,15,0.02074688796680498,1815789.0,130738.0,0.07200065646393937
grouped_iid,724,0.3176831943835015,0.9806451612903225,15,0.020718232044198894,1816223.0,130738.0,0.07198345137133491
grouped_iid,725,0.3181219833260202,0.9806451612903225,15,0.020689655172413793,1816318.0,130738.0,0.07197968637650455
grouped_iid,726,0.31856077226853885,0.9806451612903225,15,0.02066115702479339,1816816.0,130738.0,0.07195995631918697
grouped_iid,727,0.3189995612110575,0.9806451612903225,15,0.02063273727647868,1818240.0,130738.0,0.07190359908482928
grouped_iid,728,0.31943835015357613,0.9806451612903225,15,0.020604395604395604,1820721.0,130738.0,0.0718056198615823
grouped_iid,729,0.3198771390960948,0.9806451612903225,15,0.0205761316872428,1821655.0,130738.0,0.07176880364284126
grouped_iid,730,0.3203159280386134,0.9806451612903225,15,0.02054794520547945,1821781.0,130738.0,0.07176383989074428
grouped_iid,731,0.32075471698113206,0.9806451612903225,15,0.02051983584131327,1821913.0,130738.0,0.07175864050588585
grouped_iid,732,0.3211935059236507,0.9806451612903225,15,0.020491803278688523,1822114.0,130738.0,0.07175072470767471
grouped_iid,733,0.3216322948661694,0.9806451612903225,15,0.020463847203274217,1822719.0,130738.0,0.07172690908472452
grouped_iid,734,0.32207108380868804,0.9806451612903225,15,0.020435967302452316,1822755.0,130738.0,0.0717254924551023
grouped_iid,735,0.3225098727512067,0.9806451612903225,16,0.021768707482993196,1825095.0,133078.0,0.07291565644528093
grouped_iid,736,0.3229486616937253,0.9806451612903225,16,0.021739130434782608,1825189.0,133078.0,0.0729119011784533
grouped_iid,737,0.32338745063624397,0.9806451612903225,16,0.021709633649932156,1825391.0,133078.0,0.07290383265831814
grouped_iid,738,0.3238262395787626,0.9806451612903225,16,0.02168021680216802,1825479.0,133078.0,0.07290031821784858
grouped_iid,739,0.32426502852128125,0.9806451612903225,16,0.02165087956698241,1826098.0,133078.0,0.07287560689513925
grouped_iid,740,0.3247038174637999,0.9806451612903225,16,0.021621621621621623,1826950.0,133078.0,0.07284162128137059
grouped_iid,741,0.32514260640631854,0.9806451612903225,16,0.021592442645074223,1827242.0,133078.0,0.07282998092206724
grouped_iid,742,0.32558139534883723,0.9806451612903225,16,0.0215633423180593,1830200.0,133078.0,0.07271227188285433
grouped_iid,743,0.3260201842913559,0.9806451612903225,17,0.02288021534320323,1830993.0,133871.0,0.07311387864399263
grouped_iid,744,0.3264589732338745,0.9806451612903225,17,0.0228494623655914,1836609.0,133871.0,0.07289031034912712
grouped_iid,745,0.32689776217639316,0.9806451612903225,17,0.022818791946308724,1837083.0,133871.0,0.07287150335613579
grouped_iid,746,0.3273365511189118,0.9806451612903225,17,0.022788203753351208,1837762.0,133871.0,0.07284457943955747
grouped_iid,747,0.32777534006143044,0.9806451612903225,18,0.024096385542168676,1840036.0,136145.0,0.07399040018782241
grouped_iid,748,0.3282141290039491,0.9806451612903225,18,0.02406417112299465,1840522.0,136145.0,0.07397086261397581
grouped_iid,749,0.3286529179464677,0.9806451612903225,18,0.02403204272363151,1840773.0,136145.0,0.07396077626084259
grouped_iid,750,0.3290917068889864,0.9806451612903225,18,0.024,1840974.0,136145.0,0.07395270112451344
grouped_iid,751,0.32953049583150507,0.9806451612903225,18,0.023968042609853527,1841442.0,136145.0,0.07393390614529266
grouped_iid,752,0.3299692847740237,0.9806451612903225,18,0.023936170212765957,1842310.0,136145.0,0.07389907236024339
grouped_iid,753,0.33040807371654235,0.9806451612903225,18,0.02390438247011952,1843208.0,136145.0,0.07386306917070673
grouped_iid,754,0.330846862659061,0.9806451612903225,18,0.023872679045092837,1845657.0,136145.0,0.07376506035520143
grouped_iid,755,0.33128565160157963,0.9806451612903225,18,0.02384105960264901,1847056.0,136145.0,0.07370918910958844
grouped_iid,756,0.3317244405440983,0.9806451612903225,18,0.023809523809523808,1847730.0,136145.0,0.07368230206794282
grouped_iid,757,0.3321632294866169,0.9806451612903225,18,0.023778071334214,1848674.0,136145.0,0.07364467721188268
grouped_iid,758,0.33260201842913556,0.9806451612903225,18,0.023746701846965697,1848829.0,136145.0,0.07363850307410799
grouped_iid,759,0.33304080737165426,0.9806451612903225,18,0.023715415019762844,1849063.0,136145.0,0.07362918407863875
grouped_iid,760,0.3334795963141729,0.9806451612903225,18,0.02368421052631579,1850326.0,136145.0,0.07357892609194272
grouped_iid,761,0.33391838525669154,0.9806451612903225,18,0.023653088042049936,1850374.0,136145.0,0.07357701740296826
grouped_iid,762,0.3343571741992102,0.9806451612903225,18,0.023622047244094488,1852119.0,136145.0,0.0735076957798068
grouped_iid,763,0.3347959631417288,0.9806451612903225,18,0.023591087811271297,1852145.0,136145.0,0.0735066638951054
grouped_iid,764,0.33523475208424747,0.9806451612903225,18,0.02356020942408377,1854223.0,136145.0,0.07342428607562305
grouped_iid,765,0.3356735410267661,0.9806451612903225,18,0.023529411764705882,1854296.0,136145.0,0.07342139550535622
grouped_iid,766,0.33611232996928475,0.9806451612903225,18,0.02349869451697128,1854681.0,136145.0,0.07340615448155235
grouped_iid,767,0.33655111891180345,0.9806451612903225,18,0.02346805736636245,1855446.0,136145.0,0.07337588913932283
grouped_iid,768,0.3369899078543221,0.9806451612903225,18,0.0234375,1857742.0,136145.0,0.07328520321982278
grouped_iid,769,0.33742869679684073,0.9806451612903225,18,0.02340702210663199,1859526.0,136145.0,0.07321489454839566
grouped_iid,770,0.3378674857393594,0.9806451612903225,18,0.023376623376623377,1860568.0,136145.0,0.0731738909838286
grouped_iid,771,0.338306274681878,0.9806451612903225,18,0.023346303501945526,1860681.0,136145.0,0.0731694471002821
grouped_iid,772,0.33874506362439666,0.9806451612903225,18,0.023316062176165803,1860811.0,136145.0,0.07316433533550694
grouped_iid,773,0.3391838525669153,0.9806451612903225,18,0.02328589909443726,1861184.0,136145.0,0.07314967246655892
grouped_iid,774,0.33962264150943394,0.9806451612903225,18,0.023255813953488372,1861495.0,136145.0,0.0731374513495873
grouped_iid,775,0.3400614304519526,0.9806451612903225,18,0.023225806451612905,1862436.0,136145.0,0.07310049848692787
grouped_iid,776,0.3405002193944713,0.9806451612903225,18,0.023195876288659795,1862704.0,136145.0,0.07308998101684433
grouped_iid,777,0.3409390083369899,0.9806451612903225,18,0.023166023166023165,1862972.0,136145.0,0.07307946657276652
grouped_iid,778,0.34137779727950857,0.9806451612903225,18,0.02313624678663239,1863214.0,136145.0,0.07306997478550505
grouped_iid,779,0.3418165862220272,0.9806451612903225,18,0.023106546854942234,1863388.0,136145.0,0.07306315163562285
grouped_iid,780,0.34225537516454585,0.9806451612903225,18,0.023076923076923078,1863623.0,136145.0,0.07305393848433937
grouped_iid,781,0.3426941641070645,0.9806451612903225,18,0.023047375160051217,1869260.0,136145.0,0.0728336347003627
grouped_iid,782,0.34313295304958313,0.9806451612903225,18,0.023017902813299233,1869503.0,136145.0,0.07282416770660438
grouped_iid,783,0.3435717419921018,0.9806451612903225,18,0.022988505747126436,1884091.0,136145.0,0.07226031014425524
grouped_iid,784,0.3440105309346205,0.9806451612903225,18,0.02295918367346939,1884202.0,136145.0,0.07225605322571571
grouped_iid,785,0.3444493198771391,0.9806451612903225,18,0.022929936305732482,1884799.0,136145.0,0.07223316650741007
grouped_iid,786,0.34488810881965776,0.9806451612903225,18,0.022900763358778626,1898166.0,136145.0,0.07172449617156772
grouped_iid,787,0.3453268977621764,0.9806451612903225,18,0.022871664548919948,1912068.0,136145.0,0.07120301160837376
grouped_iid,788,0.34576568670469504,0.97,18,0.02284263959390863,1915451.0,136145.0,0.07107725543488191
grouped_iid,789,0.3462044756472137,0.97,18,0.022813688212927757,1920002.0,136145.0,0.07090878030335385
grouped_iid,790,0.3466432645897323,0.97,18,0.02278481012658228,1928551.0,136145.0,0.07059445148196755
grouped_iid,791,0.34708205353225097,0.97,18,0.022756005056890013,1929230.0,136145.0,0.07056960549027332
grouped_iid,792,0.3475208424747696,0.97,18,0.022727272727272728,1929439.0,136145.0,0.07056196127475396
grouped_iid,793,0.3479596314172883,0.97,18,0.02269861286254729,1933444.0,136145.0,0.07041579688886775
grouped_iid,794,0.34839842035980695,0.97,18,0.022670025188916875,1943316.0,136145.0,0.07005808628138707
grouped_iid,795,0.3488372093023256,0.97,18,0.022641509433962263,1959507.0,136145.0,0.069479210842319
grouped_iid,796,0.34927599824484423,0.97,18,0.022613065326633167,1959762.0,136145.0,0.06947017035742095
grouped_iid,797,0.3497147871873629,0.97,18,0.02258469259723965,1959768.0,136145.0,0.06946995766845872
grouped_iid,798,0.3501535761298815,0.97,18,0.022556390977443608,1962269.0,136145.0,0.0693814150863108
grouped_iid,799,0.35059236507240016,0.97,18,0.02252816020025031,1962690.0,136145.0,0.06936653266690104
grouped_iid,800,0.3510311540149188,0.97,18,0.0225,1963867.0,136145.0,0.06932495937861373
grouped_iid,801,0.3514699429574375,0.97,18,0.02247191011235955,1966365.0,136145.0,0.06923689142148075
grouped_iid,802,0.35190873189995614,0.97,18,0.022443890274314215,1968035.0,136145.0,0.06917813961641943
grouped_iid,803,0.3523475208424748,0.97,18,0.0224159402241594,1971163.0,136145.0,0.06906836218009368
grouped_iid,804,0.3527863097849934,0.97,18,0.022388059701492536,1971345.0,136145.0,0.06906198559866487
grouped_iid,805,0.35322509872751207,0.97,18,0.02236024844720497,1973820.0,136145.0,0.06897538782665086
grouped_iid,806,0.3536638876700307,0.97,18,0.022332506203473945,1979694.0,136145.0,0.06877072921370676
grouped_iid,807,0.35410267661254935,0.97,18,0.022304832713754646,1998762.0,136145.0,0.06811466297638238
grouped_iid,808,0.354541465555068,0.97,18,0.022277227722772276,2003351.0,136145.0,0.06795863530654389
grouped_iid,809,0.35498025449758663,0.97,18,0.022249690976514216,2003441.0,136145.0,0.06795558242044562
grouped_iid,810,0.35541904344010533,0.97,18,0.022222222222222223,2007416.0,136145.0,0.06782101965910405
grouped_iid,811,0.355857832382624,0.97,19,0.02342786683107275,2015833.0,144562.0,0.07171328180459394
grouped_iid,812,0.3562966213251426,0.97,19,0.023399014778325122,2018007.0,144562.0,0.07163602504847605
grouped_iid,813,0.35673541026766126,0.97,19,0.023370233702337023,2018683.0,144562.0,0.07161203616417239
grouped_iid,814,0.3571741992101799,0.97,19,0.02334152334152334,2022761.0,144562.0,0.07146766226954149
grouped_iid,815,0.35761298815269854,0.97,19,0.023312883435582823,2043337.0,144562.0,0.07074799702643274
grouped_iid,816,0.3580517770952172,0.97,19,0.023284313725490197,2047944.0,144562.0,0.07058884422620931
grouped_iid,817,0.3584905660377358,0.97,19,0.023255813953488372,2049008.0,144562.0,0.07055218915689934
grouped_iid,818,0.3589293549802545,0.97,19,0.023227383863080684,2052916.0,144562.0,0.0704178836347907
grouped_iid,819,0.35936814392277316,0.97,19,0.0231990231990232,2054399.0,144562.0,0.07036705138583109
grouped_iid,820,0.3598069328652918,0.97,19,0.023170731707317073,2056073.0,144562.0,0.07030976040247598
grouped_iid,821,0.36024572180781045,0.97,19,0.023142509135200974,2057009.0,144562.0,0.07027776737972465
grouped_iid,822,0.3606845107503291,0.97,19,0.023114355231143552,2057954.0,144562.0,0.07024549625501833
grouped_iid,823,0.36112329969284773,0.97,19,0.023086269744835967,2058443.0,144562.0,0.07022880886184364
grouped_iid,824,0.3615620886353664,0.97,19,0.023058252427184466,2059798.0,144562.0,0.07018261013944085
grouped_iid,825,0.362000877577885,0.97,19,0.02303030303030303,2060684.0,144562.0,0.0701524348226123
grouped_iid,826,0.36243966652040366,0.97,19,0.023002421307506054,2061238.0,144562.0,0.0701335799165356
grouped_iid,827,0.36287845546292236,0.97,19,0.022974607013301087,2089608.0,144562.0,0.06918139670215658
grouped_iid,828,0.363317244405441,0.97,19,0.022946859903381644,2103294.0,144562.0,0.06873123776324185
grouped_iid,829,0.36375603334795964,0.97,19,0.022919179734620022,2103740.0,144562.0,0.0687166665082187
grouped_iid,830,0.3641948222904783,0.97,19,0.02289156626506024,2107564.0,144562.0,0.06859198581869874
grouped_iid,831,0.3646336112329969,0.97,19,0.02286401925391095,2111895.0,144562.0,0.06845131978625832
grouped_iid,832,0.36507240017551557,0.97,19,0.02283653846153846,2111987.0,144562.0,0.0684483379869289
grouped_iid,833,0.3655111891180342,0.97,19,0.022809123649459785,2133728.0,144562.0,0.06775090358283717
grouped_iid,834,0.36594997806055285,0.97,19,0.022781774580335732,2147193.0,144562.0,0.06732603915903228
grouped_iid,835,0.36638876700307155,0.97,19,0.022754491017964073,2168964.0,144562.0,0.06665025330065413
grouped_iid,836,0.3668275559455902,0.97,19,0.022727272727272728,2171458.0,144562.0,0.0665737030142881
grouped_iid,837,0.36726634488810883,0.97,19,0.022700119474313024,2176709.0,144562.0,0.06641310345112737
grouped_iid,838,0.3677051338306275,0.97,19,0.022673031026252982,2179870.0,144562.0,0.06631679870817984
grouped_iid,839,0.3681439227731461,0.97,19,0.02264600715137068,2180171.0,144562.0,0.06630764284085973
grouped_iid,840,0.36858271171566476,0.97,19,0.02261904761904762,2184183.0,144562.0,0.06618584614933821
grouped_iid,841,0.3690215006581834,0.97,19,0.022592152199762187,2187344.0,144562.0,0.06609019888961225
grouped_iid,842,0.36946028960070204,0.97,19,0.022565320665083134,2215714.0,144562.0,0.0652439800443559
grouped_iid,843,0.36989907854322074,0.97,19,0.022538552787663108,2218269.0,144562.0,0.06516883209385337
grouped_iid,844,0.3703378674857394,0.97,19,0.022511848341232227,2219108.0,144562.0,0.06514419307217134
grouped_iid,845,0.370776656428258,0.97,19,0.022485207100591716,2223957.0,144562.0,0.0650021560668664
grouped_iid,846,0.37121544537077666,0.97,19,0.022458628841607566,2224065.0,144562.0,0.06499899957959862
grouped_iid,847,0.3716542343132953,0.97,19,0.02243211334120425,2225616.0,144562.0,0.06495370270522857
grouped_iid,848,0.37209302325581395,0.97,19,0.02240566037735849,2228214.0,144562.0,0.06487796953075423
grouped_iid,849,0.3725318121983326,0.97,19,0.02237926972909305,2233012.0,144562.0,0.06473856835520812
grouped_iid,850,0.37297060114085123,0.97,19,0.02235294117647059,2240686.0,144562.0,0.06451684885789441
grouped_iid,851,0.3734093900833699,0.97,19,0.022326674500587545,2245965.0,144562.0,0.06436520604728925
grouped_iid,852,0.37384817902588857,0.97,19,0.022300469483568074,2248775.0,144562.0,0.06428477726762348
grouped_iid,853,0.3742869679684072,0.97,19,0.022274325908558032,2251395.0,144562.0,0.0642099675978671
grouped_iid,854,0.37472575691092586,0.97,19,0.02224824355971897,2252293.0,144562.0,0.06418436677643628
grouped_iid,855,0.3751645458534445,0.97,19,0.022222222222222223,2252684.0,144562.0,0.06417322624922094
grouped_iid,856,0.37560333479596314,0.97,19,0.02219626168224299,2253784.0,144562.0,0.0641419053467413
grouped_iid,857,0.3760421237384818,0.97,19,0.022170361726954493,2255352.0,144562.0,0.06409731163915877
grouped_iid,858,0.3764809126810004,0.97,19,0.022144522144522144,2255999.0,144562.0,0.06407892911300049
grouped_iid,859,0.37691970162351907,0.97,19,0.02211874272409779,2258921.0,144562.0,0.06399604058751944
grouped_iid,860,0.37735849056603776,0.97,19,0.022093023255813953,2283207.0,144562.0,0.06331532795756145
grouped_iid,861,0.3777972795085564,0.97,19,0.022067363530778164,2296191.0,144562.0,0.06295730625196248
grouped_iid,862,0.37823606845107505,0.97,19,0.022041763341067284,2299063.0,144562.0,0.06287865969745066
grouped_iid,863,0.3786748573935937,0.97,19,0.0220162224797219,2299380.0,144562.0,0.06286999104106324
grouped_iid,864,0.37911364633611233,0.97,19,0.02199074074074074,2300468.0,144562.0,0.06284025685208401
grouped_iid,865,0.379552435278631,0.97,19,0.021965317919075144,2313452.0,144562.0,0.062487572683591446
grouped_iid,866,0.3799912242211496,0.97,19,0.021939953810623556,2313585.0,144562.0,0.06248398048915428
grouped_iid,867,0.38043001316366826,0.97,19,0.02191464821222607,2313857.0,144562.0,0.06247663533226124
grouped_iid,868,0.3808688021061869,0.97,19,0.021889400921658985,2320767.0,144562.0,0.06229061340496483
grouped_iid,869,0.3813075910487056,0.97,19,0.02186421173762946,2321515.0,144562.0,0.062270543158239336
grouped_iid,870,0.38174637999122424,0.97,19,0.021839080459770115,2322923.0,144562.0,0.06223279893479035
grouped_iid,871,0.3821851689337429,0.9628272748529025,19,0.021814006888633754,2326470.0,144562.0,0.06213791710187537
grouped_iid,872,0.3826239578762615,0.9602763385146805,19,0.021788990825688075,2326473.0,144562.0,0.062137836974682274
grouped_iid,873,0.38306274681878016,0.9602763385146805,19,0.021764032073310423,2326583.0,144562.0,0.062134899120297876
grouped_iid,874,0.3835015357612988,0.9602763385146805,19,0.021739130434782608,2326704.0,144562.0,0.06213166780131895
grouped_iid,875,0.38394032470381745,0.9602763385146805,19,0.021714285714285714,2326870.0,144562.0,0.06212723529892087
grouped_iid,876,0.3843791136463361,0.9602763385146805,19,0.021689497716894976,2327044.0,144562.0,0.062122589860784755
grouped_iid,877,0.3848179025888548,0.9602763385146805,19,0.021664766248574687,2329895.0,144562.0,0.06204657291423004
grouped_iid,878,0.38525669153137343,0.9602763385146805,19,0.02164009111617312,2331609.0,144562.0,0.06200096156774142
grouped_iid,879,0.38569548047389207,0.9602763385146805,19,0.02161547212741752,2331747.0,144562.0,0.061997292159054994
grouped_iid,880,0.3861342694164107,0.9602763385146805,19,0.02159090909090909,2333409.0,144562.0,0.06195313380551802
grouped_iid,881,0.38657305835892936,0.9602763385146805,19,0.021566401816118047,2334564.0,144562.0,0.061922483170305034
grouped_iid,882,0.387011847301448,0.9602763385146805,19,0.021541950113378686,2342020.0,144562.0,0.061725348203687413
grouped_iid,883,0.38745063624396664,0.9602763385146805,19,0.021517553793884484,2344702.0,144562.0,0.061654743331988456
grouped_iid,884,0.3878894251864853,0.9602763385146805,19,0.021493212669683258,2344738.0,144562.0,0.06165379671417446
grouped_iid,885,0.3883282141290039,0.9602763385146805,19,0.021468926553672316,2345625.0,144562.0,0.061630482280841996
grouped_iid,886,0.3887670030715226,0.9602763385146805,19,0.02144469525959368,2345709.0,144562.0,0.061628275289049066
grouped_iid,887,0.38920579201404126,0.9602763385146805,19,0.02142051860202931,2348699.0,144562.0,0.06154981970869831
grouped_iid,888,0.3896445809565599,0.9602763385146805,19,0.021396396396396396,2348744.0,144562.0,0.06154864046486122
grouped_iid,889,0.39008336989907855,0.9602763385146805,19,0.021372328458942633,2353278.0,144562.0,0.061430056287442455
grouped_iid,890,0.3905221588415972,0.9602763385146805,19,0.021348314606741574,2353506.0,144562.0,0.06142410514356029
grouped_iid,891,0.39096094778411583,0.9602763385146805,19,0.02132435465768799,2353631.0,144562.0,0.06142084294436979
grouped_iid,892,0.3913997367266345,0.9602763385146805,19,0.021300448430493273,2353756.0,144562.0,0.06141758109166796
grouped_iid,893,0.3918385256691531,0.9602763385146805,19,0.02127659574468085,2353965.0,144562.0,0.06141212804778321
grouped_iid,894,0.3922773146116718,0.9602763385146805,19,0.021252796420581657,2354174.0,144562.0,0.0614066759721244
grouped_iid,895,0.39271610355419045,0.9602763385146805,19,0.021229050279329607,2354383.0,144562.0,0.061401224864433696
grouped_iid,896,0.3931548924967091,0.9602763385146805,19,0.021205357142857144,2356751.0,144562.0,0.06133953056559645
grouped_iid,897,0.39359368143922774,0.9602763385146805,19,0.021181716833890748,2363008.0,144562.0,0.06117710985320405
grouped_iid,898,0.3940324703817464,0.9602763385146805,19,0.021158129175946547,2363390.0,144562.0,0.061167221660411525
grouped_iid,899,0.394471259324265,0.9602763385146805,19,0.021134593993325918,2363511.0,144562.0,0.06116409020309192
grouped_iid,900,0.39491004826678366,0.9602763385146805,20,0.022222222222222223,2363667.0,144718.0,0.061226052570010916
grouped_iid,901,0.3953488372093023,0.9602763385146805,21,0.023307436182019976,2364117.0,145168.0,0.06140474435063916
grouped_iid,902,0.39578762615182095,0.9602763385146805,21,0.02328159645232816,2364228.0,145168.0,0.061401861410997585
grouped_iid,903,0.39622641509433965,0.9602763385146805,21,0.023255813953488372,2364338.0,145168.0,0.06139900471083238
grouped_iid,904,0.3966652040368583,0.9602763385146805,21,0.023230088495575223,2364561.0,145168.0,0.06139321421608493
grouped_iid,905,0.39710399297937693,0.9602763385146805,21,0.023204419889502764,2364708.0,145168.0,0.061389397760738325
grouped_iid,906,0.39754278192189557,0.9602763385146805,21,0.023178807947019868,2364855.0,145168.0,0.061385581779855425
grouped_iid,907,0.3979815708644142,0.9602763385146805,21,0.023153252480705624,2364949.0,145168.0,0.06138314187747812
grouped_iid,908,0.39842035980693286,0.9602763385146805,21,0.023127753303964757,2365316.0,145168.0,0.06137361773226072
grouped_iid,909,0.3988591487494515,0.9602763385146805,21,0.0231023102310231,2365499.0,145168.0,0.06136886973953487
grouped_iid,910,0.39929793769197014,0.9602763385146805,21,0.023076923076923078,2365852.0,145168.0,0.0613597131181494
grouped_iid,911,0.39973672663448884,0.9602763385146805,21,0.02305159165751921,2365985.0,145168.0,0.061356263881639145
grouped_iid,912,0.4001755155770075,0.9602763385146805,21,0.023026315789473683,2366193.0,145168.0,0.0613508703643363
grouped_iid,913,0.4006143045195261,0.9602763385146805,21,0.023001095290251915,2366294.0,145168.0,0.06134825173879493
grouped_iid,914,0.40105309346204476,0.9602763385146805,21,0.022975929978118162,2366671.0,145168.0,0.061338479239404206
grouped_iid,915,0.4014918824045634,0.9602763385146805,21,0.022950819672131147,2372895.0,145168.0,0.06117759108599411
grouped_iid,916,0.40193067134708205,0.9602763385146805,21,0.02292576419213974,2373322.0,145168.0,0.06116658422245275
grouped_iid,917,0.4023694602896007,0.9602763385146805,21,0.022900763358778626,2373627.0,145168.0,0.06115872460163286
grouped_iid,918,0.40280824923211933,0.9602763385146805,21,0.02287581699346405,2374010.0,145168.0,0.061148857839688965
grouped_iid,919,0.403247038174638,0.9602763385146805,21,0.022850924918389554,2374122.0,145168.0,0.06114597312185305
grouped_iid,920,0.40368582711715667,0.9602763385146805,21,0.02282608695652174,2374959.0,145168.0,0.061124423621628836
grouped_iid,921,0.4041246160596753,0.9602763385146805,21,0.02280130293159609,2375294.0,145168.0,0.06111580292797439
grouped_iid,922,0.40456340500219395,0.9602763385146805,21,0.0227765726681128,2375571.0,145168.0,0.06110867660869745
grouped_iid,923,0.4050021939447126,0.9602763385146805,21,0.02275189599133261,2376408.0,145168.0,0.06108715338443567
grouped_iid,924,0.40544098288723124,0.9602763385146805,21,0.022727272727272728,2377241.0,145168.0,0.06106574806677152
grouped_iid,925,0.4058797718297499,0.9602763385146805,21,0.022702702702702703,2377310.0,145168.0,0.06106397566997993
grouped_iid,926,0.4063185607722685,0.9602763385146805,21,0.02267818574514039,2377432.0,145168.0,0.061060842118723056
grouped_iid,927,0.40675734971478716,0.9602763385146805,21,0.022653721682847898,2377678.0,145168.0,0.06105452462444452
grouped_iid,928,0.40719613865730586,0.9602763385146805,21,0.022629310344827586,2377924.0,145168.0,0.06104820843727554
grouped_iid,929,0.4076349275998245,0.9602763385146805,21,0.022604951560818085,2378134.0,145168.0,0.06104281760405427
grouped_iid,930,0.40807371654234315,0.9602763385146805,21,0.02258064516129032,2378548.0,145168.0,0.06103219274952618
grouped_iid,931,0.4085125054848618,0.9602763385146805,21,0.022556390977443608,2379377.0,145168.0,0.06101092849094532
grouped_iid,932,0.40895129442738043,0.9602763385146805,21,0.022532188841201718,2379426.0,145168.0,0.061009672080577414
grouped_iid,933,0.40939008336989907,0.9602763385146805,21,0.022508038585209004,2379660.0,145168.0,0.06100367279359236
grouped_iid,934,0.4098288723124177,0.9602763385146805,21,0.022483940042826552,2380497.0,145168.0,0.06098222346005897
grouped_iid,935,0.41026766125493636,0.9602763385146805,21,0.022459893048128343,2381202.0,145168.0,0.06096416851657272
grouped_iid,936,0.410706450197455,0.9602763385146805,21,0.022435897435897436,2382012.0,145168.0,0.06094343773247154
grouped_iid,937,0.4111452391399737,0.9602763385146805,22,0.023479188900747065,2382132.0,145288.0,0.060990742746413716
grouped_iid,938,0.41158402808249234,0.9602763385146805,22,0.023454157782515993,2382343.0,145288.0,0.060985340901792896
grouped_iid,939,0.412022817025011,0.9602763385146805,22,0.023429179978700747,2383887.0,145288.0,0.060945841812132875
grouped_iid,940,0.4124616059675296,0.9602763385146805,22,0.023404255319148935,2384227.0,145288.0,0.06093715069915742
grouped_iid,941,0.41290039491004826,0.9602763385146805,22,0.023379383634431455,2384561.0,145288.0,0.06092861537196993
grouped_iid,942,0.4133391838525669,0.9602763385146805,22,0.02335456475583864,2386511.0,145288.0,0.06087883106342271
grouped_iid,943,0.41377797279508555,0.9602763385146805,22,0.02332979851537646,2387291.0,145288.0,0.060858940112453824
grouped_iid,944,0.4142167617376042,0.9602763385146805,22,0.023305084745762712,2387505.0,145288.0,0.060853485123591365
grouped_iid,945,0.4146555506801229,0.9602763385146805,22,0.02328042328042328,2387627.0,145288.0,0.0608503757077634
grouped_iid,946,0.41509433962264153,0.9602763385146805,22,0.023255813953488372,2387850.0,145288.0,0.06084469292459744
grouped_iid,947,0.41553312856516017,0.9602763385146805,22,0.023231256599788808,2388413.0,145288.0,0.060830350529828804
grouped_iid,948,0.4159719175076788,0.9602763385146805,22,0.023206751054852322,2389125.0,145288.0,0.06081222204782086
grouped_iid,949,0.41641070645019745,0.9602763385146805,22,0.023182297154899896,2389250.0,145288.0,0.060809040493878835
grouped_iid,950,0.4168494953927161,0.9602763385146805,22,0.023157894736842106,2389430.0,145288.0,0.06080445964100225
grouped_iid,951,0.41728828433523474,0.9602763385146805,22,0.023133543638275498,2389713.0,145288.0,0.06079725891770267
grouped_iid,952,0.4177270732777534,0.9602763385146805,22,0.023109243697478993,2390280.0,145288.0,0.06078283715715314
grouped_iid,953,0.418165862220272,0.9602763385146805,22,0.023084994753410283,2390807.0,145288.0,0.0607694389384003
grouped_iid,954,0.4186046511627907,0.9602763385146805,22,0.023060796645702306,2391744.0,145288.0,0.06074563163950657
grouped_iid,955,0.41904344010530936,0.9602763385146805,22,0.023036649214659685,2393528.0,145288.0,0.06070035529143591
grouped_iid,956,0.419482229047828,0.9602763385146805,22,0.02301255230125523,2393751.0,145288.0,0.060694700493075515
grouped_iid,957,0.41992101799034665,0.9602763385146805,22,0.022988505747126436,2393858.0,145288.0,0.06069198757821057
grouped_iid,958,0.4203598069328653,0.9602763385146805,22,0.022964509394572025,2393983.0,145288.0,0.06068881859227906
grouped_iid,959,0.42079859587538393,0.9602763385146805,22,0.022940563086548488,2394349.0,145288.0,0.06067954170423777
grouped_iid,960,0.42123738481790257,0.9602763385146805,22,0.022916666666666665,2394471.0,145288.0,0.06067645003844273
grouped_iid,961,0.4216761737604212,0.9602763385146805,22,0.022892819979188347,2394694.0,145288.0,0.060670799692987915
grouped_iid,962,0.4221149627029399,0.9602763385146805,22,0.02286902286902287,2398982.0,145288.0,0.06056235519899691
grouped_iid,963,0.42255375164545855,0.9602763385146805,22,0.02284527518172378,2399104.0,145288.0,0.06055927546283946
grouped_iid,964,0.4229925405879772,0.9602763385146805,22,0.022821576763485476,2399398.0,145288.0,0.06055185509031849
grouped_iid,965,0.42343132953049584,0.9602763385146805,22,0.022797927461139896,2399580.0,145288.0,0.060547262437593244
grouped_iid,966,0.4238701184730145,0.9602763385146805,22,0.022774327122153208,2399945.0,145288.0,0.06053805399707077
grouped_iid,967,0.4243089074155331,0.9602763385146805,22,0.022750775594622543,2400773.0,145288.0,0.060517175093188734
grouped_iid,968,0.42474769635805176,0.9602763385146805,22,0.022727272727272728,2402073.0,145288.0,0.06048442324608786
grouped_iid,969,0.4251864853005704,0.9602763385146805,22,0.022703818369453045,2402484.0,145288.0,0.060474075998008726
grouped_iid,970,0.42562527424308905,0.9602763385146805,22,0.02268041237113402,2402646.0,145288.0,0.06046999849332777
grouped_iid,971,0.42606406318560774,0.9602763385146805,22,0.02265705458290422,2402827.0,145288.0,0.06046544341311297
grouped_iid,972,0.4265028521281264,0.9602763385146805,22,0.02263374485596708,2403000.0,145288.0,0.060461090303786935
grouped_iid,973,0.42694164107064503,0.9602763385146805,22,0.022610483042137718,2404691.0,145288.0,0.0604185735298215
grouped_iid,974,0.42738043001316367,0.9602763385146805,22,0.022587268993839837,2404803.0,145288.0,0.06041575962771171
grouped_iid,975,0.4278192189556823,0.9602763385146805,22,0.022564102564102566,2404954.0,145288.0,0.060411966299563316
grouped_iid,976,0.42825800789820095,0.9602763385146805,22,0.022540983606557378,2406068.0,145288.0,0.06038399579729251
grouped_iid,977,0.4286967968407196,0.9602763385146805,22,0.022517911975435005,2406291.0,145288.0,0.06037839978622702
grouped_iid,978,0.42913558578323824,0.9602763385146805,22,0.022494887525562373,2406568.0,145288.0,0.060371450131473534
grouped_iid,979,0.42957437472575694,0.9602763385146805,22,0.02247191011235955,2406862.0,145288.0,0.06036407571352242
grouped_iid,980,0.4300131636682756,0.9602763385146805,22,0.022448979591836733,2411085.0,145288.0,0.06025834841990224
grouped_iid,981,0.4304519526107942,0.9602763385146805,22,0.022426095820591234,2411405.0,145288.0,0.06025035197322723
grouped_iid,982,0.43089074155331286,0.9602763385146805,22,0.02240325865580448,2411567.0,145288.0,0.060246304581212134
grouped_iid,983,0.4313295304958315,0.9602763385146805,22,0.022380467955239063,2411803.0,145288.0,0.060240409353500265
grouped_iid,984,0.43176831943835015,0.9602763385146805,22,0.022357723577235773,2412179.0,145288.0,0.060231019339775364
grouped_iid,985,0.4322071083808688,0.9602763385146805,22,0.02233502538071066,2412946.0,145288.0,0.060211873784162595
grouped_iid,986,0.43264589732338743,0.9602763385146805,22,0.02231237322515213,2413643.0,145288.0,0.06019448609425669
grouped_iid,987,0.43308468626590607,0.9602763385146805,22,0.022289766970618033,2413828.0,145288.0,0.06018987268355492
grouped_iid,988,0.43352347520842477,0.9602763385146805,22,0.022267206477732792,2414175.0,145288.0,0.060181221328197004
grouped_iid,989,0.4339622641509434,0.9602763385146805,23,0.023255813953488372,2421335.0,152448.0,0.06296030908569034
grouped_iid,990,0.43440105309346205,0.9602763385146805,23,0.023232323232323233,2423514.0,152448.0,0.06290370098955483
grouped_iid,991,0.4348398420359807,0.9602763385146805,23,0.02320887991927346,2430525.0,152448.0,0.06272225136544574
grouped_iid,992,0.43527863097849934,0.9602763385146805,23,0.023185483870967742,2431749.0,152448.0,0.06269068065824228
grouped_iid,993,0.435717419921018,0.9602763385146805,23,0.023162134944612285,2431948.0,152448.0,0.06268555084236999
grouped_iid,994,0.4361562088635366,0.9602763385146805,23,0.023138832997987926,2435689.0,152448.0,0.0625892714546069
grouped_iid,995,0.43659499780605526,0.9602763385146805,23,0.023115577889447236,2474480.0,152448.0,0.061608095438233486
grouped_iid,996,0.43703378674857396,0.9602763385146805,23,0.023092369477911646,2474614.0,152448.0,0.06160475936853182
grouped_iid,997,0.4374725756910926,0.9602763385146805,23,0.023069207622868605,2474748.0,152448.0,0.061601423660106
grouped_iid,998,0.43791136463361124,0.9602763385146805,23,0.023046092184368736,2474993.0,152448.0,0.06159532572415356
grouped_iid,999,0.4383501535761299,0.9602763385146805,23,0.023023023023023025,2475221.0,152448.0,0.061589651994710774
grouped_iid,1000,0.43878894251864853,0.9602763385146805,23,0.023,2475345.0,152448.0,0.061586566721002524
grouped_iid,1001,0.43922773146116717,0.9602763385146805,23,0.022977022977022976,2480955.0,152448.0,0.06144730557386168
grouped_iid,1002,0.4396665204036858,0.9602763385146805,23,0.022954091816367265,2481221.0,152448.0,0.06144071809806543
grouped_iid,1003,0.44010530934620445,0.9602763385146805,23,0.022931206380857428,2481314.0,152448.0,0.06143841529125294
grouped_iid,1004,0.44054409828872315,0.9602763385146805,23,0.022908366533864542,2504253.0,152448.0,0.06087563836401514
grouped_iid,1005,0.4409828872312418,0.9602763385146805,23,0.022885572139303482,2504356.0,152448.0,0.06087313465018552
grouped_iid,1006,0.44142167617376044,0.9602763385146805,23,0.02286282306163022,2505412.0,152448.0,0.06084747738096569
grouped_iid,1007,0.4418604651162791,0.9602763385146805,23,0.022840119165839126,2505718.0,152448.0,0.06084004664531284
grouped_iid,1008,0.4422992540587977,0.9602763385146805,23,0.022817460317460316,2505902.0,152448.0,0.06083557936423691
grouped_iid,1009,0.44273804300131636,0.9602763385146805,23,0.022794846382556987,2508668.0,152448.0,0.060768503444855994
grouped_iid,1010,0.443176831943835,0.9602763385146805,23,0.02277227722772277,2508851.0,152448.0,0.06076407088344425
grouped_iid,1011,0.44361562088635365,0.9602763385146805,23,0.02274975272007913,2509727.0,152448.0,0.06074286167379958
grouped_iid,1012,0.4440544098288723,0.9602763385146805,23,0.022727272727272728,2509962.0,152448.0,0.060737174507024407
grouped_iid,1013,0.444493198771391,0.9602763385146805,23,0.022704837117472853,2512285.0,152448.0,0.06068101349966266
grouped_iid,1014,0.4449319877139096,0.9602763385146805,23,0.022682445759368838,2524721.0,152448.0,0.06038211746961347
grouped_iid,1015,0.44537077665642827,0.9602763385146805,23,0.022660098522167486,2524868.0,152448.0,0.06037860197047925
grouped_iid,1016,0.4458095655989469,0.9602763385146805,23,0.022637795275590553,2525013.0,152448.0,0.06037513470227678
grouped_iid,1017,0.44624835454146555,0.9602763385146805,23,0.02261553588987217,2525125.0,152448.0,0.06037245680906886
grouped_iid,1018,0.4466871434839842,0.9602763385146805,23,0.022593320235756387,2525236.0,152448.0,0.06036980305999123
grouped_iid,1019,0.44712593242650284,0.9602763385146805,23,0.022571148184494603,2525790.0,152448.0,0.06035656170940577
grouped_iid,1020,0.4475647213690215,0.9602763385146805,23,0.022549019607843137,2526242.0,152448.0,0.06034576259914925
grouped_iid,1021,0.4480035103115402,0.9602763385146805,23,0.022526934378060724,2526383.0,152448.0,0.06034239464087591
grouped_iid,1022,0.4484422992540588,0.9602763385146805,23,0.022504892367906065,2526524.0,152448.0,0.06033902705851993
grouped_iid,1023,0.44888108819657746,0.9602763385146805,23,0.022482893450635387,2526665.0,152448.0,0.06033565985201837
grouped_iid,1024,0.4493198771390961,0.9602763385146805,23,0.0224609375,2535612.0,152448.0,0.06012276326188707
grouped_iid,1025,0.44975866608161474,0.9602763385146805,23,0.0224390243902439,2538986.0,152448.0,0.06004286750694963
grouped_iid,1026,0.4501974550241334,0.9602763385146805,23,0.022417153996101363,2540028.0,152448.0,0.060018236019445455
grouped_iid,1027,0.45063624396665203,0.9602763385146805,23,0.022395326192794548,2540071.0,152448.0,0.06001721999109474
grouped_iid,1028,0.45107503290917067,0.9602763385146805,23,0.02237354085603113,2540429.0,152448.0,0.060008762299595855
grouped_iid,1029,0.4515138218516893,0.9602763385146805,23,0.022351797862001945,2547002.0,152448.0,0.0598538988190822
grouped_iid,1030,0.451952610794208,0.9602763385146805,23,0.02233009708737864,2547288.0,152448.0,0.05984717864646636
grouped_iid,1031,0.45239139973672665,0.9602763385146805,23,0.02230843840931135,2547716.0,152448.0,0.059837124703067374
grouped_iid,1032,0.4528301886792453,0.9602763385146805,23,0.022286821705426358,2547849.0,152448.0,0.05983400115155961
grouped_iid,1033,0.45326897762176394,0.9602763385146805,23,0.022265246853823813,2548998.0,152448.0,0.059807030056516323
grouped_iid,1034,0.4537077665642826,0.9602763385146805,23,0.022243713733075435,2549121.0,152448.0,0.05980414425207748
grouped_iid,1035,0.4541465555068012,0.9602763385146805,23,0.022222222222222223,2549244.0,152448.0,0.05980125872611645
grouped_iid,1036,0.45458534444931986,0.9602763385146805,23,0.0222007722007722,2549546.0,152448.0,0.05979417511980564
grouped_iid,1037,0.4550241333918385,0.9602763385146805,23,0.022179363548698167,2550347.0,152448.0,0.059775395269741724
grouped_iid,1038,0.4554629223343572,0.9602763385146805,23,0.022157996146435453,2550694.0,152448.0,0.05976726334087899
grouped_iid,1039,0.45590171127687584,0.9602763385146805,23,0.02213666987487969,2553266.0,152448.0,0.05970705754903719
grouped_iid,1040,0.4563405002193945,0.9602763385146805,23,0.022115384615384617,2553382.0,152448.0,0.05970434506078605
grouped_iid,1041,0.4567792891619131,0.9602763385146805,23,0.022094140249759846,2555290.0,152448.0,0.059659764645108776
grouped_iid,1042,0.45721807810443177,0.9602763385146805,23,0.022072936660268713,2568159.0,152448.0,0.05936081060401634
grouped_iid,1043,0.4576568670469504,0.9602763385146805,23,0.02205177372962608,2572887.0,152448.0,0.05925172772842336
grouped_iid,1044,0.45809565598946905,0.9602763385146805,23,0.022030651340996167,2573110.0,152448.0,0.05924659264469844
grouped_iid,1045,0.4585344449319877,0.9602763385146805,23,0.02200956937799043,2573252.0,152448.0,0.05924332323456855
grouped_iid,1046,0.45897323387450634,0.9602763385146805,23,0.02198852772466539,2573434.0,152448.0,0.05923913339141396
grouped_iid,1047,0.45941202281702503,0.9602763385146805,23,0.021967526265520534,2573664.0,152448.0,0.05923383938229699
grouped_iid,1048,0.4598508117595437,0.9602763385146805,23,0.02194656488549618,2573826.0,152448.0,0.05923011112639316
grouped_iid,1049,0.4602896007020623,0.9602763385146805,23,0.0219256434699714,2574233.0,152448.0,0.05922074652916034
grouped_iid,1050,0.46072838964458096,0.9602763385146805,23,0.021904761904761906,2575635.0,152448.0,0.059188510794425456
grouped_iid,1051,0.4611671785870996,0.9602763385146805,23,0.021883920076117985,2575694.0,152448.0,0.05918715499589625
grouped_iid,1052,0.46160596752961824,0.9602763385146805,23,0.021863117870722433,2576795.0,152448.0,0.05916186580616619
grouped_iid,1053,0.4620447564721369,0.9602763385146805,23,0.02184235517568851,2577084.0,152448.0,0.05915523126137914
grouped_iid,1054,0.46248354541465553,0.9602763385146805,23,0.021821631878557873,2577663.0,152448.0,0.059141943690854855
grouped_iid,1055,0.4629223343571742,0.9602763385146805,23,0.021800947867298578,2578001.0,152448.0,0.05913418962987214
grouped_iid,1056,0.46336112329969287,0.9602763385146805,23,0.021780303030303032,2581279.0,152448.0,0.05905909434818941
grouped_iid,1057,0.4637999122422115,0.9602763385146805,23,0.021759697256385997,2581696.0,152448.0,0.05904955502119537
grouped_iid,1058,0.46423870118473015,0.9602763385146805,23,0.021739130434782608,2581816.0,152448.0,0.05904681046209335
grouped_iid,1059,0.4646774901272488,0.9602763385146805,24,0.0226628895184136,2586980.0,157612.0,0.06092509412519617
grouped_iid,1060,0.46511627906976744,0.9602763385146805,24,0.022641509433962263,2587432.0,157612.0,0.06091445108509132
grouped_iid,1061,0.4655550680122861,0.9602763385146805,24,0.022620169651272386,2588332.0,157612.0,0.060893270260538444
grouped_iid,1062,0.4659938569548047,0.9602763385146805,24,0.022598870056497175,2588657.0,157612.0,0.06088562524892251
grouped_iid,1063,0.46643264589732336,0.9602763385146805,24,0.022577610536218252,2589540.0,157612.0,0.06086486402990492
grouped_iid,1064,0.46687143483984206,0.9602763385146805,24,0.022556390977443608,2589785.0,157612.0,0.06085910606478916
grouped_iid,1065,0.4673102237823607,0.9602763385146805,24,0.022535211267605635,2590206.0,157612.0,0.06084921430959545
grouped_iid,1066,0.46774901272487934,0.9602763385146805,24,0.0225140712945591,2590688.0,157612.0,0.06083789325461036
grouped_iid,1067,0.468187801667398,0.9602763385146805,24,0.022492970946579195,2591293.0,157612.0,0.060823689177565025
grouped_iid,1068,0.4686265906099166,0.9602763385146805,24,0.02247191011235955,2591595.0,157612.0,0.060816601359394505
grouped_iid,1069,0.46906537955243527,0.9602763385146805,24,0.02245088868101029,2597830.0,157612.0,0.06067063664673978
grouped_iid,1070,0.4695041684949539,0.9602763385146805,24,0.022429906542056073,2599224.0,157612.0,0.06063809814006026
grouped_iid,1071,0.46994295743747255,0.9602763385146805,24,0.022408963585434174,2603619.0,157612.0,0.06053573890803531
grouped_iid,1072,0.47038174637999125,0.9602763385146805,24,0.022388059701492536,2603861.0,157612.0,0.060530112782517964
grouped_iid,1073,0.4708205353225099,0.9602763385146805,24,0.022367194780987885,2604138.0,157612.0,0.060523674244606085
grouped_iid,1074,0.47125932426502853,0.9602763385146805,24,0.0223463687150838,2604304.0,157612.0,0.06051981642696091
grouped_iid,1075,0.4716981132075472,0.9602763385146805,24,0.022325581395348838,2604454.0,157612.0,0.06051633087011712
grouped_iid,1076,0.4721369021500658,0.9602763385146805,24,0.022304832713754646,2604989.0,157612.0,0.06050390231974108
grouped_iid,1077,0.47257569109258446,0.9602763385146805,24,0.022284122562674095,2605139.0,157612.0,0.06050041859570641
grouped_iid,1078,0.4730144800351031,0.9602763385146805,24,0.022263450834879406,2605404.0,157612.0,0.06049426499690643
grouped_iid,1079,0.47345326897762174,0.9602763385146805,24,0.022242817423540315,2621957.0,157612.0,0.060112351194165276
grouped_iid,1080,0.4738920579201404,0.9602763385146805,24,0.022222222222222223,2622129.0,157612.0,0.06010840809128765
grouped_iid,1081,0.4743308468626591,0.9602763385146805,24,0.022201665124884366,2622322.0,157612.0,0.06010398417890709
grouped_iid,1082,0.4747696358051777,0.9602763385146805,24,0.022181146025878003,2622669.0,157612.0,0.06009603194303208
grouped_iid,1083,0.47520842474769637,0.9602763385146805,24,0.0221606648199446,2623080.0,157612.0,0.06008661573417509
grouped_iid,1084,0.475647213690215,0.9602763385146805,24,0.02214022140221402,2623492.0,157612.0,0.060077179575924
grouped_iid,1085,0.47608600263273365,0.9602763385146805,24,0.022119815668202765,2623605.0,157612.0,0.06007459202128369
grouped_iid,1086,0.4765247915752523,0.9602763385146805,24,0.022099447513812154,2624093.0,157612.0,0.060063420008360985
grouped_iid,1087,0.47696358051777094,0.9602763385146805,24,0.02207911683532659,2624201.0,157612.0,0.06006094807524271
grouped_iid,1088,0.4774023694602896,0.9602763385146805,24,0.022058823529411766,2624564.0,157612.0,0.06005264112439247
grouped_iid,1089,0.4778411584028083,0.9602763385146805,24,0.02203856749311295,2626226.0,157612.0,0.06001463697336025
grouped_iid,1090,0.4782799473453269,0.9602763385146805,24,0.022018348623853212,2627614.0,157612.0,0.059982935088639354
grouped_iid,1091,0.47871873628784556,0.9602763385146805,24,0.021998166819431713,2627783.0,157612.0,0.05997907742001528
grouped_iid,1092,0.4791575252303642,0.9602763385146805,24,0.02197802197802198,2628244.0,157612.0,0.05996855695285522
grouped_iid,1093,0.47959631417288284,0.9602763385146805,24,0.021957913998170174,2628521.0,157612.0,0.05996223731900944
grouped_iid,1094,0.4800351031154015,0.9602763385146805,24,0.021937842778793418,2629135.0,157612.0,0.059948233924846
grouped_iid,1095,0.4804738920579201,0.9602763385146805,24,0.021917808219178082,2629454.0,157612.0,0.05994096112729107
grouped_iid,1096,0.48091268100043877,0.9602763385146805,24,0.021897810218978103,2630166.0,157612.0,0.0599247347886027
grouped_iid,1097,0.4813514699429574,0.9602763385146805,24,0.02187784867821331,2630811.0,157612.0,0.0599100429487333
grouped_iid,1098,0.4817902588854761,0.9602763385146805,24,0.02185792349726776,2630862.0,157612.0,0.05990888157569648
grouped_iid,1099,0.48222904782799475,0.9602763385146805,24,0.02183803457688808,2631012.0,157612.0,0.05990546603360228
grouped_iid,1100,0.4826678367705134,0.9602763385146805,24,0.02181818181818182,2631193.0,157612.0,0.059901345131276956
grouped_iid,1101,0.48310662571303203,0.9602763385146805,24,0.021798365122615803,2631355.0,157612.0,0.05989765729063543
grouped_iid,1102,0.4835454146555507,0.9602763385146805,24,0.021778584392014518,2639811.0,157612.0,0.059705789543266545
grouped_iid,1103,0.4839842035980693,0.9602763385146805,24,0.021758839528558477,2640198.0,157612.0,0.05969703787367463
grouped_iid,1104,0.48442299254058796,0.9602763385146805,24,0.021739130434782608,2640508.0,157612.0,0.059690029342838576
grouped_iid,1105,0.4848617814831066,0.9602763385146805,24,0.02171945701357466,2640937.0,157612.0,0.05968033315448267
grouped_iid,1106,0.4853005704256253,0.9602763385146805,24,0.0216998191681736,2641084.0,157612.0,0.05967701140895178
grouped_iid,1107,0.48573935936814394,0.9602763385146805,24,0.02168021680216802,2641222.0,157612.0,0.05967389337208307
grouped_iid,1108,0.4861781483106626,0.9602763385146805,24,0.021660649819494584,2641378.0,157612.0,0.059670369027076016
grouped_iid,1109,0.4866169372531812,0.9602763385146805,24,0.02164111812443643,2642199.0,157612.0,0.05965182789032923
grouped_iid,1110,0.48705572619569987,0.9602763385146805,24,0.021621621621621623,2642684.0,157612.0,0.05964088025658762
grouped_iid,1111,0.4874945151382185,0.9602763385146805,24,0.021602160216021602,2643007.0,157612.0,0.059633591587158113
grouped_iid,1112,0.48793330408073715,0.9602763385146805,24,0.02158273381294964,2650431.0,157612.0,0.059466554684879554
grouped_iid,1113,0.4883720930232558,0.9602763385146805,24,0.0215633423180593,2652915.0,157612.0,0.059410874453195824
grouped_iid,1114,0.48881088196577444,0.9602763385146805,24,0.02154398563734291,2652932.0,157612.0,0.059410493748049326
grouped_iid,1115,0.48924967090829313,0.9602763385146805,24,0.021524663677130046,2653041.0,157612.0,0.05940805287215689
grouped_iid,1116,0.4896884598508118,0.9602763385146805,24,0.021505376344086023,2653643.0,157612.0,0.059394575683315354
grouped_iid,1117,0.4901272487933304,0.9602763385146805,24,0.021486123545210387,2654229.0,157612.0,0.0593814625640817
grouped_iid,1118,0.49056603773584906,0.9602763385146805,24,0.02146690518783542,2654865.0,157612.0,0.05936723712881822
grouped_iid,1119,0.4910048266783677,0.9602763385146805,24,0.021447721179624665,2656022.0,157612.0,0.05934137593739811
grouped_iid,1120,0.49144361562088634,0.9602763385146805,24,0.02142857142857143,2656897.0,157612.0,0.059321832950242334
grouped_iid,1121,0.491882404563405,0.9602763385146805,24,0.021409455842997322,2678629.0,157612.0,0.0588405486538076
grouped_iid,1122,0.4923211935059236,0.9602763385146805,24,0.0213903743315508,2678852.0,157612.0,0.05883565049506281
grouped_iid,1123,0.4927599824484423,0.9602763385146805,24,0.0213713268032057,2679082.0,157612.0,0.05883059943667271
grouped_iid,1124,0.49319877139096097,0.9602763385146805,24,0.021352313167259787,2679849.0,157612.0,0.058813761521637975
grouped_iid,1125,0.4936375603334796,0.9602763385146805,24,0.021333333333333333,2679958.0,157612.0,0.05881136943190901
grouped_iid,1126,0.49407634927599825,0.9602763385146805,24,0.021314387211367674,2740991.0,157612.0,0.05750183054231116
grouped_iid,1127,0.4945151382185169,0.9602763385146805,24,0.02129547471162378,2745062.0,157612.0,0.05741655379732771
grouped_iid,1128,0.49495392716103553,0.9602763385146805,24,0.02127659574468085,2745177.0,157612.0,0.05741414852302784
grouped_iid,1129,0.4953927161035542,0.9602763385146805,24,0.021257750221434897,2745560.0,157612.0,0.05740613936683227
grouped_iid,1130,0.4958315050460728,0.9602763385146805,24,0.021238938053097345,2746881.0,157612.0,0.057378532233467706
grouped_iid,1131,0.49627029398859146,0.9602763385146805,24,0.021220159151193633,2747054.0,157612.0,0.05737491873112068
grouped_iid,1132,0.49670908293111016,0.9602763385146805,24,0.02120141342756184,2824996.0,157612.0,0.05579193740451314
grouped_iid,1133,0.4971478718736288,0.9602763385146805,24,0.02118270079435128,2825224.0,157612.0,0.05578743490781616
grouped_iid,1134,0.49758666081614744,0.9602763385146805,24,0.021164021164021163,2825635.0,157612.0,0.05577932040054713
grouped_iid,1135,0.4980254497586661,0.9602763385146805,24,0.021145374449339206,2825791.0,157612.0,0.05577624105958296
grouped_iid,1136,0.4984642387011847,0.9602763385146805,24,0.02112676056338028,2826138.0,157612.0,0.05576939271896843
grouped_iid,1137,0.49890302764370337,0.9602763385146805,24,0.021108179419525065,2826501.0,157612.0,0.055762230404305536
grouped_iid,1138,0.499341816586222,0.9602763385146805,24,0.0210896309314587,2826826.0,157612.0,0.05575581942432962
grouped_iid,1139,0.49978060552874065,0.9602763385146805,24,0.021071115013169446,2826948.0,157612.0,0.0557534132216086
grouped_iid,1140,0.5002193944712593,0.9602763385146805,24,0.021052631578947368,2827405.0,157612.0,0.05574440166866791
grouped_iid,1141,0.500658183413778,0.9602763385146805,24,0.021034180543382998,2835436.0,157612.0,0.05558651297366613
grouped_iid,1142,0.5010969723562966,0.9602763385146805,24,0.021015761821366025,2835616.0,157612.0,0.05558298443794928
grouped_iid,1143,0.5015357612988153,0.9602763385146805,24,0.02099737532808399,2835865.0,157612.0,0.055578104035276715
grouped_iid,1144,0.501974550241334,0.9602763385146805,24,0.02097902097902098,2836351.0,157612.0,0.05556858089848541
grouped_iid,1145,0.5024133391838526,0.9602763385146805,24,0.02096069868995633,2836675.0,157612.0,0.05556223395348427
grouped_iid,1146,0.5028521281263713,0.9602763385146805,24,0.020942408376963352,2837342.0,157612.0,0.05554917242968948
grouped_iid,1147,0.5032909170688898,0.9602763385146805,24,0.020924149956408022,2837666.0,157612.0,0.05554282991726299
grouped_iid,1148,0.5037297060114085,0.9602763385146805,24,0.020905923344947737,2839723.0,157612.0,0.05550259655607254
grouped_iid,1149,0.5041684949539271,0.9602763385146805,24,0.020887728459530026,2846296.0,157612.0,0.05537442346122821
grouped_iid,1150,0.5046072838964458,0.9602763385146805,24,0.020869565217391306,2846638.0,157612.0,0.05536777068246823
grouped_iid,1151,0.5050460728389644,0.9602763385146805,24,0.020851433536055605,2853463.0,157612.0,0.055235340356612296
grouped_iid,1152,0.5054848617814831,0.9602763385146805,24,0.020833333333333332,2853545.0,157612.0,0.055233753103595705
grouped_iid,1153,0.5059236507240018,0.9602763385146805,24,0.020815264527320035,2853916.0,157612.0,0.055226572891423575
grouped_iid,1154,0.5063624396665204,0.9602763385146805,25,0.021663778162911613,2857410.0,161106.0,0.05638182829905404
grouped_iid,1155,0.5068012286090391,0.9602763385146805,25,0.021645021645021644,2857950.0,161106.0,0.0563711751430221
grouped_iid,1156,0.5072400175515577,0.9602763385146805,25,0.02162629757785467,2858393.0,161106.0,0.056362438614984016
grouped_iid,1157,0.5076788064940764,0.9602763385146805,25,0.021607605877268798,2859537.0,161106.0,0.056339889989183566
grouped_iid,1158,0.508117595436595,0.9602763385146805,25,0.02158894645941278,2860030.0,161106.0,0.056330178354772505
grouped_iid,1159,0.5085563843791137,0.9602763385146805,25,0.021570319240724764,2860196.0,161106.0,0.05632690906497317
grouped_iid,1160,0.5089951733216322,0.9602763385146805,25,0.021551724137931036,2860334.0,161106.0,0.05632419151050192
grouped_iid,1161,0.5094339622641509,0.9602763385146805,25,0.02153316106804479,2862125.0,161106.0,0.056288946150150676
grouped_iid,1162,0.5098727512066696,0.9602763385146805,25,0.021514629948364887,2862381.0,161106.0,0.05628391189013622
grouped_iid,1163,0.5103115401491882,0.9602763385146805,25,0.021496130696474634,2862626.0,161106.0,0.05627909478919006
grouped_iid,1164,0.5107503290917069,0.9602763385146805,25,0.02147766323024055,2863168.0,161106.0,0.056268441111384314
grouped_iid,1165,0.5111891180342255,0.9602763385146805,25,0.02145922746781116,2863373.0,161106.0,0.05626441263502869
grouped_iid,1166,0.5116279069767442,0.9602763385146805,25,0.02144082332761578,2864122.0,161106.0,0.05624969886059323
grouped_iid,1167,0.5120666959192628,0.9602763385146805,25,0.021422450728363324,2864345.0,161106.0,0.0562453196105916
grouped_iid,1168,0.5125054848617815,0.9602763385146805,25,0.021404109589041095,2864443.0,161106.0,0.05624339531280601
grouped_iid,1169,0.5129442738043001,0.9602763385146805,25,0.0213857998289136,2864616.0,161106.0,0.0562399986595062
grouped_iid,1170,0.5133830627468188,0.9602763385146805,25,0.021367521367521368,2865022.0,161106.0,0.056232028933809235
grouped_iid,1171,0.5138218516893375,0.9602763385146805,25,0.02134927412467976,2865332.0,161106.0,0.05622594519587957
grouped_iid,1172,0.5142606406318561,0.9602763385146805,25,0.021331058020477817,2865633.0,161106.0,0.056220039342093006
grouped_iid,1173,0.5146994295743748,0.9602763385146805,25,0.021312872975277068,2865853.0,161106.0,0.0562157235559535
grouped_iid,1174,0.5151382185168933,0.9602763385146805,25,0.02129471890971039,2866147.0,161106.0,0.05620995713060077
grouped_iid,1175,0.515577007459412,0.9602763385146805,25,0.02127659574468085,2866279.0,161106.0,0.056207368508090105
grouped_iid,1176,0.5160157964019306,0.9602763385146805,25,0.021258503401360544,2866445.0,161106.0,0.05620411345761039
grouped_iid,1177,0.5164545853444493,0.9602763385146805,25,0.021240441801189464,2866527.0,161106.0,0.056202505680218603
grouped_iid,1178,0.516893374286968,0.9602763385146805,25,0.021222410865874362,2870224.0,161106.0,0.05613011388658167
grouped_iid,1179,0.5173321632294866,0.9602763385146805,25,0.021204410517387615,2870376.0,161106.0,0.0561271415312837
grouped_iid,1180,0.5177709521720053,0.9602763385146805,25,0.0211864406779661,2873657.0,161106.0,0.056063058326028474
grouped_iid,1181,0.5182097411145239,0.9602763385146805,25,0.021168501270110076,2875659.0,161106.0,0.05602402788369553
grouped_iid,1182,0.5186485300570426,0.9602763385146805,25,0.021150592216582064,2875818.0,161106.0,0.05602093039267436
grouped_iid,1183,0.5190873189995612,0.9602763385146805,25,0.021132713440405747,2876133.0,161106.0,0.05601479486518878
grouped_iid,1184,0.5195261079420799,0.9602763385146805,25,0.021114864864864864,2876410.0,161106.0,0.05600940060700665
grouped_iid,1185,0.5199648968845985,0.9602763385146805,25,0.02109704641350211,2876564.0,161106.0,0.05600640208248452
grouped_iid,1186,0.5204036858271172,0.9602763385146805,25,0.021079258010118045,2877533.0,161106.0,0.05598754210638071
grouped_iid,1187,0.5208424747696359,0.9602763385146805,25,0.02106149957877001,2877916.0,161106.0,0.05598009114928997
grouped_iid,1188,0.5212812637121544,0.9602763385146805,25,0.021043771043771045,2877961.0,161106.0,0.05597921584065941
grouped_iid,1189,0.5217200526546731,0.9602763385146805,25,0.021026072329688814,2878344.0,161106.0,0.055971767099415495
grouped_iid,1190,0.5221588415971917,0.9602763385146805,25,0.02100840336134454,2878784.0,161106.0,0.05596321224517018
grouped_iid,1191,0.5225976305397104,0.9602763385146805,25,0.020990764063811923,2878820.0,161106.0,0.05596251241828249
grouped_iid,1192,0.523036419482229,0.9602763385146805,26,0.02181208053691275,2880662.0,162948.0,0.05656616430528816
grouped_iid,1193,0.5234752084247477,0.9602763385146805,26,0.02179379715004191,2880913.0,162948.0,0.056561235969291676
grouped_iid,1194,0.5239139973672663,0.9602763385146805,26,0.021775544388609715,2881164.0,162948.0,0.05655630849198449
grouped_iid,1195,0.524352786309785,0.9602763385146805,26,0.021757322175732216,2881332.0,162948.0,0.05655301089912582
grouped_iid,1196,0.5247915752523037,0.9602763385146805,26,0.021739130434782608,2881500.0,162948.0,0.05654971369078605
grouped_iid,1197,0.5252303641948223,0.9602763385146805,26,0.02172096908939014,2881627.0,162948.0,0.056547221413458436
grouped_iid,1198,0.525669153137341,0.9602763385146805,26,0.021702838063439065,2882304.0,162948.0,0.05653393951505462
grouped_iid,1199,0.5261079420798596,0.9602763385146805,26,0.021684737281067557,2882527.0,162948.0,0.056529565898255245
grouped_iid,1200,0.5265467310223783,0.9602763385146805,26,0.021666666666666667,2882828.0,162948.0,0.0565236635692452
grouped_iid,1201,0.5269855199648968,0.9602763385146805,26,0.02164862614487927,2883048.0,162948.0,0.056519350354208464
grouped_iid,1202,0.5274243089074155,0.9602763385146805,26,0.021630615640599003,2883455.0,162948.0,0.05651137264150125
grouped_iid,1203,0.5278630978499341,0.9602763385146805,26,0.021612635078969242,2883597.0,162948.0,0.05650858979254036
grouped_iid,1204,0.5283018867924528,0.9602763385146805,26,0.02159468438538206,2883708.0,162948.0,0.056506414657794754
grouped_iid,1205,0.5287406757349715,0.9602763385146805,26,0.021576763485477178,2883777.0,162948.0,0.05650506263140319
grouped_iid,1206,0.5291794646774901,0.9602763385146805,26,0.02155887230514096,2883919.0,162948.0,0.05650228040385323
grouped_iid,1207,0.5296182536200088,0.9602763385146805,26,0.021541010770505385,2883989.0,162948.0,0.056500908984049525
grouped_iid,1208,0.5300570425625274,0.9602763385146805,26,0.02152317880794702,2884012.0,162948.0,0.056500458389216135
grouped_iid,1209,0.5304958315050461,0.9602763385146805,26,0.021505376344086023,2884380.0,162948.0,0.056493249849187695
grouped_iid,1210,0.5309346204475647,0.9602763385146805,26,0.021487603305785124,2884423.0,162948.0,0.05649240766697534
grouped_iid,1211,0.5313734093900834,0.9602763385146805,26,0.021469859620148638,2884586.0,162948.0,0.05648921543680792
grouped_iid,1212,0.5318121983326021,0.9602763385146805,26,0.02145214521452145,2884939.0,162948.0,0.056482303438651564
grouped_iid,1213,0.5322509872751207,0.9602763385146805,26,0.021434460016488046,2889342.0,162948.0,0.05639623139109181
grouped_iid,1214,0.5326897762176394,0.9602763385146805,26,0.0214168039538715,2889493.0,162948.0,0.05639328421975758
grouped_iid,1215,0.5331285651601579,0.9602763385146805,26,0.02139917695473251,2890479.0,162948.0,0.05637404734647787
grouped_iid,1216,0.5335673541026766,0.9602763385146805,26,0.02138157894736842,2890646.0,162948.0,0.05637079047382488
grouped_iid,1217,0.5340061430451952,0.9602763385146805,26,0.021364009860312245,2891061.0,162948.0,0.056362698677060084
grouped_iid,1218,0.5344449319877139,0.9602763385146805,26,0.021346469622331693,2891246.0,162948.0,0.05635909223912459
grouped_iid,1219,0.5348837209302325,0.9602763385146805,26,0.02132895816242822,2891384.0,162948.0,0.05635640233189365
grouped_iid,1220,0.5353225098727512,0.9602763385146805,26,0.021311475409836064,2891607.0,162948.0,0.05635205614040912
grouped_iid,1221,0.5357612988152699,0.9602763385146805,26,0.021294021294021293,2891722.0,162948.0,0.056349815092875455
grouped_iid,1222,0.5362000877577885,0.9602763385146805,26,0.02127659574468085,2892180.0,162948.0,0.05634089164574819
grouped_iid,1223,0.5366388767003072,0.9602763385146805,26,0.02125919869174162,2892457.0,162948.0,0.0563354960851622
grouped_iid,1224,0.5370776656428258,0.9602763385146805,26,0.021241830065359478,2892814.0,162948.0,0.05632854376396132
grouped_iid,1225,0.5375164545853445,0.9602763385146805,26,0.02122448979591837,2895872.0,162948.0,0.056269061615983024
grouped_iid,1226,0.5379552435278631,0.9602763385146805,27,0.02202283849918434,2898446.0,165522.0,0.05710715328144806
grouped_iid,1227,0.5383940324703818,0.9602763385146805,27,0.022004889975550123,2898571.0,165522.0,0.05710469055268958
grouped_iid,1228,0.5388328214129003,0.9602763385146805,27,0.021986970684039087,2898790.0,165522.0,0.05710037636393116
grouped_iid,1229,0.539271610355419,0.9602763385146805,27,0.021969080553295363,2900971.0,165522.0,0.057057447316777726
grouped_iid,1230,0.5397103992979377,0.9602763385146805,27,0.02195121951219512,2901206.0,165522.0,0.05705282561803609
grouped_iid,1231,0.5401491882404563,0.9602763385146805,27,0.021933387489845652,2901331.0,165522.0,0.057050367572676126
grouped_iid,1232,0.540587977182975,0.9602763385146805,27,0.021915584415584416,2901632.0,165522.0,0.05704444946843707
grouped_iid,1233,0.5410267661254936,0.9602763385146805,27,0.021897810218978103,2901846.0,165522.0,0.05704024265932789
grouped_iid,1234,0.5414655550680123,0.9602763385146805,28,0.022690437601296597,2916332.0,180008.0,0.06172411097227613
grouped_iid,1235,0.5419043440105309,0.9602763385146805,28,0.022672064777327937,2918147.0,180008.0,0.06168572042463934
grouped_iid,1236,0.5423431329530496,0.9602763385146805,28,0.022653721682847898,2918580.0,180008.0,0.0616765687423336
grouped_iid,1237,0.5427819218955683,0.9602763385146805,28,0.02263540824575586,2918656.0,180008.0,0.06167496272256819
grouped_iid,1238,0.5432207108380869,0.9602763385146805,28,0.022617124394184167,2939007.0,180008.0,0.06124789767428251
grouped_iid,1239,0.5436594997806056,0.9602763385146805,28,0.022598870056497175,2940472.0,180008.0,0.06121738278752527
grouped_iid,1240,0.5440982887231242,0.9602763385146805,28,0.02258064516129032,2940695.0,180008.0,0.061212740525624046
grouped_iid,1241,0.5445370776656429,0.9602763385146805,28,0.022562449637389202,2940900.0,180008.0,0.06120847359651807
grouped_iid,1242,0.5449758666081614,0.9602763385146805,28,0.02254428341384863,2941852.0,180008.0,0.06118866618715014
grouped_iid,1243,0.5454146555506801,0.9602763385146805,28,0.02252614641995173,2942081.0,180008.0,0.061183903502316894
grouped_iid,1244,0.5458534444931987,0.9602763385146805,28,0.022508038585209004,2942206.0,180008.0,0.06118130409631413
grouped_iid,1245,0.5462922334357174,0.9602763385146805,28,0.02248995983935743,2942414.0,180008.0,0.06117697917424265
grouped_iid,1246,0.5467310223782361,0.9602763385146805,28,0.02247191011235955,2942508.0,180008.0,0.06117502484275319
grouped_iid,1247,0.5471698113207547,0.9602763385146805,28,0.022453889334402566,2945057.0,180008.0,0.06112207675437182
grouped_iid,1248,0.5476086002632734,0.9602763385146805,28,0.022435897435897436,2945087.0,180008.0,0.061121454137008514
grouped_iid,1249,0.548047389205792,0.9602763385146805,28,0.02241793434747798,2945183.0,180008.0,0.06111946184668321
grouped_iid,1250,0.5484861781483107,0.9602763385146805,29,0.0232,2946606.0,181431.0,0.06157287401165951
grouped_iid,1251,0.5489249670908293,0.9602763385146805,29,0.023181454836131096,2948759.0,181431.0,0.061527917337429065
grouped_iid,1252,0.549363756033348,0.9602763385146805,29,0.0231629392971246,2949030.0,181431.0,0.06152226325266274
grouped_iid,1253,0.5498025449758666,0.9602763385146805,29,0.02314445331205108,2949155.0,181431.0,0.06151965563017203
grouped_iid,1254,0.5502413339183853,0.9602763385146805,29,0.023125996810207338,2949196.0,181431.0,0.06151880037813696
grouped_iid,1255,0.550680122860904,0.9602763385146805,29,0.023107569721115537,2949331.0,181431.0,0.06151598447241086
grouped_iid,1256,0.5511189118034225,0.9602763385146805,29,0.02308917197452229,2949456.0,181431.0,0.0615133773821342
grouped_iid,1257,0.5515577007459412,0.9602763385146805,29,0.023070803500397773,2949591.0,181431.0,0.061510561972829454
grouped_iid,1258,0.5519964896884598,0.9602763385146805,29,0.023052464228934817,2949742.0,181431.0,0.06150741319071295
grouped_iid,1259,0.5524352786309785,0.9602763385146805,29,0.023034154090548053,2949956.0,181431.0,0.061502951230459034
grouped_iid,1260,0.5528740675734971,0.9602763385146805,29,0.023015873015873017,2950233.0,181431.0,0.061497176663673686
grouped_iid,1261,0.5533128565160158,0.9602763385146805,29,0.022997620935765267,2950699.0,181431.0,0.06148746449570085
grouped_iid,1262,0.5537516454585344,0.9602763385146805,29,0.022979397781299524,2957272.0,181431.0,0.06135079897960012
grouped_iid,1263,0.5541904344010531,0.9602763385146805,29,0.022961203483768806,2968623.0,181431.0,0.06111621448732291
grouped_iid,1264,0.5546292233435718,0.9602763385146805,29,0.022943037974683545,2970569.0,181431.0,0.061076177661586045
grouped_iid,1265,0.5550680122860904,0.9602763385146805,29,0.02292490118577075,2976679.0,181431.0,0.06095081129003161
grouped_iid,1266,0.5555068012286091,0.9602763385146805,29,0.022906793048973143,2978366.0,181431.0,0.06091628765571458
grouped_iid,1267,0.5559455901711277,0.9602763385146805,29,0.022888713496448304,2985763.0,181431.0,0.06076537220134351
grouped_iid,1268,0.5563843791136464,0.9602763385146805,29,0.022870662460567823,2985925.0,181431.0,0.06076207540376935
grouped_iid,1269,0.5568231680561649,0.9602763385146805,29,0.022852639873916468,2986173.0,181431.0,0.06075702914734009
grouped_iid,1270,0.5572619569986836,0.9602763385146805,29,0.02283464566929134,2986410.0,181431.0,0.06075220749997488
grouped_iid,1271,0.5577007459412023,0.9602763385146805,29,0.022816679779701022,2986887.0,181431.0,0.06074250549150336
grouped_iid,1272,0.5581395348837209,0.9602763385146805,29,0.02279874213836478,3017220.0,181431.0,0.06013184321991767
grouped_iid,1273,0.5585783238262396,0.9602763385146805,29,0.022780832678711706,3017371.0,181431.0,0.060128834008148155
grouped_iid,1274,0.5590171127687582,0.9602763385146805,29,0.022762951334379906,3018062.0,181431.0,0.060115067218632356
grouped_iid,1275,0.5594559017112769,0.9602763385146805,29,0.022745098039215685,3019727.0,181431.0,0.06008192131275443
grouped_iid,1276,0.5598946906537955,0.9602763385146805,29,0.022727272727272728,3022327.0,181431.0,0.060030234981191644
grouped_iid,1277,0.5603334795963142,0.9602763385146805,29,0.022709475332811275,3023709.0,181431.0,0.060002797888288856
grouped_iid,1278,0.5607722685388328,0.9602763385146805,29,0.02269170579029734,3024226.0,181431.0,0.0599925402400482
grouped_iid,1279,0.5612110574813515,0.9602763385146805,29,0.022673964034401875,3024345.0,181431.0,0.05999017969180104
grouped_iid,1280,0.5616498464238702,0.9602763385146805,29,0.02265625,3024671.0,181431.0,0.05998371393120111
grouped_iid,1281,0.5620886353663888,0.9602763385146805,29,0.02263856362217018,3045970.0,181431.0,0.05956427673286342
grouped_iid,1282,0.5625274243089075,0.9602763385146805,29,0.02262090483619345,3046757.0,181431.0,0.05954889083704411
grouped_iid,1283,0.562966213251426,0.9602763385146805,29,0.02260327357755261,3046923.0,181431.0,0.05954564654242985
grouped_iid,1284,0.5634050021939447,0.9602763385146805,29,0.022585669781931463,3047045.0,181431.0,0.05954326240669239
grouped_iid,1285,0.5638437911364633,0.9602763385146805,29,0.022568093385214007,3047195.0,181431.0,0.05954033135391729
grouped_iid,1286,0.564282580078982,0.9602763385146805,29,0.02255054432348367,3047271.0,181431.0,0.05953884639731747
grouped_iid,1287,0.5647213690215006,0.9602763385146805,29,0.022533022533022532,3047406.0,181431.0,0.05953620882809839
grouped_iid,1288,0.5651601579640193,0.9602763385146805,29,0.02251552795031056,3047753.0,181431.0,0.059529430370505745
grouped_iid,1289,0.565598946906538,0.9602763385146805,29,0.022498060512024826,3048124.0,181431.0,0.05952218479300711
grouped_iid,1290,0.5660377358490566,0.9602763385146805,29,0.02248062015503876,3049038.0,181431.0,0.05950434202525518
grouped_iid,1291,0.5664765247915753,0.9602763385146805,29,0.022463206816421378,3050167.0,181431.0,0.05948231686986319
grouped_iid,1292,0.5669153137340939,0.9602763385146805,29,0.02244582043343653,3050398.0,181431.0,0.0594778124034962
grouped_iid,1293,0.5673541026766126,0.9602763385146805,29,0.02242846094354215,3055807.0,181431.0,0.05937253236215507
grouped_iid,1294,0.5677928916191312,0.9602763385146805,30,0.023183925811437404,3055958.0,181582.0,0.05941901033980179
grouped_iid,1295,0.5682316805616499,0.9602763385146805,30,0.023166023166023165,3056093.0,181582.0,0.05941638556156505
grouped_iid,1296,0.5686704695041684,0.9602763385146805,30,0.023148148148148147,3056787.0,181582.0,0.05940289591652935
grouped_iid,1297,0.5691092584466871,0.9602763385146805,30,0.02313030069390902,3057010.0,181582.0,0.059398562647816004
grouped_iid,1298,0.5695480473892058,0.9602763385146805,30,0.023112480739599383,3058818.0,181582.0,0.05936345346470434
grouped_iid,1299,0.5699868363317244,0.9602763385146805,30,0.023094688221709007,3058929.0,181582.0,0.0593612993305827
grouped_iid,1300,0.5704256252742431,0.9602763385146805,30,0.023076923076923078,3061147.0,181582.0,0.059318288210268896
grouped_iid,1301,0.5708644142167617,0.9602763385146805,30,0.023059185242121444,3081086.0,181582.0,0.05893441468365375
grouped_iid,1302,0.5713032031592804,0.9602763385146805,30,0.02304147465437788,3086309.0,181582.0,0.05883467922362926
grouped_iid,1303,0.571741992101799,0.9602763385146805,30,0.023023791250959325,3086447.0,181582.0,0.05883204863067469
grouped_iid,1304,0.5721807810443177,0.9602763385146805,30,0.023006134969325152,3086506.0,181582.0,0.05883092402865894
grouped_iid,1305,0.5726195699868364,0.9602763385146805,30,0.022988505747126436,3097695.0,181582.0,0.058618424344552965
grouped_iid,1306,0.573058358929355,0.9602763385146805,30,0.022970903522205207,3107793.0,181582.0,0.05842795836144814
grouped_iid,1307,0.5734971478718737,0.9602763385146805,30,0.022953328232593728,3115462.0,181582.0,0.05828413249784462
grouped_iid,1308,0.5739359368143923,0.9602763385146805,30,0.022935779816513763,3122171.0,181582.0,0.058158890080011634
grouped_iid,1309,0.574374725756911,0.9602763385146805,30,0.02291825821237586,3122296.0,181582.0,0.058156561709716184
grouped_iid,1310,0.5748135146994295,0.9602763385146805,30,0.022900763358778626,3122421.0,181582.0,0.05815423352584421
grouped_iid,1311,0.5752523036419482,0.9602763385146805,30,0.02288329519450801,3122649.0,181582.0,0.058149987398519655
grouped_iid,1312,0.5756910925844668,0.9602763385146805,30,0.022865853658536585,3122809.0,181582.0,0.05814700803027018
grouped_iid,1313,0.5761298815269855,0.9602763385146805,30,0.02284843869002285,3122898.0,181582.0,0.058145350888821855
grouped_iid,1314,0.5765686704695042,0.9602763385146805,30,0.0228310502283105,3122987.0,181582.0,0.05814369384182515
grouped_iid,1315,0.5770074594120228,0.9602763385146805,30,0.022813688212927757,3123392.0,181582.0,0.058136154539679935
grouped_iid,1316,0.5774462483545415,0.9602763385146805,30,0.022796352583586626,3123514.0,181582.0,0.0581338838244362
grouped_iid,1317,0.5778850372970601,0.9602763385146805,30,0.022779043280182234,3123647.0,181582.0,0.058131408574656485
grouped_iid,1318,0.5783238262395788,0.9602763385146805,30,0.02276176024279211,3123798.0,181582.0,0.05812859858415941
grouped_iid,1319,0.5787626151820974,0.9602763385146805,30,0.022744503411675512,3126333.0,181582.0,0.058081464770387545
grouped_iid,1320,0.5792014041246161,0.9602763385146805,30,0.022727272727272728,3156727.0,181582.0,0.05752223743136483
grouped_iid,1321,0.5796401930671347,0.9602763385146805,30,0.022710068130204392,3156818.0,181582.0,0.05752057926684402
grouped_iid,1322,0.5800789820096534,0.9602763385146805,30,0.0226928895612708,3183961.0,181582.0,0.05703022116162855
grouped_iid,1323,0.580517770952172,0.9602763385146805,30,0.022675736961451247,3184175.0,181582.0,0.05702638831094396
grouped_iid,1324,0.5809565598946906,0.9602763385146805,30,0.022658610271903322,3187313.0,181582.0,0.0569702442151116
grouped_iid,1325,0.5813953488372093,0.9602763385146805,30,0.022641509433962263,3187843.0,181582.0,0.0569607725349084
grouped_iid,1326,0.5818341377797279,0.9602763385146805,30,0.02262443438914027,3187911.0,181582.0,0.05695955752842535
grouped_iid,1327,0.5822729267222466,0.9602763385146805,30,0.02260738507912585,3199752.0,181582.0,0.05674877302990982
grouped_iid,1328,0.5827117156647652,0.9602763385146805,30,0.022590361445783132,3201046.0,181582.0,0.056725832743421994
grouped_iid,1329,0.5831505046072839,0.9602763385146805,30,0.022573363431151242,3207322.0,181582.0,0.05661483318481898
grouped_iid,1330,0.5835892935498025,0.9602763385146805,30,0.022556390977443608,3207579.0,181582.0,0.056610297049581634
grouped_iid,1331,0.5840280824923212,0.9602763385146805,30,0.022539444027047332,3207709.0,181582.0,0.05660800278329487
grouped_iid,1332,0.5844668714348399,0.9602763385146805,30,0.02252252252252252,3207822.0,181582.0,0.056606008687514454
grouped_iid,1333,0.5849056603773585,0.9602763385146805,30,0.02250562640660165,3208067.0,181582.0,0.056601685687985945
grouped_iid,1334,0.5853444493198772,0.9602763385146805,30,0.022488755622188907,3297440.0,181582.0,0.05506756756756757
grouped_iid,1335,0.5857832382623958,0.9602763385146805,30,0.02247191011235955,3297479.0,181582.0,0.05506691627149104
grouped_iid,1336,0.5862220272049145,0.9602763385146805,30,0.02245508982035928,3297630.0,181582.0,0.05506439473197418
grouped_iid,1337,0.586660816147433,0.9602763385146805,30,0.02243829468960359,3297697.0,181582.0,0.05506327597714405
grouped_iid,1338,0.5870996050899517,0.9602763385146805,30,0.02242152466367713,3302850.0,181582.0,0.054977368030640204
grouped_iid,1339,0.5875383940324704,0.9602763385146805,30,0.022404779686333084,3302984.0,181582.0,0.05497513763312205
grouped_iid,1340,0.587977182974989,0.9602763385146805,30,0.022388059701492536,3303105.0,181582.0,0.05497312377293486
grouped_iid,1341,0.5884159719175077,0.9602763385146805,30,0.02237136465324385,3303255.0,181582.0,0.05497062745685695
grouped_iid,1342,0.5888547608600263,0.9602763385146805,30,0.022354694485842028,3303485.0,181582.0,0.05496680021250286
grouped_iid,1343,0.589293549802545,0.9602763385146805,30,0.022338049143708117,3303879.0,181582.0,0.05496024521479146
grouped_iid,1344,0.5897323387450636,0.9602763385146805,30,0.022321428571428572,3304153.0,181582.0,0.054955687584685095
grouped_iid,1345,0.5901711276875823,0.9602763385146805,30,0.022304832713754646,3304540.0,181582.0,0.05494925163562856
grouped_iid,1346,0.5906099166301009,0.9602763385146805,30,0.022288261515601784,3305494.0,181582.0,0.05493339270922894
grouped_iid,1347,0.5910487055726196,0.9602763385146805,30,0.022271714922048998,3305917.0,181582.0,0.054926363850030115
grouped_iid,1348,0.5914874945151383,0.9602763385146805,30,0.02225519287833828,3306891.0,181582.0,0.054910186032741934
grouped_iid,1349,0.5919262834576569,0.9602763385146805,30,0.02223869532987398,3310470.0,181582.0,0.05485082178663453
grouped_iid,1350,0.5923650724001756,0.9602763385146805,30,0.022222222222222223,3310936.0,181582.0,0.054843101769409014
grouped_iid,1351,0.5928038613426941,0.9602763385146805,30,0.02220577350111029,3311069.0,181582.0,0.05484089881545809
grouped_iid,1352,0.5932426502852128,0.9602763385146805,30,0.022189349112426034,3312714.0,181582.0,0.0548136663774778
grouped_iid,1353,0.5936814392277314,0.9602763385146805,30,0.022172949002217297,3312940.0,181582.0,0.05480992713420708
grouped_iid,1354,0.5941202281702501,0.9602763385146805,30,0.022156573116691284,3314349.0,181582.0,0.0547866262726104
grouped_iid,1355,0.5945590171127687,0.9602763385146805,30,0.02214022140221402,3314626.0,181582.0,0.054782047808712056
grouped_iid,1356,0.5949978060552874,0.9602763385146805,30,0.022123893805309734,3314690.0,181582.0,0.05478099007750348
grouped_iid,1357,0.5954365949978061,0.9602763385146805,30,0.02210759027266028,3314808.0,181582.0,0.054779039992663224
grouped_iid,1358,0.5958753839403247,0.9602763385146805,30,0.022091310751104567,3322132.0,181582.0,0.05465827366281653
grouped_iid,1359,0.5963141728828434,0.9602763385146805,30,0.02207505518763797,3330102.0,181582.0,0.05452745891867576
grouped_iid,1360,0.596752961825362,0.9602763385146805,30,0.022058823529411766,3331970.0,181582.0,0.05449688922769413
grouped_iid,1361,0.5971917507678807,0.9602763385146805,30,0.02204261572373255,3351368.0,181582.0,0.0541814566469573
grouped_iid,1362,0.5976305397103993,0.9602763385146805,30,0.022026431718061675,3351503.0,181582.0,0.05417927419429432
grouped_iid,1363,0.598069328652918,0.9602763385146805,30,0.022010271460014674,3351775.0,181582.0,0.054174877490284996
grouped_iid,1364,0.5985081175954365,0.9602763385146805,30,0.021994134897360705,3352131.0,181582.0,0.0541691240586958
grouped_iid,1365,0.5989469065379552,0.9602763385146805,30,0.02197802197802198,3352354.0,181582.0,0.05416552070574886
grouped_iid,1366,0.5993856954804739,0.9602763385146805,30,0.021961932650073207,3352556.0,181582.0,0.054162257095780056
grouped_iid,1367,0.5998244844229925,0.9602763385146805,30,0.021945866861741038,3352841.0,181582.0,0.05415765316637443
grouped_iid,1368,0.6002632733655112,0.9602763385146805,30,0.021929824561403508,3353608.0,181582.0,0.05414526682903905
grouped_iid,1369,0.6007020623080298,0.9602763385146805,30,0.02191380569758948,3353979.0,181582.0,0.0541392775565977
grouped_iid,1370,0.6011408512505485,0.9602763385146805,30,0.021897810218978103,3354029.0,181582.0,0.054138470478341125
grouped_iid,1371,0.6015796401930671,0.9602763385146805,30,0.02188183807439825,3354259.0,181582.0,0.05413475822827039
grouped_iid,1372,0.6020184291355858,0.9602763385146805,30,0.021865889212827987,3354524.0,181582.0,0.05413048170172579
grouped_iid,1373,0.6024572180781045,0.9602763385146805,30,0.021849963583394028,3354985.0,181582.0,0.05412304376919718
grouped_iid,1374,0.6028960070206231,0.9602763385146805,30,0.021834061135371178,3355316.0,181582.0,0.05411770456195482
grouped_iid,1375,0.6033347959631418,0.9602763385146805,30,0.02181818181818182,3355524.0,181582.0,0.05411434994951608
grouped_iid,1376,0.6037735849056604,0.9602763385146805,30,0.02180232558139535,3356139.0,181582.0,0.054104433695982196
grouped_iid,1377,0.604212373848179,0.9602763385146805,30,0.02178649237472767,3357213.0,181582.0,0.054087125243468315
grouped_iid,1378,0.6046511627906976,0.9602763385146805,30,0.02177068214804064,3357579.0,181582.0,0.0540812293619897
grouped_iid,1379,0.6050899517332163,0.9602763385146805,30,0.021754894851341553,3357735.0,181582.0,0.054078716754002325
grouped_iid,1380,0.6055287406757349,0.9602763385146805,30,0.021739130434782608,3357898.0,181582.0,0.054076091650193066
grouped_iid,1381,0.6059675296182536,0.9602763385146805,30,0.02172338884866039,3358083.0,181582.0,0.05407311254665236
grouped_iid,1382,0.6064063185607723,0.9602763385146805,30,0.02170767004341534,3358349.0,181582.0,0.054068829654094916
grouped_iid,1383,0.6068451075032909,0.9602763385146805,30,0.021691973969631236,3358417.0,181582.0,0.05406773488819286
grouped_iid,1384,0.6072838964458096,0.9602763385146805,30,0.02167630057803468,3365164.0,181582.0,0.05395933155115174
grouped_iid,1385,0.6077226853883282,0.9602763385146805,30,0.021660649819494584,3398560.0,181582.0,0.05342909938326821
grouped_iid,1386,0.6081614743308469,0.9602763385146805,30,0.021645021645021644,3399986.0,181582.0,0.053406690498137344
grouped_iid,1387,0.6086002632733655,0.9602763385146805,30,0.021629416005767843,3401164.0,181582.0,0.05338819298334335
grouped_iid,1388,0.6090390522158842,0.9602763385146805,30,0.021613832853025938,3402066.0,181582.0,0.053374038011020364
grouped_iid,1389,0.6094778411584028,0.9602763385146805,30,0.02159827213822894,3410759.0,181582.0,0.05323800362324046
grouped_iid,1390,0.6099166301009215,0.9602763385146805,30,0.02158273381294964,3411481.0,181582.0,0.053226736423271886
grouped_iid,1391,0.6103554190434402,0.9602763385146805,31,0.02228612508986341,3439582.0,209683.0,0.06096176802878955
grouped_iid,1392,0.6107942079859587,0.9602763385146805,31,0.022270114942528736,3442872.0,209683.0,0.06090351311347038
grouped_iid,1393,0.6112329969284774,0.9602763385146805,31,0.022254127781765973,3443131.0,209683.0,0.060898931815257684
grouped_iid,1394,0.611671785870996,0.9602763385146805,31,0.02223816355810617,3443150.0,209683.0,0.06089859576260111
grouped_iid,1395,0.6121105748135147,0.9602763385146805,31,0.022222222222222223,3443270.0,209683.0,0.06089647341044995
grouped_iid,1396,0.6125493637560333,0.9602763385146805,31,0.022206303724928367,3444551.0,209683.0,0.060873826516141004
grouped_iid,1397,0.612988152698552,0.9602763385146805,31,0.02219040801717967,3444796.0,209683.0,0.06086949706165474
grouped_iid,1398,0.6134269416410707,0.9602763385146805,31,0.022174535050071532,3445073.0,209683.0,0.06086460286908289
grouped_iid,1399,0.6138657305835893,0.9602763385146805,31,0.02215868477483917,3445367.0,209683.0,0.060859409171795054
grouped_iid,1400,0.614304519526108,0.9602763385146805,31,0.02214285714285714,3445479.0,209683.0,0.06085743085359104
grouped_iid,1401,0.6147433084686266,0.9602763385146805,31,0.02212705210563883,3445603.0,209683.0,0.06085524072274142
grouped_iid,1402,0.6151820974111453,0.9602763385146805,31,0.02211126961483595,3446018.0,209683.0,0.06084791199581662
grouped_iid,1403,0.6156208863536639,0.9602763385146805,31,0.022095509622238062,3446197.0,209683.0,0.06084475147532193
grouped_iid,1404,0.6160596752961826,0.9602763385146805,31,0.02207977207977208,3446376.0,209683.0,0.06084159128313336
grouped_iid,1405,0.6164984642387011,0.9602763385146805,31,0.02206405693950178,3446535.0,209683.0,0.0608387844603348
grouped_iid,1406,0.6169372531812198,0.9602763385146805,31,0.022048364153627313,3450601.0,209683.0,0.060767095355272895
grouped_iid,1407,0.6173760421237385,0.9602763385146805,31,0.02203269367448472,3451016.0,209683.0,0.060759787842189085
grouped_iid,1408,0.6178148310662571,0.9602763385146805,31,0.022017045454545456,3451106.0,209683.0,0.060758203312213536
grouped_iid,1409,0.6182536200087758,0.9602763385146805,31,0.0220014194464159,3451233.0,209683.0,0.06075596750494678
grouped_iid,1410,0.6186924089512944,0.9602763385146805,31,0.02198581560283688,3451281.0,209683.0,0.06075512251827655
grouped_iid,1411,0.6191311978938131,0.9602763385146805,31,0.021970233876683204,3458091.0,209683.0,0.06063547778239497
grouped_iid,1412,0.6195699868363317,0.9602763385146805,31,0.021954674220963172,3458549.0,209683.0,0.06062744810034497
grouped_iid,1413,0.6200087757788504,0.9555555555555556,31,0.021939136588818117,3458657.0,209683.0,0.06062555494806221
grouped_iid,1414,0.620447564721369,0.9555555555555556,31,0.021923620933521924,3459479.0,209683.0,0.060611149829208386
grouped_iid,1415,0.6208863536638877,0.9555555555555556,31,0.021908127208480566,3460099.0,209683.0,0.060600289182477146
grouped_iid,1416,0.6213251426064064,0.9555555555555556,32,0.022598870056497175,3461050.0,210634.0,0.06085841002008061
grouped_iid,1417,0.621763931548925,0.9555555555555556,32,0.022582921665490474,3462577.0,210634.0,0.06083157139898983
grouped_iid,1418,0.6222027204914437,0.9555555555555556,32,0.022566995768688293,3463182.0,210634.0,0.06082094443780316
grouped_iid,1419,0.6226415094339622,0.9555555555555556,32,0.02255109231853418,3463305.0,210634.0,0.06081878436926577
grouped_iid,1420,0.6230802983764809,0.9555555555555556,32,0.022535211267605635,3463357.0,210634.0,0.060817871215701994
grouped_iid,1421,0.6235190873189995,0.9555555555555556,32,0.022519352568613652,3464171.0,210634.0,0.06080358042371465
grouped_iid,1422,0.6239578762615182,0.9555555555555556,32,0.02250351617440225,3464639.0,210634.0,0.060795367136374096
grouped_iid,1423,0.6243966652040368,0.9555555555555556,32,0.022487702037947997,3466085.0,210634.0,0.06077000419781973
grouped_iid,1424,0.6248354541465555,0.9555555555555556,32,0.02247191011235955,3468273.0,210634.0,0.06073166674019029
grouped_iid,1425,0.6252742430890742,0.9555555555555556,32,0.02245614035087719,3468641.0,210634.0,0.060725223509726145
grouped_iid,1426,0.6257130320315928,0.9555555555555556,32,0.02244039270687237,3469058.0,210634.0,0.060717924001270664
grouped_iid,1427,0.6261518209741115,0.9555555555555556,32,0.02242466713384723,3469503.0,210634.0,0.060710136293296184
grouped_iid,1428,0.6265906099166301,0.9555555555555556,32,0.022408963585434174,3470079.0,210634.0,0.06070005899001147
grouped_iid,1429,0.6270293988591488,0.9555555555555556,32,0.02239328201539538,3470320.0,210634.0,0.06069584361096383
grouped_iid,1430,0.6274681878016674,0.9555555555555556,32,0.022377622377622378,3470394.0,210634.0,0.06069454937969579
grouped_iid,1431,0.627906976744186,0.9555555555555556,32,0.02236198462613557,3470999.0,210634.0,0.060683970234505974
grouped_iid,1432,0.6283457656867047,0.9555555555555556,32,0.0223463687150838,3471924.0,210634.0,0.06066780263623282
grouped_iid,1433,0.6287845546292233,0.9555555555555556,32,0.022330774598743892,3472048.0,210634.0,0.06066563595894987
grouped_iid,1434,0.629223343571742,0.9555555555555556,32,0.022315202231520222,3472226.0,210634.0,0.06066252599917171
grouped_iid,1435,0.6296621325142606,0.9555555555555556,32,0.02229965156794425,3474902.0,210634.0,0.060615810172488314
grouped_iid,1436,0.6301009214567793,0.9555555555555556,32,0.022284122562674095,3475053.0,210634.0,0.06061317625947
grouped_iid,1437,0.6305397103992979,0.9555555555555556,32,0.022268615170494086,3475231.0,210634.0,0.0606100716758109
grouped_iid,1438,0.6309784993418166,0.9555555555555556,32,0.022253129346314324,3475587.0,210634.0,0.06060386346248849
grouped_iid,1439,0.6314172882843352,0.9555555555555556,32,0.022237665045170257,3475881.0,210634.0,0.060598737413622615
grouped_iid,1440,0.6318560772268539,0.9555555555555556,32,0.022222222222222223,3476043.0,210634.0,0.060595913226620036
grouped_iid,1441,0.6322948661693726,0.9555555555555556,32,0.02220680083275503,3483691.0,210634.0,0.06046288261501953
grouped_iid,1442,0.6327336551118912,0.9555555555555556,32,0.022191400832177532,3498883.0,210634.0,0.06020035537055683
grouped_iid,1443,0.6331724440544099,0.9555555555555556,32,0.022176022176022176,3503904.0,210634.0,0.060114089883741104
grouped_iid,1444,0.6336112329969285,0.9555555555555556,32,0.0221606648199446,3504131.0,210634.0,0.060110195651931965
grouped_iid,1445,0.6340500219394472,0.9555555555555556,32,0.022145328719723183,3504319.0,210634.0,0.060106970855107654
grouped_iid,1446,0.6344888108819657,0.9555555555555556,32,0.022130013831258646,3504528.0,210634.0,0.06010338624773436
grouped_iid,1447,0.6349275998244844,0.9555555555555556,32,0.0221147201105736,3504798.0,210634.0,0.06009875604813744
grouped_iid,1448,0.635366388767003,0.9555555555555556,32,0.022099447513812154,3504948.0,210634.0,0.06009618402327224
grouped_iid,1449,0.6358051777095217,0.9555555555555556,32,0.022084195997239476,3505215.0,210634.0,0.060091606363661
grouped_iid,1450,0.6362439666520404,0.9555555555555556,32,0.022068965517241378,3505403.0,210634.0,0.06008838356103421
grouped_iid,1451,0.636682755594559,0.9555555555555556,32,0.022053756030323914,3505429.0,210634.0,0.06008793788149753
grouped_iid,1452,0.6371215445370777,0.9555555555555556,32,0.02203856749311295,3509191.0,210634.0,0.06002352109075852
grouped_iid,1453,0.6375603334795963,0.9555555555555556,32,0.02202339986235375,3521142.0,210634.0,0.05981979709991815
grouped_iid,1454,0.637999122422115,0.9555555555555556,32,0.02200825309491059,3521909.0,210634.0,0.05980676956730001
grouped_iid,1455,0.6384379113646336,0.9555555555555556,32,0.021993127147766325,3522539.0,210634.0,0.059796073230133154
grouped_iid,1456,0.6388767003071523,0.9555555555555556,32,0.02197802197802198,3523792.0,210634.0,0.05977481077203195
grouped_iid,1457,0.6393154892496709,0.9555555555555556,32,0.02196293754289636,3524609.0,210634.0,0.059760955044942575
grouped_iid,1458,0.6397542781921896,0.9555555555555556,32,0.02194787379972565,3524698.0,210634.0,0.0597594460575062
grouped_iid,1459,0.6401930671347082,0.9555555555555556,32,0.02193283070596299,3524912.0,210634.0,0.059755818017584554
grouped_iid,1460,0.6406318560772268,0.9555555555555556,32,0.021917808219178082,3525214.0,210634.0,0.05975069882282324
grouped_iid,1461,0.6410706450197455,0.9555555555555556,32,0.02190280629705681,3537400.0,210634.0,0.059544863459037714
grouped_iid,1462,0.6415094339622641,0.9555555555555556,32,0.02188782489740082,3537677.0,210634.0,0.0595402010980652
grouped_iid,1463,0.6419482229047828,0.9555555555555556,32,0.021872863978127138,3538043.0,210634.0,0.05953404184177524
grouped_iid,1464,0.6423870118473014,0.9555555555555556,32,0.02185792349726776,3540855.0,210634.0,0.05948676237801322
grouped_iid,1465,0.6428258007898201,0.9555555555555556,32,0.021843003412969283,3541234.0,210634.0,0.05948039581682543
grouped_iid,1466,0.6432645897323388,0.9555555555555556,32,0.021828103683492497,3541471.0,210634.0,0.05947641530877988
grouped_iid,1467,0.6437033786748574,0.9555555555555556,32,0.021813224267211998,3541560.0,210634.0,0.05947492065643389
grouped_iid,1468,0.6441421676173761,0.9555555555555556,32,0.021798365122615803,3541649.0,210634.0,0.059473426079207733
grouped_iid,1469,0.6445809565598947,0.9555555555555556,32,0.021783526208304968,3541951.0,210634.0,0.05946835515228754
grouped_iid,1470,0.6450197455024134,0.9555555555555556,32,0.021768707482993196,3542228.0,210634.0,0.05946370476434606
grouped_iid,1471,0.645458534444932,0.9555555555555556,32,0.021753908905506457,3542821.0,210634.0,0.05945375168545066
grouped_iid,1472,0.6458973233874507,0.9555555555555556,32,0.021739130434782608,3543223.0,210634.0,0.05944700629906726
grouped_iid,1473,0.6463361123299692,0.9555555555555556,32,0.02172437202987101,3543656.0,210634.0,0.05943974245807155
grouped_iid,1474,0.6467749012724879,0.9555555555555556,32,0.021709633649932156,3544499.0,210634.0,0.059425605706194304
grouped_iid,1475,0.6472136902150066,0.9555555555555556,32,0.02169491525423729,3544910.0,210634.0,0.05941871584892141
grouped_iid,1476,0.6476524791575252,0.9555555555555556,32,0.02168021680216802,3545389.0,210634.0,0.059410688079643725
grouped_iid,1477,0.6480912681000439,0.9555555555555556,32,0.021665538253215978,3545656.0,210634.0,0.05940621425203122
grouped_iid,1478,0.6485300570425625,0.9555555555555556,32,0.02165087956698241,3546102.0,210634.0,0.05939874261936064
grouped_iid,1479,0.6489688459850812,0.9555555555555556,32,0.021636240703177823,3546656.0,210634.0,0.059389464329216025
grouped_iid,1480,0.6494076349275998,0.9555555555555556,32,0.021621621621621623,3546779.0,210634.0,0.05938740474103405
grouped_iid,1481,0.6498464238701185,0.9555555555555556,32,0.02160702228224173,3546955.0,210634.0,0.05938445793645535
grouped_iid,1482,0.6502852128126371,0.9555555555555556,32,0.021592442645074223,3567489.0,210634.0,0.0590426487649997
grouped_iid,1483,0.6507240017551558,0.9555555555555556,32,0.02157788267026298,3567611.0,210634.0,0.05904062970990952
grouped_iid,1484,0.6511627906976745,0.9555555555555556,32,0.0215633423180593,3571373.0,210634.0,0.05897843770449068
grouped_iid,1485,0.651601579640193,0.9555555555555556,32,0.02154882154882155,3571596.0,210634.0,0.05897475526347325
grouped_iid,1486,0.6520403685827117,0.9555555555555556,32,0.021534320323014805,3572063.0,210634.0,0.05896704509410948
grouped_iid,1487,0.6524791575252303,0.9555555555555556,32,0.02151983860121049,3572519.0,210634.0,0.058959518479817744
grouped_iid,1488,0.652917946467749,0.9555555555555556,32,0.021505376344086023,3572877.0,210634.0,0.058953610773614655
grouped_iid,1489,0.6533567354102676,0.9555555555555556,33,0.02216252518468771,3573056.0,210813.0,0.059000754536172956
grouped_iid,1490,0.6537955243527863,0.9555555555555556,33,0.02214765100671141,3573642.0,210813.0,0.05899107968845228
grouped_iid,1491,0.6542343132953049,0.9555555555555556,33,0.022132796780684104,3573745.0,210813.0,0.058989379488463785
grouped_iid,1492,0.6546731022378236,0.9555555555555556,34,0.022788203753351208,3573932.0,211000.0,0.05903861629152429
grouped_iid,1493,0.6551118911803423,0.9555555555555556,34,0.02277294038847957,3573952.0,211000.0,0.05903828590870834
grouped_iid,1494,0.6555506801228609,0.9555555555555556,34,0.022757697456492636,3577233.0,211000.0,0.058984136621796794
grouped_iid,1495,0.6559894690653796,0.9555555555555556,34,0.02274247491638796,3577322.0,211000.0,0.05898266915866114
grouped_iid,1496,0.6564282580078982,0.9555555555555556,34,0.022727272727272728,3577393.0,211000.0,0.0589814985381813
grouped_iid,1497,0.6568670469504169,0.9555555555555556,34,0.022712090848363394,3577721.0,211000.0,0.05897609120442874
grouped_iid,1498,0.6573058358929355,0.9555555555555556,34,0.022696929238985315,3578121.0,211000.0,0.05896949823664432
grouped_iid,1499,0.6577446248354542,0.9555555555555556,34,0.02268178785857238,3578247.0,211000.0,0.05896742175707825
grouped_iid,1500,0.6581834137779728,0.9555555555555556,34,0.02266666666666667,3578372.0,211000.0,0.0589653619020046
grouped_iid,1501,0.6586222027204914,0.9555555555555556,34,0.022651565622918056,3581531.0,211000.0,0.05891335297670186
grouped_iid,1502,0.6590609916630101,0.9555555555555556,34,0.022636484687083888,3588104.0,211000.0,0.05880543038886275
grouped_iid,1503,0.6594997806055287,0.9555555555555556,34,0.02262142381902861,3589069.0,211000.0,0.05878961925780753
grouped_iid,1504,0.6599385695480474,0.9555555555555556,34,0.022606382978723406,3592831.0,211000.0,0.058728061520288595
grouped_iid,1505,0.660377358490566,0.9555555555555556,34,0.022591362126245847,3601142.0,211000.0,0.05859252426035963
grouped_iid,1506,0.6608161474330847,0.9555555555555556,34,0.02257636122177955,3602297.0,211000.0,0.058573737812290326
grouped_iid,1507,0.6612549363756033,0.9555555555555556,34,0.0225613802256138,3603169.0,211000.0,0.05855956242962792
grouped_iid,1508,0.661693725318122,0.9555555555555556,35,0.023209549071618037,3603411.0,211242.0,0.05862278824147454
grouped_iid,1509,0.6621325142606407,0.9555555555555556,35,0.023194168323392977,3603585.0,211242.0,0.058619957625531245
grouped_iid,1510,0.6625713032031593,0.9555555555555556,35,0.023178807947019868,3611595.0,211242.0,0.05848994696249164
grouped_iid,1511,0.663010092145678,0.9555555555555556,35,0.02316346790205162,3611800.0,211242.0,0.05848662716650977
grouped_iid,1512,0.6634488810881966,0.9555555555555556,35,0.023148148148148147,3612156.0,211242.0,0.058480862952762835
grouped_iid,1513,0.6638876700307152,0.9555555555555556,35,0.023132848645076007,3613083.0,211242.0,0.05846585865865799
grouped_iid,1514,0.6643264589732338,0.9555555555555556,35,0.023117569352708058,3614434.0,211242.0,0.05844400534080855
grouped_iid,1515,0.6647652479157525,0.9555555555555556,35,0.0231023102310231,3614884.0,211242.0,0.058436729919964236
grouped_iid,1516,0.6652040368582711,0.9555555555555556,35,0.02308707124010554,3615126.0,211242.0,0.058432818109244326
grouped_iid,1517,0.6656428258007898,0.9375,36,0.023731048121292023,3618270.0,214386.0,0.05925096800404613
grouped_iid,1518,0.6660816147433085,0.9375,37,0.024374176548089592,3667183.0,263299.0,0.07179870761835447
grouped_iid,1519,0.6665204036858271,0.9375,37,0.024358130348913758,3668541.0,263299.0,0.0717721295741277
grouped_iid,1520,0.6669591926283458,0.9375,37,0.024342105263157894,3669363.0,263299.0,0.07175605139093624
grouped_iid,1521,0.6673979815708644,0.9375,37,0.024326101249178174,3669854.0,263299.0,0.07174645094872983
grouped_iid,1522,0.6678367705133831,0.9375,37,0.02431011826544021,3670137.0,263299.0,0.07174091866325426
grouped_iid,1523,0.6682755594559017,0.9375,37,0.024294156270518712,3672083.0,263299.0,0.07170289996168387
grouped_iid,1524,0.6687143483984204,0.9375,37,0.024278215223097113,3672130.0,263299.0,0.07170198222829802
grouped_iid,1525,0.6691531373409391,0.9357798165137615,37,0.024262295081967214,3672530.0,263299.0,0.07169417268204753
grouped_iid,1526,0.6695919262834577,0.9357798165137615,37,0.024246395806028834,3679631.0,263299.0,0.07155581633049618
grouped_iid,1527,0.6700307152259763,0.9357798165137615,37,0.024230517354289455,3679742.0,263299.0,0.071553657837968
grouped_iid,1528,0.6704695041684949,0.9357798165137615,37,0.024214659685863876,3685409.0,263299.0,0.07144363081546716
grouped_iid,1529,0.6709082931110136,0.9357798165137615,37,0.02419882275997384,3685755.0,263299.0,0.0714369240494824
grouped_iid,1530,0.6713470820535322,0.9357798165137615,37,0.024183006535947713,3686568.0,263299.0,0.07142117004216388
grouped_iid,1531,0.6717858709960509,0.9357798165137615,37,0.024167210973220117,3692268.0,263299.0,0.07131091242564191
grouped_iid,1532,0.6722246599385695,0.9357798165137615,37,0.024151436031331592,3692497.0,263299.0,0.07130648989017459
grouped_iid,1533,0.6726634488810882,0.9357798165137615,37,0.024135681669928244,3696300.0,263299.0,0.0712331250169088
grouped_iid,1534,0.6731022378236069,0.9357798165137615,37,0.024119947848761408,3778419.0,263299.0,0.0696849661194272
grouped_iid,1535,0.6735410267661255,0.9357798165137615,37,0.024104234527687295,3780383.0,263299.0,0.06964876310151644
grouped_iid,1536,0.6739798157086442,0.9357798165137615,37,0.024088541666666668,3791703.0,263299.0,0.06944082909447286
grouped_iid,1537,0.6744186046511628,0.9357798165137615,37,0.024072869225764477,3800397.0,263299.0,0.06928197238341152
grouped_iid,1538,0.6748573935936815,0.9357798165137615,37,0.024057217165149546,3800547.0,263299.0,0.0692792379623249
grouped_iid,1539,0.6752961825362,0.9357798165137615,37,0.024041585445094216,3801238.0,263299.0,0.06926664418276361
grouped_iid,1540,0.6757349714787187,0.9357798165137615,37,0.024025974025974027,3801452.0,263299.0,0.06926274486696136
grouped_iid,1541,0.6761737604212373,0.9357798165137615,37,0.024010382868267358,3801666.0,263299.0,0.06925884599015274
grouped_iid,1542,0.676612549363756,0.9357798165137615,37,0.023994811932555125,3805053.0,263299.0,0.06919719646480614
grouped_iid,1543,0.6770513383062747,0.9357798165137615,37,0.023979261179520414,3805344.0,263299.0,0.0691919048580102
grouped_iid,1544,0.6774901272487933,0.9357798165137615,37,0.023963730569948185,3805727.0,263299.0,0.06918494153679441
grouped_iid,1545,0.677928916191312,0.9357798165137615,37,0.02394822006472492,3806138.0,263299.0,0.06917747070652719
grouped_iid,1546,0.6783677051338306,0.9357798165137615,37,0.023932729624838292,3806252.0,263299.0,0.06917539879125187
grouped_iid,1547,0.6788064940763493,0.9357798165137615,37,0.023917259211376857,3806707.0,263299.0,0.06916713054091109
grouped_iid,1548,0.6792452830188679,0.9357798165137615,37,0.023901808785529714,3817140.0,263299.0,0.06897808306742745
grouped_iid,1549,0.6796840719613866,0.9357798165137615,37,0.023886378308586184,3817460.0,263299.0,0.0689723009540375
grouped_iid,1550,0.6801228609039052,0.9357798165137615,37,0.023870967741935485,3821933.0,263299.0,0.06889157920874071
grouped_iid,1551,0.6805616498464239,0.9357798165137615,37,0.02385557704706641,3825440.0,263299.0,0.06882842235141579
grouped_iid,1552,0.6810004387889426,0.9357798165137615,37,0.02384020618556701,3825792.0,263299.0,0.06882208964836561
grouped_iid,1553,0.6814392277314612,0.9357798165137615,37,0.023824855119124275,3835156.0,263299.0,0.06865405214285938
grouped_iid,1554,0.6818780166739798,0.9357798165137615,37,0.023809523809523808,3835298.0,263299.0,0.06865151026074115
grouped_iid,1555,0.6823168056164984,0.9357798165137615,37,0.023794212218649517,3835580.0,263299.0,0.06864646285568285
grouped_iid,1556,0.6827555945590171,0.9357798165137615,37,0.02377892030848329,3838306.0,263299.0,0.06859770951039339
grouped_iid,1557,0.6831943835015357,0.9357798165137615,37,0.023763648041104687,3838583.0,263299.0,0.06859275935937818
grouped_iid,1558,0.6836331724440544,0.9357798165137615,37,0.02374839537869063,3838832.0,263299.0,0.06858831019435079
grouped_iid,1559,0.6840719613865731,0.9357798165137615,37,0.023733162283515075,3877623.0,263299.0,0.06790216583716364
grouped_iid,1560,0.6845107503290917,0.9357798165137615,37,0.023717948717948717,3877837.0,263299.0,0.06789841862873555
grouped_iid,1561,0.6849495392716104,0.9357798165137615,37,0.02370275464445868,3878385.0,263299.0,0.06788882485880077
grouped_iid,1562,0.685388328214129,0.9357798165137615,37,0.023687580025608196,3879362.0,263299.0,0.06787172736135479
grouped_iid,1563,0.6858271171566477,0.9357798165137615,37,0.023672424824056303,3881544.0,263299.0,0.06783357344396972
grouped_iid,1564,0.6862659060991663,0.9357798165137615,37,0.023657289002557546,3884232.0,263299.0,0.06778663066469769
grouped_iid,1565,0.686704695041685,0.9357798165137615,37,0.023642172523961662,3886015.0,263299.0,0.06775552847840269
grouped_iid,1566,0.6871434839842036,0.9357798165137615,37,0.02362707535121328,3888873.0,263299.0,0.06770573376914082
grouped_iid,1567,0.6875822729267222,0.9357798165137615,37,0.023611997447351627,3888987.0,263299.0,0.06770374907398764
grouped_iid,1568,0.688021061869241,0.9357798165137615,37,0.023596938775510203,3889522.0,263299.0,0.0676944364885968
grouped_iid,1569,0.6884598508117595,0.9357798165137615,37,0.023581899298916506,3889789.0,263299.0,0.06768978985749613
grouped_iid,1570,0.6888986397542782,0.9357798165137615,37,0.02356687898089172,3890496.0,263299.0,0.06767748893714323
grouped_iid,1571,0.6893374286967968,0.9357798165137615,37,0.023551877784850413,3890551.0,263299.0,0.06767653219299785
grouped_iid,1572,0.6897762176393155,0.9357798165137615,37,0.023536895674300253,3890836.0,263299.0,0.06767157495201545
grouped_iid,1573,0.6902150065818341,0.9357798165137615,37,0.023521932612841703,3890943.0,263299.0,0.06766971399992239
grouped_iid,1574,0.6906537955243528,0.9357798165137615,37,0.023506988564167726,3891032.0,263299.0,0.0676681661831617
grouped_iid,1575,0.6910925844668714,0.9357798165137615,37,0.02349206349206349,3892856.0,263299.0,0.06763646022354795
grouped_iid,1576,0.6915313734093901,0.9357798165137615,37,0.023477157360406092,3895557.0,263299.0,0.06758956421379536
grouped_iid,1577,0.6919701623519088,0.9357798165137615,37,0.023462270133164237,3895664.0,263299.0,0.06758770776945856
grouped_iid,1578,0.6924089512944274,0.9357798165137615,37,0.023447401774397972,3896020.0,263299.0,0.06758153192232073
grouped_iid,1579,0.6928477402369461,0.9357798165137615,37,0.023432552248258392,3896109.0,263299.0,0.06757998813688221
grouped_iid,1580,0.6932865291794647,0.9357798165137615,37,0.02341772151898734,3896269.0,263299.0,0.0675772129696384
grouped_iid,1581,0.6937253181219833,0.9357798165137615,37,0.02340290955091714,3896622.0,263299.0,0.06757109106297711
grouped_iid,1582,0.6941641070645019,0.9357798165137615,37,0.02338811630847029,3897529.0,263299.0,0.06755536648989655
grouped_iid,1583,0.6946028960070206,0.9357798165137615,37,0.02337334175615919,3897769.0,263299.0,0.0675512068570508
grouped_iid,1584,0.6950416849495392,0.9357798165137615,37,0.02335858585858586,3898648.0,263299.0,0.06753597657444324
grouped_iid,1585,0.6954804738920579,0.9357798165137615,37,0.02334384858044164,3898828.0,263299.0,0.067532858592377
grouped_iid,1586,0.6959192628345766,0.9357798165137615,37,0.023329129886506934,3899985.0,263299.0,0.0675128237672709
grouped_iid,1587,0.6963580517770952,0.9357798165137615,37,0.023314429741650915,3900145.0,263299.0,0.06751005411337271
grouped_iid,1588,0.6967968407196139,0.9357798165137615,37,0.023299748110831235,3901632.0,263299.0,0.06748432450830832
grouped_iid,1589,0.6972356296621325,0.9357798165137615,37,0.02328508495909377,3902675.0,263299.0,0.0674662891478281
grouped_iid,1590,0.6976744186046512,0.9357798165137615,37,0.023270440251572325,3903223.0,263299.0,0.06745681709705031
grouped_iid,1591,0.6981132075471698,0.9357798165137615,37,0.023255813953488372,3914740.0,263299.0,0.06725836198572574
grouped_iid,1592,0.6985519964896885,0.9357798165137615,37,0.023241206030150754,3915109.0,263299.0,0.06725202286832882
grouped_iid,1593,0.6989907854322072,0.9357798165137615,37,0.02322661644695543,3915403.0,263299.0,0.06724697304466488
grouped_iid,1594,0.6994295743747257,0.9357798165137615,37,0.023212045169385194,3928133.0,263299.0,0.0670290440776827
grouped_iid,1595,0.6998683633172444,0.9357798165137615,37,0.023197492163009405,3934419.0,263299.0,0.06692195213575372
grouped_iid,1596,0.700307152259763,0.9357798165137615,37,0.023182957393483708,3938753.0,263299.0,0.06684831468233728
grouped_iid,1597,0.7007459412022817,0.9357798165137615,37,0.023168440826549782,3940179.0,263299.0,0.06682412144219844
grouped_iid,1598,0.7011847301448003,0.9357798165137615,37,0.023153942428035045,3940918.0,263299.0,0.06681159059894166
grouped_iid,1599,0.701623519087319,0.9357798165137615,37,0.023139462163852407,3971679.0,263299.0,0.06629412900690111
grouped_iid,1600,0.7020623080298376,0.9357798165137615,37,0.023125,3973463.0,263299.0,0.06626436435925036
grouped_iid,1601,0.7025010969723563,0.9357798165137615,37,0.0231105559025609,3974207.0,263299.0,0.06625195919588486
grouped_iid,1602,0.702939885914875,0.9357798165137615,38,0.02372034956304619,4025493.0,314585.0,0.07814819203511222
grouped_iid,1603,0.7033786748573936,0.9357798165137615,38,0.023705552089831567,4025778.0,314585.0,0.07814265963001438
grouped_iid,1604,0.7038174637999123,0.9357798165137615,38,0.02369077306733167,4027669.0,314585.0,0.07810597146885705
grouped_iid,1605,0.7042562527424309,0.9357798165137615,38,0.02367601246105919,4028080.0,314585.0,0.07809800202577903
grouped_iid,1606,0.7046950416849496,0.9357798165137615,38,0.023661270236612703,4039257.0,314585.0,0.07788189758661061
grouped_iid,1607,0.7051338306274681,0.9357798165137615,38,0.023646546359676415,4041041.0,314585.0,0.0778475150338737
grouped_iid,1608,0.7055726195699868,0.9357798165137615,38,0.0236318407960199,4041397.0,314585.0,0.07784065757459611
grouped_iid,1609,0.7060114085125054,0.9357798165137615,38,0.023617153511497825,4054508.0,314585.0,0.07758894544048255
grouped_iid,1610,0.7064501974550241,0.9357798165137615,38,0.02360248447204969,4055133.0,314585.0,0.07757698699401475
grouped_iid,1611,0.7068889863975428,0.9357798165137615,38,0.023587833643699565,4055152.0,314585.0,0.07757662351497552
grouped_iid,1612,0.7073277753400614,0.9357798165137615,38,0.02357320099255583,4055171.0,314585.0,0.07757626003934236
grouped_iid,1613,0.7077665642825801,0.9357798165137615,38,0.023558586484810913,4055453.0,314585.0,0.07757086569613801
grouped_iid,1614,0.7082053532250987,0.9357798165137615,38,0.023543990086741014,4095601.0,314585.0,0.07681046078463209
grouped_iid,1615,0.7086441421676174,0.9357798165137615,38,0.023529411764705882,4095674.0,314585.0,0.0768090917392351
grouped_iid,1616,0.709082931110136,0.9357798165137615,38,0.023514851485148515,4095832.0,314585.0,0.07680612876700021
grouped_iid,1617,0.7095217200526547,0.9357798165137615,38,0.02350030921459493,4096046.0,314585.0,0.07680211599186142
grouped_iid,1618,0.7099605089951733,0.9357798165137615,38,0.023485784919653894,4096194.0,314585.0,0.07679934104683518
grouped_iid,1619,0.710399297937692,0.9357798165137615,38,0.02347127856701668,4096213.0,314585.0,0.07679898481841642
grouped_iid,1620,0.7108380868802107,0.9357798165137615,38,0.02345679012345679,4100052.0,314585.0,0.07672707565660143
grouped_iid,1621,0.7112768758227292,0.9357798165137615,38,0.023442319555829736,4100076.0,314585.0,0.07672662653082528
grouped_iid,1622,0.711715664765248,0.9357798165137615,38,0.02342786683107275,4106879.0,314585.0,0.07659952971587426
grouped_iid,1623,0.7121544537077665,0.9357798165137615,38,0.02341343191620456,4107064.0,314585.0,0.0765960793403755
grouped_iid,1624,0.7125932426502852,0.9357798165137615,38,0.023399014778325122,4107163.0,314585.0,0.07659423305089182
grouped_iid,1625,0.7130320315928038,0.9357798165137615,38,0.023384615384615386,4107473.0,314585.0,0.07658845231605904
grouped_iid,1626,0.7134708205353225,0.9343820841753085,38,0.023370233702337023,4117751.0,314585.0,0.07639728579994273
grouped_iid,1627,0.7139096094778412,0.9183673469387755,38,0.023355869698832205,4117814.0,314585.0,0.07639611696885774
grouped_iid,1628,0.7143483984203598,0.9183673469387755,38,0.02334152334152334,4118939.0,314585.0,0.07637525100517391
grouped_iid,1629,0.7147871873628785,0.9183673469387755,38,0.02332719459791283,4120618.0,314585.0,0.07634413090463615
grouped_iid,1630,0.7152259763053971,0.9183673469387755,38,0.023312883435582823,4143533.0,314585.0,0.07592192459912833
grouped_iid,1631,0.7156647652479158,0.9183673469387755,38,0.023298589822194973,4152634.0,314585.0,0.0757555325126173
grouped_iid,1632,0.7161035541904344,0.9183673469387755,38,0.023284313725490197,4153971.0,314585.0,0.0757311497841463
grouped_iid,1633,0.7165423431329531,0.9183673469387755,38,0.023270055113288425,4157852.0,314585.0,0.07566046121891784
grouped_iid,1634,0.7169811320754716,0.9183673469387755,38,0.023255813953488372,4158274.0,314585.0,0.07565278286135065
grouped_iid,1635,0.7174199210179903,0.9183673469387755,38,0.023241590214067277,4158849.0,314585.0,0.07564232315239144
grouped_iid,1636,0.717858709960509,0.9183673469387755,39,0.023838630806845965,4159429.0,315165.0,0.07577121763588224
grouped_iid,1637,0.7182974989030276,0.9183673469387755,39,0.023824068417837508,4161723.0,315165.0,0.07572945147959151
grouped_iid,1638,0.7187362878455463,0.9183673469387755,39,0.023809523809523808,4164321.0,315165.0,0.07568220605472056
grouped_iid,1639,0.7191750767880649,0.9183673469387755,39,0.023794996949359364,4172477.0,315165.0,0.07553426897260308
grouped_iid,1640,0.7196138657305836,0.9183673469387755,39,0.02378048780487805,4176689.0,315165.0,0.0754580961139314
grouped_iid,1641,0.7200526546731022,0.9183673469387755,39,0.02376599634369287,4176836.0,315165.0,0.0754554404338595
grouped_iid,1642,0.7204914436156209,0.9183673469387755,39,0.023751522533495738,4179668.0,315165.0,0.07540431440966125
grouped_iid,1643,0.7209302325581395,0.9183673469387755,39,0.023737066342057214,4183722.0,315165.0,0.07533124810874145
grouped_iid,1644,0.7213690215006582,0.9183673469387755,39,0.023722627737226276,4185194.0,315165.0,0.07530475289795407
grouped_iid,1645,0.7218078104431769,0.9183673469387755,39,0.02370820668693009,4208225.0,315165.0,0.07489262099816431
grouped_iid,1646,0.7222465993856955,0.9183673469387755,39,0.023693803159173753,4213095.0,315165.0,0.07480605113343042
grouped_iid,1647,0.7226853883282142,0.9183673469387755,39,0.023679417122040074,4213715.0,315165.0,0.0747950442780302
grouped_iid,1648,0.7231241772707327,0.9183673469387755,39,0.02366504854368932,4220688.0,315165.0,0.07467147536136289
grouped_iid,1649,0.7235629662132514,0.9183673469387755,39,0.023650697392359005,4221210.0,315165.0,0.07466224139523975
grouped_iid,1650,0.72400175515577,0.9183673469387755,39,0.023636363636363636,4221732.0,315165.0,0.07465300971260137
grouped_iid,1651,0.7244405440982887,0.9183673469387755,39,0.023622047244094488,4222425.0,315165.0,0.07464075738467824
grouped_iid,1652,0.7248793330408073,0.9183673469387755,39,0.02360774818401937,4223192.0,315165.0,0.07462720141542227
grouped_iid,1653,0.725318121983326,0.9183673469387755,40,0.024198427102238355,4238632.0,330605.0,0.07799804276474108
grouped_iid,1654,0.7257569109258447,0.9183673469387755,40,0.02418379685610641,4239677.0,330605.0,0.077978817725973
grouped_iid,1655,0.7261956998683633,0.9183673469387755,40,0.02416918429003021,4239916.0,330605.0,0.07797442213477815
grouped_iid,1656,0.726634488810882,0.9183673469387755,41,0.024758454106280192,4240361.0,331050.0,0.07807118309030764
grouped_iid,1657,0.7270732777534006,0.9183673469387755,41,0.024743512371756187,4247334.0,331050.0,0.07794301083927
grouped_iid,1658,0.7275120666959193,0.9183673469387755,42,0.025331724969843185,4331764.0,415480.0,0.09591473589050557
grouped_iid,1659,0.7279508556384379,0.9183673469387755,42,0.02531645569620253,4336138.0,415480.0,0.09581798365273429
grouped_iid,1660,0.7283896445809566,0.9183673469387755,42,0.02530120481927711,4345133.0,415480.0,0.09561962775362687
grouped_iid,1661,0.7288284335234753,0.9183673469387755,42,0.025285972305839857,4350345.0,415480.0,0.09550506913819479
grouped_iid,1662,0.7292672224659938,0.9183673469387755,42,0.02527075812274368,4362316.0,415480.0,0.09524298560672817
grouped_iid,1663,0.7297060114085125,0.9183673469387755,42,0.025255562236921228,4367131.0,415480.0,0.0951379750229613
grouped_iid,1664,0.7301448003510311,0.9183673469387755,42,0.025240384615384616,4370678.0,415480.0,0.09506076631588967
grouped_iid,1665,0.7305835892935498,0.9183673469387755,42,0.025225225225225224,4370812.0,415480.0,0.09505785195062154
grouped_iid,1666,0.7310223782360684,0.9183673469387755,43,0.02581032412965186,4374397.0,419065.0,0.09579948962108377
grouped_iid,1667,0.7314611671785871,0.9183673469387755,43,0.02579484103179364,4420215.0,419065.0,0.0948064743457049
grouped_iid,1668,0.7318999561211057,0.9183673469387755,44,0.026378896882494004,4420402.0,419252.0,0.09484476751209506
grouped_iid,1669,0.7323387450636244,0.9183673469387755,45,0.02696225284601558,4446261.0,445111.0,0.10010905792529948
grouped_iid,1670,0.7327775340061431,0.9183673469387755,45,0.02694610778443114,4447719.0,445111.0,0.10007624132729608
grouped_iid,1671,0.7332163229486617,0.9183673469387755,45,0.026929982046678635,4447841.0,445111.0,0.10007349633226548
grouped_iid,1672,0.7336551118911804,0.9183673469387755,45,0.026913875598086126,4448537.0,445111.0,0.10005783924018166
grouped_iid,1673,0.734093900833699,0.9183673469387755,45,0.026897788404064555,4454436.0,445111.0,0.09992533285919923
grouped_iid,1674,0.7345326897762177,0.9183673469387755,46,0.027479091995221028,4467365.0,458040.0,0.10253023874252495
grouped_iid,1675,0.7349714787187362,0.9183673469387755,46,0.02746268656716418,4472287.0,458040.0,0.1024173985256313
grouped_iid,1676,0.735410267661255,0.9183673469387755,46,0.027446300715990454,4496830.0,458040.0,0.1018584202649422
grouped_iid,1677,0.7358490566037735,0.9183673469387755,46,0.027429934406678593,4497845.0,458040.0,0.10183543452475574
grouped_iid,1678,0.7362878455462922,0.9183673469387755,46,0.027413587604290822,4498397.0,458040.0,0.10182293826000684
grouped_iid,1679,0.7367266344888109,0.9183673469387755,46,0.0273972602739726,4498642.0,458040.0,0.10181739289323312
grouped_iid,1680,0.7371654234313295,0.9183673469387755,46,0.02738095238095238,4500024.0,458040.0,0.10178612380733969
grouped_iid,1681,0.7376042123738482,0.9183673469387755,46,0.027364663890541343,4500253.0,458040.0,0.10178094431579736
grouped_iid,1682,0.7380430013163668,0.9183673469387755,46,0.027348394768133173,4510065.0,458040.0,0.10155951189173548
grouped_iid,1683,0.7384817902588855,0.9183673469387755,46,0.027332144979203804,4510436.0,458040.0,0.10155115824722931
grouped_iid,1684,0.7389205792014041,0.9183673469387755,47,0.027909738717339667,4536295.0,483899.0,0.10667273623077864
grouped_iid,1685,0.7393593681439228,0.9183673469387755,47,0.027893175074183978,4536592.0,483899.0,0.10666575261782413
grouped_iid,1686,0.7397981570864415,0.9183673469387755,47,0.027876631079478055,4540748.0,483899.0,0.10656812489924568
grouped_iid,1687,0.7402369460289601,0.9183673469387755,48,0.02845287492590397,4601546.0,544697.0,0.11837260781485179
grouped_iid,1688,0.7406757349714788,0.9183673469387755,48,0.02843601895734597,4622098.0,544697.0,0.11784626807999311
grouped_iid,1689,0.7411145239139973,0.9183673469387755,48,0.028419182948490232,4626617.0,544697.0,0.11773116296421338
grouped_iid,1690,0.741553312856516,0.9183673469387755,49,0.028994082840236687,4626663.0,544743.0,0.11773993480830569
grouped_iid,1691,0.7419921017990346,0.9183673469387755,50,0.02956830277942046,4627778.0,545858.0,0.11795250333961568
grouped_iid,1692,0.7424308907415533,0.9183673469387755,51,0.030141843971631204,4628447.0,546527.0,0.11807999529863905
grouped_iid,1693,0.7428696796840719,0.9183673469387755,51,0.030124040165386886,4630115.0,546527.0,0.11803745695301304
grouped_iid,1694,0.7433084686265906,0.9183673469387755,51,0.03010625737898465,4640038.0,546527.0,0.1177850267605567
grouped_iid,1695,0.7437472575691093,0.9183673469387755,51,0.03008849557522124,4649297.0,546527.0,0.11755045977918813
grouped_iid,1696,0.7441860465116279,0.9183673469387755,51,0.030070754716981132,4655501.0,546527.0,0.11739381003247557
grouped_iid,1697,0.7446248354541466,0.9183673469387755,51,0.030053034767236298,4655545.0,546527.0,0.11739270053237591
grouped_iid,1698,0.7450636243966652,0.9183673469387755,51,0.030035335689045935,4655816.0,546527.0,0.11738586748273558
grouped_iid,1699,0.7455024133391839,0.9183673469387755,51,0.03001765744555621,4669880.0,546527.0,0.11703234344351461
grouped_iid,1700,0.7459412022817025,0.9183673469387755,51,0.03,4672997.0,546527.0,0.11695428009048582
grouped_iid,1701,0.7463799912242212,0.9183673469387755,51,0.029982363315696647,4677846.0,546527.0,0.1168330466629299
grouped_iid,1702,0.7468187801667397,0.9183673469387755,51,0.029964747356051705,4678380.0,546527.0,0.11681971109657617
grouped_iid,1703,0.7472575691092584,0.9183673469387755,51,0.029947152084556665,4711912.0,546527.0,0.1159883715994696
grouped_iid,1704,0.7476963580517771,0.9183673469387755,51,0.02992957746478873,4759196.0,546527.0,0.11483599330643243
grouped_iid,1705,0.7481351469942957,0.9183673469387755,51,0.029912023460410556,4767164.0,546527.0,0.1146440525226319
grouped_iid,1706,0.7485739359368144,0.9183673469387755,51,0.029894490035169988,4770810.0,546527.0,0.11455643800528631
grouped_iid,1707,0.749012724879333,0.9183673469387755,51,0.029876977152899824,4771290.0,546527.0,0.11454491343012058
grouped_iid,1708,0.7494515138218517,0.9183673469387755,51,0.029859484777517563,4785213.0,546527.0,0.11421163488438237
grouped_iid,1709,0.7498903027643703,0.9183673469387755,51,0.02984201287302516,4786083.0,546527.0,0.11419087383148183
grouped_iid,1710,0.750329091706889,0.9183673469387755,51,0.02982456140350877,4797581.0,546527.0,0.11391720118951613
grouped_iid,1711,0.7507678806494076,0.9183673469387755,51,0.029807130333138514,4807619.0,546527.0,0.11367934938271938
grouped_iid,1712,0.7512066695919263,0.9183673469387755,51,0.029789719626168224,4809244.0,546527.0,0.11364093815992701
grouped_iid,1713,0.751645458534445,0.9183673469387755,52,0.030356100408639813,4815451.0,552734.0,0.11478343357662657
grouped_iid,1714,0.7520842474769636,0.9183673469387755,52,0.030338389731621937,4815718.0,552734.0,0.11477706958754645
grouped_iid,1715,0.7525230364194823,0.9183673469387755,52,0.030320699708454812,4823962.0,552734.0,0.11458091916976129
grouped_iid,1716,0.7529618253620008,0.9183673469387755,52,0.030303030303030304,4824079.0,552734.0,0.11457814020044033
grouped_iid,1717,0.7534006143045195,0.9183673469387755,52,0.030285381479324403,4824266.0,552734.0,0.11457369887978813
grouped_iid,1718,0.7538394032470381,0.9183673469387755,52,0.030267753201396973,4847586.0,552734.0,0.1140225258510112
grouped_iid,1719,0.7542781921895568,0.9183673469387755,52,0.030250145433391506,4866666.0,552734.0,0.11357549501034178
grouped_iid,1720,0.7547169811320755,0.9183673469387755,52,0.030232558139534883,4867302.0,552734.0,0.11356065434197427
grouped_iid,1721,0.7551557700745941,0.9183673469387755,52,0.03021499128413713,4867392.0,552734.0,0.11355855456063535
grouped_iid,1722,0.7555945590171128,0.9183673469387755,52,0.030197444831591175,4867615.0,552734.0,0.1135533521036483
grouped_iid,1723,0.7560333479596314,0.9183673469387755,52,0.030179918746372606,4867741.0,552734.0,0.11355041280955581
grouped_iid,1724,0.7564721369021501,0.9183673469387755,52,0.030162412993039442,4889689.0,552734.0,0.11304072713008946
grouped_iid,1725,0.7569109258446687,0.9183673469387755,52,0.030144927536231884,4901702.0,552734.0,0.11276368902067078
grouped_iid,1726,0.7573497147871874,0.9183673469387755,52,0.030127462340672075,4904246.0,552734.0,0.11270519464154123
grouped_iid,1727,0.757788503729706,0.9183673469387755,52,0.030110017371163866,4911312.0,552734.0,0.11254304348817587
grouped_iid,1728,0.7582272926722247,0.9183673469387755,52,0.03009259259259259,4911948.0,552734.0,0.11252847139261246
grouped_iid,1729,0.7586660816147434,0.9183673469387755,52,0.03007518796992481,4912054.0,552734.0,0.112526043076888
grouped_iid,1730,0.759104870557262,0.9183673469387755,52,0.03005780346820809,4912117.0,552734.0,0.11252459988229108
grouped_iid,1731,0.7595436594997806,0.9183673469387755,52,0.03004043905257077,4931903.0,552734.0,0.1120731693222677
grouped_iid,1732,0.7599824484422992,0.9183673469387755,52,0.03002309468822171,4935719.0,552734.0,0.11198652111272947
grouped_iid,1733,0.7604212373848179,0.9183673469387755,52,0.030005770340450086,4937132.0,552734.0,0.1119544707332111
grouped_iid,1734,0.7608600263273365,0.9183673469387755,52,0.029988465974625143,4941584.0,552734.0,0.11185360807384838
grouped_iid,1735,0.7612988152698552,0.9183673469387755,52,0.029971181556195964,4955010.0,552734.0,0.11155053168409347
grouped_iid,1736,0.7617376042123738,0.9183673469387755,52,0.029953917050691243,4956028.0,552734.0,0.11152761848803114
grouped_iid,1737,0.7621763931548925,0.9183673469387755,52,0.029936672423719057,4956041.0,552734.0,0.11152732594423653
grouped_iid,1738,0.7626151820974112,0.9183673469387755,52,0.02991944764096663,4968761.0,552734.0,0.11124181662189024
grouped_iid,1739,0.7630539710399298,0.9183673469387755,52,0.029902242668200116,4979361.0,552734.0,0.11100500646568907
grouped_iid,1740,0.7634927599824485,0.9183673469387755,52,0.029885057471264367,4989961.0,552734.0,0.11076920240458793
grouped_iid,1741,0.7639315489249671,0.9183673469387755,52,0.02986789201608271,5011161.0,552734.0,0.11030058702963245
grouped_iid,1742,0.7643703378674858,0.9183673469387755,52,0.029850746268656716,5012574.0,552734.0,0.11026949427579523
grouped_iid,1743,0.7648091268100043,0.9183673469387755,52,0.02983362019506598,5018670.0,552734.0,0.11013555384195414
grouped_iid,1744,0.765247915752523,0.9183673469387755,52,0.02981651376146789,5018872.0,552734.0,0.11013112109653324
grouped_iid,1745,0.7656867046950416,0.9183673469387755,52,0.02979942693409742,5019074.0,552734.0,0.11012668870791704
grouped_iid,1746,0.7661254936375603,0.9183673469387755,52,0.029782359679266894,5042394.0,552734.0,0.10961737619075383
grouped_iid,1747,0.766564282580079,0.9183673469387755,52,0.029765311963365768,5042474.0,552734.0,0.10961563708608116
grouped_iid,1748,0.7670030715225976,0.9183673469387755,52,0.029748283752860413,5042573.0,552734.0,0.10961348502044492
grouped_iid,1749,0.7674418604651163,0.9183673469387755,52,0.029731275014293884,5065893.0,552734.0,0.10910889748362233
grouped_iid,1750,0.7678806494076349,0.9183673469387755,52,0.029714285714285714,5086386.0,552734.0,0.10866929879092936
grouped_iid,1751,0.7683194383501536,0.9183673469387755,52,0.029697315819531698,5086424.0,552734.0,0.10866848693699149
grouped_iid,1752,0.7687582272926722,0.9183673469387755,52,0.02968036529680365,5092224.0,552734.0,0.10854471445089611
grouped_iid,1753,0.7691970162351909,0.9183673469387755,52,0.02966343411294923,5114130.0,552734.0,0.10807977114387002
grouped_iid,1754,0.7696358051777096,0.9183673469387755,52,0.029646522234891677,5114307.0,552734.0,0.10807603063328032
grouped_iid,1755,0.7700745941202282,0.9183673469387755,52,0.02962962962962963,5115579.0,552734.0,0.10804915728991772
grouped_iid,1756,0.7705133830627469,0.9183673469387755,52,0.029612756264236904,5117545.0,552734.0,0.10800764819850144
grouped_iid,1757,0.7709521720052654,0.9183673469387755,52,0.029595902105862264,5138745.0,552734.0,0.10756206038633946
grouped_iid,1758,0.7713909609477841,0.9183673469387755,52,0.02957906712172924,5138955.0,552734.0,0.1075576649338241
grouped_iid,1759,0.7718297498903027,0.9183673469387755,52,0.029562251279135872,5138996.0,552734.0,0.10755680681596172
grouped_iid,1760,0.7722685388328214,0.9183673469387755,52,0.029545454545454545,5158076.0,552734.0,0.10715894841409859
grouped_iid,1761,0.77270732777534,0.9183673469387755,52,0.029528676888131742,5161892.0,552734.0,0.10707972968051249
grouped_iid,1762,0.7731461167178587,0.9183673469387755,52,0.029511918274687854,5162282.0,552734.0,0.10707164002276513
grouped_iid,1763,0.7735849056603774,0.9183673469387755,52,0.02949517867271696,5172458.0,552734.0,0.10686099336137674
grouped_iid,1764,0.774023694602896,0.9183673469387755,52,0.02947845804988662,5185178.0,552734.0,0.10659884771554612
grouped_iid,1765,0.7744624835454147,0.9183673469387755,52,0.029461756373937678,5207126.0,552734.0,0.10614953431124963
grouped_iid,1766,0.7749012724879333,0.9183673469387755,52,0.02944507361268403,5207762.0,552734.0,0.10613657075726579
grouped_iid,1767,0.775340061430452,0.9183673469387755,52,0.02942840973401245,5209175.0,552734.0,0.10610778098259321
grouped_iid,1768,0.7757788503729706,0.9183673469387755,52,0.029411764705882353,5232495.0,552734.0,0.10563488354981705
grouped_iid,1769,0.7762176393154893,0.9183673469387755,52,0.029395138496325607,5232536.0,552734.0,0.10563405583831625
grouped_iid,1770,0.7766564282580078,0.9183673469387755,52,0.02937853107344633,5232565.0,552734.0,0.10563347039167215
grouped_iid,1771,0.7770952172005265,0.911143883837749,52,0.029361942405420668,5238788.0,552734.0,0.1055079915430821
grouped_iid,1772,0.7775340061430452,0.8947312196880916,53,0.029909706546275394,5238991.0,552937.0,0.10554265124715809
grouped_iid,1773,0.7779727950855638,0.8884615384615384,54,0.030456852791878174,5241710.0,555656.0,0.10600662760816604
grouped_iid,1774,0.7784115840280825,0.8884615384615384,54,0.030439684329199548,5242320.0,555656.0,0.10599429260327489
grouped_iid,1775,0.7788503729706011,0.8884615384615384,54,0.030422535211267605,5250467.0,555656.0,0.10582982428039259
grouped_iid,1776,0.7792891619131198,0.8884615384615384,54,0.030405405405405407,5254355.0,555656.0,0.10575151469590463
grouped_iid,1777,0.7797279508556384,0.8884615384615384,55,0.030951041080472707,5254768.0,556069.0,0.10582179841241326
grouped_iid,1778,0.7801667397981571,0.8884615384615384,56,0.031496062992125984,5255029.0,556330.0,0.10586620930160423
grouped_iid,1779,0.7806055287406757,0.8884615384615384,57,0.03204047217537943,5255547.0,556848.0,0.10595433738866764
grouped_iid,1780,0.7810443176831944,0.8884615384615384,58,0.03258426966292135,5255783.0,557084.0,0.10599448264892215
grouped_iid,1781,0.7814831066257131,0.8884615384615384,59,0.03312745648512072,5255875.0,557176.0,0.1060101315194901
grouped_iid,1782,0.7819218955682317,0.8884615384615384,59,0.03310886644219978,5257093.0,557176.0,0.10598557035228405
grouped_iid,1783,0.7823606845107504,0.8884615384615384,59,0.03309029725182277,5261922.0,557176.0,0.10588830469170771
grouped_iid,1784,0.782799473453269,0.8884615384615384,59,0.033071748878923765,5265049.0,557176.0,0.10582541586982382
grouped_iid,1785,0.7832382623957876,0.8884615384615384,59,0.03305322128851541,5267093.0,557176.0,0.10578434821636906
grouped_iid,1786,0.7836770513383062,0.8884615384615384,59,0.03303471444568869,5270844.0,557176.0,0.10570906670734326
grouped_iid,1787,0.7841158402808249,0.8884615384615384,59,0.03301622831561276,5275075.0,557176.0,0.10562428022350392
grouped_iid,1788,0.7845546292233436,0.8884615384615384,59,0.032997762863534674,5275549.0,557176.0,0.10561479004365233
grouped_iid,1789,0.7849934181658622,0.8884615384615384,59,0.03297931805477921,5281339.0,557176.0,0.10549900318839597
grouped_iid,1790,0.7854322071083809,0.8884615384615384,59,0.0329608938547486,5285969.0,557176.0,0.10540659621726878
grouped_iid,1791,0.7858709960508995,0.8884615384615384,59,0.03294249022892239,5312122.0,557176.0,0.10488765130017721
grouped_iid,1792,0.7863097849934182,0.8884615384615384,59,0.032924107142857144,5313986.0,557176.0,0.10485085959955484
grouped_iid,1793,0.7867485739359368,0.8884615384615384,59,0.03290574456218628,5318279.0,557176.0,0.10476622230612573
grouped_iid,1794,0.7871873628784555,0.8884615384615384,60,0.033444816053511704,5318340.0,557237.0,0.10477649040866135
grouped_iid,1795,0.7876261518209741,0.8884615384615384,61,0.033983286908077996,5324757.0,563654.0,0.10585534701395763
grouped_iid,1796,0.7880649407634928,0.8884615384615384,62,0.034521158129175944,5324780.0,563677.0,0.10585920920676535
grouped_iid,1797,0.7885037297060115,0.8884615384615384,62,0.03450194769059544,5348554.0,563677.0,0.10538867140539293
grouped_iid,1798,0.78894251864853,0.8884615384615384,62,0.034482758620689655,5351435.0,563677.0,0.10533193433163254
grouped_iid,1799,0.7893813075910487,0.8884615384615384,63,0.03501945525291829,5357185.0,569427.0,0.10629220383466317
grouped_iid,1800,0.7898200965335673,0.8884615384615384,64,0.035555555555555556,5359139.0,571381.0,0.10661805935617644
grouped_iid,1801,0.790258885476086,0.8884615384615384,64,0.03553581343697946,5363971.0,571381.0,0.10652201512647999
grouped_iid,1802,0.7906976744186046,0.8884615384615384,64,0.03551609322974473,5367808.0,571381.0,0.10644587138735216
grouped_iid,1803,0.7911364633611233,0.8884615384615384,64,0.03549639489739324,5367825.0,571381.0,0.10644553427132963
grouped_iid,1804,0.7915752523036419,0.8884615384615384,64,0.03547671840354767,5378978.0,571381.0,0.10622482560813597
grouped_iid,1805,0.7920140412461606,0.8884615384615384,64,0.03545706371191136,5435719.0,571381.0,0.10511599293488129
grouped_iid,1806,0.7924528301886793,0.8884615384615384,64,0.035437430786267994,5439879.0,571381.0,0.1050356083287882
grouped_iid,1807,0.7928916191311979,0.8884615384615384,65,0.03597122302158273,5460741.0,592243.0,0.10845469506794041
grouped_iid,1808,0.7933304080737166,0.8884615384615384,65,0.03595132743362832,5463685.0,592243.0,0.10839625637275942
grouped_iid,1809,0.7937691970162352,0.8884615384615384,65,0.035931453841901606,5469557.0,592243.0,0.10827988445864994
grouped_iid,1810,0.7942079859587539,0.8884615384615384,65,0.03591160220994475,5495710.0,592243.0,0.10776460184398376
grouped_iid,1811,0.7946467749012724,0.8884615384615384,65,0.03589177250138045,5519043.0,592243.0,0.10730900266586073
grouped_iid,1812,0.7950855638437911,0.8884615384615384,66,0.03642384105960265,5519410.0,592610.0,0.10736836002398807
grouped_iid,1813,0.7955243527863097,0.8884615384615384,67,0.03695532266960838,5519473.0,592673.0,0.10737854864042273
grouped_iid,1814,0.7959631417288284,0.8884615384615384,68,0.037486218302094816,5519540.0,592740.0,0.10738938389793352
grouped_iid,1815,0.7964019306713471,0.8884615384615384,68,0.03746556473829201,5529297.0,592740.0,0.10719988454228449
grouped_iid,1816,0.7968407196138657,0.8884615384615384,68,0.037444933920704845,5529706.0,592740.0,0.10719195559402254
grouped_iid,1817,0.7972795085563844,0.8884615384615384,68,0.03742432581177765,5575524.0,592740.0,0.10631108394475569
grouped_iid,1818,0.797718297498903,0.8884615384615384,68,0.0374037403740374,5583671.0,592740.0,0.10615596800026363
grouped_iid,1819,0.7981570864414217,0.8884615384615384,68,0.037383177570093455,5587633.0,592740.0,0.10608069642369139
grouped_iid,1820,0.7985958753839403,0.8884615384615384,68,0.03736263736263736,5593832.0,592740.0,0.10596313940068275
grouped_iid,1821,0.799034664326459,0.8884615384615384,69,0.03789126853377265,5595027.0,593935.0,0.10615409005175488
grouped_iid,1822,0.7994734532689777,0.8884615384615384,70,0.038419319429198684,5595239.0,594147.0,0.10618795729726647
grouped_iid,1823,0.7999122422114963,0.8884615384615384,70,0.03839824465167307,5595468.0,594147.0,0.10618361145126735
grouped_iid,1824,0.800351031154015,0.8884615384615384,71,0.03892543859649123,5638024.0,636703.0,0.11293016844199315
grouped_iid,1825,0.8007898200965335,0.8884615384615384,71,0.03890410958904109,5639000.0,636703.0,0.11291062245078914
grouped_iid,1826,0.8012286090390522,0.8884615384615384,71,0.03888280394304491,5639149.0,636703.0,0.11290763907816587
grouped_iid,1827,0.8016673979815708,0.8884615384615384,71,0.03886152162014231,5639787.0,636703.0,0.1128948664196006
grouped_iid,1828,0.8021061869240895,0.8884615384615384,71,0.038840262582056896,5640293.0,636703.0,0.1128847384346877
grouped_iid,1829,0.8025449758666081,0.8884615384615384,71,0.038819026790595956,5642463.0,636703.0,0.1128413247902556
grouped_iid,1830,0.8029837648091268,0.8884615384615384,72,0.03934426229508197,5642807.0,637047.0,0.11289540826046328
grouped_iid,1831,0.8034225537516455,0.8884615384615384,72,0.03932277444019661,5649262.0,637047.0,0.11276641090464559
grouped_iid,1832,0.8038613426941641,0.8884615384615384,72,0.039301310043668124,5653784.0,637047.0,0.11267621826373275
grouped_iid,1833,0.8043001316366828,0.8884615384615384,72,0.03927986906710311,5657363.0,637047.0,0.11260493625740473
grouped_iid,1834,0.8047389205792014,0.8884615384615384,72,0.03925845147219193,5722314.0,637047.0,0.11132681638931384
grouped_iid,1835,0.8051777095217201,0.8884615384615384,72,0.03923705722070845,5724826.0,637047.0,0.11127796722555411
grouped_iid,1836,0.8056164984642387,0.8884615384615384,72,0.0392156862745098,5730312.0,637047.0,0.11117143359733292
grouped_iid,1837,0.8060552874067574,0.8884615384615384,73,0.03973870440936309,5739640.0,646375.0,0.11261594803855295
grouped_iid,1838,0.806494076349276,0.8884615384615384,73,0.0397170837867247,5744304.0,646375.0,0.11252451123756681
grouped_iid,1839,0.8069328652917946,0.8884615384615384,74,0.04023926046764546,5750624.0,652695.0,0.11349985671120212
grouped_iid,1840,0.8073716542343133,0.8884615384615384,74,0.04021739130434782,5794739.0,652695.0,0.112635789118371
grouped_iid,1841,0.8078104431768319,0.8884615384615384,74,0.040195545898967955,5794974.0,652695.0,0.11263122146881073
grouped_iid,1842,0.8082492321193506,0.8884615384615384,74,0.04017372421281216,5819517.0,652695.0,0.11215621502609237
grouped_iid,1843,0.8086880210618692,0.8884615384615384,74,0.040151926207270754,5840862.0,652695.0,0.11174634839857542
grouped_iid,1844,0.8091268100043879,0.8884615384615384,74,0.04013015184381779,5841347.0,652695.0,0.11173707023397172
grouped_iid,1845,0.8095655989469065,0.8884615384615384,74,0.04010840108401084,5842241.0,652695.0,0.1117199718395732
grouped_iid,1846,0.8100043878894252,0.8884615384615384,74,0.04008667388949079,5842277.0,652695.0,0.11171928342322694
grouped_iid,1847,0.8104431768319439,0.8884615384615384,74,0.04006497022198159,5842428.0,652695.0,0.11171639599152955
grouped_iid,1848,0.8108819657744625,0.8884615384615384,74,0.04004329004329004,5842528.0,652695.0,0.11171448386725746
grouped_iid,1849,0.8113207547169812,0.8884615384615384,74,0.04002163331530557,5843095.0,652695.0,0.11170364336023973
grouped_iid,1850,0.8117595436594998,0.8884615384615384,75,0.04054054054054054,5843708.0,653308.0,0.111796824892688
grouped_iid,1851,0.8121983326020185,0.8884615384615384,75,0.04051863857374392,5843833.0,653308.0,0.11179443355071919
grouped_iid,1852,0.812637121544537,0.8884615384615384,75,0.04049676025917927,5846797.0,653308.0,0.11173776000774441
grouped_iid,1853,0.8130759104870557,0.8884615384615384,75,0.040474905558553695,5847078.0,653308.0,0.1117323900929661
grouped_iid,1854,0.8135146994295743,0.8884615384615384,75,0.040453074433656956,5848665.0,653308.0,0.11170207218228434
grouped_iid,1855,0.813953488372093,0.8884615384615384,75,0.04043126684636118,5850620.0,653308.0,0.1116647466422362
grouped_iid,1856,0.8143922773146117,0.8884615384615384,75,0.04040948275862069,5850694.0,653308.0,0.11166333429846101
grouped_iid,1857,0.8148310662571303,0.8884615384615384,75,0.04038772213247173,5850985.0,653308.0,0.11165778069846359
grouped_iid,1858,0.815269855199649,0.8884615384615384,75,0.040365984930032295,5851741.0,653308.0,0.11164335537064952
grouped_iid,1859,0.8157086441421676,0.8884615384615384,75,0.04034427111350188,5852119.0,653308.0,0.11163614410438338
grouped_iid,1860,0.8161474330846863,0.8884615384615384,75,0.04032258064516129,5852434.0,653308.0,0.11163013542741362
grouped_iid,1861,0.8165862220272049,0.8884615384615384,75,0.04030091348737238,5852778.0,653308.0,0.11162357430949885
grouped_iid,1862,0.8170250109697236,0.8884615384615384,75,0.040279269602577876,5853322.0,653308.0,0.11161320016223265
grouped_iid,1863,0.8174637999122422,0.8884615384615384,75,0.040257648953301126,5853552.0,653308.0,0.11160881461375931
grouped_iid,1864,0.8179025888547609,0.8884615384615384,75,0.040236051502145924,5854686.0,653308.0,0.11158719699058156
grouped_iid,1865,0.8183413777972796,0.8884615384615384,75,0.040214477211796246,5854747.0,653308.0,0.11158603437518308
grouped_iid,1866,0.8187801667397981,0.8884615384615384,75,0.04019292604501608,5854873.0,653308.0,0.11158363298401178
grouped_iid,1867,0.8192189556823168,0.8884615384615384,75,0.04017139796464917,5854940.0,653308.0,0.11158235609587801
grouped_iid,1868,0.8196577446248354,0.8884615384615384,75,0.04014989293361884,5855033.0,653308.0,0.11158058374735036
grouped_iid,1869,0.8200965335673541,0.8884615384615384,75,0.04012841091492777,5855243.0,653308.0,0.11157658187713132
grouped_iid,1870,0.8205353225098727,0.8884615384615384,75,0.040106951871657755,5856469.0,653308.0,0.11155322430631837
grouped_iid,1871,0.8209741114523914,0.8884615384615384,75,0.04008551576696953,5856915.0,653308.0,0.11154472960594443
grouped_iid,1872,0.82141290039491,0.8884615384615384,75,0.04006410256410257,5856956.0,653308.0,0.11154394876792655
grouped_iid,1873,0.8218516893374287,0.8884615384615384,75,0.0400427122263748,5857223.0,653308.0,0.11153886406578681
grouped_iid,1874,0.8222904782799474,0.8884615384615384,75,0.040021344717182494,5857691.0,653308.0,0.11152995267247795
grouped_iid,1875,0.822729267222466,0.8884615384615384,75,0.04,5858730.0,653308.0,0.11151017370658829
grouped_iid,1876,0.8231680561649847,0.8884615384615384,75,0.03997867803837953,5858843.0,653308.0,0.11150802300044566
grouped_iid,1877,0.8236068451075033,0.8884615384615384,75,0.03995737879595099,5859004.0,653308.0,0.11150495886331534
grouped_iid,1878,0.824045634050022,0.8884615384615384,75,0.039936102236421724,5859385.0,653308.0,0.11149770837724438
grouped_iid,1879,0.8244844229925405,0.8884615384615384,75,0.03991484832357637,5864216.0,653308.0,0.11140585544597947
grouped_iid,1880,0.8249232119350592,0.8884615384615384,75,0.0398936170212766,5864300.0,653308.0,0.11140425967293624
grouped_iid,1881,0.8253620008775779,0.8884615384615384,75,0.03987240829346093,5864596.0,653308.0,0.11139863683704726
grouped_iid,1882,0.8258007898200965,0.8884615384615384,75,0.039851222104144525,5865232.0,653308.0,0.11138655725809311
grouped_iid,1883,0.8262395787626152,0.8884615384615384,75,0.03983005841741901,5865265.0,653308.0,0.1113859305589773
grouped_iid,1884,0.8266783677051338,0.8884615384615384,75,0.03980891719745223,5865645.0,653308.0,0.11137871453182045
grouped_iid,1885,0.8271171566476525,0.8884615384615384,75,0.03978779840848806,5865763.0,653308.0,0.11137647395573261
grouped_iid,1886,0.8275559455901711,0.8884615384615384,75,0.039766702014846236,5865785.0,653308.0,0.11137605623117793
grouped_iid,1887,0.8279947345326898,0.8884615384615384,75,0.0397456279809221,5868604.0,653308.0,0.11132255643761275
grouped_iid,1888,0.8284335234752084,0.8884615384615384,75,0.03972457627118644,5869160.0,653308.0,0.11131201057732282
grouped_iid,1889,0.8288723124177271,0.8884615384615384,75,0.03970354685018528,5880141.0,653308.0,0.11110413848919609
grouped_iid,1890,0.8293111013602458,0.8884615384615384,75,0.03968253968253968,5880306.0,653308.0,0.11110102093326436
grouped_iid,1891,0.8297498903027644,0.8884615384615384,75,0.03966155473294553,5880471.0,653308.0,0.11109790355228348
grouped_iid,1892,0.8301886792452831,0.8884615384615384,75,0.03964059196617336,5880565.0,653308.0,0.1110961276680047
grouped_iid,1893,0.8306274681878016,0.8884615384615384,75,0.039619651347068144,5881608.0,653308.0,0.11107642671867965
grouped_iid,1894,0.8310662571303203,0.8884615384615384,75,0.0395987328405491,5881901.0,653308.0,0.1110708935767535
grouped_iid,1895,0.8315050460728389,0.8884615384615384,75,0.0395778364116095,5881990.0,653308.0,0.11106921297044027
grouped_iid,1896,0.8319438350153576,0.8884615384615384,75,0.03955696202531646,5882324.0,653308.0,0.11106290642949963
grouped_iid,1897,0.8323826239578762,0.8884615384615384,75,0.03953610964681075,5883755.0,653308.0,0.1110358945945234
grouped_iid,1898,0.8328214129003949,0.8884615384615384,75,0.03951527924130664,5883861.0,653308.0,0.11103389424053356
grouped_iid,1899,0.8332602018429136,0.8884615384615384,75,0.03949447077409163,5883874.0,653308.0,0.1110336489190625
grouped_iid,1900,0.8336989907854322,0.8884615384615384,75,0.039473684210526314,5884387.0,653308.0,0.11102396902175196
grouped_iid,1901,0.8341377797279509,0.8884615384615384,75,0.03945291951604419,5885477.0,653308.0,0.1110034072004699
grouped_iid,1902,0.8345765686704695,0.8884615384615384,75,0.03943217665615142,5885632.0,653308.0,0.11100048389026021
grouped_iid,1903,0.8350153576129882,0.8884615384615384,75,0.0394114555964267,5887947.0,653308.0,0.1109568411536313
grouped_iid,1904,0.8354541465555068,0.8884615384615384,75,0.03939075630252101,5888067.0,653308.0,0.11095457983069826
grouped_iid,1905,0.8358929354980255,0.8884615384615384,75,0.03937007874015748,5890657.0,653308.0,0.11090579539769503
grouped_iid,1906,0.836331724440544,0.8884615384615384,75,0.039349422875131164,5890892.0,653308.0,0.11090137113360761
grouped_iid,1907,0.8367705133830627,0.8884615384615384,75,0.03932878867330886,5891500.0,653308.0,0.11088992616481372
grouped_iid,1908,0.8372093023255814,0.8884615384615384,75,0.03930817610062893,5892590.0,653308.0,0.11086941395888734
grouped_iid,1909,0.8376480912681,0.8884615384615384,75,0.0392875851231011,5893137.0,653308.0,0.11085912307825187
grouped_iid,1910,0.8380868802106187,0.8884615384615384,76,0.039790575916230364,5893682.0,653853.0,0.11094134362865184
grouped_iid,1911,0.8385256691531373,0.8884615384615384,76,0.03976975405546834,5893845.0,653853.0,0.11093827543819018
grouped_iid,1912,0.838964458095656,0.8884615384615384,76,0.0397489539748954,5894408.0,653853.0,0.11092767925124966
grouped_iid,1913,0.8394032470381746,0.8884615384615384,76,0.03972817564035546,5896407.0,653853.0,0.11089007254757006
grouped_iid,1914,0.8398420359806933,0.8884615384615384,76,0.03970741901776385,5896437.0,653853.0,0.11088950835903105
grouped_iid,1915,0.840280824923212,0.8884615384615384,76,0.03968668407310705,5896588.0,653853.0,0.11088666869721947
grouped_iid,1916,0.8407196138657306,0.8884615384615384,76,0.03966597077244259,5898393.0,653853.0,0.11085273565189704
grouped_iid,1917,0.8411584028082493,0.8884615384615384,76,0.0396452790818988,5898781.0,653853.0,0.11084544416888846
grouped_iid,1918,0.8415971917507679,0.8884615384615384,76,0.03962460896767466,5898920.0,653853.0,0.11084283224725883
grouped_iid,1919,0.8420359806932866,0.8884615384615384,76,0.039603960396039604,5899045.0,653853.0,0.11084048350199058
grouped_iid,1920,0.8424747696358051,0.8884615384615384,76,0.03958333333333333,5899454.0,653853.0,0.11083279910310344
grouped_iid,1921,0.8429135585783238,0.8884615384615384,76,0.03956272774596564,5899661.0,653853.0,0.11082891033908558
grouped_iid,1922,0.8433523475208424,0.8884615384615384,76,0.03954214360041623,5899873.0,653853.0,0.11082492792641468
grouped_iid,1923,0.8437911364633611,0.8884615384615384,76,0.039521580863234526,5900019.0,653853.0,0.11082218548787724
grouped_iid,1924,0.8442299254058798,0.8884615384615384,76,0.0395010395010395,5900334.0,653853.0,0.11081626904510829
grouped_iid,1925,0.8446687143483984,0.8884615384615384,76,0.039480519480519484,5901529.0,653853.0,0.11079382987019126
grouped_iid,1926,0.8451075032909171,0.8884615384615384,76,0.03946002076843198,5901583.0,653853.0,0.11079281609696924
grouped_iid,1927,0.8455462922334357,0.8884615384615384,76,0.03943954333160353,5901854.0,653853.0,0.1107877287374442
grouped_iid,1928,0.8459850811759544,0.8884615384615384,76,0.03941908713692946,5902490.0,653853.0,0.11077579123386909
grouped_iid,1929,0.846423870118473,0.8884615384615384,77,0.039917055469155,5902517.0,653880.0,0.11077985882971621
grouped_iid,1930,0.8468626590609917,0.8884615384615384,77,0.03989637305699482,5908615.0,653880.0,0.11066552821600324
grouped_iid,1931,0.8473014480035103,0.8884615384615384,77,0.0398757120662869,5908665.0,653880.0,0.11066459174788214
grouped_iid,1932,0.847740236946029,0.8884615384615384,77,0.03985507246376811,5908710.0,653880.0,0.11066374894012398
grouped_iid,1933,0.8481790258885477,0.8884615384615384,77,0.03983445421624418,5911222.0,653880.0,0.11061672188931493
grouped_iid,1934,0.8486178148310662,0.8884615384615384,77,0.03981385729058945,5913888.0,653880.0,0.11056685551028358
grouped_iid,1935,0.8490566037735849,0.8884615384615384,77,0.03979328165374677,5914364.0,653880.0,0.11055795686569173
grouped_iid,1936,0.8494953927161035,0.8884615384615384,77,0.03977272727272727,5915760.0,653880.0,0.11053186741855653
grouped_iid,1937,0.8499341816586222,0.8884615384615384,77,0.03975219411461022,5915829.0,653880.0,0.11053057821651031
grouped_iid,1938,0.8503729706011408,0.8884615384615384,77,0.03973168214654283,5916095.0,653880.0,0.11052560853062704
grouped_iid,1939,0.8508117595436595,0.8884615384615384,77,0.039711191335740074,5918061.0,653880.0,0.1104888915474173
grouped_iid,1940,0.8512505484861781,0.8884615384615384,77,0.039690721649484534,5918177.0,653880.0,0.11048672589549113
grouped_iid,1941,0.8516893374286968,0.8884615384615384,77,0.03967027305512622,5920743.0,653880.0,0.11043884188183814
grouped_iid,1942,0.8521281263712155,0.8884615384615384,77,0.03964984552008239,5921225.0,653880.0,0.11042985193097712
grouped_iid,1943,0.8525669153137341,0.8884615384615384,77,0.03962943901183737,5921810.0,653880.0,0.11041894285699812
grouped_iid,1944,0.8530057042562528,0.8884615384615384,77,0.03960905349794239,5922136.0,653880.0,0.11041286454752136
grouped_iid,1945,0.8534444931987714,0.8884615384615384,77,0.03958868894601542,5922644.0,653880.0,0.11040339415977053
grouped_iid,1946,0.8538832821412901,0.8884615384615384,77,0.039568345323741004,5923703.0,653880.0,0.11038365697942655
grouped_iid,1947,0.8543220710838086,0.8884615384615384,77,0.03954802259887006,5923994.0,653880.0,0.110378234684235
grouped_iid,1948,0.8547608600263273,0.8884615384615384,77,0.039527720739219716,5924947.0,653880.0,0.11036048086168534
grouped_iid,1949,0.855199648968846,0.8884615384615384,77,0.03950743971267317,5924988.0,653880.0,0.11035971718423733
grouped_iid,1950,0.8556384379113646,0.8884615384615384,77,0.03948717948717949,5925296.0,653880.0,0.11035398062814077
grouped_iid,1951,0.8560772268538833,0.8884615384615384,77,0.03946694003075346,5927727.0,653880.0,0.11030872373171031
grouped_iid,1952,0.8565160157964019,0.8884615384615384,77,0.03944672131147541,5929989.0,653880.0,0.1102666463630877
grouped_iid,1953,0.8569548047389206,0.8884615384615384,78,0.039938556067588324,5930231.0,654122.0,0.11030295447175667
grouped_iid,1954,0.8573935936814392,0.8884615384615384,78,0.03991811668372569,5930272.0,654122.0,0.11030219187248072
grouped_iid,1955,0.8578323826239579,0.8884615384615384,79,0.04040920716112532,5936819.0,660669.0,0.11128333203353513
grouped_iid,1956,0.8582711715664765,0.8884615384615384,79,0.040388548057259714,5941252.0,660669.0,0.11120029919619635
grouped_iid,1957,0.8587099605089952,0.8884615384615384,79,0.0403679100664282,5941334.0,660669.0,0.11119876445256234
grouped_iid,1958,0.8591487494515139,0.8884615384615384,79,0.04034729315628192,5941341.0,660669.0,0.11119863343982445
grouped_iid,1959,0.8595875383940325,0.8884615384615384,79,0.04032669729453803,5941358.0,660669.0,0.11119831526731767
grouped_iid,1960,0.8600263273365512,0.8884615384615384,79,0.04030612244897959,5956475.0,660669.0,0.110916103903735
grouped_iid,1961,0.8604651162790697,0.8884615384615384,79,0.04028556858745538,5956554.0,660669.0,0.11091463285651401
grouped_iid,1962,0.8609039052215884,0.8884615384615384,79,0.040265035677879715,5956891.0,660669.0,0.11090835806799218
grouped_iid,1963,0.861342694164107,0.8884615384615384,79,0.040244523688232295,5957208.0,660669.0,0.11090245631846328
grouped_iid,1964,0.8617814831066257,0.8884615384615384,79,0.040224032586558045,5958637.0,660669.0,0.11087585969744423
grouped_iid,1965,0.8622202720491443,0.8884615384615384,79,0.04020356234096692,5958712.0,660669.0,0.11087446414594294
grouped_iid,1966,0.862659060991663,0.8884615384615384,79,0.04018311291963377,5958883.0,660669.0,0.11087128241987634
grouped_iid,1967,0.8630978499341817,0.8884615384615384,79,0.04016268429079817,5959131.0,660669.0,0.11086666831120175
grouped_iid,1968,0.8635366388767003,0.8884615384615384,79,0.04014227642276423,5959559.0,660669.0,0.11085870615594208
grouped_iid,1969,0.863975427819219,0.8884615384615384,79,0.04012188928390046,5959983.0,660669.0,0.11085081954092822
grouped_iid,1970,0.8644142167617376,0.8884615384615384,79,0.04010152284263959,5960143.0,660669.0,0.11084784375139993
grouped_iid,1971,0.8648530057042563,0.8884615384615384,79,0.040081177067478435,5961382.0,660669.0,0.11082480538908596
grouped_iid,1972,0.8652917946467749,0.8884615384615384,79,0.04006085192697769,5961558.0,660669.0,0.1108215335655545
grouped_iid,1973,0.8657305835892936,0.8884615384615384,79,0.04004054738976178,5961726.0,660669.0,0.11081841064148201
grouped_iid,1974,0.8661693725318121,0.8884615384615384,79,0.04002026342451875,5962015.0,660669.0,0.11081303888031144
grouped_iid,1975,0.8666081614743308,0.8884615384615384,79,0.04,5962223.0,660669.0,0.11080917302153911
grouped_iid,1976,0.8670469504168495,0.8884615384615384,79,0.039979757085020245,5968146.0,660669.0,0.11069920206375648
grouped_iid,1977,0.8674857393593681,0.8884615384615384,79,0.03995953464845726,5968280.0,660669.0,0.11069671664198061
grouped_iid,1978,0.8679245283018868,0.8884615384615384,79,0.03993933265925177,5970110.0,660669.0,0.11066278510781208
grouped_iid,1979,0.8683633172444054,0.8884615384615384,79,0.03991915108640728,5970225.0,660669.0,0.11066065349295881
grouped_iid,1980,0.8688021061869241,0.8884615384615384,79,0.0398989898989899,5970525.0,660669.0,0.11065509314507518
grouped_iid,1981,0.8692408951294427,0.8884615384615384,79,0.039878849066128215,5970876.0,660669.0,0.11064858824735264
grouped_iid,1982,0.8696796840719614,0.8884615384615384,79,0.03985872855701312,5971002.0,660669.0,0.11064625334240384
grouped_iid,1983,0.8701184730144801,0.8884615384615384,79,0.03983862834089763,5971868.0,660669.0,0.11063020816937012
grouped_iid,1984,0.8705572619569987,0.8884615384615384,79,0.039818548387096774,5972232.0,660669.0,0.1106234653978613
grouped_iid,1985,0.8709960508995174,0.8884615384615384,79,0.039798488664987405,5972358.0,660669.0,0.11062113155306497
grouped_iid,1986,0.871434839842036,0.8884615384615384,79,0.039778449144008056,5972495.0,660669.0,0.11061859407165682
grouped_iid,1987,0.8718736287845547,0.8884615384615384,79,0.03975842979365878,5972929.0,660669.0,0.11061055639536314
grouped_iid,1988,0.8723124177270732,0.8884615384615384,79,0.039738430583501,5973645.0,660669.0,0.11059729863425095
grouped_iid,1989,0.8727512066695919,0.8884615384615384,79,0.03971845148315736,5973871.0,660669.0,0.11059311458181806
grouped_iid,1990,0.8731899956121105,0.8884615384615384,79,0.03969849246231156,5974141.0,660669.0,0.11058811635011627
grouped_iid,1991,0.8736287845546292,0.8884615384615384,79,0.03967855349070819,5974225.0,660669.0,0.11058656143683909
grouped_iid,1992,0.8740675734971479,0.8884615384615384,79,0.03965863453815261,5974564.0,660669.0,0.11058028669539735
grouped_iid,1993,0.8745063624396665,0.8884615384615384,79,0.03963873557451079,5974636.0,660669.0,0.11057895409862625
grouped_iid,1994,0.8749451513821852,0.8884615384615384,79,0.03961885656970913,5975133.0,660669.0,0.11056975635521418
grouped_iid,1995,0.8753839403247038,0.8884615384615384,79,0.039598997493734335,5975552.0,660669.0,0.11056200330948505
grouped_iid,1996,0.8758227292672225,0.8884615384615384,79,0.039579158316633264,6045752.0,660669.0,0.10927821716802144
grouped_iid,1997,0.8762615182097411,0.8884615384615384,79,0.039559339008512766,6046430.0,660669.0,0.10926596355204642
grouped_iid,1998,0.8767003071522598,0.8884615384615384,79,0.03953953953953954,6046516.0,660669.0,0.10926440945496547
grouped_iid,1999,0.8771390960947784,0.8884615384615384,79,0.03951975987993997,6049053.0,660669.0,0.1092185834708342
grouped_iid,2000,0.8775778850372971,0.8884615384615384,79,0.0395,6049374.0,660669.0,0.10921278796781286
grouped_iid,2001,0.8780166739798158,0.8884615384615384,79,0.03948025987006497,6049505.0,660669.0,0.10921042300155137
grouped_iid,2002,0.8784554629223343,0.8884615384615384,79,0.039460539460539464,6049926.0,660669.0,0.10920282330726029
grouped_iid,2003,0.878894251864853,0.8884615384615384,79,0.03944083874188717,6050007.0,660669.0,0.10920136125462335
grouped_iid,2004,0.8793330408073716,0.8884615384615384,79,0.03942115768463074,6050229.0,660669.0,0.10919735434807509
grouped_iid,2005,0.8797718297498903,0.8884615384615384,79,0.03940149625935162,6050269.0,660669.0,0.10919663241419514
grouped_iid,2006,0.8802106186924089,0.8884615384615384,79,0.03938185443668993,6050792.0,660669.0,0.10918719400699942
grouped_iid,2007,0.8806494076349276,0.8884615384615384,79,0.0393622321873443,6052054.0,660669.0,0.10916442582964395
grouped_iid,2008,0.8810881965774463,0.8884615384615384,79,0.03934262948207171,6052097.0,660669.0,0.10916365021908934
grouped_iid,2009,0.8815269855199649,0.8884615384615384,79,0.039323046291687404,6052469.0,660669.0,0.10915694074599969
grouped_iid,2010,0.8819657744624836,0.8884615384615384,79,0.039303482587064675,6054741.0,660669.0,0.10911598035324716
grouped_iid,2011,0.8824045634050022,0.8884615384615384,79,0.03928393833913476,6054747.0,660669.0,0.10911587222389309
grouped_iid,2012,0.8828433523475209,0.8884615384615384,79,0.03926441351888668,6054921.0,660669.0,0.10911273656584454
grouped_iid,2013,0.8832821412900395,0.8884615384615384,79,0.039244908097367116,6055697.0,660669.0,0.10909875444560717
grouped_iid,2014,0.8837209302325582,0.8884615384615384,79,0.03922542204568024,6056005.0,660669.0,0.10909320583453944
grouped_iid,2015,0.8841597191750767,0.8884615384615384,79,0.039205955334987594,6056041.0,660669.0,0.10909255733242229
grouped_iid,2016,0.8845985081175954,0.8884615384615384,79,0.039186507936507936,6057523.0,660669.0,0.10906586735205133
grouped_iid,2017,0.8850372970601141,0.8404255319148937,79,0.039167079821517105,6068600.0,660669.0,0.10886678970437992
grouped_iid,2018,0.8854760860026327,0.8404255319148937,79,0.03914767096134787,6068620.0,660669.0,0.10886643091839661
grouped_iid,2019,0.8859148749451514,0.8404255319148937,79,0.0391282813273898,6068763.0,660669.0,0.10886386566751742
grouped_iid,2020,0.88635366388767,0.8404255319148937,79,0.03910891089108911,6069162.0,660669.0,0.10885670871860069
grouped_iid,2021,0.8867924528301887,0.8404255319148937,79,0.03908955962394854,6069204.0,660669.0,0.10885595541029763
grouped_iid,2022,0.8872312417727073,0.8404255319148937,79,0.0390702274975272,6109526.0,660669.0,0.10813752163424789
grouped_iid,2023,0.887670030715226,0.8404255319148937,79,0.03905091448344043,6149848.0,660669.0,0.10742850880216877
grouped_iid,2024,0.8881088196577446,0.8404255319148937,79,0.03903162055335968,6201463.0,660669.0,0.10653437745254628
grouped_iid,2025,0.8885476086002633,0.8404255319148937,79,0.03901234567901234,6203532.0,660669.0,0.10649884614119827
grouped_iid,2026,0.888986397542782,0.8404255319148937,79,0.03899308983218164,6203675.0,660669.0,0.10649639125195952
grouped_iid,2027,0.8894251864853006,0.8404255319148937,79,0.038973852984706465,6212566.0,660669.0,0.10634398089291928
grouped_iid,2028,0.8898639754278193,0.8404255319148937,79,0.03895463510848126,6214386.0,660669.0,0.1063128360549216
grouped_iid,2029,0.8903027643703378,0.8404255319148937,79,0.03893543617545589,6215488.0,660669.0,0.10629398689209922
grouped_iid,2030,0.8907415533128565,0.8404255319148937,79,0.03891625615763547,6222918.0,660669.0,0.10616707467461406
grouped_iid,2031,0.8911803422553751,0.8404255319148937,79,0.038897095027080254,6224352.0,660669.0,0.10614261532766785
grouped_iid,2032,0.8916191311978938,0.8404255319148937,79,0.03887795275590551,6226269.0,660669.0,0.10610993517947907
grouped_iid,2033,0.8920579201404124,0.8404255319148937,79,0.03885882931628136,6226311.0,660669.0,0.1061092194077681
grouped_iid,2034,0.8924967090829311,0.8404255319148937,79,0.03883972468043265,6226518.0,660669.0,0.10610569181683888
grouped_iid,2035,0.8929354980254498,0.8404255319148937,79,0.03882063882063882,6226751.0,660669.0,0.10610172142743463
grouped_iid,2036,0.8933742869679684,0.8404255319148937,79,0.03880157170923379,6227217.0,660669.0,0.10609378153997202
grouped_iid,2037,0.8938130759104871,0.8404255319148937,79,0.038782523318605794,6227634.0,660669.0,0.10608667754078034
grouped_iid,2038,0.8942518648530057,0.8404255319148937,79,0.03876349362119725,6228102.0,660669.0,0.10607870584007777
grouped_iid,2039,0.8946906537955244,0.8404255319148937,79,0.03874448258950466,6228336.0,660669.0,0.1060747204389744
grouped_iid,2040,0.895129442738043,0.8404255319148937,79,0.03872549019607843,6228378.0,660669.0,0.10607400514226978
grouped_iid,2041,0.8955682316805617,0.8404255319148937,79,0.03870651641352278,6228779.0,660669.0,0.10606717624754386
grouped_iid,2042,0.8960070206230804,0.8404255319148937,79,0.03868756121449559,6238886.0,660669.0,0.10589534734245826
grouped_iid,2043,0.8964458095655989,0.8404255319148937,80,0.03915810083210964,6239413.0,661196.0,0.10597086616962205
grouped_iid,2044,0.8968845985081176,0.8404255319148937,81,0.03962818003913894,6239697.0,661480.0,0.10601155793302143
grouped_iid,2045,0.8973233874506362,0.8404255319148937,82,0.040097799511002445,6239739.0,661522.0,0.1060175754146127
grouped_iid,2046,0.8977621763931549,0.8404255319148937,82,0.04007820136852395,6283556.0,661522.0,0.1052782850984379
grouped_iid,2047,0.8982009653356735,0.8404255319148937,82,0.040058622374206154,6283878.0,661522.0,0.10527289040302819
grouped_iid,2048,0.8986397542781922,0.8404255319148937,82,0.0400390625,6284146.0,661522.0,0.10526840082964337
grouped_iid,2049,0.8990785432207108,0.8404255319148937,82,0.04001952171791118,6284354.0,661522.0,0.10526491664855289
grouped_iid,2050,0.8995173321632295,0.8404255319148937,82,0.04,6284374.0,661522.0,0.10526458164329494
grouped_iid,2051,0.8999561211057482,0.8404255319148937,82,0.039980497318381276,6284770.0,661522.0,0.10525794897824423
grouped_iid,2052,0.9003949100482668,0.8404255319148937,82,0.03996101364522417,6308862.0,661522.0,0.10485599463104439
grouped_iid,2053,0.9008336989907855,0.8404255319148937,83,0.04042864101315149,6396656.0,749316.0,0.11714183160701466
grouped_iid,2054,0.9012724879333041,0.8404255319148937,83,0.04040895813047712,6402848.0,749316.0,0.11702854729645308
grouped_iid,2055,0.9017112768758228,0.8404255319148937,84,0.040875912408759124,6433851.0,780319.0,0.1212833495833211
grouped_iid,2056,0.9021500658183413,0.8404255319148937,84,0.04085603112840467,6477668.0,780319.0,0.12046295055566293
grouped_iid,2057,0.90258885476086,0.8404255319148937,84,0.04083616917841517,6478114.0,780319.0,0.12045465701900275
grouped_iid,2058,0.9030276437033786,0.8404255319148937,84,0.04081632653061224,6478316.0,780319.0,0.12045090112924409
grouped_iid,2059,0.9034664326458973,0.8404255319148937,84,0.04079650315687227,6478460.0,780319.0,0.12044822380627494
grouped_iid,2060,0.903905221588416,0.8404255319148937,84,0.040776699029126215,6482026.0,780319.0,0.12038196082521113
grouped_iid,2061,0.9043440105309346,0.8404255319148937,85,0.041242115477923336,6518399.0,816692.0,0.12529027449838526
grouped_iid,2062,0.9047827994734533,0.8404255319148937,85,0.04122211445198836,6523394.0,816692.0,0.12519433902045468
grouped_iid,2063,0.9052215884159719,0.8404255319148937,85,0.041202132816286964,6565420.0,816692.0,0.12439295582003893
grouped_iid,2064,0.9056603773584906,0.8404255319148937,85,0.041182170542635656,6611083.0,816692.0,0.12353376897552186
grouped_iid,2065,0.9060991663010092,0.8404255319148937,86,0.041646489104116224,6621835.0,827444.0,0.12495690393976897
grouped_iid,2066,0.9065379552435279,0.8404255319148937,86,0.041626331074540175,6622356.0,827444.0,0.12494707321684306
grouped_iid,2067,0.9069767441860465,0.8404255319148937,86,0.04160619254958878,6649417.0,827444.0,0.12443857860019908
grouped_iid,2068,0.9074155331285652,0.8404255319148937,87,0.04206963249516441,6649436.0,827463.0,0.12444108041644435
grouped_iid,2069,0.9078543220710839,0.8404255319148937,87,0.04204929917834703,6650691.0,827463.0,0.12441759811123386
grouped_iid,2070,0.9082931110136024,0.8404255319148937,87,0.042028985507246375,6692717.0,827463.0,0.12363633483979675
grouped_iid,2071,0.9087318999561211,0.8404255319148937,87,0.042008691453404155,6693578.0,827463.0,0.12362043140454926
grouped_iid,2072,0.9091706888986397,0.8404255319148937,87,0.04198841698841699,6739241.0,827463.0,0.12278281782770493
grouped_iid,2073,0.9096094778411584,0.8404255319148937,87,0.041968162083936326,6750427.0,827463.0,0.12257935683179745
grouped_iid,2074,0.910048266783677,0.8404255319148937,87,0.041947926711668276,6751497.0,827463.0,0.12255993004218176
grouped_iid,2075,0.9104870557261957,0.8404255319148937,88,0.042409638554216866,6754629.0,830595.0,0.12296678322377143
grouped_iid,2076,0.9109258446687144,0.8404255319148937,89,0.042870905587668595,6786671.0,862637.0,0.1271075318075681
grouped_iid,2077,0.911364633611233,0.8404255319148937,89,0.04285026480500722,6888270.0,862637.0,0.12523275074873663
grouped_iid,2078,0.9118034225537517,0.8404255319148937,89,0.04282964388835419,6891756.0,862637.0,0.12516940530105825
grouped_iid,2079,0.9122422114962703,0.8404255319148937,89,0.04280904280904281,6893483.0,862637.0,0.1251380470511061
grouped_iid,2080,0.912681000438789,0.8404255319148937,89,0.04278846153846154,6902349.0,862637.0,0.1249773084496307
grouped_iid,2081,0.9131197893813076,0.8404255319148937,89,0.04276790004805382,6903047.0,862637.0,0.12496467139800728
grouped_iid,2082,0.9135585783238263,0.8404255319148937,90,0.043227665706051875,6944109.0,903699.0,0.13013894223146555
grouped_iid,2083,0.9139973672663448,0.8404255319148937,90,0.04320691310609698,6965454.0,903699.0,0.1297401432842712
grouped_iid,2084,0.9144361562088635,0.8404255319148937,90,0.04318618042226487,6968920.0,903699.0,0.1296756168818124
grouped_iid,2085,0.9148749451513822,0.8404255319148937,90,0.04316546762589928,6970291.0,903699.0,0.12965011073425772
grouped_iid,2086,0.9153137340939008,0.8404255319148937,90,0.04314477468839885,6979147.0,903699.0,0.12948559472955648
grouped_iid,2087,0.9157525230364195,0.8404255319148937,90,0.04312410158121706,6979497.0,903699.0,0.1294791014309484
grouped_iid,2088,0.9161913119789381,0.8404255319148937,90,0.04310344827586207,6984017.0,903699.0,0.12939530359104223
grouped_iid,2089,0.9166301009214568,0.8404255319148937,90,0.0430828147438966,6986719.0,903699.0,0.1293452620607756
grouped_iid,2090,0.9170688898639754,0.8404255319148937,90,0.0430622009569378,7004826.0,903699.0,0.12901091333317916
grouped_iid,2091,0.9175076788064941,0.8404255319148937,90,0.043041606886657105,7013519.0,903699.0,0.1288510090298465
grouped_iid,2092,0.9179464677490127,0.8404255319148937,90,0.043021032504780114,7013762.0,903699.0,0.12884654483571015
grouped_iid,2093,0.9183852566915314,0.8404255319148937,90,0.04300047778308648,7013911.0,903699.0,0.12884380768447162
grouped_iid,2094,0.9188240456340501,0.8404255319148937,90,0.04297994269340974,7014098.0,903699.0,0.12884037263237555
grouped_iid,2095,0.9192628345765687,0.8404255319148937,90,0.04295942720763723,7014221.0,903699.0,0.12883811331293954
grouped_iid,2096,0.9197016235190874,0.8404255319148937,90,0.042938931297709926,7014344.0,903699.0,0.1288358540727401
grouped_iid,2097,0.9201404124616059,0.8404255319148937,90,0.04291845493562232,7014467.0,903699.0,0.12883359491177304
grouped_iid,2098,0.9205792014041246,0.8404255319148937,90,0.042897998093422304,7014837.0,903699.0,0.1288267995393193
grouped_iid,2099,0.9210179903466432,0.8404255319148937,90,0.04287756074321105,7014957.0,903699.0,0.1288245957886841
grouped_iid,2100,0.9214567792891619,0.8404255319148937,90,0.04285714285714286,7015090.0,903699.0,0.12882215338648542
grouped_iid,2101,0.9218955682316805,0.8404255319148937,90,0.042836744407425034,7015213.0,903699.0,0.12881989470597685
grouped_iid,2102,0.9223343571741992,0.8404255319148937,90,0.04281636536631779,7028907.0,903699.0,0.12856892259351277
grouped_iid,2103,0.9227731461167179,0.8404255319148937,90,0.042796005706134094,7029184.0,903699.0,0.12856385606067502
grouped_iid,2104,0.9232119350592365,0.8404255319148937,90,0.04277566539923954,7029411.0,903699.0,0.12855970436214356
grouped_iid,2105,0.9236507240017552,0.8404255319148937,90,0.04275534441805225,7029514.0,903699.0,0.12855782064023202
grouped_iid,2106,0.9240895129442738,0.8404255319148937,90,0.042735042735042736,7038174.0,903699.0,0.12839963888360817
grouped_iid,2107,0.9245283018867925,0.8404255319148937,91,0.04318936877076412,7071570.0,937095.0,0.13251583453179422
grouped_iid,2108,0.9249670908293111,0.8404255319148937,91,0.04316888045540797,7071995.0,937095.0,0.1325078708341847
grouped_iid,2109,0.9254058797718298,0.8404255319148937,91,0.0431484115694642,7072228.0,937095.0,0.1325035052602942
grouped_iid,2110,0.9258446687143485,0.8404255319148937,91,0.04312796208530806,7073242.0,937095.0,0.13248450993193786
grouped_iid,2111,0.926283457656867,0.8404255319148937,91,0.043107531975367125,7077186.0,937095.0,0.13241067848153207
grouped_iid,2112,0.9267222465993857,0.8404255319148937,91,0.043087121212121215,7080251.0,937095.0,0.13235335865917747
grouped_iid,2113,0.9271610355419043,0.8404255319148937,91,0.043066729768102226,7085950.0,937095.0,0.13224691114106082
grouped_iid,2114,0.927599824484423,0.8404255319148937,91,0.04304635761589404,7091524.0,937095.0,0.1321429639101553
grouped_iid,2115,0.9280386134269416,0.8404255319148937,91,0.04302600472813239,7094970.0,937095.0,0.1320787825741335
grouped_iid,2116,0.9284774023694603,0.8404255319148937,92,0.043478260869565216,7096367.0,938492.0,0.13224964266927006
grouped_iid,2117,0.9289161913119789,0.7678571428571429,92,0.04345772319319792,7096578.0,938492.0,0.13224571053823406
grouped_iid,2118,0.9293549802544976,0.7678571428571429,92,0.04343720491029273,7102515.0,938492.0,0.1321351662052104
grouped_iid,2119,0.9297937691970163,0.7678571428571429,92,0.04341670599339311,7141572.0,938492.0,0.13141252374127152
grouped_iid,2120,0.9302325581395349,0.7678571428571429,93,0.043867924528301884,7251065.0,1047985.0,0.14452842444523667
grouped_iid,2121,0.9306713470820536,0.7678571428571429,93,0.04384724186704385,7290122.0,1047985.0,0.1437541100135224
grouped_iid,2122,0.9311101360245722,0.7678571428571429,93,0.04382657869934024,7296059.0,1047985.0,0.14363713341682133
grouped_iid,2123,0.9315489249670909,0.7678571428571429,93,0.04380593499764484,7329044.0,1047985.0,0.1429906820043651
grouped_iid,2124,0.9319877139096094,0.7678571428571429,93,0.043785310734463276,7331008.0,1047985.0,0.1429523743528857
grouped_iid,2125,0.9324265028521281,0.7678571428571429,94,0.04423529411764706,7331309.0,1048286.0,0.1429875619756308
grouped_iid,2126,0.9328652917946467,0.7678571428571429,95,0.044684854186265284,7331459.0,1048436.0,0.14300509625710245
grouped_iid,2127,0.9333040807371654,0.7678571428571429,95,0.04466384579219558,7334866.0,1048436.0,0.14293867127224955
grouped_iid,2128,0.9337428696796841,0.7678571428571429,95,0.044642857142857144,7344738.0,1048436.0,0.14274654861752728
grouped_iid,2129,0.9341816586222027,0.7678571428571429,95,0.04462188821042743,7346373.0,1048436.0,0.14271477911617067
grouped_iid,2130,0.9346204475647214,0.7678571428571429,95,0.04460093896713615,7347528.0,1048436.0,0.14269234496282288
grouped_iid,2131,0.93505923650724,0.7678571428571429,95,0.044580009385265136,7349759.0,1048436.0,0.1426490310770734
grouped_iid,2132,0.9354980254497587,0.7678571428571429,96,0.0450281425891182,7350204.0,1048881.0,0.14270093728010813
grouped_iid,2133,0.9359368143922773,0.7678571428571429,97,0.04547585560243788,7350354.0,1049031.0,0.14271843233672826
grouped_iid,2134,0.936375603334796,0.7678571428571429,97,0.045454545454545456,7352525.0,1049031.0,0.14267629147809766
grouped_iid,2135,0.9368143922773147,0.7678571428571429,98,0.04590163934426229,7359949.0,1056455.0,0.14354107616778322
grouped_iid,2136,0.9372531812198333,0.7678571428571429,98,0.04588014981273408,7382292.0,1056455.0,0.1431066395097891
grouped_iid,2137,0.937691970162352,0.7678571428571429,99,0.04632662611137108,7389428.0,1063591.0,0.14393414483502648
grouped_iid,2138,0.9381307591048705,0.7678571428571429,99,0.04630495790458372,7391173.0,1063591.0,0.1439001630728979
grouped_iid,2139,0.9385695480473892,0.7678571428571429,99,0.04628330995792426,7397957.0,1063591.0,0.14376820519502884
grouped_iid,2140,0.9390083369899078,0.7678571428571429,99,0.046261682242990654,7399250.0,1063591.0,0.14374308206912864
grouped_iid,2141,0.9394471259324265,0.7678571428571429,99,0.04624007473143391,7400294.0,1063591.0,0.14372280344537663
grouped_iid,2142,0.9398859148749451,0.7678571428571429,99,0.046218487394957986,7406248.0,1063591.0,0.14360726240871222
grouped_iid,2143,0.9403247038174638,0.7678571428571429,99,0.046196920205319646,7422077.0,1063591.0,0.14330099243109443
grouped_iid,2144,0.9407634927599825,0.7678571428571429,99,0.04617537313432836,7422516.0,1063591.0,0.14329251698480677
grouped_iid,2145,0.9412022817025011,0.7678571428571429,100,0.046620046620046623,7422703.0,1063778.0,0.1433140999983429
grouped_iid,2146,0.9416410706450198,0.7678571428571429,100,0.046598322460391424,7425313.0,1063778.0,0.143263725044318
grouped_iid,2147,0.9420798595875384,0.7678571428571429,100,0.04657661853749418,7425728.0,1063778.0,0.14325571849655683
grouped_iid,2148,0.9425186485300571,0.7678571428571429,100,0.04655493482309125,7428915.0,1063778.0,0.14319426188077264
grouped_iid,2149,0.9429574374725757,0.7678571428571429,100,0.04653327128897161,7434356.0,1063778.0,0.14308946195205072
grouped_iid,2150,0.9433962264150944,0.7678571428571429,100,0.046511627906976744,7434585.0,1063778.0,0.1430850545121214
grouped_iid,2151,0.9438350153576129,0.7333333333333333,100,0.046490004649000466,7441002.0,1063778.0,0.14296166027102264
grouped_iid,2152,0.9442738043001316,0.7333333333333333,100,0.046468401486988845,7445624.0,1063778.0,0.14287291434539268
grouped_iid,2153,0.9447125932426503,0.7333333333333333,101,0.046911286576869486,7445828.0,1063982.0,0.14289639782170632
grouped_iid,2154,0.9451513821851689,0.7333333333333333,101,0.04688950789229341,7486628.0,1063982.0,0.14211765296739734
grouped_iid,2155,0.9455901711276876,0.7333333333333333,102,0.047331786542923436,7499075.0,1076429.0,0.14354157012698232
grouped_iid,2156,0.9460289600702062,0.7333333333333333,102,0.04730983302411874,7539875.0,1076429.0,0.14276483363450987
grouped_iid,2157,0.9464677490127249,0.7333333333333333,102,0.04728789986091794,7580675.0,1076429.0,0.1419964580990479
grouped_iid,2158,0.9469065379552435,0.7333333333333333,103,0.04772937905468026,7583212.0,1078966.0,0.14228350730534767
grouped_iid,2159,0.9473453268977622,0.7333333333333333,104,0.048170449282075034,7585707.0,1081461.0,0.14256561715341762
grouped_iid,2160,0.9477841158402808,0.7333333333333333,105,0.04861111111111111,7624496.0,1120250.0,0.14692774446992957
grouped_iid,2161,0.9482229047827995,0.7333333333333333,105,0.048588616381304954,7624503.0,1120250.0,0.14692760957665044
grouped_iid,2162,0.9486616937253182,0.7333333333333333,105,0.04856614246068455,7652240.0,1120250.0,0.14639504249736024
grouped_iid,2163,0.9491004826678368,0.7333333333333333,105,0.04854368932038835,7652329.0,1120250.0,0.1463933398577087
grouped_iid,2164,0.9495392716103555,0.7333333333333333,105,0.04852125693160813,7709081.0,1120250.0,0.14531563489863447
grouped_iid,2165,0.949978060552874,0.7333333333333333,106,0.04896073903002309,7752898.0,1164067.0,0.15014604861304767
grouped_iid,2166,0.9504168494953927,0.7333333333333333,106,0.048938134810710986,7783382.0,1164067.0,0.14955799419840887
grouped_iid,2167,0.9508556384379113,0.7333333333333333,107,0.049377018920166126,7785148.0,1165833.0,0.14975091032309212
grouped_iid,2168,0.95129442738043,0.7333333333333333,108,0.04981549815498155,7795773.0,1176458.0,0.15090973018326725
grouped_iid,2169,0.9517332163229487,0.7333333333333333,108,0.04979253112033195,7796136.0,1176458.0,0.15090270359573
grouped_iid,2170,0.9521720052654673,0.7333333333333333,108,0.04976958525345622,7802042.0,1176458.0,0.15078847306897347
grouped_iid,2171,0.952610794207986,0.7333333333333333,108,0.04974666052510364,7845138.0,1176458.0,0.14996014091785256
grouped_iid,2172,0.9530495831505046,0.7333333333333333,108,0.049723756906077346,7889857.0,1176458.0,0.14911018032392728
grouped_iid,2173,0.9534883720930233,0.7333333333333333,108,0.049700874367234235,7932953.0,1176458.0,0.14830013489302155
grouped_iid,2174,0.9539271610355419,0.7333333333333333,109,0.05013799448022079,7933464.0,1176969.0,0.14835499348077966
grouped_iid,2175,0.9543659499780606,0.7333333333333333,110,0.05057471264367816,7941767.0,1185272.0,0.1492453757457251
grouped_iid,2176,0.9548047389205792,0.7333333333333333,110,0.050551470588235295,7941957.0,1185272.0,0.14924180526285902
grouped_iid,2177,0.9552435278630979,0.7333333333333333,111,0.05098759761139182,7953261.0,1196576.0,0.1504509911091815
grouped_iid,2178,0.9556823168056165,0.7333333333333333,111,0.05096418732782369,7998384.0,1196576.0,0.14960221964836898
grouped_iid,2179,0.9561211057481351,0.7333333333333333,111,0.05094079853143644,7999541.0,1196576.0,0.14958058218590292
grouped_iid,2180,0.9565598946906538,0.7333333333333333,111,0.05091743119266055,8044664.0,1196576.0,0.14874157578240682
grouped_iid,2181,0.9569986836331724,0.7333333333333333,111,0.05089408528198074,8089787.0,1196576.0,0.14791192895437172
grouped_iid,2182,0.9574374725756911,0.7333333333333333,112,0.051329055912007336,8095693.0,1202482.0,0.1485335474060096
grouped_iid,2183,0.9578762615182097,0.7333333333333333,112,0.05130554283096656,8102574.0,1202482.0,0.14840740732512903
grouped_iid,2184,0.9583150504607284,0.7333333333333333,112,0.05128205128205128,8124485.0,1202482.0,0.14800716599267522
grouped_iid,2185,0.958753839403247,0.7333333333333333,112,0.05125858123569794,8167970.0,1202482.0,0.14721919889519672
grouped_iid,2186,0.9591926283457657,0.7333333333333333,112,0.05123513266239707,8174553.0,1202482.0,0.14710064268957582
grouped_iid,2187,0.9596314172882844,0.7333333333333333,112,0.051211705532693184,8219676.0,1202482.0,0.14629311422980662
grouped_iid,2188,0.960070206230803,0.7333333333333333,112,0.051188299817184646,8223998.0,1202482.0,0.14621623205647666
grouped_iid,2189,0.9605089951733217,0.7333333333333333,113,0.05162174508908177,8231408.0,1209892.0,0.14698481717830048
grouped_iid,2190,0.9609477841158403,0.7333333333333333,113,0.051598173515981734,8237723.0,1209892.0,0.14687213930354298
grouped_iid,2191,0.961386573058359,0.7333333333333333,113,0.051574623459607484,8279874.0,1209892.0,0.14612444585509393
grouped_iid,2192,0.9618253620008775,0.7333333333333333,113,0.05155109489051095,8324997.0,1209892.0,0.14533242474441732
grouped_iid,2193,0.9622641509433962,0.7333333333333333,113,0.051527587779297765,8357982.0,1209892.0,0.14475886643450536
grouped_iid,2194,0.9627029398859148,0.7333333333333333,113,0.05150410209662717,8361532.0,1209892.0,0.1446974071258712
grouped_iid,2195,0.9631417288284335,0.7333333333333333,113,0.05148063781321185,8406655.0,1209892.0,0.14392073898595814
grouped_iid,2196,0.9635805177709522,0.7333333333333333,113,0.05145719489981785,8412107.0,1209892.0,0.1438274620139758
grouped_iid,2197,0.9640193067134708,0.7333333333333333,114,0.05188893946290396,8461283.0,1259068.0,0.1488034379656135
grouped_iid,2198,0.9644580956559895,0.7333333333333333,114,0.051865332120109194,8476982.0,1259068.0,0.14852786050507127
grouped_iid,2199,0.9648968845985081,0.7333333333333333,115,0.05229649840836744,8477120.0,1259206.0,0.1485417217168095
grouped_iid,2200,0.9653356735410268,0.7333333333333333,116,0.05272727272727273,8483582.0,1265668.0,0.14919028306675175
grouped_iid,2201,0.9657744624835454,0.7333333333333333,116,0.052703316674238984,8528705.0,1265668.0,0.14840095887945473
grouped_iid,2202,0.9662132514260641,0.7333333333333333,116,0.05267938237965486,8528713.0,1265668.0,0.1484008196781859
grouped_iid,2203,0.9666520403685828,0.7333333333333333,116,0.05265546981389015,8540591.0,1265668.0,0.14819442823102055
grouped_iid,2204,0.9670908293111014,0.7333333333333333,116,0.05263157894736842,8547546.0,1265668.0,0.14807384482049
grouped_iid,2205,0.96752961825362,0.7333333333333333,116,0.052607709750566896,8589655.0,1265668.0,0.14734794354371625
grouped_iid,2206,0.9679684071961386,0.7333333333333333,117,0.053037171350861285,8591114.0,1267127.0,0.147492746575124
grouped_iid,2207,0.9684071961386573,0.7333333333333333,117,0.05301314000906208,8636237.0,1267127.0,0.14672211983066236
grouped_iid,2208,0.9688459850811759,0.7333333333333333,117,0.05298913043478261,8636461.0,1267127.0,0.14671831436510857
grouped_iid,2209,0.9692847740236946,0.7333333333333333,117,0.05296514259846084,8636583.0,1267127.0,0.14671624182851017
grouped_iid,2210,0.9697235629662132,0.7333333333333333,117,0.052941176470588235,8681706.0,1267127.0,0.14595368698271977
grouped_iid,2211,0.9701623519087319,0.7333333333333333,118,0.05336951605608322,8722206.0,1307627.0,0.14991929793907643
grouped_iid,2212,0.9706011408512506,0.7333333333333333,119,0.05379746835443038,8730393.0,1315814.0,0.15071646831935287
grouped_iid,2213,0.9710399297937692,0.7333333333333333,119,0.05377315860822413,8730777.0,1315814.0,0.15070983945644242
grouped_iid,2214,0.9714787187362879,0.7333333333333333,120,0.05420054200542006,8730817.0,1315854.0,0.1507137304561532
grouped_iid,2215,0.9719175076788065,0.7333333333333333,121,0.054627539503386,8731035.0,1316072.0,0.15073493577794614
grouped_iid,2216,0.9723562966213252,0.7333333333333333,122,0.055054151624548735,8731198.0,1316235.0,0.15075079044135753
grouped_iid,2217,0.9727950855638438,0.7333333333333333,122,0.05502931889941362,8731614.0,1316235.0,0.15074360822638289
grouped_iid,2218,0.9732338745063625,0.7333333333333333,122,0.05500450856627592,8738524.0,1316235.0,0.15062440750863648
grouped_iid,2219,0.973672663448881,0.7333333333333333,123,0.055430374042361424,8742467.0,1320178.0,0.15100749021986587
grouped_iid,2220,0.9741114523913997,0.7333333333333333,124,0.055855855855855854,8743192.0,1320903.0,0.15107789008865413
grouped_iid,2221,0.9745502413339184,0.7333333333333333,125,0.05628095452498874,8743481.0,1321192.0,0.1511059496783947
grouped_iid,2222,0.974989030276437,0.7333333333333333,125,0.056255625562556255,8744040.0,1321192.0,0.1510962895869644
grouped_iid,2223,0.9754278192189557,0.7333333333333333,125,0.05623031938821413,8745931.0,1321192.0,0.15106362032812745
grouped_iid,2224,0.9758666081614743,0.7333333333333333,126,0.05665467625899281,8746010.0,1321271.0,0.15107128850755944
grouped_iid,2225,0.976305397103993,0.7333333333333333,126,0.05662921348314607,8748954.0,1321271.0,0.15102045341648843
grouped_iid,2226,0.9767441860465116,0.7333333333333333,126,0.05660377358490566,8751968.0,1321271.0,0.15096844504001844
grouped_iid,2227,0.9771829749890303,0.7333333333333333,126,0.05657835653345308,8756997.0,1321271.0,0.1508817463338174
grouped_iid,2228,0.9776217639315489,0.7333333333333333,126,0.05655296229802514,8757030.0,1321271.0,0.15088117775090412
grouped_iid,2229,0.9780605528740676,0.7333333333333333,126,0.05652759084791386,8791860.0,1321271.0,0.1502834440038854
grouped_iid,2230,0.9784993418165863,0.7333333333333333,126,0.05650224215246637,8800139.0,1321271.0,0.1501420602560937
grouped_iid,2231,0.9789381307591049,0.7333333333333333,126,0.05647691618108472,8841916.0,1321271.0,0.14943265690377516
grouped_iid,2232,0.9793769197016235,0.7333333333333333,126,0.056451612903225805,8847602.0,1321271.0,0.14933662251082272
grouped_iid,2233,0.9798157086441421,0.7333333333333333,126,0.05642633228840126,8869832.0,1321271.0,0.1489623478776148
grouped_iid,2234,0.9802544975866608,0.7333333333333333,127,0.05684870188003581,8871315.0,1322754.0,0.14910461414119552
grouped_iid,2235,0.9806932865291794,0.7333333333333333,127,0.056823266219239374,8879626.0,1322754.0,0.14896505776256794
grouped_iid,2236,0.9811320754716981,0.5,127,0.056797853309481214,8920426.0,1322754.0,0.1482837254633355
grouped_iid,2237,0.9815708644142168,0.5,127,0.05677246312025033,8932313.0,1322754.0,0.14808639150911976
grouped_iid,2238,0.9820096533567354,0.5,128,0.05719392314566577,8949070.0,1339511.0,0.14968158702524395
grouped_iid,2239,0.9824484422992541,0.5,129,0.05761500669941939,8949078.0,1339519.0,0.14968234716470233
grouped_iid,2240,0.9828872312417727,0.5,130,0.05803571428571429,8949086.0,1339527.0,0.14968310730280165
grouped_iid,2241,0.9833260201842914,0.5,131,0.05845604640785364,8949170.0,1339611.0,0.14969108867079292
grouped_iid,2242,0.98376480912681,0.5,131,0.058429973238180194,8966940.0,1339611.0,0.14939444225120274
grouped_iid,2243,0.9842035980693287,0.5,131,0.05840392331698618,8984710.0,1339611.0,0.14909896924886837
grouped_iid,2244,0.9846423870118473,0.4916720448599996,131,0.05837789661319073,9020085.0,1339611.0,0.14851423240468356
grouped_iid,2245,0.985081175954366,0.48670422461550616,131,0.058351893095768374,9020492.0,1339611.0,0.14850753151823648
grouped_iid,2246,0.9855199648968846,0.06666666666666667,132,0.058771148708815675,9035815.0,1354934.0,0.1499514985643243
grouped_iid,2247,0.9859587538394032,0.06666666666666667,133,0.059190031152647975,9036227.0,1355346.0,0.1499902558888793
grouped_iid,2248,0.9863975427819219,0.06666666666666667,134,0.059608540925266906,9060195.0,1379314.0,0.15223888669062863
grouped_iid,2249,0.9868363317244405,0.06666666666666667,135,0.06002667852378835,9060828.0,1379947.0,0.1522981122696513
grouped_iid,2250,0.9872751206669592,0.06666666666666667,135,0.06,9066540.0,1379947.0,0.15220216311845533
grouped_iid,2251,0.9877139096094778,0.06666666666666667,136,0.060417592181252776,9069169.0,1382576.0,0.15244792549350442
grouped_iid,2252,0.9881526985519965,0.06666666666666667,137,0.0608348134991119,9070843.0,1384250.0,0.15260433897929884
grouped_iid,2253,0.9885914874945151,0.06666666666666667,138,0.06125166444740346,9071252.0,1384659.0,0.15264254592420098
grouped_iid,2254,0.9890302764370338,0.06666666666666667,139,0.0616681455190772,9071339.0,1384746.0,0.1526506726294762
grouped_iid,2255,0.9894690653795525,0.06666666666666667,139,0.06164079822616408,9093250.0,1384746.0,0.15228284716685453
grouped_iid,2256,0.9899078543220711,0.06666666666666667,140,0.06205673758865248,9097582.0,1389078.0,0.15268650505156206
grouped_iid,2257,0.9903466432645898,0.06666666666666667,141,0.06247230837394772,9101689.0,1393185.0,0.1530688424972552
grouped_iid,2258,0.9907854322071084,0.06666666666666667,142,0.06288751107174491,9105958.0,1397454.0,0.15346589562569912
grouped_iid,2259,0.991224221149627,0.06666666666666667,143,0.06330234617087206,9151081.0,1442577.0,0.15764006460001828
grouped_iid,2260,0.9916630100921456,0.06666666666666667,143,0.06327433628318584,9152070.0,1442577.0,0.15762302954413593
grouped_iid,2261,0.9921017990346643,0.06666666666666667,144,0.06368863334807608,9152078.0,1442585.0,0.15762376588136595
grouped_iid,2262,0.9925405879771829,0.06666666666666667,145,0.0641025641025641,9153981.0,1444488.0,0.15779888553406435
grouped_iid,2263,0.9929793769197016,0.06666666666666667,146,0.06451612903225806,9154019.0,1444526.0,0.15780238166427227
grouped_iid,2264,0.9934181658622203,0.06666666666666667,147,0.06492932862190813,9154048.0,1444555.0,0.15780504974411322
grouped_iid,2265,0.9938569548047389,0.06666666666666667,148,0.06534216335540839,9154103.0,1444610.0,0.15781010984910263
grouped_iid,2266,0.9942957437472576,0.06666666666666667,149,0.06575463371579876,9154686.0,1445193.0,0.15786374322396202
grouped_iid,2267,0.9947345326897762,0.06666666666666667,150,0.06616674018526687,9154718.0,1445225.0,0.15786668688210823
grouped_iid,2268,0.9951733216322949,0.06666666666666667,151,0.06657848324514991,9154843.0,1445350.0,0.15787818534954667
grouped_iid,2269,0.9956121105748135,0.06666666666666667,152,0.06698986337593654,9154947.0,1445454.0,0.15788775183515535
grouped_iid,2270,0.9960508995173322,0.06666666666666667,153,0.06740088105726873,9155433.0,1445940.0,0.15793245387738625
grouped_iid,2271,0.9964896884598509,0.06666666666666667,154,0.06781153676794363,9155496.0,1446003.0,0.1579382482390905
grouped_iid,2272,0.9969284774023695,0.06666666666666667,155,0.0682218309859155,9160578.0,1451085.0,0.15840539756334152
grouped_iid,2273,0.9973672663448881,0.06666666666666667,156,0.0686317641882974,9161950.0,1452457.0,0.15853142617019303
grouped_iid,2274,0.9978060552874067,0.06666666666666667,156,0.06860158311345646,9164874.0,1452457.0,0.1584808476363123
grouped_iid,2275,0.9982448442299254,0.06666666666666667,156,0.06857142857142857,9170828.0,1452457.0,0.1583779567123056
grouped_iid,2276,0.998683633172444,0.06666666666666667,157,0.06898066783831283,9171182.0,1452811.0,0.1584104426234263
grouped_iid,2277,0.9991224221149627,0.06666666666666667,158,0.06938954765041722,9171525.0,1453154.0,0.15844191669324348
grouped_iid,2278,0.9995612110574813,0.06666666666666667,158,0.06935908691834942,9173440.0,1453154.0,0.15840884117626539
grouped_iid,2279,1.0,0.06666666666666667,159,0.06976744186046512,9173536.0,1453250.0,0.15841764833102526
temporal,1,0.0014044943820224719,1.0,0,0.0,4908.0,0.0,0.0
temporal,2,0.0028089887640449437,1.0,0,0.0,5350.0,0.0,0.0
temporal,3,0.004213483146067416,1.0,0,0.0,7688.0,0.0,0.0
temporal,4,0.0056179775280898875,1.0,0,0.0,8130.0,0.0,0.0
temporal,5,0.007022471910112359,1.0,0,0.0,8136.0,0.0,0.0
temporal,6,0.008426966292134831,1.0,0,0.0,8142.0,0.0,0.0
temporal,7,0.009831460674157303,1.0,0,0.0,8148.0,0.0,0.0
temporal,8,0.011235955056179775,1.0,0,0.0,8154.0,0.0,0.0
temporal,9,0.012640449438202247,1.0,0,0.0,8295.0,0.0,0.0
temporal,10,0.014044943820224719,1.0,0,0.0,8372.0,0.0,0.0
temporal,11,0.01544943820224719,0.9782082324455206,0,0.0,8792.0,0.0,0.0
temporal,12,0.016853932584269662,0.9782082324455206,0,0.0,8866.0,0.0,0.0
temporal,13,0.018258426966292134,0.9782082324455206,0,0.0,8877.0,0.0,0.0
temporal,14,0.019662921348314606,0.9782082324455206,0,0.0,8901.0,0.0,0.0
temporal,15,0.021067415730337078,0.9782082324455206,0,0.0,8947.0,0.0,0.0
temporal,16,0.02247191011235955,0.9782082324455206,0,0.0,8956.0,0.0,0.0
temporal,17,0.023876404494382022,0.9782082324455206,0,0.0,8975.0,0.0,0.0
temporal,18,0.025280898876404494,0.9782082324455206,0,0.0,8994.0,0.0,0.0
temporal,19,0.026685393258426966,0.9782082324455206,0,0.0,9013.0,0.0,0.0
temporal,20,0.028089887640449437,0.9782082324455206,0,0.0,9038.0,0.0,0.0
temporal,21,0.02949438202247191,0.9782082324455206,0,0.0,9678.0,0.0,0.0
temporal,22,0.03089887640449438,0.9782082324455206,0,0.0,10240.0,0.0,0.0
temporal,23,0.032303370786516857,0.9782082324455206,0,0.0,11071.0,0.0,0.0
temporal,24,0.033707865168539325,0.9782082324455206,0,0.0,11146.0,0.0,0.0
temporal,25,0.0351123595505618,0.9782082324455206,0,0.0,14410.0,0.0,0.0
temporal,26,0.03651685393258427,0.9782082324455206,0,0.0,16035.0,0.0,0.0
temporal,27,0.037921348314606744,0.9782082324455206,0,0.0,47433.0,0.0,0.0
temporal,28,0.03932584269662921,0.9782082324455206,0,0.0,48221.0,0.0,0.0
temporal,29,0.04073033707865169,0.9782082324455206,0,0.0,48636.0,0.0,0.0
temporal,30,0.042134831460674156,0.9782082324455206,0,0.0,54497.0,0.0,0.0
temporal,31,0.04353932584269663,0.9782082324455206,0,0.0,55328.0,0.0,0.0
temporal,32,0.0449438202247191,0.9782082324455206,0,0.0,64688.0,0.0,0.0
temporal,33,0.046348314606741575,0.9782082324455206,1,0.030303030303030304,76483.0,11795.0,0.15421727704195703
temporal,34,0.047752808988764044,0.9782082324455206,1,0.029411764705882353,146683.0,11795.0,0.08041149962845047
temporal,35,0.04915730337078652,0.9782082324455206,1,0.02857142857142857,149162.0,11795.0,0.07907509955618723
temporal,36,0.05056179775280899,0.9782082324455206,1,0.027777777777777776,151441.0,11795.0,0.07788511697624817
temporal,37,0.05196629213483146,0.9782082324455206,1,0.02702702702702703,153257.0,11795.0,0.07696222684771332
temporal,38,0.05337078651685393,0.9782082324455206,1,0.02631578947368421,157076.0,11795.0,0.0750910387328427
temporal,39,0.054775280898876406,0.9782082324455206,1,0.02564102564102564,175708.0,11795.0,0.06712841760193047
temporal,40,0.056179775280898875,0.9782082324455206,1,0.025,184019.0,11795.0,0.06409664219455599
temporal,41,0.05758426966292135,0.9782082324455206,1,0.024390243902439025,185928.0,11795.0,0.06343853534701605
temporal,42,0.05898876404494382,0.9782082324455206,1,0.023809523809523808,204560.0,11795.0,0.057660344153304656
temporal,43,0.060393258426966294,0.9782082324455206,1,0.023255813953488372,206116.0,11795.0,0.05722505773447961
temporal,44,0.06179775280898876,0.9782082324455206,1,0.022727272727272728,207456.0,11795.0,0.05685542958506864
temporal,45,0.06320224719101124,0.9782082324455206,1,0.022222222222222223,209090.0,11795.0,0.05641111483093405
temporal,46,0.06460674157303371,0.9782082324455206,1,0.021739130434782608,209925.0,11795.0,0.05618673335715137
temporal,47,0.06601123595505617,0.9782082324455206,1,0.02127659574468085,212833.0,11795.0,0.05541903746129594
temporal,48,0.06741573033707865,0.9782082324455206,1,0.020833333333333332,214484.0,11795.0,0.0549924469890528
temporal,49,0.06882022471910113,0.9782082324455206,1,0.02040816326530612,214871.0,11795.0,0.054893401156973255
temporal,50,0.0702247191011236,0.9782082324455206,1,0.02,215663.0,11795.0,0.05469181083449642
temporal,51,0.07162921348314606,0.9782082324455206,1,0.0196078431372549,217764.0,11795.0,0.0541641409966753
temporal,52,0.07303370786516854,0.9782082324455206,1,0.019230769230769232,218247.0,11795.0,0.05404427094072312
temporal,53,0.07443820224719101,0.9782082324455206,1,0.018867924528301886,218285.0,11795.0,0.054034862679524474
temporal,54,0.07584269662921349,0.9782082324455206,1,0.018518518518518517,218352.0,11795.0,0.05401828240638968
temporal,55,0.07724719101123595,0.9782082324455206,1,0.01818181818181818,224448.0,11795.0,0.052551147704590816
temporal,56,0.07865168539325842,0.9782082324455206,2,0.03571428571428571,252549.0,39896.0,0.15797330419047392
temporal,57,0.0800561797752809,0.9782082324455206,2,0.03508771929824561,259359.0,39896.0,0.1538253926025316
temporal,58,0.08146067415730338,0.9782082324455206,2,0.034482758620689655,260125.0,39896.0,0.15337241710716001
temporal,59,0.08286516853932584,0.9782082324455206,2,0.03389830508474576,266041.0,39896.0,0.14996184798583678
temporal,60,0.08426966292134831,0.9782082324455206,2,0.03333333333333333,272992.0,39896.0,0.14614347673191888
temporal,61,0.08567415730337079,0.9782082324455206,3,0.04918032786885246,273733.0,40637.0,0.14845488121636777
temporal,62,0.08707865168539326,0.9782082324455206,3,0.04838709677419355,276850.0,40637.0,0.14678345674553006
temporal,63,0.08848314606741572,0.9782082324455206,3,0.047619047619047616,289316.0,40637.0,0.1404588754164996
temporal,64,0.0898876404494382,0.9782082324455206,3,0.046875,295116.0,40637.0,0.13769839656270755
temporal,65,0.09129213483146068,0.9782082324455206,3,0.046153846153846156,301212.0,40637.0,0.13491162370689083
temporal,66,0.09269662921348315,0.9782082324455206,3,0.045454545454545456,310999.0,40637.0,0.13066601500326366
temporal,67,0.09410112359550561,0.9782082324455206,3,0.04477611940298507,311525.0,40637.0,0.13044538961560068
temporal,68,0.09550561797752809,0.9782082324455206,3,0.04411764705882353,311899.0,40637.0,0.1302889717504705
temporal,69,0.09691011235955056,0.9782082324455206,3,0.043478260869565216,313730.0,40637.0,0.1295285755267268
temporal,70,0.09831460674157304,0.9782082324455206,3,0.04285714285714286,319530.0,40637.0,0.12717741683097047
temporal,71,0.0997191011235955,0.9782082324455206,3,0.04225352112676056,323671.0,40637.0,0.12555032733856292
temporal,72,0.10112359550561797,0.9782082324455206,4,0.05555555555555555,323913.0,40879.0,0.1262036411011599
temporal,73,0.10252808988764045,0.9782082324455206,4,0.0547945205479452,326099.0,40879.0,0.12535763679128117
temporal,74,0.10393258426966293,0.9782082324455206,4,0.05405405405405406,330463.0,40879.0,0.1237021996411096
temporal,75,0.10533707865168539,0.9782082324455206,4,0.05333333333333334,338774.0,40879.0,0.12066746562605159
temporal,76,0.10674157303370786,0.9782082324455206,4,0.05263157894736842,341278.0,40879.0,0.11978211311599342
temporal,77,0.10814606741573034,0.9782082324455206,4,0.05194805194805195,341456.0,40879.0,0.11971967105571435
temporal,78,0.10955056179775281,0.9782082324455206,4,0.05128205128205128,341679.0,40879.0,0.11964153489093564
temporal,79,0.11095505617977527,0.9782082324455206,4,0.05063291139240506,341772.0,40879.0,0.11960897908547219
temporal,80,0.11235955056179775,0.9782082324455206,4,0.05,368064.0,40879.0,0.11106492349156669
temporal,81,0.11376404494382023,0.9782082324455206,4,0.04938271604938271,373864.0,40879.0,0.10934189972824343
temporal,82,0.1151685393258427,0.9782082324455206,5,0.06097560975609756,374821.0,41836.0,0.11161594467759277
temporal,83,0.11657303370786516,0.9782082324455206,5,0.060240963855421686,382313.0,41836.0,0.10942866185559999
temporal,84,0.11797752808988764,0.9782082324455206,5,0.05952380952380952,382696.0,41836.0,0.1093191462675335
temporal,85,0.11938202247191011,0.9782082324455206,6,0.07058823529411765,382938.0,42078.0,0.10988201745452267
temporal,86,0.12078651685393259,0.9782082324455206,7,0.08139534883720931,383584.0,42724.0,0.11138107950279469
temporal,87,0.12219101123595505,0.9782082324455206,7,0.08045977011494253,389283.0,42724.0,0.10975049000341654
temporal,88,0.12359550561797752,0.9782082324455206,8,0.09090909090909091,389537.0,42978.0,0.11033098267943739
temporal,89,0.125,0.9782082324455206,8,0.0898876404494382,392983.0,42978.0,0.10936350936300043
temporal,90,0.12640449438202248,0.9782082324455206,8,0.08888888888888889,399258.0,42978.0,0.10764468088303804
temporal,91,0.12780898876404495,0.9782082324455206,9,0.0989010989010989,405805.0,49525.0,0.12204137455181675
temporal,92,0.12921348314606743,0.9782082324455206,9,0.09782608695652174,410238.0,49525.0,0.1207226049268961
temporal,93,0.1306179775280899,0.9782082324455206,9,0.0967741935483871,419433.0,49525.0,0.11807606936030307
temporal,94,0.13202247191011235,0.9782082324455206,9,0.09574468085106383,419512.0,49525.0,0.11805383397852744
temporal,95,0.13342696629213482,0.9782082324455206,9,0.09473684210526316,431978.0,49525.0,0.11464704221048294
temporal,96,0.1348314606741573,0.9782082324455206,9,0.09375,434300.0,49525.0,0.11403407782638729
temporal,97,0.13623595505617977,0.9782082324455206,9,0.09278350515463918,457620.0,49525.0,0.10822297976487041
temporal,98,0.13764044943820225,0.9782082324455206,9,0.09183673469387756,461163.0,49525.0,0.10739152967605814
temporal,99,0.13904494382022473,0.9782082324455206,9,0.09090909090909091,464865.0,49525.0,0.10653630623944586
temporal,100,0.1404494382022472,0.9782082324455206,9,0.09,466291.0,49525.0,0.1062104994520589
temporal,101,0.14185393258426968,0.9782082324455206,9,0.0891089108910891,486296.0,49525.0,0.1018412654021419
temporal,102,0.14325842696629212,0.9782082324455206,9,0.08823529411764706,488431.0,49525.0,0.10139610303195333
temporal,103,0.1446629213483146,0.9782082324455206,9,0.08737864077669903,493424.0,49525.0,0.10037006712279906
temporal,104,0.14606741573033707,0.9782082324455206,9,0.08653846153846154,496370.0,49525.0,0.09977436186715555
temporal,105,0.14747191011235955,0.9782082324455206,9,0.08571428571428572,496627.0,49525.0,0.09972272953343253
temporal,106,0.14887640449438203,0.9782082324455206,9,0.08490566037735849,497170.0,49525.0,0.09961381418830581
temporal,107,0.1502808988764045,0.9782082324455206,9,0.08411214953271028,497427.0,49525.0,0.0995623478419949
temporal,108,0.15168539325842698,0.9782082324455206,9,0.08333333333333333,517920.0,49525.0,0.09562287611986407
temporal,109,0.15308988764044945,0.9782082324455206,9,0.08256880733944955,518626.0,49525.0,0.09549270572628445
temporal,110,0.1544943820224719,0.9782082324455206,9,0.08181818181818182,520534.0,49525.0,0.09514268040128022
temporal,111,0.15589887640449437,0.9782082324455206,9,0.08108108108108109,523911.0,49525.0,0.0945294143470933
temporal,112,0.15730337078651685,0.9782082324455206,9,0.08035714285714286,524096.0,49525.0,0.09449604652582733
temporal,113,0.15870786516853932,0.9782082324455206,9,0.07964601769911504,524587.0,49525.0,0.09440760064584139
temporal,114,0.1601123595505618,0.9782082324455206,9,0.07894736842105263,539704.0,49525.0,0.09176326282554882
temporal,115,0.16151685393258428,0.9782082324455206,9,0.0782608695652174,539783.0,49525.0,0.09174983280318202
temporal,116,0.16292134831460675,0.9782082324455206,9,0.07758620689655173,540432.0,49525.0,0.09163965124196939
temporal,117,0.16432584269662923,0.9782082324455206,9,0.07692307692307693,541409.0,49525.0,0.09147428284346953
temporal,118,0.16573033707865167,0.9782082324455206,9,0.07627118644067797,541552.0,49525.0,0.09145012851951428
temporal,119,0.16713483146067415,0.9782082324455206,9,0.07563025210084033,542231.0,49525.0,0.09133561157514049
temporal,120,0.16853932584269662,0.9782082324455206,9,0.075,542853.0,49525.0,0.0912309593941638
temporal,121,0.1699438202247191,0.9782082324455206,9,0.0743801652892562,562639.0,49525.0,0.08802269305895966
temporal,122,0.17134831460674158,0.9782082324455206,9,0.07377049180327869,566172.0,49525.0,0.08747341797192372
temporal,123,0.17275280898876405,0.9782082324455206,9,0.07317073170731707,567170.0,49525.0,0.08731949856304107
temporal,124,0.17415730337078653,0.9782082324455206,9,0.07258064516129033,567294.0,49525.0,0.08730041213198095
temporal,125,0.175561797752809,0.9782082324455206,9,0.072,567616.0,49525.0,0.08725088792423047
temporal,126,0.17696629213483145,0.9782082324455206,9,0.07142857142857142,568306.0,49525.0,0.08714495359894142
temporal,127,0.17837078651685392,0.9782082324455206,9,0.07086614173228346,568426.0,49525.0,0.08712655649108239
temporal,128,0.1797752808988764,0.9782082324455206,9,0.0703125,569213.0,49525.0,0.08700609437943266
temporal,129,0.18117977528089887,0.9782082324455206,9,0.06976744186046512,569637.0,49525.0,0.08694133281370417
temporal,130,0.18258426966292135,0.9782082324455206,9,0.06923076923076923,572620.0,49525.0,0.08648842164087876
temporal,131,0.18398876404494383,0.9782082324455206,9,0.06870229007633588,572675.0,49525.0,0.08648011524861396
temporal,132,0.1853932584269663,0.9782082324455206,9,0.06818181818181818,572735.0,49525.0,0.08647105554925053
temporal,133,0.18679775280898878,0.9782082324455206,9,0.06766917293233082,573030.0,49525.0,0.08642653962270737
temporal,134,0.18820224719101122,0.9782082324455206,9,0.06716417910447761,573055.0,49525.0,0.0864227691931839
temporal,135,0.1896067415730337,0.9782082324455206,9,0.06666666666666667,573614.0,49525.0,0.08633854822232372
temporal,136,0.19101123595505617,0.9782082324455206,9,0.0661764705882353,574226.0,49525.0,0.0862465301118375
temporal,137,0.19241573033707865,0.9782082324455206,9,0.06569343065693431,574849.0,49525.0,0.08615305932514451
temporal,138,0.19382022471910113,0.9782082324455206,9,0.06521739130434782,575335.0,49525.0,0.0860802836608237
temporal,139,0.1952247191011236,0.9782082324455206,9,0.06474820143884892,576151.0,49525.0,0.08595836855268844
temporal,140,0.19662921348314608,0.9782082324455206,9,0.06428571428571428,576519.0,49525.0,0.08590350014483478
temporal,141,0.19803370786516855,0.9782082324455206,9,0.06382978723404255,577472.0,49525.0,0.08576173390224981
temporal,142,0.199438202247191,0.9782082324455206,9,0.06338028169014084,578001.0,49525.0,0.08568324276255578
temporal,143,0.20084269662921347,0.9782082324455206,9,0.06293706293706294,578338.0,49525.0,0.08563331477440528
temporal,144,0.20224719101123595,0.9782082324455206,9,0.0625,578407.0,49525.0,0.08562309930550634
temporal,145,0.20365168539325842,0.9782082324455206,9,0.06206896551724138,578918.0,49525.0,0.08554752141063156
temporal,146,0.2050561797752809,0.9782082324455206,9,0.06164383561643835,578982.0,49525.0,0.08553806508665208
temporal,147,0.20646067415730338,0.9782082324455206,9,0.061224489795918366,579299.0,49525.0,0.08549125753712677
temporal,148,0.20786516853932585,0.9782082324455206,9,0.060810810810810814,580085.0,49525.0,0.08537541911961179
temporal,149,0.20926966292134833,0.9782082324455206,9,0.06040268456375839,581732.0,49525.0,0.08513370417993166
temporal,150,0.21067415730337077,0.9782082324455206,9,0.06,581939.0,49525.0,0.08510342149263067
temporal,151,0.21207865168539325,0.9782082324455206,9,0.059602649006622516,583368.0,49525.0,0.08489495481411391
temporal,152,0.21348314606741572,0.9782082324455206,9,0.05921052631578947,584458.0,49525.0,0.084736627781637
temporal,153,0.2148876404494382,0.9782082324455206,9,0.058823529411764705,584531.0,49525.0,0.08472604532522655
temporal,154,0.21629213483146068,0.9782082324455206,9,0.05844155844155844,584682.0,49525.0,0.08470416397289467
temporal,155,0.21769662921348315,0.9782082324455206,9,0.05806451612903226,584721.0,49525.0,0.08469851433418674
temporal,156,0.21910112359550563,0.9782082324455206,9,0.057692307692307696,587896.0,49525.0,0.08424109026086246
temporal,157,0.2205056179775281,0.9782082324455206,9,0.05732484076433121,588163.0,49525.0,0.08420284853008435
temporal,158,0.22191011235955055,0.9782082324455206,9,0.056962025316455694,588502.0,49525.0,0.08415434442023986
temporal,159,0.22331460674157302,0.9782082324455206,9,0.05660377358490566,588709.0,49525.0,0.08412475433533376
temporal,160,0.2247191011235955,0.9782082324455206,9,0.05625,589074.0,49525.0,0.08407262924522216
temporal,161,0.22612359550561797,0.9782082324455206,9,0.055900621118012424,589844.0,49525.0,0.08396287832036946
temporal,162,0.22752808988764045,0.9782082324455206,9,0.05555555555555555,591710.0,49525.0,0.08369809535076304
temporal,163,0.22893258426966293,0.9782082324455206,9,0.05521472392638037,592548.0,49525.0,0.0835797268744473
temporal,164,0.2303370786516854,0.9782082324455206,9,0.054878048780487805,592678.0,49525.0,0.08356139421405889
temporal,165,0.23174157303370788,0.9782082324455206,9,0.05454545454545454,593066.0,49525.0,0.08350672606421546
temporal,166,0.23314606741573032,0.9782082324455206,9,0.05421686746987952,599101.0,49525.0,0.08266552718156037
temporal,167,0.2345505617977528,0.9782082324455206,9,0.05389221556886228,599306.0,49525.0,0.08263725041965206
temporal,168,0.23595505617977527,0.9782082324455206,9,0.05357142857142857,599768.0,49525.0,0.08257359512344774
temporal,169,0.23735955056179775,0.9782082324455206,9,0.05325443786982249,618848.0,49525.0,0.08002772894151715
temporal,170,0.23876404494382023,0.9782082324455206,9,0.052941176470588235,622664.0,49525.0,0.07953727853224211
temporal,171,0.2401685393258427,0.9782082324455206,9,0.05263157894736842,622739.0,49525.0,0.07952769940536886
temporal,172,0.24157303370786518,0.9782082324455206,9,0.05232558139534884,622818.0,49525.0,0.07951761188661856
temporal,173,0.24297752808988765,0.9782082324455206,9,0.05202312138728324,623025.0,49525.0,0.07949119216724851
temporal,174,0.2443820224719101,0.9782082324455206,9,0.05172413793103448,623110.0,49525.0,0.07948034857408805
temporal,175,0.24578651685393257,0.9782082324455206,9,0.05142857142857143,624274.0,49525.0,0.07933215222802807
temporal,176,0.24719101123595505,0.9782082324455206,9,0.05113636363636364,624645.0,49525.0,0.07928503389925477
temporal,177,0.24859550561797752,0.9782082324455206,9,0.05084745762711865,625754.0,49525.0,0.07914452005101046
temporal,178,0.25,0.9782082324455206,9,0.05056179775280899,625925.0,49525.0,0.07912289811079602
temporal,179,0.25140449438202245,0.9782082324455206,9,0.05027932960893855,626216.0,49525.0,0.07908613002542254
temporal,180,0.25280898876404495,0.9782082324455206,9,0.05,626456.0,49525.0,0.0790558315348564
temporal,181,0.2542134831460674,0.9782082324455206,9,0.049723756906077346,626565.0,49525.0,0.07904207863509771
temporal,182,0.2556179775280899,0.9782082324455206,9,0.04945054945054945,627139.0,49525.0,0.07896973398241858
temporal,183,0.25702247191011235,0.9782082324455206,9,0.04918032786885246,628009.0,49525.0,0.07886033480411905
temporal,184,0.25842696629213485,0.9782082324455206,9,0.04891304347826087,628546.0,49525.0,0.0787929602606651
temporal,185,0.2598314606741573,0.9782082324455206,9,0.04864864864864865,629074.0,49525.0,0.07872682705055367
temporal,186,0.2612359550561798,0.9782082324455206,9,0.04838709677419355,629420.0,49525.0,0.07868354993486067
temporal,187,0.26264044943820225,0.9782082324455206,9,0.0481283422459893,631308.0,49525.0,0.07844823762727543
temporal,188,0.2640449438202247,0.9782082324455206,9,0.047872340425531915,635568.0,49525.0,0.07792242529516905
temporal,189,0.2654494382022472,0.9782082324455206,9,0.047619047619047616,635816.0,49525.0,0.07789203165695736
temporal,190,0.26685393258426965,0.9782082324455206,9,0.04736842105263158,637685.0,49525.0,0.07766373679794883
temporal,191,0.26825842696629215,0.9782082324455206,9,0.04712041884816754,638145.0,49525.0,0.07760775372368349
temporal,192,0.2696629213483146,0.9782082324455206,9,0.046875,638988.0,49525.0,0.07750536786293326
temporal,193,0.2710674157303371,0.9782082324455206,9,0.046632124352331605,639552.0,49525.0,0.07743701841288902
temporal,194,0.27247191011235955,0.9782082324455206,9,0.04639175257731959,639641.0,49525.0,0.07742624378362238
temporal,195,0.273876404494382,0.9782082324455206,9,0.046153846153846156,639673.0,49525.0,0.07742237049242347
temporal,196,0.2752808988764045,0.9782082324455206,9,0.04591836734693878,643194.0,49525.0,0.07699854165306269
temporal,197,0.27668539325842695,0.9782082324455206,9,0.04568527918781726,643631.0,49525.0,0.07694626268778229
temporal,198,0.27808988764044945,0.9782082324455206,9,0.045454545454545456,643804.0,49525.0,0.07692558604792762
temporal,199,0.2794943820224719,0.9782082324455206,9,0.04522613065326633,643897.0,49525.0,0.07691447545181916
temporal,200,0.2808988764044944,0.9782082324455206,9,0.045,644088.0,49525.0,0.07689166697718325
temporal,201,0.28230337078651685,0.9782082324455206,9,0.04477611940298507,644395.0,49525.0,0.07685503456730731
temporal,202,0.28370786516853935,0.9782082324455206,10,0.04950495049504951,645513.0,50643.0,0.07845388086684543
temporal,203,0.2851123595505618,0.9782082324455206,10,0.04926108374384237,645585.0,50643.0,0.07844513116011059
temporal,204,0.28651685393258425,0.9782082324455206,10,0.049019607843137254,646411.0,50643.0,0.0783448920268993
temporal,205,0.28792134831460675,0.9782082324455206,10,0.04878048780487805,647096.0,50643.0,0.07826195804022897
temporal,206,0.2893258426966292,0.9782082324455206,10,0.04854368932038835,647631.0,50643.0,0.0781973067997054
temporal,207,0.2907303370786517,0.9782082324455206,11,0.05314009661835749,648891.0,51903.0,0.07998723976754185
temporal,208,0.29213483146067415,0.9782082324455206,11,0.052884615384615384,655375.0,51903.0,0.07919588022124738
temporal,209,0.29353932584269665,0.9782082324455206,11,0.05263157894736842,655521.0,51903.0,0.07917824142933635
temporal,210,0.2949438202247191,0.9782082324455206,11,0.05238095238095238,657750.0,51903.0,0.07890992018244014
temporal,211,0.29634831460674155,0.9782082324455206,11,0.052132701421800945,658140.0,51903.0,0.07886315981402134
temporal,212,0.29775280898876405,0.9782082324455206,11,0.05188679245283019,658386.0,51903.0,0.07883369330453564
temporal,213,0.2991573033707865,0.9782082324455206,11,0.051643192488262914,660525.0,51903.0,0.07857840354263654
temporal,214,0.300561797752809,0.9782082324455206,11,0.0514018691588785,660922.0,51903.0,0.07853120337952134
temporal,215,0.30196629213483145,0.9782082324455206,11,0.05116279069767442,660993.0,51903.0,0.07852276801721048
temporal,216,0.30337078651685395,0.9782082324455206,11,0.05092592592592592,661033.0,51903.0,0.0785180164984199
temporal,217,0.3047752808988764,0.9782082324455206,11,0.05069124423963134,661058.0,51903.0,0.07851504709117808
temporal,218,0.3061797752808989,0.9782082324455206,11,0.05045871559633028,662161.0,51903.0,0.07838426002135432
temporal,219,0.30758426966292135,0.9782082324455206,11,0.0502283105022831,662259.0,51903.0,0.0783726608471912
temporal,220,0.3089887640449438,0.9782082324455206,11,0.05,665056.0,51903.0,0.07804305201366502
temporal,221,0.3103932584269663,0.9782082324455206,11,0.049773755656108594,665232.0,51903.0,0.07802240421386825
temporal,222,0.31179775280898875,0.9782082324455206,11,0.04954954954954955,665528.0,51903.0,0.0779877029967184
temporal,223,0.31320224719101125,0.9782082324455206,11,0.04932735426008968,665644.0,51903.0,0.07797411228825017
temporal,224,0.3146067415730337,0.9782082324455206,11,0.049107142857142856,666382.0,51903.0,0.07788775807269704
temporal,225,0.3160112359550562,0.9782082324455206,11,0.04888888888888889,667131.0,51903.0,0.07780031208263445
temporal,226,0.31741573033707865,0.9782082324455206,11,0.048672566371681415,674946.0,51903.0,0.0768994852921567
temporal,227,0.3188202247191011,0.9782082324455206,11,0.048458149779735685,689373.0,51903.0,0.07529015496690471
temporal,228,0.3202247191011236,0.9782082324455206,11,0.04824561403508772,690037.0,51903.0,0.07521770571722966
temporal,229,0.32162921348314605,0.9782082324455206,11,0.048034934497816595,691036.0,51903.0,0.07510896682661974
temporal,230,0.32303370786516855,0.9782082324455206,11,0.04782608695652174,691206.0,51903.0,0.07509049400612842
temporal,231,0.324438202247191,0.9782082324455206,11,0.047619047619047616,692225.0,51903.0,0.07497995593918162
temporal,232,0.3258426966292135,0.9782082324455206,11,0.04741379310344827,693616.0,51903.0,0.07482958870614288
temporal,233,0.32724719101123595,0.9782082324455206,11,0.04721030042918455,694692.0,51903.0,0.07471368606519148
temporal,234,0.32865168539325845,0.9782082324455206,11,0.04700854700854701,694926.0,51903.0,0.07468852798715259
temporal,235,0.3300561797752809,0.9782082324455206,11,0.04680851063829787,695473.0,51903.0,0.07462978433382748
temporal,236,0.33146067415730335,0.9782082324455206,11,0.046610169491525424,696387.0,51903.0,0.0745318335925283
temporal,237,0.33286516853932585,0.9782082324455206,11,0.046413502109704644,697671.0,51903.0,0.07439466453385622
temporal,238,0.3342696629213483,0.9782082324455206,11,0.046218487394957986,697858.0,51903.0,0.07437472952950314
temporal,239,0.3356741573033708,0.9782082324455206,11,0.04602510460251046,698080.0,51903.0,0.0743510772404309
temporal,240,0.33707865168539325,0.9782082324455206,11,0.04583333333333333,698422.0,51903.0,0.07431466935463087
temporal,241,0.33848314606741575,0.9782082324455206,11,0.04564315352697095,698850.0,51903.0,0.07426915647134578
temporal,242,0.3398876404494382,0.9782082324455206,11,0.045454545454545456,699792.0,51903.0,0.07416918169970506
temporal,243,0.34129213483146065,0.9782082324455206,11,0.04526748971193416,700115.0,51903.0,0.07413496354170386
temporal,244,0.34269662921348315,0.9782082324455206,11,0.045081967213114756,700272.0,51903.0,0.07411834258688052
temporal,245,0.3441011235955056,0.9782082324455206,11,0.044897959183673466,700696.0,51903.0,0.07407349264160207
temporal,246,0.3455056179775281,0.9782082324455206,11,0.044715447154471545,703544.0,51903.0,0.0737736374697247
temporal,247,0.34691011235955055,0.9782082324455206,11,0.044534412955465584,703704.0,51903.0,0.07375686368132056
temporal,248,0.34831460674157305,0.9782082324455206,11,0.04435483870967742,705038.0,51903.0,0.07361730857060186
temporal,249,0.3497191011235955,0.9782082324455206,11,0.04417670682730924,705147.0,51903.0,0.07360592897651128
temporal,250,0.351123595505618,0.9782082324455206,11,0.044,705226.0,51903.0,0.07359768357944829
temporal,251,0.35252808988764045,0.9782082324455206,11,0.043824701195219126,706316.0,51903.0,0.07348410626405179
temporal,252,0.3539325842696629,0.9782082324455206,11,0.04365079365079365,709762.0,51903.0,0.07312733000639651
temporal,253,0.3553370786516854,0.9782082324455206,11,0.043478260869565216,715858.0,51903.0,0.0725046028681666
temporal,254,0.35674157303370785,0.9782082324455206,11,0.04330708661417323,726458.0,51903.0,0.07144666312436507
temporal,255,0.35814606741573035,0.9782082324455206,11,0.043137254901960784,727871.0,51903.0,0.07130796528505738
temporal,256,0.3595505617977528,0.9782082324455206,11,0.04296875,738047.0,51903.0,0.07032478961366959
temporal,257,0.3609550561797753,0.9782082324455206,11,0.042801556420233464,758540.0,51903.0,0.06842486882695704
temporal,258,0.36235955056179775,0.9782082324455206,11,0.04263565891472868,759953.0,51903.0,0.06829764472276575
temporal,259,0.3637640449438202,0.9782082324455206,11,0.04247104247104247,761225.0,51903.0,0.06818351998423594
temporal,260,0.3651685393258427,0.9782082324455206,11,0.04230769230769231,770411.0,51903.0,0.06737053339061877
temporal,261,0.36657303370786515,0.9782082324455206,11,0.0421455938697318,783131.0,51903.0,0.0662762679551697
temporal,262,0.36797752808988765,0.9782082324455206,11,0.04198473282442748,784403.0,51903.0,0.06616879333709841
temporal,263,0.3693820224719101,0.9782082324455206,11,0.04182509505703422,784637.0,51903.0,0.06614906001118989
temporal,264,0.3707865168539326,0.9782082324455206,11,0.041666666666666664,785346.0,51903.0,0.06608934151316745
temporal,265,0.37219101123595505,0.9782082324455206,11,0.04150943396226415,785960.0,51903.0,0.06603771184284188
temporal,266,0.37359550561797755,0.9782082324455206,11,0.041353383458646614,786464.0,51903.0,0.06599539203320177
temporal,267,0.375,0.9782082324455206,11,0.04119850187265917,786515.0,51903.0,0.06599111269333706
temporal,268,0.37640449438202245,0.9782082324455206,11,0.041044776119402986,787979.0,51903.0,0.06586850664801981
temporal,269,0.37780898876404495,0.9782082324455206,11,0.040892193308550186,789423.0,51903.0,0.06574802102294967
temporal,270,0.3792134831460674,0.9782082324455206,11,0.040740740740740744,789467.0,51903.0,0.06574435663555285
temporal,271,0.3806179775280899,0.9782082324455206,11,0.04059040590405904,790084.0,51903.0,0.06569301491993257
temporal,272,0.38202247191011235,0.9782082324455206,11,0.04044117647058824,792133.0,51903.0,0.06552308766330907
temporal,273,0.38342696629213485,0.9782082324455206,11,0.040293040293040296,792277.0,51903.0,0.06551117853982888
temporal,274,0.3848314606741573,0.9782082324455206,11,0.040145985401459854,795296.0,51903.0,0.06526249346155394
temporal,275,0.3862359550561798,0.9782082324455206,11,0.04,796151.0,51903.0,0.0651924069680249
temporal,276,0.38764044943820225,0.9782082324455206,11,0.03985507246376811,796186.0,51903.0,0.06518954113737242
temporal,277,0.3890449438202247,0.9782082324455206,11,0.039711191335740074,802530.0,51903.0,0.06467421778625099
temporal,278,0.3904494382022472,0.9782082324455206,11,0.039568345323741004,802706.0,51903.0,0.06466003742341529
temporal,279,0.39185393258426965,0.9782082324455206,11,0.03942652329749104,803107.0,51903.0,0.06462775196829314
temporal,280,0.39325842696629215,0.9782082324455206,11,0.039285714285714285,803244.0,51903.0,0.06461672916324306
temporal,281,0.3946629213483146,0.9782082324455206,11,0.03914590747330961,803784.0,51903.0,0.06457331820489087
temporal,282,0.3960674157303371,0.9782082324455206,11,0.03900709219858156,803986.0,51903.0,0.06455709427776106
temporal,283,0.39747191011235955,0.9782082324455206,11,0.038869257950530034,830278.0,51903.0,0.06251279691862244
temporal,284,0.398876404494382,0.9782082324455206,11,0.03873239436619718,830627.0,51903.0,0.062486531258916456
temporal,285,0.4002808988764045,0.9782082324455206,11,0.03859649122807018,831866.0,51903.0,0.06239346240860908
temporal,286,0.40168539325842695,0.9782082324455206,12,0.04195804195804196,832175.0,52212.0,0.0627416108390663
temporal,287,0.40308988764044945,0.9782082324455206,12,0.041811846689895474,832767.0,52212.0,0.06269700888723977
temporal,288,0.4044943820224719,0.9782082324455206,12,0.041666666666666664,832794.0,52212.0,0.06269497618858925
temporal,289,0.4058988764044944,0.9782082324455206,12,0.04152249134948097,832854.0,52212.0,0.0626904595523345
temporal,290,0.40730337078651685,0.9782082324455206,12,0.041379310344827586,832866.0,52212.0,0.06268955630317483
temporal,291,0.40870786516853935,0.9782082324455206,12,0.041237113402061855,833012.0,52212.0,0.06267856885615093
temporal,292,0.4101123595505618,0.9782082324455206,12,0.0410958904109589,833114.0,52212.0,0.06267089497955862
temporal,293,0.41151685393258425,0.9782082324455206,12,0.040955631399317405,833290.0,52212.0,0.0626576581982263
temporal,294,0.41292134831460675,0.9782082324455206,12,0.04081632653061224,833626.0,52212.0,0.06263240349989084
temporal,295,0.4143258426966292,0.9782082324455206,12,0.04067796610169491,834368.0,52212.0,0.06257670476336581
temporal,296,0.4157303370786517,0.9782082324455206,12,0.04054054054054054,834536.0,52212.0,0.06256410748008474
temporal,297,0.41713483146067415,0.9782082324455206,12,0.04040404040404041,834945.0,52212.0,0.06253346028780339
temporal,298,0.41853932584269665,0.9782082324455206,12,0.040268456375838924,835145.0,52212.0,0.06251848481401433
temporal,299,0.4199438202247191,0.9782082324455206,12,0.04013377926421405,835679.0,52212.0,0.062478535418504
temporal,300,0.42134831460674155,0.9782082324455206,12,0.04,835743.0,52212.0,0.06247375090189209
temporal,301,0.42275280898876405,0.9782082324455206,12,0.03986710963455149,836032.0,52212.0,0.062452154941437646
temporal,302,0.4241573033707865,0.9782082324455206,12,0.039735099337748346,836540.0,52212.0,0.062414230042795324
temporal,303,0.425561797752809,0.9782082324455206,12,0.039603960396039604,837175.0,52212.0,0.062366888643354136
temporal,304,0.42696629213483145,0.9782082324455206,12,0.039473684210526314,840774.0,52212.0,0.062099922214530895
temporal,305,0.42837078651685395,0.9782082324455206,12,0.03934426229508197,841403.0,52212.0,0.06205349873960516
temporal,306,0.4297752808988764,0.9782082324455206,12,0.0392156862745098,841562.0,52212.0,0.062041774699903275
temporal,307,0.4311797752808989,0.9782082324455206,12,0.03908794788273615,841770.0,52212.0,0.06202644427812823
temporal,308,0.43258426966292135,0.9782082324455206,12,0.03896103896103896,847965.0,52212.0,0.0615732960676443
temporal,309,0.4339887640449438,0.9782082324455206,12,0.038834951456310676,849055.0,52212.0,0.061494249489137925
temporal,310,0.4353932584269663,0.9782082324455206,12,0.03870967741935484,849835.0,52212.0,0.06143780851577071
temporal,311,0.43679775280898875,0.9782082324455206,12,0.03858520900321544,850108.0,52212.0,0.06141807864412522
temporal,312,0.43820224719101125,0.9782082324455206,12,0.038461538461538464,850158.0,52212.0,0.061414466487405873
temporal,313,0.4396067415730337,0.9782082324455206,12,0.038338658146964855,850618.0,52212.0,0.0613812545702066
temporal,314,0.4410112359550562,0.9782082324455206,12,0.03821656050955414,851391.0,52212.0,0.061325524935076835
temporal,315,0.44241573033707865,0.9782082324455206,12,0.0380952380952381,851483.0,52212.0,0.06131889890931469
temporal,316,0.4438202247191011,0.9782082324455206,12,0.0379746835443038,851587.0,52212.0,0.06131141034327673
temporal,317,0.4452247191011236,0.9782082324455206,12,0.03785488958990536,852103.0,52212.0,0.06127428256912603
temporal,318,0.44662921348314605,0.9782082324455206,12,0.03773584905660377,852693.0,52212.0,0.06123188533270474
temporal,319,0.44803370786516855,0.9782082324455206,12,0.03761755485893417,853659.0,52212.0,0.0611625953688768
temporal,320,0.449438202247191,0.9782082324455206,12,0.0375,853866.0,52212.0,0.06114776791674572
temporal,321,0.4508426966292135,0.9782082324455206,12,0.037383177570093455,853984.0,52212.0,0.0611393187694383
temporal,322,0.45224719101123595,0.9782082324455206,12,0.037267080745341616,854169.0,52212.0,0.061126076923887426
temporal,323,0.45365168539325845,0.9782082324455206,12,0.03715170278637771,854243.0,52212.0,0.06112078179159794
temporal,324,0.4550561797752809,0.9782082324455206,12,0.037037037037037035,860166.0,52212.0,0.06069991141244829
temporal,325,0.45646067415730335,0.9782082324455206,12,0.036923076923076927,860525.0,52212.0,0.060674588187443715
temporal,326,0.45786516853932585,0.9782082324455206,12,0.03680981595092025,860659.0,52212.0,0.06066514147879706
temporal,327,0.4592696629213483,0.9782082324455206,12,0.03669724770642202,863339.0,52212.0,0.06047682312509918
temporal,328,0.4606741573033708,0.9782082324455206,12,0.036585365853658534,865169.0,52212.0,0.060348902931103635
temporal,329,0.46207865168539325,0.9782082324455206,12,0.0364741641337386,887117.0,52212.0,0.05885582172362834
temporal,330,0.46348314606741575,0.9782082324455206,12,0.03636363636363636,910437.0,52212.0,0.057348284395295886
temporal,331,0.4648876404494382,0.9782082324455206,12,0.03625377643504532,911527.0,52212.0,0.05727970756763102
temporal,332,0.46629213483146065,0.9782082324455206,12,0.03614457831325301,912325.0,52212.0,0.05722960567780122
temporal,333,0.46769662921348315,0.9782082324455206,13,0.03903903903903904,912922.0,52809.0,0.057846124860612406
temporal,334,0.4691011235955056,0.9782082324455206,13,0.038922155688622756,913159.0,52809.0,0.057831111558885144
temporal,335,0.4705056179775281,0.9782082324455206,13,0.03880597014925373,913310.0,52809.0,0.05782155018558868
temporal,336,0.47191011235955055,0.9782082324455206,13,0.03869047619047619,915726.0,52809.0,0.05766899705807196
temporal,337,0.47331460674157305,0.9782082324455206,13,0.03857566765578635,915944.0,52809.0,0.05765527150131449
temporal,338,0.4747191011235955,0.9782082324455206,13,0.038461538461538464,939264.0,52809.0,0.05622380928045789
temporal,339,0.476123595505618,0.9782082324455206,13,0.038348082595870206,939370.0,52809.0,0.056217464896686074
temporal,340,0.47752808988764045,0.9782082324455206,13,0.03823529411764706,940328.0,52809.0,0.05616019091210726
temporal,341,0.4789325842696629,0.9782082324455206,13,0.03812316715542522,940572.0,52809.0,0.056145622025746036
temporal,342,0.4803370786516854,0.9782082324455206,13,0.038011695906432746,943036.0,52809.0,0.05599892262861651
temporal,343,0.48174157303370785,0.9782082324455206,13,0.037900874635568516,944444.0,52809.0,0.055915438077853215
temporal,344,0.48314606741573035,0.9782082324455206,13,0.0377906976744186,948019.0,52809.0,0.055704579760532225
temporal,345,0.4845505617977528,0.9782082324455206,13,0.03768115942028986,948977.0,52809.0,0.05564834553419103
temporal,346,0.4859550561797753,0.9782082324455206,13,0.03757225433526012,949465.0,52809.0,0.05561974375042787
temporal,347,0.48735955056179775,0.9782082324455206,13,0.037463976945244955,951929.0,52809.0,0.055475776029514805
temporal,348,0.4887640449438202,0.9782082324455206,13,0.03735632183908046,953337.0,52809.0,0.05539384289081405
temporal,349,0.4901685393258427,0.9782082324455206,13,0.03724928366762178,956912.0,52809.0,0.05518689283863093
temporal,350,0.49157303370786515,0.9782082324455206,13,0.037142857142857144,956975.0,52809.0,0.05518325975077719
temporal,351,0.49297752808988765,0.9782082324455206,13,0.037037037037037035,957006.0,52809.0,0.05518147221647513
temporal,352,0.4943820224719101,0.9782082324455206,13,0.036931818181818184,957038.0,52809.0,0.05517962714124204
temporal,353,0.4957865168539326,0.9782082324455206,13,0.036827195467422094,957246.0,52809.0,0.05516763715910017
temporal,354,0.49719101123595505,0.9782082324455206,13,0.03672316384180791,957359.0,52809.0,0.055161125554781434
temporal,355,0.49859550561797755,0.9782082324455206,13,0.036619718309859155,957545.0,52809.0,0.05515041068565968
temporal,356,0.5,0.9782082324455206,13,0.03651685393258427,957630.0,52809.0,0.05514551549136932
temporal,357,0.5014044943820225,0.9782082324455206,13,0.036414565826330535,957734.0,52809.0,0.05513952725913458
temporal,358,0.5028089887640449,0.9782082324455206,13,0.036312849162011177,957842.0,52809.0,0.05513331008663224
temporal,359,0.5042134831460674,0.9782082324455206,13,0.036211699164345405,957957.0,52809.0,0.05512669149032785
temporal,360,0.5056179775280899,0.9782082324455206,13,0.03611111111111111,959201.0,52809.0,0.05505519698165452
temporal,361,0.5070224719101124,0.9782082324455206,13,0.036011080332409975,959702.0,52809.0,0.05502645612909007
temporal,362,0.5084269662921348,0.9782082324455206,13,0.03591160220994475,960139.0,52809.0,0.05500141125399551
temporal,363,0.5098314606741573,0.9782082324455206,13,0.03581267217630854,960348.0,52809.0,0.054989441327518776
temporal,364,0.5112359550561798,0.9782082324455206,13,0.03571428571428571,960648.0,52809.0,0.054972268718614936
temporal,365,0.5126404494382022,0.9782082324455206,13,0.03561643835616438,960999.0,52809.0,0.05495219037688905
temporal,366,0.5140449438202247,0.9782082324455206,13,0.03551912568306011,961776.0,52809.0,0.05490779557818037
temporal,367,0.5154494382022472,0.9782082324455206,13,0.035422343324250684,961898.0,52809.0,0.05490083148109259
temporal,368,0.5168539325842697,0.9782082324455206,13,0.035326086956521736,962194.0,52809.0,0.054883942323481545
temporal,369,0.5182584269662921,0.9782082324455206,13,0.03523035230352303,962414.0,52809.0,0.05487139630138381
temporal,370,0.5196629213483146,0.9782082324455206,13,0.03513513513513514,964070.0,52809.0,0.05477714273859782
temporal,371,0.5210674157303371,0.9782082324455206,13,0.03504043126684636,965684.0,52809.0,0.05468559073154365
temporal,372,0.5224719101123596,0.9782082324455206,13,0.03494623655913978,966289.0,52809.0,0.05465135171775732
temporal,373,0.523876404494382,0.9782082324455206,13,0.03485254691689008,966364.0,52809.0,0.054647110198641505
temporal,374,0.5252808988764045,0.9782082324455206,13,0.034759358288770054,966455.0,52809.0,0.05464196470606495
temporal,375,0.526685393258427,0.9782082324455206,13,0.034666666666666665,966581.0,52809.0,0.05463484177735751
temporal,376,0.5280898876404494,0.9782082324455206,13,0.034574468085106384,966778.0,52809.0,0.05462370885560077
temporal,377,0.5294943820224719,0.9782082324455206,13,0.034482758620689655,971922.0,52809.0,0.054334607098100465
temporal,378,0.5308988764044944,0.9782082324455206,13,0.03439153439153439,972788.0,52809.0,0.05428623708351665
temporal,379,0.5323033707865169,0.9782082324455206,13,0.03430079155672823,999080.0,52809.0,0.0528576290186972
temporal,380,0.5337078651685393,0.9782082324455206,13,0.034210526315789476,1004495.0,52809.0,0.05257268577743045
temporal,381,0.5351123595505618,0.9782082324455206,13,0.03412073490813648,1010295.0,52809.0,0.05227087137915164
temporal,382,0.5365168539325843,0.9782082324455206,13,0.034031413612565446,1010585.0,52809.0,0.05225587159912328
temporal,383,0.5379213483146067,0.9782082324455206,13,0.033942558746736295,1012536.0,52809.0,0.05215518263054351
temporal,384,0.5393258426966292,0.9782082324455206,13,0.033854166666666664,1012994.0,52809.0,0.05213160196407876
temporal,385,0.5407303370786517,0.9782082324455206,13,0.033766233766233764,1012995.0,52809.0,0.05213155050123643
temporal,386,0.5421348314606742,0.9782082324455206,13,0.03367875647668394,1012997.0,52809.0,0.05213144757585659
temporal,387,0.5435393258426966,0.9782082324455206,13,0.03359173126614987,1013044.0,52809.0,0.05212902894642286
temporal,388,0.5449438202247191,0.9782082324455206,13,0.03350515463917526,1013091.0,52809.0,0.0521266105414025
temporal,389,0.5463483146067416,0.9782082324455206,13,0.033419023136246784,1013236.0,52809.0,0.052119150918443484
temporal,390,0.547752808988764,0.9782082324455206,13,0.03333333333333333,1013326.0,52809.0,0.05211452188140835
temporal,391,0.5491573033707865,0.9782082324455206,13,0.03324808184143223,1013553.0,52809.0,0.05210285007296116
temporal,392,0.550561797752809,0.9782082324455206,13,0.03316326530612245,1013712.0,52809.0,0.0520946777783039
temporal,393,0.5519662921348315,0.9782082324455206,13,0.03307888040712468,1013766.0,52809.0,0.05209190286515823
temporal,394,0.5533707865168539,0.9782082324455206,13,0.03299492385786802,1013877.0,52809.0,0.052086199805301825
temporal,395,0.5547752808988764,0.9782082324455206,13,0.03291139240506329,1013930.0,52809.0,0.05208347716311777
temporal,396,0.5561797752808989,0.9782082324455206,13,0.03282828282828283,1016727.0,52809.0,0.051940196335889574
temporal,397,0.5575842696629213,0.9782082324455206,13,0.0327455919395466,1016743.0,52809.0,0.05193937897777511
temporal,398,0.5589887640449438,0.9782082324455206,13,0.032663316582914576,1017339.0,52809.0,0.051908950703747715
temporal,399,0.5603932584269663,0.9782082324455206,13,0.03258145363408521,1017628.0,52809.0,0.051894208885761794
temporal,400,0.5617977528089888,0.9782082324455206,13,0.0325,1017804.0,52809.0,0.051885235271231005
temporal,401,0.5632022471910112,0.9782082324455206,13,0.032418952618453865,1018330.0,52809.0,0.051858434888493905
temporal,402,0.5646067415730337,0.9782082324455206,13,0.03233830845771144,1020156.0,52809.0,0.05176561231811605
temporal,403,0.5660112359550562,0.9782082324455206,13,0.03225806451612903,1021266.0,52809.0,0.051709348984495716
temporal,404,0.5674157303370787,0.9782082324455206,13,0.03217821782178218,1060370.0,52809.0,0.04980242745456775
temporal,405,0.5688202247191011,0.9782082324455206,13,0.03209876543209877,1066858.0,52809.0,0.04949955851669107
temporal,406,0.5702247191011236,0.9782082324455206,13,0.03201970443349754,1066984.0,52809.0,0.0494937131203467
temporal,407,0.5716292134831461,0.9782082324455206,13,0.03194103194103194,1090304.0,52809.0,0.04843511534397746
temporal,408,0.5730337078651685,0.9782082324455206,13,0.031862745098039214,1090958.0,52809.0,0.04840607979408923
temporal,409,0.574438202247191,0.9782082324455206,13,0.03178484107579462,1091062.0,52809.0,0.048401465727887144
temporal,410,0.5758426966292135,0.9782082324455206,13,0.03170731707317073,1091199.0,52809.0,0.04839538892539308
temporal,411,0.577247191011236,0.9782082324455206,13,0.031630170316301706,1091914.0,52809.0,0.04836369897262971
temporal,412,0.5786516853932584,0.9782082324455206,13,0.03155339805825243,1093647.0,52809.0,0.04828706154728171
temporal,413,0.5800561797752809,0.9782082324455206,13,0.031476997578692496,1095513.0,52809.0,0.04820481363525581
temporal,414,0.5814606741573034,0.9782082324455206,13,0.03140096618357488,1095947.0,52809.0,0.04818572430966096
temporal,415,0.5828651685393258,0.9782082324455206,13,0.03132530120481928,1096663.0,52809.0,0.04815426434556468
temporal,416,0.5842696629213483,0.9782082324455206,13,0.03125,1096889.0,52809.0,0.0481443427730609
temporal,417,0.5856741573033708,0.9782082324455206,13,0.03117505995203837,1097156.0,52809.0,0.048132626536244616
temporal,418,0.5870786516853933,0.9782082324455206,13,0.03110047846889952,1099883.0,52809.0,0.048013288686160255
temporal,419,0.5884831460674157,0.9782082324455206,13,0.031026252983293555,1101244.0,52809.0,0.04795395025988791
temporal,420,0.5898876404494382,0.9782082324455206,13,0.030952380952380953,1101432.0,52809.0,0.047945765149369185
temporal,421,0.5912921348314607,0.9782082324455206,13,0.030878859857482184,1102067.0,52809.0,0.04791813927828344
temporal,422,0.5926966292134831,0.9782082324455206,13,0.030805687203791468,1103094.0,52809.0,0.047873526644148186
temporal,423,0.5941011235955056,0.9782082324455206,13,0.030732860520094562,1105553.0,52809.0,0.04776704508965197
temporal,424,0.5955056179775281,0.9782082324455206,13,0.030660377358490566,1106164.0,52809.0,0.04774066051688538
temporal,425,0.5969101123595506,0.9782082324455206,13,0.03058823529411765,1106289.0,52809.0,0.04773526628213785
temporal,426,0.598314606741573,0.9782082324455206,13,0.03051643192488263,1106559.0,52809.0,0.047723618894247845
temporal,427,0.5997191011235955,0.9782082324455206,13,0.03044496487119438,1106643.0,52809.0,0.04771999642161022
temporal,428,0.601123595505618,0.9782082324455206,13,0.030373831775700934,1108279.0,52809.0,0.047649553948058206
temporal,429,0.6025280898876404,0.9782082324455206,13,0.030303030303030304,1128065.0,52809.0,0.046813791758453634
temporal,430,0.6039325842696629,0.9782082324455206,13,0.030232558139534883,1131598.0,52809.0,0.04666763285194919
temporal,431,0.6053370786516854,0.9782082324455206,13,0.030162412993039442,1131937.0,52809.0,0.046653656519753305
temporal,432,0.6067415730337079,0.9782082324455206,13,0.03009259259259259,1132451.0,52809.0,0.046632481228768397
temporal,433,0.6081460674157303,0.9782082324455206,13,0.03002309468822171,1132482.0,52809.0,0.046631204734379886
temporal,434,0.6095505617977528,0.9782082324455206,13,0.029953917050691243,1132584.0,52809.0,0.04662700514928694
temporal,435,0.6109550561797753,0.9782082324455206,13,0.029885057471264367,1133098.0,52809.0,0.04660585403910342
temporal,436,0.6123595505617978,0.9782082324455206,13,0.02981651376146789,1133170.0,52809.0,0.04660289276984036
temporal,437,0.6137640449438202,0.9782082324455206,13,0.029748283752860413,1133383.0,52809.0,0.04659413455116232
temporal,438,0.6151685393258427,0.9782082324455206,13,0.02968036529680365,1133477.0,52809.0,0.0465902704686553
temporal,439,0.6165730337078652,0.9782082324455206,13,0.029612756264236904,1133563.0,52809.0,0.046586735805597045
temporal,440,0.6179775280898876,0.9782082324455206,13,0.029545454545454545,1134466.0,52809.0,0.04654965419853922
temporal,441,0.6193820224719101,0.9782082324455206,13,0.02947845804988662,1134542.0,52809.0,0.046546535959003724
temporal,442,0.6207865168539326,0.9782082324455206,13,0.029411764705882353,1134783.0,52809.0,0.04653665061954576
temporal,443,0.6221910112359551,0.9782082324455206,13,0.029345372460496615,1135302.0,52809.0,0.046515376525365054
temporal,444,0.6235955056179775,0.9782082324455206,13,0.02927927927927928,1135617.0,52809.0,0.046502473985507435
temporal,445,0.625,0.9782082324455206,13,0.029213483146067417,1135925.0,52809.0,0.04648986508792394
temporal,446,0.6264044943820225,0.9782082324455206,13,0.02914798206278027,1135986.0,52809.0,0.04648736868236052
temporal,447,0.6278089887640449,0.9782082324455206,13,0.029082774049217,1136024.0,52809.0,0.046485813679992674
temporal,448,0.6292134831460674,0.9782082324455206,13,0.029017857142857144,1136042.0,52809.0,0.046485077136232636
temporal,449,0.6306179775280899,0.9782082324455206,13,0.028953229398663696,1136539.0,52809.0,0.046464749559847925
temporal,450,0.6320224719101124,0.9782082324455206,13,0.028888888888888888,1136640.0,52809.0,0.04646062077702703
temporal,451,0.6334269662921348,0.9782082324455206,13,0.028824833702882482,1137402.0,52809.0,0.046429494585027986
temporal,452,0.6348314606741573,0.9782082324455206,13,0.028761061946902654,1137439.0,52809.0,0.046427984269925685
temporal,453,0.6362359550561798,0.9782082324455206,13,0.02869757174392936,1137619.0,52809.0,0.0464206381925759
temporal,454,0.6376404494382022,0.9782082324455206,13,0.028634361233480177,1138038.0,52809.0,0.046403547157476285
temporal,455,0.6390449438202247,0.9782082324455206,13,0.02857142857142857,1142103.0,52809.0,0.0462383865553282
temporal,456,0.6404494382022472,0.9782082324455206,13,0.02850877192982456,1142193.0,52809.0,0.046234743165121835
temporal,457,0.6418539325842697,0.9782082324455206,13,0.028446389496717725,1143427.0,52809.0,0.0461848460811228
temporal,458,0.6432584269662921,0.9782082324455206,13,0.028384279475982533,1144105.0,52809.0,0.046157476805013524
temporal,459,0.6446629213483146,0.9782082324455206,13,0.02832244008714597,1144244.0,52809.0,0.04615186970611163
temporal,460,0.6460674157303371,0.9782082324455206,13,0.02826086956521739,1144641.0,52809.0,0.046135862685331035
temporal,461,0.6474719101123596,0.9782082324455206,13,0.028199566160520606,1144708.0,52809.0,0.04613316234358456
temporal,462,0.648876404494382,0.9782082324455206,13,0.02813852813852814,1144773.0,52809.0,0.04613054291112736
temporal,463,0.6502808988764045,0.9782082324455206,13,0.028077753779697623,1144833.0,52809.0,0.04612812523748005
temporal,464,0.651685393258427,0.9782082324455206,13,0.028017241379310345,1144872.0,52809.0,0.04612655388549986
temporal,465,0.6530898876404494,0.9782082324455206,13,0.02795698924731183,1145312.0,52809.0,0.04610883322623006
temporal,466,0.6544943820224719,0.9782082324455206,13,0.027896995708154508,1146299.0,52809.0,0.04606913205018935
temporal,467,0.6558988764044944,0.9782082324455206,13,0.027837259100642397,1163965.0,52809.0,0.045369920916866056
temporal,468,0.6573033707865169,0.9782082324455206,13,0.027777777777777776,1166085.0,52809.0,0.04528743616460207
temporal,469,0.6587078651685393,0.9782082324455206,13,0.02771855010660981,1168629.0,52809.0,0.045188849498001504
temporal,470,0.6601123595505618,0.9782082324455206,13,0.027659574468085105,1169265.0,52809.0,0.04516426986183628
temporal,471,0.6615168539325843,0.9782082324455206,13,0.027600849256900213,1192585.0,52809.0,0.0442811204232822
temporal,472,0.6629213483146067,0.9782082324455206,13,0.02754237288135593,1215198.0,52809.0,0.04345711563053922
temporal,473,0.6643258426966292,0.9782082324455206,13,0.02748414376321353,1215834.0,52809.0,0.04343438331219558
temporal,474,0.6657303370786517,0.9782082324455206,13,0.027426160337552744,1239154.0,52809.0,0.04261697900341685
temporal,475,0.6671348314606742,0.9782082324455206,13,0.02736842105263158,1262474.0,52809.0,0.041829772335905534
temporal,476,0.6685393258426966,0.9782082324455206,13,0.0273109243697479,1262717.0,52809.0,0.041821722523732556
temporal,477,0.6699438202247191,0.9782082324455206,13,0.027253668763102725,1265175.0,52809.0,0.0417404706858735
temporal,478,0.6713483146067416,0.9782082324455206,13,0.027196652719665274,1270091.0,52809.0,0.041578910487516246
temporal,479,0.672752808988764,0.9782082324455206,13,0.027139874739039668,1270744.0,52809.0,0.04155754424179851
temporal,480,0.6741573033707865,0.9782082324455206,13,0.027083333333333334,1272689.0,52809.0,0.04149403349915023
temporal,481,0.675561797752809,0.9782082324455206,13,0.02702702702702703,1272825.0,52809.0,0.04148959990572153
temporal,482,0.6769662921348315,0.9782082324455206,13,0.026970954356846474,1292377.0,52809.0,0.040861915679403144
temporal,483,0.6783707865168539,0.9782082324455206,13,0.026915113871635612,1331481.0,52809.0,0.03966185022542567
temporal,484,0.6797752808988764,0.9782082324455206,13,0.026859504132231406,1337055.0,52809.0,0.039496505379359864
temporal,485,0.6811797752808989,0.9782082324455206,13,0.026804123711340205,1340501.0,52809.0,0.03939497247670833
temporal,486,0.6825842696629213,0.9782082324455206,13,0.026748971193415638,1340759.0,52809.0,0.03938739176839387
temporal,487,0.6839887640449438,0.9782082324455206,13,0.026694045174537988,1340855.0,52809.0,0.03938457178442113
temporal,488,0.6853932584269663,0.9782082324455206,13,0.02663934426229508,1341003.0,52809.0,0.03938022510016756
temporal,489,0.6867977528089888,0.9782082324455206,13,0.026584867075664622,1364323.0,52809.0,0.03870710968003911
temporal,490,0.6882022471910112,0.9782082324455206,13,0.026530612244897958,1377690.0,52809.0,0.03833155499422947
temporal,491,0.6896067415730337,0.9782082324455206,13,0.026476578411405296,1391592.0,52809.0,0.03794862287222117
temporal,492,0.6910112359550562,0.9782082324455206,14,0.028455284552845527,1394923.0,56140.0,0.04024594905955382
temporal,493,0.6924157303370787,0.9782082324455206,14,0.028397565922920892,1408290.0,56140.0,0.03986394847652117
temporal,494,0.6938202247191011,0.9782082324455206,14,0.02834008097165992,1422192.0,56140.0,0.03947427632837198
temporal,495,0.6952247191011236,0.9782082324455206,14,0.028282828282828285,1426565.0,56140.0,0.0393532716700606
temporal,496,0.6966292134831461,0.9782082324455206,14,0.028225806451612902,1447765.0,56140.0,0.03877701146249564
temporal,497,0.6980337078651685,0.9782082324455206,14,0.028169014084507043,1449178.0,56140.0,0.038739202499623926
temporal,498,0.699438202247191,0.9782082324455206,14,0.028112449799196786,1449814.0,56140.0,0.03872220850398741
temporal,499,0.7008426966292135,0.9782082324455206,14,0.028056112224448898,1461827.0,56140.0,0.03840399718981795
temporal,500,0.702247191011236,0.9782082324455206,14,0.028,1473133.0,56140.0,0.03810925422212387
temporal,501,0.7036516853932584,0.9782082324455206,14,0.027944111776447105,1473818.0,56140.0,0.03809154183216652
temporal,502,0.7050561797752809,0.9782082324455206,14,0.027888446215139442,1474168.0,56140.0,0.038082498059922615
temporal,503,0.7064606741573034,0.9782082324455206,14,0.027833001988071572,1474398.0,56140.0,0.03807655734747334
temporal,504,0.7078651685393258,0.9782082324455206,14,0.027777777777777776,1474527.0,56140.0,0.03807322619389133
temporal,505,0.7092696629213483,0.9782082324455206,14,0.027722772277227723,1474681.0,56140.0,0.03806925023106692
temporal,506,0.7106741573033708,0.9782082324455206,14,0.02766798418972332,1474811.0,56140.0,0.03806589454513155
temporal,507,0.7120786516853933,0.9782082324455206,14,0.027613412228796843,1475428.0,56140.0,0.03804997600696205
temporal,508,0.7134831460674157,0.9782082324455206,14,0.027559055118110236,1475559.0,56140.0,0.03804659793339338
temporal,509,0.7148876404494382,0.9782082324455206,14,0.0275049115913556,1475578.0,56140.0,0.03804610803359768
temporal,510,0.7162921348314607,0.9782082324455206,14,0.027450980392156862,1475980.0,56140.0,0.03803574574181222
temporal,511,0.7176966292134831,0.9782082324455206,14,0.0273972602739726,1476010.0,56140.0,0.03803497266278684
temporal,512,0.7191011235955056,0.9782082324455206,14,0.02734375,1476057.0,56140.0,0.0380337615688283
temporal,513,0.7205056179775281,0.9782082324455206,14,0.02729044834307992,1476088.0,56140.0,0.038032962804385645
temporal,514,0.7219101123595506,0.9782082324455206,14,0.027237354085603113,1476174.0,56140.0,0.038030747052854204
temporal,515,0.723314606741573,0.9782082324455206,14,0.027184466019417475,1476209.0,56140.0,0.03802984536742426
temporal,516,0.7247191011235955,0.9782082324455206,14,0.027131782945736434,1476270.0,56140.0,0.03802827396072534
temporal,517,0.726123595505618,0.9782082324455206,14,0.027079303675048357,1476751.0,56140.0,0.03801588758023526
temporal,518,0.7275280898876404,0.9782082324455206,14,0.02702702702702703,1477072.0,56140.0,0.038007625897721976
temporal,519,0.7289325842696629,0.9782082324455206,14,0.02697495183044316,1477203.0,56140.0,0.03800425533931356
temporal,520,0.7303370786516854,0.9782082324455206,14,0.026923076923076925,1477744.0,56140.0,0.03799034203488561
temporal,521,0.7317415730337079,0.9782082324455206,14,0.026871401151631478,1477780.0,56140.0,0.037989416557268334
temporal,522,0.7331460674157303,0.9782082324455206,15,0.028735632183908046,1479177.0,57537.0,0.03889798178311318
temporal,523,0.7345505617977528,0.9782082324455206,15,0.028680688336520075,1501083.0,57537.0,0.0383303255049854
temporal,524,0.7359550561797753,0.9782082324455206,15,0.02862595419847328,1515923.0,57537.0,0.037955094025224234
temporal,525,0.7373595505617978,0.9782082324455206,15,0.02857142857142857,1522283.0,57537.0,0.037796520095146564
temporal,526,0.7387640449438202,0.9782082324455206,15,0.028517110266159697,1523089.0,57537.0,0.03777651864073603
temporal,527,0.7401685393258427,0.9782082324455206,15,0.028462998102466792,1523130.0,57537.0,0.037775501762817354
temporal,528,0.7415730337078652,0.9782082324455206,15,0.028409090909090908,1523517.0,57537.0,0.0377659061237912
temporal,529,0.7429775280898876,0.9782082324455206,15,0.02835538752362949,1523541.0,57537.0,0.03776531120593407
temporal,530,0.7443820224719101,0.9782082324455206,15,0.02830188679245283,1523962.0,57537.0,0.037754878402479854
temporal,531,0.7457865168539326,0.9782082324455206,15,0.02824858757062147,1525632.0,57537.0,0.03771355084319154
temporal,532,0.7471910112359551,0.9782082324455206,15,0.02819548872180451,1525670.0,57537.0,0.03771261150838648
temporal,533,0.7485955056179775,0.9782082324455206,15,0.028142589118198873,1525751.0,57537.0,0.03771060939825699
temporal,534,0.75,0.9782082324455206,15,0.028089887640449437,1526413.0,57537.0,0.03769425443834663
temporal,535,0.7514044943820225,0.9782082324455206,15,0.028037383177570093,1526491.0,57537.0,0.037692328353065956
temporal,536,0.7528089887640449,0.9782082324455206,15,0.027985074626865673,1526569.0,57537.0,0.03769040246461182
temporal,537,0.7542134831460674,0.9782082324455206,15,0.027932960893854747,1526650.0,57537.0,0.037688402711819995
temporal,538,0.7556179775280899,0.9782082324455206,15,0.027881040892193308,1526924.0,57537.0,0.037681639688681295
temporal,539,0.7570224719101124,0.9782082324455206,15,0.027829313543599257,1550244.0,57537.0,0.03711480257301431
temporal,540,0.7584269662921348,0.9782082324455206,15,0.027777777777777776,1550565.0,57537.0,0.03710711901790638
temporal,541,0.7598314606741573,0.9782082324455206,15,0.027726432532347505,1573885.0,57537.0,0.03655730882497768
temporal,542,0.7612359550561798,0.9782082324455206,15,0.027675276752767528,1574643.0,57537.0,0.03653971090590057
temporal,543,0.7626404494382022,0.9782082324455206,15,0.027624309392265192,1588464.0,57537.0,0.03622178406309491
temporal,544,0.7640449438202247,0.9782082324455206,15,0.027573529411764705,1589716.0,57537.0,0.03619325716039846
temporal,545,0.7654494382022472,0.9782082324455206,16,0.029357798165137616,1596626.0,64447.0,0.04036449362593369
temporal,546,0.7668539325842697,0.9782082324455206,16,0.029304029304029304,1608639.0,64447.0,0.04006305951801492
temporal,547,0.7682584269662921,0.9782082324455206,16,0.029250457038391225,1609158.0,64447.0,0.04005013802249375
temporal,548,0.7696629213483146,0.9782082324455206,16,0.029197080291970802,1628238.0,64447.0,0.03958082295094452
temporal,549,0.7710674157303371,0.9782082324455206,16,0.029143897996357013,1632478.0,64447.0,0.03947802053075141
temporal,550,0.7724719101123596,0.9782082324455206,16,0.02909090909090909,1633059.0,64447.0,0.03946397527584735
temporal,551,0.773876404494382,0.9782082324455206,16,0.029038112522686024,1633069.0,64447.0,0.03946373362056349
temporal,552,0.7752808988764045,0.9782082324455206,16,0.028985507246376812,1633846.0,64447.0,0.03944496604943183
temporal,553,0.776685393258427,0.9782082324455206,16,0.028933092224231464,1634556.0,64447.0,0.03942783238995788
temporal,554,0.7780898876404494,0.9782082324455206,16,0.02888086642599278,1634949.0,64447.0,0.03941835494562827
temporal,555,0.7794943820224719,0.9782082324455206,16,0.02882882882882883,1635151.0,64447.0,0.03941348536006766
temporal,556,0.7808988764044944,0.9782082324455206,16,0.02877697841726619,1635708.0,64447.0,0.039400064070115204
temporal,557,0.7823033707865169,0.9782082324455206,16,0.02872531418312388,1638505.0,64447.0,0.03933280643025197
temporal,558,0.7837078651685393,0.9782082324455206,16,0.02867383512544803,1639098.0,64447.0,0.0393185764365523
temporal,559,0.7851123595505618,0.9782082324455206,16,0.028622540250447227,1639320.0,64447.0,0.039313251836127175
temporal,560,0.7865168539325843,0.9782082324455206,16,0.02857142857142857,1639616.0,64447.0,0.03930615461181155
temporal,561,0.7879213483146067,0.9782082324455206,16,0.0285204991087344,1640037.0,64447.0,0.039296064661955794
temporal,562,0.7893258426966292,0.9782082324455206,16,0.028469750889679714,1640077.0,64447.0,0.03929510626635213
temporal,563,0.7907303370786517,0.9782082324455206,16,0.028419182948490232,1640107.0,64447.0,0.039294387500327724
temporal,564,0.7921348314606742,0.9782082324455206,16,0.028368794326241134,1640122.0,64447.0,0.0392940281271759
temporal,565,0.7935393258426966,0.9782082324455206,16,0.02831858407079646,1640192.0,64447.0,0.0392923511393788
temporal,566,0.7949438202247191,0.9782082324455206,16,0.028268551236749116,1640710.0,64447.0,0.03927994587708979
temporal,567,0.7963483146067416,0.9782082324455206,16,0.02821869488536155,1641323.0,64447.0,0.03926527563435107
temporal,568,0.797752808988764,0.9782082324455206,16,0.028169014084507043,1644975.0,64447.0,0.03917810301068405
temporal,569,0.7991573033707865,0.9782082324455206,16,0.028119507908611598,1645498.0,64447.0,0.039165650763477076
temporal,570,0.800561797752809,0.9782082324455206,16,0.028070175438596492,1645871.0,64447.0,0.03915677474115529
temporal,571,0.8019662921348315,0.9782082324455206,16,0.028021015761821366,1645994.0,64447.0,0.03915384867745569
temporal,572,0.8033707865168539,0.9782082324455206,16,0.027972027972027972,1646134.0,64447.0,0.03915051873055292
temporal,573,0.8047752808988764,0.9782082324455206,17,0.029668411867364748,1646463.0,64776.0,0.03934251787012523
temporal,574,0.8061797752808989,0.9782082324455206,18,0.0313588850174216,1647479.0,65792.0,0.03993495516483063
temporal,575,0.8075842696629213,0.9782082324455206,18,0.03130434782608696,1647860.0,65792.0,0.039925721845302395
temporal,576,0.8089887640449438,0.9782082324455206,18,0.03125,1648025.0,65792.0,0.03992172448840278
temporal,577,0.8103932584269663,0.9782082324455206,18,0.03119584055459272,1648532.0,65792.0,0.03990944670773755
temporal,578,0.8117977528089888,0.9782082324455206,18,0.031141868512110725,1648829.0,65792.0,0.03990225790545897
temporal,579,0.8132022471910112,0.9782082324455206,18,0.031088082901554404,1648878.0,65792.0,0.03990107212298302
temporal,580,0.8146067415730337,0.9782082324455206,18,0.03103448275862069,1649144.0,65792.0,0.039894636247653326
temporal,581,0.8160112359550562,0.9782082324455206,18,0.03098106712564544,1649185.0,65792.0,0.03989364443649439
temporal,582,0.8174157303370787,0.9782082324455206,18,0.030927835051546393,1659785.0,65792.0,0.039638868889645344
temporal,583,0.8188202247191011,0.9782082324455206,18,0.030874785591766724,1661198.0,65792.0,0.039605152426140655
temporal,584,0.8202247191011236,0.9782082324455206,18,0.030821917808219176,1663625.0,65792.0,0.03954737395747239
temporal,585,0.8216292134831461,0.9782082324455206,18,0.03076923076923077,1666052.0,65792.0,0.039489763824898626
temporal,586,0.8230337078651685,0.9782082324455206,18,0.030716723549488054,1666301.0,65792.0,0.03948386275948943
temporal,587,0.824438202247191,0.9782082324455206,18,0.030664395229982964,1667563.0,65792.0,0.039453981648669346
temporal,588,0.8258426966292135,0.9782082324455206,18,0.030612244897959183,1667718.0,65792.0,0.03945031474146109
temporal,589,0.827247191011236,0.9782082324455206,18,0.030560271646859084,1669332.0,65792.0,0.03941217205445052
temporal,590,0.8286516853932584,0.9782082324455206,18,0.030508474576271188,1669350.0,65792.0,0.03941174708718963
temporal,591,0.8300561797752809,0.9782082324455206,18,0.030456852791878174,1669371.0,65792.0,0.03941125130363472
temporal,592,0.8314606741573034,0.9782082324455206,18,0.030405405405405407,1669392.0,65792.0,0.03941075553255317
temporal,593,0.8328651685393258,0.9782082324455206,18,0.03035413153456998,1669433.0,65792.0,0.039409787634484286
temporal,594,0.8342696629213483,0.9782082324455206,18,0.030303030303030304,1669694.0,65792.0,0.039403627251460446
temporal,595,0.8356741573033708,0.9782082324455206,18,0.030252100840336135,1670363.0,65792.0,0.03938784563594859
temporal,596,0.8370786516853933,0.9782082324455206,18,0.030201342281879196,1671174.0,65792.0,0.0393687312033337
temporal,597,0.8384831460674157,0.9782082324455206,18,0.03015075376884422,1671376.0,65792.0,0.039363973157446316
temporal,598,0.8398876404494382,0.9782082324455206,18,0.030100334448160536,1671764.0,65792.0,0.03935483716601147
temporal,599,0.8412921348314607,0.9782082324455206,18,0.03005008347245409,1671807.0,65792.0,0.039353824933141206
temporal,600,0.8426966292134831,0.9782082324455206,18,0.03,1671814.0,65792.0,0.03935366015597429
temporal,601,0.8441011235955056,0.9782082324455206,18,0.029950083194675542,1672011.0,65792.0,0.039349023421496626
temporal,602,0.8455056179775281,0.9782082324455206,18,0.029900332225913623,1672284.0,65792.0,0.0393425997019645
temporal,603,0.8469101123595506,0.9782082324455206,18,0.029850746268656716,1672418.0,65792.0,0.03933944743479202
temporal,604,0.848314606741573,0.9782082324455206,18,0.029801324503311258,1672440.0,65792.0,0.039338929946664755
temporal,605,0.8497191011235955,0.9782082324455206,18,0.02975206611570248,1672500.0,65792.0,0.03933751868460389
temporal,606,0.851123595505618,0.9782082324455206,18,0.0297029702970297,1672598.0,65792.0,0.03933521384098271
temporal,607,0.8525280898876404,0.9782082324455206,18,0.029654036243822075,1672639.0,65792.0,0.03933424964980489
temporal,608,0.8539325842696629,0.9782082324455206,18,0.029605263157894735,1672668.0,65792.0,0.03933356768946378
temporal,609,0.8553370786516854,0.9782082324455206,18,0.029556650246305417,1672698.0,65792.0,0.03933286223813265
temporal,610,0.8567415730337079,0.9782082324455206,18,0.029508196721311476,1673173.0,65792.0,0.03932169596329847
temporal,611,0.8581460674157303,0.9782082324455206,18,0.029459901800327332,1673265.0,65792.0,0.03931953396503244
temporal,612,0.8595505617977528,0.9782082324455206,18,0.029411764705882353,1673575.0,65792.0,0.03931225072076244
temporal,613,0.8609550561797753,0.9782082324455206,18,0.02936378466557912,1674302.0,65792.0,0.039295180917182204
temporal,614,0.8623595505617978,0.9782082324455206,18,0.029315960912052116,1674333.0,65792.0,0.03929445337337316
temporal,615,0.8637640449438202,0.9782082324455206,18,0.02926829268292683,1676605.0,65792.0,0.039241204696395394
temporal,616,0.8651685393258427,0.9782082324455206,18,0.02922077922077922,1677231.0,65792.0,0.039226558536063307
temporal,617,0.8665730337078652,0.9782082324455206,18,0.029173419773095625,1677237.0,65792.0,0.039226418210425835
temporal,618,0.8679775280898876,0.9782082324455206,18,0.02912621359223301,1677401.0,65792.0,0.03922258303172586
temporal,619,0.8693820224719101,0.9782082324455206,18,0.029079159935379646,1677718.0,65792.0,0.039215172037255365
temporal,620,0.8707865168539326,0.9782082324455206,18,0.02903225806451613,1677892.0,65792.0,0.039211105363158055
temporal,621,0.8721910112359551,0.9782082324455206,18,0.028985507246376812,1678668.0,65792.0,0.03919297919540969
temporal,622,0.8735955056179775,0.9782082324455206,18,0.028938906752411574,1679902.0,65792.0,0.03916418933961624
temporal,623,0.875,0.9782082324455206,18,0.028892455858747994,1680210.0,65792.0,0.039157010135637806
temporal,624,0.8764044943820225,0.9782082324455206,18,0.028846153846153848,1681794.0,65792.0,0.03912013005159966
temporal,625,0.8778089887640449,0.9782082324455206,18,0.0288,1681815.0,65792.0,0.03911964157770028
temporal,626,0.8792134831460674,0.9782082324455206,18,0.02875399361022364,1682106.0,65792.0,0.03911287398059338
temporal,627,0.8806179775280899,0.9782082324455206,18,0.028708133971291867,1682142.0,65792.0,0.03911203691483834
temporal,628,0.8820224719101124,0.9782082324455206,18,0.028662420382165606,1682584.0,65792.0,0.039101762527160605
temporal,629,0.8834269662921348,0.9782082324455206,18,0.028616852146263912,1684066.0,65792.0,0.03906735246718359
temporal,630,0.8848314606741573,0.9560439560439561,18,0.02857142857142857,1691678.0,65792.0,0.03889156210579082
temporal,631,0.8862359550561798,0.9560439560439561,18,0.028526148969889066,1695510.0,65792.0,0.038803663794374554
temporal,632,0.8876404494382022,0.9560439560439561,18,0.028481012658227847,1725820.0,65792.0,0.03812216801288663
temporal,633,0.8890449438202247,0.9560439560439561,18,0.02843601895734597,1726385.0,65792.0,0.03810969163888704
temporal,634,0.8904494382022472,0.9560439560439561,18,0.028391167192429023,1733081.0,65792.0,0.03796244953351863
temporal,635,0.8918539325842697,0.9560439560439561,18,0.028346456692913385,1759519.0,65792.0,0.03739203725563634
temporal,636,0.8932584269662921,0.9560439560439561,18,0.02830188679245283,1764247.0,65792.0,0.03729183045231195
temporal,637,0.8946629213483146,0.9560439560439561,18,0.0282574568288854,1769933.0,65792.0,0.03717202854571331
temporal,638,0.8960674157303371,0.9560439560439561,18,0.02821316614420063,1772031.0,65792.0,0.03712801864075741
temporal,639,0.8974719101123596,0.9560439560439561,18,0.028169014084507043,1773560.0,65792.0,0.03709601028439974
temporal,640,0.898876404494382,0.9560439560439561,18,0.028125,1775703.0,65792.0,0.03705124111408271
temporal,641,0.9002808988764045,0.9560439560439561,18,0.028081123244929798,1776216.0,65792.0,0.03704054011449058
temporal,642,0.901685393258427,0.9560439560439561,18,0.028037383177570093,1776290.0,65792.0,0.03703899701062326
temporal,643,0.9030898876404494,0.9560439560439561,18,0.027993779160186624,1777227.0,65792.0,0.037019469094268766
temporal,644,0.9044943820224719,0.9560439560439561,18,0.027950310559006212,1778398.0,65792.0,0.03699509333681212
temporal,645,0.9058988764044944,0.9560439560439561,18,0.027906976744186046,1784070.0,65792.0,0.036877476780619596
temporal,646,0.9073033707865169,0.9560439560439561,18,0.02786377708978328,1805027.0,65792.0,0.036449316270615345
temporal,647,0.9087078651685393,0.9560439560439561,18,0.027820710973724884,1805383.0,65792.0,0.03644212890007273
temporal,648,0.9101123595505618,0.9560439560439561,18,0.027777777777777776,1812782.0,65792.0,0.036293387732225936
temporal,649,0.9115168539325843,0.9560439560439561,18,0.02773497688751926,1812851.0,65792.0,0.03629200634801205
temporal,650,0.9129213483146067,0.9560439560439561,18,0.027692307692307693,1813267.0,65792.0,0.036283680230214305
temporal,651,0.9143258426966292,0.9560439560439561,18,0.027649769585253458,1814106.0,65792.0,0.03626689950862849
temporal,652,0.9157303370786517,0.9560439560439561,18,0.027607361963190184,1822417.0,65792.0,0.036101506954774897
temporal,653,0.9171348314606742,0.9560439560439561,18,0.027565084226646247,1822749.0,65792.0,0.03609493133722745
temporal,654,0.9185393258426966,0.9560439560439561,18,0.027522935779816515,1822810.0,65792.0,0.03609372342701653
temporal,655,0.9199438202247191,0.9560439560439561,18,0.02748091603053435,1823174.0,65792.0,0.03608651724958781
temporal,656,0.9213483146067416,0.9560439560439561,19,0.028963414634146343,1823792.0,66410.0,0.036413143604095206
temporal,657,0.922752808988764,0.9560439560439561,19,0.0289193302891933,1829233.0,66410.0,0.03630483377459296
temporal,658,0.9241573033707865,0.9560439560439561,19,0.028875379939209727,1899433.0,66410.0,0.03496306529369554
temporal,659,0.925561797752809,0.9560439560439561,19,0.028831562974203338,1902648.0,66410.0,0.034903986444155724
temporal,660,0.9269662921348315,0.9560439560439561,19,0.02878787878787879,1907556.0,66410.0,0.03481418107777701
temporal,661,0.9283707865168539,0.9560439560439561,19,0.028744326777609682,1910575.0,66410.0,0.034759169360009425
temporal,662,0.9297752808988764,0.9560439560439561,19,0.028700906344410877,1914431.0,66410.0,0.03468915829298627
temporal,663,0.9311797752808989,0.9560439560439561,19,0.02865761689291101,1916968.0,66410.0,0.03464324913091924
temporal,664,0.9325842696629213,0.9560439560439561,19,0.0286144578313253,1920901.0,66410.0,0.034572317886241925
temporal,665,0.9339887640449438,0.9560439560439561,19,0.02857142857142857,1923415.0,66410.0,0.034527130130523054
temporal,666,0.9353932584269663,0.9560439560439561,19,0.028528528528528527,1923477.0,66410.0,0.034526017207380175
temporal,667,0.9367977528089888,0.9560439560439561,19,0.02848575712143928,1924266.0,66410.0,0.03451186062633752
temporal,668,0.9382022471910112,0.9560439560439561,19,0.02844311377245509,1924361.0,66410.0,0.03451015687804939
temporal,669,0.9396067415730337,0.9560439560439561,19,0.028400597907324365,1924456.0,66410.0,0.03450845329797096
temporal,670,0.9410112359550562,0.9560439560439561,19,0.028358208955223882,1925095.0,66410.0,0.034496998849407434
temporal,671,0.9424157303370787,0.9560439560439561,19,0.028315946348733235,1925317.0,66410.0,0.03449302114924451
temporal,672,0.9438202247191011,0.9560439560439561,19,0.028273809523809524,1925340.0,66410.0,0.03449260909761393
temporal,673,0.9452247191011236,0.9560439560439561,19,0.02823179791976226,1925399.0,66410.0,0.034491552140621246
temporal,674,0.9466292134831461,0.9560439560439561,19,0.028189910979228485,1926502.0,66410.0,0.03447180433760256
temporal,675,0.9480337078651685,0.9560439560439561,19,0.028148148148148148,1926522.0,66410.0,0.03447144647193232
temporal,676,0.949438202247191,0.9560439560439561,19,0.028106508875739646,1926617.0,66410.0,0.03446974671146367
temporal,677,0.9508426966292135,0.9560439560439561,19,0.028064992614475627,1926989.0,66410.0,0.03446309242035113
temporal,678,0.952247191011236,0.9560439560439561,19,0.028023598820058997,1927169.0,66410.0,0.03445987352432506
temporal,679,0.9536516853932584,0.9560439560439561,19,0.027982326951399118,1927292.0,66410.0,0.034457674291181614
temporal,680,0.9550561797752809,0.9560439560439561,19,0.027941176470588237,1927343.0,66410.0,0.0344567624963486
temporal,681,0.9564606741573034,0.912408552044181,19,0.027900146842878122,1927530.0,66410.0,0.03445341966143199
temporal,682,0.9578651685393258,0.9041095890410958,19,0.02785923753665689,1928155.0,66410.0,0.03444225178992353
temporal,683,0.9592696629213483,0.9041095890410958,19,0.027818448023426062,1929039.0,66410.0,0.0344264683088315
temporal,684,0.9606741573033708,0.9041095890410958,19,0.027777777777777776,1929423.0,66410.0,0.034419616641866504
temporal,685,0.9620786516853933,0.9041095890410958,19,0.027737226277372264,1931948.0,66410.0,0.034374631201253864
temporal,686,0.9634831460674157,0.9041095890410958,19,0.027696793002915453,1956034.0,66410.0,0.03395135258385079
temporal,687,0.9648876404494382,0.9041095890410958,19,0.027656477438136828,1957506.0,66410.0,0.03392582193873225
temporal,688,0.9662921348314607,0.9041095890410958,20,0.029069767441860465,1958087.0,66991.0,0.03421247370520309
temporal,689,0.9676966292134831,0.9041095890410958,20,0.02902757619738752,1958395.0,66991.0,0.034207093053240024
temporal,690,0.9691011235955056,0.9041095890410958,21,0.030434782608695653,1994040.0,102636.0,0.05147138472648492
temporal,691,0.9705056179775281,0.9041095890410958,21,0.030390738060781478,1997527.0,102636.0,0.05138153326588327
temporal,692,0.9719101123595506,0.9041095890410958,21,0.030346820809248554,2020111.0,102636.0,0.05080710911430115
temporal,693,0.973314606741573,0.9041095890410958,22,0.031746031746031744,2063634.0,146159.0,0.070826028258887
temporal,694,0.9747191011235955,0.9041095890410958,23,0.03314121037463977,2065117.0,147642.0,0.07149328585256913
temporal,695,0.976123595505618,0.9041095890410958,23,0.033093525179856115,2091270.0,147642.0,0.0705992052676125
temporal,696,0.9775280898876404,0.9041095890410958,23,0.033045977011494254,2091457.0,147642.0,0.07059289289715256
temporal,697,0.9789325842696629,0.9041095890410958,23,0.03299856527977044,2093743.0,147642.0,0.07051581784392831
temporal,698,0.9803370786516854,0.9041095890410958,23,0.0329512893982808,2094107.0,147642.0,0.07050356070630584
temporal,699,0.9817415730337079,0.9041095890410958,23,0.032904148783977114,2095133.0,147642.0,0.07046903466271592
temporal,700,0.9831460674157303,0.9041095890410958,23,0.032857142857142856,2110574.0,147642.0,0.06995348184901358
temporal,701,0.9845505617977528,0.9041095890410958,23,0.03281027104136947,2111646.0,147642.0,0.06991796920506563
temporal,702,0.9859550561797753,0.75,24,0.03418803418803419,2111713.0,147709.0,0.06994747865832146
temporal,703,0.9873595505617978,0.75,25,0.03556187766714083,2111811.0,147807.0,0.06999063836678567
temporal,704,0.9887640449438202,0.75,26,0.036931818181818184,2111909.0,147905.0,0.07003379406972554
temporal,705,0.9901685393258427,0.75,27,0.03829787234042553,2111967.0,147963.0,0.07005933331344666
temporal,706,0.9915730337078652,0.75,27,0.03824362606232295,2112393.0,147963.0,0.07004520465651988
temporal,707,0.9929775280898876,0.75,27,0.03818953323903819,2112677.0,147963.0,0.07003578871734771
temporal,708,0.9943820224719101,0.7272727272727273,27,0.038135593220338986,2151094.0,147963.0,0.06878499963274501
temporal,709,0.9957865168539326,0.7272727272727273,28,0.039492242595204514,2151427.0,148296.0,0.06892913401198368
temporal,710,0.9971910112359551,0.5390879399871277,29,0.04084507042253521,2154479.0,151348.0,0.07024807389628769
temporal,711,0.9985955056179775,0.19047619047619047,30,0.04219409282700422,2231261.0,228130.0,0.10224263320158422
temporal,712,1.0,0.19047619047619047,30,0.042134831460674156,2245515.0,228130.0,0.10159362106242889
ood_exposure,1,0.006756756756756757,1.0,0,0.0,51242.0,0.0,0.0
ood_exposure,2,0.013513513513513514,1.0,0,0.0,118584.0,0.0,0.0
ood_exposure,3,0.02027027027027027,0.9803063457330415,0,0.0,168599.0,0.0,0.0
ood_exposure,4,0.02702702702702703,0.9803063457330415,0,0.0,234434.0,0.0,0.0
ood_exposure,5,0.033783783783783786,0.9803063457330415,0,0.0,343927.0,0.0,0.0
ood_exposure,6,0.04054054054054054,0.9803063457330415,1,0.16666666666666666,411269.0,67342.0,0.16374197909397498
ood_exposure,7,0.0472972972972973,0.9803063457330415,1,0.14285714285714285,597118.0,67342.0,0.11277837881289796
ood_exposure,8,0.05405405405405406,0.9803063457330415,1,0.125,667765.0,67342.0,0.10084685480670595
ood_exposure,9,0.060810810810810814,0.9803063457330415,1,0.1111111111111111,719923.0,67342.0,0.09354055919869209
ood_exposure,10,0.06756756756756757,0.9803063457330415,2,0.2,839954.0,187373.0,0.22307531126704558
ood_exposure,11,0.07432432432432433,0.9803063457330415,3,0.2727272727272727,895832.0,243251.0,0.27153640414720615
ood_exposure,12,0.08108108108108109,0.9803063457330415,4,0.3333333333333333,965668.0,313087.0,0.3242180542381025
ood_exposure,13,0.08783783783783784,0.9803063457330415,5,0.38461538461538464,1141971.0,489390.0,0.4285485358209622
ood_exposure,14,0.0945945945945946,0.9803063457330415,6,0.42857142857142855,1211807.0,559226.0,0.4614810774322974
ood_exposure,15,0.10135135135135136,0.9803063457330415,6,0.4,1279149.0,559226.0,0.43718597286164473
ood_exposure,16,0.10810810810810811,0.9803063457330415,6,0.375,1344984.0,559226.0,0.4157863587968333
ood_exposure,17,0.11486486486486487,0.9803063457330415,6,0.35294117647058826,1443196.0,559226.0,0.38749137331311895
ood_exposure,18,0.12162162162162163,0.9803063457330415,6,0.3333333333333333,1499610.0,559226.0,0.3729142910490061
ood_exposure,19,0.12837837837837837,0.9803063457330415,6,0.3157894736842105,1569810.0,559226.0,0.35623801606563854
ood_exposure,20,0.13513513513513514,0.9803063457330415,6,0.3,1621937.0,559226.0,0.3447889776236685
ood_exposure,21,0.14189189189189189,0.9803063457330415,6,0.2857142857142857,1757811.0,559226.0,0.31813772925530676
ood_exposure,22,0.14864864864864866,0.9803063457330415,6,0.2727272727272727,1828011.0,559226.0,0.3059204785966824
ood_exposure,23,0.1554054054054054,0.9803063457330415,6,0.2608695652173913,1883090.0,559226.0,0.29697252919403744
ood_exposure,24,0.16216216216216217,0.9803063457330415,6,0.25,2089293.0,559226.0,0.2676627931075249
ood_exposure,25,0.16891891891891891,0.9680511182108626,6,0.24,2146034.0,559226.0,0.2605858061894639
ood_exposure,26,0.17567567567567569,0.9680511182108626,6,0.23076923076923078,2221689.0,559226.0,0.2517120983179914
ood_exposure,27,0.18243243243243243,0.9680511182108626,7,0.25925925925925924,2546769.0,884306.0,0.34722662322338615
ood_exposure,28,0.1891891891891892,0.9680511182108626,7,0.25,2608282.0,884306.0,0.3390377267488715
ood_exposure,29,0.19594594594594594,0.9680511182108626,7,0.2413793103448276,2658066.0,884306.0,0.3326877511694593
ood_exposure,30,0.20270270270270271,0.9680511182108626,7,0.23333333333333334,2766021.0,884306.0,0.31970328497144457
ood_exposure,31,0.20945945945945946,0.9680511182108626,8,0.25806451612903225,2945998.0,1064283.0,0.36126399271146825
ood_exposure,32,0.21621621621621623,0.9680511182108626,9,0.28125,3030428.0,1148713.0,0.37905965757972143
ood_exposure,33,0.22297297297297297,0.9680511182108626,9,0.2727272727272727,3093211.0,1148713.0,0.37136587190463244
ood_exposure,34,0.22972972972972974,0.9680511182108626,9,0.2647058823529412,3171153.0,1148713.0,0.36223827737103825
ood_exposure,35,0.23648648648648649,0.9680511182108626,9,0.2571428571428571,3230894.0,1148713.0,0.3555402931820109
ood_exposure,36,0.24324324324324326,0.9680511182108626,10,0.2777777777777778,3291692.0,1209511.0,0.36744355182684163
ood_exposure,37,0.25,0.9680511182108626,10,0.2702702702702703,3404145.0,1209511.0,0.35530537036465837
ood_exposure,38,0.25675675675675674,0.9680511182108626,10,0.2631578947368421,3584122.0,1209511.0,0.33746368008678274
ood_exposure,39,0.2635135135135135,0.9680511182108626,11,0.28205128205128205,3635408.0,1260797.0,0.34681031675124224
ood_exposure,40,0.2702702702702703,0.9680511182108626,11,0.275,3724781.0,1260797.0,0.3384888937094557
ood_exposure,41,0.27702702702702703,0.9680511182108626,11,0.2682926829268293,4083269.0,1260797.0,0.3087714769710249
ood_exposure,42,0.28378378378378377,0.9680511182108626,11,0.2619047619047619,4172642.0,1260797.0,0.3021579613108433
ood_exposure,43,0.2905405405405405,0.9680511182108626,11,0.2558139534883721,4268077.0,1260797.0,0.29540165278180314
ood_exposure,44,0.2972972972972973,0.9680511182108626,11,0.25,4338148.0,1260797.0,0.2906302412919061
ood_exposure,45,0.30405405405405406,0.9680511182108626,11,0.24444444444444444,4406810.0,1260797.0,0.2861019649133954
ood_exposure,46,0.3108108108108108,0.9680511182108626,11,0.2391304347826087,4467431.0,1260797.0,0.2822196918094538
ood_exposure,47,0.31756756756756754,0.9680511182108626,11,0.23404255319148937,4832903.0,1260797.0,0.2608777788422404
ood_exposure,48,0.32432432432432434,0.9680511182108626,11,0.22916666666666666,4893801.0,1260797.0,0.2576314402649393
ood_exposure,49,0.3310810810810811,0.9626168224299065,11,0.22448979591836735,5003294.0,1260797.0,0.2519933867568046
ood_exposure,50,0.33783783783783783,0.9626168224299065,11,0.22,5111249.0,1260797.0,0.24667101915793968
ood_exposure,51,0.34459459459459457,0.9626168224299065,11,0.21568627450980393,5171437.0,1260797.0,0.24380012750807947
ood_exposure,52,0.35135135135135137,0.9626168224299065,11,0.21153846153846154,5232470.0,1260797.0,0.24095637433181652
ood_exposure,53,0.3581081081081081,0.9626168224299065,11,0.20754716981132076,5301578.0,1260797.0,0.2378154202390307
ood_exposure,54,0.36486486486486486,0.9626168224299065,11,0.2037037037037037,5437602.0,1260797.0,0.23186636315052114
ood_exposure,55,0.3716216216216216,0.9626168224299065,11,0.2,5502553.0,1260797.0,0.22912946045226643
ood_exposure,56,0.3783783783783784,0.9626168224299065,11,0.19642857142857142,5560472.0,1260797.0,0.22674280169021624
ood_exposure,57,0.38513513513513514,0.9626168224299065,11,0.19298245614035087,5695359.0,1260797.0,0.22137270012303
ood_exposure,58,0.3918918918918919,0.9626168224299065,11,0.1896551724137931,5765853.0,1260797.0,0.21866617133666086
ood_exposure,59,0.39864864864864863,0.9626168224299065,11,0.1864406779661017,6124341.0,1260797.0,0.20586655772433313
ood_exposure,60,0.40540540540540543,0.9626168224299065,11,0.18333333333333332,6174327.0,1260797.0,0.20419990713157887
ood_exposure,61,0.41216216216216217,0.9626168224299065,11,0.18032786885245902,6244527.0,1260797.0,0.20190432357807084
ood_exposure,62,0.4189189189189189,0.9615384615384616,11,0.1774193548387097,6302273.0,1260797.0,0.20005432960457284
ood_exposure,63,0.42567567567567566,0.9615384615384616,12,0.19047619047619047,6354089.0,1312613.0,0.20657768564462978
ood_exposure,64,0.43243243243243246,0.9615384615384616,12,0.1875,6424289.0,1312613.0,0.2043203535830969
ood_exposure,65,0.4391891891891892,0.9333333333333333,12,0.18461538461538463,6506408.0,1312613.0,0.20174157538230003
ood_exposure,66,0.44594594594594594,0.9333333333333333,13,0.19696969696969696,6594202.0,1400407.0,0.21236944212506684
ood_exposure,67,0.4527027027027027,0.9333333333333333,13,0.19402985074626866,6676321.0,1400407.0,0.2097572899805147
ood_exposure,68,0.4594594594594595,0.9333333333333333,13,0.19117647058823528,6731067.0,1400407.0,0.20805126438349225
ood_exposure,69,0.46621621621621623,0.9333333333333333,14,0.2028985507246377,6795146.0,1464486.0,0.21551943107624177
ood_exposure,70,0.47297297297297297,0.9333333333333333,14,0.2,6896745.0,1464486.0,0.21234451904485377
ood_exposure,71,0.4797297297297297,0.9333333333333333,14,0.19718309859154928,7071373.0,1464486.0,0.20710065782133116
ood_exposure,72,0.4864864864864865,0.9333333333333333,14,0.19444444444444445,7139546.0,1464486.0,0.20512312687669496
ood_exposure,73,0.49324324324324326,0.9333333333333333,14,0.1917808219178082,7216449.0,1464486.0,0.2029372063739382
ood_exposure,74,0.5,0.9217110141688709,14,0.1891891891891892,7294079.0,1464486.0,0.20077737024784076
ood_exposure,75,0.5067567567567568,0.9117647058823529,14,0.18666666666666668,7403572.0,1464486.0,0.1978080310423131
ood_exposure,76,0.5135135135135135,0.9117647058823529,14,0.18421052631578946,7492945.0,1464486.0,0.19544865203201145
ood_exposure,77,0.5202702702702703,0.9117647058823529,14,0.18181818181818182,7549686.0,1464486.0,0.193979723130207
ood_exposure,78,0.527027027027027,0.9117647058823529,14,0.1794871794871795,7617800.0,1464486.0,0.19224526766257974
ood_exposure,79,0.5337837837837838,0.8816568047337278,15,0.189873417721519,7667049.0,1513735.0,0.1974338497119296
ood_exposure,80,0.5405405405405406,0.8816568047337278,15,0.1875,7723801.0,1513735.0,0.19598316942655566
ood_exposure,81,0.5472972972972973,0.8816568047337278,15,0.18518518518518517,7780553.0,1513735.0,0.1945536519062334
ood_exposure,82,0.5540540540540541,0.8816568047337278,16,0.1951219512195122,7851118.0,1584300.0,0.20179291662665114
ood_exposure,83,0.5608108108108109,0.8816568047337278,16,0.1927710843373494,7940491.0,1584300.0,0.19952166685914008
ood_exposure,84,0.5675675675675675,0.8816568047337278,16,0.19047619047619047,7997243.0,1584300.0,0.19810577220174502
ood_exposure,85,0.5743243243243243,0.8816568047337278,16,0.18823529411764706,8086616.0,1584300.0,0.1959163140675902
ood_exposure,86,0.581081081081081,0.8816568047337278,17,0.19767441860465115,8143368.0,1641052.0,0.20152005902226205
ood_exposure,87,0.5878378378378378,0.8816568047337278,17,0.19540229885057472,8200120.0,1641052.0,0.20012536401906314
ood_exposure,88,0.5945945945945946,0.8816568047337278,17,0.19318181818181818,8289493.0,1641052.0,0.19796771648157493
ood_exposure,89,0.6013513513513513,0.859375,17,0.19101123595505617,8341108.0,1641052.0,0.19674268694278985
ood_exposure,90,0.6081081081081081,0.859375,17,0.18888888888888888,8392723.0,1641052.0,0.19553272519538653
ood_exposure,91,0.6148648648648649,0.859375,17,0.18681318681318682,8449475.0,1641052.0,0.19421940416416406
ood_exposure,92,0.6216216216216216,0.859375,18,0.1956521739130435,8512937.0,1704514.0,0.20022631437305363
ood_exposure,93,0.6283783783783784,0.859375,18,0.1935483870967742,8564552.0,1704514.0,0.1990196334846236
ood_exposure,94,0.6351351351351351,0.859375,18,0.19148936170212766,8625097.0,1704514.0,0.1976225890560999
ood_exposure,95,0.6418918918918919,0.859375,18,0.18947368421052632,8676365.0,1704514.0,0.19645485177260294
ood_exposure,96,0.6486486486486487,0.859375,18,0.1875,8765738.0,1704514.0,0.19445185334081397
ood_exposure,97,0.6554054054054054,0.859375,18,0.18556701030927836,8817353.0,1704514.0,0.19331357154465745
ood_exposure,98,0.6621621621621622,0.859375,18,0.1836734693877551,8991981.0,1704514.0,0.1895593418180043
ood_exposure,99,0.668918918918919,0.859375,18,0.18181818181818182,9041517.0,1704514.0,0.18852079800325544
ood_exposure,100,0.6756756756756757,0.859375,19,0.19,9091025.0,1754022.0,0.1929399600155098
ood_exposure,101,0.6824324324324325,0.859375,19,0.18811881188118812,9142640.0,1754022.0,0.19185071270442672
ood_exposure,102,0.6891891891891891,0.859375,19,0.18627450980392157,9194456.0,1754022.0,0.19076952459177574
ood_exposure,103,0.6959459459459459,0.859375,19,0.18446601941747573,9245205.0,1754022.0,0.18972234796307924
ood_exposure,104,0.7027027027027027,0.859375,19,0.18269230769230768,9295954.0,1754022.0,0.18868660494662517
ood_exposure,105,0.7094594594594594,0.7777777777777778,19,0.18095238095238095,9346685.0,1754022.0,0.18766247070485417
ood_exposure,106,0.7162162162162162,0.7777777777777778,20,0.18867924528301888,9398300.0,1805637.0,0.19212378834470065
ood_exposure,107,0.722972972972973,0.6909090909090909,20,0.18691588785046728,9448106.0,1805637.0,0.19111100150654534
ood_exposure,108,0.7297297297297297,0.6909090909090909,20,0.18518518518518517,9497912.0,1805637.0,0.19010883655270758
ood_exposure,109,0.7364864864864865,0.6909090909090909,20,0.1834862385321101,9552658.0,1805637.0,0.18901932844240837
ood_exposure,110,0.7432432432432432,0.6909090909090909,20,0.18181818181818182,9609954.0,1805637.0,0.18789236660237915
ood_exposure,111,0.75,0.6909090909090909,21,0.1891891891891892,9719447.0,1915130.0,0.19704104564796743
ood_exposure,112,0.7567567567567568,0.6909090909090909,21,0.1875,9787880.0,1915130.0,0.1956634123017446
ood_exposure,113,0.7635135135135135,0.6909090909090909,21,0.18584070796460178,9837713.0,1915130.0,0.19467227799794526
ood_exposure,114,0.7702702702702703,0.6909090909090909,22,0.19298245614035087,9887318.0,1964735.0,0.1987126336990476
ood_exposure,115,0.777027027027027,0.6909090909090909,22,0.19130434782608696,9943384.0,1964735.0,0.19759218793119124
ood_exposure,116,0.7837837837837838,0.6909090909090909,22,0.1896551724137931,10282549.0,1964735.0,0.1910747033639227
ood_exposure,117,0.7905405405405406,0.6909090909090909,22,0.18803418803418803,10337295.0,1964735.0,0.19006277754480258
ood_exposure,118,0.7972972972972973,0.6909090909090909,22,0.1864406779661017,10391672.0,1964735.0,0.18906822694172795
ood_exposure,119,0.8040540540540541,0.6909090909090909,23,0.19327731092436976,10441408.0,2014471.0,0.192930972527843
ood_exposure,120,0.8108108108108109,0.6909090909090909,23,0.19166666666666668,10528090.0,2014471.0,0.19134249422259877
ood_exposure,121,0.8175675675675675,0.6909090909090909,23,0.19008264462809918,10591961.0,2014471.0,0.1901886723336689
ood_exposure,122,0.8243243243243243,0.6909090909090909,23,0.1885245901639344,10642623.0,2014471.0,0.18928331859542522
ood_exposure,123,0.831081081081081,0.6909090909090909,24,0.1951219512195122,10698242.0,2070090.0,0.19349814670485113
ood_exposure,124,0.8378378378378378,0.6909090909090909,25,0.20161290322580644,10753612.0,2125460.0,0.19765079863398458
ood_exposure,125,0.8445945945945946,0.6909090909090909,25,0.2,10842985.0,2125460.0,0.196021667465186
ood_exposure,126,0.8513513513513513,0.6909090909090909,25,0.1984126984126984,10893734.0,2125460.0,0.19510849080765144
ood_exposure,127,0.8581081081081081,0.6909090909090909,25,0.1968503937007874,10954632.0,2125460.0,0.1940238613218591
ood_exposure,128,0.8648648648648649,0.6909090909090909,25,0.1953125,11005381.0,2125460.0,0.19312916108947067
ood_exposure,129,0.8716216216216216,0.6909090909090909,25,0.1937984496124031,11055367.0,2125460.0,0.19225594229481482
ood_exposure,130,0.8783783783783784,0.6363636363636364,25,0.19230769230769232,11394532.0,2125460.0,0.18653333019732624
ood_exposure,131,0.8851351351351351,0.6363636363636364,25,0.19083969465648856,11733697.0,2125460.0,0.1811415447322357
ood_exposure,132,0.8918918918918919,0.6363636363636364,25,0.1893939393939394,11790438.0,2125460.0,0.1802698084668271
ood_exposure,133,0.8986486486486487,0.6329584037579469,25,0.18796992481203006,11842053.0,2125460.0,0.17948408101196642
ood_exposure,134,0.9054054054054054,0.6228213913852838,26,0.19402985074626866,11939047.0,2222454.0,0.18615003358308246
ood_exposure,135,0.9121621621621622,0.5679446064532363,26,0.1925925925925926,12028420.0,2222454.0,0.18476691036728016
ood_exposure,136,0.918918918918919,0.5555555555555556,26,0.19117647058823528,12117793.0,2222454.0,0.1834041891951777
ood_exposure,137,0.9256756756756757,0.058823529411764705,26,0.1897810218978102,12167599.0,2222454.0,0.1826534552954942
ood_exposure,138,0.9324324324324325,0.058823529411764705,26,0.18840579710144928,12221105.0,2222454.0,0.18185376854220628
ood_exposure,139,0.9391891891891891,0.058823529411764705,26,0.18705035971223022,12353347.0,2222454.0,0.17990703248277573
ood_exposure,140,0.9459459459459459,0.058823529411764705,27,0.19285714285714287,12430129.0,2299236.0,0.1849728188661598
ood_exposure,141,0.9527027027027027,0.05408886995534922,27,0.19148936170212766,12772166.0,2299236.0,0.1800192700282787
ood_exposure,142,0.9594594594594594,0.0,27,0.19014084507042253,13114203.0,2299236.0,0.1753241123383556
ood_exposure,143,0.9662162162162162,0.0,27,0.1888111888111888,13456240.0,2299236.0,0.17086764207534944
ood_exposure,144,0.972972972972973,0.0,27,0.1875,13545613.0,2299236.0,0.16974026941416384
ood_exposure,145,0.9797297297297297,0.0,28,0.19310344827586207,13607770.0,2361393.0,0.17353269492356205
ood_exposure,146,0.9864864864864865,0.0,29,0.19863013698630136,13715725.0,2469348.0,0.18003773041527152
ood_exposure,147,0.9932432432432432,0.0,30,0.20408163265306123,13769709.0,2523332.0,0.18325238391021917
ood_exposure,148,1.0,0.0,31,0.20945945945945946,13819386.0,2573009.0,0.18618837334741212
