regime,consequence_mode,tau_safe_t0,beta0,tau_safe_t1,beta1,episodes,execute_count,autonomous_execution_coverage,unsafe_execute_count,unsafe_execution_rate,raw_exposure_weighted_unsafe_rate,consequence_weighted_unsafe_rate,mean_realized_normalized_loss,human_escalation_rate,gather_rate,abstention_rate
grouped_iid,LOG_TRAIN_P90,0.9,0.01,0.9,0.01,36919,2069,0.05604160459384057,342,0.1652972450459159,0.15641143776815086,0.16533292726553367,0.09857946391232529,0.9269210975378531,0.01703729786830629,0.0
grouped_iid,LOG_TRAIN_P90,0.9,0.01,0.9,0.02,36919,2069,0.05604160459384057,342,0.1652972450459159,0.15641143776815086,0.16533292726553367,0.09815258344427362,0.9215850916872071,0.0223733037189523,0.0
grouped_iid,LOG_TRAIN_P90,0.9,0.01,0.9,0.05,36919,2069,0.05604160459384057,342,0.1652972450459159,0.15641143776815086,0.16533292726553367,0.09646456372542966,0.9004848452016577,0.04347355020450175,0.0
grouped_iid,LOG_TRAIN_P90,0.9,0.01,0.9,0.1,36919,2069,0.05604160459384057,342,0.1652972450459159,0.15641143776815086,0.16533292726553367,0.09622187026135967,0.8974511769007828,0.04650721850537663,0.0
grouped_iid,LOG_TRAIN_P90,0.9,0.01,0.95,0.01,36919,2069,0.05604160459384057,342,0.1652972450459159,0.15641143776815086,0.16533292726553367,0.09857946391232529,0.9269210975378531,0.01703729786830629,0.0
grouped_iid,LOG_TRAIN_P90,0.9,0.01,0.95,0.02,36919,2069,0.05604160459384057,342,0.1652972450459159,0.15641143776815086,0.16533292726553367,0.09815258344427362,0.9215850916872071,0.0223733037189523,0.0
grouped_iid,LOG_TRAIN_P90,0.9,0.01,0.95,0.05,36919,2069,0.05604160459384057,342,0.1652972450459159,0.15641143776815086,0.16533292726553367,0.09666175216498653,0.9029497006961186,0.0410086947100409,0.0
grouped_iid,LOG_TRAIN_P90,0.9,0.01,0.95,0.1,36919,2069,0.05604160459384057,342,0.1652972450459159,0.15641143776815086,0.16533292726553367,0.09665741835312815,0.9028955280478886,0.04106286735827081,0.0
grouped_iid,LOG_TRAIN_P90,0.9,0.01,0.97,0.01,36919,2069,0.05604160459384057,342,0.1652972450459159,0.15641143776815086,0.16533292726553367,0.0985816308182545,0.9269481838619681,0.01701021154419134,0.0
grouped_iid,LOG_TRAIN_P90,0.9,0.01,0.97,0.02,36919,2069,0.05604160459384057,342,0.1652972450459159,0.15641143776815086,0.16533292726553367,0.0982262582458663,0.9225060267071156,0.021452368699043853,0.0
grouped_iid,LOG_TRAIN_P90,0.9,0.01,0.97,0.05,36919,2069,0.05604160459384057,342,0.1652972450459159,0.15641143776815086,0.16533292726553367,0.09805723958338898,0.9203932934261492,0.023565101980010293,0.0
grouped_iid,LOG_TRAIN_P90,0.9,0.01,0.97,0.1,36919,2069,0.05604160459384057,342,0.1652972450459159,0.15641143776815086,0.16533292726553367,0.09805723958338898,0.9203932934261492,0.023565101980010293,0.0
grouped_iid,LOG_TRAIN_P90,0.9,0.01,0.99,0.01,36919,2069,0.05604160459384057,342,0.1652972450459159,0.15641143776815086,0.16533292726553367,0.0986466379961304,0.9277607735854168,0.016197621820742705,0.0
grouped_iid,LOG_TRAIN_P90,0.9,0.01,0.99,0.02,36919,2069,0.05604160459384057,342,0.1652972450459159,0.15641143776815086,0.16533292726553367,0.0986466379961304,0.9277607735854168,0.016197621820742705,0.0
grouped_iid,LOG_TRAIN_P90,0.9,0.01,0.99,0.05,36919,2069,0.05604160459384057,342,0.1652972450459159,0.15641143776815086,0.16533292726553367,0.0986466379961304,0.9277607735854168,0.016197621820742705,0.0
grouped_iid,LOG_TRAIN_P90,0.9,0.01,0.99,0.1,36919,2069,0.05604160459384057,342,0.1652972450459159,0.15641143776815086,0.16533292726553367,0.0986466379961304,0.9277607735854168,0.016197621820742705,0.0
grouped_iid,LOG_TRAIN_P90,0.9,0.02,0.9,0.01,36919,5005,0.13556705219534657,827,0.16523476523476524,0.18146305286615655,0.16562363460106183,0.0997980970491263,0.8473956499363471,0.01703729786830629,0.0
grouped_iid,LOG_TRAIN_P90,0.9,0.02,0.9,0.02,36919,5005,0.13556705219534657,827,0.16523476523476524,0.18146305286615655,0.16562363460106183,0.09937121658107463,0.8420596440857011,0.0223733037189523,0.0
grouped_iid,LOG_TRAIN_P90,0.9,0.02,0.9,0.05,36919,5005,0.13556705219534657,827,0.16523476523476524,0.18146305286615655,0.16562363460106183,0.09768319686223066,0.8209593976001517,0.04347355020450175,0.0
grouped_iid,LOG_TRAIN_P90,0.9,0.02,0.9,0.1,36919,5005,0.13556705219534657,827,0.16523476523476524,0.18146305286615655,0.16562363460106183,0.09744050339816067,0.8179257292992768,0.04650721850537663,0.0
grouped_iid,LOG_TRAIN_P90,0.9,0.02,0.95,0.01,36919,5005,0.13556705219534657,827,0.16523476523476524,0.18146305286615655,0.16562363460106183,0.0997980970491263,0.8473956499363471,0.01703729786830629,0.0
grouped_iid,LOG_TRAIN_P90,0.9,0.02,0.95,0.02,36919,5005,0.13556705219534657,827,0.16523476523476524,0.18146305286615655,0.16562363460106183,0.09937121658107463,0.8420596440857011,0.0223733037189523,0.0
grouped_iid,LOG_TRAIN_P90,0.9,0.02,0.95,0.05,36919,5005,0.13556705219534657,827,0.16523476523476524,0.18146305286615655,0.16562363460106183,0.09788038530178754,0.8234242530946125,0.0410086947100409,0.0
grouped_iid,LOG_TRAIN_P90,0.9,0.02,0.95,0.1,36919,5005,0.13556705219534657,827,0.16523476523476524,0.18146305286615655,0.16562363460106183,0.09787605148992914,0.8233700804463826,0.04106286735827081,0.0
grouped_iid,LOG_TRAIN_P90,0.9,0.02,0.97,0.01,36919,5005,0.13556705219534657,827,0.16523476523476524,0.18146305286615655,0.16562363460106183,0.0998002639550555,0.847422736260462,0.01701021154419134,0.0
grouped_iid,LOG_TRAIN_P90,0.9,0.02,0.97,0.02,36919,5005,0.13556705219534657,827,0.16523476523476524,0.18146305286615655,0.16562363460106183,0.0994448913826673,0.8429805791056095,0.021452368699043853,0.0
grouped_iid,LOG_TRAIN_P90,0.9,0.02,0.97,0.05,36919,5005,0.13556705219534657,827,0.16523476523476524,0.18146305286615655,0.16562363460106183,0.09927587272018999,0.8408678458246431,0.023565101980010293,0.0
grouped_iid,LOG_TRAIN_P90,0.9,0.02,0.97,0.1,36919,5005,0.13556705219534657,827,0.16523476523476524,0.18146305286615655,0.16562363460106183,0.09927587272018999,0.8408678458246431,0.023565101980010293,0.0
grouped_iid,LOG_TRAIN_P90,0.9,0.02,0.99,0.01,36919,5005,0.13556705219534657,827,0.16523476523476524,0.18146305286615655,0.16562363460106183,0.0998652711329314,0.8482353259839107,0.016197621820742705,0.0
grouped_iid,LOG_TRAIN_P90,0.9,0.02,0.99,0.02,36919,5005,0.13556705219534657,827,0.16523476523476524,0.18146305286615655,0.16562363460106183,0.0998652711329314,0.8482353259839107,0.016197621820742705,0.0
grouped_iid,LOG_TRAIN_P90,0.9,0.02,0.99,0.05,36919,5005,0.13556705219534657,827,0.16523476523476524,0.18146305286615655,0.16562363460106183,0.0998652711329314,0.8482353259839107,0.016197621820742705,0.0
grouped_iid,LOG_TRAIN_P90,0.9,0.02,0.99,0.1,36919,5005,0.13556705219534657,827,0.16523476523476524,0.18146305286615655,0.16562363460106183,0.0998652711329314,0.8482353259839107,0.016197621820742705,0.0
grouped_iid,LOG_TRAIN_P90,0.9,0.05,0.9,0.01,36919,7048,0.19090441236219832,1205,0.17097048808172532,0.19970011710989263,0.17243314251096215,0.10249145240935703,0.7920582897694953,0.01703729786830629,0.0
grouped_iid,LOG_TRAIN_P90,0.9,0.05,0.9,0.02,36919,7048,0.19090441236219832,1205,0.17097048808172532,0.19970011710989263,0.17243314251096215,0.10206457194130536,0.7867222839188494,0.0223733037189523,0.0
grouped_iid,LOG_TRAIN_P90,0.9,0.05,0.9,0.05,36919,7048,0.19090441236219832,1205,0.17097048808172532,0.19970011710989263,0.17243314251096215,0.1003765522224614,0.7656220374332999,0.04347355020450175,0.0
grouped_iid,LOG_TRAIN_P90,0.9,0.05,0.9,0.1,36919,7048,0.19090441236219832,1205,0.17097048808172532,0.19970011710989263,0.17243314251096215,0.10013385875839141,0.762588369132425,0.04650721850537663,0.0
grouped_iid,LOG_TRAIN_P90,0.9,0.05,0.95,0.01,36919,7048,0.19090441236219832,1205,0.17097048808172532,0.19970011710989263,0.17243314251096215,0.10249145240935703,0.7920582897694953,0.01703729786830629,0.0
grouped_iid,LOG_TRAIN_P90,0.9,0.05,0.95,0.02,36919,7048,0.19090441236219832,1205,0.17097048808172532,0.19970011710989263,0.17243314251096215,0.10206457194130536,0.7867222839188494,0.0223733037189523,0.0
grouped_iid,LOG_TRAIN_P90,0.9,0.05,0.95,0.05,36919,7048,0.19090441236219832,1205,0.17097048808172532,0.19970011710989263,0.17243314251096215,0.10057374066201825,0.7680868929277608,0.0410086947100409,0.0
grouped_iid,LOG_TRAIN_P90,0.9,0.05,0.95,0.1,36919,7048,0.19090441236219832,1205,0.17097048808172532,0.19970011710989263,0.17243314251096215,0.10056940685015987,0.7680327202795308,0.04106286735827081,0.0
grouped_iid,LOG_TRAIN_P90,0.9,0.05,0.97,0.01,36919,7048,0.19090441236219832,1205,0.17097048808172532,0.19970011710989263,0.17243314251096215,0.10249361931528622,0.7920853760936103,0.01701021154419134,0.0
grouped_iid,LOG_TRAIN_P90,0.9,0.05,0.97,0.02,36919,7048,0.19090441236219832,1205,0.17097048808172532,0.19970011710989263,0.17243314251096215,0.10213824674289804,0.7876432189387578,0.021452368699043853,0.0
grouped_iid,LOG_TRAIN_P90,0.9,0.05,0.97,0.05,36919,7048,0.19090441236219832,1205,0.17097048808172532,0.19970011710989263,0.17243314251096215,0.10196922808042072,0.7855304856577914,0.023565101980010293,0.0
grouped_iid,LOG_TRAIN_P90,0.9,0.05,0.97,0.1,36919,7048,0.19090441236219832,1205,0.17097048808172532,0.19970011710989263,0.17243314251096215,0.10196922808042072,0.7855304856577914,0.023565101980010293,0.0
grouped_iid,LOG_TRAIN_P90,0.9,0.05,0.99,0.01,36919,7048,0.19090441236219832,1205,0.17097048808172532,0.19970011710989263,0.17243314251096215,0.10255862649316214,0.792897965817059,0.016197621820742705,0.0
grouped_iid,LOG_TRAIN_P90,0.9,0.05,0.99,0.02,36919,7048,0.19090441236219832,1205,0.17097048808172532,0.19970011710989263,0.17243314251096215,0.10255862649316214,0.792897965817059,0.016197621820742705,0.0
grouped_iid,LOG_TRAIN_P90,0.9,0.05,0.99,0.05,36919,7048,0.19090441236219832,1205,0.17097048808172532,0.19970011710989263,0.17243314251096215,0.10255862649316214,0.792897965817059,0.016197621820742705,0.0
grouped_iid,LOG_TRAIN_P90,0.9,0.05,0.99,0.1,36919,7048,0.19090441236219832,1205,0.17097048808172532,0.19970011710989263,0.17243314251096215,0.10255862649316214,0.792897965817059,0.016197621820742705,0.0
grouped_iid,LOG_TRAIN_P90,0.9,0.1,0.9,0.01,36919,7478,0.2025515317316287,1296,0.17330837122225193,0.21439600543479823,0.17574434562649016,0.10375629870532749,0.780411170400065,0.01703729786830629,0.0
grouped_iid,LOG_TRAIN_P90,0.9,0.1,0.9,0.02,36919,7478,0.2025515317316287,1296,0.17330837122225193,0.21439600543479823,0.17574434562649016,0.1033294182372758,0.775075164549419,0.0223733037189523,0.0
grouped_iid,LOG_TRAIN_P90,0.9,0.1,0.9,0.05,36919,7478,0.2025515317316287,1296,0.17330837122225193,0.21439600543479823,0.17574434562649016,0.10164139851843185,0.7539749180638695,0.04347355020450175,0.0
grouped_iid,LOG_TRAIN_P90,0.9,0.1,0.9,0.1,36919,7478,0.2025515317316287,1296,0.17330837122225193,0.21439600543479823,0.17574434562649016,0.10139870505436185,0.7509412497629947,0.04650721850537663,0.0
grouped_iid,LOG_TRAIN_P90,0.9,0.1,0.95,0.01,36919,7478,0.2025515317316287,1296,0.17330837122225193,0.21439600543479823,0.17574434562649016,0.10375629870532749,0.780411170400065,0.01703729786830629,0.0
grouped_iid,LOG_TRAIN_P90,0.9,0.1,0.95,0.02,36919,7478,0.2025515317316287,1296,0.17330837122225193,0.21439600543479823,0.17574434562649016,0.1033294182372758,0.775075164549419,0.0223733037189523,0.0
grouped_iid,LOG_TRAIN_P90,0.9,0.1,0.95,0.05,36919,7478,0.2025515317316287,1296,0.17330837122225193,0.21439600543479823,0.17574434562649016,0.10183858695798871,0.7564397735583304,0.0410086947100409,0.0
grouped_iid,LOG_TRAIN_P90,0.9,0.1,0.95,0.1,36919,7478,0.2025515317316287,1296,0.17330837122225193,0.21439600543479823,0.17574434562649016,0.10183425314613032,0.7563856009101005,0.04106286735827081,0.0
grouped_iid,LOG_TRAIN_P90,0.9,0.1,0.97,0.01,36919,7478,0.2025515317316287,1296,0.17330837122225193,0.21439600543479823,0.17574434562649016,0.10375846561125668,0.78043825672418,0.01701021154419134,0.0
grouped_iid,LOG_TRAIN_P90,0.9,0.1,0.97,0.02,36919,7478,0.2025515317316287,1296,0.17330837122225193,0.21439600543479823,0.17574434562649016,0.10340309303886848,0.7759960995693275,0.021452368699043853,0.0
grouped_iid,LOG_TRAIN_P90,0.9,0.1,0.97,0.05,36919,7478,0.2025515317316287,1296,0.17330837122225193,0.21439600543479823,0.17574434562649016,0.10323407437639116,0.773883366288361,0.023565101980010293,0.0
grouped_iid,LOG_TRAIN_P90,0.9,0.1,0.97,0.1,36919,7478,0.2025515317316287,1296,0.17330837122225193,0.21439600543479823,0.17574434562649016,0.10323407437639116,0.773883366288361,0.023565101980010293,0.0
grouped_iid,LOG_TRAIN_P90,0.9,0.1,0.99,0.01,36919,7478,0.2025515317316287,1296,0.17330837122225193,0.21439600543479823,0.17574434562649016,0.10382347278913256,0.7812508464476285,0.016197621820742705,0.0
grouped_iid,LOG_TRAIN_P90,0.9,0.1,0.99,0.02,36919,7478,0.2025515317316287,1296,0.17330837122225193,0.21439600543479823,0.17574434562649016,0.10382347278913256,0.7812508464476285,0.016197621820742705,0.0
grouped_iid,LOG_TRAIN_P90,0.9,0.1,0.99,0.05,36919,7478,0.2025515317316287,1296,0.17330837122225193,0.21439600543479823,0.17574434562649016,0.10382347278913256,0.7812508464476285,0.016197621820742705,0.0
grouped_iid,LOG_TRAIN_P90,0.9,0.1,0.99,0.1,36919,7478,0.2025515317316287,1296,0.17330837122225193,0.21439600543479823,0.17574434562649016,0.10382347278913256,0.7812508464476285,0.016197621820742705,0.0
grouped_iid,LOG_TRAIN_P90,0.9,0.2,0.9,0.01,36919,7478,0.2025515317316287,1296,0.17330837122225193,0.21439600543479823,0.17574434562649016,0.10375629870532749,0.780411170400065,0.01703729786830629,0.0
grouped_iid,LOG_TRAIN_P90,0.9,0.2,0.9,0.02,36919,7478,0.2025515317316287,1296,0.17330837122225193,0.21439600543479823,0.17574434562649016,0.1033294182372758,0.775075164549419,0.0223733037189523,0.0
grouped_iid,LOG_TRAIN_P90,0.9,0.2,0.9,0.05,36919,7478,0.2025515317316287,1296,0.17330837122225193,0.21439600543479823,0.17574434562649016,0.10164139851843185,0.7539749180638695,0.04347355020450175,0.0
grouped_iid,LOG_TRAIN_P90,0.9,0.2,0.9,0.1,36919,7478,0.2025515317316287,1296,0.17330837122225193,0.21439600543479823,0.17574434562649016,0.10139870505436185,0.7509412497629947,0.04650721850537663,0.0
grouped_iid,LOG_TRAIN_P90,0.9,0.2,0.95,0.01,36919,7478,0.2025515317316287,1296,0.17330837122225193,0.21439600543479823,0.17574434562649016,0.10375629870532749,0.780411170400065,0.01703729786830629,0.0
grouped_iid,LOG_TRAIN_P90,0.9,0.2,0.95,0.02,36919,7478,0.2025515317316287,1296,0.17330837122225193,0.21439600543479823,0.17574434562649016,0.1033294182372758,0.775075164549419,0.0223733037189523,0.0
grouped_iid,LOG_TRAIN_P90,0.9,0.2,0.95,0.05,36919,7478,0.2025515317316287,1296,0.17330837122225193,0.21439600543479823,0.17574434562649016,0.10183858695798871,0.7564397735583304,0.0410086947100409,0.0
grouped_iid,LOG_TRAIN_P90,0.9,0.2,0.95,0.1,36919,7478,0.2025515317316287,1296,0.17330837122225193,0.21439600543479823,0.17574434562649016,0.10183425314613032,0.7563856009101005,0.04106286735827081,0.0
grouped_iid,LOG_TRAIN_P90,0.9,0.2,0.97,0.01,36919,7478,0.2025515317316287,1296,0.17330837122225193,0.21439600543479823,0.17574434562649016,0.10375846561125668,0.78043825672418,0.01701021154419134,0.0
grouped_iid,LOG_TRAIN_P90,0.9,0.2,0.97,0.02,36919,7478,0.2025515317316287,1296,0.17330837122225193,0.21439600543479823,0.17574434562649016,0.10340309303886848,0.7759960995693275,0.021452368699043853,0.0
grouped_iid,LOG_TRAIN_P90,0.9,0.2,0.97,0.05,36919,7478,0.2025515317316287,1296,0.17330837122225193,0.21439600543479823,0.17574434562649016,0.10323407437639116,0.773883366288361,0.023565101980010293,0.0
grouped_iid,LOG_TRAIN_P90,0.9,0.2,0.97,0.1,36919,7478,0.2025515317316287,1296,0.17330837122225193,0.21439600543479823,0.17574434562649016,0.10323407437639116,0.773883366288361,0.023565101980010293,0.0
grouped_iid,LOG_TRAIN_P90,0.9,0.2,0.99,0.01,36919,7478,0.2025515317316287,1296,0.17330837122225193,0.21439600543479823,0.17574434562649016,0.10382347278913256,0.7812508464476285,0.016197621820742705,0.0
grouped_iid,LOG_TRAIN_P90,0.9,0.2,0.99,0.02,36919,7478,0.2025515317316287,1296,0.17330837122225193,0.21439600543479823,0.17574434562649016,0.10382347278913256,0.7812508464476285,0.016197621820742705,0.0
grouped_iid,LOG_TRAIN_P90,0.9,0.2,0.99,0.05,36919,7478,0.2025515317316287,1296,0.17330837122225193,0.21439600543479823,0.17574434562649016,0.10382347278913256,0.7812508464476285,0.016197621820742705,0.0
grouped_iid,LOG_TRAIN_P90,0.9,0.2,0.99,0.1,36919,7478,0.2025515317316287,1296,0.17330837122225193,0.21439600543479823,0.17574434562649016,0.10382347278913256,0.7812508464476285,0.016197621820742705,0.0
grouped_iid,LOG_TRAIN_P90,0.95,0.01,0.9,0.01,36919,2069,0.05604160459384057,342,0.1652972450459159,0.15641143776815086,0.16533292726553367,0.09857946391232529,0.9269210975378531,0.01703729786830629,0.0
grouped_iid,LOG_TRAIN_P90,0.95,0.01,0.9,0.02,36919,2069,0.05604160459384057,342,0.1652972450459159,0.15641143776815086,0.16533292726553367,0.09815258344427362,0.9215850916872071,0.0223733037189523,0.0
grouped_iid,LOG_TRAIN_P90,0.95,0.01,0.9,0.05,36919,2069,0.05604160459384057,342,0.1652972450459159,0.15641143776815086,0.16533292726553367,0.09646456372542966,0.9004848452016577,0.04347355020450175,0.0
grouped_iid,LOG_TRAIN_P90,0.95,0.01,0.9,0.1,36919,2069,0.05604160459384057,342,0.1652972450459159,0.15641143776815086,0.16533292726553367,0.09622187026135967,0.8974511769007828,0.04650721850537663,0.0
grouped_iid,LOG_TRAIN_P90,0.95,0.01,0.95,0.01,36919,2069,0.05604160459384057,342,0.1652972450459159,0.15641143776815086,0.16533292726553367,0.09857946391232529,0.9269210975378531,0.01703729786830629,0.0
grouped_iid,LOG_TRAIN_P90,0.95,0.01,0.95,0.02,36919,2069,0.05604160459384057,342,0.1652972450459159,0.15641143776815086,0.16533292726553367,0.09815258344427362,0.9215850916872071,0.0223733037189523,0.0
grouped_iid,LOG_TRAIN_P90,0.95,0.01,0.95,0.05,36919,2069,0.05604160459384057,342,0.1652972450459159,0.15641143776815086,0.16533292726553367,0.09666175216498653,0.9029497006961186,0.0410086947100409,0.0
grouped_iid,LOG_TRAIN_P90,0.95,0.01,0.95,0.1,36919,2069,0.05604160459384057,342,0.1652972450459159,0.15641143776815086,0.16533292726553367,0.09665741835312815,0.9028955280478886,0.04106286735827081,0.0
grouped_iid,LOG_TRAIN_P90,0.95,0.01,0.97,0.01,36919,2069,0.05604160459384057,342,0.1652972450459159,0.15641143776815086,0.16533292726553367,0.0985816308182545,0.9269481838619681,0.01701021154419134,0.0
grouped_iid,LOG_TRAIN_P90,0.95,0.01,0.97,0.02,36919,2069,0.05604160459384057,342,0.1652972450459159,0.15641143776815086,0.16533292726553367,0.0982262582458663,0.9225060267071156,0.021452368699043853,0.0
grouped_iid,LOG_TRAIN_P90,0.95,0.01,0.97,0.05,36919,2069,0.05604160459384057,342,0.1652972450459159,0.15641143776815086,0.16533292726553367,0.09805723958338898,0.9203932934261492,0.023565101980010293,0.0
grouped_iid,LOG_TRAIN_P90,0.95,0.01,0.97,0.1,36919,2069,0.05604160459384057,342,0.1652972450459159,0.15641143776815086,0.16533292726553367,0.09805723958338898,0.9203932934261492,0.023565101980010293,0.0
grouped_iid,LOG_TRAIN_P90,0.95,0.01,0.99,0.01,36919,2069,0.05604160459384057,342,0.1652972450459159,0.15641143776815086,0.16533292726553367,0.0986466379961304,0.9277607735854168,0.016197621820742705,0.0
grouped_iid,LOG_TRAIN_P90,0.95,0.01,0.99,0.02,36919,2069,0.05604160459384057,342,0.1652972450459159,0.15641143776815086,0.16533292726553367,0.0986466379961304,0.9277607735854168,0.016197621820742705,0.0
grouped_iid,LOG_TRAIN_P90,0.95,0.01,0.99,0.05,36919,2069,0.05604160459384057,342,0.1652972450459159,0.15641143776815086,0.16533292726553367,0.0986466379961304,0.9277607735854168,0.016197621820742705,0.0
grouped_iid,LOG_TRAIN_P90,0.95,0.01,0.99,0.1,36919,2069,0.05604160459384057,342,0.1652972450459159,0.15641143776815086,0.16533292726553367,0.0986466379961304,0.9277607735854168,0.016197621820742705,0.0
grouped_iid,LOG_TRAIN_P90,0.95,0.02,0.9,0.01,36919,4983,0.13497115306481758,823,0.16516154926750953,0.18146192771084338,0.16557720628991612,0.09982293936850445,0.8479915490668761,0.01703729786830629,0.0
grouped_iid,LOG_TRAIN_P90,0.95,0.02,0.9,0.02,36919,4983,0.13497115306481758,823,0.16516154926750953,0.18146192771084338,0.16557720628991612,0.09939605890045278,0.8426555432162302,0.0223733037189523,0.0
grouped_iid,LOG_TRAIN_P90,0.95,0.02,0.9,0.05,36919,4983,0.13497115306481758,823,0.16516154926750953,0.18146192771084338,0.16557720628991612,0.09770803918160882,0.8215552967306807,0.04347355020450175,0.0
grouped_iid,LOG_TRAIN_P90,0.95,0.02,0.9,0.1,36919,4983,0.13497115306481758,823,0.16516154926750953,0.18146192771084338,0.16557720628991612,0.09746534571753883,0.8185216284298058,0.04650721850537663,0.0
grouped_iid,LOG_TRAIN_P90,0.95,0.02,0.95,0.01,36919,4983,0.13497115306481758,823,0.16516154926750953,0.18146192771084338,0.16557720628991612,0.09982293936850445,0.8479915490668761,0.01703729786830629,0.0
grouped_iid,LOG_TRAIN_P90,0.95,0.02,0.95,0.02,36919,4983,0.13497115306481758,823,0.16516154926750953,0.18146192771084338,0.16557720628991612,0.09939605890045278,0.8426555432162302,0.0223733037189523,0.0
grouped_iid,LOG_TRAIN_P90,0.95,0.02,0.95,0.05,36919,4983,0.13497115306481758,823,0.16516154926750953,0.18146192771084338,0.16557720628991612,0.09790522762116569,0.8240201522251416,0.0410086947100409,0.0
grouped_iid,LOG_TRAIN_P90,0.95,0.02,0.95,0.1,36919,4983,0.13497115306481758,823,0.16516154926750953,0.18146192771084338,0.16557720628991612,0.09790089380930729,0.8239659795769116,0.04106286735827081,0.0
grouped_iid,LOG_TRAIN_P90,0.95,0.02,0.97,0.01,36919,4983,0.13497115306481758,823,0.16516154926750953,0.18146192771084338,0.16557720628991612,0.09982510627443364,0.8480186353909911,0.01701021154419134,0.0
grouped_iid,LOG_TRAIN_P90,0.95,0.02,0.97,0.02,36919,4983,0.13497115306481758,823,0.16516154926750953,0.18146192771084338,0.16557720628991612,0.09946973370204544,0.8435764782361386,0.021452368699043853,0.0
grouped_iid,LOG_TRAIN_P90,0.95,0.02,0.97,0.05,36919,4983,0.13497115306481758,823,0.16516154926750953,0.18146192771084338,0.16557720628991612,0.09930071503956814,0.8414637449551722,0.023565101980010293,0.0
grouped_iid,LOG_TRAIN_P90,0.95,0.02,0.97,0.1,36919,4983,0.13497115306481758,823,0.16516154926750953,0.18146192771084338,0.16557720628991612,0.09930071503956814,0.8414637449551722,0.023565101980010293,0.0
grouped_iid,LOG_TRAIN_P90,0.95,0.02,0.99,0.01,36919,4983,0.13497115306481758,823,0.16516154926750953,0.18146192771084338,0.16557720628991612,0.09989011345230954,0.8488312251144398,0.016197621820742705,0.0
grouped_iid,LOG_TRAIN_P90,0.95,0.02,0.99,0.02,36919,4983,0.13497115306481758,823,0.16516154926750953,0.18146192771084338,0.16557720628991612,0.09989011345230954,0.8488312251144398,0.016197621820742705,0.0
grouped_iid,LOG_TRAIN_P90,0.95,0.02,0.99,0.05,36919,4983,0.13497115306481758,823,0.16516154926750953,0.18146192771084338,0.16557720628991612,0.09989011345230954,0.8488312251144398,0.016197621820742705,0.0
grouped_iid,LOG_TRAIN_P90,0.95,0.02,0.99,0.1,36919,4983,0.13497115306481758,823,0.16516154926750953,0.18146192771084338,0.16557720628991612,0.09989011345230954,0.8488312251144398,0.016197621820742705,0.0
grouped_iid,LOG_TRAIN_P90,0.95,0.05,0.9,0.01,36919,6376,0.172702402556949,1077,0.1689146800501882,0.20063101011965698,0.17079059237208455,0.10210194703031497,0.8102602995747447,0.01703729786830629,0.0
grouped_iid,LOG_TRAIN_P90,0.95,0.05,0.9,0.02,36919,6376,0.172702402556949,1077,0.1689146800501882,0.20063101011965698,0.17079059237208455,0.1016750665622633,0.8049242937240987,0.0223733037189523,0.0
grouped_iid,LOG_TRAIN_P90,0.95,0.05,0.9,0.05,36919,6376,0.172702402556949,1077,0.1689146800501882,0.20063101011965698,0.17079059237208455,0.09998704684341933,0.7838240472385493,0.04347355020450175,0.0
grouped_iid,LOG_TRAIN_P90,0.95,0.05,0.9,0.1,36919,6376,0.172702402556949,1077,0.1689146800501882,0.20063101011965698,0.17079059237208455,0.09974435337934934,0.7807903789376743,0.04650721850537663,0.0
grouped_iid,LOG_TRAIN_P90,0.95,0.05,0.95,0.01,36919,6376,0.172702402556949,1077,0.1689146800501882,0.20063101011965698,0.17079059237208455,0.10210194703031497,0.8102602995747447,0.01703729786830629,0.0
grouped_iid,LOG_TRAIN_P90,0.95,0.05,0.95,0.02,36919,6376,0.172702402556949,1077,0.1689146800501882,0.20063101011965698,0.17079059237208455,0.1016750665622633,0.8049242937240987,0.0223733037189523,0.0
grouped_iid,LOG_TRAIN_P90,0.95,0.05,0.95,0.05,36919,6376,0.172702402556949,1077,0.1689146800501882,0.20063101011965698,0.17079059237208455,0.10018423528297621,0.7862889027330101,0.0410086947100409,0.0
grouped_iid,LOG_TRAIN_P90,0.95,0.05,0.95,0.1,36919,6376,0.172702402556949,1077,0.1689146800501882,0.20063101011965698,0.17079059237208455,0.1001799014711178,0.7862347300847802,0.04106286735827081,0.0
grouped_iid,LOG_TRAIN_P90,0.95,0.05,0.97,0.01,36919,6376,0.172702402556949,1077,0.1689146800501882,0.20063101011965698,0.17079059237208455,0.10210411393624416,0.8102873858988596,0.01701021154419134,0.0
grouped_iid,LOG_TRAIN_P90,0.95,0.05,0.97,0.02,36919,6376,0.172702402556949,1077,0.1689146800501882,0.20063101011965698,0.17079059237208455,0.10174874136385596,0.8058452287440071,0.021452368699043853,0.0
grouped_iid,LOG_TRAIN_P90,0.95,0.05,0.97,0.05,36919,6376,0.172702402556949,1077,0.1689146800501882,0.20063101011965698,0.17079059237208455,0.10157972270137865,0.8037324954630407,0.023565101980010293,0.0
grouped_iid,LOG_TRAIN_P90,0.95,0.05,0.97,0.1,36919,6376,0.172702402556949,1077,0.1689146800501882,0.20063101011965698,0.17079059237208455,0.10157972270137865,0.8037324954630407,0.023565101980010293,0.0
grouped_iid,LOG_TRAIN_P90,0.95,0.05,0.99,0.01,36919,6376,0.172702402556949,1077,0.1689146800501882,0.20063101011965698,0.17079059237208455,0.10216912111412005,0.8110999756223083,0.016197621820742705,0.0
grouped_iid,LOG_TRAIN_P90,0.95,0.05,0.99,0.02,36919,6376,0.172702402556949,1077,0.1689146800501882,0.20063101011965698,0.17079059237208455,0.10216912111412005,0.8110999756223083,0.016197621820742705,0.0
grouped_iid,LOG_TRAIN_P90,0.95,0.05,0.99,0.05,36919,6376,0.172702402556949,1077,0.1689146800501882,0.20063101011965698,0.17079059237208455,0.10216912111412005,0.8110999756223083,0.016197621820742705,0.0
grouped_iid,LOG_TRAIN_P90,0.95,0.05,0.99,0.1,36919,6376,0.172702402556949,1077,0.1689146800501882,0.20063101011965698,0.17079059237208455,0.10216912111412005,0.8110999756223083,0.016197621820742705,0.0
grouped_iid,LOG_TRAIN_P90,0.95,0.1,0.9,0.01,36919,6383,0.17289200682575367,1079,0.1690427698574338,0.20288607746642398,0.1710052241463958,0.10214762536449978,0.81007069530594,0.01703729786830629,0.0
grouped_iid,LOG_TRAIN_P90,0.95,0.1,0.9,0.02,36919,6383,0.17289200682575367,1079,0.1690427698574338,0.20288607746642398,0.1710052241463958,0.1017207448964481,0.804734689455294,0.0223733037189523,0.0
grouped_iid,LOG_TRAIN_P90,0.95,0.1,0.9,0.05,36919,6383,0.17289200682575367,1079,0.1690427698574338,0.20288607746642398,0.1710052241463958,0.10003272517760416,0.7836344429697446,0.04347355020450175,0.0
grouped_iid,LOG_TRAIN_P90,0.95,0.1,0.9,0.1,36919,6383,0.17289200682575367,1079,0.1690427698574338,0.20288607746642398,0.1710052241463958,0.09979003171353416,0.7806007746688697,0.04650721850537663,0.0
grouped_iid,LOG_TRAIN_P90,0.95,0.1,0.95,0.01,36919,6383,0.17289200682575367,1079,0.1690427698574338,0.20288607746642398,0.1710052241463958,0.10214762536449978,0.81007069530594,0.01703729786830629,0.0
grouped_iid,LOG_TRAIN_P90,0.95,0.1,0.95,0.02,36919,6383,0.17289200682575367,1079,0.1690427698574338,0.20288607746642398,0.1710052241463958,0.1017207448964481,0.804734689455294,0.0223733037189523,0.0
grouped_iid,LOG_TRAIN_P90,0.95,0.1,0.95,0.05,36919,6383,0.17289200682575367,1079,0.1690427698574338,0.20288607746642398,0.1710052241463958,0.10022991361716102,0.7860992984642055,0.0410086947100409,0.0
grouped_iid,LOG_TRAIN_P90,0.95,0.1,0.95,0.1,36919,6383,0.17289200682575367,1079,0.1690427698574338,0.20288607746642398,0.1710052241463958,0.10022557980530263,0.7860451258159755,0.04106286735827081,0.0
grouped_iid,LOG_TRAIN_P90,0.95,0.1,0.97,0.01,36919,6383,0.17289200682575367,1079,0.1690427698574338,0.20288607746642398,0.1710052241463958,0.10214979227042899,0.810097781630055,0.01701021154419134,0.0
grouped_iid,LOG_TRAIN_P90,0.95,0.1,0.97,0.02,36919,6383,0.17289200682575367,1079,0.1690427698574338,0.20288607746642398,0.1710052241463958,0.10179441969804079,0.8056556244752024,0.021452368699043853,0.0
grouped_iid,LOG_TRAIN_P90,0.95,0.1,0.97,0.05,36919,6383,0.17289200682575367,1079,0.1690427698574338,0.20288607746642398,0.1710052241463958,0.10162540103556346,0.803542891194236,0.023565101980010293,0.0
grouped_iid,LOG_TRAIN_P90,0.95,0.1,0.97,0.1,36919,6383,0.17289200682575367,1079,0.1690427698574338,0.20288607746642398,0.1710052241463958,0.10162540103556346,0.803542891194236,0.023565101980010293,0.0
grouped_iid,LOG_TRAIN_P90,0.95,0.1,0.99,0.01,36919,6383,0.17289200682575367,1079,0.1690427698574338,0.20288607746642398,0.1710052241463958,0.10221479944830486,0.8109103713535036,0.016197621820742705,0.0
grouped_iid,LOG_TRAIN_P90,0.95,0.1,0.99,0.02,36919,6383,0.17289200682575367,1079,0.1690427698574338,0.20288607746642398,0.1710052241463958,0.10221479944830486,0.8109103713535036,0.016197621820742705,0.0
grouped_iid,LOG_TRAIN_P90,0.95,0.1,0.99,0.05,36919,6383,0.17289200682575367,1079,0.1690427698574338,0.20288607746642398,0.1710052241463958,0.10221479944830486,0.8109103713535036,0.016197621820742705,0.0
grouped_iid,LOG_TRAIN_P90,0.95,0.1,0.99,0.1,36919,6383,0.17289200682575367,1079,0.1690427698574338,0.20288607746642398,0.1710052241463958,0.10221479944830486,0.8109103713535036,0.016197621820742705,0.0
grouped_iid,LOG_TRAIN_P90,0.95,0.2,0.9,0.01,36919,6383,0.17289200682575367,1079,0.1690427698574338,0.20288607746642398,0.1710052241463958,0.10214762536449978,0.81007069530594,0.01703729786830629,0.0
grouped_iid,LOG_TRAIN_P90,0.95,0.2,0.9,0.02,36919,6383,0.17289200682575367,1079,0.1690427698574338,0.20288607746642398,0.1710052241463958,0.1017207448964481,0.804734689455294,0.0223733037189523,0.0
grouped_iid,LOG_TRAIN_P90,0.95,0.2,0.9,0.05,36919,6383,0.17289200682575367,1079,0.1690427698574338,0.20288607746642398,0.1710052241463958,0.10003272517760416,0.7836344429697446,0.04347355020450175,0.0
grouped_iid,LOG_TRAIN_P90,0.95,0.2,0.9,0.1,36919,6383,0.17289200682575367,1079,0.1690427698574338,0.20288607746642398,0.1710052241463958,0.09979003171353416,0.7806007746688697,0.04650721850537663,0.0
grouped_iid,LOG_TRAIN_P90,0.95,0.2,0.95,0.01,36919,6383,0.17289200682575367,1079,0.1690427698574338,0.20288607746642398,0.1710052241463958,0.10214762536449978,0.81007069530594,0.01703729786830629,0.0
grouped_iid,LOG_TRAIN_P90,0.95,0.2,0.95,0.02,36919,6383,0.17289200682575367,1079,0.1690427698574338,0.20288607746642398,0.1710052241463958,0.1017207448964481,0.804734689455294,0.0223733037189523,0.0
grouped_iid,LOG_TRAIN_P90,0.95,0.2,0.95,0.05,36919,6383,0.17289200682575367,1079,0.1690427698574338,0.20288607746642398,0.1710052241463958,0.10022991361716102,0.7860992984642055,0.0410086947100409,0.0
grouped_iid,LOG_TRAIN_P90,0.95,0.2,0.95,0.1,36919,6383,0.17289200682575367,1079,0.1690427698574338,0.20288607746642398,0.1710052241463958,0.10022557980530263,0.7860451258159755,0.04106286735827081,0.0
grouped_iid,LOG_TRAIN_P90,0.95,0.2,0.97,0.01,36919,6383,0.17289200682575367,1079,0.1690427698574338,0.20288607746642398,0.1710052241463958,0.10214979227042899,0.810097781630055,0.01701021154419134,0.0
grouped_iid,LOG_TRAIN_P90,0.95,0.2,0.97,0.02,36919,6383,0.17289200682575367,1079,0.1690427698574338,0.20288607746642398,0.1710052241463958,0.10179441969804079,0.8056556244752024,0.021452368699043853,0.0
grouped_iid,LOG_TRAIN_P90,0.95,0.2,0.97,0.05,36919,6383,0.17289200682575367,1079,0.1690427698574338,0.20288607746642398,0.1710052241463958,0.10162540103556346,0.803542891194236,0.023565101980010293,0.0
grouped_iid,LOG_TRAIN_P90,0.95,0.2,0.97,0.1,36919,6383,0.17289200682575367,1079,0.1690427698574338,0.20288607746642398,0.1710052241463958,0.10162540103556346,0.803542891194236,0.023565101980010293,0.0
grouped_iid,LOG_TRAIN_P90,0.95,0.2,0.99,0.01,36919,6383,0.17289200682575367,1079,0.1690427698574338,0.20288607746642398,0.1710052241463958,0.10221479944830486,0.8109103713535036,0.016197621820742705,0.0
grouped_iid,LOG_TRAIN_P90,0.95,0.2,0.99,0.02,36919,6383,0.17289200682575367,1079,0.1690427698574338,0.20288607746642398,0.1710052241463958,0.10221479944830486,0.8109103713535036,0.016197621820742705,0.0
grouped_iid,LOG_TRAIN_P90,0.95,0.2,0.99,0.05,36919,6383,0.17289200682575367,1079,0.1690427698574338,0.20288607746642398,0.1710052241463958,0.10221479944830486,0.8109103713535036,0.016197621820742705,0.0
grouped_iid,LOG_TRAIN_P90,0.95,0.2,0.99,0.1,36919,6383,0.17289200682575367,1079,0.1690427698574338,0.20288607746642398,0.1710052241463958,0.10221479944830486,0.8109103713535036,0.016197621820742705,0.0
grouped_iid,LOG_TRAIN_P90,0.97,0.01,0.9,0.01,36919,2064,0.0559061729732658,342,0.16569767441860464,0.1564156769051476,0.16546968527515163,0.09859300707438277,0.927056529158428,0.01703729786830629,0.0
grouped_iid,LOG_TRAIN_P90,0.97,0.01,0.9,0.02,36919,2064,0.0559061729732658,342,0.16569767441860464,0.1564156769051476,0.16546968527515163,0.0981661266063311,0.9217205233077819,0.0223733037189523,0.0
grouped_iid,LOG_TRAIN_P90,0.97,0.01,0.9,0.05,36919,2064,0.0559061729732658,342,0.16569767441860464,0.1564156769051476,0.16546968527515163,0.09647810688748713,0.9006202768222324,0.04347355020450175,0.0
grouped_iid,LOG_TRAIN_P90,0.97,0.01,0.9,0.1,36919,2064,0.0559061729732658,342,0.16569767441860464,0.1564156769051476,0.16546968527515163,0.09623541342341714,0.8975866085213575,0.04650721850537663,0.0
grouped_iid,LOG_TRAIN_P90,0.97,0.01,0.95,0.01,36919,2064,0.0559061729732658,342,0.16569767441860464,0.1564156769051476,0.16546968527515163,0.09859300707438277,0.927056529158428,0.01703729786830629,0.0
grouped_iid,LOG_TRAIN_P90,0.97,0.01,0.95,0.02,36919,2064,0.0559061729732658,342,0.16569767441860464,0.1564156769051476,0.16546968527515163,0.0981661266063311,0.9217205233077819,0.0223733037189523,0.0
grouped_iid,LOG_TRAIN_P90,0.97,0.01,0.95,0.05,36919,2064,0.0559061729732658,342,0.16569767441860464,0.1564156769051476,0.16546968527515163,0.09667529532704401,0.9030851323166933,0.0410086947100409,0.0
grouped_iid,LOG_TRAIN_P90,0.97,0.01,0.95,0.1,36919,2064,0.0559061729732658,342,0.16569767441860464,0.1564156769051476,0.16546968527515163,0.09667096151518562,0.9030309596684634,0.04106286735827081,0.0
grouped_iid,LOG_TRAIN_P90,0.97,0.01,0.97,0.01,36919,2064,0.0559061729732658,342,0.16569767441860464,0.1564156769051476,0.16546968527515163,0.09859517398031198,0.9270836154825428,0.01701021154419134,0.0
grouped_iid,LOG_TRAIN_P90,0.97,0.01,0.97,0.02,36919,2064,0.0559061729732658,342,0.16569767441860464,0.1564156769051476,0.16546968527515163,0.09823980140792377,0.9226414583276904,0.021452368699043853,0.0
grouped_iid,LOG_TRAIN_P90,0.97,0.01,0.97,0.05,36919,2064,0.0559061729732658,342,0.16569767441860464,0.1564156769051476,0.16546968527515163,0.09807078274544646,0.9205287250467239,0.023565101980010293,0.0
grouped_iid,LOG_TRAIN_P90,0.97,0.01,0.97,0.1,36919,2064,0.0559061729732658,342,0.16569767441860464,0.1564156769051476,0.16546968527515163,0.09807078274544646,0.9205287250467239,0.023565101980010293,0.0
grouped_iid,LOG_TRAIN_P90,0.97,0.01,0.99,0.01,36919,2064,0.0559061729732658,342,0.16569767441860464,0.1564156769051476,0.16546968527515163,0.09866018115818787,0.9278962052059915,0.016197621820742705,0.0
grouped_iid,LOG_TRAIN_P90,0.97,0.01,0.99,0.02,36919,2064,0.0559061729732658,342,0.16569767441860464,0.1564156769051476,0.16546968527515163,0.09866018115818787,0.9278962052059915,0.016197621820742705,0.0
grouped_iid,LOG_TRAIN_P90,0.97,0.01,0.99,0.05,36919,2064,0.0559061729732658,342,0.16569767441860464,0.1564156769051476,0.16546968527515163,0.09866018115818787,0.9278962052059915,0.016197621820742705,0.0
grouped_iid,LOG_TRAIN_P90,0.97,0.01,0.99,0.1,36919,2064,0.0559061729732658,342,0.16569767441860464,0.1564156769051476,0.16546968527515163,0.09866018115818787,0.9278962052059915,0.016197621820742705,0.0
grouped_iid,LOG_TRAIN_P90,0.97,0.02,0.9,0.01,36919,4930,0.133535577886725,818,0.16592292089249494,0.18151588499351484,0.16606934815920602,0.09991623541266048,0.8494271242449687,0.01703729786830629,0.0
grouped_iid,LOG_TRAIN_P90,0.97,0.02,0.9,0.02,36919,4930,0.133535577886725,818,0.16592292089249494,0.18151588499351484,0.16606934815920602,0.09948935494460881,0.8440911183943227,0.0223733037189523,0.0
grouped_iid,LOG_TRAIN_P90,0.97,0.02,0.9,0.05,36919,4930,0.133535577886725,818,0.16592292089249494,0.18151588499351484,0.16606934815920602,0.09780133522576485,0.8229908719087733,0.04347355020450175,0.0
grouped_iid,LOG_TRAIN_P90,0.97,0.02,0.9,0.1,36919,4930,0.133535577886725,818,0.16592292089249494,0.18151588499351484,0.16606934815920602,0.09755864176169486,0.8199572036078984,0.04650721850537663,0.0
grouped_iid,LOG_TRAIN_P90,0.97,0.02,0.95,0.01,36919,4930,0.133535577886725,818,0.16592292089249494,0.18151588499351484,0.16606934815920602,0.09991623541266048,0.8494271242449687,0.01703729786830629,0.0
grouped_iid,LOG_TRAIN_P90,0.97,0.02,0.95,0.02,36919,4930,0.133535577886725,818,0.16592292089249494,0.18151588499351484,0.16606934815920602,0.09948935494460881,0.8440911183943227,0.0223733037189523,0.0
grouped_iid,LOG_TRAIN_P90,0.97,0.02,0.95,0.05,36919,4930,0.133535577886725,818,0.16592292089249494,0.18151588499351484,0.16606934815920602,0.09799852366532172,0.8254557274032341,0.0410086947100409,0.0
grouped_iid,LOG_TRAIN_P90,0.97,0.02,0.95,0.1,36919,4930,0.133535577886725,818,0.16592292089249494,0.18151588499351484,0.16606934815920602,0.09799418985346332,0.8254015547550042,0.04106286735827081,0.0
grouped_iid,LOG_TRAIN_P90,0.97,0.02,0.97,0.01,36919,4930,0.133535577886725,818,0.16592292089249494,0.18151588499351484,0.16606934815920602,0.09991840231858969,0.8494542105690837,0.01701021154419134,0.0
grouped_iid,LOG_TRAIN_P90,0.97,0.02,0.97,0.02,36919,4930,0.133535577886725,818,0.16592292089249494,0.18151588499351484,0.16606934815920602,0.09956302974620149,0.8450120534142311,0.021452368699043853,0.0
grouped_iid,LOG_TRAIN_P90,0.97,0.02,0.97,0.05,36919,4930,0.133535577886725,818,0.16592292089249494,0.18151588499351484,0.16606934815920602,0.09939401108372417,0.8428993201332647,0.023565101980010293,0.0
grouped_iid,LOG_TRAIN_P90,0.97,0.02,0.97,0.1,36919,4930,0.133535577886725,818,0.16592292089249494,0.18151588499351484,0.16606934815920602,0.09939401108372417,0.8428993201332647,0.023565101980010293,0.0
grouped_iid,LOG_TRAIN_P90,0.97,0.02,0.99,0.01,36919,4930,0.133535577886725,818,0.16592292089249494,0.18151588499351484,0.16606934815920602,0.09998340949646559,0.8502668002925323,0.016197621820742705,0.0
grouped_iid,LOG_TRAIN_P90,0.97,0.02,0.99,0.02,36919,4930,0.133535577886725,818,0.16592292089249494,0.18151588499351484,0.16606934815920602,0.09998340949646559,0.8502668002925323,0.016197621820742705,0.0
grouped_iid,LOG_TRAIN_P90,0.97,0.02,0.99,0.05,36919,4930,0.133535577886725,818,0.16592292089249494,0.18151588499351484,0.16606934815920602,0.09998340949646559,0.8502668002925323,0.016197621820742705,0.0
grouped_iid,LOG_TRAIN_P90,0.97,0.02,0.99,0.1,36919,4930,0.133535577886725,818,0.16592292089249494,0.18151588499351484,0.16606934815920602,0.09998340949646559,0.8502668002925323,0.016197621820742705,0.0
grouped_iid,LOG_TRAIN_P90,0.97,0.05,0.9,0.01,36919,5744,0.15558384571629785,976,0.16991643454038996,0.2041850672667094,0.17178055329727995,0.101789657604482,0.8273788564153959,0.01703729786830629,0.0
grouped_iid,LOG_TRAIN_P90,0.97,0.05,0.9,0.02,36919,5744,0.15558384571629785,976,0.16991643454038996,0.2041850672667094,0.17178055329727995,0.10136277713643031,0.8220428505647499,0.0223733037189523,0.0
grouped_iid,LOG_TRAIN_P90,0.97,0.05,0.9,0.05,36919,5744,0.15558384571629785,976,0.16991643454038996,0.2041850672667094,0.17178055329727995,0.09967475741758634,0.8009426040792004,0.04347355020450175,0.0
grouped_iid,LOG_TRAIN_P90,0.97,0.05,0.9,0.1,36919,5744,0.15558384571629785,976,0.16991643454038996,0.2041850672667094,0.17178055329727995,0.09943206395351636,0.7979089357783256,0.04650721850537663,0.0
grouped_iid,LOG_TRAIN_P90,0.97,0.05,0.95,0.01,36919,5744,0.15558384571629785,976,0.16991643454038996,0.2041850672667094,0.17178055329727995,0.101789657604482,0.8273788564153959,0.01703729786830629,0.0
grouped_iid,LOG_TRAIN_P90,0.97,0.05,0.95,0.02,36919,5744,0.15558384571629785,976,0.16991643454038996,0.2041850672667094,0.17178055329727995,0.10136277713643031,0.8220428505647499,0.0223733037189523,0.0
grouped_iid,LOG_TRAIN_P90,0.97,0.05,0.95,0.05,36919,5744,0.15558384571629785,976,0.16991643454038996,0.2041850672667094,0.17178055329727995,0.09987194585714322,0.8034074595736612,0.0410086947100409,0.0
grouped_iid,LOG_TRAIN_P90,0.97,0.05,0.95,0.1,36919,5744,0.15558384571629785,976,0.16991643454038996,0.2041850672667094,0.17178055329727995,0.09986761204528483,0.8033532869254314,0.04106286735827081,0.0
grouped_iid,LOG_TRAIN_P90,0.97,0.05,0.97,0.01,36919,5744,0.15558384571629785,976,0.16991643454038996,0.2041850672667094,0.17178055329727995,0.10179182451041119,0.8274059427395108,0.01701021154419134,0.0
grouped_iid,LOG_TRAIN_P90,0.97,0.05,0.97,0.02,36919,5744,0.15558384571629785,976,0.16991643454038996,0.2041850672667094,0.17178055329727995,0.10143645193802299,0.8229637855846583,0.021452368699043853,0.0
grouped_iid,LOG_TRAIN_P90,0.97,0.05,0.97,0.05,36919,5744,0.15558384571629785,976,0.16991643454038996,0.2041850672667094,0.17178055329727995,0.10126743327554566,0.8208510523036918,0.023565101980010293,0.0
grouped_iid,LOG_TRAIN_P90,0.97,0.05,0.97,0.1,36919,5744,0.15558384571629785,976,0.16991643454038996,0.2041850672667094,0.17178055329727995,0.10126743327554566,0.8208510523036918,0.023565101980010293,0.0
grouped_iid,LOG_TRAIN_P90,0.97,0.05,0.99,0.01,36919,5744,0.15558384571629785,976,0.16991643454038996,0.2041850672667094,0.17178055329727995,0.10185683168828708,0.8282185324629594,0.016197621820742705,0.0
grouped_iid,LOG_TRAIN_P90,0.97,0.05,0.99,0.02,36919,5744,0.15558384571629785,976,0.16991643454038996,0.2041850672667094,0.17178055329727995,0.10185683168828708,0.8282185324629594,0.016197621820742705,0.0
grouped_iid,LOG_TRAIN_P90,0.97,0.05,0.99,0.05,36919,5744,0.15558384571629785,976,0.16991643454038996,0.2041850672667094,0.17178055329727995,0.10185683168828708,0.8282185324629594,0.016197621820742705,0.0
grouped_iid,LOG_TRAIN_P90,0.97,0.05,0.99,0.1,36919,5744,0.15558384571629785,976,0.16991643454038996,0.2041850672667094,0.17178055329727995,0.10185683168828708,0.8282185324629594,0.016197621820742705,0.0
grouped_iid,LOG_TRAIN_P90,0.97,0.1,0.9,0.01,36919,5744,0.15558384571629785,976,0.16991643454038996,0.2041850672667094,0.17178055329727995,0.101789657604482,0.8273788564153959,0.01703729786830629,0.0
grouped_iid,LOG_TRAIN_P90,0.97,0.1,0.9,0.02,36919,5744,0.15558384571629785,976,0.16991643454038996,0.2041850672667094,0.17178055329727995,0.10136277713643031,0.8220428505647499,0.0223733037189523,0.0
grouped_iid,LOG_TRAIN_P90,0.97,0.1,0.9,0.05,36919,5744,0.15558384571629785,976,0.16991643454038996,0.2041850672667094,0.17178055329727995,0.09967475741758634,0.8009426040792004,0.04347355020450175,0.0
grouped_iid,LOG_TRAIN_P90,0.97,0.1,0.9,0.1,36919,5744,0.15558384571629785,976,0.16991643454038996,0.2041850672667094,0.17178055329727995,0.09943206395351636,0.7979089357783256,0.04650721850537663,0.0
grouped_iid,LOG_TRAIN_P90,0.97,0.1,0.95,0.01,36919,5744,0.15558384571629785,976,0.16991643454038996,0.2041850672667094,0.17178055329727995,0.101789657604482,0.8273788564153959,0.01703729786830629,0.0
grouped_iid,LOG_TRAIN_P90,0.97,0.1,0.95,0.02,36919,5744,0.15558384571629785,976,0.16991643454038996,0.2041850672667094,0.17178055329727995,0.10136277713643031,0.8220428505647499,0.0223733037189523,0.0
grouped_iid,LOG_TRAIN_P90,0.97,0.1,0.95,0.05,36919,5744,0.15558384571629785,976,0.16991643454038996,0.2041850672667094,0.17178055329727995,0.09987194585714322,0.8034074595736612,0.0410086947100409,0.0
grouped_iid,LOG_TRAIN_P90,0.97,0.1,0.95,0.1,36919,5744,0.15558384571629785,976,0.16991643454038996,0.2041850672667094,0.17178055329727995,0.09986761204528483,0.8033532869254314,0.04106286735827081,0.0
grouped_iid,LOG_TRAIN_P90,0.97,0.1,0.97,0.01,36919,5744,0.15558384571629785,976,0.16991643454038996,0.2041850672667094,0.17178055329727995,0.10179182451041119,0.8274059427395108,0.01701021154419134,0.0
grouped_iid,LOG_TRAIN_P90,0.97,0.1,0.97,0.02,36919,5744,0.15558384571629785,976,0.16991643454038996,0.2041850672667094,0.17178055329727995,0.10143645193802299,0.8229637855846583,0.021452368699043853,0.0
grouped_iid,LOG_TRAIN_P90,0.97,0.1,0.97,0.05,36919,5744,0.15558384571629785,976,0.16991643454038996,0.2041850672667094,0.17178055329727995,0.10126743327554566,0.8208510523036918,0.023565101980010293,0.0
grouped_iid,LOG_TRAIN_P90,0.97,0.1,0.97,0.1,36919,5744,0.15558384571629785,976,0.16991643454038996,0.2041850672667094,0.17178055329727995,0.10126743327554566,0.8208510523036918,0.023565101980010293,0.0
grouped_iid,LOG_TRAIN_P90,0.97,0.1,0.99,0.01,36919,5744,0.15558384571629785,976,0.16991643454038996,0.2041850672667094,0.17178055329727995,0.10185683168828708,0.8282185324629594,0.016197621820742705,0.0
grouped_iid,LOG_TRAIN_P90,0.97,0.1,0.99,0.02,36919,5744,0.15558384571629785,976,0.16991643454038996,0.2041850672667094,0.17178055329727995,0.10185683168828708,0.8282185324629594,0.016197621820742705,0.0
grouped_iid,LOG_TRAIN_P90,0.97,0.1,0.99,0.05,36919,5744,0.15558384571629785,976,0.16991643454038996,0.2041850672667094,0.17178055329727995,0.10185683168828708,0.8282185324629594,0.016197621820742705,0.0
grouped_iid,LOG_TRAIN_P90,0.97,0.1,0.99,0.1,36919,5744,0.15558384571629785,976,0.16991643454038996,0.2041850672667094,0.17178055329727995,0.10185683168828708,0.8282185324629594,0.016197621820742705,0.0
grouped_iid,LOG_TRAIN_P90,0.97,0.2,0.9,0.01,36919,5744,0.15558384571629785,976,0.16991643454038996,0.2041850672667094,0.17178055329727995,0.101789657604482,0.8273788564153959,0.01703729786830629,0.0
grouped_iid,LOG_TRAIN_P90,0.97,0.2,0.9,0.02,36919,5744,0.15558384571629785,976,0.16991643454038996,0.2041850672667094,0.17178055329727995,0.10136277713643031,0.8220428505647499,0.0223733037189523,0.0
grouped_iid,LOG_TRAIN_P90,0.97,0.2,0.9,0.05,36919,5744,0.15558384571629785,976,0.16991643454038996,0.2041850672667094,0.17178055329727995,0.09967475741758634,0.8009426040792004,0.04347355020450175,0.0
grouped_iid,LOG_TRAIN_P90,0.97,0.2,0.9,0.1,36919,5744,0.15558384571629785,976,0.16991643454038996,0.2041850672667094,0.17178055329727995,0.09943206395351636,0.7979089357783256,0.04650721850537663,0.0
grouped_iid,LOG_TRAIN_P90,0.97,0.2,0.95,0.01,36919,5744,0.15558384571629785,976,0.16991643454038996,0.2041850672667094,0.17178055329727995,0.101789657604482,0.8273788564153959,0.01703729786830629,0.0
grouped_iid,LOG_TRAIN_P90,0.97,0.2,0.95,0.02,36919,5744,0.15558384571629785,976,0.16991643454038996,0.2041850672667094,0.17178055329727995,0.10136277713643031,0.8220428505647499,0.0223733037189523,0.0
grouped_iid,LOG_TRAIN_P90,0.97,0.2,0.95,0.05,36919,5744,0.15558384571629785,976,0.16991643454038996,0.2041850672667094,0.17178055329727995,0.09987194585714322,0.8034074595736612,0.0410086947100409,0.0
grouped_iid,LOG_TRAIN_P90,0.97,0.2,0.95,0.1,36919,5744,0.15558384571629785,976,0.16991643454038996,0.2041850672667094,0.17178055329727995,0.09986761204528483,0.8033532869254314,0.04106286735827081,0.0
grouped_iid,LOG_TRAIN_P90,0.97,0.2,0.97,0.01,36919,5744,0.15558384571629785,976,0.16991643454038996,0.2041850672667094,0.17178055329727995,0.10179182451041119,0.8274059427395108,0.01701021154419134,0.0
grouped_iid,LOG_TRAIN_P90,0.97,0.2,0.97,0.02,36919,5744,0.15558384571629785,976,0.16991643454038996,0.2041850672667094,0.17178055329727995,0.10143645193802299,0.8229637855846583,0.021452368699043853,0.0
grouped_iid,LOG_TRAIN_P90,0.97,0.2,0.97,0.05,36919,5744,0.15558384571629785,976,0.16991643454038996,0.2041850672667094,0.17178055329727995,0.10126743327554566,0.8208510523036918,0.023565101980010293,0.0
grouped_iid,LOG_TRAIN_P90,0.97,0.2,0.97,0.1,36919,5744,0.15558384571629785,976,0.16991643454038996,0.2041850672667094,0.17178055329727995,0.10126743327554566,0.8208510523036918,0.023565101980010293,0.0
grouped_iid,LOG_TRAIN_P90,0.97,0.2,0.99,0.01,36919,5744,0.15558384571629785,976,0.16991643454038996,0.2041850672667094,0.17178055329727995,0.10185683168828708,0.8282185324629594,0.016197621820742705,0.0
grouped_iid,LOG_TRAIN_P90,0.97,0.2,0.99,0.02,36919,5744,0.15558384571629785,976,0.16991643454038996,0.2041850672667094,0.17178055329727995,0.10185683168828708,0.8282185324629594,0.016197621820742705,0.0
grouped_iid,LOG_TRAIN_P90,0.97,0.2,0.99,0.05,36919,5744,0.15558384571629785,976,0.16991643454038996,0.2041850672667094,0.17178055329727995,0.10185683168828708,0.8282185324629594,0.016197621820742705,0.0
grouped_iid,LOG_TRAIN_P90,0.97,0.2,0.99,0.1,36919,5744,0.15558384571629785,976,0.16991643454038996,0.2041850672667094,0.17178055329727995,0.10185683168828708,0.8282185324629594,0.016197621820742705,0.0
grouped_iid,LOG_TRAIN_P90,0.99,0.01,0.9,0.01,36919,115,0.0031149272732197515,23,0.2,0.13432134620312633,0.19239902527898026,0.09876218006489818,0.979847774858474,0.01703729786830629,0.0
grouped_iid,LOG_TRAIN_P90,0.99,0.01,0.9,0.02,36919,115,0.0031149272732197515,23,0.2,0.13432134620312633,0.19239902527898026,0.09833529959684649,0.974511769007828,0.0223733037189523,0.0
grouped_iid,LOG_TRAIN_P90,0.99,0.01,0.9,0.05,36919,115,0.0031149272732197515,23,0.2,0.13432134620312633,0.19239902527898026,0.09664727987800253,0.9534115225222785,0.04347355020450175,0.0
grouped_iid,LOG_TRAIN_P90,0.99,0.01,0.9,0.1,36919,115,0.0031149272732197515,23,0.2,0.13432134620312633,0.19239902527898026,0.09640458641393254,0.9503778542214036,0.04650721850537663,0.0
grouped_iid,LOG_TRAIN_P90,0.99,0.01,0.95,0.01,36919,115,0.0031149272732197515,23,0.2,0.13432134620312633,0.19239902527898026,0.09876218006489818,0.979847774858474,0.01703729786830629,0.0
grouped_iid,LOG_TRAIN_P90,0.99,0.01,0.95,0.02,36919,115,0.0031149272732197515,23,0.2,0.13432134620312633,0.19239902527898026,0.09833529959684649,0.974511769007828,0.0223733037189523,0.0
grouped_iid,LOG_TRAIN_P90,0.99,0.01,0.95,0.05,36919,115,0.0031149272732197515,23,0.2,0.13432134620312633,0.19239902527898026,0.09684446831755941,0.9558763780167393,0.0410086947100409,0.0
grouped_iid,LOG_TRAIN_P90,0.99,0.01,0.95,0.1,36919,115,0.0031149272732197515,23,0.2,0.13432134620312633,0.19239902527898026,0.096840134505701,0.9558222053685095,0.04106286735827081,0.0
grouped_iid,LOG_TRAIN_P90,0.99,0.01,0.97,0.01,36919,115,0.0031149272732197515,23,0.2,0.13432134620312633,0.19239902527898026,0.09876434697082737,0.9798748611825889,0.01701021154419134,0.0
grouped_iid,LOG_TRAIN_P90,0.99,0.01,0.97,0.02,36919,115,0.0031149272732197515,23,0.2,0.13432134620312633,0.19239902527898026,0.09840897439843917,0.9754327040277364,0.021452368699043853,0.0
grouped_iid,LOG_TRAIN_P90,0.99,0.01,0.97,0.05,36919,115,0.0031149272732197515,23,0.2,0.13432134620312633,0.19239902527898026,0.09823995573596185,0.9733199707467699,0.023565101980010293,0.0
grouped_iid,LOG_TRAIN_P90,0.99,0.01,0.97,0.1,36919,115,0.0031149272732197515,23,0.2,0.13432134620312633,0.19239902527898026,0.09823995573596185,0.9733199707467699,0.023565101980010293,0.0
grouped_iid,LOG_TRAIN_P90,0.99,0.01,0.99,0.01,36919,115,0.0031149272732197515,23,0.2,0.13432134620312633,0.19239902527898026,0.09882935414870325,0.9806874509060376,0.016197621820742705,0.0
grouped_iid,LOG_TRAIN_P90,0.99,0.01,0.99,0.02,36919,115,0.0031149272732197515,23,0.2,0.13432134620312633,0.19239902527898026,0.09882935414870325,0.9806874509060376,0.016197621820742705,0.0
grouped_iid,LOG_TRAIN_P90,0.99,0.01,0.99,0.05,36919,115,0.0031149272732197515,23,0.2,0.13432134620312633,0.19239902527898026,0.09882935414870325,0.9806874509060376,0.016197621820742705,0.0
grouped_iid,LOG_TRAIN_P90,0.99,0.01,0.99,0.1,36919,115,0.0031149272732197515,23,0.2,0.13432134620312633,0.19239902527898026,0.09882935414870325,0.9806874509060376,0.016197621820742705,0.0
grouped_iid,LOG_TRAIN_P90,0.99,0.02,0.9,0.01,36919,115,0.0031149272732197515,23,0.2,0.13432134620312633,0.19239902527898026,0.09876218006489818,0.979847774858474,0.01703729786830629,0.0
grouped_iid,LOG_TRAIN_P90,0.99,0.02,0.9,0.02,36919,115,0.0031149272732197515,23,0.2,0.13432134620312633,0.19239902527898026,0.09833529959684649,0.974511769007828,0.0223733037189523,0.0
grouped_iid,LOG_TRAIN_P90,0.99,0.02,0.9,0.05,36919,115,0.0031149272732197515,23,0.2,0.13432134620312633,0.19239902527898026,0.09664727987800253,0.9534115225222785,0.04347355020450175,0.0
grouped_iid,LOG_TRAIN_P90,0.99,0.02,0.9,0.1,36919,115,0.0031149272732197515,23,0.2,0.13432134620312633,0.19239902527898026,0.09640458641393254,0.9503778542214036,0.04650721850537663,0.0
grouped_iid,LOG_TRAIN_P90,0.99,0.02,0.95,0.01,36919,115,0.0031149272732197515,23,0.2,0.13432134620312633,0.19239902527898026,0.09876218006489818,0.979847774858474,0.01703729786830629,0.0
grouped_iid,LOG_TRAIN_P90,0.99,0.02,0.95,0.02,36919,115,0.0031149272732197515,23,0.2,0.13432134620312633,0.19239902527898026,0.09833529959684649,0.974511769007828,0.0223733037189523,0.0
grouped_iid,LOG_TRAIN_P90,0.99,0.02,0.95,0.05,36919,115,0.0031149272732197515,23,0.2,0.13432134620312633,0.19239902527898026,0.09684446831755941,0.9558763780167393,0.0410086947100409,0.0
grouped_iid,LOG_TRAIN_P90,0.99,0.02,0.95,0.1,36919,115,0.0031149272732197515,23,0.2,0.13432134620312633,0.19239902527898026,0.096840134505701,0.9558222053685095,0.04106286735827081,0.0
grouped_iid,LOG_TRAIN_P90,0.99,0.02,0.97,0.01,36919,115,0.0031149272732197515,23,0.2,0.13432134620312633,0.19239902527898026,0.09876434697082737,0.9798748611825889,0.01701021154419134,0.0
grouped_iid,LOG_TRAIN_P90,0.99,0.02,0.97,0.02,36919,115,0.0031149272732197515,23,0.2,0.13432134620312633,0.19239902527898026,0.09840897439843917,0.9754327040277364,0.021452368699043853,0.0
grouped_iid,LOG_TRAIN_P90,0.99,0.02,0.97,0.05,36919,115,0.0031149272732197515,23,0.2,0.13432134620312633,0.19239902527898026,0.09823995573596185,0.9733199707467699,0.023565101980010293,0.0
grouped_iid,LOG_TRAIN_P90,0.99,0.02,0.97,0.1,36919,115,0.0031149272732197515,23,0.2,0.13432134620312633,0.19239902527898026,0.09823995573596185,0.9733199707467699,0.023565101980010293,0.0
grouped_iid,LOG_TRAIN_P90,0.99,0.02,0.99,0.01,36919,115,0.0031149272732197515,23,0.2,0.13432134620312633,0.19239902527898026,0.09882935414870325,0.9806874509060376,0.016197621820742705,0.0
grouped_iid,LOG_TRAIN_P90,0.99,0.02,0.99,0.02,36919,115,0.0031149272732197515,23,0.2,0.13432134620312633,0.19239902527898026,0.09882935414870325,0.9806874509060376,0.016197621820742705,0.0
grouped_iid,LOG_TRAIN_P90,0.99,0.02,0.99,0.05,36919,115,0.0031149272732197515,23,0.2,0.13432134620312633,0.19239902527898026,0.09882935414870325,0.9806874509060376,0.016197621820742705,0.0
grouped_iid,LOG_TRAIN_P90,0.99,0.02,0.99,0.1,36919,115,0.0031149272732197515,23,0.2,0.13432134620312633,0.19239902527898026,0.09882935414870325,0.9806874509060376,0.016197621820742705,0.0
grouped_iid,LOG_TRAIN_P90,0.99,0.05,0.9,0.01,36919,115,0.0031149272732197515,23,0.2,0.13432134620312633,0.19239902527898026,0.09876218006489818,0.979847774858474,0.01703729786830629,0.0
grouped_iid,LOG_TRAIN_P90,0.99,0.05,0.9,0.02,36919,115,0.0031149272732197515,23,0.2,0.13432134620312633,0.19239902527898026,0.09833529959684649,0.974511769007828,0.0223733037189523,0.0
grouped_iid,LOG_TRAIN_P90,0.99,0.05,0.9,0.05,36919,115,0.0031149272732197515,23,0.2,0.13432134620312633,0.19239902527898026,0.09664727987800253,0.9534115225222785,0.04347355020450175,0.0
grouped_iid,LOG_TRAIN_P90,0.99,0.05,0.9,0.1,36919,115,0.0031149272732197515,23,0.2,0.13432134620312633,0.19239902527898026,0.09640458641393254,0.9503778542214036,0.04650721850537663,0.0
grouped_iid,LOG_TRAIN_P90,0.99,0.05,0.95,0.01,36919,115,0.0031149272732197515,23,0.2,0.13432134620312633,0.19239902527898026,0.09876218006489818,0.979847774858474,0.01703729786830629,0.0
grouped_iid,LOG_TRAIN_P90,0.99,0.05,0.95,0.02,36919,115,0.0031149272732197515,23,0.2,0.13432134620312633,0.19239902527898026,0.09833529959684649,0.974511769007828,0.0223733037189523,0.0
grouped_iid,LOG_TRAIN_P90,0.99,0.05,0.95,0.05,36919,115,0.0031149272732197515,23,0.2,0.13432134620312633,0.19239902527898026,0.09684446831755941,0.9558763780167393,0.0410086947100409,0.0
grouped_iid,LOG_TRAIN_P90,0.99,0.05,0.95,0.1,36919,115,0.0031149272732197515,23,0.2,0.13432134620312633,0.19239902527898026,0.096840134505701,0.9558222053685095,0.04106286735827081,0.0
grouped_iid,LOG_TRAIN_P90,0.99,0.05,0.97,0.01,36919,115,0.0031149272732197515,23,0.2,0.13432134620312633,0.19239902527898026,0.09876434697082737,0.9798748611825889,0.01701021154419134,0.0
grouped_iid,LOG_TRAIN_P90,0.99,0.05,0.97,0.02,36919,115,0.0031149272732197515,23,0.2,0.13432134620312633,0.19239902527898026,0.09840897439843917,0.9754327040277364,0.021452368699043853,0.0
grouped_iid,LOG_TRAIN_P90,0.99,0.05,0.97,0.05,36919,115,0.0031149272732197515,23,0.2,0.13432134620312633,0.19239902527898026,0.09823995573596185,0.9733199707467699,0.023565101980010293,0.0
grouped_iid,LOG_TRAIN_P90,0.99,0.05,0.97,0.1,36919,115,0.0031149272732197515,23,0.2,0.13432134620312633,0.19239902527898026,0.09823995573596185,0.9733199707467699,0.023565101980010293,0.0
grouped_iid,LOG_TRAIN_P90,0.99,0.05,0.99,0.01,36919,115,0.0031149272732197515,23,0.2,0.13432134620312633,0.19239902527898026,0.09882935414870325,0.9806874509060376,0.016197621820742705,0.0
grouped_iid,LOG_TRAIN_P90,0.99,0.05,0.99,0.02,36919,115,0.0031149272732197515,23,0.2,0.13432134620312633,0.19239902527898026,0.09882935414870325,0.9806874509060376,0.016197621820742705,0.0
grouped_iid,LOG_TRAIN_P90,0.99,0.05,0.99,0.05,36919,115,0.0031149272732197515,23,0.2,0.13432134620312633,0.19239902527898026,0.09882935414870325,0.9806874509060376,0.016197621820742705,0.0
grouped_iid,LOG_TRAIN_P90,0.99,0.05,0.99,0.1,36919,115,0.0031149272732197515,23,0.2,0.13432134620312633,0.19239902527898026,0.09882935414870325,0.9806874509060376,0.016197621820742705,0.0
grouped_iid,LOG_TRAIN_P90,0.99,0.1,0.9,0.01,36919,115,0.0031149272732197515,23,0.2,0.13432134620312633,0.19239902527898026,0.09876218006489818,0.979847774858474,0.01703729786830629,0.0
grouped_iid,LOG_TRAIN_P90,0.99,0.1,0.9,0.02,36919,115,0.0031149272732197515,23,0.2,0.13432134620312633,0.19239902527898026,0.09833529959684649,0.974511769007828,0.0223733037189523,0.0
grouped_iid,LOG_TRAIN_P90,0.99,0.1,0.9,0.05,36919,115,0.0031149272732197515,23,0.2,0.13432134620312633,0.19239902527898026,0.09664727987800253,0.9534115225222785,0.04347355020450175,0.0
grouped_iid,LOG_TRAIN_P90,0.99,0.1,0.9,0.1,36919,115,0.0031149272732197515,23,0.2,0.13432134620312633,0.19239902527898026,0.09640458641393254,0.9503778542214036,0.04650721850537663,0.0
grouped_iid,LOG_TRAIN_P90,0.99,0.1,0.95,0.01,36919,115,0.0031149272732197515,23,0.2,0.13432134620312633,0.19239902527898026,0.09876218006489818,0.979847774858474,0.01703729786830629,0.0
grouped_iid,LOG_TRAIN_P90,0.99,0.1,0.95,0.02,36919,115,0.0031149272732197515,23,0.2,0.13432134620312633,0.19239902527898026,0.09833529959684649,0.974511769007828,0.0223733037189523,0.0
grouped_iid,LOG_TRAIN_P90,0.99,0.1,0.95,0.05,36919,115,0.0031149272732197515,23,0.2,0.13432134620312633,0.19239902527898026,0.09684446831755941,0.9558763780167393,0.0410086947100409,0.0
grouped_iid,LOG_TRAIN_P90,0.99,0.1,0.95,0.1,36919,115,0.0031149272732197515,23,0.2,0.13432134620312633,0.19239902527898026,0.096840134505701,0.9558222053685095,0.04106286735827081,0.0
grouped_iid,LOG_TRAIN_P90,0.99,0.1,0.97,0.01,36919,115,0.0031149272732197515,23,0.2,0.13432134620312633,0.19239902527898026,0.09876434697082737,0.9798748611825889,0.01701021154419134,0.0
grouped_iid,LOG_TRAIN_P90,0.99,0.1,0.97,0.02,36919,115,0.0031149272732197515,23,0.2,0.13432134620312633,0.19239902527898026,0.09840897439843917,0.9754327040277364,0.021452368699043853,0.0
grouped_iid,LOG_TRAIN_P90,0.99,0.1,0.97,0.05,36919,115,0.0031149272732197515,23,0.2,0.13432134620312633,0.19239902527898026,0.09823995573596185,0.9733199707467699,0.023565101980010293,0.0
grouped_iid,LOG_TRAIN_P90,0.99,0.1,0.97,0.1,36919,115,0.0031149272732197515,23,0.2,0.13432134620312633,0.19239902527898026,0.09823995573596185,0.9733199707467699,0.023565101980010293,0.0
grouped_iid,LOG_TRAIN_P90,0.99,0.1,0.99,0.01,36919,115,0.0031149272732197515,23,0.2,0.13432134620312633,0.19239902527898026,0.09882935414870325,0.9806874509060376,0.016197621820742705,0.0
grouped_iid,LOG_TRAIN_P90,0.99,0.1,0.99,0.02,36919,115,0.0031149272732197515,23,0.2,0.13432134620312633,0.19239902527898026,0.09882935414870325,0.9806874509060376,0.016197621820742705,0.0
grouped_iid,LOG_TRAIN_P90,0.99,0.1,0.99,0.05,36919,115,0.0031149272732197515,23,0.2,0.13432134620312633,0.19239902527898026,0.09882935414870325,0.9806874509060376,0.016197621820742705,0.0
grouped_iid,LOG_TRAIN_P90,0.99,0.1,0.99,0.1,36919,115,0.0031149272732197515,23,0.2,0.13432134620312633,0.19239902527898026,0.09882935414870325,0.9806874509060376,0.016197621820742705,0.0
grouped_iid,LOG_TRAIN_P90,0.99,0.2,0.9,0.01,36919,115,0.0031149272732197515,23,0.2,0.13432134620312633,0.19239902527898026,0.09876218006489818,0.979847774858474,0.01703729786830629,0.0
grouped_iid,LOG_TRAIN_P90,0.99,0.2,0.9,0.02,36919,115,0.0031149272732197515,23,0.2,0.13432134620312633,0.19239902527898026,0.09833529959684649,0.974511769007828,0.0223733037189523,0.0
grouped_iid,LOG_TRAIN_P90,0.99,0.2,0.9,0.05,36919,115,0.0031149272732197515,23,0.2,0.13432134620312633,0.19239902527898026,0.09664727987800253,0.9534115225222785,0.04347355020450175,0.0
grouped_iid,LOG_TRAIN_P90,0.99,0.2,0.9,0.1,36919,115,0.0031149272732197515,23,0.2,0.13432134620312633,0.19239902527898026,0.09640458641393254,0.9503778542214036,0.04650721850537663,0.0
grouped_iid,LOG_TRAIN_P90,0.99,0.2,0.95,0.01,36919,115,0.0031149272732197515,23,0.2,0.13432134620312633,0.19239902527898026,0.09876218006489818,0.979847774858474,0.01703729786830629,0.0
grouped_iid,LOG_TRAIN_P90,0.99,0.2,0.95,0.02,36919,115,0.0031149272732197515,23,0.2,0.13432134620312633,0.19239902527898026,0.09833529959684649,0.974511769007828,0.0223733037189523,0.0
grouped_iid,LOG_TRAIN_P90,0.99,0.2,0.95,0.05,36919,115,0.0031149272732197515,23,0.2,0.13432134620312633,0.19239902527898026,0.09684446831755941,0.9558763780167393,0.0410086947100409,0.0
grouped_iid,LOG_TRAIN_P90,0.99,0.2,0.95,0.1,36919,115,0.0031149272732197515,23,0.2,0.13432134620312633,0.19239902527898026,0.096840134505701,0.9558222053685095,0.04106286735827081,0.0
grouped_iid,LOG_TRAIN_P90,0.99,0.2,0.97,0.01,36919,115,0.0031149272732197515,23,0.2,0.13432134620312633,0.19239902527898026,0.09876434697082737,0.9798748611825889,0.01701021154419134,0.0
grouped_iid,LOG_TRAIN_P90,0.99,0.2,0.97,0.02,36919,115,0.0031149272732197515,23,0.2,0.13432134620312633,0.19239902527898026,0.09840897439843917,0.9754327040277364,0.021452368699043853,0.0
grouped_iid,LOG_TRAIN_P90,0.99,0.2,0.97,0.05,36919,115,0.0031149272732197515,23,0.2,0.13432134620312633,0.19239902527898026,0.09823995573596185,0.9733199707467699,0.023565101980010293,0.0
grouped_iid,LOG_TRAIN_P90,0.99,0.2,0.97,0.1,36919,115,0.0031149272732197515,23,0.2,0.13432134620312633,0.19239902527898026,0.09823995573596185,0.9733199707467699,0.023565101980010293,0.0
grouped_iid,LOG_TRAIN_P90,0.99,0.2,0.99,0.01,36919,115,0.0031149272732197515,23,0.2,0.13432134620312633,0.19239902527898026,0.09882935414870325,0.9806874509060376,0.016197621820742705,0.0
grouped_iid,LOG_TRAIN_P90,0.99,0.2,0.99,0.02,36919,115,0.0031149272732197515,23,0.2,0.13432134620312633,0.19239902527898026,0.09882935414870325,0.9806874509060376,0.016197621820742705,0.0
grouped_iid,LOG_TRAIN_P90,0.99,0.2,0.99,0.05,36919,115,0.0031149272732197515,23,0.2,0.13432134620312633,0.19239902527898026,0.09882935414870325,0.9806874509060376,0.016197621820742705,0.0
grouped_iid,LOG_TRAIN_P90,0.99,0.2,0.99,0.1,36919,115,0.0031149272732197515,23,0.2,0.13432134620312633,0.19239902527898026,0.09882935414870325,0.9806874509060376,0.016197621820742705,0.0
grouped_iid,UNIFORM,0.9,0.01,0.9,0.01,36919,115,0.0031149272732197515,23,0.2,0.13432134620312633,0.2,0.09901568298166258,0.9806874509060376,0.016197621820742705,0.0
grouped_iid,UNIFORM,0.9,0.01,0.9,0.02,36919,115,0.0031149272732197515,23,0.2,0.13432134620312633,0.2,0.09860613776104446,0.9755681356483111,0.02131693707846908,0.0
grouped_iid,UNIFORM,0.9,0.01,0.9,0.05,36919,115,0.0031149272732197515,23,0.2,0.13432134620312633,0.2,0.09702646333866033,0.9558222053685095,0.04106286735827081,0.0
grouped_iid,UNIFORM,0.9,0.01,0.9,0.1,36919,115,0.0031149272732197515,23,0.2,0.13432134620312633,0.2,0.09678810368644873,0.9528427097158645,0.04404236301091579,0.0
grouped_iid,UNIFORM,0.9,0.01,0.95,0.01,36919,115,0.0031149272732197515,23,0.2,0.13432134620312633,0.2,0.09901568298166258,0.9806874509060376,0.016197621820742705,0.0
grouped_iid,UNIFORM,0.9,0.01,0.95,0.02,36919,115,0.0031149272732197515,23,0.2,0.13432134620312633,0.2,0.09860613776104446,0.9755681356483111,0.02131693707846908,0.0
grouped_iid,UNIFORM,0.9,0.01,0.95,0.05,36919,115,0.0031149272732197515,23,0.2,0.13432134620312633,0.2,0.09702646333866033,0.9558222053685095,0.04106286735827081,0.0
grouped_iid,UNIFORM,0.9,0.01,0.95,0.1,36919,115,0.0031149272732197515,23,0.2,0.13432134620312633,0.2,0.09702646333866033,0.9558222053685095,0.04106286735827081,0.0
grouped_iid,UNIFORM,0.9,0.01,0.97,0.01,36919,115,0.0031149272732197515,23,0.2,0.13432134620312633,0.2,0.09901568298166258,0.9806874509060376,0.016197621820742705,0.0
grouped_iid,UNIFORM,0.9,0.01,0.97,0.02,36919,115,0.0031149272732197515,23,0.2,0.13432134620312633,0.2,0.09860613776104446,0.9755681356483111,0.02131693707846908,0.0
grouped_iid,UNIFORM,0.9,0.01,0.97,0.05,36919,115,0.0031149272732197515,23,0.2,0.13432134620312633,0.2,0.09842628456892116,0.9733199707467699,0.023565101980010293,0.0
grouped_iid,UNIFORM,0.9,0.01,0.97,0.1,36919,115,0.0031149272732197515,23,0.2,0.13432134620312633,0.2,0.09842628456892116,0.9733199707467699,0.023565101980010293,0.0
grouped_iid,UNIFORM,0.9,0.01,0.99,0.01,36919,115,0.0031149272732197515,23,0.2,0.13432134620312633,0.2,0.09901568298166258,0.9806874509060376,0.016197621820742705,0.0
grouped_iid,UNIFORM,0.9,0.01,0.99,0.02,36919,115,0.0031149272732197515,23,0.2,0.13432134620312633,0.2,0.09901568298166258,0.9806874509060376,0.016197621820742705,0.0
grouped_iid,UNIFORM,0.9,0.01,0.99,0.05,36919,115,0.0031149272732197515,23,0.2,0.13432134620312633,0.2,0.09901568298166258,0.9806874509060376,0.016197621820742705,0.0
grouped_iid,UNIFORM,0.9,0.01,0.99,0.1,36919,115,0.0031149272732197515,23,0.2,0.13432134620312633,0.2,0.09901568298166258,0.9806874509060376,0.016197621820742705,0.0
grouped_iid,UNIFORM,0.9,0.02,0.9,0.01,36919,2663,0.07213088111812346,440,0.16522718738265116,0.19441283005336227,0.16522718738265116,0.10340908475310816,0.9116714970611338,0.016197621820742705,0.0
grouped_iid,UNIFORM,0.9,0.02,0.9,0.02,36919,2663,0.07213088111812346,440,0.16522718738265116,0.19441283005336227,0.16522718738265116,0.10299953953249005,0.9065521818034075,0.02131693707846908,0.0
grouped_iid,UNIFORM,0.9,0.02,0.9,0.05,36919,2663,0.07213088111812346,440,0.16522718738265116,0.19441283005336227,0.16522718738265116,0.10141986511010591,0.8868062515236057,0.04106286735827081,0.0
grouped_iid,UNIFORM,0.9,0.02,0.9,0.1,36919,2663,0.07213088111812346,440,0.16522718738265116,0.19441283005336227,0.16522718738265116,0.10118150545789432,0.8838267558709607,0.04404236301091579,0.0
grouped_iid,UNIFORM,0.9,0.02,0.95,0.01,36919,2663,0.07213088111812346,440,0.16522718738265116,0.19441283005336227,0.16522718738265116,0.10340908475310816,0.9116714970611338,0.016197621820742705,0.0
grouped_iid,UNIFORM,0.9,0.02,0.95,0.02,36919,2663,0.07213088111812346,440,0.16522718738265116,0.19441283005336227,0.16522718738265116,0.10299953953249005,0.9065521818034075,0.02131693707846908,0.0
grouped_iid,UNIFORM,0.9,0.02,0.95,0.05,36919,2663,0.07213088111812346,440,0.16522718738265116,0.19441283005336227,0.16522718738265116,0.10141986511010591,0.8868062515236057,0.04106286735827081,0.0
grouped_iid,UNIFORM,0.9,0.02,0.95,0.1,36919,2663,0.07213088111812346,440,0.16522718738265116,0.19441283005336227,0.16522718738265116,0.10141986511010591,0.8868062515236057,0.04106286735827081,0.0
grouped_iid,UNIFORM,0.9,0.02,0.97,0.01,36919,2663,0.07213088111812346,440,0.16522718738265116,0.19441283005336227,0.16522718738265116,0.10340908475310816,0.9116714970611338,0.016197621820742705,0.0
grouped_iid,UNIFORM,0.9,0.02,0.97,0.02,36919,2663,0.07213088111812346,440,0.16522718738265116,0.19441283005336227,0.16522718738265116,0.10299953953249005,0.9065521818034075,0.02131693707846908,0.0
grouped_iid,UNIFORM,0.9,0.02,0.97,0.05,36919,2663,0.07213088111812346,440,0.16522718738265116,0.19441283005336227,0.16522718738265116,0.10281968634036676,0.9043040169018662,0.023565101980010293,0.0
grouped_iid,UNIFORM,0.9,0.02,0.97,0.1,36919,2663,0.07213088111812346,440,0.16522718738265116,0.19441283005336227,0.16522718738265116,0.10281968634036676,0.9043040169018662,0.023565101980010293,0.0
grouped_iid,UNIFORM,0.9,0.02,0.99,0.01,36919,2663,0.07213088111812346,440,0.16522718738265116,0.19441283005336227,0.16522718738265116,0.10340908475310816,0.9116714970611338,0.016197621820742705,0.0
grouped_iid,UNIFORM,0.9,0.02,0.99,0.02,36919,2663,0.07213088111812346,440,0.16522718738265116,0.19441283005336227,0.16522718738265116,0.10340908475310816,0.9116714970611338,0.016197621820742705,0.0
grouped_iid,UNIFORM,0.9,0.02,0.99,0.05,36919,2663,0.07213088111812346,440,0.16522718738265116,0.19441283005336227,0.16522718738265116,0.10340908475310816,0.9116714970611338,0.016197621820742705,0.0
grouped_iid,UNIFORM,0.9,0.02,0.99,0.1,36919,2663,0.07213088111812346,440,0.16522718738265116,0.19441283005336227,0.16522718738265116,0.10340908475310816,0.9116714970611338,0.016197621820742705,0.0
grouped_iid,UNIFORM,0.9,0.05,0.9,0.01,36919,6383,0.17289200682575367,1079,0.1690427698574338,0.20288607746642398,0.1690427698574338,0.11064113329180099,0.8109103713535036,0.016197621820742705,0.0
grouped_iid,UNIFORM,0.9,0.05,0.9,0.02,36919,6383,0.17289200682575367,1079,0.1690427698574338,0.20288607746642398,0.1690427698574338,0.11023158807118288,0.8057910560957773,0.02131693707846908,0.0
grouped_iid,UNIFORM,0.9,0.05,0.9,0.05,36919,6383,0.17289200682575367,1079,0.1690427698574338,0.20288607746642398,0.1690427698574338,0.10865191364879874,0.7860451258159755,0.04106286735827081,0.0
grouped_iid,UNIFORM,0.9,0.05,0.9,0.1,36919,6383,0.17289200682575367,1079,0.1690427698574338,0.20288607746642398,0.1690427698574338,0.10841355399658713,0.7830656301633305,0.04404236301091579,0.0
grouped_iid,UNIFORM,0.9,0.05,0.95,0.01,36919,6383,0.17289200682575367,1079,0.1690427698574338,0.20288607746642398,0.1690427698574338,0.11064113329180099,0.8109103713535036,0.016197621820742705,0.0
grouped_iid,UNIFORM,0.9,0.05,0.95,0.02,36919,6383,0.17289200682575367,1079,0.1690427698574338,0.20288607746642398,0.1690427698574338,0.11023158807118288,0.8057910560957773,0.02131693707846908,0.0
grouped_iid,UNIFORM,0.9,0.05,0.95,0.05,36919,6383,0.17289200682575367,1079,0.1690427698574338,0.20288607746642398,0.1690427698574338,0.10865191364879874,0.7860451258159755,0.04106286735827081,0.0
grouped_iid,UNIFORM,0.9,0.05,0.95,0.1,36919,6383,0.17289200682575367,1079,0.1690427698574338,0.20288607746642398,0.1690427698574338,0.10865191364879874,0.7860451258159755,0.04106286735827081,0.0
grouped_iid,UNIFORM,0.9,0.05,0.97,0.01,36919,6383,0.17289200682575367,1079,0.1690427698574338,0.20288607746642398,0.1690427698574338,0.11064113329180099,0.8109103713535036,0.016197621820742705,0.0
grouped_iid,UNIFORM,0.9,0.05,0.97,0.02,36919,6383,0.17289200682575367,1079,0.1690427698574338,0.20288607746642398,0.1690427698574338,0.11023158807118288,0.8057910560957773,0.02131693707846908,0.0
grouped_iid,UNIFORM,0.9,0.05,0.97,0.05,36919,6383,0.17289200682575367,1079,0.1690427698574338,0.20288607746642398,0.1690427698574338,0.11005173487905959,0.803542891194236,0.023565101980010293,0.0
grouped_iid,UNIFORM,0.9,0.05,0.97,0.1,36919,6383,0.17289200682575367,1079,0.1690427698574338,0.20288607746642398,0.1690427698574338,0.11005173487905959,0.803542891194236,0.023565101980010293,0.0
grouped_iid,UNIFORM,0.9,0.05,0.99,0.01,36919,6383,0.17289200682575367,1079,0.1690427698574338,0.20288607746642398,0.1690427698574338,0.11064113329180099,0.8109103713535036,0.016197621820742705,0.0
grouped_iid,UNIFORM,0.9,0.05,0.99,0.02,36919,6383,0.17289200682575367,1079,0.1690427698574338,0.20288607746642398,0.1690427698574338,0.11064113329180099,0.8109103713535036,0.016197621820742705,0.0
grouped_iid,UNIFORM,0.9,0.05,0.99,0.05,36919,6383,0.17289200682575367,1079,0.1690427698574338,0.20288607746642398,0.1690427698574338,0.11064113329180099,0.8109103713535036,0.016197621820742705,0.0
grouped_iid,UNIFORM,0.9,0.05,0.99,0.1,36919,6383,0.17289200682575367,1079,0.1690427698574338,0.20288607746642398,0.1690427698574338,0.11064113329180099,0.8109103713535036,0.016197621820742705,0.0
grouped_iid,UNIFORM,0.9,0.1,0.9,0.01,36919,7486,0.20276822232454833,1297,0.173256745925728,0.21103030179064952,0.173256745925728,0.11355833039898158,0.7810341558547089,0.016197621820742705,0.0
grouped_iid,UNIFORM,0.9,0.1,0.9,0.02,36919,7486,0.20276822232454833,1297,0.173256745925728,0.21103030179064952,0.173256745925728,0.11314878517836345,0.7759148405969826,0.02131693707846908,0.0
grouped_iid,UNIFORM,0.9,0.1,0.9,0.05,36919,7486,0.20276822232454833,1297,0.173256745925728,0.21103030179064952,0.173256745925728,0.11156911075597932,0.7561689103171808,0.04106286735827081,0.0
grouped_iid,UNIFORM,0.9,0.1,0.9,0.1,36919,7486,0.20276822232454833,1297,0.173256745925728,0.21103030179064952,0.173256745925728,0.11133075110376771,0.7531894146645359,0.04404236301091579,0.0
grouped_iid,UNIFORM,0.9,0.1,0.95,0.01,36919,7486,0.20276822232454833,1297,0.173256745925728,0.21103030179064952,0.173256745925728,0.11355833039898158,0.7810341558547089,0.016197621820742705,0.0
grouped_iid,UNIFORM,0.9,0.1,0.95,0.02,36919,7486,0.20276822232454833,1297,0.173256745925728,0.21103030179064952,0.173256745925728,0.11314878517836345,0.7759148405969826,0.02131693707846908,0.0
grouped_iid,UNIFORM,0.9,0.1,0.95,0.05,36919,7486,0.20276822232454833,1297,0.173256745925728,0.21103030179064952,0.173256745925728,0.11156911075597932,0.7561689103171808,0.04106286735827081,0.0
grouped_iid,UNIFORM,0.9,0.1,0.95,0.1,36919,7486,0.20276822232454833,1297,0.173256745925728,0.21103030179064952,0.173256745925728,0.11156911075597932,0.7561689103171808,0.04106286735827081,0.0
grouped_iid,UNIFORM,0.9,0.1,0.97,0.01,36919,7486,0.20276822232454833,1297,0.173256745925728,0.21103030179064952,0.173256745925728,0.11355833039898158,0.7810341558547089,0.016197621820742705,0.0
grouped_iid,UNIFORM,0.9,0.1,0.97,0.02,36919,7486,0.20276822232454833,1297,0.173256745925728,0.21103030179064952,0.173256745925728,0.11314878517836345,0.7759148405969826,0.02131693707846908,0.0
grouped_iid,UNIFORM,0.9,0.1,0.97,0.05,36919,7486,0.20276822232454833,1297,0.173256745925728,0.21103030179064952,0.173256745925728,0.11296893198624017,0.7736666756954413,0.023565101980010293,0.0
grouped_iid,UNIFORM,0.9,0.1,0.97,0.1,36919,7486,0.20276822232454833,1297,0.173256745925728,0.21103030179064952,0.173256745925728,0.11296893198624017,0.7736666756954413,0.023565101980010293,0.0
grouped_iid,UNIFORM,0.9,0.1,0.99,0.01,36919,7486,0.20276822232454833,1297,0.173256745925728,0.21103030179064952,0.173256745925728,0.11355833039898158,0.7810341558547089,0.016197621820742705,0.0
grouped_iid,UNIFORM,0.9,0.1,0.99,0.02,36919,7486,0.20276822232454833,1297,0.173256745925728,0.21103030179064952,0.173256745925728,0.11355833039898158,0.7810341558547089,0.016197621820742705,0.0
grouped_iid,UNIFORM,0.9,0.1,0.99,0.05,36919,7486,0.20276822232454833,1297,0.173256745925728,0.21103030179064952,0.173256745925728,0.11355833039898158,0.7810341558547089,0.016197621820742705,0.0
grouped_iid,UNIFORM,0.9,0.1,0.99,0.1,36919,7486,0.20276822232454833,1297,0.173256745925728,0.21103030179064952,0.173256745925728,0.11355833039898158,0.7810341558547089,0.016197621820742705,0.0
grouped_iid,UNIFORM,0.9,0.2,0.9,0.01,36919,7486,0.20276822232454833,1297,0.173256745925728,0.21103030179064952,0.173256745925728,0.11355833039898158,0.7810341558547089,0.016197621820742705,0.0
grouped_iid,UNIFORM,0.9,0.2,0.9,0.02,36919,7486,0.20276822232454833,1297,0.173256745925728,0.21103030179064952,0.173256745925728,0.11314878517836345,0.7759148405969826,0.02131693707846908,0.0
grouped_iid,UNIFORM,0.9,0.2,0.9,0.05,36919,7486,0.20276822232454833,1297,0.173256745925728,0.21103030179064952,0.173256745925728,0.11156911075597932,0.7561689103171808,0.04106286735827081,0.0
grouped_iid,UNIFORM,0.9,0.2,0.9,0.1,36919,7486,0.20276822232454833,1297,0.173256745925728,0.21103030179064952,0.173256745925728,0.11133075110376771,0.7531894146645359,0.04404236301091579,0.0
grouped_iid,UNIFORM,0.9,0.2,0.95,0.01,36919,7486,0.20276822232454833,1297,0.173256745925728,0.21103030179064952,0.173256745925728,0.11355833039898158,0.7810341558547089,0.016197621820742705,0.0
grouped_iid,UNIFORM,0.9,0.2,0.95,0.02,36919,7486,0.20276822232454833,1297,0.173256745925728,0.21103030179064952,0.173256745925728,0.11314878517836345,0.7759148405969826,0.02131693707846908,0.0
grouped_iid,UNIFORM,0.9,0.2,0.95,0.05,36919,7486,0.20276822232454833,1297,0.173256745925728,0.21103030179064952,0.173256745925728,0.11156911075597932,0.7561689103171808,0.04106286735827081,0.0
grouped_iid,UNIFORM,0.9,0.2,0.95,0.1,36919,7486,0.20276822232454833,1297,0.173256745925728,0.21103030179064952,0.173256745925728,0.11156911075597932,0.7561689103171808,0.04106286735827081,0.0
grouped_iid,UNIFORM,0.9,0.2,0.97,0.01,36919,7486,0.20276822232454833,1297,0.173256745925728,0.21103030179064952,0.173256745925728,0.11355833039898158,0.7810341558547089,0.016197621820742705,0.0
grouped_iid,UNIFORM,0.9,0.2,0.97,0.02,36919,7486,0.20276822232454833,1297,0.173256745925728,0.21103030179064952,0.173256745925728,0.11314878517836345,0.7759148405969826,0.02131693707846908,0.0
grouped_iid,UNIFORM,0.9,0.2,0.97,0.05,36919,7486,0.20276822232454833,1297,0.173256745925728,0.21103030179064952,0.173256745925728,0.11296893198624017,0.7736666756954413,0.023565101980010293,0.0
grouped_iid,UNIFORM,0.9,0.2,0.97,0.1,36919,7486,0.20276822232454833,1297,0.173256745925728,0.21103030179064952,0.173256745925728,0.11296893198624017,0.7736666756954413,0.023565101980010293,0.0
grouped_iid,UNIFORM,0.9,0.2,0.99,0.01,36919,7486,0.20276822232454833,1297,0.173256745925728,0.21103030179064952,0.173256745925728,0.11355833039898158,0.7810341558547089,0.016197621820742705,0.0
grouped_iid,UNIFORM,0.9,0.2,0.99,0.02,36919,7486,0.20276822232454833,1297,0.173256745925728,0.21103030179064952,0.173256745925728,0.11355833039898158,0.7810341558547089,0.016197621820742705,0.0
grouped_iid,UNIFORM,0.9,0.2,0.99,0.05,36919,7486,0.20276822232454833,1297,0.173256745925728,0.21103030179064952,0.173256745925728,0.11355833039898158,0.7810341558547089,0.016197621820742705,0.0
grouped_iid,UNIFORM,0.9,0.2,0.99,0.1,36919,7486,0.20276822232454833,1297,0.173256745925728,0.21103030179064952,0.173256745925728,0.11355833039898158,0.7810341558547089,0.016197621820742705,0.0
grouped_iid,UNIFORM,0.95,0.01,0.9,0.01,36919,115,0.0031149272732197515,23,0.2,0.13432134620312633,0.2,0.09901568298166258,0.9806874509060376,0.016197621820742705,0.0
grouped_iid,UNIFORM,0.95,0.01,0.9,0.02,36919,115,0.0031149272732197515,23,0.2,0.13432134620312633,0.2,0.09860613776104446,0.9755681356483111,0.02131693707846908,0.0
grouped_iid,UNIFORM,0.95,0.01,0.9,0.05,36919,115,0.0031149272732197515,23,0.2,0.13432134620312633,0.2,0.09702646333866033,0.9558222053685095,0.04106286735827081,0.0
grouped_iid,UNIFORM,0.95,0.01,0.9,0.1,36919,115,0.0031149272732197515,23,0.2,0.13432134620312633,0.2,0.09678810368644873,0.9528427097158645,0.04404236301091579,0.0
grouped_iid,UNIFORM,0.95,0.01,0.95,0.01,36919,115,0.0031149272732197515,23,0.2,0.13432134620312633,0.2,0.09901568298166258,0.9806874509060376,0.016197621820742705,0.0
grouped_iid,UNIFORM,0.95,0.01,0.95,0.02,36919,115,0.0031149272732197515,23,0.2,0.13432134620312633,0.2,0.09860613776104446,0.9755681356483111,0.02131693707846908,0.0
grouped_iid,UNIFORM,0.95,0.01,0.95,0.05,36919,115,0.0031149272732197515,23,0.2,0.13432134620312633,0.2,0.09702646333866033,0.9558222053685095,0.04106286735827081,0.0
grouped_iid,UNIFORM,0.95,0.01,0.95,0.1,36919,115,0.0031149272732197515,23,0.2,0.13432134620312633,0.2,0.09702646333866033,0.9558222053685095,0.04106286735827081,0.0
grouped_iid,UNIFORM,0.95,0.01,0.97,0.01,36919,115,0.0031149272732197515,23,0.2,0.13432134620312633,0.2,0.09901568298166258,0.9806874509060376,0.016197621820742705,0.0
grouped_iid,UNIFORM,0.95,0.01,0.97,0.02,36919,115,0.0031149272732197515,23,0.2,0.13432134620312633,0.2,0.09860613776104446,0.9755681356483111,0.02131693707846908,0.0
grouped_iid,UNIFORM,0.95,0.01,0.97,0.05,36919,115,0.0031149272732197515,23,0.2,0.13432134620312633,0.2,0.09842628456892116,0.9733199707467699,0.023565101980010293,0.0
grouped_iid,UNIFORM,0.95,0.01,0.97,0.1,36919,115,0.0031149272732197515,23,0.2,0.13432134620312633,0.2,0.09842628456892116,0.9733199707467699,0.023565101980010293,0.0
grouped_iid,UNIFORM,0.95,0.01,0.99,0.01,36919,115,0.0031149272732197515,23,0.2,0.13432134620312633,0.2,0.09901568298166258,0.9806874509060376,0.016197621820742705,0.0
grouped_iid,UNIFORM,0.95,0.01,0.99,0.02,36919,115,0.0031149272732197515,23,0.2,0.13432134620312633,0.2,0.09901568298166258,0.9806874509060376,0.016197621820742705,0.0
grouped_iid,UNIFORM,0.95,0.01,0.99,0.05,36919,115,0.0031149272732197515,23,0.2,0.13432134620312633,0.2,0.09901568298166258,0.9806874509060376,0.016197621820742705,0.0
grouped_iid,UNIFORM,0.95,0.01,0.99,0.1,36919,115,0.0031149272732197515,23,0.2,0.13432134620312633,0.2,0.09901568298166258,0.9806874509060376,0.016197621820742705,0.0
grouped_iid,UNIFORM,0.95,0.02,0.9,0.01,36919,2663,0.07213088111812346,440,0.16522718738265116,0.19441283005336227,0.16522718738265116,0.10340908475310816,0.9116714970611338,0.016197621820742705,0.0
grouped_iid,UNIFORM,0.95,0.02,0.9,0.02,36919,2663,0.07213088111812346,440,0.16522718738265116,0.19441283005336227,0.16522718738265116,0.10299953953249005,0.9065521818034075,0.02131693707846908,0.0
grouped_iid,UNIFORM,0.95,0.02,0.9,0.05,36919,2663,0.07213088111812346,440,0.16522718738265116,0.19441283005336227,0.16522718738265116,0.10141986511010591,0.8868062515236057,0.04106286735827081,0.0
grouped_iid,UNIFORM,0.95,0.02,0.9,0.1,36919,2663,0.07213088111812346,440,0.16522718738265116,0.19441283005336227,0.16522718738265116,0.10118150545789432,0.8838267558709607,0.04404236301091579,0.0
grouped_iid,UNIFORM,0.95,0.02,0.95,0.01,36919,2663,0.07213088111812346,440,0.16522718738265116,0.19441283005336227,0.16522718738265116,0.10340908475310816,0.9116714970611338,0.016197621820742705,0.0
grouped_iid,UNIFORM,0.95,0.02,0.95,0.02,36919,2663,0.07213088111812346,440,0.16522718738265116,0.19441283005336227,0.16522718738265116,0.10299953953249005,0.9065521818034075,0.02131693707846908,0.0
grouped_iid,UNIFORM,0.95,0.02,0.95,0.05,36919,2663,0.07213088111812346,440,0.16522718738265116,0.19441283005336227,0.16522718738265116,0.10141986511010591,0.8868062515236057,0.04106286735827081,0.0
grouped_iid,UNIFORM,0.95,0.02,0.95,0.1,36919,2663,0.07213088111812346,440,0.16522718738265116,0.19441283005336227,0.16522718738265116,0.10141986511010591,0.8868062515236057,0.04106286735827081,0.0
grouped_iid,UNIFORM,0.95,0.02,0.97,0.01,36919,2663,0.07213088111812346,440,0.16522718738265116,0.19441283005336227,0.16522718738265116,0.10340908475310816,0.9116714970611338,0.016197621820742705,0.0
grouped_iid,UNIFORM,0.95,0.02,0.97,0.02,36919,2663,0.07213088111812346,440,0.16522718738265116,0.19441283005336227,0.16522718738265116,0.10299953953249005,0.9065521818034075,0.02131693707846908,0.0
grouped_iid,UNIFORM,0.95,0.02,0.97,0.05,36919,2663,0.07213088111812346,440,0.16522718738265116,0.19441283005336227,0.16522718738265116,0.10281968634036676,0.9043040169018662,0.023565101980010293,0.0
grouped_iid,UNIFORM,0.95,0.02,0.97,0.1,36919,2663,0.07213088111812346,440,0.16522718738265116,0.19441283005336227,0.16522718738265116,0.10281968634036676,0.9043040169018662,0.023565101980010293,0.0
grouped_iid,UNIFORM,0.95,0.02,0.99,0.01,36919,2663,0.07213088111812346,440,0.16522718738265116,0.19441283005336227,0.16522718738265116,0.10340908475310816,0.9116714970611338,0.016197621820742705,0.0
grouped_iid,UNIFORM,0.95,0.02,0.99,0.02,36919,2663,0.07213088111812346,440,0.16522718738265116,0.19441283005336227,0.16522718738265116,0.10340908475310816,0.9116714970611338,0.016197621820742705,0.0
grouped_iid,UNIFORM,0.95,0.02,0.99,0.05,36919,2663,0.07213088111812346,440,0.16522718738265116,0.19441283005336227,0.16522718738265116,0.10340908475310816,0.9116714970611338,0.016197621820742705,0.0
grouped_iid,UNIFORM,0.95,0.02,0.99,0.1,36919,2663,0.07213088111812346,440,0.16522718738265116,0.19441283005336227,0.16522718738265116,0.10340908475310816,0.9116714970611338,0.016197621820742705,0.0
grouped_iid,UNIFORM,0.95,0.05,0.9,0.01,36919,6383,0.17289200682575367,1079,0.1690427698574338,0.20288607746642398,0.1690427698574338,0.11064113329180099,0.8109103713535036,0.016197621820742705,0.0
grouped_iid,UNIFORM,0.95,0.05,0.9,0.02,36919,6383,0.17289200682575367,1079,0.1690427698574338,0.20288607746642398,0.1690427698574338,0.11023158807118288,0.8057910560957773,0.02131693707846908,0.0
grouped_iid,UNIFORM,0.95,0.05,0.9,0.05,36919,6383,0.17289200682575367,1079,0.1690427698574338,0.20288607746642398,0.1690427698574338,0.10865191364879874,0.7860451258159755,0.04106286735827081,0.0
grouped_iid,UNIFORM,0.95,0.05,0.9,0.1,36919,6383,0.17289200682575367,1079,0.1690427698574338,0.20288607746642398,0.1690427698574338,0.10841355399658713,0.7830656301633305,0.04404236301091579,0.0
grouped_iid,UNIFORM,0.95,0.05,0.95,0.01,36919,6383,0.17289200682575367,1079,0.1690427698574338,0.20288607746642398,0.1690427698574338,0.11064113329180099,0.8109103713535036,0.016197621820742705,0.0
grouped_iid,UNIFORM,0.95,0.05,0.95,0.02,36919,6383,0.17289200682575367,1079,0.1690427698574338,0.20288607746642398,0.1690427698574338,0.11023158807118288,0.8057910560957773,0.02131693707846908,0.0
grouped_iid,UNIFORM,0.95,0.05,0.95,0.05,36919,6383,0.17289200682575367,1079,0.1690427698574338,0.20288607746642398,0.1690427698574338,0.10865191364879874,0.7860451258159755,0.04106286735827081,0.0
grouped_iid,UNIFORM,0.95,0.05,0.95,0.1,36919,6383,0.17289200682575367,1079,0.1690427698574338,0.20288607746642398,0.1690427698574338,0.10865191364879874,0.7860451258159755,0.04106286735827081,0.0
grouped_iid,UNIFORM,0.95,0.05,0.97,0.01,36919,6383,0.17289200682575367,1079,0.1690427698574338,0.20288607746642398,0.1690427698574338,0.11064113329180099,0.8109103713535036,0.016197621820742705,0.0
grouped_iid,UNIFORM,0.95,0.05,0.97,0.02,36919,6383,0.17289200682575367,1079,0.1690427698574338,0.20288607746642398,0.1690427698574338,0.11023158807118288,0.8057910560957773,0.02131693707846908,0.0
grouped_iid,UNIFORM,0.95,0.05,0.97,0.05,36919,6383,0.17289200682575367,1079,0.1690427698574338,0.20288607746642398,0.1690427698574338,0.11005173487905959,0.803542891194236,0.023565101980010293,0.0
grouped_iid,UNIFORM,0.95,0.05,0.97,0.1,36919,6383,0.17289200682575367,1079,0.1690427698574338,0.20288607746642398,0.1690427698574338,0.11005173487905959,0.803542891194236,0.023565101980010293,0.0
grouped_iid,UNIFORM,0.95,0.05,0.99,0.01,36919,6383,0.17289200682575367,1079,0.1690427698574338,0.20288607746642398,0.1690427698574338,0.11064113329180099,0.8109103713535036,0.016197621820742705,0.0
grouped_iid,UNIFORM,0.95,0.05,0.99,0.02,36919,6383,0.17289200682575367,1079,0.1690427698574338,0.20288607746642398,0.1690427698574338,0.11064113329180099,0.8109103713535036,0.016197621820742705,0.0
grouped_iid,UNIFORM,0.95,0.05,0.99,0.05,36919,6383,0.17289200682575367,1079,0.1690427698574338,0.20288607746642398,0.1690427698574338,0.11064113329180099,0.8109103713535036,0.016197621820742705,0.0
grouped_iid,UNIFORM,0.95,0.05,0.99,0.1,36919,6383,0.17289200682575367,1079,0.1690427698574338,0.20288607746642398,0.1690427698574338,0.11064113329180099,0.8109103713535036,0.016197621820742705,0.0
grouped_iid,UNIFORM,0.95,0.1,0.9,0.01,36919,6383,0.17289200682575367,1079,0.1690427698574338,0.20288607746642398,0.1690427698574338,0.11064113329180099,0.8109103713535036,0.016197621820742705,0.0
grouped_iid,UNIFORM,0.95,0.1,0.9,0.02,36919,6383,0.17289200682575367,1079,0.1690427698574338,0.20288607746642398,0.1690427698574338,0.11023158807118288,0.8057910560957773,0.02131693707846908,0.0
grouped_iid,UNIFORM,0.95,0.1,0.9,0.05,36919,6383,0.17289200682575367,1079,0.1690427698574338,0.20288607746642398,0.1690427698574338,0.10865191364879874,0.7860451258159755,0.04106286735827081,0.0
grouped_iid,UNIFORM,0.95,0.1,0.9,0.1,36919,6383,0.17289200682575367,1079,0.1690427698574338,0.20288607746642398,0.1690427698574338,0.10841355399658713,0.7830656301633305,0.04404236301091579,0.0
grouped_iid,UNIFORM,0.95,0.1,0.95,0.01,36919,6383,0.17289200682575367,1079,0.1690427698574338,0.20288607746642398,0.1690427698574338,0.11064113329180099,0.8109103713535036,0.016197621820742705,0.0
grouped_iid,UNIFORM,0.95,0.1,0.95,0.02,36919,6383,0.17289200682575367,1079,0.1690427698574338,0.20288607746642398,0.1690427698574338,0.11023158807118288,0.8057910560957773,0.02131693707846908,0.0
grouped_iid,UNIFORM,0.95,0.1,0.95,0.05,36919,6383,0.17289200682575367,1079,0.1690427698574338,0.20288607746642398,0.1690427698574338,0.10865191364879874,0.7860451258159755,0.04106286735827081,0.0
grouped_iid,UNIFORM,0.95,0.1,0.95,0.1,36919,6383,0.17289200682575367,1079,0.1690427698574338,0.20288607746642398,0.1690427698574338,0.10865191364879874,0.7860451258159755,0.04106286735827081,0.0
grouped_iid,UNIFORM,0.95,0.1,0.97,0.01,36919,6383,0.17289200682575367,1079,0.1690427698574338,0.20288607746642398,0.1690427698574338,0.11064113329180099,0.8109103713535036,0.016197621820742705,0.0
grouped_iid,UNIFORM,0.95,0.1,0.97,0.02,36919,6383,0.17289200682575367,1079,0.1690427698574338,0.20288607746642398,0.1690427698574338,0.11023158807118288,0.8057910560957773,0.02131693707846908,0.0
grouped_iid,UNIFORM,0.95,0.1,0.97,0.05,36919,6383,0.17289200682575367,1079,0.1690427698574338,0.20288607746642398,0.1690427698574338,0.11005173487905959,0.803542891194236,0.023565101980010293,0.0
grouped_iid,UNIFORM,0.95,0.1,0.97,0.1,36919,6383,0.17289200682575367,1079,0.1690427698574338,0.20288607746642398,0.1690427698574338,0.11005173487905959,0.803542891194236,0.023565101980010293,0.0
grouped_iid,UNIFORM,0.95,0.1,0.99,0.01,36919,6383,0.17289200682575367,1079,0.1690427698574338,0.20288607746642398,0.1690427698574338,0.11064113329180099,0.8109103713535036,0.016197621820742705,0.0
grouped_iid,UNIFORM,0.95,0.1,0.99,0.02,36919,6383,0.17289200682575367,1079,0.1690427698574338,0.20288607746642398,0.1690427698574338,0.11064113329180099,0.8109103713535036,0.016197621820742705,0.0
grouped_iid,UNIFORM,0.95,0.1,0.99,0.05,36919,6383,0.17289200682575367,1079,0.1690427698574338,0.20288607746642398,0.1690427698574338,0.11064113329180099,0.8109103713535036,0.016197621820742705,0.0
grouped_iid,UNIFORM,0.95,0.1,0.99,0.1,36919,6383,0.17289200682575367,1079,0.1690427698574338,0.20288607746642398,0.1690427698574338,0.11064113329180099,0.8109103713535036,0.016197621820742705,0.0
grouped_iid,UNIFORM,0.95,0.2,0.9,0.01,36919,6383,0.17289200682575367,1079,0.1690427698574338,0.20288607746642398,0.1690427698574338,0.11064113329180099,0.8109103713535036,0.016197621820742705,0.0
grouped_iid,UNIFORM,0.95,0.2,0.9,0.02,36919,6383,0.17289200682575367,1079,0.1690427698574338,0.20288607746642398,0.1690427698574338,0.11023158807118288,0.8057910560957773,0.02131693707846908,0.0
grouped_iid,UNIFORM,0.95,0.2,0.9,0.05,36919,6383,0.17289200682575367,1079,0.1690427698574338,0.20288607746642398,0.1690427698574338,0.10865191364879874,0.7860451258159755,0.04106286735827081,0.0
grouped_iid,UNIFORM,0.95,0.2,0.9,0.1,36919,6383,0.17289200682575367,1079,0.1690427698574338,0.20288607746642398,0.1690427698574338,0.10841355399658713,0.7830656301633305,0.04404236301091579,0.0
grouped_iid,UNIFORM,0.95,0.2,0.95,0.01,36919,6383,0.17289200682575367,1079,0.1690427698574338,0.20288607746642398,0.1690427698574338,0.11064113329180099,0.8109103713535036,0.016197621820742705,0.0
grouped_iid,UNIFORM,0.95,0.2,0.95,0.02,36919,6383,0.17289200682575367,1079,0.1690427698574338,0.20288607746642398,0.1690427698574338,0.11023158807118288,0.8057910560957773,0.02131693707846908,0.0
grouped_iid,UNIFORM,0.95,0.2,0.95,0.05,36919,6383,0.17289200682575367,1079,0.1690427698574338,0.20288607746642398,0.1690427698574338,0.10865191364879874,0.7860451258159755,0.04106286735827081,0.0
grouped_iid,UNIFORM,0.95,0.2,0.95,0.1,36919,6383,0.17289200682575367,1079,0.1690427698574338,0.20288607746642398,0.1690427698574338,0.10865191364879874,0.7860451258159755,0.04106286735827081,0.0
grouped_iid,UNIFORM,0.95,0.2,0.97,0.01,36919,6383,0.17289200682575367,1079,0.1690427698574338,0.20288607746642398,0.1690427698574338,0.11064113329180099,0.8109103713535036,0.016197621820742705,0.0
grouped_iid,UNIFORM,0.95,0.2,0.97,0.02,36919,6383,0.17289200682575367,1079,0.1690427698574338,0.20288607746642398,0.1690427698574338,0.11023158807118288,0.8057910560957773,0.02131693707846908,0.0
grouped_iid,UNIFORM,0.95,0.2,0.97,0.05,36919,6383,0.17289200682575367,1079,0.1690427698574338,0.20288607746642398,0.1690427698574338,0.11005173487905959,0.803542891194236,0.023565101980010293,0.0
grouped_iid,UNIFORM,0.95,0.2,0.97,0.1,36919,6383,0.17289200682575367,1079,0.1690427698574338,0.20288607746642398,0.1690427698574338,0.11005173487905959,0.803542891194236,0.023565101980010293,0.0
grouped_iid,UNIFORM,0.95,0.2,0.99,0.01,36919,6383,0.17289200682575367,1079,0.1690427698574338,0.20288607746642398,0.1690427698574338,0.11064113329180099,0.8109103713535036,0.016197621820742705,0.0
grouped_iid,UNIFORM,0.95,0.2,0.99,0.02,36919,6383,0.17289200682575367,1079,0.1690427698574338,0.20288607746642398,0.1690427698574338,0.11064113329180099,0.8109103713535036,0.016197621820742705,0.0
grouped_iid,UNIFORM,0.95,0.2,0.99,0.05,36919,6383,0.17289200682575367,1079,0.1690427698574338,0.20288607746642398,0.1690427698574338,0.11064113329180099,0.8109103713535036,0.016197621820742705,0.0
grouped_iid,UNIFORM,0.95,0.2,0.99,0.1,36919,6383,0.17289200682575367,1079,0.1690427698574338,0.20288607746642398,0.1690427698574338,0.11064113329180099,0.8109103713535036,0.016197621820742705,0.0
grouped_iid,UNIFORM,0.97,0.01,0.9,0.01,36919,115,0.0031149272732197515,23,0.2,0.13432134620312633,0.2,0.09901568298166258,0.9806874509060376,0.016197621820742705,0.0
grouped_iid,UNIFORM,0.97,0.01,0.9,0.02,36919,115,0.0031149272732197515,23,0.2,0.13432134620312633,0.2,0.09860613776104446,0.9755681356483111,0.02131693707846908,0.0
grouped_iid,UNIFORM,0.97,0.01,0.9,0.05,36919,115,0.0031149272732197515,23,0.2,0.13432134620312633,0.2,0.09702646333866033,0.9558222053685095,0.04106286735827081,0.0
grouped_iid,UNIFORM,0.97,0.01,0.9,0.1,36919,115,0.0031149272732197515,23,0.2,0.13432134620312633,0.2,0.09678810368644873,0.9528427097158645,0.04404236301091579,0.0
grouped_iid,UNIFORM,0.97,0.01,0.95,0.01,36919,115,0.0031149272732197515,23,0.2,0.13432134620312633,0.2,0.09901568298166258,0.9806874509060376,0.016197621820742705,0.0
grouped_iid,UNIFORM,0.97,0.01,0.95,0.02,36919,115,0.0031149272732197515,23,0.2,0.13432134620312633,0.2,0.09860613776104446,0.9755681356483111,0.02131693707846908,0.0
grouped_iid,UNIFORM,0.97,0.01,0.95,0.05,36919,115,0.0031149272732197515,23,0.2,0.13432134620312633,0.2,0.09702646333866033,0.9558222053685095,0.04106286735827081,0.0
grouped_iid,UNIFORM,0.97,0.01,0.95,0.1,36919,115,0.0031149272732197515,23,0.2,0.13432134620312633,0.2,0.09702646333866033,0.9558222053685095,0.04106286735827081,0.0
grouped_iid,UNIFORM,0.97,0.01,0.97,0.01,36919,115,0.0031149272732197515,23,0.2,0.13432134620312633,0.2,0.09901568298166258,0.9806874509060376,0.016197621820742705,0.0
grouped_iid,UNIFORM,0.97,0.01,0.97,0.02,36919,115,0.0031149272732197515,23,0.2,0.13432134620312633,0.2,0.09860613776104446,0.9755681356483111,0.02131693707846908,0.0
grouped_iid,UNIFORM,0.97,0.01,0.97,0.05,36919,115,0.0031149272732197515,23,0.2,0.13432134620312633,0.2,0.09842628456892116,0.9733199707467699,0.023565101980010293,0.0
grouped_iid,UNIFORM,0.97,0.01,0.97,0.1,36919,115,0.0031149272732197515,23,0.2,0.13432134620312633,0.2,0.09842628456892116,0.9733199707467699,0.023565101980010293,0.0
grouped_iid,UNIFORM,0.97,0.01,0.99,0.01,36919,115,0.0031149272732197515,23,0.2,0.13432134620312633,0.2,0.09901568298166258,0.9806874509060376,0.016197621820742705,0.0
grouped_iid,UNIFORM,0.97,0.01,0.99,0.02,36919,115,0.0031149272732197515,23,0.2,0.13432134620312633,0.2,0.09901568298166258,0.9806874509060376,0.016197621820742705,0.0
grouped_iid,UNIFORM,0.97,0.01,0.99,0.05,36919,115,0.0031149272732197515,23,0.2,0.13432134620312633,0.2,0.09901568298166258,0.9806874509060376,0.016197621820742705,0.0
grouped_iid,UNIFORM,0.97,0.01,0.99,0.1,36919,115,0.0031149272732197515,23,0.2,0.13432134620312633,0.2,0.09901568298166258,0.9806874509060376,0.016197621820742705,0.0
grouped_iid,UNIFORM,0.97,0.02,0.9,0.01,36919,2663,0.07213088111812346,440,0.16522718738265116,0.19441283005336227,0.16522718738265116,0.10340908475310816,0.9116714970611338,0.016197621820742705,0.0
grouped_iid,UNIFORM,0.97,0.02,0.9,0.02,36919,2663,0.07213088111812346,440,0.16522718738265116,0.19441283005336227,0.16522718738265116,0.10299953953249005,0.9065521818034075,0.02131693707846908,0.0
grouped_iid,UNIFORM,0.97,0.02,0.9,0.05,36919,2663,0.07213088111812346,440,0.16522718738265116,0.19441283005336227,0.16522718738265116,0.10141986511010591,0.8868062515236057,0.04106286735827081,0.0
grouped_iid,UNIFORM,0.97,0.02,0.9,0.1,36919,2663,0.07213088111812346,440,0.16522718738265116,0.19441283005336227,0.16522718738265116,0.10118150545789432,0.8838267558709607,0.04404236301091579,0.0
grouped_iid,UNIFORM,0.97,0.02,0.95,0.01,36919,2663,0.07213088111812346,440,0.16522718738265116,0.19441283005336227,0.16522718738265116,0.10340908475310816,0.9116714970611338,0.016197621820742705,0.0
grouped_iid,UNIFORM,0.97,0.02,0.95,0.02,36919,2663,0.07213088111812346,440,0.16522718738265116,0.19441283005336227,0.16522718738265116,0.10299953953249005,0.9065521818034075,0.02131693707846908,0.0
grouped_iid,UNIFORM,0.97,0.02,0.95,0.05,36919,2663,0.07213088111812346,440,0.16522718738265116,0.19441283005336227,0.16522718738265116,0.10141986511010591,0.8868062515236057,0.04106286735827081,0.0
grouped_iid,UNIFORM,0.97,0.02,0.95,0.1,36919,2663,0.07213088111812346,440,0.16522718738265116,0.19441283005336227,0.16522718738265116,0.10141986511010591,0.8868062515236057,0.04106286735827081,0.0
grouped_iid,UNIFORM,0.97,0.02,0.97,0.01,36919,2663,0.07213088111812346,440,0.16522718738265116,0.19441283005336227,0.16522718738265116,0.10340908475310816,0.9116714970611338,0.016197621820742705,0.0
grouped_iid,UNIFORM,0.97,0.02,0.97,0.02,36919,2663,0.07213088111812346,440,0.16522718738265116,0.19441283005336227,0.16522718738265116,0.10299953953249005,0.9065521818034075,0.02131693707846908,0.0
grouped_iid,UNIFORM,0.97,0.02,0.97,0.05,36919,2663,0.07213088111812346,440,0.16522718738265116,0.19441283005336227,0.16522718738265116,0.10281968634036676,0.9043040169018662,0.023565101980010293,0.0
grouped_iid,UNIFORM,0.97,0.02,0.97,0.1,36919,2663,0.07213088111812346,440,0.16522718738265116,0.19441283005336227,0.16522718738265116,0.10281968634036676,0.9043040169018662,0.023565101980010293,0.0
grouped_iid,UNIFORM,0.97,0.02,0.99,0.01,36919,2663,0.07213088111812346,440,0.16522718738265116,0.19441283005336227,0.16522718738265116,0.10340908475310816,0.9116714970611338,0.016197621820742705,0.0
grouped_iid,UNIFORM,0.97,0.02,0.99,0.02,36919,2663,0.07213088111812346,440,0.16522718738265116,0.19441283005336227,0.16522718738265116,0.10340908475310816,0.9116714970611338,0.016197621820742705,0.0
grouped_iid,UNIFORM,0.97,0.02,0.99,0.05,36919,2663,0.07213088111812346,440,0.16522718738265116,0.19441283005336227,0.16522718738265116,0.10340908475310816,0.9116714970611338,0.016197621820742705,0.0
grouped_iid,UNIFORM,0.97,0.02,0.99,0.1,36919,2663,0.07213088111812346,440,0.16522718738265116,0.19441283005336227,0.16522718738265116,0.10340908475310816,0.9116714970611338,0.016197621820742705,0.0
grouped_iid,UNIFORM,0.97,0.05,0.9,0.01,36919,5744,0.15558384571629785,976,0.16991643454038996,0.2041850672667094,0.16991643454038996,0.10958205801890626,0.8282185324629594,0.016197621820742705,0.0
grouped_iid,UNIFORM,0.97,0.05,0.9,0.02,36919,5744,0.15558384571629785,976,0.16991643454038996,0.2041850672667094,0.16991643454038996,0.10917251279828816,0.823099217205233,0.02131693707846908,0.0
grouped_iid,UNIFORM,0.97,0.05,0.9,0.05,36919,5744,0.15558384571629785,976,0.16991643454038996,0.2041850672667094,0.16991643454038996,0.10759283837590401,0.8033532869254314,0.04106286735827081,0.0
grouped_iid,UNIFORM,0.97,0.05,0.9,0.1,36919,5744,0.15558384571629785,976,0.16991643454038996,0.2041850672667094,0.16991643454038996,0.10735447872369243,0.8003737912727864,0.04404236301091579,0.0
grouped_iid,UNIFORM,0.97,0.05,0.95,0.01,36919,5744,0.15558384571629785,976,0.16991643454038996,0.2041850672667094,0.16991643454038996,0.10958205801890626,0.8282185324629594,0.016197621820742705,0.0
grouped_iid,UNIFORM,0.97,0.05,0.95,0.02,36919,5744,0.15558384571629785,976,0.16991643454038996,0.2041850672667094,0.16991643454038996,0.10917251279828816,0.823099217205233,0.02131693707846908,0.0
grouped_iid,UNIFORM,0.97,0.05,0.95,0.05,36919,5744,0.15558384571629785,976,0.16991643454038996,0.2041850672667094,0.16991643454038996,0.10759283837590401,0.8033532869254314,0.04106286735827081,0.0
grouped_iid,UNIFORM,0.97,0.05,0.95,0.1,36919,5744,0.15558384571629785,976,0.16991643454038996,0.2041850672667094,0.16991643454038996,0.10759283837590401,0.8033532869254314,0.04106286735827081,0.0
grouped_iid,UNIFORM,0.97,0.05,0.97,0.01,36919,5744,0.15558384571629785,976,0.16991643454038996,0.2041850672667094,0.16991643454038996,0.10958205801890626,0.8282185324629594,0.016197621820742705,0.0
grouped_iid,UNIFORM,0.97,0.05,0.97,0.02,36919,5744,0.15558384571629785,976,0.16991643454038996,0.2041850672667094,0.16991643454038996,0.10917251279828816,0.823099217205233,0.02131693707846908,0.0
grouped_iid,UNIFORM,0.97,0.05,0.97,0.05,36919,5744,0.15558384571629785,976,0.16991643454038996,0.2041850672667094,0.16991643454038996,0.10899265960616486,0.8208510523036918,0.023565101980010293,0.0
grouped_iid,UNIFORM,0.97,0.05,0.97,0.1,36919,5744,0.15558384571629785,976,0.16991643454038996,0.2041850672667094,0.16991643454038996,0.10899265960616486,0.8208510523036918,0.023565101980010293,0.0
grouped_iid,UNIFORM,0.97,0.05,0.99,0.01,36919,5744,0.15558384571629785,976,0.16991643454038996,0.2041850672667094,0.16991643454038996,0.10958205801890626,0.8282185324629594,0.016197621820742705,0.0
grouped_iid,UNIFORM,0.97,0.05,0.99,0.02,36919,5744,0.15558384571629785,976,0.16991643454038996,0.2041850672667094,0.16991643454038996,0.10958205801890626,0.8282185324629594,0.016197621820742705,0.0
grouped_iid,UNIFORM,0.97,0.05,0.99,0.05,36919,5744,0.15558384571629785,976,0.16991643454038996,0.2041850672667094,0.16991643454038996,0.10958205801890626,0.8282185324629594,0.016197621820742705,0.0
grouped_iid,UNIFORM,0.97,0.05,0.99,0.1,36919,5744,0.15558384571629785,976,0.16991643454038996,0.2041850672667094,0.16991643454038996,0.10958205801890626,0.8282185324629594,0.016197621820742705,0.0
grouped_iid,UNIFORM,0.97,0.1,0.9,0.01,36919,5744,0.15558384571629785,976,0.16991643454038996,0.2041850672667094,0.16991643454038996,0.10958205801890626,0.8282185324629594,0.016197621820742705,0.0
grouped_iid,UNIFORM,0.97,0.1,0.9,0.02,36919,5744,0.15558384571629785,976,0.16991643454038996,0.2041850672667094,0.16991643454038996,0.10917251279828816,0.823099217205233,0.02131693707846908,0.0
grouped_iid,UNIFORM,0.97,0.1,0.9,0.05,36919,5744,0.15558384571629785,976,0.16991643454038996,0.2041850672667094,0.16991643454038996,0.10759283837590401,0.8033532869254314,0.04106286735827081,0.0
grouped_iid,UNIFORM,0.97,0.1,0.9,0.1,36919,5744,0.15558384571629785,976,0.16991643454038996,0.2041850672667094,0.16991643454038996,0.10735447872369243,0.8003737912727864,0.04404236301091579,0.0
grouped_iid,UNIFORM,0.97,0.1,0.95,0.01,36919,5744,0.15558384571629785,976,0.16991643454038996,0.2041850672667094,0.16991643454038996,0.10958205801890626,0.8282185324629594,0.016197621820742705,0.0
grouped_iid,UNIFORM,0.97,0.1,0.95,0.02,36919,5744,0.15558384571629785,976,0.16991643454038996,0.2041850672667094,0.16991643454038996,0.10917251279828816,0.823099217205233,0.02131693707846908,0.0
grouped_iid,UNIFORM,0.97,0.1,0.95,0.05,36919,5744,0.15558384571629785,976,0.16991643454038996,0.2041850672667094,0.16991643454038996,0.10759283837590401,0.8033532869254314,0.04106286735827081,0.0
grouped_iid,UNIFORM,0.97,0.1,0.95,0.1,36919,5744,0.15558384571629785,976,0.16991643454038996,0.2041850672667094,0.16991643454038996,0.10759283837590401,0.8033532869254314,0.04106286735827081,0.0
grouped_iid,UNIFORM,0.97,0.1,0.97,0.01,36919,5744,0.15558384571629785,976,0.16991643454038996,0.2041850672667094,0.16991643454038996,0.10958205801890626,0.8282185324629594,0.016197621820742705,0.0
grouped_iid,UNIFORM,0.97,0.1,0.97,0.02,36919,5744,0.15558384571629785,976,0.16991643454038996,0.2041850672667094,0.16991643454038996,0.10917251279828816,0.823099217205233,0.02131693707846908,0.0
grouped_iid,UNIFORM,0.97,0.1,0.97,0.05,36919,5744,0.15558384571629785,976,0.16991643454038996,0.2041850672667094,0.16991643454038996,0.10899265960616486,0.8208510523036918,0.023565101980010293,0.0
grouped_iid,UNIFORM,0.97,0.1,0.97,0.1,36919,5744,0.15558384571629785,976,0.16991643454038996,0.2041850672667094,0.16991643454038996,0.10899265960616486,0.8208510523036918,0.023565101980010293,0.0
grouped_iid,UNIFORM,0.97,0.1,0.99,0.01,36919,5744,0.15558384571629785,976,0.16991643454038996,0.2041850672667094,0.16991643454038996,0.10958205801890626,0.8282185324629594,0.016197621820742705,0.0
grouped_iid,UNIFORM,0.97,0.1,0.99,0.02,36919,5744,0.15558384571629785,976,0.16991643454038996,0.2041850672667094,0.16991643454038996,0.10958205801890626,0.8282185324629594,0.016197621820742705,0.0
grouped_iid,UNIFORM,0.97,0.1,0.99,0.05,36919,5744,0.15558384571629785,976,0.16991643454038996,0.2041850672667094,0.16991643454038996,0.10958205801890626,0.8282185324629594,0.016197621820742705,0.0
grouped_iid,UNIFORM,0.97,0.1,0.99,0.1,36919,5744,0.15558384571629785,976,0.16991643454038996,0.2041850672667094,0.16991643454038996,0.10958205801890626,0.8282185324629594,0.016197621820742705,0.0
grouped_iid,UNIFORM,0.97,0.2,0.9,0.01,36919,5744,0.15558384571629785,976,0.16991643454038996,0.2041850672667094,0.16991643454038996,0.10958205801890626,0.8282185324629594,0.016197621820742705,0.0
grouped_iid,UNIFORM,0.97,0.2,0.9,0.02,36919,5744,0.15558384571629785,976,0.16991643454038996,0.2041850672667094,0.16991643454038996,0.10917251279828816,0.823099217205233,0.02131693707846908,0.0
grouped_iid,UNIFORM,0.97,0.2,0.9,0.05,36919,5744,0.15558384571629785,976,0.16991643454038996,0.2041850672667094,0.16991643454038996,0.10759283837590401,0.8033532869254314,0.04106286735827081,0.0
grouped_iid,UNIFORM,0.97,0.2,0.9,0.1,36919,5744,0.15558384571629785,976,0.16991643454038996,0.2041850672667094,0.16991643454038996,0.10735447872369243,0.8003737912727864,0.04404236301091579,0.0
grouped_iid,UNIFORM,0.97,0.2,0.95,0.01,36919,5744,0.15558384571629785,976,0.16991643454038996,0.2041850672667094,0.16991643454038996,0.10958205801890626,0.8282185324629594,0.016197621820742705,0.0
grouped_iid,UNIFORM,0.97,0.2,0.95,0.02,36919,5744,0.15558384571629785,976,0.16991643454038996,0.2041850672667094,0.16991643454038996,0.10917251279828816,0.823099217205233,0.02131693707846908,0.0
grouped_iid,UNIFORM,0.97,0.2,0.95,0.05,36919,5744,0.15558384571629785,976,0.16991643454038996,0.2041850672667094,0.16991643454038996,0.10759283837590401,0.8033532869254314,0.04106286735827081,0.0
grouped_iid,UNIFORM,0.97,0.2,0.95,0.1,36919,5744,0.15558384571629785,976,0.16991643454038996,0.2041850672667094,0.16991643454038996,0.10759283837590401,0.8033532869254314,0.04106286735827081,0.0
grouped_iid,UNIFORM,0.97,0.2,0.97,0.01,36919,5744,0.15558384571629785,976,0.16991643454038996,0.2041850672667094,0.16991643454038996,0.10958205801890626,0.8282185324629594,0.016197621820742705,0.0
grouped_iid,UNIFORM,0.97,0.2,0.97,0.02,36919,5744,0.15558384571629785,976,0.16991643454038996,0.2041850672667094,0.16991643454038996,0.10917251279828816,0.823099217205233,0.02131693707846908,0.0
grouped_iid,UNIFORM,0.97,0.2,0.97,0.05,36919,5744,0.15558384571629785,976,0.16991643454038996,0.2041850672667094,0.16991643454038996,0.10899265960616486,0.8208510523036918,0.023565101980010293,0.0
grouped_iid,UNIFORM,0.97,0.2,0.97,0.1,36919,5744,0.15558384571629785,976,0.16991643454038996,0.2041850672667094,0.16991643454038996,0.10899265960616486,0.8208510523036918,0.023565101980010293,0.0
grouped_iid,UNIFORM,0.97,0.2,0.99,0.01,36919,5744,0.15558384571629785,976,0.16991643454038996,0.2041850672667094,0.16991643454038996,0.10958205801890626,0.8282185324629594,0.016197621820742705,0.0
grouped_iid,UNIFORM,0.97,0.2,0.99,0.02,36919,5744,0.15558384571629785,976,0.16991643454038996,0.2041850672667094,0.16991643454038996,0.10958205801890626,0.8282185324629594,0.016197621820742705,0.0
grouped_iid,UNIFORM,0.97,0.2,0.99,0.05,36919,5744,0.15558384571629785,976,0.16991643454038996,0.2041850672667094,0.16991643454038996,0.10958205801890626,0.8282185324629594,0.016197621820742705,0.0
grouped_iid,UNIFORM,0.97,0.2,0.99,0.1,36919,5744,0.15558384571629785,976,0.16991643454038996,0.2041850672667094,0.16991643454038996,0.10958205801890626,0.8282185324629594,0.016197621820742705,0.0
grouped_iid,UNIFORM,0.99,0.01,0.9,0.01,36919,115,0.0031149272732197515,23,0.2,0.13432134620312633,0.2,0.09901568298166258,0.9806874509060376,0.016197621820742705,0.0
grouped_iid,UNIFORM,0.99,0.01,0.9,0.02,36919,115,0.0031149272732197515,23,0.2,0.13432134620312633,0.2,0.09860613776104446,0.9755681356483111,0.02131693707846908,0.0
grouped_iid,UNIFORM,0.99,0.01,0.9,0.05,36919,115,0.0031149272732197515,23,0.2,0.13432134620312633,0.2,0.09702646333866033,0.9558222053685095,0.04106286735827081,0.0
grouped_iid,UNIFORM,0.99,0.01,0.9,0.1,36919,115,0.0031149272732197515,23,0.2,0.13432134620312633,0.2,0.09678810368644873,0.9528427097158645,0.04404236301091579,0.0
grouped_iid,UNIFORM,0.99,0.01,0.95,0.01,36919,115,0.0031149272732197515,23,0.2,0.13432134620312633,0.2,0.09901568298166258,0.9806874509060376,0.016197621820742705,0.0
grouped_iid,UNIFORM,0.99,0.01,0.95,0.02,36919,115,0.0031149272732197515,23,0.2,0.13432134620312633,0.2,0.09860613776104446,0.9755681356483111,0.02131693707846908,0.0
grouped_iid,UNIFORM,0.99,0.01,0.95,0.05,36919,115,0.0031149272732197515,23,0.2,0.13432134620312633,0.2,0.09702646333866033,0.9558222053685095,0.04106286735827081,0.0
grouped_iid,UNIFORM,0.99,0.01,0.95,0.1,36919,115,0.0031149272732197515,23,0.2,0.13432134620312633,0.2,0.09702646333866033,0.9558222053685095,0.04106286735827081,0.0
grouped_iid,UNIFORM,0.99,0.01,0.97,0.01,36919,115,0.0031149272732197515,23,0.2,0.13432134620312633,0.2,0.09901568298166258,0.9806874509060376,0.016197621820742705,0.0
grouped_iid,UNIFORM,0.99,0.01,0.97,0.02,36919,115,0.0031149272732197515,23,0.2,0.13432134620312633,0.2,0.09860613776104446,0.9755681356483111,0.02131693707846908,0.0
grouped_iid,UNIFORM,0.99,0.01,0.97,0.05,36919,115,0.0031149272732197515,23,0.2,0.13432134620312633,0.2,0.09842628456892116,0.9733199707467699,0.023565101980010293,0.0
grouped_iid,UNIFORM,0.99,0.01,0.97,0.1,36919,115,0.0031149272732197515,23,0.2,0.13432134620312633,0.2,0.09842628456892116,0.9733199707467699,0.023565101980010293,0.0
grouped_iid,UNIFORM,0.99,0.01,0.99,0.01,36919,115,0.0031149272732197515,23,0.2,0.13432134620312633,0.2,0.09901568298166258,0.9806874509060376,0.016197621820742705,0.0
grouped_iid,UNIFORM,0.99,0.01,0.99,0.02,36919,115,0.0031149272732197515,23,0.2,0.13432134620312633,0.2,0.09901568298166258,0.9806874509060376,0.016197621820742705,0.0
grouped_iid,UNIFORM,0.99,0.01,0.99,0.05,36919,115,0.0031149272732197515,23,0.2,0.13432134620312633,0.2,0.09901568298166258,0.9806874509060376,0.016197621820742705,0.0
grouped_iid,UNIFORM,0.99,0.01,0.99,0.1,36919,115,0.0031149272732197515,23,0.2,0.13432134620312633,0.2,0.09901568298166258,0.9806874509060376,0.016197621820742705,0.0
grouped_iid,UNIFORM,0.99,0.02,0.9,0.01,36919,115,0.0031149272732197515,23,0.2,0.13432134620312633,0.2,0.09901568298166258,0.9806874509060376,0.016197621820742705,0.0
grouped_iid,UNIFORM,0.99,0.02,0.9,0.02,36919,115,0.0031149272732197515,23,0.2,0.13432134620312633,0.2,0.09860613776104446,0.9755681356483111,0.02131693707846908,0.0
grouped_iid,UNIFORM,0.99,0.02,0.9,0.05,36919,115,0.0031149272732197515,23,0.2,0.13432134620312633,0.2,0.09702646333866033,0.9558222053685095,0.04106286735827081,0.0
grouped_iid,UNIFORM,0.99,0.02,0.9,0.1,36919,115,0.0031149272732197515,23,0.2,0.13432134620312633,0.2,0.09678810368644873,0.9528427097158645,0.04404236301091579,0.0
grouped_iid,UNIFORM,0.99,0.02,0.95,0.01,36919,115,0.0031149272732197515,23,0.2,0.13432134620312633,0.2,0.09901568298166258,0.9806874509060376,0.016197621820742705,0.0
grouped_iid,UNIFORM,0.99,0.02,0.95,0.02,36919,115,0.0031149272732197515,23,0.2,0.13432134620312633,0.2,0.09860613776104446,0.9755681356483111,0.02131693707846908,0.0
grouped_iid,UNIFORM,0.99,0.02,0.95,0.05,36919,115,0.0031149272732197515,23,0.2,0.13432134620312633,0.2,0.09702646333866033,0.9558222053685095,0.04106286735827081,0.0
grouped_iid,UNIFORM,0.99,0.02,0.95,0.1,36919,115,0.0031149272732197515,23,0.2,0.13432134620312633,0.2,0.09702646333866033,0.9558222053685095,0.04106286735827081,0.0
grouped_iid,UNIFORM,0.99,0.02,0.97,0.01,36919,115,0.0031149272732197515,23,0.2,0.13432134620312633,0.2,0.09901568298166258,0.9806874509060376,0.016197621820742705,0.0
grouped_iid,UNIFORM,0.99,0.02,0.97,0.02,36919,115,0.0031149272732197515,23,0.2,0.13432134620312633,0.2,0.09860613776104446,0.9755681356483111,0.02131693707846908,0.0
grouped_iid,UNIFORM,0.99,0.02,0.97,0.05,36919,115,0.0031149272732197515,23,0.2,0.13432134620312633,0.2,0.09842628456892116,0.9733199707467699,0.023565101980010293,0.0
grouped_iid,UNIFORM,0.99,0.02,0.97,0.1,36919,115,0.0031149272732197515,23,0.2,0.13432134620312633,0.2,0.09842628456892116,0.9733199707467699,0.023565101980010293,0.0
grouped_iid,UNIFORM,0.99,0.02,0.99,0.01,36919,115,0.0031149272732197515,23,0.2,0.13432134620312633,0.2,0.09901568298166258,0.9806874509060376,0.016197621820742705,0.0
grouped_iid,UNIFORM,0.99,0.02,0.99,0.02,36919,115,0.0031149272732197515,23,0.2,0.13432134620312633,0.2,0.09901568298166258,0.9806874509060376,0.016197621820742705,0.0
grouped_iid,UNIFORM,0.99,0.02,0.99,0.05,36919,115,0.0031149272732197515,23,0.2,0.13432134620312633,0.2,0.09901568298166258,0.9806874509060376,0.016197621820742705,0.0
grouped_iid,UNIFORM,0.99,0.02,0.99,0.1,36919,115,0.0031149272732197515,23,0.2,0.13432134620312633,0.2,0.09901568298166258,0.9806874509060376,0.016197621820742705,0.0
grouped_iid,UNIFORM,0.99,0.05,0.9,0.01,36919,115,0.0031149272732197515,23,0.2,0.13432134620312633,0.2,0.09901568298166258,0.9806874509060376,0.016197621820742705,0.0
grouped_iid,UNIFORM,0.99,0.05,0.9,0.02,36919,115,0.0031149272732197515,23,0.2,0.13432134620312633,0.2,0.09860613776104446,0.9755681356483111,0.02131693707846908,0.0
grouped_iid,UNIFORM,0.99,0.05,0.9,0.05,36919,115,0.0031149272732197515,23,0.2,0.13432134620312633,0.2,0.09702646333866033,0.9558222053685095,0.04106286735827081,0.0
grouped_iid,UNIFORM,0.99,0.05,0.9,0.1,36919,115,0.0031149272732197515,23,0.2,0.13432134620312633,0.2,0.09678810368644873,0.9528427097158645,0.04404236301091579,0.0
grouped_iid,UNIFORM,0.99,0.05,0.95,0.01,36919,115,0.0031149272732197515,23,0.2,0.13432134620312633,0.2,0.09901568298166258,0.9806874509060376,0.016197621820742705,0.0
grouped_iid,UNIFORM,0.99,0.05,0.95,0.02,36919,115,0.0031149272732197515,23,0.2,0.13432134620312633,0.2,0.09860613776104446,0.9755681356483111,0.02131693707846908,0.0
grouped_iid,UNIFORM,0.99,0.05,0.95,0.05,36919,115,0.0031149272732197515,23,0.2,0.13432134620312633,0.2,0.09702646333866033,0.9558222053685095,0.04106286735827081,0.0
grouped_iid,UNIFORM,0.99,0.05,0.95,0.1,36919,115,0.0031149272732197515,23,0.2,0.13432134620312633,0.2,0.09702646333866033,0.9558222053685095,0.04106286735827081,0.0
grouped_iid,UNIFORM,0.99,0.05,0.97,0.01,36919,115,0.0031149272732197515,23,0.2,0.13432134620312633,0.2,0.09901568298166258,0.9806874509060376,0.016197621820742705,0.0
grouped_iid,UNIFORM,0.99,0.05,0.97,0.02,36919,115,0.0031149272732197515,23,0.2,0.13432134620312633,0.2,0.09860613776104446,0.9755681356483111,0.02131693707846908,0.0
grouped_iid,UNIFORM,0.99,0.05,0.97,0.05,36919,115,0.0031149272732197515,23,0.2,0.13432134620312633,0.2,0.09842628456892116,0.9733199707467699,0.023565101980010293,0.0
grouped_iid,UNIFORM,0.99,0.05,0.97,0.1,36919,115,0.0031149272732197515,23,0.2,0.13432134620312633,0.2,0.09842628456892116,0.9733199707467699,0.023565101980010293,0.0
grouped_iid,UNIFORM,0.99,0.05,0.99,0.01,36919,115,0.0031149272732197515,23,0.2,0.13432134620312633,0.2,0.09901568298166258,0.9806874509060376,0.016197621820742705,0.0
grouped_iid,UNIFORM,0.99,0.05,0.99,0.02,36919,115,0.0031149272732197515,23,0.2,0.13432134620312633,0.2,0.09901568298166258,0.9806874509060376,0.016197621820742705,0.0
grouped_iid,UNIFORM,0.99,0.05,0.99,0.05,36919,115,0.0031149272732197515,23,0.2,0.13432134620312633,0.2,0.09901568298166258,0.9806874509060376,0.016197621820742705,0.0
grouped_iid,UNIFORM,0.99,0.05,0.99,0.1,36919,115,0.0031149272732197515,23,0.2,0.13432134620312633,0.2,0.09901568298166258,0.9806874509060376,0.016197621820742705,0.0
grouped_iid,UNIFORM,0.99,0.1,0.9,0.01,36919,115,0.0031149272732197515,23,0.2,0.13432134620312633,0.2,0.09901568298166258,0.9806874509060376,0.016197621820742705,0.0
grouped_iid,UNIFORM,0.99,0.1,0.9,0.02,36919,115,0.0031149272732197515,23,0.2,0.13432134620312633,0.2,0.09860613776104446,0.9755681356483111,0.02131693707846908,0.0
grouped_iid,UNIFORM,0.99,0.1,0.9,0.05,36919,115,0.0031149272732197515,23,0.2,0.13432134620312633,0.2,0.09702646333866033,0.9558222053685095,0.04106286735827081,0.0
grouped_iid,UNIFORM,0.99,0.1,0.9,0.1,36919,115,0.0031149272732197515,23,0.2,0.13432134620312633,0.2,0.09678810368644873,0.9528427097158645,0.04404236301091579,0.0
grouped_iid,UNIFORM,0.99,0.1,0.95,0.01,36919,115,0.0031149272732197515,23,0.2,0.13432134620312633,0.2,0.09901568298166258,0.9806874509060376,0.016197621820742705,0.0
grouped_iid,UNIFORM,0.99,0.1,0.95,0.02,36919,115,0.0031149272732197515,23,0.2,0.13432134620312633,0.2,0.09860613776104446,0.9755681356483111,0.02131693707846908,0.0
grouped_iid,UNIFORM,0.99,0.1,0.95,0.05,36919,115,0.0031149272732197515,23,0.2,0.13432134620312633,0.2,0.09702646333866033,0.9558222053685095,0.04106286735827081,0.0
grouped_iid,UNIFORM,0.99,0.1,0.95,0.1,36919,115,0.0031149272732197515,23,0.2,0.13432134620312633,0.2,0.09702646333866033,0.9558222053685095,0.04106286735827081,0.0
grouped_iid,UNIFORM,0.99,0.1,0.97,0.01,36919,115,0.0031149272732197515,23,0.2,0.13432134620312633,0.2,0.09901568298166258,0.9806874509060376,0.016197621820742705,0.0
grouped_iid,UNIFORM,0.99,0.1,0.97,0.02,36919,115,0.0031149272732197515,23,0.2,0.13432134620312633,0.2,0.09860613776104446,0.9755681356483111,0.02131693707846908,0.0
grouped_iid,UNIFORM,0.99,0.1,0.97,0.05,36919,115,0.0031149272732197515,23,0.2,0.13432134620312633,0.2,0.09842628456892116,0.9733199707467699,0.023565101980010293,0.0
grouped_iid,UNIFORM,0.99,0.1,0.97,0.1,36919,115,0.0031149272732197515,23,0.2,0.13432134620312633,0.2,0.09842628456892116,0.9733199707467699,0.023565101980010293,0.0
grouped_iid,UNIFORM,0.99,0.1,0.99,0.01,36919,115,0.0031149272732197515,23,0.2,0.13432134620312633,0.2,0.09901568298166258,0.9806874509060376,0.016197621820742705,0.0
grouped_iid,UNIFORM,0.99,0.1,0.99,0.02,36919,115,0.0031149272732197515,23,0.2,0.13432134620312633,0.2,0.09901568298166258,0.9806874509060376,0.016197621820742705,0.0
grouped_iid,UNIFORM,0.99,0.1,0.99,0.05,36919,115,0.0031149272732197515,23,0.2,0.13432134620312633,0.2,0.09901568298166258,0.9806874509060376,0.016197621820742705,0.0
grouped_iid,UNIFORM,0.99,0.1,0.99,0.1,36919,115,0.0031149272732197515,23,0.2,0.13432134620312633,0.2,0.09901568298166258,0.9806874509060376,0.016197621820742705,0.0
grouped_iid,UNIFORM,0.99,0.2,0.9,0.01,36919,115,0.0031149272732197515,23,0.2,0.13432134620312633,0.2,0.09901568298166258,0.9806874509060376,0.016197621820742705,0.0
grouped_iid,UNIFORM,0.99,0.2,0.9,0.02,36919,115,0.0031149272732197515,23,0.2,0.13432134620312633,0.2,0.09860613776104446,0.9755681356483111,0.02131693707846908,0.0
grouped_iid,UNIFORM,0.99,0.2,0.9,0.05,36919,115,0.0031149272732197515,23,0.2,0.13432134620312633,0.2,0.09702646333866033,0.9558222053685095,0.04106286735827081,0.0
grouped_iid,UNIFORM,0.99,0.2,0.9,0.1,36919,115,0.0031149272732197515,23,0.2,0.13432134620312633,0.2,0.09678810368644873,0.9528427097158645,0.04404236301091579,0.0
grouped_iid,UNIFORM,0.99,0.2,0.95,0.01,36919,115,0.0031149272732197515,23,0.2,0.13432134620312633,0.2,0.09901568298166258,0.9806874509060376,0.016197621820742705,0.0
grouped_iid,UNIFORM,0.99,0.2,0.95,0.02,36919,115,0.0031149272732197515,23,0.2,0.13432134620312633,0.2,0.09860613776104446,0.9755681356483111,0.02131693707846908,0.0
grouped_iid,UNIFORM,0.99,0.2,0.95,0.05,36919,115,0.0031149272732197515,23,0.2,0.13432134620312633,0.2,0.09702646333866033,0.9558222053685095,0.04106286735827081,0.0
grouped_iid,UNIFORM,0.99,0.2,0.95,0.1,36919,115,0.0031149272732197515,23,0.2,0.13432134620312633,0.2,0.09702646333866033,0.9558222053685095,0.04106286735827081,0.0
grouped_iid,UNIFORM,0.99,0.2,0.97,0.01,36919,115,0.0031149272732197515,23,0.2,0.13432134620312633,0.2,0.09901568298166258,0.9806874509060376,0.016197621820742705,0.0
grouped_iid,UNIFORM,0.99,0.2,0.97,0.02,36919,115,0.0031149272732197515,23,0.2,0.13432134620312633,0.2,0.09860613776104446,0.9755681356483111,0.02131693707846908,0.0
grouped_iid,UNIFORM,0.99,0.2,0.97,0.05,36919,115,0.0031149272732197515,23,0.2,0.13432134620312633,0.2,0.09842628456892116,0.9733199707467699,0.023565101980010293,0.0
grouped_iid,UNIFORM,0.99,0.2,0.97,0.1,36919,115,0.0031149272732197515,23,0.2,0.13432134620312633,0.2,0.09842628456892116,0.9733199707467699,0.023565101980010293,0.0
grouped_iid,UNIFORM,0.99,0.2,0.99,0.01,36919,115,0.0031149272732197515,23,0.2,0.13432134620312633,0.2,0.09901568298166258,0.9806874509060376,0.016197621820742705,0.0
grouped_iid,UNIFORM,0.99,0.2,0.99,0.02,36919,115,0.0031149272732197515,23,0.2,0.13432134620312633,0.2,0.09901568298166258,0.9806874509060376,0.016197621820742705,0.0
grouped_iid,UNIFORM,0.99,0.2,0.99,0.05,36919,115,0.0031149272732197515,23,0.2,0.13432134620312633,0.2,0.09901568298166258,0.9806874509060376,0.016197621820742705,0.0
grouped_iid,UNIFORM,0.99,0.2,0.99,0.1,36919,115,0.0031149272732197515,23,0.2,0.13432134620312633,0.2,0.09901568298166258,0.9806874509060376,0.016197621820742705,0.0
grouped_iid,LOG_TRAIN_P50,0.9,0.01,0.9,0.01,36919,715,0.019366721742192367,122,0.17062937062937064,0.2021175750705942,0.17197966733282719,0.09917304939656495,0.9641377068718004,0.016495571386007206,0.0
grouped_iid,LOG_TRAIN_P50,0.9,0.01,0.9,0.02,36919,715,0.019366721742192367,122,0.17062937062937064,0.2021175750705942,0.17197966733282719,0.09893902355621173,0.9612123838673854,0.019420894390422275,0.0
grouped_iid,LOG_TRAIN_P50,0.9,0.01,0.9,0.05,36919,715,0.019366721742192367,122,0.17062937062937064,0.2021175750705942,0.17197966733282719,0.09735718222789841,0.9414393672634687,0.03919391099433896,0.0
grouped_iid,LOG_TRAIN_P50,0.9,0.01,0.9,0.1,36919,715,0.019366721742192367,122,0.17062937062937064,0.2021175750705942,0.17197966733282719,0.0969498039132095,0.9363471383298573,0.04428613992795038,0.0
grouped_iid,LOG_TRAIN_P50,0.9,0.01,0.95,0.01,36919,715,0.019366721742192367,122,0.17062937062937064,0.2021175750705942,0.17197966733282719,0.09917304939656495,0.9641377068718004,0.016495571386007206,0.0
grouped_iid,LOG_TRAIN_P50,0.9,0.01,0.95,0.02,36919,715,0.019366721742192367,122,0.17062937062937064,0.2021175750705942,0.17197966733282719,0.09893902355621173,0.9612123838673854,0.019420894390422275,0.0
grouped_iid,LOG_TRAIN_P50,0.9,0.01,0.95,0.05,36919,715,0.019366721742192367,122,0.17062937062937064,0.2021175750705942,0.17197966733282719,0.09740485415834071,0.9420352663939977,0.03859801186380996,0.0
grouped_iid,LOG_TRAIN_P50,0.9,0.01,0.95,0.1,36919,715,0.019366721742192367,122,0.17062937062937064,0.2021175750705942,0.17197966733282719,0.09720766571878385,0.9395704108995369,0.04106286735827081,0.0
grouped_iid,LOG_TRAIN_P50,0.9,0.01,0.97,0.01,36919,715,0.019366721742192367,122,0.17062937062937064,0.2021175750705942,0.17197966733282719,0.09917521630249414,0.9641647931959154,0.01646848506189225,0.0
grouped_iid,LOG_TRAIN_P50,0.9,0.01,0.97,0.02,36919,715,0.019366721742192367,122,0.17062937062937064,0.2021175750705942,0.17197966733282719,0.09894769117992852,0.9613207291638451,0.019312549093962458,0.0
grouped_iid,LOG_TRAIN_P50,0.9,0.01,0.97,0.05,36919,715,0.019366721742192367,122,0.17062937062937064,0.2021175750705942,0.17197966733282719,0.0986074869490447,0.9570681762777974,0.023565101980010293,0.0
grouped_iid,LOG_TRAIN_P50,0.9,0.01,0.97,0.1,36919,715,0.019366721742192367,122,0.17062937062937064,0.2021175750705942,0.17197966733282719,0.0986074869490447,0.9570681762777974,0.023565101980010293,0.0
grouped_iid,LOG_TRAIN_P50,0.9,0.01,0.99,0.01,36919,715,0.019366721742192367,122,0.17062937062937064,0.2021175750705942,0.17197966733282719,0.0991968853617861,0.964435656437065,0.016197621820742705,0.0
grouped_iid,LOG_TRAIN_P50,0.9,0.01,0.99,0.02,36919,715,0.019366721742192367,122,0.17062937062937064,0.2021175750705942,0.17197966733282719,0.0991968853617861,0.964435656437065,0.016197621820742705,0.0
grouped_iid,LOG_TRAIN_P50,0.9,0.01,0.99,0.05,36919,715,0.019366721742192367,122,0.17062937062937064,0.2021175750705942,0.17197966733282719,0.0991968853617861,0.964435656437065,0.016197621820742705,0.0
grouped_iid,LOG_TRAIN_P50,0.9,0.01,0.99,0.1,36919,715,0.019366721742192367,122,0.17062937062937064,0.2021175750705942,0.17197966733282719,0.0991968853617861,0.964435656437065,0.016197621820742705,0.0
grouped_iid,LOG_TRAIN_P50,0.9,0.02,0.9,0.01,36919,3468,0.09393537203066171,580,0.16724336793540945,0.17267309316191445,0.1678868622987456,0.10301513194988246,0.8895690565833311,0.016495571386007206,0.0
grouped_iid,LOG_TRAIN_P50,0.9,0.02,0.9,0.02,36919,3468,0.09393537203066171,580,0.16724336793540945,0.17267309316191445,0.1678868622987456,0.10278110610952926,0.886643733578916,0.019420894390422275,0.0
grouped_iid,LOG_TRAIN_P50,0.9,0.02,0.9,0.05,36919,3468,0.09393537203066171,580,0.16724336793540945,0.17267309316191445,0.1678868622987456,0.10119926478121592,0.8668707169749993,0.03919391099433896,0.0
grouped_iid,LOG_TRAIN_P50,0.9,0.02,0.9,0.1,36919,3468,0.09393537203066171,580,0.16724336793540945,0.17267309316191445,0.1678868622987456,0.10079188646652701,0.8617784880413879,0.04428613992795038,0.0
grouped_iid,LOG_TRAIN_P50,0.9,0.02,0.95,0.01,36919,3468,0.09393537203066171,580,0.16724336793540945,0.17267309316191445,0.1678868622987456,0.10301513194988246,0.8895690565833311,0.016495571386007206,0.0
grouped_iid,LOG_TRAIN_P50,0.9,0.02,0.95,0.02,36919,3468,0.09393537203066171,580,0.16724336793540945,0.17267309316191445,0.1678868622987456,0.10278110610952926,0.886643733578916,0.019420894390422275,0.0
grouped_iid,LOG_TRAIN_P50,0.9,0.02,0.95,0.05,36919,3468,0.09393537203066171,580,0.16724336793540945,0.17267309316191445,0.1678868622987456,0.10124693671165824,0.8674666161055283,0.03859801186380996,0.0
grouped_iid,LOG_TRAIN_P50,0.9,0.02,0.95,0.1,36919,3468,0.09393537203066171,580,0.16724336793540945,0.17267309316191445,0.1678868622987456,0.10104974827210138,0.8650017606110675,0.04106286735827081,0.0
grouped_iid,LOG_TRAIN_P50,0.9,0.02,0.97,0.01,36919,3468,0.09393537203066171,580,0.16724336793540945,0.17267309316191445,0.1678868622987456,0.10301729885581166,0.889596142907446,0.01646848506189225,0.0
grouped_iid,LOG_TRAIN_P50,0.9,0.02,0.97,0.02,36919,3468,0.09393537203066171,580,0.16724336793540945,0.17267309316191445,0.1678868622987456,0.10278977373324605,0.8867520788753758,0.019312549093962458,0.0
grouped_iid,LOG_TRAIN_P50,0.9,0.02,0.97,0.05,36919,3468,0.09393537203066171,580,0.16724336793540945,0.17267309316191445,0.1678868622987456,0.10244956950236221,0.882499525989328,0.023565101980010293,0.0
grouped_iid,LOG_TRAIN_P50,0.9,0.02,0.97,0.1,36919,3468,0.09393537203066171,580,0.16724336793540945,0.17267309316191445,0.1678868622987456,0.10244956950236221,0.882499525989328,0.023565101980010293,0.0
grouped_iid,LOG_TRAIN_P50,0.9,0.02,0.99,0.01,36919,3468,0.09393537203066171,580,0.16724336793540945,0.17267309316191445,0.1678868622987456,0.10303896791510363,0.8898670061485956,0.016197621820742705,0.0
grouped_iid,LOG_TRAIN_P50,0.9,0.02,0.99,0.02,36919,3468,0.09393537203066171,580,0.16724336793540945,0.17267309316191445,0.1678868622987456,0.10303896791510363,0.8898670061485956,0.016197621820742705,0.0
grouped_iid,LOG_TRAIN_P50,0.9,0.02,0.99,0.05,36919,3468,0.09393537203066171,580,0.16724336793540945,0.17267309316191445,0.1678868622987456,0.10303896791510363,0.8898670061485956,0.016197621820742705,0.0
grouped_iid,LOG_TRAIN_P50,0.9,0.02,0.99,0.1,36919,3468,0.09393537203066171,580,0.16724336793540945,0.17267309316191445,0.1678868622987456,0.10303896791510363,0.8898670061485956,0.016197621820742705,0.0
grouped_iid,LOG_TRAIN_P50,0.9,0.05,0.9,0.01,36919,6460,0.17497765378260516,1096,0.1696594427244582,0.20404345776609914,0.17139860505403312,0.10995331508768721,0.8085267748313877,0.016495571386007206,0.0
grouped_iid,LOG_TRAIN_P50,0.9,0.05,0.9,0.02,36919,6460,0.17497765378260516,1096,0.1696594427244582,0.20404345776609914,0.17139860505403312,0.10971928924733401,0.8056014518269725,0.019420894390422275,0.0
grouped_iid,LOG_TRAIN_P50,0.9,0.05,0.9,0.05,36919,6460,0.17497765378260516,1096,0.1696594427244582,0.20404345776609914,0.17139860505403312,0.10813744791902068,0.7858284352230559,0.03919391099433896,0.0
grouped_iid,LOG_TRAIN_P50,0.9,0.05,0.9,0.1,36919,6460,0.17497765378260516,1096,0.1696594427244582,0.20404345776609914,0.17139860505403312,0.10773006960433176,0.7807362062894445,0.04428613992795038,0.0
grouped_iid,LOG_TRAIN_P50,0.9,0.05,0.95,0.01,36919,6460,0.17497765378260516,1096,0.1696594427244582,0.20404345776609914,0.17139860505403312,0.10995331508768721,0.8085267748313877,0.016495571386007206,0.0
grouped_iid,LOG_TRAIN_P50,0.9,0.05,0.95,0.02,36919,6460,0.17497765378260516,1096,0.1696594427244582,0.20404345776609914,0.17139860505403312,0.10971928924733401,0.8056014518269725,0.019420894390422275,0.0
grouped_iid,LOG_TRAIN_P50,0.9,0.05,0.95,0.05,36919,6460,0.17497765378260516,1096,0.1696594427244582,0.20404345776609914,0.17139860505403312,0.10818511984946298,0.7864243343535848,0.03859801186380996,0.0
grouped_iid,LOG_TRAIN_P50,0.9,0.05,0.95,0.1,36919,6460,0.17497765378260516,1096,0.1696594427244582,0.20404345776609914,0.17139860505403312,0.10798793140990613,0.783959478859124,0.04106286735827081,0.0
grouped_iid,LOG_TRAIN_P50,0.9,0.05,0.97,0.01,36919,6460,0.17497765378260516,1096,0.1696594427244582,0.20404345776609914,0.17139860505403312,0.1099554819936164,0.8085538611555025,0.01646848506189225,0.0
grouped_iid,LOG_TRAIN_P50,0.9,0.05,0.97,0.02,36919,6460,0.17497765378260516,1096,0.1696594427244582,0.20404345776609914,0.17139860505403312,0.10972795687105079,0.8057097971234324,0.019312549093962458,0.0
grouped_iid,LOG_TRAIN_P50,0.9,0.05,0.97,0.05,36919,6460,0.17497765378260516,1096,0.1696594427244582,0.20404345776609914,0.17139860505403312,0.10938775264016697,0.8014572442373845,0.023565101980010293,0.0
grouped_iid,LOG_TRAIN_P50,0.9,0.05,0.97,0.1,36919,6460,0.17497765378260516,1096,0.1696594427244582,0.20404345776609914,0.17139860505403312,0.10938775264016697,0.8014572442373845,0.023565101980010293,0.0
grouped_iid,LOG_TRAIN_P50,0.9,0.05,0.99,0.01,36919,6460,0.17497765378260516,1096,0.1696594427244582,0.20404345776609914,0.17139860505403312,0.10997715105290838,0.8088247243966521,0.016197621820742705,0.0
grouped_iid,LOG_TRAIN_P50,0.9,0.05,0.99,0.02,36919,6460,0.17497765378260516,1096,0.1696594427244582,0.20404345776609914,0.17139860505403312,0.10997715105290838,0.8088247243966521,0.016197621820742705,0.0
grouped_iid,LOG_TRAIN_P50,0.9,0.05,0.99,0.05,36919,6460,0.17497765378260516,1096,0.1696594427244582,0.20404345776609914,0.17139860505403312,0.10997715105290838,0.8088247243966521,0.016197621820742705,0.0
grouped_iid,LOG_TRAIN_P50,0.9,0.05,0.99,0.1,36919,6460,0.17497765378260516,1096,0.1696594427244582,0.20404345776609914,0.17139860505403312,0.10997715105290838,0.8088247243966521,0.016197621820742705,0.0
grouped_iid,LOG_TRAIN_P50,0.9,0.1,0.9,0.01,36919,7405,0.20057423007123704,1277,0.1724510465901418,0.2039043505334128,0.1744093396492375,0.11328447696423158,0.7829301985427558,0.016495571386007206,0.0
grouped_iid,LOG_TRAIN_P50,0.9,0.1,0.9,0.02,36919,7405,0.20057423007123704,1277,0.1724510465901418,0.2039043505334128,0.1744093396492375,0.11305045112387839,0.7800048755383407,0.019420894390422275,0.0
grouped_iid,LOG_TRAIN_P50,0.9,0.1,0.9,0.05,36919,7405,0.20057423007123704,1277,0.1724510465901418,0.2039043505334128,0.1744093396492375,0.11146860979556504,0.760231858934424,0.03919391099433896,0.0
grouped_iid,LOG_TRAIN_P50,0.9,0.1,0.9,0.1,36919,7405,0.20057423007123704,1277,0.1724510465901418,0.2039043505334128,0.1744093396492375,0.11106123148087613,0.7551396300008126,0.04428613992795038,0.0
grouped_iid,LOG_TRAIN_P50,0.9,0.1,0.95,0.01,36919,7405,0.20057423007123704,1277,0.1724510465901418,0.2039043505334128,0.1744093396492375,0.11328447696423158,0.7829301985427558,0.016495571386007206,0.0
grouped_iid,LOG_TRAIN_P50,0.9,0.1,0.95,0.02,36919,7405,0.20057423007123704,1277,0.1724510465901418,0.2039043505334128,0.1744093396492375,0.11305045112387839,0.7800048755383407,0.019420894390422275,0.0
grouped_iid,LOG_TRAIN_P50,0.9,0.1,0.95,0.05,36919,7405,0.20057423007123704,1277,0.1724510465901418,0.2039043505334128,0.1744093396492375,0.11151628172600736,0.760827758064953,0.03859801186380996,0.0
grouped_iid,LOG_TRAIN_P50,0.9,0.1,0.95,0.1,36919,7405,0.20057423007123704,1277,0.1724510465901418,0.2039043505334128,0.1744093396492375,0.1113190932864505,0.7583629025704921,0.04106286735827081,0.0
grouped_iid,LOG_TRAIN_P50,0.9,0.1,0.97,0.01,36919,7405,0.20057423007123704,1277,0.1724510465901418,0.2039043505334128,0.1744093396492375,0.11328664387016077,0.7829572848668707,0.01646848506189225,0.0
grouped_iid,LOG_TRAIN_P50,0.9,0.1,0.97,0.02,36919,7405,0.20057423007123704,1277,0.1724510465901418,0.2039043505334128,0.1744093396492375,0.11305911874759517,0.7801132208348005,0.019312549093962458,0.0
grouped_iid,LOG_TRAIN_P50,0.9,0.1,0.97,0.05,36919,7405,0.20057423007123704,1277,0.1724510465901418,0.2039043505334128,0.1744093396492375,0.11271891451671133,0.7758606679487526,0.023565101980010293,0.0
grouped_iid,LOG_TRAIN_P50,0.9,0.1,0.97,0.1,36919,7405,0.20057423007123704,1277,0.1724510465901418,0.2039043505334128,0.1744093396492375,0.11271891451671133,0.7758606679487526,0.023565101980010293,0.0
grouped_iid,LOG_TRAIN_P50,0.9,0.1,0.99,0.01,36919,7405,0.20057423007123704,1277,0.1724510465901418,0.2039043505334128,0.1744093396492375,0.11330831292945275,0.7832281481080202,0.016197621820742705,0.0
grouped_iid,LOG_TRAIN_P50,0.9,0.1,0.99,0.02,36919,7405,0.20057423007123704,1277,0.1724510465901418,0.2039043505334128,0.1744093396492375,0.11330831292945275,0.7832281481080202,0.016197621820742705,0.0
grouped_iid,LOG_TRAIN_P50,0.9,0.1,0.99,0.05,36919,7405,0.20057423007123704,1277,0.1724510465901418,0.2039043505334128,0.1744093396492375,0.11330831292945275,0.7832281481080202,0.016197621820742705,0.0
grouped_iid,LOG_TRAIN_P50,0.9,0.1,0.99,0.1,36919,7405,0.20057423007123704,1277,0.1724510465901418,0.2039043505334128,0.1744093396492375,0.11330831292945275,0.7832281481080202,0.016197621820742705,0.0
grouped_iid,LOG_TRAIN_P50,0.9,0.2,0.9,0.01,36919,7405,0.20057423007123704,1277,0.1724510465901418,0.2039043505334128,0.1744093396492375,0.11328447696423158,0.7829301985427558,0.016495571386007206,0.0
grouped_iid,LOG_TRAIN_P50,0.9,0.2,0.9,0.02,36919,7405,0.20057423007123704,1277,0.1724510465901418,0.2039043505334128,0.1744093396492375,0.11305045112387839,0.7800048755383407,0.019420894390422275,0.0
grouped_iid,LOG_TRAIN_P50,0.9,0.2,0.9,0.05,36919,7405,0.20057423007123704,1277,0.1724510465901418,0.2039043505334128,0.1744093396492375,0.11146860979556504,0.760231858934424,0.03919391099433896,0.0
grouped_iid,LOG_TRAIN_P50,0.9,0.2,0.9,0.1,36919,7405,0.20057423007123704,1277,0.1724510465901418,0.2039043505334128,0.1744093396492375,0.11106123148087613,0.7551396300008126,0.04428613992795038,0.0
grouped_iid,LOG_TRAIN_P50,0.9,0.2,0.95,0.01,36919,7405,0.20057423007123704,1277,0.1724510465901418,0.2039043505334128,0.1744093396492375,0.11328447696423158,0.7829301985427558,0.016495571386007206,0.0
grouped_iid,LOG_TRAIN_P50,0.9,0.2,0.95,0.02,36919,7405,0.20057423007123704,1277,0.1724510465901418,0.2039043505334128,0.1744093396492375,0.11305045112387839,0.7800048755383407,0.019420894390422275,0.0
grouped_iid,LOG_TRAIN_P50,0.9,0.2,0.95,0.05,36919,7405,0.20057423007123704,1277,0.1724510465901418,0.2039043505334128,0.1744093396492375,0.11151628172600736,0.760827758064953,0.03859801186380996,0.0
grouped_iid,LOG_TRAIN_P50,0.9,0.2,0.95,0.1,36919,7405,0.20057423007123704,1277,0.1724510465901418,0.2039043505334128,0.1744093396492375,0.1113190932864505,0.7583629025704921,0.04106286735827081,0.0
grouped_iid,LOG_TRAIN_P50,0.9,0.2,0.97,0.01,36919,7405,0.20057423007123704,1277,0.1724510465901418,0.2039043505334128,0.1744093396492375,0.11328664387016077,0.7829572848668707,0.01646848506189225,0.0
grouped_iid,LOG_TRAIN_P50,0.9,0.2,0.97,0.02,36919,7405,0.20057423007123704,1277,0.1724510465901418,0.2039043505334128,0.1744093396492375,0.11305911874759517,0.7801132208348005,0.019312549093962458,0.0
grouped_iid,LOG_TRAIN_P50,0.9,0.2,0.97,0.05,36919,7405,0.20057423007123704,1277,0.1724510465901418,0.2039043505334128,0.1744093396492375,0.11271891451671133,0.7758606679487526,0.023565101980010293,0.0
grouped_iid,LOG_TRAIN_P50,0.9,0.2,0.97,0.1,36919,7405,0.20057423007123704,1277,0.1724510465901418,0.2039043505334128,0.1744093396492375,0.11271891451671133,0.7758606679487526,0.023565101980010293,0.0
grouped_iid,LOG_TRAIN_P50,0.9,0.2,0.99,0.01,36919,7405,0.20057423007123704,1277,0.1724510465901418,0.2039043505334128,0.1744093396492375,0.11330831292945275,0.7832281481080202,0.016197621820742705,0.0
grouped_iid,LOG_TRAIN_P50,0.9,0.2,0.99,0.02,36919,7405,0.20057423007123704,1277,0.1724510465901418,0.2039043505334128,0.1744093396492375,0.11330831292945275,0.7832281481080202,0.016197621820742705,0.0
grouped_iid,LOG_TRAIN_P50,0.9,0.2,0.99,0.05,36919,7405,0.20057423007123704,1277,0.1724510465901418,0.2039043505334128,0.1744093396492375,0.11330831292945275,0.7832281481080202,0.016197621820742705,0.0
grouped_iid,LOG_TRAIN_P50,0.9,0.2,0.99,0.1,36919,7405,0.20057423007123704,1277,0.1724510465901418,0.2039043505334128,0.1744093396492375,0.11330831292945275,0.7832281481080202,0.016197621820742705,0.0
grouped_iid,LOG_TRAIN_P50,0.95,0.01,0.9,0.01,36919,715,0.019366721742192367,122,0.17062937062937064,0.2021175750705942,0.17197966733282719,0.09917304939656495,0.9641377068718004,0.016495571386007206,0.0
grouped_iid,LOG_TRAIN_P50,0.95,0.01,0.9,0.02,36919,715,0.019366721742192367,122,0.17062937062937064,0.2021175750705942,0.17197966733282719,0.09893902355621173,0.9612123838673854,0.019420894390422275,0.0
grouped_iid,LOG_TRAIN_P50,0.95,0.01,0.9,0.05,36919,715,0.019366721742192367,122,0.17062937062937064,0.2021175750705942,0.17197966733282719,0.09735718222789841,0.9414393672634687,0.03919391099433896,0.0
grouped_iid,LOG_TRAIN_P50,0.95,0.01,0.9,0.1,36919,715,0.019366721742192367,122,0.17062937062937064,0.2021175750705942,0.17197966733282719,0.0969498039132095,0.9363471383298573,0.04428613992795038,0.0
grouped_iid,LOG_TRAIN_P50,0.95,0.01,0.95,0.01,36919,715,0.019366721742192367,122,0.17062937062937064,0.2021175750705942,0.17197966733282719,0.09917304939656495,0.9641377068718004,0.016495571386007206,0.0
grouped_iid,LOG_TRAIN_P50,0.95,0.01,0.95,0.02,36919,715,0.019366721742192367,122,0.17062937062937064,0.2021175750705942,0.17197966733282719,0.09893902355621173,0.9612123838673854,0.019420894390422275,0.0
grouped_iid,LOG_TRAIN_P50,0.95,0.01,0.95,0.05,36919,715,0.019366721742192367,122,0.17062937062937064,0.2021175750705942,0.17197966733282719,0.09740485415834071,0.9420352663939977,0.03859801186380996,0.0
grouped_iid,LOG_TRAIN_P50,0.95,0.01,0.95,0.1,36919,715,0.019366721742192367,122,0.17062937062937064,0.2021175750705942,0.17197966733282719,0.09720766571878385,0.9395704108995369,0.04106286735827081,0.0
grouped_iid,LOG_TRAIN_P50,0.95,0.01,0.97,0.01,36919,715,0.019366721742192367,122,0.17062937062937064,0.2021175750705942,0.17197966733282719,0.09917521630249414,0.9641647931959154,0.01646848506189225,0.0
grouped_iid,LOG_TRAIN_P50,0.95,0.01,0.97,0.02,36919,715,0.019366721742192367,122,0.17062937062937064,0.2021175750705942,0.17197966733282719,0.09894769117992852,0.9613207291638451,0.019312549093962458,0.0
grouped_iid,LOG_TRAIN_P50,0.95,0.01,0.97,0.05,36919,715,0.019366721742192367,122,0.17062937062937064,0.2021175750705942,0.17197966733282719,0.0986074869490447,0.9570681762777974,0.023565101980010293,0.0
grouped_iid,LOG_TRAIN_P50,0.95,0.01,0.97,0.1,36919,715,0.019366721742192367,122,0.17062937062937064,0.2021175750705942,0.17197966733282719,0.0986074869490447,0.9570681762777974,0.023565101980010293,0.0
grouped_iid,LOG_TRAIN_P50,0.95,0.01,0.99,0.01,36919,715,0.019366721742192367,122,0.17062937062937064,0.2021175750705942,0.17197966733282719,0.0991968853617861,0.964435656437065,0.016197621820742705,0.0
grouped_iid,LOG_TRAIN_P50,0.95,0.01,0.99,0.02,36919,715,0.019366721742192367,122,0.17062937062937064,0.2021175750705942,0.17197966733282719,0.0991968853617861,0.964435656437065,0.016197621820742705,0.0
grouped_iid,LOG_TRAIN_P50,0.95,0.01,0.99,0.05,36919,715,0.019366721742192367,122,0.17062937062937064,0.2021175750705942,0.17197966733282719,0.0991968853617861,0.964435656437065,0.016197621820742705,0.0
grouped_iid,LOG_TRAIN_P50,0.95,0.01,0.99,0.1,36919,715,0.019366721742192367,122,0.17062937062937064,0.2021175750705942,0.17197966733282719,0.0991968853617861,0.964435656437065,0.016197621820742705,0.0
grouped_iid,LOG_TRAIN_P50,0.95,0.02,0.9,0.01,36919,3465,0.09385411305831685,580,0.1673881673881674,0.1726747937853192,0.16794355468481642,0.10302325784711695,0.889650315555676,0.016495571386007206,0.0
grouped_iid,LOG_TRAIN_P50,0.95,0.02,0.9,0.02,36919,3465,0.09385411305831685,580,0.1673881673881674,0.1726747937853192,0.16794355468481642,0.10278923200676374,0.8867249925512609,0.019420894390422275,0.0
grouped_iid,LOG_TRAIN_P50,0.95,0.02,0.9,0.05,36919,3465,0.09385411305831685,580,0.1673881673881674,0.1726747937853192,0.16794355468481642,0.10120739067845042,0.8669519759473442,0.03919391099433896,0.0
grouped_iid,LOG_TRAIN_P50,0.95,0.02,0.9,0.1,36919,3465,0.09385411305831685,580,0.1673881673881674,0.1726747937853192,0.16794355468481642,0.10080001236376149,0.8618597470137328,0.04428613992795038,0.0
grouped_iid,LOG_TRAIN_P50,0.95,0.02,0.95,0.01,36919,3465,0.09385411305831685,580,0.1673881673881674,0.1726747937853192,0.16794355468481642,0.10302325784711695,0.889650315555676,0.016495571386007206,0.0
grouped_iid,LOG_TRAIN_P50,0.95,0.02,0.95,0.02,36919,3465,0.09385411305831685,580,0.1673881673881674,0.1726747937853192,0.16794355468481642,0.10278923200676374,0.8867249925512609,0.019420894390422275,0.0
grouped_iid,LOG_TRAIN_P50,0.95,0.02,0.95,0.05,36919,3465,0.09385411305831685,580,0.1673881673881674,0.1726747937853192,0.16794355468481642,0.10125506260889273,0.8675478750778732,0.03859801186380996,0.0
grouped_iid,LOG_TRAIN_P50,0.95,0.02,0.95,0.1,36919,3465,0.09385411305831685,580,0.1673881673881674,0.1726747937853192,0.16794355468481642,0.10105787416933586,0.8650830195834124,0.04106286735827081,0.0
grouped_iid,LOG_TRAIN_P50,0.95,0.02,0.97,0.01,36919,3465,0.09385411305831685,580,0.1673881673881674,0.1726747937853192,0.16794355468481642,0.10302542475304616,0.8896774018797909,0.01646848506189225,0.0
grouped_iid,LOG_TRAIN_P50,0.95,0.02,0.97,0.02,36919,3465,0.09385411305831685,580,0.1673881673881674,0.1726747937853192,0.16794355468481642,0.10279789963048053,0.8868333378477207,0.019312549093962458,0.0
grouped_iid,LOG_TRAIN_P50,0.95,0.02,0.97,0.05,36919,3465,0.09385411305831685,580,0.1673881673881674,0.1726747937853192,0.16794355468481642,0.1024576953995967,0.8825807849616728,0.023565101980010293,0.0
grouped_iid,LOG_TRAIN_P50,0.95,0.02,0.97,0.1,36919,3465,0.09385411305831685,580,0.1673881673881674,0.1726747937853192,0.16794355468481642,0.1024576953995967,0.8825807849616728,0.023565101980010293,0.0
grouped_iid,LOG_TRAIN_P50,0.95,0.02,0.99,0.01,36919,3465,0.09385411305831685,580,0.1673881673881674,0.1726747937853192,0.16794355468481642,0.1030470938123381,0.8899482651209404,0.016197621820742705,0.0
grouped_iid,LOG_TRAIN_P50,0.95,0.02,0.99,0.02,36919,3465,0.09385411305831685,580,0.1673881673881674,0.1726747937853192,0.16794355468481642,0.1030470938123381,0.8899482651209404,0.016197621820742705,0.0
grouped_iid,LOG_TRAIN_P50,0.95,0.02,0.99,0.05,36919,3465,0.09385411305831685,580,0.1673881673881674,0.1726747937853192,0.16794355468481642,0.1030470938123381,0.8899482651209404,0.016197621820742705,0.0
grouped_iid,LOG_TRAIN_P50,0.95,0.02,0.99,0.1,36919,3465,0.09385411305831685,580,0.1673881673881674,0.1726747937853192,0.16794355468481642,0.1030470938123381,0.8899482651209404,0.016197621820742705,0.0
grouped_iid,LOG_TRAIN_P50,0.95,0.05,0.9,0.01,36919,6178,0.16733931038218802,1044,0.16898672709614762,0.20407440054543494,0.17091269757179964,0.10972523058645073,0.8161651182318047,0.016495571386007206,0.0
grouped_iid,LOG_TRAIN_P50,0.95,0.05,0.9,0.02,36919,6178,0.16733931038218802,1044,0.16898672709614762,0.20407440054543494,0.17091269757179964,0.10949120474609753,0.8132397952273897,0.019420894390422275,0.0
grouped_iid,LOG_TRAIN_P50,0.95,0.05,0.9,0.05,36919,6178,0.16733931038218802,1044,0.16898672709614762,0.20407440054543494,0.17091269757179964,0.10790936341778418,0.793466778623473,0.03919391099433896,0.0
grouped_iid,LOG_TRAIN_P50,0.95,0.05,0.9,0.1,36919,6178,0.16733931038218802,1044,0.16898672709614762,0.20407440054543494,0.17091269757179964,0.10750198510309526,0.7883745496898615,0.04428613992795038,0.0
grouped_iid,LOG_TRAIN_P50,0.95,0.05,0.95,0.01,36919,6178,0.16733931038218802,1044,0.16898672709614762,0.20407440054543494,0.17091269757179964,0.10972523058645073,0.8161651182318047,0.016495571386007206,0.0
grouped_iid,LOG_TRAIN_P50,0.95,0.05,0.95,0.02,36919,6178,0.16733931038218802,1044,0.16898672709614762,0.20407440054543494,0.17091269757179964,0.10949120474609753,0.8132397952273897,0.019420894390422275,0.0
grouped_iid,LOG_TRAIN_P50,0.95,0.05,0.95,0.05,36919,6178,0.16733931038218802,1044,0.16898672709614762,0.20407440054543494,0.17091269757179964,0.1079570353482265,0.794062677754002,0.03859801186380996,0.0
grouped_iid,LOG_TRAIN_P50,0.95,0.05,0.95,0.1,36919,6178,0.16733931038218802,1044,0.16898672709614762,0.20407440054543494,0.17091269757179964,0.10775984690866965,0.7915978222595411,0.04106286735827081,0.0
grouped_iid,LOG_TRAIN_P50,0.95,0.05,0.97,0.01,36919,6178,0.16733931038218802,1044,0.16898672709614762,0.20407440054543494,0.17091269757179964,0.10972739749237992,0.8161922045559197,0.01646848506189225,0.0
grouped_iid,LOG_TRAIN_P50,0.95,0.05,0.97,0.02,36919,6178,0.16733931038218802,1044,0.16898672709614762,0.20407440054543494,0.17091269757179964,0.1094998723698143,0.8133481405238495,0.019312549093962458,0.0
grouped_iid,LOG_TRAIN_P50,0.95,0.05,0.97,0.05,36919,6178,0.16733931038218802,1044,0.16898672709614762,0.20407440054543494,0.17091269757179964,0.10915966813893048,0.8090955876378016,0.023565101980010293,0.0
grouped_iid,LOG_TRAIN_P50,0.95,0.05,0.97,0.1,36919,6178,0.16733931038218802,1044,0.16898672709614762,0.20407440054543494,0.17091269757179964,0.10915966813893048,0.8090955876378016,0.023565101980010293,0.0
grouped_iid,LOG_TRAIN_P50,0.95,0.05,0.99,0.01,36919,6178,0.16733931038218802,1044,0.16898672709614762,0.20407440054543494,0.17091269757179964,0.10974906655167188,0.8164630677970692,0.016197621820742705,0.0
grouped_iid,LOG_TRAIN_P50,0.95,0.05,0.99,0.02,36919,6178,0.16733931038218802,1044,0.16898672709614762,0.20407440054543494,0.17091269757179964,0.10974906655167188,0.8164630677970692,0.016197621820742705,0.0
grouped_iid,LOG_TRAIN_P50,0.95,0.05,0.99,0.05,36919,6178,0.16733931038218802,1044,0.16898672709614762,0.20407440054543494,0.17091269757179964,0.10974906655167188,0.8164630677970692,0.016197621820742705,0.0
grouped_iid,LOG_TRAIN_P50,0.95,0.05,0.99,0.1,36919,6178,0.16733931038218802,1044,0.16898672709614762,0.20407440054543494,0.17091269757179964,0.10974906655167188,0.8164630677970692,0.016197621820742705,0.0
grouped_iid,LOG_TRAIN_P50,0.95,0.1,0.9,0.01,36919,6383,0.17289200682575367,1079,0.1690427698574338,0.20288607746642398,0.17100522414639582,0.11044928811832794,0.8106124217882391,0.016495571386007206,0.0
grouped_iid,LOG_TRAIN_P50,0.95,0.1,0.9,0.02,36919,6383,0.17289200682575367,1079,0.1690427698574338,0.20288607746642398,0.17100522414639582,0.11021526227797473,0.807687098783824,0.019420894390422275,0.0
grouped_iid,LOG_TRAIN_P50,0.95,0.1,0.9,0.05,36919,6383,0.17289200682575367,1079,0.1690427698574338,0.20288607746642398,0.17100522414639582,0.1086334209496614,0.7879140821799073,0.03919391099433896,0.0
grouped_iid,LOG_TRAIN_P50,0.95,0.1,0.9,0.1,36919,6383,0.17289200682575367,1079,0.1690427698574338,0.20288607746642398,0.17100522414639582,0.10822604263497249,0.7828218532462959,0.04428613992795038,0.0
grouped_iid,LOG_TRAIN_P50,0.95,0.1,0.95,0.01,36919,6383,0.17289200682575367,1079,0.1690427698574338,0.20288607746642398,0.17100522414639582,0.11044928811832794,0.8106124217882391,0.016495571386007206,0.0
grouped_iid,LOG_TRAIN_P50,0.95,0.1,0.95,0.02,36919,6383,0.17289200682575367,1079,0.1690427698574338,0.20288607746642398,0.17100522414639582,0.11021526227797473,0.807687098783824,0.019420894390422275,0.0
grouped_iid,LOG_TRAIN_P50,0.95,0.1,0.95,0.05,36919,6383,0.17289200682575367,1079,0.1690427698574338,0.20288607746642398,0.17100522414639582,0.10868109288010373,0.7885099813104364,0.03859801186380996,0.0
grouped_iid,LOG_TRAIN_P50,0.95,0.1,0.95,0.1,36919,6383,0.17289200682575367,1079,0.1690427698574338,0.20288607746642398,0.17100522414639582,0.10848390444054685,0.7860451258159755,0.04106286735827081,0.0
grouped_iid,LOG_TRAIN_P50,0.95,0.1,0.97,0.01,36919,6383,0.17289200682575367,1079,0.1690427698574338,0.20288607746642398,0.17100522414639582,0.11045145502425714,0.8106395081123541,0.01646848506189225,0.0
grouped_iid,LOG_TRAIN_P50,0.95,0.1,0.97,0.02,36919,6383,0.17289200682575367,1079,0.1690427698574338,0.20288607746642398,0.17100522414639582,0.11022392990169153,0.8077954440802839,0.019312549093962458,0.0
grouped_iid,LOG_TRAIN_P50,0.95,0.1,0.97,0.05,36919,6383,0.17289200682575367,1079,0.1690427698574338,0.20288607746642398,0.17100522414639582,0.10988372567080769,0.803542891194236,0.023565101980010293,0.0
grouped_iid,LOG_TRAIN_P50,0.95,0.1,0.97,0.1,36919,6383,0.17289200682575367,1079,0.1690427698574338,0.20288607746642398,0.17100522414639582,0.10988372567080769,0.803542891194236,0.023565101980010293,0.0
grouped_iid,LOG_TRAIN_P50,0.95,0.1,0.99,0.01,36919,6383,0.17289200682575367,1079,0.1690427698574338,0.20288607746642398,0.17100522414639582,0.1104731240835491,0.8109103713535036,0.016197621820742705,0.0
grouped_iid,LOG_TRAIN_P50,0.95,0.1,0.99,0.02,36919,6383,0.17289200682575367,1079,0.1690427698574338,0.20288607746642398,0.17100522414639582,0.1104731240835491,0.8109103713535036,0.016197621820742705,0.0
grouped_iid,LOG_TRAIN_P50,0.95,0.1,0.99,0.05,36919,6383,0.17289200682575367,1079,0.1690427698574338,0.20288607746642398,0.17100522414639582,0.1104731240835491,0.8109103713535036,0.016197621820742705,0.0
grouped_iid,LOG_TRAIN_P50,0.95,0.1,0.99,0.1,36919,6383,0.17289200682575367,1079,0.1690427698574338,0.20288607746642398,0.17100522414639582,0.1104731240835491,0.8109103713535036,0.016197621820742705,0.0
grouped_iid,LOG_TRAIN_P50,0.95,0.2,0.9,0.01,36919,6383,0.17289200682575367,1079,0.1690427698574338,0.20288607746642398,0.17100522414639582,0.11044928811832794,0.8106124217882391,0.016495571386007206,0.0
grouped_iid,LOG_TRAIN_P50,0.95,0.2,0.9,0.02,36919,6383,0.17289200682575367,1079,0.1690427698574338,0.20288607746642398,0.17100522414639582,0.11021526227797473,0.807687098783824,0.019420894390422275,0.0
grouped_iid,LOG_TRAIN_P50,0.95,0.2,0.9,0.05,36919,6383,0.17289200682575367,1079,0.1690427698574338,0.20288607746642398,0.17100522414639582,0.1086334209496614,0.7879140821799073,0.03919391099433896,0.0
grouped_iid,LOG_TRAIN_P50,0.95,0.2,0.9,0.1,36919,6383,0.17289200682575367,1079,0.1690427698574338,0.20288607746642398,0.17100522414639582,0.10822604263497249,0.7828218532462959,0.04428613992795038,0.0
grouped_iid,LOG_TRAIN_P50,0.95,0.2,0.95,0.01,36919,6383,0.17289200682575367,1079,0.1690427698574338,0.20288607746642398,0.17100522414639582,0.11044928811832794,0.8106124217882391,0.016495571386007206,0.0
grouped_iid,LOG_TRAIN_P50,0.95,0.2,0.95,0.02,36919,6383,0.17289200682575367,1079,0.1690427698574338,0.20288607746642398,0.17100522414639582,0.11021526227797473,0.807687098783824,0.019420894390422275,0.0
grouped_iid,LOG_TRAIN_P50,0.95,0.2,0.95,0.05,36919,6383,0.17289200682575367,1079,0.1690427698574338,0.20288607746642398,0.17100522414639582,0.10868109288010373,0.7885099813104364,0.03859801186380996,0.0
grouped_iid,LOG_TRAIN_P50,0.95,0.2,0.95,0.1,36919,6383,0.17289200682575367,1079,0.1690427698574338,0.20288607746642398,0.17100522414639582,0.10848390444054685,0.7860451258159755,0.04106286735827081,0.0
grouped_iid,LOG_TRAIN_P50,0.95,0.2,0.97,0.01,36919,6383,0.17289200682575367,1079,0.1690427698574338,0.20288607746642398,0.17100522414639582,0.11045145502425714,0.8106395081123541,0.01646848506189225,0.0
grouped_iid,LOG_TRAIN_P50,0.95,0.2,0.97,0.02,36919,6383,0.17289200682575367,1079,0.1690427698574338,0.20288607746642398,0.17100522414639582,0.11022392990169153,0.8077954440802839,0.019312549093962458,0.0
grouped_iid,LOG_TRAIN_P50,0.95,0.2,0.97,0.05,36919,6383,0.17289200682575367,1079,0.1690427698574338,0.20288607746642398,0.17100522414639582,0.10988372567080769,0.803542891194236,0.023565101980010293,0.0
grouped_iid,LOG_TRAIN_P50,0.95,0.2,0.97,0.1,36919,6383,0.17289200682575367,1079,0.1690427698574338,0.20288607746642398,0.17100522414639582,0.10988372567080769,0.803542891194236,0.023565101980010293,0.0
grouped_iid,LOG_TRAIN_P50,0.95,0.2,0.99,0.01,36919,6383,0.17289200682575367,1079,0.1690427698574338,0.20288607746642398,0.17100522414639582,0.1104731240835491,0.8109103713535036,0.016197621820742705,0.0
grouped_iid,LOG_TRAIN_P50,0.95,0.2,0.99,0.02,36919,6383,0.17289200682575367,1079,0.1690427698574338,0.20288607746642398,0.17100522414639582,0.1104731240835491,0.8109103713535036,0.016197621820742705,0.0
grouped_iid,LOG_TRAIN_P50,0.95,0.2,0.99,0.05,36919,6383,0.17289200682575367,1079,0.1690427698574338,0.20288607746642398,0.17100522414639582,0.1104731240835491,0.8109103713535036,0.016197621820742705,0.0
grouped_iid,LOG_TRAIN_P50,0.95,0.2,0.99,0.1,36919,6383,0.17289200682575367,1079,0.1690427698574338,0.20288607746642398,0.17100522414639582,0.1104731240835491,0.8109103713535036,0.016197621820742705,0.0
grouped_iid,LOG_TRAIN_P50,0.97,0.01,0.9,0.01,36919,715,0.019366721742192367,122,0.17062937062937064,0.2021175750705942,0.17197966733282719,0.09917304939656495,0.9641377068718004,0.016495571386007206,0.0
grouped_iid,LOG_TRAIN_P50,0.97,0.01,0.9,0.02,36919,715,0.019366721742192367,122,0.17062937062937064,0.2021175750705942,0.17197966733282719,0.09893902355621173,0.9612123838673854,0.019420894390422275,0.0
grouped_iid,LOG_TRAIN_P50,0.97,0.01,0.9,0.05,36919,715,0.019366721742192367,122,0.17062937062937064,0.2021175750705942,0.17197966733282719,0.09735718222789841,0.9414393672634687,0.03919391099433896,0.0
grouped_iid,LOG_TRAIN_P50,0.97,0.01,0.9,0.1,36919,715,0.019366721742192367,122,0.17062937062937064,0.2021175750705942,0.17197966733282719,0.0969498039132095,0.9363471383298573,0.04428613992795038,0.0
grouped_iid,LOG_TRAIN_P50,0.97,0.01,0.95,0.01,36919,715,0.019366721742192367,122,0.17062937062937064,0.2021175750705942,0.17197966733282719,0.09917304939656495,0.9641377068718004,0.016495571386007206,0.0
grouped_iid,LOG_TRAIN_P50,0.97,0.01,0.95,0.02,36919,715,0.019366721742192367,122,0.17062937062937064,0.2021175750705942,0.17197966733282719,0.09893902355621173,0.9612123838673854,0.019420894390422275,0.0
grouped_iid,LOG_TRAIN_P50,0.97,0.01,0.95,0.05,36919,715,0.019366721742192367,122,0.17062937062937064,0.2021175750705942,0.17197966733282719,0.09740485415834071,0.9420352663939977,0.03859801186380996,0.0
grouped_iid,LOG_TRAIN_P50,0.97,0.01,0.95,0.1,36919,715,0.019366721742192367,122,0.17062937062937064,0.2021175750705942,0.17197966733282719,0.09720766571878385,0.9395704108995369,0.04106286735827081,0.0
grouped_iid,LOG_TRAIN_P50,0.97,0.01,0.97,0.01,36919,715,0.019366721742192367,122,0.17062937062937064,0.2021175750705942,0.17197966733282719,0.09917521630249414,0.9641647931959154,0.01646848506189225,0.0
grouped_iid,LOG_TRAIN_P50,0.97,0.01,0.97,0.02,36919,715,0.019366721742192367,122,0.17062937062937064,0.2021175750705942,0.17197966733282719,0.09894769117992852,0.9613207291638451,0.019312549093962458,0.0
grouped_iid,LOG_TRAIN_P50,0.97,0.01,0.97,0.05,36919,715,0.019366721742192367,122,0.17062937062937064,0.2021175750705942,0.17197966733282719,0.0986074869490447,0.9570681762777974,0.023565101980010293,0.0
grouped_iid,LOG_TRAIN_P50,0.97,0.01,0.97,0.1,36919,715,0.019366721742192367,122,0.17062937062937064,0.2021175750705942,0.17197966733282719,0.0986074869490447,0.9570681762777974,0.023565101980010293,0.0
grouped_iid,LOG_TRAIN_P50,0.97,0.01,0.99,0.01,36919,715,0.019366721742192367,122,0.17062937062937064,0.2021175750705942,0.17197966733282719,0.0991968853617861,0.964435656437065,0.016197621820742705,0.0
grouped_iid,LOG_TRAIN_P50,0.97,0.01,0.99,0.02,36919,715,0.019366721742192367,122,0.17062937062937064,0.2021175750705942,0.17197966733282719,0.0991968853617861,0.964435656437065,0.016197621820742705,0.0
grouped_iid,LOG_TRAIN_P50,0.97,0.01,0.99,0.05,36919,715,0.019366721742192367,122,0.17062937062937064,0.2021175750705942,0.17197966733282719,0.0991968853617861,0.964435656437065,0.016197621820742705,0.0
grouped_iid,LOG_TRAIN_P50,0.97,0.01,0.99,0.1,36919,715,0.019366721742192367,122,0.17062937062937064,0.2021175750705942,0.17197966733282719,0.0991968853617861,0.964435656437065,0.016197621820742705,0.0
grouped_iid,LOG_TRAIN_P50,0.97,0.02,0.9,0.01,36919,3456,0.09361033614128227,579,0.1675347222222222,0.17267604186293486,0.16798832058854346,0.10303781778270084,0.8898940924727106,0.016495571386007206,0.0
grouped_iid,LOG_TRAIN_P50,0.97,0.02,0.9,0.02,36919,3456,0.09361033614128227,579,0.1675347222222222,0.17267604186293486,0.16798832058854346,0.10280379194234762,0.8869687694682955,0.019420894390422275,0.0
grouped_iid,LOG_TRAIN_P50,0.97,0.02,0.9,0.05,36919,3456,0.09361033614128227,579,0.1675347222222222,0.17267604186293486,0.16798832058854346,0.1012219506140343,0.8671957528643788,0.03919391099433896,0.0
grouped_iid,LOG_TRAIN_P50,0.97,0.02,0.9,0.1,36919,3456,0.09361033614128227,579,0.1675347222222222,0.17267604186293486,0.16798832058854346,0.10081457229934539,0.8621035239307674,0.04428613992795038,0.0
grouped_iid,LOG_TRAIN_P50,0.97,0.02,0.95,0.01,36919,3456,0.09361033614128227,579,0.1675347222222222,0.17267604186293486,0.16798832058854346,0.10303781778270084,0.8898940924727106,0.016495571386007206,0.0
grouped_iid,LOG_TRAIN_P50,0.97,0.02,0.95,0.02,36919,3456,0.09361033614128227,579,0.1675347222222222,0.17267604186293486,0.16798832058854346,0.10280379194234762,0.8869687694682955,0.019420894390422275,0.0
grouped_iid,LOG_TRAIN_P50,0.97,0.02,0.95,0.05,36919,3456,0.09361033614128227,579,0.1675347222222222,0.17267604186293486,0.16798832058854346,0.1012696225444766,0.8677916519949078,0.03859801186380996,0.0
grouped_iid,LOG_TRAIN_P50,0.97,0.02,0.95,0.1,36919,3456,0.09361033614128227,579,0.1675347222222222,0.17267604186293486,0.16798832058854346,0.10107243410491974,0.865326796500447,0.04106286735827081,0.0
grouped_iid,LOG_TRAIN_P50,0.97,0.02,0.97,0.01,36919,3456,0.09361033614128227,579,0.1675347222222222,0.17267604186293486,0.16798832058854346,0.10303998468863003,0.8899211787968255,0.01646848506189225,0.0
grouped_iid,LOG_TRAIN_P50,0.97,0.02,0.97,0.02,36919,3456,0.09361033614128227,579,0.1675347222222222,0.17267604186293486,0.16798832058854346,0.10281245956606443,0.8870771147647553,0.019312549093962458,0.0
grouped_iid,LOG_TRAIN_P50,0.97,0.02,0.97,0.05,36919,3456,0.09361033614128227,579,0.1675347222222222,0.17267604186293486,0.16798832058854346,0.10247225533518059,0.8828245618787074,0.023565101980010293,0.0
grouped_iid,LOG_TRAIN_P50,0.97,0.02,0.97,0.1,36919,3456,0.09361033614128227,579,0.1675347222222222,0.17267604186293486,0.16798832058854346,0.10247225533518059,0.8828245618787074,0.023565101980010293,0.0
grouped_iid,LOG_TRAIN_P50,0.97,0.02,0.99,0.01,36919,3456,0.09361033614128227,579,0.1675347222222222,0.17267604186293486,0.16798832058854346,0.103061653747922,0.890192042037975,0.016197621820742705,0.0
grouped_iid,LOG_TRAIN_P50,0.97,0.02,0.99,0.02,36919,3456,0.09361033614128227,579,0.1675347222222222,0.17267604186293486,0.16798832058854346,0.103061653747922,0.890192042037975,0.016197621820742705,0.0
grouped_iid,LOG_TRAIN_P50,0.97,0.02,0.99,0.05,36919,3456,0.09361033614128227,579,0.1675347222222222,0.17267604186293486,0.16798832058854346,0.103061653747922,0.890192042037975,0.016197621820742705,0.0
grouped_iid,LOG_TRAIN_P50,0.97,0.02,0.99,0.1,36919,3456,0.09361033614128227,579,0.1675347222222222,0.17267604186293486,0.16798832058854346,0.103061653747922,0.890192042037975,0.016197621820742705,0.0
grouped_iid,LOG_TRAIN_P50,0.97,0.05,0.9,0.01,36919,5743,0.1555567593921829,976,0.16994602124325264,0.20525087038400563,0.17183301610325677,0.10926470144389949,0.82794766922181,0.016495571386007206,0.0
grouped_iid,LOG_TRAIN_P50,0.97,0.05,0.9,0.02,36919,5743,0.1555567593921829,976,0.16994602124325264,0.20525087038400563,0.17183301610325677,0.10903067560354629,0.8250223462173948,0.019420894390422275,0.0
grouped_iid,LOG_TRAIN_P50,0.97,0.05,0.9,0.05,36919,5743,0.1555567593921829,976,0.16994602124325264,0.20525087038400563,0.17183301610325677,0.10744883427523295,0.8052493296134782,0.03919391099433896,0.0
grouped_iid,LOG_TRAIN_P50,0.97,0.05,0.9,0.1,36919,5743,0.1555567593921829,976,0.16994602124325264,0.20525087038400563,0.17183301610325677,0.10704145596054404,0.8001571006798668,0.04428613992795038,0.0
grouped_iid,LOG_TRAIN_P50,0.97,0.05,0.95,0.01,36919,5743,0.1555567593921829,976,0.16994602124325264,0.20525087038400563,0.17183301610325677,0.10926470144389949,0.82794766922181,0.016495571386007206,0.0
grouped_iid,LOG_TRAIN_P50,0.97,0.05,0.95,0.02,36919,5743,0.1555567593921829,976,0.16994602124325264,0.20525087038400563,0.17183301610325677,0.10903067560354629,0.8250223462173948,0.019420894390422275,0.0
grouped_iid,LOG_TRAIN_P50,0.97,0.05,0.95,0.05,36919,5743,0.1555567593921829,976,0.16994602124325264,0.20525087038400563,0.17183301610325677,0.10749650620567526,0.8058452287440071,0.03859801186380996,0.0
grouped_iid,LOG_TRAIN_P50,0.97,0.05,0.95,0.1,36919,5743,0.1555567593921829,976,0.16994602124325264,0.20525087038400563,0.17183301610325677,0.10729931776611841,0.8033803732495463,0.04106286735827081,0.0
grouped_iid,LOG_TRAIN_P50,0.97,0.05,0.97,0.01,36919,5743,0.1555567593921829,976,0.16994602124325264,0.20525087038400563,0.17183301610325677,0.1092668683498287,0.8279747555459248,0.01646848506189225,0.0
grouped_iid,LOG_TRAIN_P50,0.97,0.05,0.97,0.02,36919,5743,0.1555567593921829,976,0.16994602124325264,0.20525087038400563,0.17183301610325677,0.10903934322726307,0.8251306915138547,0.019312549093962458,0.0
grouped_iid,LOG_TRAIN_P50,0.97,0.05,0.97,0.05,36919,5743,0.1555567593921829,976,0.16994602124325264,0.20525087038400563,0.17183301610325677,0.10869913899637926,0.8208781386278068,0.023565101980010293,0.0
grouped_iid,LOG_TRAIN_P50,0.97,0.05,0.97,0.1,36919,5743,0.1555567593921829,976,0.16994602124325264,0.20525087038400563,0.17183301610325677,0.10869913899637926,0.8208781386278068,0.023565101980010293,0.0
grouped_iid,LOG_TRAIN_P50,0.97,0.05,0.99,0.01,36919,5743,0.1555567593921829,976,0.16994602124325264,0.20525087038400563,0.17183301610325677,0.10928853740912066,0.8282456187870744,0.016197621820742705,0.0
grouped_iid,LOG_TRAIN_P50,0.97,0.05,0.99,0.02,36919,5743,0.1555567593921829,976,0.16994602124325264,0.20525087038400563,0.17183301610325677,0.10928853740912066,0.8282456187870744,0.016197621820742705,0.0
grouped_iid,LOG_TRAIN_P50,0.97,0.05,0.99,0.05,36919,5743,0.1555567593921829,976,0.16994602124325264,0.20525087038400563,0.17183301610325677,0.10928853740912066,0.8282456187870744,0.016197621820742705,0.0
grouped_iid,LOG_TRAIN_P50,0.97,0.05,0.99,0.1,36919,5743,0.1555567593921829,976,0.16994602124325264,0.20525087038400563,0.17183301610325677,0.10928853740912066,0.8282456187870744,0.016197621820742705,0.0
grouped_iid,LOG_TRAIN_P50,0.97,0.1,0.9,0.01,36919,5744,0.15558384571629785,976,0.16991643454038996,0.2041850672667094,0.17178055329727995,0.109261992811488,0.827920582897695,0.016495571386007206,0.0
grouped_iid,LOG_TRAIN_P50,0.97,0.1,0.9,0.02,36919,5744,0.15558384571629785,976,0.16991643454038996,0.2041850672667094,0.17178055329727995,0.10902796697113479,0.8249952598932799,0.019420894390422275,0.0
grouped_iid,LOG_TRAIN_P50,0.97,0.1,0.9,0.05,36919,5744,0.15558384571629785,976,0.16991643454038996,0.2041850672667094,0.17178055329727995,0.10744612564282147,0.8052222432893632,0.03919391099433896,0.0
grouped_iid,LOG_TRAIN_P50,0.97,0.1,0.9,0.1,36919,5744,0.15558384571629785,976,0.16991643454038996,0.2041850672667094,0.17178055329727995,0.10703874732813255,0.8001300143557518,0.04428613992795038,0.0
grouped_iid,LOG_TRAIN_P50,0.97,0.1,0.95,0.01,36919,5744,0.15558384571629785,976,0.16991643454038996,0.2041850672667094,0.17178055329727995,0.109261992811488,0.827920582897695,0.016495571386007206,0.0
grouped_iid,LOG_TRAIN_P50,0.97,0.1,0.95,0.02,36919,5744,0.15558384571629785,976,0.16991643454038996,0.2041850672667094,0.17178055329727995,0.10902796697113479,0.8249952598932799,0.019420894390422275,0.0
grouped_iid,LOG_TRAIN_P50,0.97,0.1,0.95,0.05,36919,5744,0.15558384571629785,976,0.16991643454038996,0.2041850672667094,0.17178055329727995,0.10749379757326379,0.8058181424198922,0.03859801186380996,0.0
grouped_iid,LOG_TRAIN_P50,0.97,0.1,0.95,0.1,36919,5744,0.15558384571629785,976,0.16991643454038996,0.2041850672667094,0.17178055329727995,0.1072966091337069,0.8033532869254314,0.04106286735827081,0.0
grouped_iid,LOG_TRAIN_P50,0.97,0.1,0.97,0.01,36919,5744,0.15558384571629785,976,0.16991643454038996,0.2041850672667094,0.17178055329727995,0.1092641597174172,0.82794766922181,0.01646848506189225,0.0
grouped_iid,LOG_TRAIN_P50,0.97,0.1,0.97,0.02,36919,5744,0.15558384571629785,976,0.16991643454038996,0.2041850672667094,0.17178055329727995,0.10903663459485159,0.8251036051897397,0.019312549093962458,0.0
grouped_iid,LOG_TRAIN_P50,0.97,0.1,0.97,0.05,36919,5744,0.15558384571629785,976,0.16991643454038996,0.2041850672667094,0.17178055329727995,0.10869643036396776,0.8208510523036918,0.023565101980010293,0.0
grouped_iid,LOG_TRAIN_P50,0.97,0.1,0.97,0.1,36919,5744,0.15558384571629785,976,0.16991643454038996,0.2041850672667094,0.17178055329727995,0.10869643036396776,0.8208510523036918,0.023565101980010293,0.0
grouped_iid,LOG_TRAIN_P50,0.97,0.1,0.99,0.01,36919,5744,0.15558384571629785,976,0.16991643454038996,0.2041850672667094,0.17178055329727995,0.10928582877670916,0.8282185324629594,0.016197621820742705,0.0
grouped_iid,LOG_TRAIN_P50,0.97,0.1,0.99,0.02,36919,5744,0.15558384571629785,976,0.16991643454038996,0.2041850672667094,0.17178055329727995,0.10928582877670916,0.8282185324629594,0.016197621820742705,0.0
grouped_iid,LOG_TRAIN_P50,0.97,0.1,0.99,0.05,36919,5744,0.15558384571629785,976,0.16991643454038996,0.2041850672667094,0.17178055329727995,0.10928582877670916,0.8282185324629594,0.016197621820742705,0.0
grouped_iid,LOG_TRAIN_P50,0.97,0.1,0.99,0.1,36919,5744,0.15558384571629785,976,0.16991643454038996,0.2041850672667094,0.17178055329727995,0.10928582877670916,0.8282185324629594,0.016197621820742705,0.0
grouped_iid,LOG_TRAIN_P50,0.97,0.2,0.9,0.01,36919,5744,0.15558384571629785,976,0.16991643454038996,0.2041850672667094,0.17178055329727995,0.109261992811488,0.827920582897695,0.016495571386007206,0.0
grouped_iid,LOG_TRAIN_P50,0.97,0.2,0.9,0.02,36919,5744,0.15558384571629785,976,0.16991643454038996,0.2041850672667094,0.17178055329727995,0.10902796697113479,0.8249952598932799,0.019420894390422275,0.0
grouped_iid,LOG_TRAIN_P50,0.97,0.2,0.9,0.05,36919,5744,0.15558384571629785,976,0.16991643454038996,0.2041850672667094,0.17178055329727995,0.10744612564282147,0.8052222432893632,0.03919391099433896,0.0
grouped_iid,LOG_TRAIN_P50,0.97,0.2,0.9,0.1,36919,5744,0.15558384571629785,976,0.16991643454038996,0.2041850672667094,0.17178055329727995,0.10703874732813255,0.8001300143557518,0.04428613992795038,0.0
grouped_iid,LOG_TRAIN_P50,0.97,0.2,0.95,0.01,36919,5744,0.15558384571629785,976,0.16991643454038996,0.2041850672667094,0.17178055329727995,0.109261992811488,0.827920582897695,0.016495571386007206,0.0
grouped_iid,LOG_TRAIN_P50,0.97,0.2,0.95,0.02,36919,5744,0.15558384571629785,976,0.16991643454038996,0.2041850672667094,0.17178055329727995,0.10902796697113479,0.8249952598932799,0.019420894390422275,0.0
grouped_iid,LOG_TRAIN_P50,0.97,0.2,0.95,0.05,36919,5744,0.15558384571629785,976,0.16991643454038996,0.2041850672667094,0.17178055329727995,0.10749379757326379,0.8058181424198922,0.03859801186380996,0.0
grouped_iid,LOG_TRAIN_P50,0.97,0.2,0.95,0.1,36919,5744,0.15558384571629785,976,0.16991643454038996,0.2041850672667094,0.17178055329727995,0.1072966091337069,0.8033532869254314,0.04106286735827081,0.0
grouped_iid,LOG_TRAIN_P50,0.97,0.2,0.97,0.01,36919,5744,0.15558384571629785,976,0.16991643454038996,0.2041850672667094,0.17178055329727995,0.1092641597174172,0.82794766922181,0.01646848506189225,0.0
grouped_iid,LOG_TRAIN_P50,0.97,0.2,0.97,0.02,36919,5744,0.15558384571629785,976,0.16991643454038996,0.2041850672667094,0.17178055329727995,0.10903663459485159,0.8251036051897397,0.019312549093962458,0.0
grouped_iid,LOG_TRAIN_P50,0.97,0.2,0.97,0.05,36919,5744,0.15558384571629785,976,0.16991643454038996,0.2041850672667094,0.17178055329727995,0.10869643036396776,0.8208510523036918,0.023565101980010293,0.0
grouped_iid,LOG_TRAIN_P50,0.97,0.2,0.97,0.1,36919,5744,0.15558384571629785,976,0.16991643454038996,0.2041850672667094,0.17178055329727995,0.10869643036396776,0.8208510523036918,0.023565101980010293,0.0
grouped_iid,LOG_TRAIN_P50,0.97,0.2,0.99,0.01,36919,5744,0.15558384571629785,976,0.16991643454038996,0.2041850672667094,0.17178055329727995,0.10928582877670916,0.8282185324629594,0.016197621820742705,0.0
grouped_iid,LOG_TRAIN_P50,0.97,0.2,0.99,0.02,36919,5744,0.15558384571629785,976,0.16991643454038996,0.2041850672667094,0.17178055329727995,0.10928582877670916,0.8282185324629594,0.016197621820742705,0.0
grouped_iid,LOG_TRAIN_P50,0.97,0.2,0.99,0.05,36919,5744,0.15558384571629785,976,0.16991643454038996,0.2041850672667094,0.17178055329727995,0.10928582877670916,0.8282185324629594,0.016197621820742705,0.0
grouped_iid,LOG_TRAIN_P50,0.97,0.2,0.99,0.1,36919,5744,0.15558384571629785,976,0.16991643454038996,0.2041850672667094,0.17178055329727995,0.10928582877670916,0.8282185324629594,0.016197621820742705,0.0
grouped_iid,LOG_TRAIN_P50,0.99,0.01,0.9,0.01,36919,111,0.0030065819767599337,22,0.1981981981981982,0.2138240879843533,0.19010662955999574,0.09894906029067438,0.9804978466372328,0.016495571386007206,0.0
grouped_iid,LOG_TRAIN_P50,0.99,0.01,0.9,0.02,36919,111,0.0030065819767599337,22,0.1981981981981982,0.2138240879843533,0.19010662955999574,0.09871503445032116,0.9775725236328178,0.019420894390422275,0.0
grouped_iid,LOG_TRAIN_P50,0.99,0.01,0.9,0.05,36919,111,0.0030065819767599337,22,0.1981981981981982,0.2138240879843533,0.19010662955999574,0.09713319312200784,0.9577995070289012,0.03919391099433896,0.0
grouped_iid,LOG_TRAIN_P50,0.99,0.01,0.9,0.1,36919,111,0.0030065819767599337,22,0.1981981981981982,0.2138240879843533,0.19010662955999574,0.09672581480731891,0.9527072780952897,0.04428613992795038,0.0
grouped_iid,LOG_TRAIN_P50,0.99,0.01,0.95,0.01,36919,111,0.0030065819767599337,22,0.1981981981981982,0.2138240879843533,0.19010662955999574,0.09894906029067438,0.9804978466372328,0.016495571386007206,0.0
grouped_iid,LOG_TRAIN_P50,0.99,0.01,0.95,0.02,36919,111,0.0030065819767599337,22,0.1981981981981982,0.2138240879843533,0.19010662955999574,0.09871503445032116,0.9775725236328178,0.019420894390422275,0.0
grouped_iid,LOG_TRAIN_P50,0.99,0.01,0.95,0.05,36919,111,0.0030065819767599337,22,0.1981981981981982,0.2138240879843533,0.19010662955999574,0.09718086505245015,0.9583954061594301,0.03859801186380996,0.0
grouped_iid,LOG_TRAIN_P50,0.99,0.01,0.95,0.1,36919,111,0.0030065819767599337,22,0.1981981981981982,0.2138240879843533,0.19010662955999574,0.09698367661289328,0.9559305506649692,0.04106286735827081,0.0
grouped_iid,LOG_TRAIN_P50,0.99,0.01,0.97,0.01,36919,111,0.0030065819767599337,22,0.1981981981981982,0.2138240879843533,0.19010662955999574,0.09895122719660357,0.9805249329613478,0.01646848506189225,0.0
grouped_iid,LOG_TRAIN_P50,0.99,0.01,0.97,0.02,36919,111,0.0030065819767599337,22,0.1981981981981982,0.2138240879843533,0.19010662955999574,0.09872370207403795,0.9776808689292776,0.019312549093962458,0.0
grouped_iid,LOG_TRAIN_P50,0.99,0.01,0.97,0.05,36919,111,0.0030065819767599337,22,0.1981981981981982,0.2138240879843533,0.19010662955999574,0.09838349784315413,0.9734283160432298,0.023565101980010293,0.0
grouped_iid,LOG_TRAIN_P50,0.99,0.01,0.97,0.1,36919,111,0.0030065819767599337,22,0.1981981981981982,0.2138240879843533,0.19010662955999574,0.09838349784315413,0.9734283160432298,0.023565101980010293,0.0
grouped_iid,LOG_TRAIN_P50,0.99,0.01,0.99,0.01,36919,111,0.0030065819767599337,22,0.1981981981981982,0.2138240879843533,0.19010662955999574,0.09897289625589553,0.9807957962024973,0.016197621820742705,0.0
grouped_iid,LOG_TRAIN_P50,0.99,0.01,0.99,0.02,36919,111,0.0030065819767599337,22,0.1981981981981982,0.2138240879843533,0.19010662955999574,0.09897289625589553,0.9807957962024973,0.016197621820742705,0.0
grouped_iid,LOG_TRAIN_P50,0.99,0.01,0.99,0.05,36919,111,0.0030065819767599337,22,0.1981981981981982,0.2138240879843533,0.19010662955999574,0.09897289625589553,0.9807957962024973,0.016197621820742705,0.0
grouped_iid,LOG_TRAIN_P50,0.99,0.01,0.99,0.1,36919,111,0.0030065819767599337,22,0.1981981981981982,0.2138240879843533,0.19010662955999574,0.09897289625589553,0.9807957962024973,0.016197621820742705,0.0
grouped_iid,LOG_TRAIN_P50,0.99,0.02,0.9,0.01,36919,115,0.0031149272732197515,23,0.2,0.13432134620312633,0.19239902527898028,0.09897888765932852,0.9803895013407731,0.016495571386007206,0.0
grouped_iid,LOG_TRAIN_P50,0.99,0.02,0.9,0.02,36919,115,0.0031149272732197515,23,0.2,0.13432134620312633,0.19239902527898028,0.09874486181897531,0.977464178336358,0.019420894390422275,0.0
grouped_iid,LOG_TRAIN_P50,0.99,0.02,0.9,0.05,36919,115,0.0031149272732197515,23,0.2,0.13432134620312633,0.19239902527898028,0.09716302049066197,0.9576911617324413,0.03919391099433896,0.0
grouped_iid,LOG_TRAIN_P50,0.99,0.02,0.9,0.1,36919,115,0.0031149272732197515,23,0.2,0.13432134620312633,0.19239902527898028,0.09675564217597306,0.9525989327988299,0.04428613992795038,0.0
grouped_iid,LOG_TRAIN_P50,0.99,0.02,0.95,0.01,36919,115,0.0031149272732197515,23,0.2,0.13432134620312633,0.19239902527898028,0.09897888765932852,0.9803895013407731,0.016495571386007206,0.0
grouped_iid,LOG_TRAIN_P50,0.99,0.02,0.95,0.02,36919,115,0.0031149272732197515,23,0.2,0.13432134620312633,0.19239902527898028,0.09874486181897531,0.977464178336358,0.019420894390422275,0.0
grouped_iid,LOG_TRAIN_P50,0.99,0.02,0.95,0.05,36919,115,0.0031149272732197515,23,0.2,0.13432134620312633,0.19239902527898028,0.09721069242110429,0.9582870608629703,0.03859801186380996,0.0
grouped_iid,LOG_TRAIN_P50,0.99,0.02,0.95,0.1,36919,115,0.0031149272732197515,23,0.2,0.13432134620312633,0.19239902527898028,0.09701350398154741,0.9558222053685095,0.04106286735827081,0.0
grouped_iid,LOG_TRAIN_P50,0.99,0.02,0.97,0.01,36919,115,0.0031149272732197515,23,0.2,0.13432134620312633,0.19239902527898028,0.09898105456525771,0.980416587664888,0.01646848506189225,0.0
grouped_iid,LOG_TRAIN_P50,0.99,0.02,0.97,0.02,36919,115,0.0031149272732197515,23,0.2,0.13432134620312633,0.19239902527898028,0.0987535294426921,0.9775725236328178,0.019312549093962458,0.0
grouped_iid,LOG_TRAIN_P50,0.99,0.02,0.97,0.05,36919,115,0.0031149272732197515,23,0.2,0.13432134620312633,0.19239902527898028,0.09841332521180826,0.9733199707467699,0.023565101980010293,0.0
grouped_iid,LOG_TRAIN_P50,0.99,0.02,0.97,0.1,36919,115,0.0031149272732197515,23,0.2,0.13432134620312633,0.19239902527898028,0.09841332521180826,0.9733199707467699,0.023565101980010293,0.0
grouped_iid,LOG_TRAIN_P50,0.99,0.02,0.99,0.01,36919,115,0.0031149272732197515,23,0.2,0.13432134620312633,0.19239902527898028,0.09900272362454966,0.9806874509060376,0.016197621820742705,0.0
grouped_iid,LOG_TRAIN_P50,0.99,0.02,0.99,0.02,36919,115,0.0031149272732197515,23,0.2,0.13432134620312633,0.19239902527898028,0.09900272362454966,0.9806874509060376,0.016197621820742705,0.0
grouped_iid,LOG_TRAIN_P50,0.99,0.02,0.99,0.05,36919,115,0.0031149272732197515,23,0.2,0.13432134620312633,0.19239902527898028,0.09900272362454966,0.9806874509060376,0.016197621820742705,0.0
grouped_iid,LOG_TRAIN_P50,0.99,0.02,0.99,0.1,36919,115,0.0031149272732197515,23,0.2,0.13432134620312633,0.19239902527898028,0.09900272362454966,0.9806874509060376,0.016197621820742705,0.0
grouped_iid,LOG_TRAIN_P50,0.99,0.05,0.9,0.01,36919,115,0.0031149272732197515,23,0.2,0.13432134620312633,0.19239902527898028,0.09897888765932852,0.9803895013407731,0.016495571386007206,0.0
grouped_iid,LOG_TRAIN_P50,0.99,0.05,0.9,0.02,36919,115,0.0031149272732197515,23,0.2,0.13432134620312633,0.19239902527898028,0.09874486181897531,0.977464178336358,0.019420894390422275,0.0
grouped_iid,LOG_TRAIN_P50,0.99,0.05,0.9,0.05,36919,115,0.0031149272732197515,23,0.2,0.13432134620312633,0.19239902527898028,0.09716302049066197,0.9576911617324413,0.03919391099433896,0.0
grouped_iid,LOG_TRAIN_P50,0.99,0.05,0.9,0.1,36919,115,0.0031149272732197515,23,0.2,0.13432134620312633,0.19239902527898028,0.09675564217597306,0.9525989327988299,0.04428613992795038,0.0
grouped_iid,LOG_TRAIN_P50,0.99,0.05,0.95,0.01,36919,115,0.0031149272732197515,23,0.2,0.13432134620312633,0.19239902527898028,0.09897888765932852,0.9803895013407731,0.016495571386007206,0.0
grouped_iid,LOG_TRAIN_P50,0.99,0.05,0.95,0.02,36919,115,0.0031149272732197515,23,0.2,0.13432134620312633,0.19239902527898028,0.09874486181897531,0.977464178336358,0.019420894390422275,0.0
grouped_iid,LOG_TRAIN_P50,0.99,0.05,0.95,0.05,36919,115,0.0031149272732197515,23,0.2,0.13432134620312633,0.19239902527898028,0.09721069242110429,0.9582870608629703,0.03859801186380996,0.0
grouped_iid,LOG_TRAIN_P50,0.99,0.05,0.95,0.1,36919,115,0.0031149272732197515,23,0.2,0.13432134620312633,0.19239902527898028,0.09701350398154741,0.9558222053685095,0.04106286735827081,0.0
grouped_iid,LOG_TRAIN_P50,0.99,0.05,0.97,0.01,36919,115,0.0031149272732197515,23,0.2,0.13432134620312633,0.19239902527898028,0.09898105456525771,0.980416587664888,0.01646848506189225,0.0
grouped_iid,LOG_TRAIN_P50,0.99,0.05,0.97,0.02,36919,115,0.0031149272732197515,23,0.2,0.13432134620312633,0.19239902527898028,0.0987535294426921,0.9775725236328178,0.019312549093962458,0.0
grouped_iid,LOG_TRAIN_P50,0.99,0.05,0.97,0.05,36919,115,0.0031149272732197515,23,0.2,0.13432134620312633,0.19239902527898028,0.09841332521180826,0.9733199707467699,0.023565101980010293,0.0
grouped_iid,LOG_TRAIN_P50,0.99,0.05,0.97,0.1,36919,115,0.0031149272732197515,23,0.2,0.13432134620312633,0.19239902527898028,0.09841332521180826,0.9733199707467699,0.023565101980010293,0.0
grouped_iid,LOG_TRAIN_P50,0.99,0.05,0.99,0.01,36919,115,0.0031149272732197515,23,0.2,0.13432134620312633,0.19239902527898028,0.09900272362454966,0.9806874509060376,0.016197621820742705,0.0
grouped_iid,LOG_TRAIN_P50,0.99,0.05,0.99,0.02,36919,115,0.0031149272732197515,23,0.2,0.13432134620312633,0.19239902527898028,0.09900272362454966,0.9806874509060376,0.016197621820742705,0.0
grouped_iid,LOG_TRAIN_P50,0.99,0.05,0.99,0.05,36919,115,0.0031149272732197515,23,0.2,0.13432134620312633,0.19239902527898028,0.09900272362454966,0.9806874509060376,0.016197621820742705,0.0
grouped_iid,LOG_TRAIN_P50,0.99,0.05,0.99,0.1,36919,115,0.0031149272732197515,23,0.2,0.13432134620312633,0.19239902527898028,0.09900272362454966,0.9806874509060376,0.016197621820742705,0.0
grouped_iid,LOG_TRAIN_P50,0.99,0.1,0.9,0.01,36919,115,0.0031149272732197515,23,0.2,0.13432134620312633,0.19239902527898028,0.09897888765932852,0.9803895013407731,0.016495571386007206,0.0
grouped_iid,LOG_TRAIN_P50,0.99,0.1,0.9,0.02,36919,115,0.0031149272732197515,23,0.2,0.13432134620312633,0.19239902527898028,0.09874486181897531,0.977464178336358,0.019420894390422275,0.0
grouped_iid,LOG_TRAIN_P50,0.99,0.1,0.9,0.05,36919,115,0.0031149272732197515,23,0.2,0.13432134620312633,0.19239902527898028,0.09716302049066197,0.9576911617324413,0.03919391099433896,0.0
grouped_iid,LOG_TRAIN_P50,0.99,0.1,0.9,0.1,36919,115,0.0031149272732197515,23,0.2,0.13432134620312633,0.19239902527898028,0.09675564217597306,0.9525989327988299,0.04428613992795038,0.0
grouped_iid,LOG_TRAIN_P50,0.99,0.1,0.95,0.01,36919,115,0.0031149272732197515,23,0.2,0.13432134620312633,0.19239902527898028,0.09897888765932852,0.9803895013407731,0.016495571386007206,0.0
grouped_iid,LOG_TRAIN_P50,0.99,0.1,0.95,0.02,36919,115,0.0031149272732197515,23,0.2,0.13432134620312633,0.19239902527898028,0.09874486181897531,0.977464178336358,0.019420894390422275,0.0
grouped_iid,LOG_TRAIN_P50,0.99,0.1,0.95,0.05,36919,115,0.0031149272732197515,23,0.2,0.13432134620312633,0.19239902527898028,0.09721069242110429,0.9582870608629703,0.03859801186380996,0.0
grouped_iid,LOG_TRAIN_P50,0.99,0.1,0.95,0.1,36919,115,0.0031149272732197515,23,0.2,0.13432134620312633,0.19239902527898028,0.09701350398154741,0.9558222053685095,0.04106286735827081,0.0
grouped_iid,LOG_TRAIN_P50,0.99,0.1,0.97,0.01,36919,115,0.0031149272732197515,23,0.2,0.13432134620312633,0.19239902527898028,0.09898105456525771,0.980416587664888,0.01646848506189225,0.0
grouped_iid,LOG_TRAIN_P50,0.99,0.1,0.97,0.02,36919,115,0.0031149272732197515,23,0.2,0.13432134620312633,0.19239902527898028,0.0987535294426921,0.9775725236328178,0.019312549093962458,0.0
grouped_iid,LOG_TRAIN_P50,0.99,0.1,0.97,0.05,36919,115,0.0031149272732197515,23,0.2,0.13432134620312633,0.19239902527898028,0.09841332521180826,0.9733199707467699,0.023565101980010293,0.0
grouped_iid,LOG_TRAIN_P50,0.99,0.1,0.97,0.1,36919,115,0.0031149272732197515,23,0.2,0.13432134620312633,0.19239902527898028,0.09841332521180826,0.9733199707467699,0.023565101980010293,0.0
grouped_iid,LOG_TRAIN_P50,0.99,0.1,0.99,0.01,36919,115,0.0031149272732197515,23,0.2,0.13432134620312633,0.19239902527898028,0.09900272362454966,0.9806874509060376,0.016197621820742705,0.0
grouped_iid,LOG_TRAIN_P50,0.99,0.1,0.99,0.02,36919,115,0.0031149272732197515,23,0.2,0.13432134620312633,0.19239902527898028,0.09900272362454966,0.9806874509060376,0.016197621820742705,0.0
grouped_iid,LOG_TRAIN_P50,0.99,0.1,0.99,0.05,36919,115,0.0031149272732197515,23,0.2,0.13432134620312633,0.19239902527898028,0.09900272362454966,0.9806874509060376,0.016197621820742705,0.0
grouped_iid,LOG_TRAIN_P50,0.99,0.1,0.99,0.1,36919,115,0.0031149272732197515,23,0.2,0.13432134620312633,0.19239902527898028,0.09900272362454966,0.9806874509060376,0.016197621820742705,0.0
grouped_iid,LOG_TRAIN_P50,0.99,0.2,0.9,0.01,36919,115,0.0031149272732197515,23,0.2,0.13432134620312633,0.19239902527898028,0.09897888765932852,0.9803895013407731,0.016495571386007206,0.0
grouped_iid,LOG_TRAIN_P50,0.99,0.2,0.9,0.02,36919,115,0.0031149272732197515,23,0.2,0.13432134620312633,0.19239902527898028,0.09874486181897531,0.977464178336358,0.019420894390422275,0.0
grouped_iid,LOG_TRAIN_P50,0.99,0.2,0.9,0.05,36919,115,0.0031149272732197515,23,0.2,0.13432134620312633,0.19239902527898028,0.09716302049066197,0.9576911617324413,0.03919391099433896,0.0
grouped_iid,LOG_TRAIN_P50,0.99,0.2,0.9,0.1,36919,115,0.0031149272732197515,23,0.2,0.13432134620312633,0.19239902527898028,0.09675564217597306,0.9525989327988299,0.04428613992795038,0.0
grouped_iid,LOG_TRAIN_P50,0.99,0.2,0.95,0.01,36919,115,0.0031149272732197515,23,0.2,0.13432134620312633,0.19239902527898028,0.09897888765932852,0.9803895013407731,0.016495571386007206,0.0
grouped_iid,LOG_TRAIN_P50,0.99,0.2,0.95,0.02,36919,115,0.0031149272732197515,23,0.2,0.13432134620312633,0.19239902527898028,0.09874486181897531,0.977464178336358,0.019420894390422275,0.0
grouped_iid,LOG_TRAIN_P50,0.99,0.2,0.95,0.05,36919,115,0.0031149272732197515,23,0.2,0.13432134620312633,0.19239902527898028,0.09721069242110429,0.9582870608629703,0.03859801186380996,0.0
grouped_iid,LOG_TRAIN_P50,0.99,0.2,0.95,0.1,36919,115,0.0031149272732197515,23,0.2,0.13432134620312633,0.19239902527898028,0.09701350398154741,0.9558222053685095,0.04106286735827081,0.0
grouped_iid,LOG_TRAIN_P50,0.99,0.2,0.97,0.01,36919,115,0.0031149272732197515,23,0.2,0.13432134620312633,0.19239902527898028,0.09898105456525771,0.980416587664888,0.01646848506189225,0.0
grouped_iid,LOG_TRAIN_P50,0.99,0.2,0.97,0.02,36919,115,0.0031149272732197515,23,0.2,0.13432134620312633,0.19239902527898028,0.0987535294426921,0.9775725236328178,0.019312549093962458,0.0
grouped_iid,LOG_TRAIN_P50,0.99,0.2,0.97,0.05,36919,115,0.0031149272732197515,23,0.2,0.13432134620312633,0.19239902527898028,0.09841332521180826,0.9733199707467699,0.023565101980010293,0.0
grouped_iid,LOG_TRAIN_P50,0.99,0.2,0.97,0.1,36919,115,0.0031149272732197515,23,0.2,0.13432134620312633,0.19239902527898028,0.09841332521180826,0.9733199707467699,0.023565101980010293,0.0
grouped_iid,LOG_TRAIN_P50,0.99,0.2,0.99,0.01,36919,115,0.0031149272732197515,23,0.2,0.13432134620312633,0.19239902527898028,0.09900272362454966,0.9806874509060376,0.016197621820742705,0.0
grouped_iid,LOG_TRAIN_P50,0.99,0.2,0.99,0.02,36919,115,0.0031149272732197515,23,0.2,0.13432134620312633,0.19239902527898028,0.09900272362454966,0.9806874509060376,0.016197621820742705,0.0
grouped_iid,LOG_TRAIN_P50,0.99,0.2,0.99,0.05,36919,115,0.0031149272732197515,23,0.2,0.13432134620312633,0.19239902527898028,0.09900272362454966,0.9806874509060376,0.016197621820742705,0.0
grouped_iid,LOG_TRAIN_P50,0.99,0.2,0.99,0.1,36919,115,0.0031149272732197515,23,0.2,0.13432134620312633,0.19239902527898028,0.09900272362454966,0.9806874509060376,0.016197621820742705,0.0
grouped_iid,LOG_TRAIN_P99,0.9,0.01,0.9,0.01,36919,2770,0.07502911779842357,455,0.16425992779783394,0.1671208664783831,0.1643491461694206,0.09728682509266645,0.9069043040169019,0.018066578184674557,0.0
grouped_iid,LOG_TRAIN_P99,0.9,0.01,0.9,0.02,36919,2770,0.07502911779842357,455,0.16425992779783394,0.1671208664783831,0.1643491461694206,0.09644389868620908,0.8963677239361846,0.028603158265391802,0.0
grouped_iid,LOG_TRAIN_P99,0.9,0.01,0.9,0.05,36919,2770,0.07502911779842357,455,0.16425992779783394,0.1671208664783831,0.1643491461694206,0.09514592203462045,0.8801430157913269,0.04482786641024947,0.0
grouped_iid,LOG_TRAIN_P99,0.9,0.01,0.9,0.1,36919,2770,0.07502911779842357,455,0.16425992779783394,0.1671208664783831,0.1643491461694206,0.09490322857055046,0.8771093474904521,0.04786153471112435,0.0
grouped_iid,LOG_TRAIN_P99,0.9,0.01,0.95,0.01,36919,2770,0.07502911779842357,455,0.16425992779783394,0.1671208664783831,0.1643491461694206,0.09728682509266645,0.9069043040169019,0.018066578184674557,0.0
grouped_iid,LOG_TRAIN_P99,0.9,0.01,0.95,0.02,36919,2770,0.07502911779842357,455,0.16425992779783394,0.1671208664783831,0.1643491461694206,0.09645473321585506,0.8965031555567594,0.028467726644817032,0.0
grouped_iid,LOG_TRAIN_P99,0.9,0.01,0.95,0.05,36919,2770,0.07502911779842357,455,0.16425992779783394,0.1671208664783831,0.1643491461694206,0.09544712195877876,0.8839080148433056,0.04106286735827081,0.0
grouped_iid,LOG_TRAIN_P99,0.9,0.01,0.95,0.1,36919,2770,0.07502911779842357,455,0.16425992779783394,0.1671208664783831,0.1643491461694206,0.09544712195877876,0.8839080148433056,0.04106286735827081,0.0
grouped_iid,LOG_TRAIN_P99,0.9,0.01,0.97,0.01,36919,2770,0.07502911779842357,455,0.16425992779783394,0.1671208664783831,0.1643491461694206,0.09728899199859564,0.9069313903410168,0.018039491860559604,0.0
grouped_iid,LOG_TRAIN_P99,0.9,0.01,0.97,0.02,36919,2770,0.07502911779842357,455,0.16425992779783394,0.1671208664783831,0.1643491461694206,0.0969639561092162,0.9028684417237737,0.022102440477802757,0.0
grouped_iid,LOG_TRAIN_P99,0.9,0.01,0.97,0.05,36919,2770,0.07502911779842357,455,0.16425992779783394,0.1671208664783831,0.1643491461694206,0.0968469431890396,0.9014057802215661,0.023565101980010293,0.0
grouped_iid,LOG_TRAIN_P99,0.9,0.01,0.97,0.1,36919,2770,0.07502911779842357,455,0.16425992779783394,0.1671208664783831,0.1643491461694206,0.0968469431890396,0.9014057802215661,0.023565101980010293,0.0
grouped_iid,LOG_TRAIN_P99,0.9,0.01,0.99,0.01,36919,2770,0.07502911779842357,455,0.16425992779783394,0.1671208664783831,0.1643491461694206,0.097436341601781,0.9087732603808337,0.016197621820742705,0.0
grouped_iid,LOG_TRAIN_P99,0.9,0.01,0.99,0.02,36919,2770,0.07502911779842357,455,0.16425992779783394,0.1671208664783831,0.1643491461694206,0.097436341601781,0.9087732603808337,0.016197621820742705,0.0
grouped_iid,LOG_TRAIN_P99,0.9,0.01,0.99,0.05,36919,2770,0.07502911779842357,455,0.16425992779783394,0.1671208664783831,0.1643491461694206,0.097436341601781,0.9087732603808337,0.016197621820742705,0.0
grouped_iid,LOG_TRAIN_P99,0.9,0.01,0.99,0.1,36919,2770,0.07502911779842357,455,0.16425992779783394,0.1671208664783831,0.1643491461694206,0.097436341601781,0.9087732603808337,0.016197621820742705,0.0
grouped_iid,LOG_TRAIN_P99,0.9,0.02,0.9,0.01,36919,5627,0.15241474579484818,937,0.16651857117469343,0.18636828679748518,0.1677930151676496,0.09749840924607517,0.8295186760204772,0.018066578184674557,0.0
grouped_iid,LOG_TRAIN_P99,0.9,0.02,0.9,0.02,36919,5627,0.15241474579484818,937,0.16651857117469343,0.18636828679748518,0.1677930151676496,0.09665548283961779,0.81898209593976,0.028603158265391802,0.0
grouped_iid,LOG_TRAIN_P99,0.9,0.02,0.9,0.05,36919,5627,0.15241474579484818,937,0.16651857117469343,0.18636828679748518,0.1677930151676496,0.09535750618802917,0.8027573877949024,0.04482786641024947,0.0
grouped_iid,LOG_TRAIN_P99,0.9,0.02,0.9,0.1,36919,5627,0.15241474579484818,937,0.16651857117469343,0.18636828679748518,0.1677930151676496,0.09511481272395919,0.7997237194940274,0.04786153471112435,0.0
grouped_iid,LOG_TRAIN_P99,0.9,0.02,0.95,0.01,36919,5627,0.15241474579484818,937,0.16651857117469343,0.18636828679748518,0.1677930151676496,0.09749840924607517,0.8295186760204772,0.018066578184674557,0.0
grouped_iid,LOG_TRAIN_P99,0.9,0.02,0.95,0.02,36919,5627,0.15241474579484818,937,0.16651857117469343,0.18636828679748518,0.1677930151676496,0.09666631736926376,0.8191175275603347,0.028467726644817032,0.0
grouped_iid,LOG_TRAIN_P99,0.9,0.02,0.95,0.05,36919,5627,0.15241474579484818,937,0.16651857117469343,0.18636828679748518,0.1677930151676496,0.09565870611218746,0.806522386846881,0.04106286735827081,0.0
grouped_iid,LOG_TRAIN_P99,0.9,0.02,0.95,0.1,36919,5627,0.15241474579484818,937,0.16651857117469343,0.18636828679748518,0.1677930151676496,0.09565870611218746,0.806522386846881,0.04106286735827081,0.0
grouped_iid,LOG_TRAIN_P99,0.9,0.02,0.97,0.01,36919,5627,0.15241474579484818,937,0.16651857117469343,0.18636828679748518,0.1677930151676496,0.09750057615200436,0.8295457623445922,0.018039491860559604,0.0
grouped_iid,LOG_TRAIN_P99,0.9,0.02,0.97,0.02,36919,5627,0.15241474579484818,937,0.16651857117469343,0.18636828679748518,0.1677930151676496,0.09717554026262491,0.8254828137273491,0.022102440477802757,0.0
grouped_iid,LOG_TRAIN_P99,0.9,0.02,0.97,0.05,36919,5627,0.15241474579484818,937,0.16651857117469343,0.18636828679748518,0.1677930151676496,0.09705852734244831,0.8240201522251416,0.023565101980010293,0.0
grouped_iid,LOG_TRAIN_P99,0.9,0.02,0.97,0.1,36919,5627,0.15241474579484818,937,0.16651857117469343,0.18636828679748518,0.1677930151676496,0.09705852734244831,0.8240201522251416,0.023565101980010293,0.0
grouped_iid,LOG_TRAIN_P99,0.9,0.02,0.99,0.01,36919,5627,0.15241474579484818,937,0.16651857117469343,0.18636828679748518,0.1677930151676496,0.09764792575518971,0.8313876323844092,0.016197621820742705,0.0
grouped_iid,LOG_TRAIN_P99,0.9,0.02,0.99,0.02,36919,5627,0.15241474579484818,937,0.16651857117469343,0.18636828679748518,0.1677930151676496,0.09764792575518971,0.8313876323844092,0.016197621820742705,0.0
grouped_iid,LOG_TRAIN_P99,0.9,0.02,0.99,0.05,36919,5627,0.15241474579484818,937,0.16651857117469343,0.18636828679748518,0.1677930151676496,0.09764792575518971,0.8313876323844092,0.016197621820742705,0.0
grouped_iid,LOG_TRAIN_P99,0.9,0.02,0.99,0.1,36919,5627,0.15241474579484818,937,0.16651857117469343,0.18636828679748518,0.1677930151676496,0.09764792575518971,0.8313876323844092,0.016197621820742705,0.0
grouped_iid,LOG_TRAIN_P99,0.9,0.05,0.9,0.01,36919,7328,0.19848858311438555,1264,0.17248908296943233,0.20174414577028243,0.17427811738111995,0.09876691885879312,0.78344483870094,0.018066578184674557,0.0
grouped_iid,LOG_TRAIN_P99,0.9,0.05,0.9,0.02,36919,7328,0.19848858311438555,1264,0.17248908296943233,0.20174414577028243,0.17427811738111995,0.09792399245233574,0.7729082586202226,0.028603158265391802,0.0
grouped_iid,LOG_TRAIN_P99,0.9,0.05,0.9,0.05,36919,7328,0.19848858311438555,1264,0.17248908296943233,0.20174414577028243,0.17427811738111995,0.09662601580074712,0.756683550475365,0.04482786641024947,0.0
grouped_iid,LOG_TRAIN_P99,0.9,0.05,0.9,0.1,36919,7328,0.19848858311438555,1264,0.17248908296943233,0.20174414577028243,0.17427811738111995,0.09638332233667712,0.7536498821744901,0.04786153471112435,0.0
grouped_iid,LOG_TRAIN_P99,0.9,0.05,0.95,0.01,36919,7328,0.19848858311438555,1264,0.17248908296943233,0.20174414577028243,0.17427811738111995,0.09876691885879312,0.78344483870094,0.018066578184674557,0.0
grouped_iid,LOG_TRAIN_P99,0.9,0.05,0.95,0.02,36919,7328,0.19848858311438555,1264,0.17248908296943233,0.20174414577028243,0.17427811738111995,0.09793482698198172,0.7730436902407974,0.028467726644817032,0.0
grouped_iid,LOG_TRAIN_P99,0.9,0.05,0.95,0.05,36919,7328,0.19848858311438555,1264,0.17248908296943233,0.20174414577028243,0.17427811738111995,0.09692721572490542,0.7604485495273436,0.04106286735827081,0.0
grouped_iid,LOG_TRAIN_P99,0.9,0.05,0.95,0.1,36919,7328,0.19848858311438555,1264,0.17248908296943233,0.20174414577028243,0.17427811738111995,0.09692721572490542,0.7604485495273436,0.04106286735827081,0.0
grouped_iid,LOG_TRAIN_P99,0.9,0.05,0.97,0.01,36919,7328,0.19848858311438555,1264,0.17248908296943233,0.20174414577028243,0.17427811738111995,0.09876908576472232,0.7834719250250548,0.018039491860559604,0.0
grouped_iid,LOG_TRAIN_P99,0.9,0.05,0.97,0.02,36919,7328,0.19848858311438555,1264,0.17248908296943233,0.20174414577028243,0.17427811738111995,0.09844404987534287,0.7794089764078117,0.022102440477802757,0.0
grouped_iid,LOG_TRAIN_P99,0.9,0.05,0.97,0.05,36919,7328,0.19848858311438555,1264,0.17248908296943233,0.20174414577028243,0.17427811738111995,0.09832703695516626,0.7779463149056042,0.023565101980010293,0.0
grouped_iid,LOG_TRAIN_P99,0.9,0.05,0.97,0.1,36919,7328,0.19848858311438555,1264,0.17248908296943233,0.20174414577028243,0.17427811738111995,0.09832703695516626,0.7779463149056042,0.023565101980010293,0.0
grouped_iid,LOG_TRAIN_P99,0.9,0.05,0.99,0.01,36919,7328,0.19848858311438555,1264,0.17248908296943233,0.20174414577028243,0.17427811738111995,0.09891643536790767,0.7853137950648718,0.016197621820742705,0.0
grouped_iid,LOG_TRAIN_P99,0.9,0.05,0.99,0.02,36919,7328,0.19848858311438555,1264,0.17248908296943233,0.20174414577028243,0.17427811738111995,0.09891643536790767,0.7853137950648718,0.016197621820742705,0.0
grouped_iid,LOG_TRAIN_P99,0.9,0.05,0.99,0.05,36919,7328,0.19848858311438555,1264,0.17248908296943233,0.20174414577028243,0.17427811738111995,0.09891643536790767,0.7853137950648718,0.016197621820742705,0.0
grouped_iid,LOG_TRAIN_P99,0.9,0.05,0.99,0.1,36919,7328,0.19848858311438555,1264,0.17248908296943233,0.20174414577028243,0.17427811738111995,0.09891643536790767,0.7853137950648718,0.016197621820742705,0.0
grouped_iid,LOG_TRAIN_P99,0.9,0.1,0.9,0.01,36919,7486,0.20276822232454833,1297,0.173256745925728,0.21103030179064952,0.17564843466219526,0.09914191979339355,0.7791651994907771,0.018066578184674557,0.0
grouped_iid,LOG_TRAIN_P99,0.9,0.1,0.9,0.02,36919,7486,0.20276822232454833,1297,0.173256745925728,0.21103030179064952,0.17564843466219526,0.09829899338693616,0.7686286194100599,0.028603158265391802,0.0
grouped_iid,LOG_TRAIN_P99,0.9,0.1,0.9,0.05,36919,7486,0.20276822232454833,1297,0.173256745925728,0.21103030179064952,0.17564843466219526,0.09700101673534756,0.7524039112652022,0.04482786641024947,0.0
grouped_iid,LOG_TRAIN_P99,0.9,0.1,0.9,0.1,36919,7486,0.20276822232454833,1297,0.173256745925728,0.21103030179064952,0.17564843466219526,0.09675832327127756,0.7493702429643273,0.04786153471112435,0.0
grouped_iid,LOG_TRAIN_P99,0.9,0.1,0.95,0.01,36919,7486,0.20276822232454833,1297,0.173256745925728,0.21103030179064952,0.17564843466219526,0.09914191979339355,0.7791651994907771,0.018066578184674557,0.0
grouped_iid,LOG_TRAIN_P99,0.9,0.1,0.95,0.02,36919,7486,0.20276822232454833,1297,0.173256745925728,0.21103030179064952,0.17564843466219526,0.09830982791658215,0.7687640510306346,0.028467726644817032,0.0
grouped_iid,LOG_TRAIN_P99,0.9,0.1,0.95,0.05,36919,7486,0.20276822232454833,1297,0.173256745925728,0.21103030179064952,0.17564843466219526,0.09730221665950585,0.7561689103171808,0.04106286735827081,0.0
grouped_iid,LOG_TRAIN_P99,0.9,0.1,0.95,0.1,36919,7486,0.20276822232454833,1297,0.173256745925728,0.21103030179064952,0.17564843466219526,0.09730221665950585,0.7561689103171808,0.04106286735827081,0.0
grouped_iid,LOG_TRAIN_P99,0.9,0.1,0.97,0.01,36919,7486,0.20276822232454833,1297,0.173256745925728,0.21103030179064952,0.17564843466219526,0.09914408669932274,0.7791922858148921,0.018039491860559604,0.0
grouped_iid,LOG_TRAIN_P99,0.9,0.1,0.97,0.02,36919,7486,0.20276822232454833,1297,0.173256745925728,0.21103030179064952,0.17564843466219526,0.09881905080994328,0.7751293371976489,0.022102440477802757,0.0
grouped_iid,LOG_TRAIN_P99,0.9,0.1,0.97,0.05,36919,7486,0.20276822232454833,1297,0.173256745925728,0.21103030179064952,0.17564843466219526,0.09870203788976668,0.7736666756954413,0.023565101980010293,0.0
grouped_iid,LOG_TRAIN_P99,0.9,0.1,0.97,0.1,36919,7486,0.20276822232454833,1297,0.173256745925728,0.21103030179064952,0.17564843466219526,0.09870203788976668,0.7736666756954413,0.023565101980010293,0.0
grouped_iid,LOG_TRAIN_P99,0.9,0.1,0.99,0.01,36919,7486,0.20276822232454833,1297,0.173256745925728,0.21103030179064952,0.17564843466219526,0.09929143630250808,0.7810341558547089,0.016197621820742705,0.0
grouped_iid,LOG_TRAIN_P99,0.9,0.1,0.99,0.02,36919,7486,0.20276822232454833,1297,0.173256745925728,0.21103030179064952,0.17564843466219526,0.09929143630250808,0.7810341558547089,0.016197621820742705,0.0
grouped_iid,LOG_TRAIN_P99,0.9,0.1,0.99,0.05,36919,7486,0.20276822232454833,1297,0.173256745925728,0.21103030179064952,0.17564843466219526,0.09929143630250808,0.7810341558547089,0.016197621820742705,0.0
grouped_iid,LOG_TRAIN_P99,0.9,0.1,0.99,0.1,36919,7486,0.20276822232454833,1297,0.173256745925728,0.21103030179064952,0.17564843466219526,0.09929143630250808,0.7810341558547089,0.016197621820742705,0.0
grouped_iid,LOG_TRAIN_P99,0.9,0.2,0.9,0.01,36919,7486,0.20276822232454833,1297,0.173256745925728,0.21103030179064952,0.17564843466219526,0.09914191979339355,0.7791651994907771,0.018066578184674557,0.0
grouped_iid,LOG_TRAIN_P99,0.9,0.2,0.9,0.02,36919,7486,0.20276822232454833,1297,0.173256745925728,0.21103030179064952,0.17564843466219526,0.09829899338693616,0.7686286194100599,0.028603158265391802,0.0
grouped_iid,LOG_TRAIN_P99,0.9,0.2,0.9,0.05,36919,7486,0.20276822232454833,1297,0.173256745925728,0.21103030179064952,0.17564843466219526,0.09700101673534756,0.7524039112652022,0.04482786641024947,0.0
grouped_iid,LOG_TRAIN_P99,0.9,0.2,0.9,0.1,36919,7486,0.20276822232454833,1297,0.173256745925728,0.21103030179064952,0.17564843466219526,0.09675832327127756,0.7493702429643273,0.04786153471112435,0.0
grouped_iid,LOG_TRAIN_P99,0.9,0.2,0.95,0.01,36919,7486,0.20276822232454833,1297,0.173256745925728,0.21103030179064952,0.17564843466219526,0.09914191979339355,0.7791651994907771,0.018066578184674557,0.0
grouped_iid,LOG_TRAIN_P99,0.9,0.2,0.95,0.02,36919,7486,0.20276822232454833,1297,0.173256745925728,0.21103030179064952,0.17564843466219526,0.09830982791658215,0.7687640510306346,0.028467726644817032,0.0
grouped_iid,LOG_TRAIN_P99,0.9,0.2,0.95,0.05,36919,7486,0.20276822232454833,1297,0.173256745925728,0.21103030179064952,0.17564843466219526,0.09730221665950585,0.7561689103171808,0.04106286735827081,0.0
grouped_iid,LOG_TRAIN_P99,0.9,0.2,0.95,0.1,36919,7486,0.20276822232454833,1297,0.173256745925728,0.21103030179064952,0.17564843466219526,0.09730221665950585,0.7561689103171808,0.04106286735827081,0.0
grouped_iid,LOG_TRAIN_P99,0.9,0.2,0.97,0.01,36919,7486,0.20276822232454833,1297,0.173256745925728,0.21103030179064952,0.17564843466219526,0.09914408669932274,0.7791922858148921,0.018039491860559604,0.0
grouped_iid,LOG_TRAIN_P99,0.9,0.2,0.97,0.02,36919,7486,0.20276822232454833,1297,0.173256745925728,0.21103030179064952,0.17564843466219526,0.09881905080994328,0.7751293371976489,0.022102440477802757,0.0
grouped_iid,LOG_TRAIN_P99,0.9,0.2,0.97,0.05,36919,7486,0.20276822232454833,1297,0.173256745925728,0.21103030179064952,0.17564843466219526,0.09870203788976668,0.7736666756954413,0.023565101980010293,0.0
grouped_iid,LOG_TRAIN_P99,0.9,0.2,0.97,0.1,36919,7486,0.20276822232454833,1297,0.173256745925728,0.21103030179064952,0.17564843466219526,0.09870203788976668,0.7736666756954413,0.023565101980010293,0.0
grouped_iid,LOG_TRAIN_P99,0.9,0.2,0.99,0.01,36919,7486,0.20276822232454833,1297,0.173256745925728,0.21103030179064952,0.17564843466219526,0.09929143630250808,0.7810341558547089,0.016197621820742705,0.0
grouped_iid,LOG_TRAIN_P99,0.9,0.2,0.99,0.02,36919,7486,0.20276822232454833,1297,0.173256745925728,0.21103030179064952,0.17564843466219526,0.09929143630250808,0.7810341558547089,0.016197621820742705,0.0
grouped_iid,LOG_TRAIN_P99,0.9,0.2,0.99,0.05,36919,7486,0.20276822232454833,1297,0.173256745925728,0.21103030179064952,0.17564843466219526,0.09929143630250808,0.7810341558547089,0.016197621820742705,0.0
grouped_iid,LOG_TRAIN_P99,0.9,0.2,0.99,0.1,36919,7486,0.20276822232454833,1297,0.173256745925728,0.21103030179064952,0.17564843466219526,0.09929143630250808,0.7810341558547089,0.016197621820742705,0.0
grouped_iid,LOG_TRAIN_P99,0.95,0.01,0.9,0.01,36919,2770,0.07502911779842357,455,0.16425992779783394,0.1671208664783831,0.1643491461694206,0.09728682509266645,0.9069043040169019,0.018066578184674557,0.0
grouped_iid,LOG_TRAIN_P99,0.95,0.01,0.9,0.02,36919,2770,0.07502911779842357,455,0.16425992779783394,0.1671208664783831,0.1643491461694206,0.09644389868620908,0.8963677239361846,0.028603158265391802,0.0
grouped_iid,LOG_TRAIN_P99,0.95,0.01,0.9,0.05,36919,2770,0.07502911779842357,455,0.16425992779783394,0.1671208664783831,0.1643491461694206,0.09514592203462045,0.8801430157913269,0.04482786641024947,0.0
grouped_iid,LOG_TRAIN_P99,0.95,0.01,0.9,0.1,36919,2770,0.07502911779842357,455,0.16425992779783394,0.1671208664783831,0.1643491461694206,0.09490322857055046,0.8771093474904521,0.04786153471112435,0.0
grouped_iid,LOG_TRAIN_P99,0.95,0.01,0.95,0.01,36919,2770,0.07502911779842357,455,0.16425992779783394,0.1671208664783831,0.1643491461694206,0.09728682509266645,0.9069043040169019,0.018066578184674557,0.0
grouped_iid,LOG_TRAIN_P99,0.95,0.01,0.95,0.02,36919,2770,0.07502911779842357,455,0.16425992779783394,0.1671208664783831,0.1643491461694206,0.09645473321585506,0.8965031555567594,0.028467726644817032,0.0
grouped_iid,LOG_TRAIN_P99,0.95,0.01,0.95,0.05,36919,2770,0.07502911779842357,455,0.16425992779783394,0.1671208664783831,0.1643491461694206,0.09544712195877876,0.8839080148433056,0.04106286735827081,0.0
grouped_iid,LOG_TRAIN_P99,0.95,0.01,0.95,0.1,36919,2770,0.07502911779842357,455,0.16425992779783394,0.1671208664783831,0.1643491461694206,0.09544712195877876,0.8839080148433056,0.04106286735827081,0.0
grouped_iid,LOG_TRAIN_P99,0.95,0.01,0.97,0.01,36919,2770,0.07502911779842357,455,0.16425992779783394,0.1671208664783831,0.1643491461694206,0.09728899199859564,0.9069313903410168,0.018039491860559604,0.0
grouped_iid,LOG_TRAIN_P99,0.95,0.01,0.97,0.02,36919,2770,0.07502911779842357,455,0.16425992779783394,0.1671208664783831,0.1643491461694206,0.0969639561092162,0.9028684417237737,0.022102440477802757,0.0
grouped_iid,LOG_TRAIN_P99,0.95,0.01,0.97,0.05,36919,2770,0.07502911779842357,455,0.16425992779783394,0.1671208664783831,0.1643491461694206,0.0968469431890396,0.9014057802215661,0.023565101980010293,0.0
grouped_iid,LOG_TRAIN_P99,0.95,0.01,0.97,0.1,36919,2770,0.07502911779842357,455,0.16425992779783394,0.1671208664783831,0.1643491461694206,0.0968469431890396,0.9014057802215661,0.023565101980010293,0.0
grouped_iid,LOG_TRAIN_P99,0.95,0.01,0.99,0.01,36919,2770,0.07502911779842357,455,0.16425992779783394,0.1671208664783831,0.1643491461694206,0.097436341601781,0.9087732603808337,0.016197621820742705,0.0
grouped_iid,LOG_TRAIN_P99,0.95,0.01,0.99,0.02,36919,2770,0.07502911779842357,455,0.16425992779783394,0.1671208664783831,0.1643491461694206,0.097436341601781,0.9087732603808337,0.016197621820742705,0.0
grouped_iid,LOG_TRAIN_P99,0.95,0.01,0.99,0.05,36919,2770,0.07502911779842357,455,0.16425992779783394,0.1671208664783831,0.1643491461694206,0.097436341601781,0.9087732603808337,0.016197621820742705,0.0
grouped_iid,LOG_TRAIN_P99,0.95,0.01,0.99,0.1,36919,2770,0.07502911779842357,455,0.16425992779783394,0.1671208664783831,0.1643491461694206,0.097436341601781,0.9087732603808337,0.016197621820742705,0.0
grouped_iid,LOG_TRAIN_P99,0.95,0.02,0.9,0.01,36919,5576,0.15103334326498552,928,0.16642754662840745,0.18636982536429741,0.16774079891062338,0.09756299775799421,0.83090007855034,0.018066578184674557,0.0
grouped_iid,LOG_TRAIN_P99,0.95,0.02,0.9,0.02,36919,5576,0.15103334326498552,928,0.16642754662840745,0.18636982536429741,0.16774079891062338,0.09672007135153683,0.8203634984696226,0.028603158265391802,0.0
grouped_iid,LOG_TRAIN_P99,0.95,0.02,0.9,0.05,36919,5576,0.15103334326498552,928,0.16642754662840745,0.18636982536429741,0.16774079891062338,0.09542209469994821,0.804138790324765,0.04482786641024947,0.0
grouped_iid,LOG_TRAIN_P99,0.95,0.02,0.9,0.1,36919,5576,0.15103334326498552,928,0.16642754662840745,0.18636982536429741,0.16774079891062338,0.09517940123587822,0.8011051220238902,0.04786153471112435,0.0
grouped_iid,LOG_TRAIN_P99,0.95,0.02,0.95,0.01,36919,5576,0.15103334326498552,928,0.16642754662840745,0.18636982536429741,0.16774079891062338,0.09756299775799421,0.83090007855034,0.018066578184674557,0.0
grouped_iid,LOG_TRAIN_P99,0.95,0.02,0.95,0.02,36919,5576,0.15103334326498552,928,0.16642754662840745,0.18636982536429741,0.16774079891062338,0.0967309058811828,0.8204989300901975,0.028467726644817032,0.0
grouped_iid,LOG_TRAIN_P99,0.95,0.02,0.95,0.05,36919,5576,0.15103334326498552,928,0.16642754662840745,0.18636982536429741,0.16774079891062338,0.0957232946241065,0.8079037893767437,0.04106286735827081,0.0
grouped_iid,LOG_TRAIN_P99,0.95,0.02,0.95,0.1,36919,5576,0.15103334326498552,928,0.16642754662840745,0.18636982536429741,0.16774079891062338,0.0957232946241065,0.8079037893767437,0.04106286735827081,0.0
grouped_iid,LOG_TRAIN_P99,0.95,0.02,0.97,0.01,36919,5576,0.15103334326498552,928,0.16642754662840745,0.18636982536429741,0.16774079891062338,0.0975651646639234,0.8309271648744548,0.018039491860559604,0.0
grouped_iid,LOG_TRAIN_P99,0.95,0.02,0.97,0.02,36919,5576,0.15103334326498552,928,0.16642754662840745,0.18636982536429741,0.16774079891062338,0.09724012877454395,0.8268642162572117,0.022102440477802757,0.0
grouped_iid,LOG_TRAIN_P99,0.95,0.02,0.97,0.05,36919,5576,0.15103334326498552,928,0.16642754662840745,0.18636982536429741,0.16774079891062338,0.09712311585436735,0.8254015547550042,0.023565101980010293,0.0
grouped_iid,LOG_TRAIN_P99,0.95,0.02,0.97,0.1,36919,5576,0.15103334326498552,928,0.16642754662840745,0.18636982536429741,0.16774079891062338,0.09712311585436735,0.8254015547550042,0.023565101980010293,0.0
grouped_iid,LOG_TRAIN_P99,0.95,0.02,0.99,0.01,36919,5576,0.15103334326498552,928,0.16642754662840745,0.18636982536429741,0.16774079891062338,0.09771251426710875,0.8327690349142718,0.016197621820742705,0.0
grouped_iid,LOG_TRAIN_P99,0.95,0.02,0.99,0.02,36919,5576,0.15103334326498552,928,0.16642754662840745,0.18636982536429741,0.16774079891062338,0.09771251426710875,0.8327690349142718,0.016197621820742705,0.0
grouped_iid,LOG_TRAIN_P99,0.95,0.02,0.99,0.05,36919,5576,0.15103334326498552,928,0.16642754662840745,0.18636982536429741,0.16774079891062338,0.09771251426710875,0.8327690349142718,0.016197621820742705,0.0
grouped_iid,LOG_TRAIN_P99,0.95,0.02,0.99,0.1,36919,5576,0.15103334326498552,928,0.16642754662840745,0.18636982536429741,0.16774079891062338,0.09771251426710875,0.8327690349142718,0.016197621820742705,0.0
grouped_iid,LOG_TRAIN_P99,0.95,0.05,0.9,0.01,36919,6383,0.17289200682575367,1079,0.1690427698574338,0.20288607746642398,0.1710052241463958,0.098345948025447,0.8090414149895717,0.018066578184674557,0.0
grouped_iid,LOG_TRAIN_P99,0.95,0.05,0.9,0.02,36919,6383,0.17289200682575367,1079,0.1690427698574338,0.20288607746642398,0.1710052241463958,0.09750302161898962,0.7985048349088545,0.028603158265391802,0.0
grouped_iid,LOG_TRAIN_P99,0.95,0.05,0.9,0.05,36919,6383,0.17289200682575367,1079,0.1690427698574338,0.20288607746642398,0.1710052241463958,0.096205044967401,0.7822801267639968,0.04482786641024947,0.0
grouped_iid,LOG_TRAIN_P99,0.95,0.05,0.9,0.1,36919,6383,0.17289200682575367,1079,0.1690427698574338,0.20288607746642398,0.1710052241463958,0.095962351503331,0.779246458463122,0.04786153471112435,0.0
grouped_iid,LOG_TRAIN_P99,0.95,0.05,0.95,0.01,36919,6383,0.17289200682575367,1079,0.1690427698574338,0.20288607746642398,0.1710052241463958,0.098345948025447,0.8090414149895717,0.018066578184674557,0.0
grouped_iid,LOG_TRAIN_P99,0.95,0.05,0.95,0.02,36919,6383,0.17289200682575367,1079,0.1690427698574338,0.20288607746642398,0.1710052241463958,0.09751385614863559,0.7986402665294293,0.028467726644817032,0.0
grouped_iid,LOG_TRAIN_P99,0.95,0.05,0.95,0.05,36919,6383,0.17289200682575367,1079,0.1690427698574338,0.20288607746642398,0.1710052241463958,0.09650624489155929,0.7860451258159755,0.04106286735827081,0.0
grouped_iid,LOG_TRAIN_P99,0.95,0.05,0.95,0.1,36919,6383,0.17289200682575367,1079,0.1690427698574338,0.20288607746642398,0.1710052241463958,0.09650624489155929,0.7860451258159755,0.04106286735827081,0.0
grouped_iid,LOG_TRAIN_P99,0.95,0.05,0.97,0.01,36919,6383,0.17289200682575367,1079,0.1690427698574338,0.20288607746642398,0.1710052241463958,0.09834811493137618,0.8090685013136867,0.018039491860559604,0.0
grouped_iid,LOG_TRAIN_P99,0.95,0.05,0.97,0.02,36919,6383,0.17289200682575367,1079,0.1690427698574338,0.20288607746642398,0.1710052241463958,0.09802307904199674,0.8050055526964436,0.022102440477802757,0.0
grouped_iid,LOG_TRAIN_P99,0.95,0.05,0.97,0.05,36919,6383,0.17289200682575367,1079,0.1690427698574338,0.20288607746642398,0.1710052241463958,0.09790606612182014,0.803542891194236,0.023565101980010293,0.0
grouped_iid,LOG_TRAIN_P99,0.95,0.05,0.97,0.1,36919,6383,0.17289200682575367,1079,0.1690427698574338,0.20288607746642398,0.1710052241463958,0.09790606612182014,0.803542891194236,0.023565101980010293,0.0
grouped_iid,LOG_TRAIN_P99,0.95,0.05,0.99,0.01,36919,6383,0.17289200682575367,1079,0.1690427698574338,0.20288607746642398,0.1710052241463958,0.09849546453456154,0.8109103713535036,0.016197621820742705,0.0
grouped_iid,LOG_TRAIN_P99,0.95,0.05,0.99,0.02,36919,6383,0.17289200682575367,1079,0.1690427698574338,0.20288607746642398,0.1710052241463958,0.09849546453456154,0.8109103713535036,0.016197621820742705,0.0
grouped_iid,LOG_TRAIN_P99,0.95,0.05,0.99,0.05,36919,6383,0.17289200682575367,1079,0.1690427698574338,0.20288607746642398,0.1710052241463958,0.09849546453456154,0.8109103713535036,0.016197621820742705,0.0
grouped_iid,LOG_TRAIN_P99,0.95,0.05,0.99,0.1,36919,6383,0.17289200682575367,1079,0.1690427698574338,0.20288607746642398,0.1710052241463958,0.09849546453456154,0.8109103713535036,0.016197621820742705,0.0
grouped_iid,LOG_TRAIN_P99,0.95,0.1,0.9,0.01,36919,6383,0.17289200682575367,1079,0.1690427698574338,0.20288607746642398,0.1710052241463958,0.098345948025447,0.8090414149895717,0.018066578184674557,0.0
grouped_iid,LOG_TRAIN_P99,0.95,0.1,0.9,0.02,36919,6383,0.17289200682575367,1079,0.1690427698574338,0.20288607746642398,0.1710052241463958,0.09750302161898962,0.7985048349088545,0.028603158265391802,0.0
grouped_iid,LOG_TRAIN_P99,0.95,0.1,0.9,0.05,36919,6383,0.17289200682575367,1079,0.1690427698574338,0.20288607746642398,0.1710052241463958,0.096205044967401,0.7822801267639968,0.04482786641024947,0.0
grouped_iid,LOG_TRAIN_P99,0.95,0.1,0.9,0.1,36919,6383,0.17289200682575367,1079,0.1690427698574338,0.20288607746642398,0.1710052241463958,0.095962351503331,0.779246458463122,0.04786153471112435,0.0
grouped_iid,LOG_TRAIN_P99,0.95,0.1,0.95,0.01,36919,6383,0.17289200682575367,1079,0.1690427698574338,0.20288607746642398,0.1710052241463958,0.098345948025447,0.8090414149895717,0.018066578184674557,0.0
grouped_iid,LOG_TRAIN_P99,0.95,0.1,0.95,0.02,36919,6383,0.17289200682575367,1079,0.1690427698574338,0.20288607746642398,0.1710052241463958,0.09751385614863559,0.7986402665294293,0.028467726644817032,0.0
grouped_iid,LOG_TRAIN_P99,0.95,0.1,0.95,0.05,36919,6383,0.17289200682575367,1079,0.1690427698574338,0.20288607746642398,0.1710052241463958,0.09650624489155929,0.7860451258159755,0.04106286735827081,0.0
grouped_iid,LOG_TRAIN_P99,0.95,0.1,0.95,0.1,36919,6383,0.17289200682575367,1079,0.1690427698574338,0.20288607746642398,0.1710052241463958,0.09650624489155929,0.7860451258159755,0.04106286735827081,0.0
grouped_iid,LOG_TRAIN_P99,0.95,0.1,0.97,0.01,36919,6383,0.17289200682575367,1079,0.1690427698574338,0.20288607746642398,0.1710052241463958,0.09834811493137618,0.8090685013136867,0.018039491860559604,0.0
grouped_iid,LOG_TRAIN_P99,0.95,0.1,0.97,0.02,36919,6383,0.17289200682575367,1079,0.1690427698574338,0.20288607746642398,0.1710052241463958,0.09802307904199674,0.8050055526964436,0.022102440477802757,0.0
grouped_iid,LOG_TRAIN_P99,0.95,0.1,0.97,0.05,36919,6383,0.17289200682575367,1079,0.1690427698574338,0.20288607746642398,0.1710052241463958,0.09790606612182014,0.803542891194236,0.023565101980010293,0.0
grouped_iid,LOG_TRAIN_P99,0.95,0.1,0.97,0.1,36919,6383,0.17289200682575367,1079,0.1690427698574338,0.20288607746642398,0.1710052241463958,0.09790606612182014,0.803542891194236,0.023565101980010293,0.0
grouped_iid,LOG_TRAIN_P99,0.95,0.1,0.99,0.01,36919,6383,0.17289200682575367,1079,0.1690427698574338,0.20288607746642398,0.1710052241463958,0.09849546453456154,0.8109103713535036,0.016197621820742705,0.0
grouped_iid,LOG_TRAIN_P99,0.95,0.1,0.99,0.02,36919,6383,0.17289200682575367,1079,0.1690427698574338,0.20288607746642398,0.1710052241463958,0.09849546453456154,0.8109103713535036,0.016197621820742705,0.0
grouped_iid,LOG_TRAIN_P99,0.95,0.1,0.99,0.05,36919,6383,0.17289200682575367,1079,0.1690427698574338,0.20288607746642398,0.1710052241463958,0.09849546453456154,0.8109103713535036,0.016197621820742705,0.0
grouped_iid,LOG_TRAIN_P99,0.95,0.1,0.99,0.1,36919,6383,0.17289200682575367,1079,0.1690427698574338,0.20288607746642398,0.1710052241463958,0.09849546453456154,0.8109103713535036,0.016197621820742705,0.0
grouped_iid,LOG_TRAIN_P99,0.95,0.2,0.9,0.01,36919,6383,0.17289200682575367,1079,0.1690427698574338,0.20288607746642398,0.1710052241463958,0.098345948025447,0.8090414149895717,0.018066578184674557,0.0
grouped_iid,LOG_TRAIN_P99,0.95,0.2,0.9,0.02,36919,6383,0.17289200682575367,1079,0.1690427698574338,0.20288607746642398,0.1710052241463958,0.09750302161898962,0.7985048349088545,0.028603158265391802,0.0
grouped_iid,LOG_TRAIN_P99,0.95,0.2,0.9,0.05,36919,6383,0.17289200682575367,1079,0.1690427698574338,0.20288607746642398,0.1710052241463958,0.096205044967401,0.7822801267639968,0.04482786641024947,0.0
grouped_iid,LOG_TRAIN_P99,0.95,0.2,0.9,0.1,36919,6383,0.17289200682575367,1079,0.1690427698574338,0.20288607746642398,0.1710052241463958,0.095962351503331,0.779246458463122,0.04786153471112435,0.0
grouped_iid,LOG_TRAIN_P99,0.95,0.2,0.95,0.01,36919,6383,0.17289200682575367,1079,0.1690427698574338,0.20288607746642398,0.1710052241463958,0.098345948025447,0.8090414149895717,0.018066578184674557,0.0
grouped_iid,LOG_TRAIN_P99,0.95,0.2,0.95,0.02,36919,6383,0.17289200682575367,1079,0.1690427698574338,0.20288607746642398,0.1710052241463958,0.09751385614863559,0.7986402665294293,0.028467726644817032,0.0
grouped_iid,LOG_TRAIN_P99,0.95,0.2,0.95,0.05,36919,6383,0.17289200682575367,1079,0.1690427698574338,0.20288607746642398,0.1710052241463958,0.09650624489155929,0.7860451258159755,0.04106286735827081,0.0
grouped_iid,LOG_TRAIN_P99,0.95,0.2,0.95,0.1,36919,6383,0.17289200682575367,1079,0.1690427698574338,0.20288607746642398,0.1710052241463958,0.09650624489155929,0.7860451258159755,0.04106286735827081,0.0
grouped_iid,LOG_TRAIN_P99,0.95,0.2,0.97,0.01,36919,6383,0.17289200682575367,1079,0.1690427698574338,0.20288607746642398,0.1710052241463958,0.09834811493137618,0.8090685013136867,0.018039491860559604,0.0
grouped_iid,LOG_TRAIN_P99,0.95,0.2,0.97,0.02,36919,6383,0.17289200682575367,1079,0.1690427698574338,0.20288607746642398,0.1710052241463958,0.09802307904199674,0.8050055526964436,0.022102440477802757,0.0
grouped_iid,LOG_TRAIN_P99,0.95,0.2,0.97,0.05,36919,6383,0.17289200682575367,1079,0.1690427698574338,0.20288607746642398,0.1710052241463958,0.09790606612182014,0.803542891194236,0.023565101980010293,0.0
grouped_iid,LOG_TRAIN_P99,0.95,0.2,0.97,0.1,36919,6383,0.17289200682575367,1079,0.1690427698574338,0.20288607746642398,0.1710052241463958,0.09790606612182014,0.803542891194236,0.023565101980010293,0.0
grouped_iid,LOG_TRAIN_P99,0.95,0.2,0.99,0.01,36919,6383,0.17289200682575367,1079,0.1690427698574338,0.20288607746642398,0.1710052241463958,0.09849546453456154,0.8109103713535036,0.016197621820742705,0.0
grouped_iid,LOG_TRAIN_P99,0.95,0.2,0.99,0.02,36919,6383,0.17289200682575367,1079,0.1690427698574338,0.20288607746642398,0.1710052241463958,0.09849546453456154,0.8109103713535036,0.016197621820742705,0.0
grouped_iid,LOG_TRAIN_P99,0.95,0.2,0.99,0.05,36919,6383,0.17289200682575367,1079,0.1690427698574338,0.20288607746642398,0.1710052241463958,0.09849546453456154,0.8109103713535036,0.016197621820742705,0.0
grouped_iid,LOG_TRAIN_P99,0.95,0.2,0.99,0.1,36919,6383,0.17289200682575367,1079,0.1690427698574338,0.20288607746642398,0.1710052241463958,0.09849546453456154,0.8109103713535036,0.016197621820742705,0.0
grouped_iid,LOG_TRAIN_P99,0.97,0.01,0.9,0.01,36919,2762,0.07481242720550395,454,0.16437364228819695,0.16712078138762182,0.16437058114133915,0.09730272323994328,0.9071209946098215,0.018066578184674557,0.0
grouped_iid,LOG_TRAIN_P99,0.97,0.01,0.9,0.02,36919,2762,0.07481242720550395,454,0.16437364228819695,0.16712078138762182,0.16437058114133915,0.0964597968334859,0.8965844145291042,0.028603158265391802,0.0
grouped_iid,LOG_TRAIN_P99,0.97,0.01,0.9,0.05,36919,2762,0.07481242720550395,454,0.16437364228819695,0.16712078138762182,0.16437058114133915,0.0951618201818973,0.8803597063842465,0.04482786641024947,0.0
grouped_iid,LOG_TRAIN_P99,0.97,0.01,0.9,0.1,36919,2762,0.07481242720550395,454,0.16437364228819695,0.16712078138762182,0.16437058114133915,0.0949191267178273,0.8773260380833717,0.04786153471112435,0.0
grouped_iid,LOG_TRAIN_P99,0.97,0.01,0.95,0.01,36919,2762,0.07481242720550395,454,0.16437364228819695,0.16712078138762182,0.16437058114133915,0.09730272323994328,0.9071209946098215,0.018066578184674557,0.0
grouped_iid,LOG_TRAIN_P99,0.97,0.01,0.95,0.02,36919,2762,0.07481242720550395,454,0.16437364228819695,0.16712078138762182,0.16437058114133915,0.09647063136313189,0.896719846149679,0.028467726644817032,0.0
grouped_iid,LOG_TRAIN_P99,0.97,0.01,0.95,0.05,36919,2762,0.07481242720550395,454,0.16437364228819695,0.16712078138762182,0.16437058114133915,0.09546302010605558,0.8841247054362252,0.04106286735827081,0.0
grouped_iid,LOG_TRAIN_P99,0.97,0.01,0.95,0.1,36919,2762,0.07481242720550395,454,0.16437364228819695,0.16712078138762182,0.16437058114133915,0.09546302010605558,0.8841247054362252,0.04106286735827081,0.0
grouped_iid,LOG_TRAIN_P99,0.97,0.01,0.97,0.01,36919,2762,0.07481242720550395,454,0.16437364228819695,0.16712078138762182,0.16437058114133915,0.09730489014587247,0.9071480809339365,0.018039491860559604,0.0
grouped_iid,LOG_TRAIN_P99,0.97,0.01,0.97,0.02,36919,2762,0.07481242720550395,454,0.16437364228819695,0.16712078138762182,0.16437058114133915,0.09697985425649303,0.9030851323166933,0.022102440477802757,0.0
grouped_iid,LOG_TRAIN_P99,0.97,0.01,0.97,0.05,36919,2762,0.07481242720550395,454,0.16437364228819695,0.16712078138762182,0.16437058114133915,0.09686284133631644,0.9016224708144858,0.023565101980010293,0.0
grouped_iid,LOG_TRAIN_P99,0.97,0.01,0.97,0.1,36919,2762,0.07481242720550395,454,0.16437364228819695,0.16712078138762182,0.16437058114133915,0.09686284133631644,0.9016224708144858,0.023565101980010293,0.0
grouped_iid,LOG_TRAIN_P99,0.97,0.01,0.99,0.01,36919,2762,0.07481242720550395,454,0.16437364228819695,0.16712078138762182,0.16437058114133915,0.09745223974905784,0.9089899509737533,0.016197621820742705,0.0
grouped_iid,LOG_TRAIN_P99,0.97,0.01,0.99,0.02,36919,2762,0.07481242720550395,454,0.16437364228819695,0.16712078138762182,0.16437058114133915,0.09745223974905784,0.9089899509737533,0.016197621820742705,0.0
grouped_iid,LOG_TRAIN_P99,0.97,0.01,0.99,0.05,36919,2762,0.07481242720550395,454,0.16437364228819695,0.16712078138762182,0.16437058114133915,0.09745223974905784,0.9089899509737533,0.016197621820742705,0.0
grouped_iid,LOG_TRAIN_P99,0.97,0.01,0.99,0.1,36919,2762,0.07481242720550395,454,0.16437364228819695,0.16712078138762182,0.16437058114133915,0.09745223974905784,0.9089899509737533,0.016197621820742705,0.0
grouped_iid,LOG_TRAIN_P99,0.97,0.02,0.9,0.01,36919,5450,0.14762046642650126,915,0.16788990825688074,0.18651724827033214,0.16879454959801468,0.09776679695164765,0.8343129553888242,0.018066578184674557,0.0
grouped_iid,LOG_TRAIN_P99,0.97,0.02,0.9,0.02,36919,5450,0.14762046642650126,915,0.16788990825688074,0.18651724827033214,0.16879454959801468,0.09692387054519028,0.823776375308107,0.028603158265391802,0.0
grouped_iid,LOG_TRAIN_P99,0.97,0.02,0.9,0.05,36919,5450,0.14762046642650126,915,0.16788990825688074,0.18651724827033214,0.16879454959801468,0.09562589389360165,0.8075516671632492,0.04482786641024947,0.0
grouped_iid,LOG_TRAIN_P99,0.97,0.02,0.9,0.1,36919,5450,0.14762046642650126,915,0.16788990825688074,0.18651724827033214,0.16879454959801468,0.09538320042953166,0.8045179988623744,0.04786153471112435,0.0
grouped_iid,LOG_TRAIN_P99,0.97,0.02,0.95,0.01,36919,5450,0.14762046642650126,915,0.16788990825688074,0.18651724827033214,0.16879454959801468,0.09776679695164765,0.8343129553888242,0.018066578184674557,0.0
grouped_iid,LOG_TRAIN_P99,0.97,0.02,0.95,0.02,36919,5450,0.14762046642650126,915,0.16788990825688074,0.18651724827033214,0.16879454959801468,0.09693470507483626,0.8239118069286817,0.028467726644817032,0.0
grouped_iid,LOG_TRAIN_P99,0.97,0.02,0.95,0.05,36919,5450,0.14762046642650126,915,0.16788990825688074,0.18651724827033214,0.16879454959801468,0.09592709381775995,0.8113166662152279,0.04106286735827081,0.0
grouped_iid,LOG_TRAIN_P99,0.97,0.02,0.95,0.1,36919,5450,0.14762046642650126,915,0.16788990825688074,0.18651724827033214,0.16879454959801468,0.09592709381775995,0.8113166662152279,0.04106286735827081,0.0
grouped_iid,LOG_TRAIN_P99,0.97,0.02,0.97,0.01,36919,5450,0.14762046642650126,915,0.16788990825688074,0.18651724827033214,0.16879454959801468,0.09776896385757684,0.8343400417129392,0.018039491860559604,0.0
grouped_iid,LOG_TRAIN_P99,0.97,0.02,0.97,0.02,36919,5450,0.14762046642650126,915,0.16788990825688074,0.18651724827033214,0.16879454959801468,0.0974439279681974,0.830277093095696,0.022102440477802757,0.0
grouped_iid,LOG_TRAIN_P99,0.97,0.02,0.97,0.05,36919,5450,0.14762046642650126,915,0.16788990825688074,0.18651724827033214,0.16879454959801468,0.0973269150480208,0.8288144315934884,0.023565101980010293,0.0
grouped_iid,LOG_TRAIN_P99,0.97,0.02,0.97,0.1,36919,5450,0.14762046642650126,915,0.16788990825688074,0.18651724827033214,0.16879454959801468,0.0973269150480208,0.8288144315934884,0.023565101980010293,0.0
grouped_iid,LOG_TRAIN_P99,0.97,0.02,0.99,0.01,36919,5450,0.14762046642650126,915,0.16788990825688074,0.18651724827033214,0.16879454959801468,0.09791631346076221,0.836181911752756,0.016197621820742705,0.0
grouped_iid,LOG_TRAIN_P99,0.97,0.02,0.99,0.02,36919,5450,0.14762046642650126,915,0.16788990825688074,0.18651724827033214,0.16879454959801468,0.09791631346076221,0.836181911752756,0.016197621820742705,0.0
grouped_iid,LOG_TRAIN_P99,0.97,0.02,0.99,0.05,36919,5450,0.14762046642650126,915,0.16788990825688074,0.18651724827033214,0.16879454959801468,0.09791631346076221,0.836181911752756,0.016197621820742705,0.0
grouped_iid,LOG_TRAIN_P99,0.97,0.02,0.99,0.1,36919,5450,0.14762046642650126,915,0.16788990825688074,0.18651724827033214,0.16879454959801468,0.09791631346076221,0.836181911752756,0.016197621820742705,0.0
grouped_iid,LOG_TRAIN_P99,0.97,0.05,0.9,0.01,36919,5744,0.15558384571629785,976,0.16991643454038996,0.2041850672667094,0.17178055329727995,0.09836148785153942,0.8263495760990276,0.018066578184674557,0.0
grouped_iid,LOG_TRAIN_P99,0.97,0.05,0.9,0.02,36919,5744,0.15558384571629785,976,0.16991643454038996,0.2041850672667094,0.17178055329727995,0.09751856144508204,0.8158129960183104,0.028603158265391802,0.0
grouped_iid,LOG_TRAIN_P99,0.97,0.05,0.9,0.05,36919,5744,0.15558384571629785,976,0.16991643454038996,0.2041850672667094,0.17178055329727995,0.09622058479349344,0.7995882878734527,0.04482786641024947,0.0
grouped_iid,LOG_TRAIN_P99,0.97,0.05,0.9,0.1,36919,5744,0.15558384571629785,976,0.16991643454038996,0.2041850672667094,0.17178055329727995,0.09597789132942344,0.7965546195725778,0.04786153471112435,0.0
grouped_iid,LOG_TRAIN_P99,0.97,0.05,0.95,0.01,36919,5744,0.15558384571629785,976,0.16991643454038996,0.2041850672667094,0.17178055329727995,0.09836148785153942,0.8263495760990276,0.018066578184674557,0.0
grouped_iid,LOG_TRAIN_P99,0.97,0.05,0.95,0.02,36919,5744,0.15558384571629785,976,0.16991643454038996,0.2041850672667094,0.17178055329727995,0.09752939597472803,0.8159484276388851,0.028467726644817032,0.0
grouped_iid,LOG_TRAIN_P99,0.97,0.05,0.95,0.05,36919,5744,0.15558384571629785,976,0.16991643454038996,0.2041850672667094,0.17178055329727995,0.09652178471765172,0.8033532869254314,0.04106286735827081,0.0
grouped_iid,LOG_TRAIN_P99,0.97,0.05,0.95,0.1,36919,5744,0.15558384571629785,976,0.16991643454038996,0.2041850672667094,0.17178055329727995,0.09652178471765172,0.8033532869254314,0.04106286735827081,0.0
grouped_iid,LOG_TRAIN_P99,0.97,0.05,0.97,0.01,36919,5744,0.15558384571629785,976,0.16991643454038996,0.2041850672667094,0.17178055329727995,0.09836365475746862,0.8263766624231426,0.018039491860559604,0.0
grouped_iid,LOG_TRAIN_P99,0.97,0.05,0.97,0.02,36919,5744,0.15558384571629785,976,0.16991643454038996,0.2041850672667094,0.17178055329727995,0.09803861886808916,0.8223137138058993,0.022102440477802757,0.0
grouped_iid,LOG_TRAIN_P99,0.97,0.05,0.97,0.05,36919,5744,0.15558384571629785,976,0.16991643454038996,0.2041850672667094,0.17178055329727995,0.09792160594791258,0.8208510523036918,0.023565101980010293,0.0
grouped_iid,LOG_TRAIN_P99,0.97,0.05,0.97,0.1,36919,5744,0.15558384571629785,976,0.16991643454038996,0.2041850672667094,0.17178055329727995,0.09792160594791258,0.8208510523036918,0.023565101980010293,0.0
grouped_iid,LOG_TRAIN_P99,0.97,0.05,0.99,0.01,36919,5744,0.15558384571629785,976,0.16991643454038996,0.2041850672667094,0.17178055329727995,0.09851100436065396,0.8282185324629594,0.016197621820742705,0.0
grouped_iid,LOG_TRAIN_P99,0.97,0.05,0.99,0.02,36919,5744,0.15558384571629785,976,0.16991643454038996,0.2041850672667094,0.17178055329727995,0.09851100436065396,0.8282185324629594,0.016197621820742705,0.0
grouped_iid,LOG_TRAIN_P99,0.97,0.05,0.99,0.05,36919,5744,0.15558384571629785,976,0.16991643454038996,0.2041850672667094,0.17178055329727995,0.09851100436065396,0.8282185324629594,0.016197621820742705,0.0
grouped_iid,LOG_TRAIN_P99,0.97,0.05,0.99,0.1,36919,5744,0.15558384571629785,976,0.16991643454038996,0.2041850672667094,0.17178055329727995,0.09851100436065396,0.8282185324629594,0.016197621820742705,0.0
grouped_iid,LOG_TRAIN_P99,0.97,0.1,0.9,0.01,36919,5744,0.15558384571629785,976,0.16991643454038996,0.2041850672667094,0.17178055329727995,0.09836148785153942,0.8263495760990276,0.018066578184674557,0.0
grouped_iid,LOG_TRAIN_P99,0.97,0.1,0.9,0.02,36919,5744,0.15558384571629785,976,0.16991643454038996,0.2041850672667094,0.17178055329727995,0.09751856144508204,0.8158129960183104,0.028603158265391802,0.0
grouped_iid,LOG_TRAIN_P99,0.97,0.1,0.9,0.05,36919,5744,0.15558384571629785,976,0.16991643454038996,0.2041850672667094,0.17178055329727995,0.09622058479349344,0.7995882878734527,0.04482786641024947,0.0
grouped_iid,LOG_TRAIN_P99,0.97,0.1,0.9,0.1,36919,5744,0.15558384571629785,976,0.16991643454038996,0.2041850672667094,0.17178055329727995,0.09597789132942344,0.7965546195725778,0.04786153471112435,0.0
grouped_iid,LOG_TRAIN_P99,0.97,0.1,0.95,0.01,36919,5744,0.15558384571629785,976,0.16991643454038996,0.2041850672667094,0.17178055329727995,0.09836148785153942,0.8263495760990276,0.018066578184674557,0.0
grouped_iid,LOG_TRAIN_P99,0.97,0.1,0.95,0.02,36919,5744,0.15558384571629785,976,0.16991643454038996,0.2041850672667094,0.17178055329727995,0.09752939597472803,0.8159484276388851,0.028467726644817032,0.0
grouped_iid,LOG_TRAIN_P99,0.97,0.1,0.95,0.05,36919,5744,0.15558384571629785,976,0.16991643454038996,0.2041850672667094,0.17178055329727995,0.09652178471765172,0.8033532869254314,0.04106286735827081,0.0
grouped_iid,LOG_TRAIN_P99,0.97,0.1,0.95,0.1,36919,5744,0.15558384571629785,976,0.16991643454038996,0.2041850672667094,0.17178055329727995,0.09652178471765172,0.8033532869254314,0.04106286735827081,0.0
grouped_iid,LOG_TRAIN_P99,0.97,0.1,0.97,0.01,36919,5744,0.15558384571629785,976,0.16991643454038996,0.2041850672667094,0.17178055329727995,0.09836365475746862,0.8263766624231426,0.018039491860559604,0.0
grouped_iid,LOG_TRAIN_P99,0.97,0.1,0.97,0.02,36919,5744,0.15558384571629785,976,0.16991643454038996,0.2041850672667094,0.17178055329727995,0.09803861886808916,0.8223137138058993,0.022102440477802757,0.0
grouped_iid,LOG_TRAIN_P99,0.97,0.1,0.97,0.05,36919,5744,0.15558384571629785,976,0.16991643454038996,0.2041850672667094,0.17178055329727995,0.09792160594791258,0.8208510523036918,0.023565101980010293,0.0
grouped_iid,LOG_TRAIN_P99,0.97,0.1,0.97,0.1,36919,5744,0.15558384571629785,976,0.16991643454038996,0.2041850672667094,0.17178055329727995,0.09792160594791258,0.8208510523036918,0.023565101980010293,0.0
grouped_iid,LOG_TRAIN_P99,0.97,0.1,0.99,0.01,36919,5744,0.15558384571629785,976,0.16991643454038996,0.2041850672667094,0.17178055329727995,0.09851100436065396,0.8282185324629594,0.016197621820742705,0.0
grouped_iid,LOG_TRAIN_P99,0.97,0.1,0.99,0.02,36919,5744,0.15558384571629785,976,0.16991643454038996,0.2041850672667094,0.17178055329727995,0.09851100436065396,0.8282185324629594,0.016197621820742705,0.0
grouped_iid,LOG_TRAIN_P99,0.97,0.1,0.99,0.05,36919,5744,0.15558384571629785,976,0.16991643454038996,0.2041850672667094,0.17178055329727995,0.09851100436065396,0.8282185324629594,0.016197621820742705,0.0
grouped_iid,LOG_TRAIN_P99,0.97,0.1,0.99,0.1,36919,5744,0.15558384571629785,976,0.16991643454038996,0.2041850672667094,0.17178055329727995,0.09851100436065396,0.8282185324629594,0.016197621820742705,0.0
grouped_iid,LOG_TRAIN_P99,0.97,0.2,0.9,0.01,36919,5744,0.15558384571629785,976,0.16991643454038996,0.2041850672667094,0.17178055329727995,0.09836148785153942,0.8263495760990276,0.018066578184674557,0.0
grouped_iid,LOG_TRAIN_P99,0.97,0.2,0.9,0.02,36919,5744,0.15558384571629785,976,0.16991643454038996,0.2041850672667094,0.17178055329727995,0.09751856144508204,0.8158129960183104,0.028603158265391802,0.0
grouped_iid,LOG_TRAIN_P99,0.97,0.2,0.9,0.05,36919,5744,0.15558384571629785,976,0.16991643454038996,0.2041850672667094,0.17178055329727995,0.09622058479349344,0.7995882878734527,0.04482786641024947,0.0
grouped_iid,LOG_TRAIN_P99,0.97,0.2,0.9,0.1,36919,5744,0.15558384571629785,976,0.16991643454038996,0.2041850672667094,0.17178055329727995,0.09597789132942344,0.7965546195725778,0.04786153471112435,0.0
grouped_iid,LOG_TRAIN_P99,0.97,0.2,0.95,0.01,36919,5744,0.15558384571629785,976,0.16991643454038996,0.2041850672667094,0.17178055329727995,0.09836148785153942,0.8263495760990276,0.018066578184674557,0.0
grouped_iid,LOG_TRAIN_P99,0.97,0.2,0.95,0.02,36919,5744,0.15558384571629785,976,0.16991643454038996,0.2041850672667094,0.17178055329727995,0.09752939597472803,0.8159484276388851,0.028467726644817032,0.0
grouped_iid,LOG_TRAIN_P99,0.97,0.2,0.95,0.05,36919,5744,0.15558384571629785,976,0.16991643454038996,0.2041850672667094,0.17178055329727995,0.09652178471765172,0.8033532869254314,0.04106286735827081,0.0
grouped_iid,LOG_TRAIN_P99,0.97,0.2,0.95,0.1,36919,5744,0.15558384571629785,976,0.16991643454038996,0.2041850672667094,0.17178055329727995,0.09652178471765172,0.8033532869254314,0.04106286735827081,0.0
grouped_iid,LOG_TRAIN_P99,0.97,0.2,0.97,0.01,36919,5744,0.15558384571629785,976,0.16991643454038996,0.2041850672667094,0.17178055329727995,0.09836365475746862,0.8263766624231426,0.018039491860559604,0.0
grouped_iid,LOG_TRAIN_P99,0.97,0.2,0.97,0.02,36919,5744,0.15558384571629785,976,0.16991643454038996,0.2041850672667094,0.17178055329727995,0.09803861886808916,0.8223137138058993,0.022102440477802757,0.0
grouped_iid,LOG_TRAIN_P99,0.97,0.2,0.97,0.05,36919,5744,0.15558384571629785,976,0.16991643454038996,0.2041850672667094,0.17178055329727995,0.09792160594791258,0.8208510523036918,0.023565101980010293,0.0
grouped_iid,LOG_TRAIN_P99,0.97,0.2,0.97,0.1,36919,5744,0.15558384571629785,976,0.16991643454038996,0.2041850672667094,0.17178055329727995,0.09792160594791258,0.8208510523036918,0.023565101980010293,0.0
grouped_iid,LOG_TRAIN_P99,0.97,0.2,0.99,0.01,36919,5744,0.15558384571629785,976,0.16991643454038996,0.2041850672667094,0.17178055329727995,0.09851100436065396,0.8282185324629594,0.016197621820742705,0.0
grouped_iid,LOG_TRAIN_P99,0.97,0.2,0.99,0.02,36919,5744,0.15558384571629785,976,0.16991643454038996,0.2041850672667094,0.17178055329727995,0.09851100436065396,0.8282185324629594,0.016197621820742705,0.0
grouped_iid,LOG_TRAIN_P99,0.97,0.2,0.99,0.05,36919,5744,0.15558384571629785,976,0.16991643454038996,0.2041850672667094,0.17178055329727995,0.09851100436065396,0.8282185324629594,0.016197621820742705,0.0
grouped_iid,LOG_TRAIN_P99,0.97,0.2,0.99,0.1,36919,5744,0.15558384571629785,976,0.16991643454038996,0.2041850672667094,0.17178055329727995,0.09851100436065396,0.8282185324629594,0.016197621820742705,0.0
grouped_iid,LOG_TRAIN_P99,0.99,0.01,0.9,0.01,36919,115,0.0031149272732197515,23,0.2,0.13432134620312633,0.19239902527898034,0.09860175653077143,0.9788184945421057,0.018066578184674557,0.0
grouped_iid,LOG_TRAIN_P99,0.99,0.01,0.9,0.02,36919,115,0.0031149272732197515,23,0.2,0.13432134620312633,0.19239902527898034,0.09775883012431405,0.9682819144613884,0.028603158265391802,0.0
grouped_iid,LOG_TRAIN_P99,0.99,0.01,0.9,0.05,36919,115,0.0031149272732197515,23,0.2,0.13432134620312633,0.19239902527898034,0.09646085347272544,0.9520572063165308,0.04482786641024947,0.0
grouped_iid,LOG_TRAIN_P99,0.99,0.01,0.9,0.1,36919,115,0.0031149272732197515,23,0.2,0.13432134620312633,0.19239902527898034,0.09621816000865545,0.9490235380156559,0.04786153471112435,0.0
grouped_iid,LOG_TRAIN_P99,0.99,0.01,0.95,0.01,36919,115,0.0031149272732197515,23,0.2,0.13432134620312633,0.19239902527898034,0.09860175653077143,0.9788184945421057,0.018066578184674557,0.0
grouped_iid,LOG_TRAIN_P99,0.99,0.01,0.95,0.02,36919,115,0.0031149272732197515,23,0.2,0.13432134620312633,0.19239902527898034,0.09776966465396003,0.9684173460819632,0.028467726644817032,0.0
grouped_iid,LOG_TRAIN_P99,0.99,0.01,0.95,0.05,36919,115,0.0031149272732197515,23,0.2,0.13432134620312633,0.19239902527898034,0.09676205339688373,0.9558222053685095,0.04106286735827081,0.0
grouped_iid,LOG_TRAIN_P99,0.99,0.01,0.95,0.1,36919,115,0.0031149272732197515,23,0.2,0.13432134620312633,0.19239902527898034,0.09676205339688373,0.9558222053685095,0.04106286735827081,0.0
grouped_iid,LOG_TRAIN_P99,0.99,0.01,0.97,0.01,36919,115,0.0031149272732197515,23,0.2,0.13432134620312633,0.19239902527898034,0.09860392343670063,0.9788455808662206,0.018039491860559604,0.0
grouped_iid,LOG_TRAIN_P99,0.99,0.01,0.97,0.02,36919,115,0.0031149272732197515,23,0.2,0.13432134620312633,0.19239902527898034,0.09827888754732117,0.9747826322489775,0.022102440477802757,0.0
grouped_iid,LOG_TRAIN_P99,0.99,0.01,0.97,0.05,36919,115,0.0031149272732197515,23,0.2,0.13432134620312633,0.19239902527898034,0.09816187462714458,0.9733199707467699,0.023565101980010293,0.0
grouped_iid,LOG_TRAIN_P99,0.99,0.01,0.97,0.1,36919,115,0.0031149272732197515,23,0.2,0.13432134620312633,0.19239902527898034,0.09816187462714458,0.9733199707467699,0.023565101980010293,0.0
grouped_iid,LOG_TRAIN_P99,0.99,0.01,0.99,0.01,36919,115,0.0031149272732197515,23,0.2,0.13432134620312633,0.19239902527898034,0.09875127303988598,0.9806874509060376,0.016197621820742705,0.0
grouped_iid,LOG_TRAIN_P99,0.99,0.01,0.99,0.02,36919,115,0.0031149272732197515,23,0.2,0.13432134620312633,0.19239902527898034,0.09875127303988598,0.9806874509060376,0.016197621820742705,0.0
grouped_iid,LOG_TRAIN_P99,0.99,0.01,0.99,0.05,36919,115,0.0031149272732197515,23,0.2,0.13432134620312633,0.19239902527898034,0.09875127303988598,0.9806874509060376,0.016197621820742705,0.0
grouped_iid,LOG_TRAIN_P99,0.99,0.01,0.99,0.1,36919,115,0.0031149272732197515,23,0.2,0.13432134620312633,0.19239902527898034,0.09875127303988598,0.9806874509060376,0.016197621820742705,0.0
grouped_iid,LOG_TRAIN_P99,0.99,0.02,0.9,0.01,36919,115,0.0031149272732197515,23,0.2,0.13432134620312633,0.19239902527898034,0.09860175653077143,0.9788184945421057,0.018066578184674557,0.0
grouped_iid,LOG_TRAIN_P99,0.99,0.02,0.9,0.02,36919,115,0.0031149272732197515,23,0.2,0.13432134620312633,0.19239902527898034,0.09775883012431405,0.9682819144613884,0.028603158265391802,0.0
grouped_iid,LOG_TRAIN_P99,0.99,0.02,0.9,0.05,36919,115,0.0031149272732197515,23,0.2,0.13432134620312633,0.19239902527898034,0.09646085347272544,0.9520572063165308,0.04482786641024947,0.0
grouped_iid,LOG_TRAIN_P99,0.99,0.02,0.9,0.1,36919,115,0.0031149272732197515,23,0.2,0.13432134620312633,0.19239902527898034,0.09621816000865545,0.9490235380156559,0.04786153471112435,0.0
grouped_iid,LOG_TRAIN_P99,0.99,0.02,0.95,0.01,36919,115,0.0031149272732197515,23,0.2,0.13432134620312633,0.19239902527898034,0.09860175653077143,0.9788184945421057,0.018066578184674557,0.0
grouped_iid,LOG_TRAIN_P99,0.99,0.02,0.95,0.02,36919,115,0.0031149272732197515,23,0.2,0.13432134620312633,0.19239902527898034,0.09776966465396003,0.9684173460819632,0.028467726644817032,0.0
grouped_iid,LOG_TRAIN_P99,0.99,0.02,0.95,0.05,36919,115,0.0031149272732197515,23,0.2,0.13432134620312633,0.19239902527898034,0.09676205339688373,0.9558222053685095,0.04106286735827081,0.0
grouped_iid,LOG_TRAIN_P99,0.99,0.02,0.95,0.1,36919,115,0.0031149272732197515,23,0.2,0.13432134620312633,0.19239902527898034,0.09676205339688373,0.9558222053685095,0.04106286735827081,0.0
grouped_iid,LOG_TRAIN_P99,0.99,0.02,0.97,0.01,36919,115,0.0031149272732197515,23,0.2,0.13432134620312633,0.19239902527898034,0.09860392343670063,0.9788455808662206,0.018039491860559604,0.0
grouped_iid,LOG_TRAIN_P99,0.99,0.02,0.97,0.02,36919,115,0.0031149272732197515,23,0.2,0.13432134620312633,0.19239902527898034,0.09827888754732117,0.9747826322489775,0.022102440477802757,0.0
grouped_iid,LOG_TRAIN_P99,0.99,0.02,0.97,0.05,36919,115,0.0031149272732197515,23,0.2,0.13432134620312633,0.19239902527898034,0.09816187462714458,0.9733199707467699,0.023565101980010293,0.0
grouped_iid,LOG_TRAIN_P99,0.99,0.02,0.97,0.1,36919,115,0.0031149272732197515,23,0.2,0.13432134620312633,0.19239902527898034,0.09816187462714458,0.9733199707467699,0.023565101980010293,0.0
grouped_iid,LOG_TRAIN_P99,0.99,0.02,0.99,0.01,36919,115,0.0031149272732197515,23,0.2,0.13432134620312633,0.19239902527898034,0.09875127303988598,0.9806874509060376,0.016197621820742705,0.0
grouped_iid,LOG_TRAIN_P99,0.99,0.02,0.99,0.02,36919,115,0.0031149272732197515,23,0.2,0.13432134620312633,0.19239902527898034,0.09875127303988598,0.9806874509060376,0.016197621820742705,0.0
grouped_iid,LOG_TRAIN_P99,0.99,0.02,0.99,0.05,36919,115,0.0031149272732197515,23,0.2,0.13432134620312633,0.19239902527898034,0.09875127303988598,0.9806874509060376,0.016197621820742705,0.0
grouped_iid,LOG_TRAIN_P99,0.99,0.02,0.99,0.1,36919,115,0.0031149272732197515,23,0.2,0.13432134620312633,0.19239902527898034,0.09875127303988598,0.9806874509060376,0.016197621820742705,0.0
grouped_iid,LOG_TRAIN_P99,0.99,0.05,0.9,0.01,36919,115,0.0031149272732197515,23,0.2,0.13432134620312633,0.19239902527898034,0.09860175653077143,0.9788184945421057,0.018066578184674557,0.0
grouped_iid,LOG_TRAIN_P99,0.99,0.05,0.9,0.02,36919,115,0.0031149272732197515,23,0.2,0.13432134620312633,0.19239902527898034,0.09775883012431405,0.9682819144613884,0.028603158265391802,0.0
grouped_iid,LOG_TRAIN_P99,0.99,0.05,0.9,0.05,36919,115,0.0031149272732197515,23,0.2,0.13432134620312633,0.19239902527898034,0.09646085347272544,0.9520572063165308,0.04482786641024947,0.0
grouped_iid,LOG_TRAIN_P99,0.99,0.05,0.9,0.1,36919,115,0.0031149272732197515,23,0.2,0.13432134620312633,0.19239902527898034,0.09621816000865545,0.9490235380156559,0.04786153471112435,0.0
grouped_iid,LOG_TRAIN_P99,0.99,0.05,0.95,0.01,36919,115,0.0031149272732197515,23,0.2,0.13432134620312633,0.19239902527898034,0.09860175653077143,0.9788184945421057,0.018066578184674557,0.0
grouped_iid,LOG_TRAIN_P99,0.99,0.05,0.95,0.02,36919,115,0.0031149272732197515,23,0.2,0.13432134620312633,0.19239902527898034,0.09776966465396003,0.9684173460819632,0.028467726644817032,0.0
grouped_iid,LOG_TRAIN_P99,0.99,0.05,0.95,0.05,36919,115,0.0031149272732197515,23,0.2,0.13432134620312633,0.19239902527898034,0.09676205339688373,0.9558222053685095,0.04106286735827081,0.0
grouped_iid,LOG_TRAIN_P99,0.99,0.05,0.95,0.1,36919,115,0.0031149272732197515,23,0.2,0.13432134620312633,0.19239902527898034,0.09676205339688373,0.9558222053685095,0.04106286735827081,0.0
grouped_iid,LOG_TRAIN_P99,0.99,0.05,0.97,0.01,36919,115,0.0031149272732197515,23,0.2,0.13432134620312633,0.19239902527898034,0.09860392343670063,0.9788455808662206,0.018039491860559604,0.0
grouped_iid,LOG_TRAIN_P99,0.99,0.05,0.97,0.02,36919,115,0.0031149272732197515,23,0.2,0.13432134620312633,0.19239902527898034,0.09827888754732117,0.9747826322489775,0.022102440477802757,0.0
grouped_iid,LOG_TRAIN_P99,0.99,0.05,0.97,0.05,36919,115,0.0031149272732197515,23,0.2,0.13432134620312633,0.19239902527898034,0.09816187462714458,0.9733199707467699,0.023565101980010293,0.0
grouped_iid,LOG_TRAIN_P99,0.99,0.05,0.97,0.1,36919,115,0.0031149272732197515,23,0.2,0.13432134620312633,0.19239902527898034,0.09816187462714458,0.9733199707467699,0.023565101980010293,0.0
grouped_iid,LOG_TRAIN_P99,0.99,0.05,0.99,0.01,36919,115,0.0031149272732197515,23,0.2,0.13432134620312633,0.19239902527898034,0.09875127303988598,0.9806874509060376,0.016197621820742705,0.0
grouped_iid,LOG_TRAIN_P99,0.99,0.05,0.99,0.02,36919,115,0.0031149272732197515,23,0.2,0.13432134620312633,0.19239902527898034,0.09875127303988598,0.9806874509060376,0.016197621820742705,0.0
grouped_iid,LOG_TRAIN_P99,0.99,0.05,0.99,0.05,36919,115,0.0031149272732197515,23,0.2,0.13432134620312633,0.19239902527898034,0.09875127303988598,0.9806874509060376,0.016197621820742705,0.0
grouped_iid,LOG_TRAIN_P99,0.99,0.05,0.99,0.1,36919,115,0.0031149272732197515,23,0.2,0.13432134620312633,0.19239902527898034,0.09875127303988598,0.9806874509060376,0.016197621820742705,0.0
grouped_iid,LOG_TRAIN_P99,0.99,0.1,0.9,0.01,36919,115,0.0031149272732197515,23,0.2,0.13432134620312633,0.19239902527898034,0.09860175653077143,0.9788184945421057,0.018066578184674557,0.0
grouped_iid,LOG_TRAIN_P99,0.99,0.1,0.9,0.02,36919,115,0.0031149272732197515,23,0.2,0.13432134620312633,0.19239902527898034,0.09775883012431405,0.9682819144613884,0.028603158265391802,0.0
grouped_iid,LOG_TRAIN_P99,0.99,0.1,0.9,0.05,36919,115,0.0031149272732197515,23,0.2,0.13432134620312633,0.19239902527898034,0.09646085347272544,0.9520572063165308,0.04482786641024947,0.0
grouped_iid,LOG_TRAIN_P99,0.99,0.1,0.9,0.1,36919,115,0.0031149272732197515,23,0.2,0.13432134620312633,0.19239902527898034,0.09621816000865545,0.9490235380156559,0.04786153471112435,0.0
grouped_iid,LOG_TRAIN_P99,0.99,0.1,0.95,0.01,36919,115,0.0031149272732197515,23,0.2,0.13432134620312633,0.19239902527898034,0.09860175653077143,0.9788184945421057,0.018066578184674557,0.0
grouped_iid,LOG_TRAIN_P99,0.99,0.1,0.95,0.02,36919,115,0.0031149272732197515,23,0.2,0.13432134620312633,0.19239902527898034,0.09776966465396003,0.9684173460819632,0.028467726644817032,0.0
grouped_iid,LOG_TRAIN_P99,0.99,0.1,0.95,0.05,36919,115,0.0031149272732197515,23,0.2,0.13432134620312633,0.19239902527898034,0.09676205339688373,0.9558222053685095,0.04106286735827081,0.0
grouped_iid,LOG_TRAIN_P99,0.99,0.1,0.95,0.1,36919,115,0.0031149272732197515,23,0.2,0.13432134620312633,0.19239902527898034,0.09676205339688373,0.9558222053685095,0.04106286735827081,0.0
grouped_iid,LOG_TRAIN_P99,0.99,0.1,0.97,0.01,36919,115,0.0031149272732197515,23,0.2,0.13432134620312633,0.19239902527898034,0.09860392343670063,0.9788455808662206,0.018039491860559604,0.0
grouped_iid,LOG_TRAIN_P99,0.99,0.1,0.97,0.02,36919,115,0.0031149272732197515,23,0.2,0.13432134620312633,0.19239902527898034,0.09827888754732117,0.9747826322489775,0.022102440477802757,0.0
grouped_iid,LOG_TRAIN_P99,0.99,0.1,0.97,0.05,36919,115,0.0031149272732197515,23,0.2,0.13432134620312633,0.19239902527898034,0.09816187462714458,0.9733199707467699,0.023565101980010293,0.0
grouped_iid,LOG_TRAIN_P99,0.99,0.1,0.97,0.1,36919,115,0.0031149272732197515,23,0.2,0.13432134620312633,0.19239902527898034,0.09816187462714458,0.9733199707467699,0.023565101980010293,0.0
grouped_iid,LOG_TRAIN_P99,0.99,0.1,0.99,0.01,36919,115,0.0031149272732197515,23,0.2,0.13432134620312633,0.19239902527898034,0.09875127303988598,0.9806874509060376,0.016197621820742705,0.0
grouped_iid,LOG_TRAIN_P99,0.99,0.1,0.99,0.02,36919,115,0.0031149272732197515,23,0.2,0.13432134620312633,0.19239902527898034,0.09875127303988598,0.9806874509060376,0.016197621820742705,0.0
grouped_iid,LOG_TRAIN_P99,0.99,0.1,0.99,0.05,36919,115,0.0031149272732197515,23,0.2,0.13432134620312633,0.19239902527898034,0.09875127303988598,0.9806874509060376,0.016197621820742705,0.0
grouped_iid,LOG_TRAIN_P99,0.99,0.1,0.99,0.1,36919,115,0.0031149272732197515,23,0.2,0.13432134620312633,0.19239902527898034,0.09875127303988598,0.9806874509060376,0.016197621820742705,0.0
grouped_iid,LOG_TRAIN_P99,0.99,0.2,0.9,0.01,36919,115,0.0031149272732197515,23,0.2,0.13432134620312633,0.19239902527898034,0.09860175653077143,0.9788184945421057,0.018066578184674557,0.0
grouped_iid,LOG_TRAIN_P99,0.99,0.2,0.9,0.02,36919,115,0.0031149272732197515,23,0.2,0.13432134620312633,0.19239902527898034,0.09775883012431405,0.9682819144613884,0.028603158265391802,0.0
grouped_iid,LOG_TRAIN_P99,0.99,0.2,0.9,0.05,36919,115,0.0031149272732197515,23,0.2,0.13432134620312633,0.19239902527898034,0.09646085347272544,0.9520572063165308,0.04482786641024947,0.0
grouped_iid,LOG_TRAIN_P99,0.99,0.2,0.9,0.1,36919,115,0.0031149272732197515,23,0.2,0.13432134620312633,0.19239902527898034,0.09621816000865545,0.9490235380156559,0.04786153471112435,0.0
grouped_iid,LOG_TRAIN_P99,0.99,0.2,0.95,0.01,36919,115,0.0031149272732197515,23,0.2,0.13432134620312633,0.19239902527898034,0.09860175653077143,0.9788184945421057,0.018066578184674557,0.0
grouped_iid,LOG_TRAIN_P99,0.99,0.2,0.95,0.02,36919,115,0.0031149272732197515,23,0.2,0.13432134620312633,0.19239902527898034,0.09776966465396003,0.9684173460819632,0.028467726644817032,0.0
grouped_iid,LOG_TRAIN_P99,0.99,0.2,0.95,0.05,36919,115,0.0031149272732197515,23,0.2,0.13432134620312633,0.19239902527898034,0.09676205339688373,0.9558222053685095,0.04106286735827081,0.0
grouped_iid,LOG_TRAIN_P99,0.99,0.2,0.95,0.1,36919,115,0.0031149272732197515,23,0.2,0.13432134620312633,0.19239902527898034,0.09676205339688373,0.9558222053685095,0.04106286735827081,0.0
grouped_iid,LOG_TRAIN_P99,0.99,0.2,0.97,0.01,36919,115,0.0031149272732197515,23,0.2,0.13432134620312633,0.19239902527898034,0.09860392343670063,0.9788455808662206,0.018039491860559604,0.0
grouped_iid,LOG_TRAIN_P99,0.99,0.2,0.97,0.02,36919,115,0.0031149272732197515,23,0.2,0.13432134620312633,0.19239902527898034,0.09827888754732117,0.9747826322489775,0.022102440477802757,0.0
grouped_iid,LOG_TRAIN_P99,0.99,0.2,0.97,0.05,36919,115,0.0031149272732197515,23,0.2,0.13432134620312633,0.19239902527898034,0.09816187462714458,0.9733199707467699,0.023565101980010293,0.0
grouped_iid,LOG_TRAIN_P99,0.99,0.2,0.97,0.1,36919,115,0.0031149272732197515,23,0.2,0.13432134620312633,0.19239902527898034,0.09816187462714458,0.9733199707467699,0.023565101980010293,0.0
grouped_iid,LOG_TRAIN_P99,0.99,0.2,0.99,0.01,36919,115,0.0031149272732197515,23,0.2,0.13432134620312633,0.19239902527898034,0.09875127303988598,0.9806874509060376,0.016197621820742705,0.0
grouped_iid,LOG_TRAIN_P99,0.99,0.2,0.99,0.02,36919,115,0.0031149272732197515,23,0.2,0.13432134620312633,0.19239902527898034,0.09875127303988598,0.9806874509060376,0.016197621820742705,0.0
grouped_iid,LOG_TRAIN_P99,0.99,0.2,0.99,0.05,36919,115,0.0031149272732197515,23,0.2,0.13432134620312633,0.19239902527898034,0.09875127303988598,0.9806874509060376,0.016197621820742705,0.0
grouped_iid,LOG_TRAIN_P99,0.99,0.2,0.99,0.1,36919,115,0.0031149272732197515,23,0.2,0.13432134620312633,0.19239902527898034,0.09875127303988598,0.9806874509060376,0.016197621820742705,0.0
temporal,LOG_TRAIN_P90,0.9,0.01,0.9,0.01,37580,2348,0.06248004257583821,397,0.1690800681431005,0.1888285280681266,0.1710183621234793,0.1002939929555376,0.9355508249068654,0.001969132517296434,0.0
temporal,LOG_TRAIN_P90,0.9,0.01,0.9,0.02,37580,2348,0.06248004257583821,397,0.1690800681431005,0.1888285280681266,0.1710183621234793,0.09933390780386119,0.9235497605109101,0.01397019691325173,0.0
temporal,LOG_TRAIN_P90,0.9,0.01,0.9,0.05,37580,2348,0.06248004257583821,397,0.1690800681431005,0.1888285280681266,0.1710183621234793,0.09901033143345139,0.9195050558807877,0.018014901543374134,0.0
temporal,LOG_TRAIN_P90,0.9,0.01,0.9,0.1,37580,2348,0.06248004257583821,397,0.1690800681431005,0.1888285280681266,0.1710183621234793,0.09897839955479253,0.9191059073975519,0.0184140500266099,0.0
temporal,LOG_TRAIN_P90,0.9,0.01,0.95,0.01,37580,2348,0.06248004257583821,397,0.1690800681431005,0.1888285280681266,0.1710183621234793,0.1002939929555376,0.9355508249068654,0.001969132517296434,0.0
temporal,LOG_TRAIN_P90,0.9,0.01,0.95,0.02,37580,2348,0.06248004257583821,397,0.1690800681431005,0.1888285280681266,0.1710183621234793,0.09933390780386119,0.9235497605109101,0.01397019691325173,0.0
temporal,LOG_TRAIN_P90,0.9,0.01,0.95,0.05,37580,2348,0.06248004257583821,397,0.1690800681431005,0.1888285280681266,0.1710183621234793,0.09901033143345139,0.9195050558807877,0.018014901543374134,0.0
temporal,LOG_TRAIN_P90,0.9,0.01,0.95,0.1,37580,2348,0.06248004257583821,397,0.1690800681431005,0.1888285280681266,0.1710183621234793,0.09900394505771963,0.9194252261841405,0.018094731240021287,0.0
temporal,LOG_TRAIN_P90,0.9,0.01,0.97,0.01,37580,2348,0.06248004257583821,397,0.1690800681431005,0.1888285280681266,0.1710183621234793,0.1002939929555376,0.9355508249068654,0.001969132517296434,0.0
temporal,LOG_TRAIN_P90,0.9,0.01,0.97,0.02,37580,2348,0.06248004257583821,397,0.1690800681431005,0.1888285280681266,0.1710183621234793,0.09934029417959296,0.9236295902075572,0.013890367216604577,0.0
temporal,LOG_TRAIN_P90,0.9,0.01,0.97,0.05,37580,2348,0.06248004257583821,397,0.1690800681431005,0.1888285280681266,0.1710183621234793,0.09911251344515976,0.9207823310271421,0.01673762639701969,0.0
temporal,LOG_TRAIN_P90,0.9,0.01,0.97,0.1,37580,2348,0.06248004257583821,397,0.1690800681431005,0.1888285280681266,0.1710183621234793,0.09911251344515976,0.9207823310271421,0.01673762639701969,0.0
temporal,LOG_TRAIN_P90,0.9,0.01,0.99,0.01,37580,2348,0.06248004257583821,397,0.1690800681431005,0.1888285280681266,0.1710183621234793,0.10043023563781542,0.9372538584353379,0.00026609898882384245,0.0
temporal,LOG_TRAIN_P90,0.9,0.01,0.99,0.02,37580,2348,0.06248004257583821,397,0.1690800681431005,0.1888285280681266,0.1710183621234793,0.10043023563781542,0.9372538584353379,0.00026609898882384245,0.0
temporal,LOG_TRAIN_P90,0.9,0.01,0.99,0.05,37580,2348,0.06248004257583821,397,0.1690800681431005,0.1888285280681266,0.1710183621234793,0.10043023563781542,0.9372538584353379,0.00026609898882384245,0.0
temporal,LOG_TRAIN_P90,0.9,0.01,0.99,0.1,37580,2348,0.06248004257583821,397,0.1690800681431005,0.1888285280681266,0.1710183621234793,0.10043023563781542,0.9372538584353379,0.00026609898882384245,0.0
temporal,LOG_TRAIN_P90,0.9,0.02,0.9,0.01,37580,6520,0.1734965407131453,1112,0.1705521472392638,0.18379665583401045,0.17233883664785304,0.10283494124584883,0.8245343267695583,0.001969132517296434,0.0
temporal,LOG_TRAIN_P90,0.9,0.02,0.9,0.02,37580,6520,0.1734965407131453,1112,0.1705521472392638,0.18379665583401045,0.17233883664785304,0.10187485609417239,0.812533262373603,0.01397019691325173,0.0
temporal,LOG_TRAIN_P90,0.9,0.02,0.9,0.05,37580,6520,0.1734965407131453,1112,0.1705521472392638,0.18379665583401045,0.17233883664785304,0.1015512797237626,0.8084885577434806,0.018014901543374134,0.0
temporal,LOG_TRAIN_P90,0.9,0.02,0.9,0.1,37580,6520,0.1734965407131453,1112,0.1705521472392638,0.18379665583401045,0.17233883664785304,0.10151934784510375,0.8080894092602449,0.0184140500266099,0.0
temporal,LOG_TRAIN_P90,0.9,0.02,0.95,0.01,37580,6520,0.1734965407131453,1112,0.1705521472392638,0.18379665583401045,0.17233883664785304,0.10283494124584883,0.8245343267695583,0.001969132517296434,0.0
temporal,LOG_TRAIN_P90,0.9,0.02,0.95,0.02,37580,6520,0.1734965407131453,1112,0.1705521472392638,0.18379665583401045,0.17233883664785304,0.10187485609417239,0.812533262373603,0.01397019691325173,0.0
temporal,LOG_TRAIN_P90,0.9,0.02,0.95,0.05,37580,6520,0.1734965407131453,1112,0.1705521472392638,0.18379665583401045,0.17233883664785304,0.1015512797237626,0.8084885577434806,0.018014901543374134,0.0
temporal,LOG_TRAIN_P90,0.9,0.02,0.95,0.1,37580,6520,0.1734965407131453,1112,0.1705521472392638,0.18379665583401045,0.17233883664785304,0.10154489334803084,0.8084087280468334,0.018094731240021287,0.0
temporal,LOG_TRAIN_P90,0.9,0.02,0.97,0.01,37580,6520,0.1734965407131453,1112,0.1705521472392638,0.18379665583401045,0.17233883664785304,0.10283494124584883,0.8245343267695583,0.001969132517296434,0.0
temporal,LOG_TRAIN_P90,0.9,0.02,0.97,0.02,37580,6520,0.1734965407131453,1112,0.1705521472392638,0.18379665583401045,0.17233883664785304,0.10188124246990418,0.8126130920702501,0.013890367216604577,0.0
temporal,LOG_TRAIN_P90,0.9,0.02,0.97,0.05,37580,6520,0.1734965407131453,1112,0.1705521472392638,0.18379665583401045,0.17233883664785304,0.10165346173547096,0.8097658328898351,0.01673762639701969,0.0
temporal,LOG_TRAIN_P90,0.9,0.02,0.97,0.1,37580,6520,0.1734965407131453,1112,0.1705521472392638,0.18379665583401045,0.17233883664785304,0.10165346173547096,0.8097658328898351,0.01673762639701969,0.0
temporal,LOG_TRAIN_P90,0.9,0.02,0.99,0.01,37580,6520,0.1734965407131453,1112,0.1705521472392638,0.18379665583401045,0.17233883664785304,0.10297118392812664,0.8262373602980309,0.00026609898882384245,0.0
temporal,LOG_TRAIN_P90,0.9,0.02,0.99,0.02,37580,6520,0.1734965407131453,1112,0.1705521472392638,0.18379665583401045,0.17233883664785304,0.10297118392812664,0.8262373602980309,0.00026609898882384245,0.0
temporal,LOG_TRAIN_P90,0.9,0.02,0.99,0.05,37580,6520,0.1734965407131453,1112,0.1705521472392638,0.18379665583401045,0.17233883664785304,0.10297118392812664,0.8262373602980309,0.00026609898882384245,0.0
temporal,LOG_TRAIN_P90,0.9,0.02,0.99,0.1,37580,6520,0.1734965407131453,1112,0.1705521472392638,0.18379665583401045,0.17233883664785304,0.10297118392812664,0.8262373602980309,0.00026609898882384245,0.0
temporal,LOG_TRAIN_P90,0.9,0.05,0.9,0.01,37580,8278,0.2202767429483768,1425,0.17214302971732304,0.174396006892669,0.17316911604403173,0.10565553035582329,0.7777541245343268,0.001969132517296434,0.0
temporal,LOG_TRAIN_P90,0.9,0.05,0.9,0.02,37580,8278,0.2202767429483768,1425,0.17214302971732304,0.174396006892669,0.17316911604403173,0.10469544520414686,0.7657530601383715,0.01397019691325173,0.0
temporal,LOG_TRAIN_P90,0.9,0.05,0.9,0.05,37580,8278,0.2202767429483768,1425,0.17214302971732304,0.174396006892669,0.17316911604403173,0.10437186883373706,0.7617083555082491,0.018014901543374134,0.0
temporal,LOG_TRAIN_P90,0.9,0.05,0.9,0.1,37580,8278,0.2202767429483768,1425,0.17214302971732304,0.174396006892669,0.17316911604403173,0.10433993695507819,0.7613092070250133,0.0184140500266099,0.0
temporal,LOG_TRAIN_P90,0.9,0.05,0.95,0.01,37580,8278,0.2202767429483768,1425,0.17214302971732304,0.174396006892669,0.17316911604403173,0.10565553035582329,0.7777541245343268,0.001969132517296434,0.0
temporal,LOG_TRAIN_P90,0.9,0.05,0.95,0.02,37580,8278,0.2202767429483768,1425,0.17214302971732304,0.174396006892669,0.17316911604403173,0.10469544520414686,0.7657530601383715,0.01397019691325173,0.0
temporal,LOG_TRAIN_P90,0.9,0.05,0.95,0.05,37580,8278,0.2202767429483768,1425,0.17214302971732304,0.174396006892669,0.17316911604403173,0.10437186883373706,0.7617083555082491,0.018014901543374134,0.0
temporal,LOG_TRAIN_P90,0.9,0.05,0.95,0.1,37580,8278,0.2202767429483768,1425,0.17214302971732304,0.174396006892669,0.17316911604403173,0.10436548245800528,0.7616285258116019,0.018094731240021287,0.0
temporal,LOG_TRAIN_P90,0.9,0.05,0.97,0.01,37580,8278,0.2202767429483768,1425,0.17214302971732304,0.174396006892669,0.17316911604403173,0.10565553035582329,0.7777541245343268,0.001969132517296434,0.0
temporal,LOG_TRAIN_P90,0.9,0.05,0.97,0.02,37580,8278,0.2202767429483768,1425,0.17214302971732304,0.174396006892669,0.17316911604403173,0.10470183157987863,0.7658328898350186,0.013890367216604577,0.0
temporal,LOG_TRAIN_P90,0.9,0.05,0.97,0.05,37580,8278,0.2202767429483768,1425,0.17214302971732304,0.174396006892669,0.17316911604403173,0.10447405084544541,0.7629856306546036,0.01673762639701969,0.0
temporal,LOG_TRAIN_P90,0.9,0.05,0.97,0.1,37580,8278,0.2202767429483768,1425,0.17214302971732304,0.174396006892669,0.17316911604403173,0.10447405084544541,0.7629856306546036,0.01673762639701969,0.0
temporal,LOG_TRAIN_P90,0.9,0.05,0.99,0.01,37580,8278,0.2202767429483768,1425,0.17214302971732304,0.174396006892669,0.17316911604403173,0.1057917730381011,0.7794571580627994,0.00026609898882384245,0.0
temporal,LOG_TRAIN_P90,0.9,0.05,0.99,0.02,37580,8278,0.2202767429483768,1425,0.17214302971732304,0.174396006892669,0.17316911604403173,0.1057917730381011,0.7794571580627994,0.00026609898882384245,0.0
temporal,LOG_TRAIN_P90,0.9,0.05,0.99,0.05,37580,8278,0.2202767429483768,1425,0.17214302971732304,0.174396006892669,0.17316911604403173,0.1057917730381011,0.7794571580627994,0.00026609898882384245,0.0
temporal,LOG_TRAIN_P90,0.9,0.05,0.99,0.1,37580,8278,0.2202767429483768,1425,0.17214302971732304,0.174396006892669,0.17316911604403173,0.1057917730381011,0.7794571580627994,0.00026609898882384245,0.0
temporal,LOG_TRAIN_P90,0.9,0.1,0.9,0.01,37580,8492,0.22597126130920703,1461,0.17204427696655675,0.16852118525407422,0.17289140980669984,0.10602737479305226,0.7720596061734966,0.001969132517296434,0.0
temporal,LOG_TRAIN_P90,0.9,0.1,0.9,0.02,37580,8492,0.22597126130920703,1461,0.17204427696655675,0.16852118525407422,0.17289140980669984,0.10506728964137584,0.7600585417775413,0.01397019691325173,0.0
temporal,LOG_TRAIN_P90,0.9,0.1,0.9,0.05,37580,8492,0.22597126130920703,1461,0.17204427696655675,0.16852118525407422,0.17289140980669984,0.10474371327096604,0.7560138371474189,0.018014901543374134,0.0
temporal,LOG_TRAIN_P90,0.9,0.1,0.9,0.1,37580,8492,0.22597126130920703,1461,0.17204427696655675,0.16852118525407422,0.17289140980669984,0.10471178139230719,0.755614688664183,0.0184140500266099,0.0
temporal,LOG_TRAIN_P90,0.9,0.1,0.95,0.01,37580,8492,0.22597126130920703,1461,0.17204427696655675,0.16852118525407422,0.17289140980669984,0.10602737479305226,0.7720596061734966,0.001969132517296434,0.0
temporal,LOG_TRAIN_P90,0.9,0.1,0.95,0.02,37580,8492,0.22597126130920703,1461,0.17204427696655675,0.16852118525407422,0.17289140980669984,0.10506728964137584,0.7600585417775413,0.01397019691325173,0.0
temporal,LOG_TRAIN_P90,0.9,0.1,0.95,0.05,37580,8492,0.22597126130920703,1461,0.17204427696655675,0.16852118525407422,0.17289140980669984,0.10474371327096604,0.7560138371474189,0.018014901543374134,0.0
temporal,LOG_TRAIN_P90,0.9,0.1,0.95,0.1,37580,8492,0.22597126130920703,1461,0.17204427696655675,0.16852118525407422,0.17289140980669984,0.10473732689523428,0.7559340074507717,0.018094731240021287,0.0
temporal,LOG_TRAIN_P90,0.9,0.1,0.97,0.01,37580,8492,0.22597126130920703,1461,0.17204427696655675,0.16852118525407422,0.17289140980669984,0.10602737479305226,0.7720596061734966,0.001969132517296434,0.0
temporal,LOG_TRAIN_P90,0.9,0.1,0.97,0.02,37580,8492,0.22597126130920703,1461,0.17204427696655675,0.16852118525407422,0.17289140980669984,0.10507367601710761,0.7601383714741884,0.013890367216604577,0.0
temporal,LOG_TRAIN_P90,0.9,0.1,0.97,0.05,37580,8492,0.22597126130920703,1461,0.17204427696655675,0.16852118525407422,0.17289140980669984,0.1048458952826744,0.7572911122937733,0.01673762639701969,0.0
temporal,LOG_TRAIN_P90,0.9,0.1,0.97,0.1,37580,8492,0.22597126130920703,1461,0.17204427696655675,0.16852118525407422,0.17289140980669984,0.1048458952826744,0.7572911122937733,0.01673762639701969,0.0
temporal,LOG_TRAIN_P90,0.9,0.1,0.99,0.01,37580,8492,0.22597126130920703,1461,0.17204427696655675,0.16852118525407422,0.17289140980669984,0.10616361747533007,0.7737626397019691,0.00026609898882384245,0.0
temporal,LOG_TRAIN_P90,0.9,0.1,0.99,0.02,37580,8492,0.22597126130920703,1461,0.17204427696655675,0.16852118525407422,0.17289140980669984,0.10616361747533007,0.7737626397019691,0.00026609898882384245,0.0
temporal,LOG_TRAIN_P90,0.9,0.1,0.99,0.05,37580,8492,0.22597126130920703,1461,0.17204427696655675,0.16852118525407422,0.17289140980669984,0.10616361747533007,0.7737626397019691,0.00026609898882384245,0.0
temporal,LOG_TRAIN_P90,0.9,0.1,0.99,0.1,37580,8492,0.22597126130920703,1461,0.17204427696655675,0.16852118525407422,0.17289140980669984,0.10616361747533007,0.7737626397019691,0.00026609898882384245,0.0
temporal,LOG_TRAIN_P90,0.9,0.2,0.9,0.01,37580,8492,0.22597126130920703,1461,0.17204427696655675,0.16852118525407422,0.17289140980669984,0.10602737479305226,0.7720596061734966,0.001969132517296434,0.0
temporal,LOG_TRAIN_P90,0.9,0.2,0.9,0.02,37580,8492,0.22597126130920703,1461,0.17204427696655675,0.16852118525407422,0.17289140980669984,0.10506728964137584,0.7600585417775413,0.01397019691325173,0.0
temporal,LOG_TRAIN_P90,0.9,0.2,0.9,0.05,37580,8492,0.22597126130920703,1461,0.17204427696655675,0.16852118525407422,0.17289140980669984,0.10474371327096604,0.7560138371474189,0.018014901543374134,0.0
temporal,LOG_TRAIN_P90,0.9,0.2,0.9,0.1,37580,8492,0.22597126130920703,1461,0.17204427696655675,0.16852118525407422,0.17289140980669984,0.10471178139230719,0.755614688664183,0.0184140500266099,0.0
temporal,LOG_TRAIN_P90,0.9,0.2,0.95,0.01,37580,8492,0.22597126130920703,1461,0.17204427696655675,0.16852118525407422,0.17289140980669984,0.10602737479305226,0.7720596061734966,0.001969132517296434,0.0
temporal,LOG_TRAIN_P90,0.9,0.2,0.95,0.02,37580,8492,0.22597126130920703,1461,0.17204427696655675,0.16852118525407422,0.17289140980669984,0.10506728964137584,0.7600585417775413,0.01397019691325173,0.0
temporal,LOG_TRAIN_P90,0.9,0.2,0.95,0.05,37580,8492,0.22597126130920703,1461,0.17204427696655675,0.16852118525407422,0.17289140980669984,0.10474371327096604,0.7560138371474189,0.018014901543374134,0.0
temporal,LOG_TRAIN_P90,0.9,0.2,0.95,0.1,37580,8492,0.22597126130920703,1461,0.17204427696655675,0.16852118525407422,0.17289140980669984,0.10473732689523428,0.7559340074507717,0.018094731240021287,0.0
temporal,LOG_TRAIN_P90,0.9,0.2,0.97,0.01,37580,8492,0.22597126130920703,1461,0.17204427696655675,0.16852118525407422,0.17289140980669984,0.10602737479305226,0.7720596061734966,0.001969132517296434,0.0
temporal,LOG_TRAIN_P90,0.9,0.2,0.97,0.02,37580,8492,0.22597126130920703,1461,0.17204427696655675,0.16852118525407422,0.17289140980669984,0.10507367601710761,0.7601383714741884,0.013890367216604577,0.0
temporal,LOG_TRAIN_P90,0.9,0.2,0.97,0.05,37580,8492,0.22597126130920703,1461,0.17204427696655675,0.16852118525407422,0.17289140980669984,0.1048458952826744,0.7572911122937733,0.01673762639701969,0.0
temporal,LOG_TRAIN_P90,0.9,0.2,0.97,0.1,37580,8492,0.22597126130920703,1461,0.17204427696655675,0.16852118525407422,0.17289140980669984,0.1048458952826744,0.7572911122937733,0.01673762639701969,0.0
temporal,LOG_TRAIN_P90,0.9,0.2,0.99,0.01,37580,8492,0.22597126130920703,1461,0.17204427696655675,0.16852118525407422,0.17289140980669984,0.10616361747533007,0.7737626397019691,0.00026609898882384245,0.0
temporal,LOG_TRAIN_P90,0.9,0.2,0.99,0.02,37580,8492,0.22597126130920703,1461,0.17204427696655675,0.16852118525407422,0.17289140980669984,0.10616361747533007,0.7737626397019691,0.00026609898882384245,0.0
temporal,LOG_TRAIN_P90,0.9,0.2,0.99,0.05,37580,8492,0.22597126130920703,1461,0.17204427696655675,0.16852118525407422,0.17289140980669984,0.10616361747533007,0.7737626397019691,0.00026609898882384245,0.0
temporal,LOG_TRAIN_P90,0.9,0.2,0.99,0.1,37580,8492,0.22597126130920703,1461,0.17204427696655675,0.16852118525407422,0.17289140980669984,0.10616361747533007,0.7737626397019691,0.00026609898882384245,0.0
temporal,LOG_TRAIN_P90,0.95,0.01,0.9,0.01,37580,2348,0.06248004257583821,397,0.1690800681431005,0.1888285280681266,0.1710183621234793,0.1002939929555376,0.9355508249068654,0.001969132517296434,0.0
temporal,LOG_TRAIN_P90,0.95,0.01,0.9,0.02,37580,2348,0.06248004257583821,397,0.1690800681431005,0.1888285280681266,0.1710183621234793,0.09933390780386119,0.9235497605109101,0.01397019691325173,0.0
temporal,LOG_TRAIN_P90,0.95,0.01,0.9,0.05,37580,2348,0.06248004257583821,397,0.1690800681431005,0.1888285280681266,0.1710183621234793,0.09901033143345139,0.9195050558807877,0.018014901543374134,0.0
temporal,LOG_TRAIN_P90,0.95,0.01,0.9,0.1,37580,2348,0.06248004257583821,397,0.1690800681431005,0.1888285280681266,0.1710183621234793,0.09897839955479253,0.9191059073975519,0.0184140500266099,0.0
temporal,LOG_TRAIN_P90,0.95,0.01,0.95,0.01,37580,2348,0.06248004257583821,397,0.1690800681431005,0.1888285280681266,0.1710183621234793,0.1002939929555376,0.9355508249068654,0.001969132517296434,0.0
temporal,LOG_TRAIN_P90,0.95,0.01,0.95,0.02,37580,2348,0.06248004257583821,397,0.1690800681431005,0.1888285280681266,0.1710183621234793,0.09933390780386119,0.9235497605109101,0.01397019691325173,0.0
temporal,LOG_TRAIN_P90,0.95,0.01,0.95,0.05,37580,2348,0.06248004257583821,397,0.1690800681431005,0.1888285280681266,0.1710183621234793,0.09901033143345139,0.9195050558807877,0.018014901543374134,0.0
temporal,LOG_TRAIN_P90,0.95,0.01,0.95,0.1,37580,2348,0.06248004257583821,397,0.1690800681431005,0.1888285280681266,0.1710183621234793,0.09900394505771963,0.9194252261841405,0.018094731240021287,0.0
temporal,LOG_TRAIN_P90,0.95,0.01,0.97,0.01,37580,2348,0.06248004257583821,397,0.1690800681431005,0.1888285280681266,0.1710183621234793,0.1002939929555376,0.9355508249068654,0.001969132517296434,0.0
temporal,LOG_TRAIN_P90,0.95,0.01,0.97,0.02,37580,2348,0.06248004257583821,397,0.1690800681431005,0.1888285280681266,0.1710183621234793,0.09934029417959296,0.9236295902075572,0.013890367216604577,0.0
temporal,LOG_TRAIN_P90,0.95,0.01,0.97,0.05,37580,2348,0.06248004257583821,397,0.1690800681431005,0.1888285280681266,0.1710183621234793,0.09911251344515976,0.9207823310271421,0.01673762639701969,0.0
temporal,LOG_TRAIN_P90,0.95,0.01,0.97,0.1,37580,2348,0.06248004257583821,397,0.1690800681431005,0.1888285280681266,0.1710183621234793,0.09911251344515976,0.9207823310271421,0.01673762639701969,0.0
temporal,LOG_TRAIN_P90,0.95,0.01,0.99,0.01,37580,2348,0.06248004257583821,397,0.1690800681431005,0.1888285280681266,0.1710183621234793,0.10043023563781542,0.9372538584353379,0.00026609898882384245,0.0
temporal,LOG_TRAIN_P90,0.95,0.01,0.99,0.02,37580,2348,0.06248004257583821,397,0.1690800681431005,0.1888285280681266,0.1710183621234793,0.10043023563781542,0.9372538584353379,0.00026609898882384245,0.0
temporal,LOG_TRAIN_P90,0.95,0.01,0.99,0.05,37580,2348,0.06248004257583821,397,0.1690800681431005,0.1888285280681266,0.1710183621234793,0.10043023563781542,0.9372538584353379,0.00026609898882384245,0.0
temporal,LOG_TRAIN_P90,0.95,0.01,0.99,0.1,37580,2348,0.06248004257583821,397,0.1690800681431005,0.1888285280681266,0.1710183621234793,0.10043023563781542,0.9372538584353379,0.00026609898882384245,0.0
temporal,LOG_TRAIN_P90,0.95,0.02,0.9,0.01,37580,6520,0.1734965407131453,1112,0.1705521472392638,0.18379665583401045,0.17233883664785304,0.10283494124584883,0.8245343267695583,0.001969132517296434,0.0
temporal,LOG_TRAIN_P90,0.95,0.02,0.9,0.02,37580,6520,0.1734965407131453,1112,0.1705521472392638,0.18379665583401045,0.17233883664785304,0.10187485609417239,0.812533262373603,0.01397019691325173,0.0
temporal,LOG_TRAIN_P90,0.95,0.02,0.9,0.05,37580,6520,0.1734965407131453,1112,0.1705521472392638,0.18379665583401045,0.17233883664785304,0.1015512797237626,0.8084885577434806,0.018014901543374134,0.0
temporal,LOG_TRAIN_P90,0.95,0.02,0.9,0.1,37580,6520,0.1734965407131453,1112,0.1705521472392638,0.18379665583401045,0.17233883664785304,0.10151934784510375,0.8080894092602449,0.0184140500266099,0.0
temporal,LOG_TRAIN_P90,0.95,0.02,0.95,0.01,37580,6520,0.1734965407131453,1112,0.1705521472392638,0.18379665583401045,0.17233883664785304,0.10283494124584883,0.8245343267695583,0.001969132517296434,0.0
temporal,LOG_TRAIN_P90,0.95,0.02,0.95,0.02,37580,6520,0.1734965407131453,1112,0.1705521472392638,0.18379665583401045,0.17233883664785304,0.10187485609417239,0.812533262373603,0.01397019691325173,0.0
temporal,LOG_TRAIN_P90,0.95,0.02,0.95,0.05,37580,6520,0.1734965407131453,1112,0.1705521472392638,0.18379665583401045,0.17233883664785304,0.1015512797237626,0.8084885577434806,0.018014901543374134,0.0
temporal,LOG_TRAIN_P90,0.95,0.02,0.95,0.1,37580,6520,0.1734965407131453,1112,0.1705521472392638,0.18379665583401045,0.17233883664785304,0.10154489334803084,0.8084087280468334,0.018094731240021287,0.0
temporal,LOG_TRAIN_P90,0.95,0.02,0.97,0.01,37580,6520,0.1734965407131453,1112,0.1705521472392638,0.18379665583401045,0.17233883664785304,0.10283494124584883,0.8245343267695583,0.001969132517296434,0.0
temporal,LOG_TRAIN_P90,0.95,0.02,0.97,0.02,37580,6520,0.1734965407131453,1112,0.1705521472392638,0.18379665583401045,0.17233883664785304,0.10188124246990418,0.8126130920702501,0.013890367216604577,0.0
temporal,LOG_TRAIN_P90,0.95,0.02,0.97,0.05,37580,6520,0.1734965407131453,1112,0.1705521472392638,0.18379665583401045,0.17233883664785304,0.10165346173547096,0.8097658328898351,0.01673762639701969,0.0
temporal,LOG_TRAIN_P90,0.95,0.02,0.97,0.1,37580,6520,0.1734965407131453,1112,0.1705521472392638,0.18379665583401045,0.17233883664785304,0.10165346173547096,0.8097658328898351,0.01673762639701969,0.0
temporal,LOG_TRAIN_P90,0.95,0.02,0.99,0.01,37580,6520,0.1734965407131453,1112,0.1705521472392638,0.18379665583401045,0.17233883664785304,0.10297118392812664,0.8262373602980309,0.00026609898882384245,0.0
temporal,LOG_TRAIN_P90,0.95,0.02,0.99,0.02,37580,6520,0.1734965407131453,1112,0.1705521472392638,0.18379665583401045,0.17233883664785304,0.10297118392812664,0.8262373602980309,0.00026609898882384245,0.0
temporal,LOG_TRAIN_P90,0.95,0.02,0.99,0.05,37580,6520,0.1734965407131453,1112,0.1705521472392638,0.18379665583401045,0.17233883664785304,0.10297118392812664,0.8262373602980309,0.00026609898882384245,0.0
temporal,LOG_TRAIN_P90,0.95,0.02,0.99,0.1,37580,6520,0.1734965407131453,1112,0.1705521472392638,0.18379665583401045,0.17233883664785304,0.10297118392812664,0.8262373602980309,0.00026609898882384245,0.0
temporal,LOG_TRAIN_P90,0.95,0.05,0.9,0.01,37580,8232,0.21905268759978713,1417,0.17213313896987367,0.17436722556141934,0.17313936019164866,0.10561956697838058,0.7789781798829164,0.001969132517296434,0.0
temporal,LOG_TRAIN_P90,0.95,0.05,0.9,0.02,37580,8232,0.21905268759978713,1417,0.17213313896987367,0.17436722556141934,0.17313936019164866,0.10465948182670416,0.7669771154869611,0.01397019691325173,0.0
temporal,LOG_TRAIN_P90,0.95,0.05,0.9,0.05,37580,8232,0.21905268759978713,1417,0.17213313896987367,0.17436722556141934,0.17313936019164866,0.10433590545629436,0.7629324108568387,0.018014901543374134,0.0
temporal,LOG_TRAIN_P90,0.95,0.05,0.9,0.1,37580,8232,0.21905268759978713,1417,0.17213313896987367,0.17436722556141934,0.17313936019164866,0.1043039735776355,0.762533262373603,0.0184140500266099,0.0
temporal,LOG_TRAIN_P90,0.95,0.05,0.95,0.01,37580,8232,0.21905268759978713,1417,0.17213313896987367,0.17436722556141934,0.17313936019164866,0.10561956697838058,0.7789781798829164,0.001969132517296434,0.0
temporal,LOG_TRAIN_P90,0.95,0.05,0.95,0.02,37580,8232,0.21905268759978713,1417,0.17213313896987367,0.17436722556141934,0.17313936019164866,0.10465948182670416,0.7669771154869611,0.01397019691325173,0.0
temporal,LOG_TRAIN_P90,0.95,0.05,0.95,0.05,37580,8232,0.21905268759978713,1417,0.17213313896987367,0.17436722556141934,0.17313936019164866,0.10433590545629436,0.7629324108568387,0.018014901543374134,0.0
temporal,LOG_TRAIN_P90,0.95,0.05,0.95,0.1,37580,8232,0.21905268759978713,1417,0.17213313896987367,0.17436722556141934,0.17313936019164866,0.1043295190805626,0.7628525811601916,0.018094731240021287,0.0
temporal,LOG_TRAIN_P90,0.95,0.05,0.97,0.01,37580,8232,0.21905268759978713,1417,0.17213313896987367,0.17436722556141934,0.17313936019164866,0.10561956697838058,0.7789781798829164,0.001969132517296434,0.0
temporal,LOG_TRAIN_P90,0.95,0.05,0.97,0.02,37580,8232,0.21905268759978713,1417,0.17213313896987367,0.17436722556141934,0.17313936019164866,0.10466586820243592,0.7670569451836083,0.013890367216604577,0.0
temporal,LOG_TRAIN_P90,0.95,0.05,0.97,0.05,37580,8232,0.21905268759978713,1417,0.17213313896987367,0.17436722556141934,0.17313936019164866,0.1044380874680027,0.7642096860031932,0.01673762639701969,0.0
temporal,LOG_TRAIN_P90,0.95,0.05,0.97,0.1,37580,8232,0.21905268759978713,1417,0.17213313896987367,0.17436722556141934,0.17313936019164866,0.1044380874680027,0.7642096860031932,0.01673762639701969,0.0
temporal,LOG_TRAIN_P90,0.95,0.05,0.99,0.01,37580,8232,0.21905268759978713,1417,0.17213313896987367,0.17436722556141934,0.17313936019164866,0.10575580966065838,0.7806812134113891,0.00026609898882384245,0.0
temporal,LOG_TRAIN_P90,0.95,0.05,0.99,0.02,37580,8232,0.21905268759978713,1417,0.17213313896987367,0.17436722556141934,0.17313936019164866,0.10575580966065838,0.7806812134113891,0.00026609898882384245,0.0
temporal,LOG_TRAIN_P90,0.95,0.05,0.99,0.05,37580,8232,0.21905268759978713,1417,0.17213313896987367,0.17436722556141934,0.17313936019164866,0.10575580966065838,0.7806812134113891,0.00026609898882384245,0.0
temporal,LOG_TRAIN_P90,0.95,0.05,0.99,0.1,37580,8232,0.21905268759978713,1417,0.17213313896987367,0.17436722556141934,0.17313936019164866,0.10575580966065838,0.7806812134113891,0.00026609898882384245,0.0
temporal,LOG_TRAIN_P90,0.95,0.1,0.9,0.01,37580,8233,0.2190792974986695,1417,0.17211223126442365,0.1718444770168085,0.17309775469720423,0.10561690598849233,0.778951569984034,0.001969132517296434,0.0
temporal,LOG_TRAIN_P90,0.95,0.1,0.9,0.02,37580,8233,0.2190792974986695,1417,0.17211223126442365,0.1718444770168085,0.17309775469720423,0.1046568208368159,0.7669505055880788,0.01397019691325173,0.0
temporal,LOG_TRAIN_P90,0.95,0.1,0.9,0.05,37580,8233,0.2190792974986695,1417,0.17211223126442365,0.1718444770168085,0.17309775469720423,0.10433324446640613,0.7629058009579563,0.018014901543374134,0.0
temporal,LOG_TRAIN_P90,0.95,0.1,0.9,0.1,37580,8233,0.2190792974986695,1417,0.17211223126442365,0.1718444770168085,0.17309775469720423,0.10430131258774726,0.7625066524747206,0.0184140500266099,0.0
temporal,LOG_TRAIN_P90,0.95,0.1,0.95,0.01,37580,8233,0.2190792974986695,1417,0.17211223126442365,0.1718444770168085,0.17309775469720423,0.10561690598849233,0.778951569984034,0.001969132517296434,0.0
temporal,LOG_TRAIN_P90,0.95,0.1,0.95,0.02,37580,8233,0.2190792974986695,1417,0.17211223126442365,0.1718444770168085,0.17309775469720423,0.1046568208368159,0.7669505055880788,0.01397019691325173,0.0
temporal,LOG_TRAIN_P90,0.95,0.1,0.95,0.05,37580,8233,0.2190792974986695,1417,0.17211223126442365,0.1718444770168085,0.17309775469720423,0.10433324446640613,0.7629058009579563,0.018014901543374134,0.0
temporal,LOG_TRAIN_P90,0.95,0.1,0.95,0.1,37580,8233,0.2190792974986695,1417,0.17211223126442365,0.1718444770168085,0.17309775469720423,0.10432685809067435,0.7628259712613092,0.018094731240021287,0.0
temporal,LOG_TRAIN_P90,0.95,0.1,0.97,0.01,37580,8233,0.2190792974986695,1417,0.17211223126442365,0.1718444770168085,0.17309775469720423,0.10561690598849233,0.778951569984034,0.001969132517296434,0.0
temporal,LOG_TRAIN_P90,0.95,0.1,0.97,0.02,37580,8233,0.2190792974986695,1417,0.17211223126442365,0.1718444770168085,0.17309775469720423,0.1046632072125477,0.767030335284726,0.013890367216604577,0.0
temporal,LOG_TRAIN_P90,0.95,0.1,0.97,0.05,37580,8233,0.2190792974986695,1417,0.17211223126442365,0.1718444770168085,0.17309775469720423,0.10443542647811448,0.7641830761043108,0.01673762639701969,0.0
temporal,LOG_TRAIN_P90,0.95,0.1,0.97,0.1,37580,8233,0.2190792974986695,1417,0.17211223126442365,0.1718444770168085,0.17309775469720423,0.10443542647811448,0.7641830761043108,0.01673762639701969,0.0
temporal,LOG_TRAIN_P90,0.95,0.1,0.99,0.01,37580,8233,0.2190792974986695,1417,0.17211223126442365,0.1718444770168085,0.17309775469720423,0.10575314867077014,0.7806546035125067,0.00026609898882384245,0.0
temporal,LOG_TRAIN_P90,0.95,0.1,0.99,0.02,37580,8233,0.2190792974986695,1417,0.17211223126442365,0.1718444770168085,0.17309775469720423,0.10575314867077014,0.7806546035125067,0.00026609898882384245,0.0
temporal,LOG_TRAIN_P90,0.95,0.1,0.99,0.05,37580,8233,0.2190792974986695,1417,0.17211223126442365,0.1718444770168085,0.17309775469720423,0.10575314867077014,0.7806546035125067,0.00026609898882384245,0.0
temporal,LOG_TRAIN_P90,0.95,0.1,0.99,0.1,37580,8233,0.2190792974986695,1417,0.17211223126442365,0.1718444770168085,0.17309775469720423,0.10575314867077014,0.7806546035125067,0.00026609898882384245,0.0
temporal,LOG_TRAIN_P90,0.95,0.2,0.9,0.01,37580,8233,0.2190792974986695,1417,0.17211223126442365,0.1718444770168085,0.17309775469720423,0.10561690598849233,0.778951569984034,0.001969132517296434,0.0
temporal,LOG_TRAIN_P90,0.95,0.2,0.9,0.02,37580,8233,0.2190792974986695,1417,0.17211223126442365,0.1718444770168085,0.17309775469720423,0.1046568208368159,0.7669505055880788,0.01397019691325173,0.0
temporal,LOG_TRAIN_P90,0.95,0.2,0.9,0.05,37580,8233,0.2190792974986695,1417,0.17211223126442365,0.1718444770168085,0.17309775469720423,0.10433324446640613,0.7629058009579563,0.018014901543374134,0.0
temporal,LOG_TRAIN_P90,0.95,0.2,0.9,0.1,37580,8233,0.2190792974986695,1417,0.17211223126442365,0.1718444770168085,0.17309775469720423,0.10430131258774726,0.7625066524747206,0.0184140500266099,0.0
temporal,LOG_TRAIN_P90,0.95,0.2,0.95,0.01,37580,8233,0.2190792974986695,1417,0.17211223126442365,0.1718444770168085,0.17309775469720423,0.10561690598849233,0.778951569984034,0.001969132517296434,0.0
temporal,LOG_TRAIN_P90,0.95,0.2,0.95,0.02,37580,8233,0.2190792974986695,1417,0.17211223126442365,0.1718444770168085,0.17309775469720423,0.1046568208368159,0.7669505055880788,0.01397019691325173,0.0
temporal,LOG_TRAIN_P90,0.95,0.2,0.95,0.05,37580,8233,0.2190792974986695,1417,0.17211223126442365,0.1718444770168085,0.17309775469720423,0.10433324446640613,0.7629058009579563,0.018014901543374134,0.0
temporal,LOG_TRAIN_P90,0.95,0.2,0.95,0.1,37580,8233,0.2190792974986695,1417,0.17211223126442365,0.1718444770168085,0.17309775469720423,0.10432685809067435,0.7628259712613092,0.018094731240021287,0.0
temporal,LOG_TRAIN_P90,0.95,0.2,0.97,0.01,37580,8233,0.2190792974986695,1417,0.17211223126442365,0.1718444770168085,0.17309775469720423,0.10561690598849233,0.778951569984034,0.001969132517296434,0.0
temporal,LOG_TRAIN_P90,0.95,0.2,0.97,0.02,37580,8233,0.2190792974986695,1417,0.17211223126442365,0.1718444770168085,0.17309775469720423,0.1046632072125477,0.767030335284726,0.013890367216604577,0.0
temporal,LOG_TRAIN_P90,0.95,0.2,0.97,0.05,37580,8233,0.2190792974986695,1417,0.17211223126442365,0.1718444770168085,0.17309775469720423,0.10443542647811448,0.7641830761043108,0.01673762639701969,0.0
temporal,LOG_TRAIN_P90,0.95,0.2,0.97,0.1,37580,8233,0.2190792974986695,1417,0.17211223126442365,0.1718444770168085,0.17309775469720423,0.10443542647811448,0.7641830761043108,0.01673762639701969,0.0
temporal,LOG_TRAIN_P90,0.95,0.2,0.99,0.01,37580,8233,0.2190792974986695,1417,0.17211223126442365,0.1718444770168085,0.17309775469720423,0.10575314867077014,0.7806546035125067,0.00026609898882384245,0.0
temporal,LOG_TRAIN_P90,0.95,0.2,0.99,0.02,37580,8233,0.2190792974986695,1417,0.17211223126442365,0.1718444770168085,0.17309775469720423,0.10575314867077014,0.7806546035125067,0.00026609898882384245,0.0
temporal,LOG_TRAIN_P90,0.95,0.2,0.99,0.05,37580,8233,0.2190792974986695,1417,0.17211223126442365,0.1718444770168085,0.17309775469720423,0.10575314867077014,0.7806546035125067,0.00026609898882384245,0.0
temporal,LOG_TRAIN_P90,0.95,0.2,0.99,0.1,37580,8233,0.2190792974986695,1417,0.17211223126442365,0.1718444770168085,0.17309775469720423,0.10575314867077014,0.7806546035125067,0.00026609898882384245,0.0
temporal,LOG_TRAIN_P90,0.97,0.01,0.9,0.01,37580,2348,0.06248004257583821,397,0.1690800681431005,0.1888285280681266,0.1710183621234793,0.1002939929555376,0.9355508249068654,0.001969132517296434,0.0
temporal,LOG_TRAIN_P90,0.97,0.01,0.9,0.02,37580,2348,0.06248004257583821,397,0.1690800681431005,0.1888285280681266,0.1710183621234793,0.09933390780386119,0.9235497605109101,0.01397019691325173,0.0
temporal,LOG_TRAIN_P90,0.97,0.01,0.9,0.05,37580,2348,0.06248004257583821,397,0.1690800681431005,0.1888285280681266,0.1710183621234793,0.09901033143345139,0.9195050558807877,0.018014901543374134,0.0
temporal,LOG_TRAIN_P90,0.97,0.01,0.9,0.1,37580,2348,0.06248004257583821,397,0.1690800681431005,0.1888285280681266,0.1710183621234793,0.09897839955479253,0.9191059073975519,0.0184140500266099,0.0
temporal,LOG_TRAIN_P90,0.97,0.01,0.95,0.01,37580,2348,0.06248004257583821,397,0.1690800681431005,0.1888285280681266,0.1710183621234793,0.1002939929555376,0.9355508249068654,0.001969132517296434,0.0
temporal,LOG_TRAIN_P90,0.97,0.01,0.95,0.02,37580,2348,0.06248004257583821,397,0.1690800681431005,0.1888285280681266,0.1710183621234793,0.09933390780386119,0.9235497605109101,0.01397019691325173,0.0
temporal,LOG_TRAIN_P90,0.97,0.01,0.95,0.05,37580,2348,0.06248004257583821,397,0.1690800681431005,0.1888285280681266,0.1710183621234793,0.09901033143345139,0.9195050558807877,0.018014901543374134,0.0
temporal,LOG_TRAIN_P90,0.97,0.01,0.95,0.1,37580,2348,0.06248004257583821,397,0.1690800681431005,0.1888285280681266,0.1710183621234793,0.09900394505771963,0.9194252261841405,0.018094731240021287,0.0
temporal,LOG_TRAIN_P90,0.97,0.01,0.97,0.01,37580,2348,0.06248004257583821,397,0.1690800681431005,0.1888285280681266,0.1710183621234793,0.1002939929555376,0.9355508249068654,0.001969132517296434,0.0
temporal,LOG_TRAIN_P90,0.97,0.01,0.97,0.02,37580,2348,0.06248004257583821,397,0.1690800681431005,0.1888285280681266,0.1710183621234793,0.09934029417959296,0.9236295902075572,0.013890367216604577,0.0
temporal,LOG_TRAIN_P90,0.97,0.01,0.97,0.05,37580,2348,0.06248004257583821,397,0.1690800681431005,0.1888285280681266,0.1710183621234793,0.09911251344515976,0.9207823310271421,0.01673762639701969,0.0
temporal,LOG_TRAIN_P90,0.97,0.01,0.97,0.1,37580,2348,0.06248004257583821,397,0.1690800681431005,0.1888285280681266,0.1710183621234793,0.09911251344515976,0.9207823310271421,0.01673762639701969,0.0
temporal,LOG_TRAIN_P90,0.97,0.01,0.99,0.01,37580,2348,0.06248004257583821,397,0.1690800681431005,0.1888285280681266,0.1710183621234793,0.10043023563781542,0.9372538584353379,0.00026609898882384245,0.0
temporal,LOG_TRAIN_P90,0.97,0.01,0.99,0.02,37580,2348,0.06248004257583821,397,0.1690800681431005,0.1888285280681266,0.1710183621234793,0.10043023563781542,0.9372538584353379,0.00026609898882384245,0.0
temporal,LOG_TRAIN_P90,0.97,0.01,0.99,0.05,37580,2348,0.06248004257583821,397,0.1690800681431005,0.1888285280681266,0.1710183621234793,0.10043023563781542,0.9372538584353379,0.00026609898882384245,0.0
temporal,LOG_TRAIN_P90,0.97,0.01,0.99,0.1,37580,2348,0.06248004257583821,397,0.1690800681431005,0.1888285280681266,0.1710183621234793,0.10043023563781542,0.9372538584353379,0.00026609898882384245,0.0
temporal,LOG_TRAIN_P90,0.97,0.02,0.9,0.01,37580,6215,0.16538052155401808,1053,0.16942880128720836,0.18370852417046338,0.1714568503674975,0.10290730821413233,0.8326503459286855,0.001969132517296434,0.0
temporal,LOG_TRAIN_P90,0.97,0.02,0.9,0.02,37580,6215,0.16538052155401808,1053,0.16942880128720836,0.18370852417046338,0.1714568503674975,0.1019472230624559,0.8206492815327302,0.01397019691325173,0.0
temporal,LOG_TRAIN_P90,0.97,0.02,0.9,0.05,37580,6215,0.16538052155401808,1053,0.16942880128720836,0.18370852417046338,0.1714568503674975,0.1016236466920461,0.8166045769026078,0.018014901543374134,0.0
temporal,LOG_TRAIN_P90,0.97,0.02,0.9,0.1,37580,6215,0.16538052155401808,1053,0.16942880128720836,0.18370852417046338,0.1714568503674975,0.10159171481338725,0.816205428419372,0.0184140500266099,0.0
temporal,LOG_TRAIN_P90,0.97,0.02,0.95,0.01,37580,6215,0.16538052155401808,1053,0.16942880128720836,0.18370852417046338,0.1714568503674975,0.10290730821413233,0.8326503459286855,0.001969132517296434,0.0
temporal,LOG_TRAIN_P90,0.97,0.02,0.95,0.02,37580,6215,0.16538052155401808,1053,0.16942880128720836,0.18370852417046338,0.1714568503674975,0.1019472230624559,0.8206492815327302,0.01397019691325173,0.0
temporal,LOG_TRAIN_P90,0.97,0.02,0.95,0.05,37580,6215,0.16538052155401808,1053,0.16942880128720836,0.18370852417046338,0.1714568503674975,0.1016236466920461,0.8166045769026078,0.018014901543374134,0.0
temporal,LOG_TRAIN_P90,0.97,0.02,0.95,0.1,37580,6215,0.16538052155401808,1053,0.16942880128720836,0.18370852417046338,0.1714568503674975,0.10161726031631434,0.8165247472059606,0.018094731240021287,0.0
temporal,LOG_TRAIN_P90,0.97,0.02,0.97,0.01,37580,6215,0.16538052155401808,1053,0.16942880128720836,0.18370852417046338,0.1714568503674975,0.10290730821413233,0.8326503459286855,0.001969132517296434,0.0
temporal,LOG_TRAIN_P90,0.97,0.02,0.97,0.02,37580,6215,0.16538052155401808,1053,0.16942880128720836,0.18370852417046338,0.1714568503674975,0.10195360943818768,0.8207291112293773,0.013890367216604577,0.0
temporal,LOG_TRAIN_P90,0.97,0.02,0.97,0.05,37580,6215,0.16538052155401808,1053,0.16942880128720836,0.18370852417046338,0.1714568503674975,0.10172582870375446,0.8178818520489622,0.01673762639701969,0.0
temporal,LOG_TRAIN_P90,0.97,0.02,0.97,0.1,37580,6215,0.16538052155401808,1053,0.16942880128720836,0.18370852417046338,0.1714568503674975,0.10172582870375446,0.8178818520489622,0.01673762639701969,0.0
temporal,LOG_TRAIN_P90,0.97,0.02,0.99,0.01,37580,6215,0.16538052155401808,1053,0.16942880128720836,0.18370852417046338,0.1714568503674975,0.10304355089641014,0.834353379457158,0.00026609898882384245,0.0
temporal,LOG_TRAIN_P90,0.97,0.02,0.99,0.02,37580,6215,0.16538052155401808,1053,0.16942880128720836,0.18370852417046338,0.1714568503674975,0.10304355089641014,0.834353379457158,0.00026609898882384245,0.0
temporal,LOG_TRAIN_P90,0.97,0.02,0.99,0.05,37580,6215,0.16538052155401808,1053,0.16942880128720836,0.18370852417046338,0.1714568503674975,0.10304355089641014,0.834353379457158,0.00026609898882384245,0.0
temporal,LOG_TRAIN_P90,0.97,0.02,0.99,0.1,37580,6215,0.16538052155401808,1053,0.16942880128720836,0.18370852417046338,0.1714568503674975,0.10304355089641014,0.834353379457158,0.00026609898882384245,0.0
temporal,LOG_TRAIN_P90,0.97,0.05,0.9,0.01,37580,6657,0.17714209686003193,1121,0.16839417154874567,0.15880884381111857,0.16963322211349682,0.10364302712145565,0.8208887706226716,0.001969132517296434,0.0
temporal,LOG_TRAIN_P90,0.97,0.05,0.9,0.02,37580,6657,0.17714209686003193,1121,0.16839417154874567,0.15880884381111857,0.16963322211349682,0.10268294196977923,0.8088877062267164,0.01397019691325173,0.0
temporal,LOG_TRAIN_P90,0.97,0.05,0.9,0.05,37580,6657,0.17714209686003193,1121,0.16839417154874567,0.15880884381111857,0.16963322211349682,0.10235936559936942,0.8048430015965939,0.018014901543374134,0.0
temporal,LOG_TRAIN_P90,0.97,0.05,0.9,0.1,37580,6657,0.17714209686003193,1121,0.16839417154874567,0.15880884381111857,0.16963322211349682,0.10232743372071057,0.8044438531133582,0.0184140500266099,0.0
temporal,LOG_TRAIN_P90,0.97,0.05,0.95,0.01,37580,6657,0.17714209686003193,1121,0.16839417154874567,0.15880884381111857,0.16963322211349682,0.10364302712145565,0.8208887706226716,0.001969132517296434,0.0
temporal,LOG_TRAIN_P90,0.97,0.05,0.95,0.02,37580,6657,0.17714209686003193,1121,0.16839417154874567,0.15880884381111857,0.16963322211349682,0.10268294196977923,0.8088877062267164,0.01397019691325173,0.0
temporal,LOG_TRAIN_P90,0.97,0.05,0.95,0.05,37580,6657,0.17714209686003193,1121,0.16839417154874567,0.15880884381111857,0.16963322211349682,0.10235936559936942,0.8048430015965939,0.018014901543374134,0.0
temporal,LOG_TRAIN_P90,0.97,0.05,0.95,0.1,37580,6657,0.17714209686003193,1121,0.16839417154874567,0.15880884381111857,0.16963322211349682,0.10235297922363766,0.8047631718999467,0.018094731240021287,0.0
temporal,LOG_TRAIN_P90,0.97,0.05,0.97,0.01,37580,6657,0.17714209686003193,1121,0.16839417154874567,0.15880884381111857,0.16963322211349682,0.10364302712145565,0.8208887706226716,0.001969132517296434,0.0
temporal,LOG_TRAIN_P90,0.97,0.05,0.97,0.02,37580,6657,0.17714209686003193,1121,0.16839417154874567,0.15880884381111857,0.16963322211349682,0.10268932834551099,0.8089675359233635,0.013890367216604577,0.0
temporal,LOG_TRAIN_P90,0.97,0.05,0.97,0.05,37580,6657,0.17714209686003193,1121,0.16839417154874567,0.15880884381111857,0.16963322211349682,0.10246154761107779,0.8061202767429484,0.01673762639701969,0.0
temporal,LOG_TRAIN_P90,0.97,0.05,0.97,0.1,37580,6657,0.17714209686003193,1121,0.16839417154874567,0.15880884381111857,0.16963322211349682,0.10246154761107779,0.8061202767429484,0.01673762639701969,0.0
temporal,LOG_TRAIN_P90,0.97,0.05,0.99,0.01,37580,6657,0.17714209686003193,1121,0.16839417154874567,0.15880884381111857,0.16963322211349682,0.10377926980373345,0.8225918041511442,0.00026609898882384245,0.0
temporal,LOG_TRAIN_P90,0.97,0.05,0.99,0.02,37580,6657,0.17714209686003193,1121,0.16839417154874567,0.15880884381111857,0.16963322211349682,0.10377926980373345,0.8225918041511442,0.00026609898882384245,0.0
temporal,LOG_TRAIN_P90,0.97,0.05,0.99,0.05,37580,6657,0.17714209686003193,1121,0.16839417154874567,0.15880884381111857,0.16963322211349682,0.10377926980373345,0.8225918041511442,0.00026609898882384245,0.0
temporal,LOG_TRAIN_P90,0.97,0.05,0.99,0.1,37580,6657,0.17714209686003193,1121,0.16839417154874567,0.15880884381111857,0.16963322211349682,0.10377926980373345,0.8225918041511442,0.00026609898882384245,0.0
temporal,LOG_TRAIN_P90,0.97,0.1,0.9,0.01,37580,6657,0.17714209686003193,1121,0.16839417154874567,0.15880884381111857,0.16963322211349682,0.10364302712145565,0.8208887706226716,0.001969132517296434,0.0
temporal,LOG_TRAIN_P90,0.97,0.1,0.9,0.02,37580,6657,0.17714209686003193,1121,0.16839417154874567,0.15880884381111857,0.16963322211349682,0.10268294196977923,0.8088877062267164,0.01397019691325173,0.0
temporal,LOG_TRAIN_P90,0.97,0.1,0.9,0.05,37580,6657,0.17714209686003193,1121,0.16839417154874567,0.15880884381111857,0.16963322211349682,0.10235936559936942,0.8048430015965939,0.018014901543374134,0.0
temporal,LOG_TRAIN_P90,0.97,0.1,0.9,0.1,37580,6657,0.17714209686003193,1121,0.16839417154874567,0.15880884381111857,0.16963322211349682,0.10232743372071057,0.8044438531133582,0.0184140500266099,0.0
temporal,LOG_TRAIN_P90,0.97,0.1,0.95,0.01,37580,6657,0.17714209686003193,1121,0.16839417154874567,0.15880884381111857,0.16963322211349682,0.10364302712145565,0.8208887706226716,0.001969132517296434,0.0
temporal,LOG_TRAIN_P90,0.97,0.1,0.95,0.02,37580,6657,0.17714209686003193,1121,0.16839417154874567,0.15880884381111857,0.16963322211349682,0.10268294196977923,0.8088877062267164,0.01397019691325173,0.0
temporal,LOG_TRAIN_P90,0.97,0.1,0.95,0.05,37580,6657,0.17714209686003193,1121,0.16839417154874567,0.15880884381111857,0.16963322211349682,0.10235936559936942,0.8048430015965939,0.018014901543374134,0.0
temporal,LOG_TRAIN_P90,0.97,0.1,0.95,0.1,37580,6657,0.17714209686003193,1121,0.16839417154874567,0.15880884381111857,0.16963322211349682,0.10235297922363766,0.8047631718999467,0.018094731240021287,0.0
temporal,LOG_TRAIN_P90,0.97,0.1,0.97,0.01,37580,6657,0.17714209686003193,1121,0.16839417154874567,0.15880884381111857,0.16963322211349682,0.10364302712145565,0.8208887706226716,0.001969132517296434,0.0
temporal,LOG_TRAIN_P90,0.97,0.1,0.97,0.02,37580,6657,0.17714209686003193,1121,0.16839417154874567,0.15880884381111857,0.16963322211349682,0.10268932834551099,0.8089675359233635,0.013890367216604577,0.0
temporal,LOG_TRAIN_P90,0.97,0.1,0.97,0.05,37580,6657,0.17714209686003193,1121,0.16839417154874567,0.15880884381111857,0.16963322211349682,0.10246154761107779,0.8061202767429484,0.01673762639701969,0.0
temporal,LOG_TRAIN_P90,0.97,0.1,0.97,0.1,37580,6657,0.17714209686003193,1121,0.16839417154874567,0.15880884381111857,0.16963322211349682,0.10246154761107779,0.8061202767429484,0.01673762639701969,0.0
temporal,LOG_TRAIN_P90,0.97,0.1,0.99,0.01,37580,6657,0.17714209686003193,1121,0.16839417154874567,0.15880884381111857,0.16963322211349682,0.10377926980373345,0.8225918041511442,0.00026609898882384245,0.0
temporal,LOG_TRAIN_P90,0.97,0.1,0.99,0.02,37580,6657,0.17714209686003193,1121,0.16839417154874567,0.15880884381111857,0.16963322211349682,0.10377926980373345,0.8225918041511442,0.00026609898882384245,0.0
temporal,LOG_TRAIN_P90,0.97,0.1,0.99,0.05,37580,6657,0.17714209686003193,1121,0.16839417154874567,0.15880884381111857,0.16963322211349682,0.10377926980373345,0.8225918041511442,0.00026609898882384245,0.0
temporal,LOG_TRAIN_P90,0.97,0.1,0.99,0.1,37580,6657,0.17714209686003193,1121,0.16839417154874567,0.15880884381111857,0.16963322211349682,0.10377926980373345,0.8225918041511442,0.00026609898882384245,0.0
temporal,LOG_TRAIN_P90,0.97,0.2,0.9,0.01,37580,6657,0.17714209686003193,1121,0.16839417154874567,0.15880884381111857,0.16963322211349682,0.10364302712145565,0.8208887706226716,0.001969132517296434,0.0
temporal,LOG_TRAIN_P90,0.97,0.2,0.9,0.02,37580,6657,0.17714209686003193,1121,0.16839417154874567,0.15880884381111857,0.16963322211349682,0.10268294196977923,0.8088877062267164,0.01397019691325173,0.0
temporal,LOG_TRAIN_P90,0.97,0.2,0.9,0.05,37580,6657,0.17714209686003193,1121,0.16839417154874567,0.15880884381111857,0.16963322211349682,0.10235936559936942,0.8048430015965939,0.018014901543374134,0.0
temporal,LOG_TRAIN_P90,0.97,0.2,0.9,0.1,37580,6657,0.17714209686003193,1121,0.16839417154874567,0.15880884381111857,0.16963322211349682,0.10232743372071057,0.8044438531133582,0.0184140500266099,0.0
temporal,LOG_TRAIN_P90,0.97,0.2,0.95,0.01,37580,6657,0.17714209686003193,1121,0.16839417154874567,0.15880884381111857,0.16963322211349682,0.10364302712145565,0.8208887706226716,0.001969132517296434,0.0
temporal,LOG_TRAIN_P90,0.97,0.2,0.95,0.02,37580,6657,0.17714209686003193,1121,0.16839417154874567,0.15880884381111857,0.16963322211349682,0.10268294196977923,0.8088877062267164,0.01397019691325173,0.0
temporal,LOG_TRAIN_P90,0.97,0.2,0.95,0.05,37580,6657,0.17714209686003193,1121,0.16839417154874567,0.15880884381111857,0.16963322211349682,0.10235936559936942,0.8048430015965939,0.018014901543374134,0.0
temporal,LOG_TRAIN_P90,0.97,0.2,0.95,0.1,37580,6657,0.17714209686003193,1121,0.16839417154874567,0.15880884381111857,0.16963322211349682,0.10235297922363766,0.8047631718999467,0.018094731240021287,0.0
temporal,LOG_TRAIN_P90,0.97,0.2,0.97,0.01,37580,6657,0.17714209686003193,1121,0.16839417154874567,0.15880884381111857,0.16963322211349682,0.10364302712145565,0.8208887706226716,0.001969132517296434,0.0
temporal,LOG_TRAIN_P90,0.97,0.2,0.97,0.02,37580,6657,0.17714209686003193,1121,0.16839417154874567,0.15880884381111857,0.16963322211349682,0.10268932834551099,0.8089675359233635,0.013890367216604577,0.0
temporal,LOG_TRAIN_P90,0.97,0.2,0.97,0.05,37580,6657,0.17714209686003193,1121,0.16839417154874567,0.15880884381111857,0.16963322211349682,0.10246154761107779,0.8061202767429484,0.01673762639701969,0.0
temporal,LOG_TRAIN_P90,0.97,0.2,0.97,0.1,37580,6657,0.17714209686003193,1121,0.16839417154874567,0.15880884381111857,0.16963322211349682,0.10246154761107779,0.8061202767429484,0.01673762639701969,0.0
temporal,LOG_TRAIN_P90,0.97,0.2,0.99,0.01,37580,6657,0.17714209686003193,1121,0.16839417154874567,0.15880884381111857,0.16963322211349682,0.10377926980373345,0.8225918041511442,0.00026609898882384245,0.0
temporal,LOG_TRAIN_P90,0.97,0.2,0.99,0.02,37580,6657,0.17714209686003193,1121,0.16839417154874567,0.15880884381111857,0.16963322211349682,0.10377926980373345,0.8225918041511442,0.00026609898882384245,0.0
temporal,LOG_TRAIN_P90,0.97,0.2,0.99,0.05,37580,6657,0.17714209686003193,1121,0.16839417154874567,0.15880884381111857,0.16963322211349682,0.10377926980373345,0.8225918041511442,0.00026609898882384245,0.0
temporal,LOG_TRAIN_P90,0.97,0.2,0.99,0.1,37580,6657,0.17714209686003193,1121,0.16839417154874567,0.15880884381111857,0.16963322211349682,0.10377926980373345,0.8225918041511442,0.00026609898882384245,0.0
temporal,LOG_TRAIN_P90,0.99,0.01,0.9,0.01,37580,1219,0.032437466737626396,212,0.17391304347826086,0.1992549998892605,0.17586146099258773,0.10046582329910701,0.9655934007450772,0.001969132517296434,0.0
temporal,LOG_TRAIN_P90,0.99,0.01,0.9,0.02,37580,1219,0.032437466737626396,212,0.17391304347826086,0.1992549998892605,0.17586146099258773,0.09950573814743059,0.9535923363491219,0.01397019691325173,0.0
temporal,LOG_TRAIN_P90,0.99,0.01,0.9,0.05,37580,1219,0.032437466737626396,212,0.17391304347826086,0.1992549998892605,0.17586146099258773,0.09918216177702079,0.9495476317189995,0.018014901543374134,0.0
temporal,LOG_TRAIN_P90,0.99,0.01,0.9,0.1,37580,1219,0.032437466737626396,212,0.17391304347826086,0.1992549998892605,0.17586146099258773,0.09915022989836193,0.9491484832357637,0.0184140500266099,0.0
temporal,LOG_TRAIN_P90,0.99,0.01,0.95,0.01,37580,1219,0.032437466737626396,212,0.17391304347826086,0.1992549998892605,0.17586146099258773,0.10046582329910701,0.9655934007450772,0.001969132517296434,0.0
temporal,LOG_TRAIN_P90,0.99,0.01,0.95,0.02,37580,1219,0.032437466737626396,212,0.17391304347826086,0.1992549998892605,0.17586146099258773,0.09950573814743059,0.9535923363491219,0.01397019691325173,0.0
temporal,LOG_TRAIN_P90,0.99,0.01,0.95,0.05,37580,1219,0.032437466737626396,212,0.17391304347826086,0.1992549998892605,0.17586146099258773,0.09918216177702079,0.9495476317189995,0.018014901543374134,0.0
temporal,LOG_TRAIN_P90,0.99,0.01,0.95,0.1,37580,1219,0.032437466737626396,212,0.17391304347826086,0.1992549998892605,0.17586146099258773,0.09917577540128902,0.9494678020223524,0.018094731240021287,0.0
temporal,LOG_TRAIN_P90,0.99,0.01,0.97,0.01,37580,1219,0.032437466737626396,212,0.17391304347826086,0.1992549998892605,0.17586146099258773,0.10046582329910701,0.9655934007450772,0.001969132517296434,0.0
temporal,LOG_TRAIN_P90,0.99,0.01,0.97,0.02,37580,1219,0.032437466737626396,212,0.17391304347826086,0.1992549998892605,0.17586146099258773,0.09951212452316235,0.953672166045769,0.013890367216604577,0.0
temporal,LOG_TRAIN_P90,0.99,0.01,0.97,0.05,37580,1219,0.032437466737626396,212,0.17391304347826086,0.1992549998892605,0.17586146099258773,0.09928434378872915,0.9508249068653539,0.01673762639701969,0.0
temporal,LOG_TRAIN_P90,0.99,0.01,0.97,0.1,37580,1219,0.032437466737626396,212,0.17391304347826086,0.1992549998892605,0.17586146099258773,0.09928434378872915,0.9508249068653539,0.01673762639701969,0.0
temporal,LOG_TRAIN_P90,0.99,0.01,0.99,0.01,37580,1219,0.032437466737626396,212,0.17391304347826086,0.1992549998892605,0.17586146099258773,0.10060206598138481,0.9672964342735497,0.00026609898882384245,0.0
temporal,LOG_TRAIN_P90,0.99,0.01,0.99,0.02,37580,1219,0.032437466737626396,212,0.17391304347826086,0.1992549998892605,0.17586146099258773,0.10060206598138481,0.9672964342735497,0.00026609898882384245,0.0
temporal,LOG_TRAIN_P90,0.99,0.01,0.99,0.05,37580,1219,0.032437466737626396,212,0.17391304347826086,0.1992549998892605,0.17586146099258773,0.10060206598138481,0.9672964342735497,0.00026609898882384245,0.0
temporal,LOG_TRAIN_P90,0.99,0.01,0.99,0.1,37580,1219,0.032437466737626396,212,0.17391304347826086,0.1992549998892605,0.17586146099258773,0.10060206598138481,0.9672964342735497,0.00026609898882384245,0.0
temporal,LOG_TRAIN_P90,0.99,0.02,0.9,0.01,37580,1222,0.03251729643427355,212,0.1734860883797054,0.1514368059453241,0.17505539908838472,0.10045784032944229,0.96551357104843,0.001969132517296434,0.0
temporal,LOG_TRAIN_P90,0.99,0.02,0.9,0.02,37580,1222,0.03251729643427355,212,0.1734860883797054,0.1514368059453241,0.17505539908838472,0.09949775517776586,0.9535125066524747,0.01397019691325173,0.0
temporal,LOG_TRAIN_P90,0.99,0.02,0.9,0.05,37580,1222,0.03251729643427355,212,0.1734860883797054,0.1514368059453241,0.17505539908838472,0.09917417880735607,0.9494678020223524,0.018014901543374134,0.0
temporal,LOG_TRAIN_P90,0.99,0.02,0.9,0.1,37580,1222,0.03251729643427355,212,0.1734860883797054,0.1514368059453241,0.17505539908838472,0.0991422469286972,0.9490686535391165,0.0184140500266099,0.0
temporal,LOG_TRAIN_P90,0.99,0.02,0.95,0.01,37580,1222,0.03251729643427355,212,0.1734860883797054,0.1514368059453241,0.17505539908838472,0.10045784032944229,0.96551357104843,0.001969132517296434,0.0
temporal,LOG_TRAIN_P90,0.99,0.02,0.95,0.02,37580,1222,0.03251729643427355,212,0.1734860883797054,0.1514368059453241,0.17505539908838472,0.09949775517776586,0.9535125066524747,0.01397019691325173,0.0
temporal,LOG_TRAIN_P90,0.99,0.02,0.95,0.05,37580,1222,0.03251729643427355,212,0.1734860883797054,0.1514368059453241,0.17505539908838472,0.09917417880735607,0.9494678020223524,0.018014901543374134,0.0
temporal,LOG_TRAIN_P90,0.99,0.02,0.95,0.1,37580,1222,0.03251729643427355,212,0.1734860883797054,0.1514368059453241,0.17505539908838472,0.0991677924316243,0.9493879723257052,0.018094731240021287,0.0
temporal,LOG_TRAIN_P90,0.99,0.02,0.97,0.01,37580,1222,0.03251729643427355,212,0.1734860883797054,0.1514368059453241,0.17505539908838472,0.10045784032944229,0.96551357104843,0.001969132517296434,0.0
temporal,LOG_TRAIN_P90,0.99,0.02,0.97,0.02,37580,1222,0.03251729643427355,212,0.1734860883797054,0.1514368059453241,0.17505539908838472,0.09950414155349764,0.9535923363491219,0.013890367216604577,0.0
temporal,LOG_TRAIN_P90,0.99,0.02,0.97,0.05,37580,1222,0.03251729643427355,212,0.1734860883797054,0.1514368059453241,0.17505539908838472,0.09927636081906444,0.9507450771687067,0.01673762639701969,0.0
temporal,LOG_TRAIN_P90,0.99,0.02,0.97,0.1,37580,1222,0.03251729643427355,212,0.1734860883797054,0.1514368059453241,0.17505539908838472,0.09927636081906444,0.9507450771687067,0.01673762639701969,0.0
temporal,LOG_TRAIN_P90,0.99,0.02,0.99,0.01,37580,1222,0.03251729643427355,212,0.1734860883797054,0.1514368059453241,0.17505539908838472,0.1005940830117201,0.9672166045769026,0.00026609898882384245,0.0
temporal,LOG_TRAIN_P90,0.99,0.02,0.99,0.02,37580,1222,0.03251729643427355,212,0.1734860883797054,0.1514368059453241,0.17505539908838472,0.1005940830117201,0.9672166045769026,0.00026609898882384245,0.0
temporal,LOG_TRAIN_P90,0.99,0.02,0.99,0.05,37580,1222,0.03251729643427355,212,0.1734860883797054,0.1514368059453241,0.17505539908838472,0.1005940830117201,0.9672166045769026,0.00026609898882384245,0.0
temporal,LOG_TRAIN_P90,0.99,0.02,0.99,0.1,37580,1222,0.03251729643427355,212,0.1734860883797054,0.1514368059453241,0.17505539908838472,0.1005940830117201,0.9672166045769026,0.00026609898882384245,0.0
temporal,LOG_TRAIN_P90,0.99,0.05,0.9,0.01,37580,1222,0.03251729643427355,212,0.1734860883797054,0.1514368059453241,0.17505539908838472,0.10045784032944229,0.96551357104843,0.001969132517296434,0.0
temporal,LOG_TRAIN_P90,0.99,0.05,0.9,0.02,37580,1222,0.03251729643427355,212,0.1734860883797054,0.1514368059453241,0.17505539908838472,0.09949775517776586,0.9535125066524747,0.01397019691325173,0.0
temporal,LOG_TRAIN_P90,0.99,0.05,0.9,0.05,37580,1222,0.03251729643427355,212,0.1734860883797054,0.1514368059453241,0.17505539908838472,0.09917417880735607,0.9494678020223524,0.018014901543374134,0.0
temporal,LOG_TRAIN_P90,0.99,0.05,0.9,0.1,37580,1222,0.03251729643427355,212,0.1734860883797054,0.1514368059453241,0.17505539908838472,0.0991422469286972,0.9490686535391165,0.0184140500266099,0.0
temporal,LOG_TRAIN_P90,0.99,0.05,0.95,0.01,37580,1222,0.03251729643427355,212,0.1734860883797054,0.1514368059453241,0.17505539908838472,0.10045784032944229,0.96551357104843,0.001969132517296434,0.0
temporal,LOG_TRAIN_P90,0.99,0.05,0.95,0.02,37580,1222,0.03251729643427355,212,0.1734860883797054,0.1514368059453241,0.17505539908838472,0.09949775517776586,0.9535125066524747,0.01397019691325173,0.0
temporal,LOG_TRAIN_P90,0.99,0.05,0.95,0.05,37580,1222,0.03251729643427355,212,0.1734860883797054,0.1514368059453241,0.17505539908838472,0.09917417880735607,0.9494678020223524,0.018014901543374134,0.0
temporal,LOG_TRAIN_P90,0.99,0.05,0.95,0.1,37580,1222,0.03251729643427355,212,0.1734860883797054,0.1514368059453241,0.17505539908838472,0.0991677924316243,0.9493879723257052,0.018094731240021287,0.0
temporal,LOG_TRAIN_P90,0.99,0.05,0.97,0.01,37580,1222,0.03251729643427355,212,0.1734860883797054,0.1514368059453241,0.17505539908838472,0.10045784032944229,0.96551357104843,0.001969132517296434,0.0
temporal,LOG_TRAIN_P90,0.99,0.05,0.97,0.02,37580,1222,0.03251729643427355,212,0.1734860883797054,0.1514368059453241,0.17505539908838472,0.09950414155349764,0.9535923363491219,0.013890367216604577,0.0
temporal,LOG_TRAIN_P90,0.99,0.05,0.97,0.05,37580,1222,0.03251729643427355,212,0.1734860883797054,0.1514368059453241,0.17505539908838472,0.09927636081906444,0.9507450771687067,0.01673762639701969,0.0
temporal,LOG_TRAIN_P90,0.99,0.05,0.97,0.1,37580,1222,0.03251729643427355,212,0.1734860883797054,0.1514368059453241,0.17505539908838472,0.09927636081906444,0.9507450771687067,0.01673762639701969,0.0
temporal,LOG_TRAIN_P90,0.99,0.05,0.99,0.01,37580,1222,0.03251729643427355,212,0.1734860883797054,0.1514368059453241,0.17505539908838472,0.1005940830117201,0.9672166045769026,0.00026609898882384245,0.0
temporal,LOG_TRAIN_P90,0.99,0.05,0.99,0.02,37580,1222,0.03251729643427355,212,0.1734860883797054,0.1514368059453241,0.17505539908838472,0.1005940830117201,0.9672166045769026,0.00026609898882384245,0.0
temporal,LOG_TRAIN_P90,0.99,0.05,0.99,0.05,37580,1222,0.03251729643427355,212,0.1734860883797054,0.1514368059453241,0.17505539908838472,0.1005940830117201,0.9672166045769026,0.00026609898882384245,0.0
temporal,LOG_TRAIN_P90,0.99,0.05,0.99,0.1,37580,1222,0.03251729643427355,212,0.1734860883797054,0.1514368059453241,0.17505539908838472,0.1005940830117201,0.9672166045769026,0.00026609898882384245,0.0
temporal,LOG_TRAIN_P90,0.99,0.1,0.9,0.01,37580,1222,0.03251729643427355,212,0.1734860883797054,0.1514368059453241,0.17505539908838472,0.10045784032944229,0.96551357104843,0.001969132517296434,0.0
temporal,LOG_TRAIN_P90,0.99,0.1,0.9,0.02,37580,1222,0.03251729643427355,212,0.1734860883797054,0.1514368059453241,0.17505539908838472,0.09949775517776586,0.9535125066524747,0.01397019691325173,0.0
temporal,LOG_TRAIN_P90,0.99,0.1,0.9,0.05,37580,1222,0.03251729643427355,212,0.1734860883797054,0.1514368059453241,0.17505539908838472,0.09917417880735607,0.9494678020223524,0.018014901543374134,0.0
temporal,LOG_TRAIN_P90,0.99,0.1,0.9,0.1,37580,1222,0.03251729643427355,212,0.1734860883797054,0.1514368059453241,0.17505539908838472,0.0991422469286972,0.9490686535391165,0.0184140500266099,0.0
temporal,LOG_TRAIN_P90,0.99,0.1,0.95,0.01,37580,1222,0.03251729643427355,212,0.1734860883797054,0.1514368059453241,0.17505539908838472,0.10045784032944229,0.96551357104843,0.001969132517296434,0.0
temporal,LOG_TRAIN_P90,0.99,0.1,0.95,0.02,37580,1222,0.03251729643427355,212,0.1734860883797054,0.1514368059453241,0.17505539908838472,0.09949775517776586,0.9535125066524747,0.01397019691325173,0.0
temporal,LOG_TRAIN_P90,0.99,0.1,0.95,0.05,37580,1222,0.03251729643427355,212,0.1734860883797054,0.1514368059453241,0.17505539908838472,0.09917417880735607,0.9494678020223524,0.018014901543374134,0.0
temporal,LOG_TRAIN_P90,0.99,0.1,0.95,0.1,37580,1222,0.03251729643427355,212,0.1734860883797054,0.1514368059453241,0.17505539908838472,0.0991677924316243,0.9493879723257052,0.018094731240021287,0.0
temporal,LOG_TRAIN_P90,0.99,0.1,0.97,0.01,37580,1222,0.03251729643427355,212,0.1734860883797054,0.1514368059453241,0.17505539908838472,0.10045784032944229,0.96551357104843,0.001969132517296434,0.0
temporal,LOG_TRAIN_P90,0.99,0.1,0.97,0.02,37580,1222,0.03251729643427355,212,0.1734860883797054,0.1514368059453241,0.17505539908838472,0.09950414155349764,0.9535923363491219,0.013890367216604577,0.0
temporal,LOG_TRAIN_P90,0.99,0.1,0.97,0.05,37580,1222,0.03251729643427355,212,0.1734860883797054,0.1514368059453241,0.17505539908838472,0.09927636081906444,0.9507450771687067,0.01673762639701969,0.0
temporal,LOG_TRAIN_P90,0.99,0.1,0.97,0.1,37580,1222,0.03251729643427355,212,0.1734860883797054,0.1514368059453241,0.17505539908838472,0.09927636081906444,0.9507450771687067,0.01673762639701969,0.0
temporal,LOG_TRAIN_P90,0.99,0.1,0.99,0.01,37580,1222,0.03251729643427355,212,0.1734860883797054,0.1514368059453241,0.17505539908838472,0.1005940830117201,0.9672166045769026,0.00026609898882384245,0.0
temporal,LOG_TRAIN_P90,0.99,0.1,0.99,0.02,37580,1222,0.03251729643427355,212,0.1734860883797054,0.1514368059453241,0.17505539908838472,0.1005940830117201,0.9672166045769026,0.00026609898882384245,0.0
temporal,LOG_TRAIN_P90,0.99,0.1,0.99,0.05,37580,1222,0.03251729643427355,212,0.1734860883797054,0.1514368059453241,0.17505539908838472,0.1005940830117201,0.9672166045769026,0.00026609898882384245,0.0
temporal,LOG_TRAIN_P90,0.99,0.1,0.99,0.1,37580,1222,0.03251729643427355,212,0.1734860883797054,0.1514368059453241,0.17505539908838472,0.1005940830117201,0.9672166045769026,0.00026609898882384245,0.0
temporal,LOG_TRAIN_P90,0.99,0.2,0.9,0.01,37580,1222,0.03251729643427355,212,0.1734860883797054,0.1514368059453241,0.17505539908838472,0.10045784032944229,0.96551357104843,0.001969132517296434,0.0
temporal,LOG_TRAIN_P90,0.99,0.2,0.9,0.02,37580,1222,0.03251729643427355,212,0.1734860883797054,0.1514368059453241,0.17505539908838472,0.09949775517776586,0.9535125066524747,0.01397019691325173,0.0
temporal,LOG_TRAIN_P90,0.99,0.2,0.9,0.05,37580,1222,0.03251729643427355,212,0.1734860883797054,0.1514368059453241,0.17505539908838472,0.09917417880735607,0.9494678020223524,0.018014901543374134,0.0
temporal,LOG_TRAIN_P90,0.99,0.2,0.9,0.1,37580,1222,0.03251729643427355,212,0.1734860883797054,0.1514368059453241,0.17505539908838472,0.0991422469286972,0.9490686535391165,0.0184140500266099,0.0
temporal,LOG_TRAIN_P90,0.99,0.2,0.95,0.01,37580,1222,0.03251729643427355,212,0.1734860883797054,0.1514368059453241,0.17505539908838472,0.10045784032944229,0.96551357104843,0.001969132517296434,0.0
temporal,LOG_TRAIN_P90,0.99,0.2,0.95,0.02,37580,1222,0.03251729643427355,212,0.1734860883797054,0.1514368059453241,0.17505539908838472,0.09949775517776586,0.9535125066524747,0.01397019691325173,0.0
temporal,LOG_TRAIN_P90,0.99,0.2,0.95,0.05,37580,1222,0.03251729643427355,212,0.1734860883797054,0.1514368059453241,0.17505539908838472,0.09917417880735607,0.9494678020223524,0.018014901543374134,0.0
temporal,LOG_TRAIN_P90,0.99,0.2,0.95,0.1,37580,1222,0.03251729643427355,212,0.1734860883797054,0.1514368059453241,0.17505539908838472,0.0991677924316243,0.9493879723257052,0.018094731240021287,0.0
temporal,LOG_TRAIN_P90,0.99,0.2,0.97,0.01,37580,1222,0.03251729643427355,212,0.1734860883797054,0.1514368059453241,0.17505539908838472,0.10045784032944229,0.96551357104843,0.001969132517296434,0.0
temporal,LOG_TRAIN_P90,0.99,0.2,0.97,0.02,37580,1222,0.03251729643427355,212,0.1734860883797054,0.1514368059453241,0.17505539908838472,0.09950414155349764,0.9535923363491219,0.013890367216604577,0.0
temporal,LOG_TRAIN_P90,0.99,0.2,0.97,0.05,37580,1222,0.03251729643427355,212,0.1734860883797054,0.1514368059453241,0.17505539908838472,0.09927636081906444,0.9507450771687067,0.01673762639701969,0.0
temporal,LOG_TRAIN_P90,0.99,0.2,0.97,0.1,37580,1222,0.03251729643427355,212,0.1734860883797054,0.1514368059453241,0.17505539908838472,0.09927636081906444,0.9507450771687067,0.01673762639701969,0.0
temporal,LOG_TRAIN_P90,0.99,0.2,0.99,0.01,37580,1222,0.03251729643427355,212,0.1734860883797054,0.1514368059453241,0.17505539908838472,0.1005940830117201,0.9672166045769026,0.00026609898882384245,0.0
temporal,LOG_TRAIN_P90,0.99,0.2,0.99,0.02,37580,1222,0.03251729643427355,212,0.1734860883797054,0.1514368059453241,0.17505539908838472,0.1005940830117201,0.9672166045769026,0.00026609898882384245,0.0
temporal,LOG_TRAIN_P90,0.99,0.2,0.99,0.05,37580,1222,0.03251729643427355,212,0.1734860883797054,0.1514368059453241,0.17505539908838472,0.1005940830117201,0.9672166045769026,0.00026609898882384245,0.0
temporal,LOG_TRAIN_P90,0.99,0.2,0.99,0.1,37580,1222,0.03251729643427355,212,0.1734860883797054,0.1514368059453241,0.17505539908838472,0.1005940830117201,0.9672166045769026,0.00026609898882384245,0.0
temporal,UNIFORM,0.9,0.01,0.9,0.01,37580,1222,0.03251729643427355,212,0.1734860883797054,0.1514368059453241,0.1734860883797054,0.1023682810005322,0.9672166045769026,0.00026609898882384245,0.0
temporal,UNIFORM,0.9,0.01,0.9,0.02,37580,1222,0.03251729643427355,212,0.1734860883797054,0.1514368059453241,0.1734860883797054,0.1023682810005322,0.9672166045769026,0.00026609898882384245,0.0
temporal,UNIFORM,0.9,0.01,0.9,0.05,37580,1222,0.03251729643427355,212,0.1734860883797054,0.1514368059453241,0.1734860883797054,0.10094199042043642,0.9493879723257052,0.018094731240021287,0.0
temporal,UNIFORM,0.9,0.01,0.9,0.1,37580,1222,0.03251729643427355,212,0.1734860883797054,0.1514368059453241,0.1734860883797054,0.10094199042043642,0.9493879723257052,0.018094731240021287,0.0
temporal,UNIFORM,0.9,0.01,0.95,0.01,37580,1222,0.03251729643427355,212,0.1734860883797054,0.1514368059453241,0.1734860883797054,0.1023682810005322,0.9672166045769026,0.00026609898882384245,0.0
temporal,UNIFORM,0.9,0.01,0.95,0.02,37580,1222,0.03251729643427355,212,0.1734860883797054,0.1514368059453241,0.1734860883797054,0.1023682810005322,0.9672166045769026,0.00026609898882384245,0.0
temporal,UNIFORM,0.9,0.01,0.95,0.05,37580,1222,0.03251729643427355,212,0.1734860883797054,0.1514368059453241,0.1734860883797054,0.10094199042043642,0.9493879723257052,0.018094731240021287,0.0
temporal,UNIFORM,0.9,0.01,0.95,0.1,37580,1222,0.03251729643427355,212,0.1734860883797054,0.1514368059453241,0.1734860883797054,0.10094199042043642,0.9493879723257052,0.018094731240021287,0.0
temporal,UNIFORM,0.9,0.01,0.97,0.01,37580,1222,0.03251729643427355,212,0.1734860883797054,0.1514368059453241,0.1734860883797054,0.1023682810005322,0.9672166045769026,0.00026609898882384245,0.0
temporal,UNIFORM,0.9,0.01,0.97,0.02,37580,1222,0.03251729643427355,212,0.1734860883797054,0.1514368059453241,0.1734860883797054,0.1023682810005322,0.9672166045769026,0.00026609898882384245,0.0
temporal,UNIFORM,0.9,0.01,0.97,0.05,37580,1222,0.03251729643427355,212,0.1734860883797054,0.1514368059453241,0.1734860883797054,0.10105055880787654,0.9507450771687067,0.01673762639701969,0.0
temporal,UNIFORM,0.9,0.01,0.97,0.1,37580,1222,0.03251729643427355,212,0.1734860883797054,0.1514368059453241,0.1734860883797054,0.10105055880787654,0.9507450771687067,0.01673762639701969,0.0
temporal,UNIFORM,0.9,0.01,0.99,0.01,37580,1222,0.03251729643427355,212,0.1734860883797054,0.1514368059453241,0.1734860883797054,0.1023682810005322,0.9672166045769026,0.00026609898882384245,0.0
temporal,UNIFORM,0.9,0.01,0.99,0.02,37580,1222,0.03251729643427355,212,0.1734860883797054,0.1514368059453241,0.1734860883797054,0.1023682810005322,0.9672166045769026,0.00026609898882384245,0.0
temporal,UNIFORM,0.9,0.01,0.99,0.05,37580,1222,0.03251729643427355,212,0.1734860883797054,0.1514368059453241,0.1734860883797054,0.1023682810005322,0.9672166045769026,0.00026609898882384245,0.0
temporal,UNIFORM,0.9,0.01,0.99,0.1,37580,1222,0.03251729643427355,212,0.1734860883797054,0.1514368059453241,0.1734860883797054,0.1023682810005322,0.9672166045769026,0.00026609898882384245,0.0
temporal,UNIFORM,0.9,0.02,0.9,0.01,37580,2090,0.05561468866418308,366,0.17511961722488037,0.19112655184832023,0.17511961722488037,0.10415646620542843,0.944119212346993,0.00026609898882384245,0.0
temporal,UNIFORM,0.9,0.02,0.9,0.02,37580,2090,0.05561468866418308,366,0.17511961722488037,0.19112655184832023,0.17511961722488037,0.10415646620542843,0.944119212346993,0.00026609898882384245,0.0
temporal,UNIFORM,0.9,0.02,0.9,0.05,37580,2090,0.05561468866418308,366,0.17511961722488037,0.19112655184832023,0.17511961722488037,0.10273017562533264,0.9262905800957957,0.018094731240021287,0.0
temporal,UNIFORM,0.9,0.02,0.9,0.1,37580,2090,0.05561468866418308,366,0.17511961722488037,0.19112655184832023,0.17511961722488037,0.10273017562533264,0.9262905800957957,0.018094731240021287,0.0
temporal,UNIFORM,0.9,0.02,0.95,0.01,37580,2090,0.05561468866418308,366,0.17511961722488037,0.19112655184832023,0.17511961722488037,0.10415646620542843,0.944119212346993,0.00026609898882384245,0.0
temporal,UNIFORM,0.9,0.02,0.95,0.02,37580,2090,0.05561468866418308,366,0.17511961722488037,0.19112655184832023,0.17511961722488037,0.10415646620542843,0.944119212346993,0.00026609898882384245,0.0
temporal,UNIFORM,0.9,0.02,0.95,0.05,37580,2090,0.05561468866418308,366,0.17511961722488037,0.19112655184832023,0.17511961722488037,0.10273017562533264,0.9262905800957957,0.018094731240021287,0.0
temporal,UNIFORM,0.9,0.02,0.95,0.1,37580,2090,0.05561468866418308,366,0.17511961722488037,0.19112655184832023,0.17511961722488037,0.10273017562533264,0.9262905800957957,0.018094731240021287,0.0
temporal,UNIFORM,0.9,0.02,0.97,0.01,37580,2090,0.05561468866418308,366,0.17511961722488037,0.19112655184832023,0.17511961722488037,0.10415646620542843,0.944119212346993,0.00026609898882384245,0.0
temporal,UNIFORM,0.9,0.02,0.97,0.02,37580,2090,0.05561468866418308,366,0.17511961722488037,0.19112655184832023,0.17511961722488037,0.10415646620542843,0.944119212346993,0.00026609898882384245,0.0
temporal,UNIFORM,0.9,0.02,0.97,0.05,37580,2090,0.05561468866418308,366,0.17511961722488037,0.19112655184832023,0.17511961722488037,0.10283874401277276,0.9276476849387972,0.01673762639701969,0.0
temporal,UNIFORM,0.9,0.02,0.97,0.1,37580,2090,0.05561468866418308,366,0.17511961722488037,0.19112655184832023,0.17511961722488037,0.10283874401277276,0.9276476849387972,0.01673762639701969,0.0
temporal,UNIFORM,0.9,0.02,0.99,0.01,37580,2090,0.05561468866418308,366,0.17511961722488037,0.19112655184832023,0.17511961722488037,0.10415646620542843,0.944119212346993,0.00026609898882384245,0.0
temporal,UNIFORM,0.9,0.02,0.99,0.02,37580,2090,0.05561468866418308,366,0.17511961722488037,0.19112655184832023,0.17511961722488037,0.10415646620542843,0.944119212346993,0.00026609898882384245,0.0
temporal,UNIFORM,0.9,0.02,0.99,0.05,37580,2090,0.05561468866418308,366,0.17511961722488037,0.19112655184832023,0.17511961722488037,0.10415646620542843,0.944119212346993,0.00026609898882384245,0.0
temporal,UNIFORM,0.9,0.02,0.99,0.1,37580,2090,0.05561468866418308,366,0.17511961722488037,0.19112655184832023,0.17511961722488037,0.10415646620542843,0.944119212346993,0.00026609898882384245,0.0
temporal,UNIFORM,0.9,0.05,0.9,0.01,37580,8233,0.2190792974986695,1417,0.17211223126442365,0.1718444770168085,0.17211223126442365,0.11577700904736564,0.7806546035125067,0.00026609898882384245,0.0
temporal,UNIFORM,0.9,0.05,0.9,0.02,37580,8233,0.2190792974986695,1417,0.17211223126442365,0.1718444770168085,0.17211223126442365,0.11577700904736564,0.7806546035125067,0.00026609898882384245,0.0
temporal,UNIFORM,0.9,0.05,0.9,0.05,37580,8233,0.2190792974986695,1417,0.17211223126442365,0.1718444770168085,0.17211223126442365,0.11435071846726982,0.7628259712613092,0.018094731240021287,0.0
temporal,UNIFORM,0.9,0.05,0.9,0.1,37580,8233,0.2190792974986695,1417,0.17211223126442365,0.1718444770168085,0.17211223126442365,0.11435071846726982,0.7628259712613092,0.018094731240021287,0.0
temporal,UNIFORM,0.9,0.05,0.95,0.01,37580,8233,0.2190792974986695,1417,0.17211223126442365,0.1718444770168085,0.17211223126442365,0.11577700904736564,0.7806546035125067,0.00026609898882384245,0.0
temporal,UNIFORM,0.9,0.05,0.95,0.02,37580,8233,0.2190792974986695,1417,0.17211223126442365,0.1718444770168085,0.17211223126442365,0.11577700904736564,0.7806546035125067,0.00026609898882384245,0.0
temporal,UNIFORM,0.9,0.05,0.95,0.05,37580,8233,0.2190792974986695,1417,0.17211223126442365,0.1718444770168085,0.17211223126442365,0.11435071846726982,0.7628259712613092,0.018094731240021287,0.0
temporal,UNIFORM,0.9,0.05,0.95,0.1,37580,8233,0.2190792974986695,1417,0.17211223126442365,0.1718444770168085,0.17211223126442365,0.11435071846726982,0.7628259712613092,0.018094731240021287,0.0
temporal,UNIFORM,0.9,0.05,0.97,0.01,37580,8233,0.2190792974986695,1417,0.17211223126442365,0.1718444770168085,0.17211223126442365,0.11577700904736564,0.7806546035125067,0.00026609898882384245,0.0
temporal,UNIFORM,0.9,0.05,0.97,0.02,37580,8233,0.2190792974986695,1417,0.17211223126442365,0.1718444770168085,0.17211223126442365,0.11577700904736564,0.7806546035125067,0.00026609898882384245,0.0
temporal,UNIFORM,0.9,0.05,0.97,0.05,37580,8233,0.2190792974986695,1417,0.17211223126442365,0.1718444770168085,0.17211223126442365,0.11445928685470995,0.7641830761043108,0.01673762639701969,0.0
temporal,UNIFORM,0.9,0.05,0.97,0.1,37580,8233,0.2190792974986695,1417,0.17211223126442365,0.1718444770168085,0.17211223126442365,0.11445928685470995,0.7641830761043108,0.01673762639701969,0.0
temporal,UNIFORM,0.9,0.05,0.99,0.01,37580,8233,0.2190792974986695,1417,0.17211223126442365,0.1718444770168085,0.17211223126442365,0.11577700904736564,0.7806546035125067,0.00026609898882384245,0.0
temporal,UNIFORM,0.9,0.05,0.99,0.02,37580,8233,0.2190792974986695,1417,0.17211223126442365,0.1718444770168085,0.17211223126442365,0.11577700904736564,0.7806546035125067,0.00026609898882384245,0.0
temporal,UNIFORM,0.9,0.05,0.99,0.05,37580,8233,0.2190792974986695,1417,0.17211223126442365,0.1718444770168085,0.17211223126442365,0.11577700904736564,0.7806546035125067,0.00026609898882384245,0.0
temporal,UNIFORM,0.9,0.05,0.99,0.1,37580,8233,0.2190792974986695,1417,0.17211223126442365,0.1718444770168085,0.17211223126442365,0.11577700904736564,0.7806546035125067,0.00026609898882384245,0.0
temporal,UNIFORM,0.9,0.1,0.9,0.01,37580,8494,0.2260244811069718,1461,0.17200376736519896,0.1671569330936515,0.17200376736519896,0.1162533262373603,0.7737094199042044,0.00026609898882384245,0.0
temporal,UNIFORM,0.9,0.1,0.9,0.02,37580,8494,0.2260244811069718,1461,0.17200376736519896,0.1671569330936515,0.17200376736519896,0.1162533262373603,0.7737094199042044,0.00026609898882384245,0.0
temporal,UNIFORM,0.9,0.1,0.9,0.05,37580,8494,0.2260244811069718,1461,0.17200376736519896,0.1671569330936515,0.17200376736519896,0.11482703565726453,0.7558807876530069,0.018094731240021287,0.0
temporal,UNIFORM,0.9,0.1,0.9,0.1,37580,8494,0.2260244811069718,1461,0.17200376736519896,0.1671569330936515,0.17200376736519896,0.11482703565726453,0.7558807876530069,0.018094731240021287,0.0
temporal,UNIFORM,0.9,0.1,0.95,0.01,37580,8494,0.2260244811069718,1461,0.17200376736519896,0.1671569330936515,0.17200376736519896,0.1162533262373603,0.7737094199042044,0.00026609898882384245,0.0
temporal,UNIFORM,0.9,0.1,0.95,0.02,37580,8494,0.2260244811069718,1461,0.17200376736519896,0.1671569330936515,0.17200376736519896,0.1162533262373603,0.7737094199042044,0.00026609898882384245,0.0
temporal,UNIFORM,0.9,0.1,0.95,0.05,37580,8494,0.2260244811069718,1461,0.17200376736519896,0.1671569330936515,0.17200376736519896,0.11482703565726453,0.7558807876530069,0.018094731240021287,0.0
temporal,UNIFORM,0.9,0.1,0.95,0.1,37580,8494,0.2260244811069718,1461,0.17200376736519896,0.1671569330936515,0.17200376736519896,0.11482703565726453,0.7558807876530069,0.018094731240021287,0.0
temporal,UNIFORM,0.9,0.1,0.97,0.01,37580,8494,0.2260244811069718,1461,0.17200376736519896,0.1671569330936515,0.17200376736519896,0.1162533262373603,0.7737094199042044,0.00026609898882384245,0.0
temporal,UNIFORM,0.9,0.1,0.97,0.02,37580,8494,0.2260244811069718,1461,0.17200376736519896,0.1671569330936515,0.17200376736519896,0.1162533262373603,0.7737094199042044,0.00026609898882384245,0.0
temporal,UNIFORM,0.9,0.1,0.97,0.05,37580,8494,0.2260244811069718,1461,0.17200376736519896,0.1671569330936515,0.17200376736519896,0.11493560404470465,0.7572378924960085,0.01673762639701969,0.0
temporal,UNIFORM,0.9,0.1,0.97,0.1,37580,8494,0.2260244811069718,1461,0.17200376736519896,0.1671569330936515,0.17200376736519896,0.11493560404470465,0.7572378924960085,0.01673762639701969,0.0
temporal,UNIFORM,0.9,0.1,0.99,0.01,37580,8494,0.2260244811069718,1461,0.17200376736519896,0.1671569330936515,0.17200376736519896,0.1162533262373603,0.7737094199042044,0.00026609898882384245,0.0
temporal,UNIFORM,0.9,0.1,0.99,0.02,37580,8494,0.2260244811069718,1461,0.17200376736519896,0.1671569330936515,0.17200376736519896,0.1162533262373603,0.7737094199042044,0.00026609898882384245,0.0
temporal,UNIFORM,0.9,0.1,0.99,0.05,37580,8494,0.2260244811069718,1461,0.17200376736519896,0.1671569330936515,0.17200376736519896,0.1162533262373603,0.7737094199042044,0.00026609898882384245,0.0
temporal,UNIFORM,0.9,0.1,0.99,0.1,37580,8494,0.2260244811069718,1461,0.17200376736519896,0.1671569330936515,0.17200376736519896,0.1162533262373603,0.7737094199042044,0.00026609898882384245,0.0
temporal,UNIFORM,0.9,0.2,0.9,0.01,37580,8494,0.2260244811069718,1461,0.17200376736519896,0.1671569330936515,0.17200376736519896,0.1162533262373603,0.7737094199042044,0.00026609898882384245,0.0
temporal,UNIFORM,0.9,0.2,0.9,0.02,37580,8494,0.2260244811069718,1461,0.17200376736519896,0.1671569330936515,0.17200376736519896,0.1162533262373603,0.7737094199042044,0.00026609898882384245,0.0
temporal,UNIFORM,0.9,0.2,0.9,0.05,37580,8494,0.2260244811069718,1461,0.17200376736519896,0.1671569330936515,0.17200376736519896,0.11482703565726453,0.7558807876530069,0.018094731240021287,0.0
temporal,UNIFORM,0.9,0.2,0.9,0.1,37580,8494,0.2260244811069718,1461,0.17200376736519896,0.1671569330936515,0.17200376736519896,0.11482703565726453,0.7558807876530069,0.018094731240021287,0.0
temporal,UNIFORM,0.9,0.2,0.95,0.01,37580,8494,0.2260244811069718,1461,0.17200376736519896,0.1671569330936515,0.17200376736519896,0.1162533262373603,0.7737094199042044,0.00026609898882384245,0.0
temporal,UNIFORM,0.9,0.2,0.95,0.02,37580,8494,0.2260244811069718,1461,0.17200376736519896,0.1671569330936515,0.17200376736519896,0.1162533262373603,0.7737094199042044,0.00026609898882384245,0.0
temporal,UNIFORM,0.9,0.2,0.95,0.05,37580,8494,0.2260244811069718,1461,0.17200376736519896,0.1671569330936515,0.17200376736519896,0.11482703565726453,0.7558807876530069,0.018094731240021287,0.0
temporal,UNIFORM,0.9,0.2,0.95,0.1,37580,8494,0.2260244811069718,1461,0.17200376736519896,0.1671569330936515,0.17200376736519896,0.11482703565726453,0.7558807876530069,0.018094731240021287,0.0
temporal,UNIFORM,0.9,0.2,0.97,0.01,37580,8494,0.2260244811069718,1461,0.17200376736519896,0.1671569330936515,0.17200376736519896,0.1162533262373603,0.7737094199042044,0.00026609898882384245,0.0
temporal,UNIFORM,0.9,0.2,0.97,0.02,37580,8494,0.2260244811069718,1461,0.17200376736519896,0.1671569330936515,0.17200376736519896,0.1162533262373603,0.7737094199042044,0.00026609898882384245,0.0
temporal,UNIFORM,0.9,0.2,0.97,0.05,37580,8494,0.2260244811069718,1461,0.17200376736519896,0.1671569330936515,0.17200376736519896,0.11493560404470465,0.7572378924960085,0.01673762639701969,0.0
temporal,UNIFORM,0.9,0.2,0.97,0.1,37580,8494,0.2260244811069718,1461,0.17200376736519896,0.1671569330936515,0.17200376736519896,0.11493560404470465,0.7572378924960085,0.01673762639701969,0.0
temporal,UNIFORM,0.9,0.2,0.99,0.01,37580,8494,0.2260244811069718,1461,0.17200376736519896,0.1671569330936515,0.17200376736519896,0.1162533262373603,0.7737094199042044,0.00026609898882384245,0.0
temporal,UNIFORM,0.9,0.2,0.99,0.02,37580,8494,0.2260244811069718,1461,0.17200376736519896,0.1671569330936515,0.17200376736519896,0.1162533262373603,0.7737094199042044,0.00026609898882384245,0.0
temporal,UNIFORM,0.9,0.2,0.99,0.05,37580,8494,0.2260244811069718,1461,0.17200376736519896,0.1671569330936515,0.17200376736519896,0.1162533262373603,0.7737094199042044,0.00026609898882384245,0.0
temporal,UNIFORM,0.9,0.2,0.99,0.1,37580,8494,0.2260244811069718,1461,0.17200376736519896,0.1671569330936515,0.17200376736519896,0.1162533262373603,0.7737094199042044,0.00026609898882384245,0.0
temporal,UNIFORM,0.95,0.01,0.9,0.01,37580,1222,0.03251729643427355,212,0.1734860883797054,0.1514368059453241,0.1734860883797054,0.1023682810005322,0.9672166045769026,0.00026609898882384245,0.0
temporal,UNIFORM,0.95,0.01,0.9,0.02,37580,1222,0.03251729643427355,212,0.1734860883797054,0.1514368059453241,0.1734860883797054,0.1023682810005322,0.9672166045769026,0.00026609898882384245,0.0
temporal,UNIFORM,0.95,0.01,0.9,0.05,37580,1222,0.03251729643427355,212,0.1734860883797054,0.1514368059453241,0.1734860883797054,0.10094199042043642,0.9493879723257052,0.018094731240021287,0.0
temporal,UNIFORM,0.95,0.01,0.9,0.1,37580,1222,0.03251729643427355,212,0.1734860883797054,0.1514368059453241,0.1734860883797054,0.10094199042043642,0.9493879723257052,0.018094731240021287,0.0
temporal,UNIFORM,0.95,0.01,0.95,0.01,37580,1222,0.03251729643427355,212,0.1734860883797054,0.1514368059453241,0.1734860883797054,0.1023682810005322,0.9672166045769026,0.00026609898882384245,0.0
temporal,UNIFORM,0.95,0.01,0.95,0.02,37580,1222,0.03251729643427355,212,0.1734860883797054,0.1514368059453241,0.1734860883797054,0.1023682810005322,0.9672166045769026,0.00026609898882384245,0.0
temporal,UNIFORM,0.95,0.01,0.95,0.05,37580,1222,0.03251729643427355,212,0.1734860883797054,0.1514368059453241,0.1734860883797054,0.10094199042043642,0.9493879723257052,0.018094731240021287,0.0
temporal,UNIFORM,0.95,0.01,0.95,0.1,37580,1222,0.03251729643427355,212,0.1734860883797054,0.1514368059453241,0.1734860883797054,0.10094199042043642,0.9493879723257052,0.018094731240021287,0.0
temporal,UNIFORM,0.95,0.01,0.97,0.01,37580,1222,0.03251729643427355,212,0.1734860883797054,0.1514368059453241,0.1734860883797054,0.1023682810005322,0.9672166045769026,0.00026609898882384245,0.0
temporal,UNIFORM,0.95,0.01,0.97,0.02,37580,1222,0.03251729643427355,212,0.1734860883797054,0.1514368059453241,0.1734860883797054,0.1023682810005322,0.9672166045769026,0.00026609898882384245,0.0
temporal,UNIFORM,0.95,0.01,0.97,0.05,37580,1222,0.03251729643427355,212,0.1734860883797054,0.1514368059453241,0.1734860883797054,0.10105055880787654,0.9507450771687067,0.01673762639701969,0.0
temporal,UNIFORM,0.95,0.01,0.97,0.1,37580,1222,0.03251729643427355,212,0.1734860883797054,0.1514368059453241,0.1734860883797054,0.10105055880787654,0.9507450771687067,0.01673762639701969,0.0
temporal,UNIFORM,0.95,0.01,0.99,0.01,37580,1222,0.03251729643427355,212,0.1734860883797054,0.1514368059453241,0.1734860883797054,0.1023682810005322,0.9672166045769026,0.00026609898882384245,0.0
temporal,UNIFORM,0.95,0.01,0.99,0.02,37580,1222,0.03251729643427355,212,0.1734860883797054,0.1514368059453241,0.1734860883797054,0.1023682810005322,0.9672166045769026,0.00026609898882384245,0.0
temporal,UNIFORM,0.95,0.01,0.99,0.05,37580,1222,0.03251729643427355,212,0.1734860883797054,0.1514368059453241,0.1734860883797054,0.1023682810005322,0.9672166045769026,0.00026609898882384245,0.0
temporal,UNIFORM,0.95,0.01,0.99,0.1,37580,1222,0.03251729643427355,212,0.1734860883797054,0.1514368059453241,0.1734860883797054,0.1023682810005322,0.9672166045769026,0.00026609898882384245,0.0
temporal,UNIFORM,0.95,0.02,0.9,0.01,37580,2090,0.05561468866418308,366,0.17511961722488037,0.19112655184832023,0.17511961722488037,0.10415646620542843,0.944119212346993,0.00026609898882384245,0.0
temporal,UNIFORM,0.95,0.02,0.9,0.02,37580,2090,0.05561468866418308,366,0.17511961722488037,0.19112655184832023,0.17511961722488037,0.10415646620542843,0.944119212346993,0.00026609898882384245,0.0
temporal,UNIFORM,0.95,0.02,0.9,0.05,37580,2090,0.05561468866418308,366,0.17511961722488037,0.19112655184832023,0.17511961722488037,0.10273017562533264,0.9262905800957957,0.018094731240021287,0.0
temporal,UNIFORM,0.95,0.02,0.9,0.1,37580,2090,0.05561468866418308,366,0.17511961722488037,0.19112655184832023,0.17511961722488037,0.10273017562533264,0.9262905800957957,0.018094731240021287,0.0
temporal,UNIFORM,0.95,0.02,0.95,0.01,37580,2090,0.05561468866418308,366,0.17511961722488037,0.19112655184832023,0.17511961722488037,0.10415646620542843,0.944119212346993,0.00026609898882384245,0.0
temporal,UNIFORM,0.95,0.02,0.95,0.02,37580,2090,0.05561468866418308,366,0.17511961722488037,0.19112655184832023,0.17511961722488037,0.10415646620542843,0.944119212346993,0.00026609898882384245,0.0
temporal,UNIFORM,0.95,0.02,0.95,0.05,37580,2090,0.05561468866418308,366,0.17511961722488037,0.19112655184832023,0.17511961722488037,0.10273017562533264,0.9262905800957957,0.018094731240021287,0.0
temporal,UNIFORM,0.95,0.02,0.95,0.1,37580,2090,0.05561468866418308,366,0.17511961722488037,0.19112655184832023,0.17511961722488037,0.10273017562533264,0.9262905800957957,0.018094731240021287,0.0
temporal,UNIFORM,0.95,0.02,0.97,0.01,37580,2090,0.05561468866418308,366,0.17511961722488037,0.19112655184832023,0.17511961722488037,0.10415646620542843,0.944119212346993,0.00026609898882384245,0.0
temporal,UNIFORM,0.95,0.02,0.97,0.02,37580,2090,0.05561468866418308,366,0.17511961722488037,0.19112655184832023,0.17511961722488037,0.10415646620542843,0.944119212346993,0.00026609898882384245,0.0
temporal,UNIFORM,0.95,0.02,0.97,0.05,37580,2090,0.05561468866418308,366,0.17511961722488037,0.19112655184832023,0.17511961722488037,0.10283874401277276,0.9276476849387972,0.01673762639701969,0.0
temporal,UNIFORM,0.95,0.02,0.97,0.1,37580,2090,0.05561468866418308,366,0.17511961722488037,0.19112655184832023,0.17511961722488037,0.10283874401277276,0.9276476849387972,0.01673762639701969,0.0
temporal,UNIFORM,0.95,0.02,0.99,0.01,37580,2090,0.05561468866418308,366,0.17511961722488037,0.19112655184832023,0.17511961722488037,0.10415646620542843,0.944119212346993,0.00026609898882384245,0.0
temporal,UNIFORM,0.95,0.02,0.99,0.02,37580,2090,0.05561468866418308,366,0.17511961722488037,0.19112655184832023,0.17511961722488037,0.10415646620542843,0.944119212346993,0.00026609898882384245,0.0
temporal,UNIFORM,0.95,0.02,0.99,0.05,37580,2090,0.05561468866418308,366,0.17511961722488037,0.19112655184832023,0.17511961722488037,0.10415646620542843,0.944119212346993,0.00026609898882384245,0.0
temporal,UNIFORM,0.95,0.02,0.99,0.1,37580,2090,0.05561468866418308,366,0.17511961722488037,0.19112655184832023,0.17511961722488037,0.10415646620542843,0.944119212346993,0.00026609898882384245,0.0
temporal,UNIFORM,0.95,0.05,0.9,0.01,37580,8233,0.2190792974986695,1417,0.17211223126442365,0.1718444770168085,0.17211223126442365,0.11577700904736564,0.7806546035125067,0.00026609898882384245,0.0
temporal,UNIFORM,0.95,0.05,0.9,0.02,37580,8233,0.2190792974986695,1417,0.17211223126442365,0.1718444770168085,0.17211223126442365,0.11577700904736564,0.7806546035125067,0.00026609898882384245,0.0
temporal,UNIFORM,0.95,0.05,0.9,0.05,37580,8233,0.2190792974986695,1417,0.17211223126442365,0.1718444770168085,0.17211223126442365,0.11435071846726982,0.7628259712613092,0.018094731240021287,0.0
temporal,UNIFORM,0.95,0.05,0.9,0.1,37580,8233,0.2190792974986695,1417,0.17211223126442365,0.1718444770168085,0.17211223126442365,0.11435071846726982,0.7628259712613092,0.018094731240021287,0.0
temporal,UNIFORM,0.95,0.05,0.95,0.01,37580,8233,0.2190792974986695,1417,0.17211223126442365,0.1718444770168085,0.17211223126442365,0.11577700904736564,0.7806546035125067,0.00026609898882384245,0.0
temporal,UNIFORM,0.95,0.05,0.95,0.02,37580,8233,0.2190792974986695,1417,0.17211223126442365,0.1718444770168085,0.17211223126442365,0.11577700904736564,0.7806546035125067,0.00026609898882384245,0.0
temporal,UNIFORM,0.95,0.05,0.95,0.05,37580,8233,0.2190792974986695,1417,0.17211223126442365,0.1718444770168085,0.17211223126442365,0.11435071846726982,0.7628259712613092,0.018094731240021287,0.0
temporal,UNIFORM,0.95,0.05,0.95,0.1,37580,8233,0.2190792974986695,1417,0.17211223126442365,0.1718444770168085,0.17211223126442365,0.11435071846726982,0.7628259712613092,0.018094731240021287,0.0
temporal,UNIFORM,0.95,0.05,0.97,0.01,37580,8233,0.2190792974986695,1417,0.17211223126442365,0.1718444770168085,0.17211223126442365,0.11577700904736564,0.7806546035125067,0.00026609898882384245,0.0
temporal,UNIFORM,0.95,0.05,0.97,0.02,37580,8233,0.2190792974986695,1417,0.17211223126442365,0.1718444770168085,0.17211223126442365,0.11577700904736564,0.7806546035125067,0.00026609898882384245,0.0
temporal,UNIFORM,0.95,0.05,0.97,0.05,37580,8233,0.2190792974986695,1417,0.17211223126442365,0.1718444770168085,0.17211223126442365,0.11445928685470995,0.7641830761043108,0.01673762639701969,0.0
temporal,UNIFORM,0.95,0.05,0.97,0.1,37580,8233,0.2190792974986695,1417,0.17211223126442365,0.1718444770168085,0.17211223126442365,0.11445928685470995,0.7641830761043108,0.01673762639701969,0.0
temporal,UNIFORM,0.95,0.05,0.99,0.01,37580,8233,0.2190792974986695,1417,0.17211223126442365,0.1718444770168085,0.17211223126442365,0.11577700904736564,0.7806546035125067,0.00026609898882384245,0.0
temporal,UNIFORM,0.95,0.05,0.99,0.02,37580,8233,0.2190792974986695,1417,0.17211223126442365,0.1718444770168085,0.17211223126442365,0.11577700904736564,0.7806546035125067,0.00026609898882384245,0.0
temporal,UNIFORM,0.95,0.05,0.99,0.05,37580,8233,0.2190792974986695,1417,0.17211223126442365,0.1718444770168085,0.17211223126442365,0.11577700904736564,0.7806546035125067,0.00026609898882384245,0.0
temporal,UNIFORM,0.95,0.05,0.99,0.1,37580,8233,0.2190792974986695,1417,0.17211223126442365,0.1718444770168085,0.17211223126442365,0.11577700904736564,0.7806546035125067,0.00026609898882384245,0.0
temporal,UNIFORM,0.95,0.1,0.9,0.01,37580,8233,0.2190792974986695,1417,0.17211223126442365,0.1718444770168085,0.17211223126442365,0.11577700904736564,0.7806546035125067,0.00026609898882384245,0.0
temporal,UNIFORM,0.95,0.1,0.9,0.02,37580,8233,0.2190792974986695,1417,0.17211223126442365,0.1718444770168085,0.17211223126442365,0.11577700904736564,0.7806546035125067,0.00026609898882384245,0.0
temporal,UNIFORM,0.95,0.1,0.9,0.05,37580,8233,0.2190792974986695,1417,0.17211223126442365,0.1718444770168085,0.17211223126442365,0.11435071846726982,0.7628259712613092,0.018094731240021287,0.0
temporal,UNIFORM,0.95,0.1,0.9,0.1,37580,8233,0.2190792974986695,1417,0.17211223126442365,0.1718444770168085,0.17211223126442365,0.11435071846726982,0.7628259712613092,0.018094731240021287,0.0
temporal,UNIFORM,0.95,0.1,0.95,0.01,37580,8233,0.2190792974986695,1417,0.17211223126442365,0.1718444770168085,0.17211223126442365,0.11577700904736564,0.7806546035125067,0.00026609898882384245,0.0
temporal,UNIFORM,0.95,0.1,0.95,0.02,37580,8233,0.2190792974986695,1417,0.17211223126442365,0.1718444770168085,0.17211223126442365,0.11577700904736564,0.7806546035125067,0.00026609898882384245,0.0
temporal,UNIFORM,0.95,0.1,0.95,0.05,37580,8233,0.2190792974986695,1417,0.17211223126442365,0.1718444770168085,0.17211223126442365,0.11435071846726982,0.7628259712613092,0.018094731240021287,0.0
temporal,UNIFORM,0.95,0.1,0.95,0.1,37580,8233,0.2190792974986695,1417,0.17211223126442365,0.1718444770168085,0.17211223126442365,0.11435071846726982,0.7628259712613092,0.018094731240021287,0.0
temporal,UNIFORM,0.95,0.1,0.97,0.01,37580,8233,0.2190792974986695,1417,0.17211223126442365,0.1718444770168085,0.17211223126442365,0.11577700904736564,0.7806546035125067,0.00026609898882384245,0.0
temporal,UNIFORM,0.95,0.1,0.97,0.02,37580,8233,0.2190792974986695,1417,0.17211223126442365,0.1718444770168085,0.17211223126442365,0.11577700904736564,0.7806546035125067,0.00026609898882384245,0.0
temporal,UNIFORM,0.95,0.1,0.97,0.05,37580,8233,0.2190792974986695,1417,0.17211223126442365,0.1718444770168085,0.17211223126442365,0.11445928685470995,0.7641830761043108,0.01673762639701969,0.0
temporal,UNIFORM,0.95,0.1,0.97,0.1,37580,8233,0.2190792974986695,1417,0.17211223126442365,0.1718444770168085,0.17211223126442365,0.11445928685470995,0.7641830761043108,0.01673762639701969,0.0
temporal,UNIFORM,0.95,0.1,0.99,0.01,37580,8233,0.2190792974986695,1417,0.17211223126442365,0.1718444770168085,0.17211223126442365,0.11577700904736564,0.7806546035125067,0.00026609898882384245,0.0
temporal,UNIFORM,0.95,0.1,0.99,0.02,37580,8233,0.2190792974986695,1417,0.17211223126442365,0.1718444770168085,0.17211223126442365,0.11577700904736564,0.7806546035125067,0.00026609898882384245,0.0
temporal,UNIFORM,0.95,0.1,0.99,0.05,37580,8233,0.2190792974986695,1417,0.17211223126442365,0.1718444770168085,0.17211223126442365,0.11577700904736564,0.7806546035125067,0.00026609898882384245,0.0
temporal,UNIFORM,0.95,0.1,0.99,0.1,37580,8233,0.2190792974986695,1417,0.17211223126442365,0.1718444770168085,0.17211223126442365,0.11577700904736564,0.7806546035125067,0.00026609898882384245,0.0
temporal,UNIFORM,0.95,0.2,0.9,0.01,37580,8233,0.2190792974986695,1417,0.17211223126442365,0.1718444770168085,0.17211223126442365,0.11577700904736564,0.7806546035125067,0.00026609898882384245,0.0
temporal,UNIFORM,0.95,0.2,0.9,0.02,37580,8233,0.2190792974986695,1417,0.17211223126442365,0.1718444770168085,0.17211223126442365,0.11577700904736564,0.7806546035125067,0.00026609898882384245,0.0
temporal,UNIFORM,0.95,0.2,0.9,0.05,37580,8233,0.2190792974986695,1417,0.17211223126442365,0.1718444770168085,0.17211223126442365,0.11435071846726982,0.7628259712613092,0.018094731240021287,0.0
temporal,UNIFORM,0.95,0.2,0.9,0.1,37580,8233,0.2190792974986695,1417,0.17211223126442365,0.1718444770168085,0.17211223126442365,0.11435071846726982,0.7628259712613092,0.018094731240021287,0.0
temporal,UNIFORM,0.95,0.2,0.95,0.01,37580,8233,0.2190792974986695,1417,0.17211223126442365,0.1718444770168085,0.17211223126442365,0.11577700904736564,0.7806546035125067,0.00026609898882384245,0.0
temporal,UNIFORM,0.95,0.2,0.95,0.02,37580,8233,0.2190792974986695,1417,0.17211223126442365,0.1718444770168085,0.17211223126442365,0.11577700904736564,0.7806546035125067,0.00026609898882384245,0.0
temporal,UNIFORM,0.95,0.2,0.95,0.05,37580,8233,0.2190792974986695,1417,0.17211223126442365,0.1718444770168085,0.17211223126442365,0.11435071846726982,0.7628259712613092,0.018094731240021287,0.0
temporal,UNIFORM,0.95,0.2,0.95,0.1,37580,8233,0.2190792974986695,1417,0.17211223126442365,0.1718444770168085,0.17211223126442365,0.11435071846726982,0.7628259712613092,0.018094731240021287,0.0
temporal,UNIFORM,0.95,0.2,0.97,0.01,37580,8233,0.2190792974986695,1417,0.17211223126442365,0.1718444770168085,0.17211223126442365,0.11577700904736564,0.7806546035125067,0.00026609898882384245,0.0
temporal,UNIFORM,0.95,0.2,0.97,0.02,37580,8233,0.2190792974986695,1417,0.17211223126442365,0.1718444770168085,0.17211223126442365,0.11577700904736564,0.7806546035125067,0.00026609898882384245,0.0
temporal,UNIFORM,0.95,0.2,0.97,0.05,37580,8233,0.2190792974986695,1417,0.17211223126442365,0.1718444770168085,0.17211223126442365,0.11445928685470995,0.7641830761043108,0.01673762639701969,0.0
temporal,UNIFORM,0.95,0.2,0.97,0.1,37580,8233,0.2190792974986695,1417,0.17211223126442365,0.1718444770168085,0.17211223126442365,0.11445928685470995,0.7641830761043108,0.01673762639701969,0.0
temporal,UNIFORM,0.95,0.2,0.99,0.01,37580,8233,0.2190792974986695,1417,0.17211223126442365,0.1718444770168085,0.17211223126442365,0.11577700904736564,0.7806546035125067,0.00026609898882384245,0.0
temporal,UNIFORM,0.95,0.2,0.99,0.02,37580,8233,0.2190792974986695,1417,0.17211223126442365,0.1718444770168085,0.17211223126442365,0.11577700904736564,0.7806546035125067,0.00026609898882384245,0.0
temporal,UNIFORM,0.95,0.2,0.99,0.05,37580,8233,0.2190792974986695,1417,0.17211223126442365,0.1718444770168085,0.17211223126442365,0.11577700904736564,0.7806546035125067,0.00026609898882384245,0.0
temporal,UNIFORM,0.95,0.2,0.99,0.1,37580,8233,0.2190792974986695,1417,0.17211223126442365,0.1718444770168085,0.17211223126442365,0.11577700904736564,0.7806546035125067,0.00026609898882384245,0.0
temporal,UNIFORM,0.97,0.01,0.9,0.01,37580,1222,0.03251729643427355,212,0.1734860883797054,0.1514368059453241,0.1734860883797054,0.1023682810005322,0.9672166045769026,0.00026609898882384245,0.0
temporal,UNIFORM,0.97,0.01,0.9,0.02,37580,1222,0.03251729643427355,212,0.1734860883797054,0.1514368059453241,0.1734860883797054,0.1023682810005322,0.9672166045769026,0.00026609898882384245,0.0
temporal,UNIFORM,0.97,0.01,0.9,0.05,37580,1222,0.03251729643427355,212,0.1734860883797054,0.1514368059453241,0.1734860883797054,0.10094199042043642,0.9493879723257052,0.018094731240021287,0.0
temporal,UNIFORM,0.97,0.01,0.9,0.1,37580,1222,0.03251729643427355,212,0.1734860883797054,0.1514368059453241,0.1734860883797054,0.10094199042043642,0.9493879723257052,0.018094731240021287,0.0
temporal,UNIFORM,0.97,0.01,0.95,0.01,37580,1222,0.03251729643427355,212,0.1734860883797054,0.1514368059453241,0.1734860883797054,0.1023682810005322,0.9672166045769026,0.00026609898882384245,0.0
temporal,UNIFORM,0.97,0.01,0.95,0.02,37580,1222,0.03251729643427355,212,0.1734860883797054,0.1514368059453241,0.1734860883797054,0.1023682810005322,0.9672166045769026,0.00026609898882384245,0.0
temporal,UNIFORM,0.97,0.01,0.95,0.05,37580,1222,0.03251729643427355,212,0.1734860883797054,0.1514368059453241,0.1734860883797054,0.10094199042043642,0.9493879723257052,0.018094731240021287,0.0
temporal,UNIFORM,0.97,0.01,0.95,0.1,37580,1222,0.03251729643427355,212,0.1734860883797054,0.1514368059453241,0.1734860883797054,0.10094199042043642,0.9493879723257052,0.018094731240021287,0.0
temporal,UNIFORM,0.97,0.01,0.97,0.01,37580,1222,0.03251729643427355,212,0.1734860883797054,0.1514368059453241,0.1734860883797054,0.1023682810005322,0.9672166045769026,0.00026609898882384245,0.0
temporal,UNIFORM,0.97,0.01,0.97,0.02,37580,1222,0.03251729643427355,212,0.1734860883797054,0.1514368059453241,0.1734860883797054,0.1023682810005322,0.9672166045769026,0.00026609898882384245,0.0
temporal,UNIFORM,0.97,0.01,0.97,0.05,37580,1222,0.03251729643427355,212,0.1734860883797054,0.1514368059453241,0.1734860883797054,0.10105055880787654,0.9507450771687067,0.01673762639701969,0.0
temporal,UNIFORM,0.97,0.01,0.97,0.1,37580,1222,0.03251729643427355,212,0.1734860883797054,0.1514368059453241,0.1734860883797054,0.10105055880787654,0.9507450771687067,0.01673762639701969,0.0
temporal,UNIFORM,0.97,0.01,0.99,0.01,37580,1222,0.03251729643427355,212,0.1734860883797054,0.1514368059453241,0.1734860883797054,0.1023682810005322,0.9672166045769026,0.00026609898882384245,0.0
temporal,UNIFORM,0.97,0.01,0.99,0.02,37580,1222,0.03251729643427355,212,0.1734860883797054,0.1514368059453241,0.1734860883797054,0.1023682810005322,0.9672166045769026,0.00026609898882384245,0.0
temporal,UNIFORM,0.97,0.01,0.99,0.05,37580,1222,0.03251729643427355,212,0.1734860883797054,0.1514368059453241,0.1734860883797054,0.1023682810005322,0.9672166045769026,0.00026609898882384245,0.0
temporal,UNIFORM,0.97,0.01,0.99,0.1,37580,1222,0.03251729643427355,212,0.1734860883797054,0.1514368059453241,0.1734860883797054,0.1023682810005322,0.9672166045769026,0.00026609898882384245,0.0
temporal,UNIFORM,0.97,0.02,0.9,0.01,37580,2090,0.05561468866418308,366,0.17511961722488037,0.19112655184832023,0.17511961722488037,0.10415646620542843,0.944119212346993,0.00026609898882384245,0.0
temporal,UNIFORM,0.97,0.02,0.9,0.02,37580,2090,0.05561468866418308,366,0.17511961722488037,0.19112655184832023,0.17511961722488037,0.10415646620542843,0.944119212346993,0.00026609898882384245,0.0
temporal,UNIFORM,0.97,0.02,0.9,0.05,37580,2090,0.05561468866418308,366,0.17511961722488037,0.19112655184832023,0.17511961722488037,0.10273017562533264,0.9262905800957957,0.018094731240021287,0.0
temporal,UNIFORM,0.97,0.02,0.9,0.1,37580,2090,0.05561468866418308,366,0.17511961722488037,0.19112655184832023,0.17511961722488037,0.10273017562533264,0.9262905800957957,0.018094731240021287,0.0
temporal,UNIFORM,0.97,0.02,0.95,0.01,37580,2090,0.05561468866418308,366,0.17511961722488037,0.19112655184832023,0.17511961722488037,0.10415646620542843,0.944119212346993,0.00026609898882384245,0.0
temporal,UNIFORM,0.97,0.02,0.95,0.02,37580,2090,0.05561468866418308,366,0.17511961722488037,0.19112655184832023,0.17511961722488037,0.10415646620542843,0.944119212346993,0.00026609898882384245,0.0
temporal,UNIFORM,0.97,0.02,0.95,0.05,37580,2090,0.05561468866418308,366,0.17511961722488037,0.19112655184832023,0.17511961722488037,0.10273017562533264,0.9262905800957957,0.018094731240021287,0.0
temporal,UNIFORM,0.97,0.02,0.95,0.1,37580,2090,0.05561468866418308,366,0.17511961722488037,0.19112655184832023,0.17511961722488037,0.10273017562533264,0.9262905800957957,0.018094731240021287,0.0
temporal,UNIFORM,0.97,0.02,0.97,0.01,37580,2090,0.05561468866418308,366,0.17511961722488037,0.19112655184832023,0.17511961722488037,0.10415646620542843,0.944119212346993,0.00026609898882384245,0.0
temporal,UNIFORM,0.97,0.02,0.97,0.02,37580,2090,0.05561468866418308,366,0.17511961722488037,0.19112655184832023,0.17511961722488037,0.10415646620542843,0.944119212346993,0.00026609898882384245,0.0
temporal,UNIFORM,0.97,0.02,0.97,0.05,37580,2090,0.05561468866418308,366,0.17511961722488037,0.19112655184832023,0.17511961722488037,0.10283874401277276,0.9276476849387972,0.01673762639701969,0.0
temporal,UNIFORM,0.97,0.02,0.97,0.1,37580,2090,0.05561468866418308,366,0.17511961722488037,0.19112655184832023,0.17511961722488037,0.10283874401277276,0.9276476849387972,0.01673762639701969,0.0
temporal,UNIFORM,0.97,0.02,0.99,0.01,37580,2090,0.05561468866418308,366,0.17511961722488037,0.19112655184832023,0.17511961722488037,0.10415646620542843,0.944119212346993,0.00026609898882384245,0.0
temporal,UNIFORM,0.97,0.02,0.99,0.02,37580,2090,0.05561468866418308,366,0.17511961722488037,0.19112655184832023,0.17511961722488037,0.10415646620542843,0.944119212346993,0.00026609898882384245,0.0
temporal,UNIFORM,0.97,0.02,0.99,0.05,37580,2090,0.05561468866418308,366,0.17511961722488037,0.19112655184832023,0.17511961722488037,0.10415646620542843,0.944119212346993,0.00026609898882384245,0.0
temporal,UNIFORM,0.97,0.02,0.99,0.1,37580,2090,0.05561468866418308,366,0.17511961722488037,0.19112655184832023,0.17511961722488037,0.10415646620542843,0.944119212346993,0.00026609898882384245,0.0
temporal,UNIFORM,0.97,0.05,0.9,0.01,37580,6657,0.17714209686003193,1121,0.16839417154874567,0.15880884381111857,0.16839417154874567,0.11209419904204367,0.8225918041511442,0.00026609898882384245,0.0
temporal,UNIFORM,0.97,0.05,0.9,0.02,37580,6657,0.17714209686003193,1121,0.16839417154874567,0.15880884381111857,0.16839417154874567,0.11209419904204367,0.8225918041511442,0.00026609898882384245,0.0
temporal,UNIFORM,0.97,0.05,0.9,0.05,37580,6657,0.17714209686003193,1121,0.16839417154874567,0.15880884381111857,0.16839417154874567,0.11066790846194786,0.8047631718999467,0.018094731240021287,0.0
temporal,UNIFORM,0.97,0.05,0.9,0.1,37580,6657,0.17714209686003193,1121,0.16839417154874567,0.15880884381111857,0.16839417154874567,0.11066790846194786,0.8047631718999467,0.018094731240021287,0.0
temporal,UNIFORM,0.97,0.05,0.95,0.01,37580,6657,0.17714209686003193,1121,0.16839417154874567,0.15880884381111857,0.16839417154874567,0.11209419904204367,0.8225918041511442,0.00026609898882384245,0.0
temporal,UNIFORM,0.97,0.05,0.95,0.02,37580,6657,0.17714209686003193,1121,0.16839417154874567,0.15880884381111857,0.16839417154874567,0.11209419904204367,0.8225918041511442,0.00026609898882384245,0.0
temporal,UNIFORM,0.97,0.05,0.95,0.05,37580,6657,0.17714209686003193,1121,0.16839417154874567,0.15880884381111857,0.16839417154874567,0.11066790846194786,0.8047631718999467,0.018094731240021287,0.0
temporal,UNIFORM,0.97,0.05,0.95,0.1,37580,6657,0.17714209686003193,1121,0.16839417154874567,0.15880884381111857,0.16839417154874567,0.11066790846194786,0.8047631718999467,0.018094731240021287,0.0
temporal,UNIFORM,0.97,0.05,0.97,0.01,37580,6657,0.17714209686003193,1121,0.16839417154874567,0.15880884381111857,0.16839417154874567,0.11209419904204367,0.8225918041511442,0.00026609898882384245,0.0
temporal,UNIFORM,0.97,0.05,0.97,0.02,37580,6657,0.17714209686003193,1121,0.16839417154874567,0.15880884381111857,0.16839417154874567,0.11209419904204367,0.8225918041511442,0.00026609898882384245,0.0
temporal,UNIFORM,0.97,0.05,0.97,0.05,37580,6657,0.17714209686003193,1121,0.16839417154874567,0.15880884381111857,0.16839417154874567,0.11077647684938799,0.8061202767429484,0.01673762639701969,0.0
temporal,UNIFORM,0.97,0.05,0.97,0.1,37580,6657,0.17714209686003193,1121,0.16839417154874567,0.15880884381111857,0.16839417154874567,0.11077647684938799,0.8061202767429484,0.01673762639701969,0.0
temporal,UNIFORM,0.97,0.05,0.99,0.01,37580,6657,0.17714209686003193,1121,0.16839417154874567,0.15880884381111857,0.16839417154874567,0.11209419904204367,0.8225918041511442,0.00026609898882384245,0.0
temporal,UNIFORM,0.97,0.05,0.99,0.02,37580,6657,0.17714209686003193,1121,0.16839417154874567,0.15880884381111857,0.16839417154874567,0.11209419904204367,0.8225918041511442,0.00026609898882384245,0.0
temporal,UNIFORM,0.97,0.05,0.99,0.05,37580,6657,0.17714209686003193,1121,0.16839417154874567,0.15880884381111857,0.16839417154874567,0.11209419904204367,0.8225918041511442,0.00026609898882384245,0.0
temporal,UNIFORM,0.97,0.05,0.99,0.1,37580,6657,0.17714209686003193,1121,0.16839417154874567,0.15880884381111857,0.16839417154874567,0.11209419904204367,0.8225918041511442,0.00026609898882384245,0.0
temporal,UNIFORM,0.97,0.1,0.9,0.01,37580,6657,0.17714209686003193,1121,0.16839417154874567,0.15880884381111857,0.16839417154874567,0.11209419904204367,0.8225918041511442,0.00026609898882384245,0.0
temporal,UNIFORM,0.97,0.1,0.9,0.02,37580,6657,0.17714209686003193,1121,0.16839417154874567,0.15880884381111857,0.16839417154874567,0.11209419904204367,0.8225918041511442,0.00026609898882384245,0.0
temporal,UNIFORM,0.97,0.1,0.9,0.05,37580,6657,0.17714209686003193,1121,0.16839417154874567,0.15880884381111857,0.16839417154874567,0.11066790846194786,0.8047631718999467,0.018094731240021287,0.0
temporal,UNIFORM,0.97,0.1,0.9,0.1,37580,6657,0.17714209686003193,1121,0.16839417154874567,0.15880884381111857,0.16839417154874567,0.11066790846194786,0.8047631718999467,0.018094731240021287,0.0
temporal,UNIFORM,0.97,0.1,0.95,0.01,37580,6657,0.17714209686003193,1121,0.16839417154874567,0.15880884381111857,0.16839417154874567,0.11209419904204367,0.8225918041511442,0.00026609898882384245,0.0
temporal,UNIFORM,0.97,0.1,0.95,0.02,37580,6657,0.17714209686003193,1121,0.16839417154874567,0.15880884381111857,0.16839417154874567,0.11209419904204367,0.8225918041511442,0.00026609898882384245,0.0
temporal,UNIFORM,0.97,0.1,0.95,0.05,37580,6657,0.17714209686003193,1121,0.16839417154874567,0.15880884381111857,0.16839417154874567,0.11066790846194786,0.8047631718999467,0.018094731240021287,0.0
temporal,UNIFORM,0.97,0.1,0.95,0.1,37580,6657,0.17714209686003193,1121,0.16839417154874567,0.15880884381111857,0.16839417154874567,0.11066790846194786,0.8047631718999467,0.018094731240021287,0.0
temporal,UNIFORM,0.97,0.1,0.97,0.01,37580,6657,0.17714209686003193,1121,0.16839417154874567,0.15880884381111857,0.16839417154874567,0.11209419904204367,0.8225918041511442,0.00026609898882384245,0.0
temporal,UNIFORM,0.97,0.1,0.97,0.02,37580,6657,0.17714209686003193,1121,0.16839417154874567,0.15880884381111857,0.16839417154874567,0.11209419904204367,0.8225918041511442,0.00026609898882384245,0.0
temporal,UNIFORM,0.97,0.1,0.97,0.05,37580,6657,0.17714209686003193,1121,0.16839417154874567,0.15880884381111857,0.16839417154874567,0.11077647684938799,0.8061202767429484,0.01673762639701969,0.0
temporal,UNIFORM,0.97,0.1,0.97,0.1,37580,6657,0.17714209686003193,1121,0.16839417154874567,0.15880884381111857,0.16839417154874567,0.11077647684938799,0.8061202767429484,0.01673762639701969,0.0
temporal,UNIFORM,0.97,0.1,0.99,0.01,37580,6657,0.17714209686003193,1121,0.16839417154874567,0.15880884381111857,0.16839417154874567,0.11209419904204367,0.8225918041511442,0.00026609898882384245,0.0
temporal,UNIFORM,0.97,0.1,0.99,0.02,37580,6657,0.17714209686003193,1121,0.16839417154874567,0.15880884381111857,0.16839417154874567,0.11209419904204367,0.8225918041511442,0.00026609898882384245,0.0
temporal,UNIFORM,0.97,0.1,0.99,0.05,37580,6657,0.17714209686003193,1121,0.16839417154874567,0.15880884381111857,0.16839417154874567,0.11209419904204367,0.8225918041511442,0.00026609898882384245,0.0
temporal,UNIFORM,0.97,0.1,0.99,0.1,37580,6657,0.17714209686003193,1121,0.16839417154874567,0.15880884381111857,0.16839417154874567,0.11209419904204367,0.8225918041511442,0.00026609898882384245,0.0
temporal,UNIFORM,0.97,0.2,0.9,0.01,37580,6657,0.17714209686003193,1121,0.16839417154874567,0.15880884381111857,0.16839417154874567,0.11209419904204367,0.8225918041511442,0.00026609898882384245,0.0
temporal,UNIFORM,0.97,0.2,0.9,0.02,37580,6657,0.17714209686003193,1121,0.16839417154874567,0.15880884381111857,0.16839417154874567,0.11209419904204367,0.8225918041511442,0.00026609898882384245,0.0
temporal,UNIFORM,0.97,0.2,0.9,0.05,37580,6657,0.17714209686003193,1121,0.16839417154874567,0.15880884381111857,0.16839417154874567,0.11066790846194786,0.8047631718999467,0.018094731240021287,0.0
temporal,UNIFORM,0.97,0.2,0.9,0.1,37580,6657,0.17714209686003193,1121,0.16839417154874567,0.15880884381111857,0.16839417154874567,0.11066790846194786,0.8047631718999467,0.018094731240021287,0.0
temporal,UNIFORM,0.97,0.2,0.95,0.01,37580,6657,0.17714209686003193,1121,0.16839417154874567,0.15880884381111857,0.16839417154874567,0.11209419904204367,0.8225918041511442,0.00026609898882384245,0.0
temporal,UNIFORM,0.97,0.2,0.95,0.02,37580,6657,0.17714209686003193,1121,0.16839417154874567,0.15880884381111857,0.16839417154874567,0.11209419904204367,0.8225918041511442,0.00026609898882384245,0.0
temporal,UNIFORM,0.97,0.2,0.95,0.05,37580,6657,0.17714209686003193,1121,0.16839417154874567,0.15880884381111857,0.16839417154874567,0.11066790846194786,0.8047631718999467,0.018094731240021287,0.0
temporal,UNIFORM,0.97,0.2,0.95,0.1,37580,6657,0.17714209686003193,1121,0.16839417154874567,0.15880884381111857,0.16839417154874567,0.11066790846194786,0.8047631718999467,0.018094731240021287,0.0
temporal,UNIFORM,0.97,0.2,0.97,0.01,37580,6657,0.17714209686003193,1121,0.16839417154874567,0.15880884381111857,0.16839417154874567,0.11209419904204367,0.8225918041511442,0.00026609898882384245,0.0
temporal,UNIFORM,0.97,0.2,0.97,0.02,37580,6657,0.17714209686003193,1121,0.16839417154874567,0.15880884381111857,0.16839417154874567,0.11209419904204367,0.8225918041511442,0.00026609898882384245,0.0
temporal,UNIFORM,0.97,0.2,0.97,0.05,37580,6657,0.17714209686003193,1121,0.16839417154874567,0.15880884381111857,0.16839417154874567,0.11077647684938799,0.8061202767429484,0.01673762639701969,0.0
temporal,UNIFORM,0.97,0.2,0.97,0.1,37580,6657,0.17714209686003193,1121,0.16839417154874567,0.15880884381111857,0.16839417154874567,0.11077647684938799,0.8061202767429484,0.01673762639701969,0.0
temporal,UNIFORM,0.97,0.2,0.99,0.01,37580,6657,0.17714209686003193,1121,0.16839417154874567,0.15880884381111857,0.16839417154874567,0.11209419904204367,0.8225918041511442,0.00026609898882384245,0.0
temporal,UNIFORM,0.97,0.2,0.99,0.02,37580,6657,0.17714209686003193,1121,0.16839417154874567,0.15880884381111857,0.16839417154874567,0.11209419904204367,0.8225918041511442,0.00026609898882384245,0.0
temporal,UNIFORM,0.97,0.2,0.99,0.05,37580,6657,0.17714209686003193,1121,0.16839417154874567,0.15880884381111857,0.16839417154874567,0.11209419904204367,0.8225918041511442,0.00026609898882384245,0.0
temporal,UNIFORM,0.97,0.2,0.99,0.1,37580,6657,0.17714209686003193,1121,0.16839417154874567,0.15880884381111857,0.16839417154874567,0.11209419904204367,0.8225918041511442,0.00026609898882384245,0.0
temporal,UNIFORM,0.99,0.01,0.9,0.01,37580,1222,0.03251729643427355,212,0.1734860883797054,0.1514368059453241,0.1734860883797054,0.1023682810005322,0.9672166045769026,0.00026609898882384245,0.0
temporal,UNIFORM,0.99,0.01,0.9,0.02,37580,1222,0.03251729643427355,212,0.1734860883797054,0.1514368059453241,0.1734860883797054,0.1023682810005322,0.9672166045769026,0.00026609898882384245,0.0
temporal,UNIFORM,0.99,0.01,0.9,0.05,37580,1222,0.03251729643427355,212,0.1734860883797054,0.1514368059453241,0.1734860883797054,0.10094199042043642,0.9493879723257052,0.018094731240021287,0.0
temporal,UNIFORM,0.99,0.01,0.9,0.1,37580,1222,0.03251729643427355,212,0.1734860883797054,0.1514368059453241,0.1734860883797054,0.10094199042043642,0.9493879723257052,0.018094731240021287,0.0
temporal,UNIFORM,0.99,0.01,0.95,0.01,37580,1222,0.03251729643427355,212,0.1734860883797054,0.1514368059453241,0.1734860883797054,0.1023682810005322,0.9672166045769026,0.00026609898882384245,0.0
temporal,UNIFORM,0.99,0.01,0.95,0.02,37580,1222,0.03251729643427355,212,0.1734860883797054,0.1514368059453241,0.1734860883797054,0.1023682810005322,0.9672166045769026,0.00026609898882384245,0.0
temporal,UNIFORM,0.99,0.01,0.95,0.05,37580,1222,0.03251729643427355,212,0.1734860883797054,0.1514368059453241,0.1734860883797054,0.10094199042043642,0.9493879723257052,0.018094731240021287,0.0
temporal,UNIFORM,0.99,0.01,0.95,0.1,37580,1222,0.03251729643427355,212,0.1734860883797054,0.1514368059453241,0.1734860883797054,0.10094199042043642,0.9493879723257052,0.018094731240021287,0.0
temporal,UNIFORM,0.99,0.01,0.97,0.01,37580,1222,0.03251729643427355,212,0.1734860883797054,0.1514368059453241,0.1734860883797054,0.1023682810005322,0.9672166045769026,0.00026609898882384245,0.0
temporal,UNIFORM,0.99,0.01,0.97,0.02,37580,1222,0.03251729643427355,212,0.1734860883797054,0.1514368059453241,0.1734860883797054,0.1023682810005322,0.9672166045769026,0.00026609898882384245,0.0
temporal,UNIFORM,0.99,0.01,0.97,0.05,37580,1222,0.03251729643427355,212,0.1734860883797054,0.1514368059453241,0.1734860883797054,0.10105055880787654,0.9507450771687067,0.01673762639701969,0.0
temporal,UNIFORM,0.99,0.01,0.97,0.1,37580,1222,0.03251729643427355,212,0.1734860883797054,0.1514368059453241,0.1734860883797054,0.10105055880787654,0.9507450771687067,0.01673762639701969,0.0
temporal,UNIFORM,0.99,0.01,0.99,0.01,37580,1222,0.03251729643427355,212,0.1734860883797054,0.1514368059453241,0.1734860883797054,0.1023682810005322,0.9672166045769026,0.00026609898882384245,0.0
temporal,UNIFORM,0.99,0.01,0.99,0.02,37580,1222,0.03251729643427355,212,0.1734860883797054,0.1514368059453241,0.1734860883797054,0.1023682810005322,0.9672166045769026,0.00026609898882384245,0.0
temporal,UNIFORM,0.99,0.01,0.99,0.05,37580,1222,0.03251729643427355,212,0.1734860883797054,0.1514368059453241,0.1734860883797054,0.1023682810005322,0.9672166045769026,0.00026609898882384245,0.0
temporal,UNIFORM,0.99,0.01,0.99,0.1,37580,1222,0.03251729643427355,212,0.1734860883797054,0.1514368059453241,0.1734860883797054,0.1023682810005322,0.9672166045769026,0.00026609898882384245,0.0
temporal,UNIFORM,0.99,0.02,0.9,0.01,37580,1222,0.03251729643427355,212,0.1734860883797054,0.1514368059453241,0.1734860883797054,0.1023682810005322,0.9672166045769026,0.00026609898882384245,0.0
temporal,UNIFORM,0.99,0.02,0.9,0.02,37580,1222,0.03251729643427355,212,0.1734860883797054,0.1514368059453241,0.1734860883797054,0.1023682810005322,0.9672166045769026,0.00026609898882384245,0.0
temporal,UNIFORM,0.99,0.02,0.9,0.05,37580,1222,0.03251729643427355,212,0.1734860883797054,0.1514368059453241,0.1734860883797054,0.10094199042043642,0.9493879723257052,0.018094731240021287,0.0
temporal,UNIFORM,0.99,0.02,0.9,0.1,37580,1222,0.03251729643427355,212,0.1734860883797054,0.1514368059453241,0.1734860883797054,0.10094199042043642,0.9493879723257052,0.018094731240021287,0.0
temporal,UNIFORM,0.99,0.02,0.95,0.01,37580,1222,0.03251729643427355,212,0.1734860883797054,0.1514368059453241,0.1734860883797054,0.1023682810005322,0.9672166045769026,0.00026609898882384245,0.0
temporal,UNIFORM,0.99,0.02,0.95,0.02,37580,1222,0.03251729643427355,212,0.1734860883797054,0.1514368059453241,0.1734860883797054,0.1023682810005322,0.9672166045769026,0.00026609898882384245,0.0
temporal,UNIFORM,0.99,0.02,0.95,0.05,37580,1222,0.03251729643427355,212,0.1734860883797054,0.1514368059453241,0.1734860883797054,0.10094199042043642,0.9493879723257052,0.018094731240021287,0.0
temporal,UNIFORM,0.99,0.02,0.95,0.1,37580,1222,0.03251729643427355,212,0.1734860883797054,0.1514368059453241,0.1734860883797054,0.10094199042043642,0.9493879723257052,0.018094731240021287,0.0
temporal,UNIFORM,0.99,0.02,0.97,0.01,37580,1222,0.03251729643427355,212,0.1734860883797054,0.1514368059453241,0.1734860883797054,0.1023682810005322,0.9672166045769026,0.00026609898882384245,0.0
temporal,UNIFORM,0.99,0.02,0.97,0.02,37580,1222,0.03251729643427355,212,0.1734860883797054,0.1514368059453241,0.1734860883797054,0.1023682810005322,0.9672166045769026,0.00026609898882384245,0.0
temporal,UNIFORM,0.99,0.02,0.97,0.05,37580,1222,0.03251729643427355,212,0.1734860883797054,0.1514368059453241,0.1734860883797054,0.10105055880787654,0.9507450771687067,0.01673762639701969,0.0
temporal,UNIFORM,0.99,0.02,0.97,0.1,37580,1222,0.03251729643427355,212,0.1734860883797054,0.1514368059453241,0.1734860883797054,0.10105055880787654,0.9507450771687067,0.01673762639701969,0.0
temporal,UNIFORM,0.99,0.02,0.99,0.01,37580,1222,0.03251729643427355,212,0.1734860883797054,0.1514368059453241,0.1734860883797054,0.1023682810005322,0.9672166045769026,0.00026609898882384245,0.0
temporal,UNIFORM,0.99,0.02,0.99,0.02,37580,1222,0.03251729643427355,212,0.1734860883797054,0.1514368059453241,0.1734860883797054,0.1023682810005322,0.9672166045769026,0.00026609898882384245,0.0
temporal,UNIFORM,0.99,0.02,0.99,0.05,37580,1222,0.03251729643427355,212,0.1734860883797054,0.1514368059453241,0.1734860883797054,0.1023682810005322,0.9672166045769026,0.00026609898882384245,0.0
temporal,UNIFORM,0.99,0.02,0.99,0.1,37580,1222,0.03251729643427355,212,0.1734860883797054,0.1514368059453241,0.1734860883797054,0.1023682810005322,0.9672166045769026,0.00026609898882384245,0.0
temporal,UNIFORM,0.99,0.05,0.9,0.01,37580,1222,0.03251729643427355,212,0.1734860883797054,0.1514368059453241,0.1734860883797054,0.1023682810005322,0.9672166045769026,0.00026609898882384245,0.0
temporal,UNIFORM,0.99,0.05,0.9,0.02,37580,1222,0.03251729643427355,212,0.1734860883797054,0.1514368059453241,0.1734860883797054,0.1023682810005322,0.9672166045769026,0.00026609898882384245,0.0
temporal,UNIFORM,0.99,0.05,0.9,0.05,37580,1222,0.03251729643427355,212,0.1734860883797054,0.1514368059453241,0.1734860883797054,0.10094199042043642,0.9493879723257052,0.018094731240021287,0.0
temporal,UNIFORM,0.99,0.05,0.9,0.1,37580,1222,0.03251729643427355,212,0.1734860883797054,0.1514368059453241,0.1734860883797054,0.10094199042043642,0.9493879723257052,0.018094731240021287,0.0
temporal,UNIFORM,0.99,0.05,0.95,0.01,37580,1222,0.03251729643427355,212,0.1734860883797054,0.1514368059453241,0.1734860883797054,0.1023682810005322,0.9672166045769026,0.00026609898882384245,0.0
temporal,UNIFORM,0.99,0.05,0.95,0.02,37580,1222,0.03251729643427355,212,0.1734860883797054,0.1514368059453241,0.1734860883797054,0.1023682810005322,0.9672166045769026,0.00026609898882384245,0.0
temporal,UNIFORM,0.99,0.05,0.95,0.05,37580,1222,0.03251729643427355,212,0.1734860883797054,0.1514368059453241,0.1734860883797054,0.10094199042043642,0.9493879723257052,0.018094731240021287,0.0
temporal,UNIFORM,0.99,0.05,0.95,0.1,37580,1222,0.03251729643427355,212,0.1734860883797054,0.1514368059453241,0.1734860883797054,0.10094199042043642,0.9493879723257052,0.018094731240021287,0.0
temporal,UNIFORM,0.99,0.05,0.97,0.01,37580,1222,0.03251729643427355,212,0.1734860883797054,0.1514368059453241,0.1734860883797054,0.1023682810005322,0.9672166045769026,0.00026609898882384245,0.0
temporal,UNIFORM,0.99,0.05,0.97,0.02,37580,1222,0.03251729643427355,212,0.1734860883797054,0.1514368059453241,0.1734860883797054,0.1023682810005322,0.9672166045769026,0.00026609898882384245,0.0
temporal,UNIFORM,0.99,0.05,0.97,0.05,37580,1222,0.03251729643427355,212,0.1734860883797054,0.1514368059453241,0.1734860883797054,0.10105055880787654,0.9507450771687067,0.01673762639701969,0.0
temporal,UNIFORM,0.99,0.05,0.97,0.1,37580,1222,0.03251729643427355,212,0.1734860883797054,0.1514368059453241,0.1734860883797054,0.10105055880787654,0.9507450771687067,0.01673762639701969,0.0
temporal,UNIFORM,0.99,0.05,0.99,0.01,37580,1222,0.03251729643427355,212,0.1734860883797054,0.1514368059453241,0.1734860883797054,0.1023682810005322,0.9672166045769026,0.00026609898882384245,0.0
temporal,UNIFORM,0.99,0.05,0.99,0.02,37580,1222,0.03251729643427355,212,0.1734860883797054,0.1514368059453241,0.1734860883797054,0.1023682810005322,0.9672166045769026,0.00026609898882384245,0.0
temporal,UNIFORM,0.99,0.05,0.99,0.05,37580,1222,0.03251729643427355,212,0.1734860883797054,0.1514368059453241,0.1734860883797054,0.1023682810005322,0.9672166045769026,0.00026609898882384245,0.0
temporal,UNIFORM,0.99,0.05,0.99,0.1,37580,1222,0.03251729643427355,212,0.1734860883797054,0.1514368059453241,0.1734860883797054,0.1023682810005322,0.9672166045769026,0.00026609898882384245,0.0
temporal,UNIFORM,0.99,0.1,0.9,0.01,37580,1222,0.03251729643427355,212,0.1734860883797054,0.1514368059453241,0.1734860883797054,0.1023682810005322,0.9672166045769026,0.00026609898882384245,0.0
temporal,UNIFORM,0.99,0.1,0.9,0.02,37580,1222,0.03251729643427355,212,0.1734860883797054,0.1514368059453241,0.1734860883797054,0.1023682810005322,0.9672166045769026,0.00026609898882384245,0.0
temporal,UNIFORM,0.99,0.1,0.9,0.05,37580,1222,0.03251729643427355,212,0.1734860883797054,0.1514368059453241,0.1734860883797054,0.10094199042043642,0.9493879723257052,0.018094731240021287,0.0
temporal,UNIFORM,0.99,0.1,0.9,0.1,37580,1222,0.03251729643427355,212,0.1734860883797054,0.1514368059453241,0.1734860883797054,0.10094199042043642,0.9493879723257052,0.018094731240021287,0.0
temporal,UNIFORM,0.99,0.1,0.95,0.01,37580,1222,0.03251729643427355,212,0.1734860883797054,0.1514368059453241,0.1734860883797054,0.1023682810005322,0.9672166045769026,0.00026609898882384245,0.0
temporal,UNIFORM,0.99,0.1,0.95,0.02,37580,1222,0.03251729643427355,212,0.1734860883797054,0.1514368059453241,0.1734860883797054,0.1023682810005322,0.9672166045769026,0.00026609898882384245,0.0
temporal,UNIFORM,0.99,0.1,0.95,0.05,37580,1222,0.03251729643427355,212,0.1734860883797054,0.1514368059453241,0.1734860883797054,0.10094199042043642,0.9493879723257052,0.018094731240021287,0.0
temporal,UNIFORM,0.99,0.1,0.95,0.1,37580,1222,0.03251729643427355,212,0.1734860883797054,0.1514368059453241,0.1734860883797054,0.10094199042043642,0.9493879723257052,0.018094731240021287,0.0
temporal,UNIFORM,0.99,0.1,0.97,0.01,37580,1222,0.03251729643427355,212,0.1734860883797054,0.1514368059453241,0.1734860883797054,0.1023682810005322,0.9672166045769026,0.00026609898882384245,0.0
temporal,UNIFORM,0.99,0.1,0.97,0.02,37580,1222,0.03251729643427355,212,0.1734860883797054,0.1514368059453241,0.1734860883797054,0.1023682810005322,0.9672166045769026,0.00026609898882384245,0.0
temporal,UNIFORM,0.99,0.1,0.97,0.05,37580,1222,0.03251729643427355,212,0.1734860883797054,0.1514368059453241,0.1734860883797054,0.10105055880787654,0.9507450771687067,0.01673762639701969,0.0
temporal,UNIFORM,0.99,0.1,0.97,0.1,37580,1222,0.03251729643427355,212,0.1734860883797054,0.1514368059453241,0.1734860883797054,0.10105055880787654,0.9507450771687067,0.01673762639701969,0.0
temporal,UNIFORM,0.99,0.1,0.99,0.01,37580,1222,0.03251729643427355,212,0.1734860883797054,0.1514368059453241,0.1734860883797054,0.1023682810005322,0.9672166045769026,0.00026609898882384245,0.0
temporal,UNIFORM,0.99,0.1,0.99,0.02,37580,1222,0.03251729643427355,212,0.1734860883797054,0.1514368059453241,0.1734860883797054,0.1023682810005322,0.9672166045769026,0.00026609898882384245,0.0
temporal,UNIFORM,0.99,0.1,0.99,0.05,37580,1222,0.03251729643427355,212,0.1734860883797054,0.1514368059453241,0.1734860883797054,0.1023682810005322,0.9672166045769026,0.00026609898882384245,0.0
temporal,UNIFORM,0.99,0.1,0.99,0.1,37580,1222,0.03251729643427355,212,0.1734860883797054,0.1514368059453241,0.1734860883797054,0.1023682810005322,0.9672166045769026,0.00026609898882384245,0.0
temporal,UNIFORM,0.99,0.2,0.9,0.01,37580,1222,0.03251729643427355,212,0.1734860883797054,0.1514368059453241,0.1734860883797054,0.1023682810005322,0.9672166045769026,0.00026609898882384245,0.0
temporal,UNIFORM,0.99,0.2,0.9,0.02,37580,1222,0.03251729643427355,212,0.1734860883797054,0.1514368059453241,0.1734860883797054,0.1023682810005322,0.9672166045769026,0.00026609898882384245,0.0
temporal,UNIFORM,0.99,0.2,0.9,0.05,37580,1222,0.03251729643427355,212,0.1734860883797054,0.1514368059453241,0.1734860883797054,0.10094199042043642,0.9493879723257052,0.018094731240021287,0.0
temporal,UNIFORM,0.99,0.2,0.9,0.1,37580,1222,0.03251729643427355,212,0.1734860883797054,0.1514368059453241,0.1734860883797054,0.10094199042043642,0.9493879723257052,0.018094731240021287,0.0
temporal,UNIFORM,0.99,0.2,0.95,0.01,37580,1222,0.03251729643427355,212,0.1734860883797054,0.1514368059453241,0.1734860883797054,0.1023682810005322,0.9672166045769026,0.00026609898882384245,0.0
temporal,UNIFORM,0.99,0.2,0.95,0.02,37580,1222,0.03251729643427355,212,0.1734860883797054,0.1514368059453241,0.1734860883797054,0.1023682810005322,0.9672166045769026,0.00026609898882384245,0.0
temporal,UNIFORM,0.99,0.2,0.95,0.05,37580,1222,0.03251729643427355,212,0.1734860883797054,0.1514368059453241,0.1734860883797054,0.10094199042043642,0.9493879723257052,0.018094731240021287,0.0
temporal,UNIFORM,0.99,0.2,0.95,0.1,37580,1222,0.03251729643427355,212,0.1734860883797054,0.1514368059453241,0.1734860883797054,0.10094199042043642,0.9493879723257052,0.018094731240021287,0.0
temporal,UNIFORM,0.99,0.2,0.97,0.01,37580,1222,0.03251729643427355,212,0.1734860883797054,0.1514368059453241,0.1734860883797054,0.1023682810005322,0.9672166045769026,0.00026609898882384245,0.0
temporal,UNIFORM,0.99,0.2,0.97,0.02,37580,1222,0.03251729643427355,212,0.1734860883797054,0.1514368059453241,0.1734860883797054,0.1023682810005322,0.9672166045769026,0.00026609898882384245,0.0
temporal,UNIFORM,0.99,0.2,0.97,0.05,37580,1222,0.03251729643427355,212,0.1734860883797054,0.1514368059453241,0.1734860883797054,0.10105055880787654,0.9507450771687067,0.01673762639701969,0.0
temporal,UNIFORM,0.99,0.2,0.97,0.1,37580,1222,0.03251729643427355,212,0.1734860883797054,0.1514368059453241,0.1734860883797054,0.10105055880787654,0.9507450771687067,0.01673762639701969,0.0
temporal,UNIFORM,0.99,0.2,0.99,0.01,37580,1222,0.03251729643427355,212,0.1734860883797054,0.1514368059453241,0.1734860883797054,0.1023682810005322,0.9672166045769026,0.00026609898882384245,0.0
temporal,UNIFORM,0.99,0.2,0.99,0.02,37580,1222,0.03251729643427355,212,0.1734860883797054,0.1514368059453241,0.1734860883797054,0.1023682810005322,0.9672166045769026,0.00026609898882384245,0.0
temporal,UNIFORM,0.99,0.2,0.99,0.05,37580,1222,0.03251729643427355,212,0.1734860883797054,0.1514368059453241,0.1734860883797054,0.1023682810005322,0.9672166045769026,0.00026609898882384245,0.0
temporal,UNIFORM,0.99,0.2,0.99,0.1,37580,1222,0.03251729643427355,212,0.1734860883797054,0.1514368059453241,0.1734860883797054,0.1023682810005322,0.9672166045769026,0.00026609898882384245,0.0
temporal,LOG_TRAIN_P50,0.9,0.01,0.9,0.01,37580,1385,0.03685470995210218,236,0.1703971119133574,0.2125567419954064,0.1720557963364561,0.10169371898091961,0.9626130920702501,0.0005321979776476849,0.0
temporal,LOG_TRAIN_P50,0.9,0.01,0.9,0.02,37580,1385,0.03685470995210218,236,0.1703971119133574,0.2125567419954064,0.1720557963364561,0.10118068013046724,0.9562001064395955,0.0069451836083022885,0.0
temporal,LOG_TRAIN_P50,0.9,0.01,0.9,0.05,37580,1385,0.03685470995210218,236,0.1703971119133574,0.2125567419954064,0.1720557963364561,0.1003376785338733,0.9456625864821714,0.01748270356572645,0.0
temporal,LOG_TRAIN_P50,0.9,0.01,0.9,0.1,37580,1385,0.03685470995210218,236,0.1703971119133574,0.2125567419954064,0.1720557963364561,0.10028445873610854,0.9449973390101117,0.018147951037786058,0.0
temporal,LOG_TRAIN_P50,0.9,0.01,0.95,0.01,37580,1385,0.03685470995210218,236,0.1703971119133574,0.2125567419954064,0.1720557963364561,0.10169371898091961,0.9626130920702501,0.0005321979776476849,0.0
temporal,LOG_TRAIN_P50,0.9,0.01,0.95,0.02,37580,1385,0.03685470995210218,236,0.1703971119133574,0.2125567419954064,0.1720557963364561,0.10118068013046724,0.9562001064395955,0.0069451836083022885,0.0
temporal,LOG_TRAIN_P50,0.9,0.01,0.95,0.05,37580,1385,0.03685470995210218,236,0.1703971119133574,0.2125567419954064,0.1720557963364561,0.1003376785338733,0.9456625864821714,0.01748270356572645,0.0
temporal,LOG_TRAIN_P50,0.9,0.01,0.95,0.1,37580,1385,0.03685470995210218,236,0.1703971119133574,0.2125567419954064,0.1720557963364561,0.10028871631992972,0.9450505588078766,0.018094731240021287,0.0
temporal,LOG_TRAIN_P50,0.9,0.01,0.97,0.01,37580,1385,0.03685470995210218,236,0.1703971119133574,0.2125567419954064,0.1720557963364561,0.10169371898091961,0.9626130920702501,0.0005321979776476849,0.0
temporal,LOG_TRAIN_P50,0.9,0.01,0.97,0.02,37580,1385,0.03685470995210218,236,0.1703971119133574,0.2125567419954064,0.1720557963364561,0.10118068013046724,0.9562001064395955,0.0069451836083022885,0.0
temporal,LOG_TRAIN_P50,0.9,0.01,0.97,0.05,37580,1385,0.03685470995210218,236,0.1703971119133574,0.2125567419954064,0.1720557963364561,0.10039728470736986,0.9464076636508781,0.01673762639701969,0.0
temporal,LOG_TRAIN_P50,0.9,0.01,0.97,0.1,37580,1385,0.03685470995210218,236,0.1703971119133574,0.2125567419954064,0.1720557963364561,0.10039728470736986,0.9464076636508781,0.01673762639701969,0.0
temporal,LOG_TRAIN_P50,0.9,0.01,0.99,0.01,37580,1385,0.03685470995210218,236,0.1703971119133574,0.2125567419954064,0.1720557963364561,0.10171500690002552,0.9628791910590739,0.00026609898882384245,0.0
temporal,LOG_TRAIN_P50,0.9,0.01,0.99,0.02,37580,1385,0.03685470995210218,236,0.1703971119133574,0.2125567419954064,0.1720557963364561,0.10171500690002552,0.9628791910590739,0.00026609898882384245,0.0
temporal,LOG_TRAIN_P50,0.9,0.01,0.99,0.05,37580,1385,0.03685470995210218,236,0.1703971119133574,0.2125567419954064,0.1720557963364561,0.10171500690002552,0.9628791910590739,0.00026609898882384245,0.0
temporal,LOG_TRAIN_P50,0.9,0.01,0.99,0.1,37580,1385,0.03685470995210218,236,0.1703971119133574,0.2125567419954064,0.1720557963364561,0.10171500690002552,0.9628791910590739,0.00026609898882384245,0.0
temporal,LOG_TRAIN_P50,0.9,0.02,0.9,0.01,37580,4155,0.11056412985630655,703,0.16919374247894103,0.19263082080934257,0.17245441897284156,0.10568710183620217,0.8889036721660458,0.0005321979776476849,0.0
temporal,LOG_TRAIN_P50,0.9,0.02,0.9,0.02,37580,4155,0.11056412985630655,703,0.16919374247894103,0.19263082080934257,0.17245441897284156,0.1051740629857498,0.8824906865353912,0.0069451836083022885,0.0
temporal,LOG_TRAIN_P50,0.9,0.02,0.9,0.05,37580,4155,0.11056412985630655,703,0.16919374247894103,0.19263082080934257,0.17245441897284156,0.10433106138915588,0.871953166577967,0.01748270356572645,0.0
temporal,LOG_TRAIN_P50,0.9,0.02,0.9,0.1,37580,4155,0.11056412985630655,703,0.16919374247894103,0.19263082080934257,0.17245441897284156,0.1042778415913911,0.8712879191059074,0.018147951037786058,0.0
temporal,LOG_TRAIN_P50,0.9,0.02,0.95,0.01,37580,4155,0.11056412985630655,703,0.16919374247894103,0.19263082080934257,0.17245441897284156,0.10568710183620217,0.8889036721660458,0.0005321979776476849,0.0
temporal,LOG_TRAIN_P50,0.9,0.02,0.95,0.02,37580,4155,0.11056412985630655,703,0.16919374247894103,0.19263082080934257,0.17245441897284156,0.1051740629857498,0.8824906865353912,0.0069451836083022885,0.0
temporal,LOG_TRAIN_P50,0.9,0.02,0.95,0.05,37580,4155,0.11056412985630655,703,0.16919374247894103,0.19263082080934257,0.17245441897284156,0.10433106138915588,0.871953166577967,0.01748270356572645,0.0
temporal,LOG_TRAIN_P50,0.9,0.02,0.95,0.1,37580,4155,0.11056412985630655,703,0.16919374247894103,0.19263082080934257,0.17245441897284156,0.10428209917521229,0.8713411389036722,0.018094731240021287,0.0
temporal,LOG_TRAIN_P50,0.9,0.02,0.97,0.01,37580,4155,0.11056412985630655,703,0.16919374247894103,0.19263082080934257,0.17245441897284156,0.10568710183620217,0.8889036721660458,0.0005321979776476849,0.0
temporal,LOG_TRAIN_P50,0.9,0.02,0.97,0.02,37580,4155,0.11056412985630655,703,0.16919374247894103,0.19263082080934257,0.17245441897284156,0.1051740629857498,0.8824906865353912,0.0069451836083022885,0.0
temporal,LOG_TRAIN_P50,0.9,0.02,0.97,0.05,37580,4155,0.11056412985630655,703,0.16919374247894103,0.19263082080934257,0.17245441897284156,0.10439066756265242,0.8726982437466737,0.01673762639701969,0.0
temporal,LOG_TRAIN_P50,0.9,0.02,0.97,0.1,37580,4155,0.11056412985630655,703,0.16919374247894103,0.19263082080934257,0.17245441897284156,0.10439066756265242,0.8726982437466737,0.01673762639701969,0.0
temporal,LOG_TRAIN_P50,0.9,0.02,0.99,0.01,37580,4155,0.11056412985630655,703,0.16919374247894103,0.19263082080934257,0.17245441897284156,0.1057083897553081,0.8891697711548696,0.00026609898882384245,0.0
temporal,LOG_TRAIN_P50,0.9,0.02,0.99,0.02,37580,4155,0.11056412985630655,703,0.16919374247894103,0.19263082080934257,0.17245441897284156,0.1057083897553081,0.8891697711548696,0.00026609898882384245,0.0
temporal,LOG_TRAIN_P50,0.9,0.02,0.99,0.05,37580,4155,0.11056412985630655,703,0.16919374247894103,0.19263082080934257,0.17245441897284156,0.1057083897553081,0.8891697711548696,0.00026609898882384245,0.0
temporal,LOG_TRAIN_P50,0.9,0.02,0.99,0.1,37580,4155,0.11056412985630655,703,0.16919374247894103,0.19263082080934257,0.17245441897284156,0.1057083897553081,0.8891697711548696,0.00026609898882384245,0.0
temporal,LOG_TRAIN_P50,0.9,0.05,0.9,0.01,37580,7936,0.21117615753060137,1365,0.17200100806451613,0.16021670576113145,0.17279397311496317,0.11549247562700567,0.7882916444917509,0.0005321979776476849,0.0
temporal,LOG_TRAIN_P50,0.9,0.05,0.9,0.02,37580,7936,0.21117615753060137,1365,0.17200100806451613,0.16021670576113145,0.17279397311496317,0.1149794367765533,0.7818786588610963,0.0069451836083022885,0.0
temporal,LOG_TRAIN_P50,0.9,0.05,0.9,0.05,37580,7936,0.21117615753060137,1365,0.17200100806451613,0.16021670576113145,0.17279397311496317,0.11413643517995936,0.7713411389036722,0.01748270356572645,0.0
temporal,LOG_TRAIN_P50,0.9,0.05,0.9,0.1,37580,7936,0.21117615753060137,1365,0.17200100806451613,0.16021670576113145,0.17279397311496317,0.1140832153821946,0.7706758914316125,0.018147951037786058,0.0
temporal,LOG_TRAIN_P50,0.9,0.05,0.95,0.01,37580,7936,0.21117615753060137,1365,0.17200100806451613,0.16021670576113145,0.17279397311496317,0.11549247562700567,0.7882916444917509,0.0005321979776476849,0.0
temporal,LOG_TRAIN_P50,0.9,0.05,0.95,0.02,37580,7936,0.21117615753060137,1365,0.17200100806451613,0.16021670576113145,0.17279397311496317,0.1149794367765533,0.7818786588610963,0.0069451836083022885,0.0
temporal,LOG_TRAIN_P50,0.9,0.05,0.95,0.05,37580,7936,0.21117615753060137,1365,0.17200100806451613,0.16021670576113145,0.17279397311496317,0.11413643517995936,0.7713411389036722,0.01748270356572645,0.0
temporal,LOG_TRAIN_P50,0.9,0.05,0.95,0.1,37580,7936,0.21117615753060137,1365,0.17200100806451613,0.16021670576113145,0.17279397311496317,0.11408747296601578,0.7707291112293774,0.018094731240021287,0.0
temporal,LOG_TRAIN_P50,0.9,0.05,0.97,0.01,37580,7936,0.21117615753060137,1365,0.17200100806451613,0.16021670576113145,0.17279397311496317,0.11549247562700567,0.7882916444917509,0.0005321979776476849,0.0
temporal,LOG_TRAIN_P50,0.9,0.05,0.97,0.02,37580,7936,0.21117615753060137,1365,0.17200100806451613,0.16021670576113145,0.17279397311496317,0.1149794367765533,0.7818786588610963,0.0069451836083022885,0.0
temporal,LOG_TRAIN_P50,0.9,0.05,0.97,0.05,37580,7936,0.21117615753060137,1365,0.17200100806451613,0.16021670576113145,0.17279397311496317,0.1141960413534559,0.7720862160723789,0.01673762639701969,0.0
temporal,LOG_TRAIN_P50,0.9,0.05,0.97,0.1,37580,7936,0.21117615753060137,1365,0.17200100806451613,0.16021670576113145,0.17279397311496317,0.1141960413534559,0.7720862160723789,0.01673762639701969,0.0
temporal,LOG_TRAIN_P50,0.9,0.05,0.99,0.01,37580,7936,0.21117615753060137,1365,0.17200100806451613,0.16021670576113145,0.17279397311496317,0.11551376354611158,0.7885577434805747,0.00026609898882384245,0.0
temporal,LOG_TRAIN_P50,0.9,0.05,0.99,0.02,37580,7936,0.21117615753060137,1365,0.17200100806451613,0.16021670576113145,0.17279397311496317,0.11551376354611158,0.7885577434805747,0.00026609898882384245,0.0
temporal,LOG_TRAIN_P50,0.9,0.05,0.99,0.05,37580,7936,0.21117615753060137,1365,0.17200100806451613,0.16021670576113145,0.17279397311496317,0.11551376354611158,0.7885577434805747,0.00026609898882384245,0.0
temporal,LOG_TRAIN_P50,0.9,0.05,0.99,0.1,37580,7936,0.21117615753060137,1365,0.17200100806451613,0.16021670576113145,0.17279397311496317,0.11551376354611158,0.7885577434805747,0.00026609898882384245,0.0
temporal,LOG_TRAIN_P50,0.9,0.1,0.9,0.01,37580,8432,0.22437466737626396,1453,0.17231973434535106,0.1714088732600149,0.17331876420855252,0.11760529935752115,0.7750931346460883,0.0005321979776476849,0.0
temporal,LOG_TRAIN_P50,0.9,0.1,0.9,0.02,37580,8432,0.22437466737626396,1453,0.17231973434535106,0.1714088732600149,0.17331876420855252,0.1170922605070688,0.7686801490154337,0.0069451836083022885,0.0
temporal,LOG_TRAIN_P50,0.9,0.1,0.9,0.05,37580,8432,0.22437466737626396,1453,0.17231973434535106,0.1714088732600149,0.17331876420855252,0.11624925891047484,0.7581426290580096,0.01748270356572645,0.0
temporal,LOG_TRAIN_P50,0.9,0.1,0.9,0.1,37580,8432,0.22437466737626396,1453,0.17231973434535106,0.1714088732600149,0.17331876420855252,0.11619603911271008,0.75747738158595,0.018147951037786058,0.0
temporal,LOG_TRAIN_P50,0.9,0.1,0.95,0.01,37580,8432,0.22437466737626396,1453,0.17231973434535106,0.1714088732600149,0.17331876420855252,0.11760529935752115,0.7750931346460883,0.0005321979776476849,0.0
temporal,LOG_TRAIN_P50,0.9,0.1,0.95,0.02,37580,8432,0.22437466737626396,1453,0.17231973434535106,0.1714088732600149,0.17331876420855252,0.1170922605070688,0.7686801490154337,0.0069451836083022885,0.0
temporal,LOG_TRAIN_P50,0.9,0.1,0.95,0.05,37580,8432,0.22437466737626396,1453,0.17231973434535106,0.1714088732600149,0.17331876420855252,0.11624925891047484,0.7581426290580096,0.01748270356572645,0.0
temporal,LOG_TRAIN_P50,0.9,0.1,0.95,0.1,37580,8432,0.22437466737626396,1453,0.17231973434535106,0.1714088732600149,0.17331876420855252,0.11620029669653126,0.7575306013837148,0.018094731240021287,0.0
temporal,LOG_TRAIN_P50,0.9,0.1,0.97,0.01,37580,8432,0.22437466737626396,1453,0.17231973434535106,0.1714088732600149,0.17331876420855252,0.11760529935752115,0.7750931346460883,0.0005321979776476849,0.0
temporal,LOG_TRAIN_P50,0.9,0.1,0.97,0.02,37580,8432,0.22437466737626396,1453,0.17231973434535106,0.1714088732600149,0.17331876420855252,0.1170922605070688,0.7686801490154337,0.0069451836083022885,0.0
temporal,LOG_TRAIN_P50,0.9,0.1,0.97,0.05,37580,8432,0.22437466737626396,1453,0.17231973434535106,0.1714088732600149,0.17331876420855252,0.11630886508397138,0.7588877062267163,0.01673762639701969,0.0
temporal,LOG_TRAIN_P50,0.9,0.1,0.97,0.1,37580,8432,0.22437466737626396,1453,0.17231973434535106,0.1714088732600149,0.17331876420855252,0.11630886508397138,0.7588877062267163,0.01673762639701969,0.0
temporal,LOG_TRAIN_P50,0.9,0.1,0.99,0.01,37580,8432,0.22437466737626396,1453,0.17231973434535106,0.1714088732600149,0.17331876420855252,0.11762658727662706,0.7753592336349122,0.00026609898882384245,0.0
temporal,LOG_TRAIN_P50,0.9,0.1,0.99,0.02,37580,8432,0.22437466737626396,1453,0.17231973434535106,0.1714088732600149,0.17331876420855252,0.11762658727662706,0.7753592336349122,0.00026609898882384245,0.0
temporal,LOG_TRAIN_P50,0.9,0.1,0.99,0.05,37580,8432,0.22437466737626396,1453,0.17231973434535106,0.1714088732600149,0.17331876420855252,0.11762658727662706,0.7753592336349122,0.00026609898882384245,0.0
temporal,LOG_TRAIN_P50,0.9,0.1,0.99,0.1,37580,8432,0.22437466737626396,1453,0.17231973434535106,0.1714088732600149,0.17331876420855252,0.11762658727662706,0.7753592336349122,0.00026609898882384245,0.0
temporal,LOG_TRAIN_P50,0.9,0.2,0.9,0.01,37580,8432,0.22437466737626396,1453,0.17231973434535106,0.1714088732600149,0.17331876420855252,0.11760529935752115,0.7750931346460883,0.0005321979776476849,0.0
temporal,LOG_TRAIN_P50,0.9,0.2,0.9,0.02,37580,8432,0.22437466737626396,1453,0.17231973434535106,0.1714088732600149,0.17331876420855252,0.1170922605070688,0.7686801490154337,0.0069451836083022885,0.0
temporal,LOG_TRAIN_P50,0.9,0.2,0.9,0.05,37580,8432,0.22437466737626396,1453,0.17231973434535106,0.1714088732600149,0.17331876420855252,0.11624925891047484,0.7581426290580096,0.01748270356572645,0.0
temporal,LOG_TRAIN_P50,0.9,0.2,0.9,0.1,37580,8432,0.22437466737626396,1453,0.17231973434535106,0.1714088732600149,0.17331876420855252,0.11619603911271008,0.75747738158595,0.018147951037786058,0.0
temporal,LOG_TRAIN_P50,0.9,0.2,0.95,0.01,37580,8432,0.22437466737626396,1453,0.17231973434535106,0.1714088732600149,0.17331876420855252,0.11760529935752115,0.7750931346460883,0.0005321979776476849,0.0
temporal,LOG_TRAIN_P50,0.9,0.2,0.95,0.02,37580,8432,0.22437466737626396,1453,0.17231973434535106,0.1714088732600149,0.17331876420855252,0.1170922605070688,0.7686801490154337,0.0069451836083022885,0.0
temporal,LOG_TRAIN_P50,0.9,0.2,0.95,0.05,37580,8432,0.22437466737626396,1453,0.17231973434535106,0.1714088732600149,0.17331876420855252,0.11624925891047484,0.7581426290580096,0.01748270356572645,0.0
temporal,LOG_TRAIN_P50,0.9,0.2,0.95,0.1,37580,8432,0.22437466737626396,1453,0.17231973434535106,0.1714088732600149,0.17331876420855252,0.11620029669653126,0.7575306013837148,0.018094731240021287,0.0
temporal,LOG_TRAIN_P50,0.9,0.2,0.97,0.01,37580,8432,0.22437466737626396,1453,0.17231973434535106,0.1714088732600149,0.17331876420855252,0.11760529935752115,0.7750931346460883,0.0005321979776476849,0.0
temporal,LOG_TRAIN_P50,0.9,0.2,0.97,0.02,37580,8432,0.22437466737626396,1453,0.17231973434535106,0.1714088732600149,0.17331876420855252,0.1170922605070688,0.7686801490154337,0.0069451836083022885,0.0
temporal,LOG_TRAIN_P50,0.9,0.2,0.97,0.05,37580,8432,0.22437466737626396,1453,0.17231973434535106,0.1714088732600149,0.17331876420855252,0.11630886508397138,0.7588877062267163,0.01673762639701969,0.0
temporal,LOG_TRAIN_P50,0.9,0.2,0.97,0.1,37580,8432,0.22437466737626396,1453,0.17231973434535106,0.1714088732600149,0.17331876420855252,0.11630886508397138,0.7588877062267163,0.01673762639701969,0.0
temporal,LOG_TRAIN_P50,0.9,0.2,0.99,0.01,37580,8432,0.22437466737626396,1453,0.17231973434535106,0.1714088732600149,0.17331876420855252,0.11762658727662706,0.7753592336349122,0.00026609898882384245,0.0
temporal,LOG_TRAIN_P50,0.9,0.2,0.99,0.02,37580,8432,0.22437466737626396,1453,0.17231973434535106,0.1714088732600149,0.17331876420855252,0.11762658727662706,0.7753592336349122,0.00026609898882384245,0.0
temporal,LOG_TRAIN_P50,0.9,0.2,0.99,0.05,37580,8432,0.22437466737626396,1453,0.17231973434535106,0.1714088732600149,0.17331876420855252,0.11762658727662706,0.7753592336349122,0.00026609898882384245,0.0
temporal,LOG_TRAIN_P50,0.9,0.2,0.99,0.1,37580,8432,0.22437466737626396,1453,0.17231973434535106,0.1714088732600149,0.17331876420855252,0.11762658727662706,0.7753592336349122,0.00026609898882384245,0.0
temporal,LOG_TRAIN_P50,0.95,0.01,0.9,0.01,37580,1385,0.03685470995210218,236,0.1703971119133574,0.2125567419954064,0.1720557963364561,0.10169371898091961,0.9626130920702501,0.0005321979776476849,0.0
temporal,LOG_TRAIN_P50,0.95,0.01,0.9,0.02,37580,1385,0.03685470995210218,236,0.1703971119133574,0.2125567419954064,0.1720557963364561,0.10118068013046724,0.9562001064395955,0.0069451836083022885,0.0
temporal,LOG_TRAIN_P50,0.95,0.01,0.9,0.05,37580,1385,0.03685470995210218,236,0.1703971119133574,0.2125567419954064,0.1720557963364561,0.1003376785338733,0.9456625864821714,0.01748270356572645,0.0
temporal,LOG_TRAIN_P50,0.95,0.01,0.9,0.1,37580,1385,0.03685470995210218,236,0.1703971119133574,0.2125567419954064,0.1720557963364561,0.10028445873610854,0.9449973390101117,0.018147951037786058,0.0
temporal,LOG_TRAIN_P50,0.95,0.01,0.95,0.01,37580,1385,0.03685470995210218,236,0.1703971119133574,0.2125567419954064,0.1720557963364561,0.10169371898091961,0.9626130920702501,0.0005321979776476849,0.0
temporal,LOG_TRAIN_P50,0.95,0.01,0.95,0.02,37580,1385,0.03685470995210218,236,0.1703971119133574,0.2125567419954064,0.1720557963364561,0.10118068013046724,0.9562001064395955,0.0069451836083022885,0.0
temporal,LOG_TRAIN_P50,0.95,0.01,0.95,0.05,37580,1385,0.03685470995210218,236,0.1703971119133574,0.2125567419954064,0.1720557963364561,0.1003376785338733,0.9456625864821714,0.01748270356572645,0.0
temporal,LOG_TRAIN_P50,0.95,0.01,0.95,0.1,37580,1385,0.03685470995210218,236,0.1703971119133574,0.2125567419954064,0.1720557963364561,0.10028871631992972,0.9450505588078766,0.018094731240021287,0.0
temporal,LOG_TRAIN_P50,0.95,0.01,0.97,0.01,37580,1385,0.03685470995210218,236,0.1703971119133574,0.2125567419954064,0.1720557963364561,0.10169371898091961,0.9626130920702501,0.0005321979776476849,0.0
temporal,LOG_TRAIN_P50,0.95,0.01,0.97,0.02,37580,1385,0.03685470995210218,236,0.1703971119133574,0.2125567419954064,0.1720557963364561,0.10118068013046724,0.9562001064395955,0.0069451836083022885,0.0
temporal,LOG_TRAIN_P50,0.95,0.01,0.97,0.05,37580,1385,0.03685470995210218,236,0.1703971119133574,0.2125567419954064,0.1720557963364561,0.10039728470736986,0.9464076636508781,0.01673762639701969,0.0
temporal,LOG_TRAIN_P50,0.95,0.01,0.97,0.1,37580,1385,0.03685470995210218,236,0.1703971119133574,0.2125567419954064,0.1720557963364561,0.10039728470736986,0.9464076636508781,0.01673762639701969,0.0
temporal,LOG_TRAIN_P50,0.95,0.01,0.99,0.01,37580,1385,0.03685470995210218,236,0.1703971119133574,0.2125567419954064,0.1720557963364561,0.10171500690002552,0.9628791910590739,0.00026609898882384245,0.0
temporal,LOG_TRAIN_P50,0.95,0.01,0.99,0.02,37580,1385,0.03685470995210218,236,0.1703971119133574,0.2125567419954064,0.1720557963364561,0.10171500690002552,0.9628791910590739,0.00026609898882384245,0.0
temporal,LOG_TRAIN_P50,0.95,0.01,0.99,0.05,37580,1385,0.03685470995210218,236,0.1703971119133574,0.2125567419954064,0.1720557963364561,0.10171500690002552,0.9628791910590739,0.00026609898882384245,0.0
temporal,LOG_TRAIN_P50,0.95,0.01,0.99,0.1,37580,1385,0.03685470995210218,236,0.1703971119133574,0.2125567419954064,0.1720557963364561,0.10171500690002552,0.9628791910590739,0.00026609898882384245,0.0
temporal,LOG_TRAIN_P50,0.95,0.02,0.9,0.01,37580,4155,0.11056412985630655,703,0.16919374247894103,0.19263082080934257,0.17245441897284156,0.10568710183620217,0.8889036721660458,0.0005321979776476849,0.0
temporal,LOG_TRAIN_P50,0.95,0.02,0.9,0.02,37580,4155,0.11056412985630655,703,0.16919374247894103,0.19263082080934257,0.17245441897284156,0.1051740629857498,0.8824906865353912,0.0069451836083022885,0.0
temporal,LOG_TRAIN_P50,0.95,0.02,0.9,0.05,37580,4155,0.11056412985630655,703,0.16919374247894103,0.19263082080934257,0.17245441897284156,0.10433106138915588,0.871953166577967,0.01748270356572645,0.0
temporal,LOG_TRAIN_P50,0.95,0.02,0.9,0.1,37580,4155,0.11056412985630655,703,0.16919374247894103,0.19263082080934257,0.17245441897284156,0.1042778415913911,0.8712879191059074,0.018147951037786058,0.0
temporal,LOG_TRAIN_P50,0.95,0.02,0.95,0.01,37580,4155,0.11056412985630655,703,0.16919374247894103,0.19263082080934257,0.17245441897284156,0.10568710183620217,0.8889036721660458,0.0005321979776476849,0.0
temporal,LOG_TRAIN_P50,0.95,0.02,0.95,0.02,37580,4155,0.11056412985630655,703,0.16919374247894103,0.19263082080934257,0.17245441897284156,0.1051740629857498,0.8824906865353912,0.0069451836083022885,0.0
temporal,LOG_TRAIN_P50,0.95,0.02,0.95,0.05,37580,4155,0.11056412985630655,703,0.16919374247894103,0.19263082080934257,0.17245441897284156,0.10433106138915588,0.871953166577967,0.01748270356572645,0.0
temporal,LOG_TRAIN_P50,0.95,0.02,0.95,0.1,37580,4155,0.11056412985630655,703,0.16919374247894103,0.19263082080934257,0.17245441897284156,0.10428209917521229,0.8713411389036722,0.018094731240021287,0.0
temporal,LOG_TRAIN_P50,0.95,0.02,0.97,0.01,37580,4155,0.11056412985630655,703,0.16919374247894103,0.19263082080934257,0.17245441897284156,0.10568710183620217,0.8889036721660458,0.0005321979776476849,0.0
temporal,LOG_TRAIN_P50,0.95,0.02,0.97,0.02,37580,4155,0.11056412985630655,703,0.16919374247894103,0.19263082080934257,0.17245441897284156,0.1051740629857498,0.8824906865353912,0.0069451836083022885,0.0
temporal,LOG_TRAIN_P50,0.95,0.02,0.97,0.05,37580,4155,0.11056412985630655,703,0.16919374247894103,0.19263082080934257,0.17245441897284156,0.10439066756265242,0.8726982437466737,0.01673762639701969,0.0
temporal,LOG_TRAIN_P50,0.95,0.02,0.97,0.1,37580,4155,0.11056412985630655,703,0.16919374247894103,0.19263082080934257,0.17245441897284156,0.10439066756265242,0.8726982437466737,0.01673762639701969,0.0
temporal,LOG_TRAIN_P50,0.95,0.02,0.99,0.01,37580,4155,0.11056412985630655,703,0.16919374247894103,0.19263082080934257,0.17245441897284156,0.1057083897553081,0.8891697711548696,0.00026609898882384245,0.0
temporal,LOG_TRAIN_P50,0.95,0.02,0.99,0.02,37580,4155,0.11056412985630655,703,0.16919374247894103,0.19263082080934257,0.17245441897284156,0.1057083897553081,0.8891697711548696,0.00026609898882384245,0.0
temporal,LOG_TRAIN_P50,0.95,0.02,0.99,0.05,37580,4155,0.11056412985630655,703,0.16919374247894103,0.19263082080934257,0.17245441897284156,0.1057083897553081,0.8891697711548696,0.00026609898882384245,0.0
temporal,LOG_TRAIN_P50,0.95,0.02,0.99,0.1,37580,4155,0.11056412985630655,703,0.16919374247894103,0.19263082080934257,0.17245441897284156,0.1057083897553081,0.8891697711548696,0.00026609898882384245,0.0
temporal,LOG_TRAIN_P50,0.95,0.05,0.9,0.01,37580,7936,0.21117615753060137,1365,0.17200100806451613,0.16021670576113145,0.17279397311496317,0.11549247562700567,0.7882916444917509,0.0005321979776476849,0.0
temporal,LOG_TRAIN_P50,0.95,0.05,0.9,0.02,37580,7936,0.21117615753060137,1365,0.17200100806451613,0.16021670576113145,0.17279397311496317,0.1149794367765533,0.7818786588610963,0.0069451836083022885,0.0
temporal,LOG_TRAIN_P50,0.95,0.05,0.9,0.05,37580,7936,0.21117615753060137,1365,0.17200100806451613,0.16021670576113145,0.17279397311496317,0.11413643517995936,0.7713411389036722,0.01748270356572645,0.0
temporal,LOG_TRAIN_P50,0.95,0.05,0.9,0.1,37580,7936,0.21117615753060137,1365,0.17200100806451613,0.16021670576113145,0.17279397311496317,0.1140832153821946,0.7706758914316125,0.018147951037786058,0.0
temporal,LOG_TRAIN_P50,0.95,0.05,0.95,0.01,37580,7936,0.21117615753060137,1365,0.17200100806451613,0.16021670576113145,0.17279397311496317,0.11549247562700567,0.7882916444917509,0.0005321979776476849,0.0
temporal,LOG_TRAIN_P50,0.95,0.05,0.95,0.02,37580,7936,0.21117615753060137,1365,0.17200100806451613,0.16021670576113145,0.17279397311496317,0.1149794367765533,0.7818786588610963,0.0069451836083022885,0.0
temporal,LOG_TRAIN_P50,0.95,0.05,0.95,0.05,37580,7936,0.21117615753060137,1365,0.17200100806451613,0.16021670576113145,0.17279397311496317,0.11413643517995936,0.7713411389036722,0.01748270356572645,0.0
temporal,LOG_TRAIN_P50,0.95,0.05,0.95,0.1,37580,7936,0.21117615753060137,1365,0.17200100806451613,0.16021670576113145,0.17279397311496317,0.11408747296601578,0.7707291112293774,0.018094731240021287,0.0
temporal,LOG_TRAIN_P50,0.95,0.05,0.97,0.01,37580,7936,0.21117615753060137,1365,0.17200100806451613,0.16021670576113145,0.17279397311496317,0.11549247562700567,0.7882916444917509,0.0005321979776476849,0.0
temporal,LOG_TRAIN_P50,0.95,0.05,0.97,0.02,37580,7936,0.21117615753060137,1365,0.17200100806451613,0.16021670576113145,0.17279397311496317,0.1149794367765533,0.7818786588610963,0.0069451836083022885,0.0
temporal,LOG_TRAIN_P50,0.95,0.05,0.97,0.05,37580,7936,0.21117615753060137,1365,0.17200100806451613,0.16021670576113145,0.17279397311496317,0.1141960413534559,0.7720862160723789,0.01673762639701969,0.0
temporal,LOG_TRAIN_P50,0.95,0.05,0.97,0.1,37580,7936,0.21117615753060137,1365,0.17200100806451613,0.16021670576113145,0.17279397311496317,0.1141960413534559,0.7720862160723789,0.01673762639701969,0.0
temporal,LOG_TRAIN_P50,0.95,0.05,0.99,0.01,37580,7936,0.21117615753060137,1365,0.17200100806451613,0.16021670576113145,0.17279397311496317,0.11551376354611158,0.7885577434805747,0.00026609898882384245,0.0
temporal,LOG_TRAIN_P50,0.95,0.05,0.99,0.02,37580,7936,0.21117615753060137,1365,0.17200100806451613,0.16021670576113145,0.17279397311496317,0.11551376354611158,0.7885577434805747,0.00026609898882384245,0.0
temporal,LOG_TRAIN_P50,0.95,0.05,0.99,0.05,37580,7936,0.21117615753060137,1365,0.17200100806451613,0.16021670576113145,0.17279397311496317,0.11551376354611158,0.7885577434805747,0.00026609898882384245,0.0
temporal,LOG_TRAIN_P50,0.95,0.05,0.99,0.1,37580,7936,0.21117615753060137,1365,0.17200100806451613,0.16021670576113145,0.17279397311496317,0.11551376354611158,0.7885577434805747,0.00026609898882384245,0.0
temporal,LOG_TRAIN_P50,0.95,0.1,0.9,0.01,37580,8233,0.2190792974986695,1417,0.17211223126442365,0.1718444770168085,0.17309775469720426,0.11690450820857552,0.7803885045236828,0.0005321979776476849,0.0
temporal,LOG_TRAIN_P50,0.95,0.1,0.9,0.02,37580,8233,0.2190792974986695,1417,0.17211223126442365,0.1718444770168085,0.17309775469720426,0.11639146935812315,0.7739755188930282,0.0069451836083022885,0.0
temporal,LOG_TRAIN_P50,0.95,0.1,0.9,0.05,37580,8233,0.2190792974986695,1417,0.17211223126442365,0.1718444770168085,0.17309775469720426,0.11554846776152922,0.763437998935604,0.01748270356572645,0.0
temporal,LOG_TRAIN_P50,0.95,0.1,0.9,0.1,37580,8233,0.2190792974986695,1417,0.17211223126442365,0.1718444770168085,0.17309775469720426,0.11549524796376445,0.7627727514635444,0.018147951037786058,0.0
temporal,LOG_TRAIN_P50,0.95,0.1,0.95,0.01,37580,8233,0.2190792974986695,1417,0.17211223126442365,0.1718444770168085,0.17309775469720426,0.11690450820857552,0.7803885045236828,0.0005321979776476849,0.0
temporal,LOG_TRAIN_P50,0.95,0.1,0.95,0.02,37580,8233,0.2190792974986695,1417,0.17211223126442365,0.1718444770168085,0.17309775469720426,0.11639146935812315,0.7739755188930282,0.0069451836083022885,0.0
temporal,LOG_TRAIN_P50,0.95,0.1,0.95,0.05,37580,8233,0.2190792974986695,1417,0.17211223126442365,0.1718444770168085,0.17309775469720426,0.11554846776152922,0.763437998935604,0.01748270356572645,0.0
temporal,LOG_TRAIN_P50,0.95,0.1,0.95,0.1,37580,8233,0.2190792974986695,1417,0.17211223126442365,0.1718444770168085,0.17309775469720426,0.11549950554758563,0.7628259712613092,0.018094731240021287,0.0
temporal,LOG_TRAIN_P50,0.95,0.1,0.97,0.01,37580,8233,0.2190792974986695,1417,0.17211223126442365,0.1718444770168085,0.17309775469720426,0.11690450820857552,0.7803885045236828,0.0005321979776476849,0.0
temporal,LOG_TRAIN_P50,0.95,0.1,0.97,0.02,37580,8233,0.2190792974986695,1417,0.17211223126442365,0.1718444770168085,0.17309775469720426,0.11639146935812315,0.7739755188930282,0.0069451836083022885,0.0
temporal,LOG_TRAIN_P50,0.95,0.1,0.97,0.05,37580,8233,0.2190792974986695,1417,0.17211223126442365,0.1718444770168085,0.17309775469720426,0.11560807393502576,0.7641830761043108,0.01673762639701969,0.0
temporal,LOG_TRAIN_P50,0.95,0.1,0.97,0.1,37580,8233,0.2190792974986695,1417,0.17211223126442365,0.1718444770168085,0.17309775469720426,0.11560807393502576,0.7641830761043108,0.01673762639701969,0.0
temporal,LOG_TRAIN_P50,0.95,0.1,0.99,0.01,37580,8233,0.2190792974986695,1417,0.17211223126442365,0.1718444770168085,0.17309775469720426,0.11692579612768143,0.7806546035125067,0.00026609898882384245,0.0
temporal,LOG_TRAIN_P50,0.95,0.1,0.99,0.02,37580,8233,0.2190792974986695,1417,0.17211223126442365,0.1718444770168085,0.17309775469720426,0.11692579612768143,0.7806546035125067,0.00026609898882384245,0.0
temporal,LOG_TRAIN_P50,0.95,0.1,0.99,0.05,37580,8233,0.2190792974986695,1417,0.17211223126442365,0.1718444770168085,0.17309775469720426,0.11692579612768143,0.7806546035125067,0.00026609898882384245,0.0
temporal,LOG_TRAIN_P50,0.95,0.1,0.99,0.1,37580,8233,0.2190792974986695,1417,0.17211223126442365,0.1718444770168085,0.17309775469720426,0.11692579612768143,0.7806546035125067,0.00026609898882384245,0.0
temporal,LOG_TRAIN_P50,0.95,0.2,0.9,0.01,37580,8233,0.2190792974986695,1417,0.17211223126442365,0.1718444770168085,0.17309775469720426,0.11690450820857552,0.7803885045236828,0.0005321979776476849,0.0
temporal,LOG_TRAIN_P50,0.95,0.2,0.9,0.02,37580,8233,0.2190792974986695,1417,0.17211223126442365,0.1718444770168085,0.17309775469720426,0.11639146935812315,0.7739755188930282,0.0069451836083022885,0.0
temporal,LOG_TRAIN_P50,0.95,0.2,0.9,0.05,37580,8233,0.2190792974986695,1417,0.17211223126442365,0.1718444770168085,0.17309775469720426,0.11554846776152922,0.763437998935604,0.01748270356572645,0.0
temporal,LOG_TRAIN_P50,0.95,0.2,0.9,0.1,37580,8233,0.2190792974986695,1417,0.17211223126442365,0.1718444770168085,0.17309775469720426,0.11549524796376445,0.7627727514635444,0.018147951037786058,0.0
temporal,LOG_TRAIN_P50,0.95,0.2,0.95,0.01,37580,8233,0.2190792974986695,1417,0.17211223126442365,0.1718444770168085,0.17309775469720426,0.11690450820857552,0.7803885045236828,0.0005321979776476849,0.0
temporal,LOG_TRAIN_P50,0.95,0.2,0.95,0.02,37580,8233,0.2190792974986695,1417,0.17211223126442365,0.1718444770168085,0.17309775469720426,0.11639146935812315,0.7739755188930282,0.0069451836083022885,0.0
temporal,LOG_TRAIN_P50,0.95,0.2,0.95,0.05,37580,8233,0.2190792974986695,1417,0.17211223126442365,0.1718444770168085,0.17309775469720426,0.11554846776152922,0.763437998935604,0.01748270356572645,0.0
temporal,LOG_TRAIN_P50,0.95,0.2,0.95,0.1,37580,8233,0.2190792974986695,1417,0.17211223126442365,0.1718444770168085,0.17309775469720426,0.11549950554758563,0.7628259712613092,0.018094731240021287,0.0
temporal,LOG_TRAIN_P50,0.95,0.2,0.97,0.01,37580,8233,0.2190792974986695,1417,0.17211223126442365,0.1718444770168085,0.17309775469720426,0.11690450820857552,0.7803885045236828,0.0005321979776476849,0.0
temporal,LOG_TRAIN_P50,0.95,0.2,0.97,0.02,37580,8233,0.2190792974986695,1417,0.17211223126442365,0.1718444770168085,0.17309775469720426,0.11639146935812315,0.7739755188930282,0.0069451836083022885,0.0
temporal,LOG_TRAIN_P50,0.95,0.2,0.97,0.05,37580,8233,0.2190792974986695,1417,0.17211223126442365,0.1718444770168085,0.17309775469720426,0.11560807393502576,0.7641830761043108,0.01673762639701969,0.0
temporal,LOG_TRAIN_P50,0.95,0.2,0.97,0.1,37580,8233,0.2190792974986695,1417,0.17211223126442365,0.1718444770168085,0.17309775469720426,0.11560807393502576,0.7641830761043108,0.01673762639701969,0.0
temporal,LOG_TRAIN_P50,0.95,0.2,0.99,0.01,37580,8233,0.2190792974986695,1417,0.17211223126442365,0.1718444770168085,0.17309775469720426,0.11692579612768143,0.7806546035125067,0.00026609898882384245,0.0
temporal,LOG_TRAIN_P50,0.95,0.2,0.99,0.02,37580,8233,0.2190792974986695,1417,0.17211223126442365,0.1718444770168085,0.17309775469720426,0.11692579612768143,0.7806546035125067,0.00026609898882384245,0.0
temporal,LOG_TRAIN_P50,0.95,0.2,0.99,0.05,37580,8233,0.2190792974986695,1417,0.17211223126442365,0.1718444770168085,0.17309775469720426,0.11692579612768143,0.7806546035125067,0.00026609898882384245,0.0
temporal,LOG_TRAIN_P50,0.95,0.2,0.99,0.1,37580,8233,0.2190792974986695,1417,0.17211223126442365,0.1718444770168085,0.17309775469720426,0.11692579612768143,0.7806546035125067,0.00026609898882384245,0.0
temporal,LOG_TRAIN_P50,0.97,0.01,0.9,0.01,37580,1385,0.03685470995210218,236,0.1703971119133574,0.2125567419954064,0.1720557963364561,0.10169371898091961,0.9626130920702501,0.0005321979776476849,0.0
temporal,LOG_TRAIN_P50,0.97,0.01,0.9,0.02,37580,1385,0.03685470995210218,236,0.1703971119133574,0.2125567419954064,0.1720557963364561,0.10118068013046724,0.9562001064395955,0.0069451836083022885,0.0
temporal,LOG_TRAIN_P50,0.97,0.01,0.9,0.05,37580,1385,0.03685470995210218,236,0.1703971119133574,0.2125567419954064,0.1720557963364561,0.1003376785338733,0.9456625864821714,0.01748270356572645,0.0
temporal,LOG_TRAIN_P50,0.97,0.01,0.9,0.1,37580,1385,0.03685470995210218,236,0.1703971119133574,0.2125567419954064,0.1720557963364561,0.10028445873610854,0.9449973390101117,0.018147951037786058,0.0
temporal,LOG_TRAIN_P50,0.97,0.01,0.95,0.01,37580,1385,0.03685470995210218,236,0.1703971119133574,0.2125567419954064,0.1720557963364561,0.10169371898091961,0.9626130920702501,0.0005321979776476849,0.0
temporal,LOG_TRAIN_P50,0.97,0.01,0.95,0.02,37580,1385,0.03685470995210218,236,0.1703971119133574,0.2125567419954064,0.1720557963364561,0.10118068013046724,0.9562001064395955,0.0069451836083022885,0.0
temporal,LOG_TRAIN_P50,0.97,0.01,0.95,0.05,37580,1385,0.03685470995210218,236,0.1703971119133574,0.2125567419954064,0.1720557963364561,0.1003376785338733,0.9456625864821714,0.01748270356572645,0.0
temporal,LOG_TRAIN_P50,0.97,0.01,0.95,0.1,37580,1385,0.03685470995210218,236,0.1703971119133574,0.2125567419954064,0.1720557963364561,0.10028871631992972,0.9450505588078766,0.018094731240021287,0.0
temporal,LOG_TRAIN_P50,0.97,0.01,0.97,0.01,37580,1385,0.03685470995210218,236,0.1703971119133574,0.2125567419954064,0.1720557963364561,0.10169371898091961,0.9626130920702501,0.0005321979776476849,0.0
temporal,LOG_TRAIN_P50,0.97,0.01,0.97,0.02,37580,1385,0.03685470995210218,236,0.1703971119133574,0.2125567419954064,0.1720557963364561,0.10118068013046724,0.9562001064395955,0.0069451836083022885,0.0
temporal,LOG_TRAIN_P50,0.97,0.01,0.97,0.05,37580,1385,0.03685470995210218,236,0.1703971119133574,0.2125567419954064,0.1720557963364561,0.10039728470736986,0.9464076636508781,0.01673762639701969,0.0
temporal,LOG_TRAIN_P50,0.97,0.01,0.97,0.1,37580,1385,0.03685470995210218,236,0.1703971119133574,0.2125567419954064,0.1720557963364561,0.10039728470736986,0.9464076636508781,0.01673762639701969,0.0
temporal,LOG_TRAIN_P50,0.97,0.01,0.99,0.01,37580,1385,0.03685470995210218,236,0.1703971119133574,0.2125567419954064,0.1720557963364561,0.10171500690002552,0.9628791910590739,0.00026609898882384245,0.0
temporal,LOG_TRAIN_P50,0.97,0.01,0.99,0.02,37580,1385,0.03685470995210218,236,0.1703971119133574,0.2125567419954064,0.1720557963364561,0.10171500690002552,0.9628791910590739,0.00026609898882384245,0.0
temporal,LOG_TRAIN_P50,0.97,0.01,0.99,0.05,37580,1385,0.03685470995210218,236,0.1703971119133574,0.2125567419954064,0.1720557963364561,0.10171500690002552,0.9628791910590739,0.00026609898882384245,0.0
temporal,LOG_TRAIN_P50,0.97,0.01,0.99,0.1,37580,1385,0.03685470995210218,236,0.1703971119133574,0.2125567419954064,0.1720557963364561,0.10171500690002552,0.9628791910590739,0.00026609898882384245,0.0
temporal,LOG_TRAIN_P50,0.97,0.02,0.9,0.01,37580,4101,0.1091271953166578,698,0.17020238966105827,0.19266909169304738,0.17309105019065088,0.10576385399695128,0.8903406067056945,0.0005321979776476849,0.0
temporal,LOG_TRAIN_P50,0.97,0.02,0.9,0.02,37580,4101,0.1091271953166578,698,0.17020238966105827,0.19266909169304738,0.17309105019065088,0.10525081514649891,0.8839276210750399,0.0069451836083022885,0.0
temporal,LOG_TRAIN_P50,0.97,0.02,0.9,0.05,37580,4101,0.1091271953166578,698,0.17020238966105827,0.19266909169304738,0.17309105019065088,0.10440781354990497,0.8733901011176157,0.01748270356572645,0.0
temporal,LOG_TRAIN_P50,0.97,0.02,0.9,0.1,37580,4101,0.1091271953166578,698,0.17020238966105827,0.19266909169304738,0.17309105019065088,0.1043545937521402,0.8727248536455562,0.018147951037786058,0.0
temporal,LOG_TRAIN_P50,0.97,0.02,0.95,0.01,37580,4101,0.1091271953166578,698,0.17020238966105827,0.19266909169304738,0.17309105019065088,0.10576385399695128,0.8903406067056945,0.0005321979776476849,0.0
temporal,LOG_TRAIN_P50,0.97,0.02,0.95,0.02,37580,4101,0.1091271953166578,698,0.17020238966105827,0.19266909169304738,0.17309105019065088,0.10525081514649891,0.8839276210750399,0.0069451836083022885,0.0
temporal,LOG_TRAIN_P50,0.97,0.02,0.95,0.05,37580,4101,0.1091271953166578,698,0.17020238966105827,0.19266909169304738,0.17309105019065088,0.10440781354990497,0.8733901011176157,0.01748270356572645,0.0
temporal,LOG_TRAIN_P50,0.97,0.02,0.95,0.1,37580,4101,0.1091271953166578,698,0.17020238966105827,0.19266909169304738,0.17309105019065088,0.10435885133596139,0.8727780734433209,0.018094731240021287,0.0
temporal,LOG_TRAIN_P50,0.97,0.02,0.97,0.01,37580,4101,0.1091271953166578,698,0.17020238966105827,0.19266909169304738,0.17309105019065088,0.10576385399695128,0.8903406067056945,0.0005321979776476849,0.0
temporal,LOG_TRAIN_P50,0.97,0.02,0.97,0.02,37580,4101,0.1091271953166578,698,0.17020238966105827,0.19266909169304738,0.17309105019065088,0.10525081514649891,0.8839276210750399,0.0069451836083022885,0.0
temporal,LOG_TRAIN_P50,0.97,0.02,0.97,0.05,37580,4101,0.1091271953166578,698,0.17020238966105827,0.19266909169304738,0.17309105019065088,0.10446741972340151,0.8741351782863225,0.01673762639701969,0.0
temporal,LOG_TRAIN_P50,0.97,0.02,0.97,0.1,37580,4101,0.1091271953166578,698,0.17020238966105827,0.19266909169304738,0.17309105019065088,0.10446741972340151,0.8741351782863225,0.01673762639701969,0.0
temporal,LOG_TRAIN_P50,0.97,0.02,0.99,0.01,37580,4101,0.1091271953166578,698,0.17020238966105827,0.19266909169304738,0.17309105019065088,0.10578514191605717,0.8906067056945184,0.00026609898882384245,0.0
temporal,LOG_TRAIN_P50,0.97,0.02,0.99,0.02,37580,4101,0.1091271953166578,698,0.17020238966105827,0.19266909169304738,0.17309105019065088,0.10578514191605717,0.8906067056945184,0.00026609898882384245,0.0
temporal,LOG_TRAIN_P50,0.97,0.02,0.99,0.05,37580,4101,0.1091271953166578,698,0.17020238966105827,0.19266909169304738,0.17309105019065088,0.10578514191605717,0.8906067056945184,0.00026609898882384245,0.0
temporal,LOG_TRAIN_P50,0.97,0.02,0.99,0.1,37580,4101,0.1091271953166578,698,0.17020238966105827,0.19266909169304738,0.17309105019065088,0.10578514191605717,0.8906067056945184,0.00026609898882384245,0.0
temporal,LOG_TRAIN_P50,0.97,0.05,0.9,0.01,37580,6657,0.17714209686003193,1121,0.16839417154874567,0.15880884381111857,0.16963322211349682,0.11244137652027104,0.8223257051623204,0.0005321979776476849,0.0
temporal,LOG_TRAIN_P50,0.97,0.05,0.9,0.02,37580,6657,0.17714209686003193,1121,0.16839417154874567,0.15880884381111857,0.16963322211349682,0.11192833766981869,0.8159127195316658,0.0069451836083022885,0.0
temporal,LOG_TRAIN_P50,0.97,0.05,0.9,0.05,37580,6657,0.17714209686003193,1121,0.16839417154874567,0.15880884381111857,0.16963322211349682,0.11108533607322475,0.8053751995742416,0.01748270356572645,0.0
temporal,LOG_TRAIN_P50,0.97,0.05,0.9,0.1,37580,6657,0.17714209686003193,1121,0.16839417154874567,0.15880884381111857,0.16963322211349682,0.11103211627545997,0.804709952102182,0.018147951037786058,0.0
temporal,LOG_TRAIN_P50,0.97,0.05,0.95,0.01,37580,6657,0.17714209686003193,1121,0.16839417154874567,0.15880884381111857,0.16963322211349682,0.11244137652027104,0.8223257051623204,0.0005321979776476849,0.0
temporal,LOG_TRAIN_P50,0.97,0.05,0.95,0.02,37580,6657,0.17714209686003193,1121,0.16839417154874567,0.15880884381111857,0.16963322211349682,0.11192833766981869,0.8159127195316658,0.0069451836083022885,0.0
temporal,LOG_TRAIN_P50,0.97,0.05,0.95,0.05,37580,6657,0.17714209686003193,1121,0.16839417154874567,0.15880884381111857,0.16963322211349682,0.11108533607322475,0.8053751995742416,0.01748270356572645,0.0
temporal,LOG_TRAIN_P50,0.97,0.05,0.95,0.1,37580,6657,0.17714209686003193,1121,0.16839417154874567,0.15880884381111857,0.16963322211349682,0.11103637385928115,0.8047631718999467,0.018094731240021287,0.0
temporal,LOG_TRAIN_P50,0.97,0.05,0.97,0.01,37580,6657,0.17714209686003193,1121,0.16839417154874567,0.15880884381111857,0.16963322211349682,0.11244137652027104,0.8223257051623204,0.0005321979776476849,0.0
temporal,LOG_TRAIN_P50,0.97,0.05,0.97,0.02,37580,6657,0.17714209686003193,1121,0.16839417154874567,0.15880884381111857,0.16963322211349682,0.11192833766981869,0.8159127195316658,0.0069451836083022885,0.0
temporal,LOG_TRAIN_P50,0.97,0.05,0.97,0.05,37580,6657,0.17714209686003193,1121,0.16839417154874567,0.15880884381111857,0.16963322211349682,0.11114494224672128,0.8061202767429484,0.01673762639701969,0.0
temporal,LOG_TRAIN_P50,0.97,0.05,0.97,0.1,37580,6657,0.17714209686003193,1121,0.16839417154874567,0.15880884381111857,0.16963322211349682,0.11114494224672128,0.8061202767429484,0.01673762639701969,0.0
temporal,LOG_TRAIN_P50,0.97,0.05,0.99,0.01,37580,6657,0.17714209686003193,1121,0.16839417154874567,0.15880884381111857,0.16963322211349682,0.11246266443937696,0.8225918041511442,0.00026609898882384245,0.0
temporal,LOG_TRAIN_P50,0.97,0.05,0.99,0.02,37580,6657,0.17714209686003193,1121,0.16839417154874567,0.15880884381111857,0.16963322211349682,0.11246266443937696,0.8225918041511442,0.00026609898882384245,0.0
temporal,LOG_TRAIN_P50,0.97,0.05,0.99,0.05,37580,6657,0.17714209686003193,1121,0.16839417154874567,0.15880884381111857,0.16963322211349682,0.11246266443937696,0.8225918041511442,0.00026609898882384245,0.0
temporal,LOG_TRAIN_P50,0.97,0.05,0.99,0.1,37580,6657,0.17714209686003193,1121,0.16839417154874567,0.15880884381111857,0.16963322211349682,0.11246266443937696,0.8225918041511442,0.00026609898882384245,0.0
temporal,LOG_TRAIN_P50,0.97,0.1,0.9,0.01,37580,6657,0.17714209686003193,1121,0.16839417154874567,0.15880884381111857,0.16963322211349682,0.11244137652027104,0.8223257051623204,0.0005321979776476849,0.0
temporal,LOG_TRAIN_P50,0.97,0.1,0.9,0.02,37580,6657,0.17714209686003193,1121,0.16839417154874567,0.15880884381111857,0.16963322211349682,0.11192833766981869,0.8159127195316658,0.0069451836083022885,0.0
temporal,LOG_TRAIN_P50,0.97,0.1,0.9,0.05,37580,6657,0.17714209686003193,1121,0.16839417154874567,0.15880884381111857,0.16963322211349682,0.11108533607322475,0.8053751995742416,0.01748270356572645,0.0
temporal,LOG_TRAIN_P50,0.97,0.1,0.9,0.1,37580,6657,0.17714209686003193,1121,0.16839417154874567,0.15880884381111857,0.16963322211349682,0.11103211627545997,0.804709952102182,0.018147951037786058,0.0
temporal,LOG_TRAIN_P50,0.97,0.1,0.95,0.01,37580,6657,0.17714209686003193,1121,0.16839417154874567,0.15880884381111857,0.16963322211349682,0.11244137652027104,0.8223257051623204,0.0005321979776476849,0.0
temporal,LOG_TRAIN_P50,0.97,0.1,0.95,0.02,37580,6657,0.17714209686003193,1121,0.16839417154874567,0.15880884381111857,0.16963322211349682,0.11192833766981869,0.8159127195316658,0.0069451836083022885,0.0
temporal,LOG_TRAIN_P50,0.97,0.1,0.95,0.05,37580,6657,0.17714209686003193,1121,0.16839417154874567,0.15880884381111857,0.16963322211349682,0.11108533607322475,0.8053751995742416,0.01748270356572645,0.0
temporal,LOG_TRAIN_P50,0.97,0.1,0.95,0.1,37580,6657,0.17714209686003193,1121,0.16839417154874567,0.15880884381111857,0.16963322211349682,0.11103637385928115,0.8047631718999467,0.018094731240021287,0.0
temporal,LOG_TRAIN_P50,0.97,0.1,0.97,0.01,37580,6657,0.17714209686003193,1121,0.16839417154874567,0.15880884381111857,0.16963322211349682,0.11244137652027104,0.8223257051623204,0.0005321979776476849,0.0
temporal,LOG_TRAIN_P50,0.97,0.1,0.97,0.02,37580,6657,0.17714209686003193,1121,0.16839417154874567,0.15880884381111857,0.16963322211349682,0.11192833766981869,0.8159127195316658,0.0069451836083022885,0.0
temporal,LOG_TRAIN_P50,0.97,0.1,0.97,0.05,37580,6657,0.17714209686003193,1121,0.16839417154874567,0.15880884381111857,0.16963322211349682,0.11114494224672128,0.8061202767429484,0.01673762639701969,0.0
temporal,LOG_TRAIN_P50,0.97,0.1,0.97,0.1,37580,6657,0.17714209686003193,1121,0.16839417154874567,0.15880884381111857,0.16963322211349682,0.11114494224672128,0.8061202767429484,0.01673762639701969,0.0
temporal,LOG_TRAIN_P50,0.97,0.1,0.99,0.01,37580,6657,0.17714209686003193,1121,0.16839417154874567,0.15880884381111857,0.16963322211349682,0.11246266443937696,0.8225918041511442,0.00026609898882384245,0.0
temporal,LOG_TRAIN_P50,0.97,0.1,0.99,0.02,37580,6657,0.17714209686003193,1121,0.16839417154874567,0.15880884381111857,0.16963322211349682,0.11246266443937696,0.8225918041511442,0.00026609898882384245,0.0
temporal,LOG_TRAIN_P50,0.97,0.1,0.99,0.05,37580,6657,0.17714209686003193,1121,0.16839417154874567,0.15880884381111857,0.16963322211349682,0.11246266443937696,0.8225918041511442,0.00026609898882384245,0.0
temporal,LOG_TRAIN_P50,0.97,0.1,0.99,0.1,37580,6657,0.17714209686003193,1121,0.16839417154874567,0.15880884381111857,0.16963322211349682,0.11246266443937696,0.8225918041511442,0.00026609898882384245,0.0
temporal,LOG_TRAIN_P50,0.97,0.2,0.9,0.01,37580,6657,0.17714209686003193,1121,0.16839417154874567,0.15880884381111857,0.16963322211349682,0.11244137652027104,0.8223257051623204,0.0005321979776476849,0.0
temporal,LOG_TRAIN_P50,0.97,0.2,0.9,0.02,37580,6657,0.17714209686003193,1121,0.16839417154874567,0.15880884381111857,0.16963322211349682,0.11192833766981869,0.8159127195316658,0.0069451836083022885,0.0
temporal,LOG_TRAIN_P50,0.97,0.2,0.9,0.05,37580,6657,0.17714209686003193,1121,0.16839417154874567,0.15880884381111857,0.16963322211349682,0.11108533607322475,0.8053751995742416,0.01748270356572645,0.0
temporal,LOG_TRAIN_P50,0.97,0.2,0.9,0.1,37580,6657,0.17714209686003193,1121,0.16839417154874567,0.15880884381111857,0.16963322211349682,0.11103211627545997,0.804709952102182,0.018147951037786058,0.0
temporal,LOG_TRAIN_P50,0.97,0.2,0.95,0.01,37580,6657,0.17714209686003193,1121,0.16839417154874567,0.15880884381111857,0.16963322211349682,0.11244137652027104,0.8223257051623204,0.0005321979776476849,0.0
temporal,LOG_TRAIN_P50,0.97,0.2,0.95,0.02,37580,6657,0.17714209686003193,1121,0.16839417154874567,0.15880884381111857,0.16963322211349682,0.11192833766981869,0.8159127195316658,0.0069451836083022885,0.0
temporal,LOG_TRAIN_P50,0.97,0.2,0.95,0.05,37580,6657,0.17714209686003193,1121,0.16839417154874567,0.15880884381111857,0.16963322211349682,0.11108533607322475,0.8053751995742416,0.01748270356572645,0.0
temporal,LOG_TRAIN_P50,0.97,0.2,0.95,0.1,37580,6657,0.17714209686003193,1121,0.16839417154874567,0.15880884381111857,0.16963322211349682,0.11103637385928115,0.8047631718999467,0.018094731240021287,0.0
temporal,LOG_TRAIN_P50,0.97,0.2,0.97,0.01,37580,6657,0.17714209686003193,1121,0.16839417154874567,0.15880884381111857,0.16963322211349682,0.11244137652027104,0.8223257051623204,0.0005321979776476849,0.0
temporal,LOG_TRAIN_P50,0.97,0.2,0.97,0.02,37580,6657,0.17714209686003193,1121,0.16839417154874567,0.15880884381111857,0.16963322211349682,0.11192833766981869,0.8159127195316658,0.0069451836083022885,0.0
temporal,LOG_TRAIN_P50,0.97,0.2,0.97,0.05,37580,6657,0.17714209686003193,1121,0.16839417154874567,0.15880884381111857,0.16963322211349682,0.11114494224672128,0.8061202767429484,0.01673762639701969,0.0
temporal,LOG_TRAIN_P50,0.97,0.2,0.97,0.1,37580,6657,0.17714209686003193,1121,0.16839417154874567,0.15880884381111857,0.16963322211349682,0.11114494224672128,0.8061202767429484,0.01673762639701969,0.0
temporal,LOG_TRAIN_P50,0.97,0.2,0.99,0.01,37580,6657,0.17714209686003193,1121,0.16839417154874567,0.15880884381111857,0.16963322211349682,0.11246266443937696,0.8225918041511442,0.00026609898882384245,0.0
temporal,LOG_TRAIN_P50,0.97,0.2,0.99,0.02,37580,6657,0.17714209686003193,1121,0.16839417154874567,0.15880884381111857,0.16963322211349682,0.11246266443937696,0.8225918041511442,0.00026609898882384245,0.0
temporal,LOG_TRAIN_P50,0.97,0.2,0.99,0.05,37580,6657,0.17714209686003193,1121,0.16839417154874567,0.15880884381111857,0.16963322211349682,0.11246266443937696,0.8225918041511442,0.00026609898882384245,0.0
temporal,LOG_TRAIN_P50,0.97,0.2,0.99,0.1,37580,6657,0.17714209686003193,1121,0.16839417154874567,0.15880884381111857,0.16963322211349682,0.11246266443937696,0.8225918041511442,0.00026609898882384245,0.0
temporal,LOG_TRAIN_P50,0.99,0.01,0.9,0.01,37580,1077,0.028658861096327835,184,0.17084493964716807,0.21471595973915125,0.17231368234965697,0.10156953763738687,0.9708089409260244,0.0005321979776476849,0.0
temporal,LOG_TRAIN_P50,0.99,0.01,0.9,0.02,37580,1077,0.028658861096327835,184,0.17084493964716807,0.21471595973915125,0.17231368234965697,0.1010564987869345,0.9643959552953699,0.0069451836083022885,0.0
temporal,LOG_TRAIN_P50,0.99,0.01,0.9,0.05,37580,1077,0.028658861096327835,184,0.17084493964716807,0.21471595973915125,0.17231368234965697,0.10021349719034056,0.9538584353379457,0.01748270356572645,0.0
temporal,LOG_TRAIN_P50,0.99,0.01,0.9,0.1,37580,1077,0.028658861096327835,184,0.17084493964716807,0.21471595973915125,0.17231368234965697,0.1001602773925758,0.9531931878658861,0.018147951037786058,0.0
temporal,LOG_TRAIN_P50,0.99,0.01,0.95,0.01,37580,1077,0.028658861096327835,184,0.17084493964716807,0.21471595973915125,0.17231368234965697,0.10156953763738687,0.9708089409260244,0.0005321979776476849,0.0
temporal,LOG_TRAIN_P50,0.99,0.01,0.95,0.02,37580,1077,0.028658861096327835,184,0.17084493964716807,0.21471595973915125,0.17231368234965697,0.1010564987869345,0.9643959552953699,0.0069451836083022885,0.0
temporal,LOG_TRAIN_P50,0.99,0.01,0.95,0.05,37580,1077,0.028658861096327835,184,0.17084493964716807,0.21471595973915125,0.17231368234965697,0.10021349719034056,0.9538584353379457,0.01748270356572645,0.0
temporal,LOG_TRAIN_P50,0.99,0.01,0.95,0.1,37580,1077,0.028658861096327835,184,0.17084493964716807,0.21471595973915125,0.17231368234965697,0.10016453497639698,0.9532464076636509,0.018094731240021287,0.0
temporal,LOG_TRAIN_P50,0.99,0.01,0.97,0.01,37580,1077,0.028658861096327835,184,0.17084493964716807,0.21471595973915125,0.17231368234965697,0.10156953763738687,0.9708089409260244,0.0005321979776476849,0.0
temporal,LOG_TRAIN_P50,0.99,0.01,0.97,0.02,37580,1077,0.028658861096327835,184,0.17084493964716807,0.21471595973915125,0.17231368234965697,0.1010564987869345,0.9643959552953699,0.0069451836083022885,0.0
temporal,LOG_TRAIN_P50,0.99,0.01,0.97,0.05,37580,1077,0.028658861096327835,184,0.17084493964716807,0.21471595973915125,0.17231368234965697,0.1002731033638371,0.9546035125066524,0.01673762639701969,0.0
temporal,LOG_TRAIN_P50,0.99,0.01,0.97,0.1,37580,1077,0.028658861096327835,184,0.17084493964716807,0.21471595973915125,0.17231368234965697,0.1002731033638371,0.9546035125066524,0.01673762639701969,0.0
temporal,LOG_TRAIN_P50,0.99,0.01,0.99,0.01,37580,1077,0.028658861096327835,184,0.17084493964716807,0.21471595973915125,0.17231368234965697,0.10159082555649276,0.9710750399148483,0.00026609898882384245,0.0
temporal,LOG_TRAIN_P50,0.99,0.01,0.99,0.02,37580,1077,0.028658861096327835,184,0.17084493964716807,0.21471595973915125,0.17231368234965697,0.10159082555649276,0.9710750399148483,0.00026609898882384245,0.0
temporal,LOG_TRAIN_P50,0.99,0.01,0.99,0.05,37580,1077,0.028658861096327835,184,0.17084493964716807,0.21471595973915125,0.17231368234965697,0.10159082555649276,0.9710750399148483,0.00026609898882384245,0.0
temporal,LOG_TRAIN_P50,0.99,0.01,0.99,0.1,37580,1077,0.028658861096327835,184,0.17084493964716807,0.21471595973915125,0.17231368234965697,0.10159082555649276,0.9710750399148483,0.00026609898882384245,0.0
temporal,LOG_TRAIN_P50,0.99,0.02,0.9,0.01,37580,1222,0.03251729643427355,212,0.1734860883797054,0.1514368059453241,0.17505539908838472,0.10213356308716683,0.9669505055880787,0.0005321979776476849,0.0
temporal,LOG_TRAIN_P50,0.99,0.02,0.9,0.02,37580,1222,0.03251729643427355,212,0.1734860883797054,0.1514368059453241,0.17505539908838472,0.10162052423671444,0.9605375199574242,0.0069451836083022885,0.0
temporal,LOG_TRAIN_P50,0.99,0.02,0.9,0.05,37580,1222,0.03251729643427355,212,0.1734860883797054,0.1514368059453241,0.17505539908838472,0.10077752264012052,0.95,0.01748270356572645,0.0
temporal,LOG_TRAIN_P50,0.99,0.02,0.9,0.1,37580,1222,0.03251729643427355,212,0.1734860883797054,0.1514368059453241,0.17505539908838472,0.10072430284235576,0.9493347525279404,0.018147951037786058,0.0
temporal,LOG_TRAIN_P50,0.99,0.02,0.95,0.01,37580,1222,0.03251729643427355,212,0.1734860883797054,0.1514368059453241,0.17505539908838472,0.10213356308716683,0.9669505055880787,0.0005321979776476849,0.0
temporal,LOG_TRAIN_P50,0.99,0.02,0.95,0.02,37580,1222,0.03251729643427355,212,0.1734860883797054,0.1514368059453241,0.17505539908838472,0.10162052423671444,0.9605375199574242,0.0069451836083022885,0.0
temporal,LOG_TRAIN_P50,0.99,0.02,0.95,0.05,37580,1222,0.03251729643427355,212,0.1734860883797054,0.1514368059453241,0.17505539908838472,0.10077752264012052,0.95,0.01748270356572645,0.0
temporal,LOG_TRAIN_P50,0.99,0.02,0.95,0.1,37580,1222,0.03251729643427355,212,0.1734860883797054,0.1514368059453241,0.17505539908838472,0.10072856042617694,0.9493879723257052,0.018094731240021287,0.0
temporal,LOG_TRAIN_P50,0.99,0.02,0.97,0.01,37580,1222,0.03251729643427355,212,0.1734860883797054,0.1514368059453241,0.17505539908838472,0.10213356308716683,0.9669505055880787,0.0005321979776476849,0.0
temporal,LOG_TRAIN_P50,0.99,0.02,0.97,0.02,37580,1222,0.03251729643427355,212,0.1734860883797054,0.1514368059453241,0.17505539908838472,0.10162052423671444,0.9605375199574242,0.0069451836083022885,0.0
temporal,LOG_TRAIN_P50,0.99,0.02,0.97,0.05,37580,1222,0.03251729643427355,212,0.1734860883797054,0.1514368059453241,0.17505539908838472,0.10083712881361707,0.9507450771687067,0.01673762639701969,0.0
temporal,LOG_TRAIN_P50,0.99,0.02,0.97,0.1,37580,1222,0.03251729643427355,212,0.1734860883797054,0.1514368059453241,0.17505539908838472,0.10083712881361707,0.9507450771687067,0.01673762639701969,0.0
temporal,LOG_TRAIN_P50,0.99,0.02,0.99,0.01,37580,1222,0.03251729643427355,212,0.1734860883797054,0.1514368059453241,0.17505539908838472,0.10215485100627272,0.9672166045769026,0.00026609898882384245,0.0
temporal,LOG_TRAIN_P50,0.99,0.02,0.99,0.02,37580,1222,0.03251729643427355,212,0.1734860883797054,0.1514368059453241,0.17505539908838472,0.10215485100627272,0.9672166045769026,0.00026609898882384245,0.0
temporal,LOG_TRAIN_P50,0.99,0.02,0.99,0.05,37580,1222,0.03251729643427355,212,0.1734860883797054,0.1514368059453241,0.17505539908838472,0.10215485100627272,0.9672166045769026,0.00026609898882384245,0.0
temporal,LOG_TRAIN_P50,0.99,0.02,0.99,0.1,37580,1222,0.03251729643427355,212,0.1734860883797054,0.1514368059453241,0.17505539908838472,0.10215485100627272,0.9672166045769026,0.00026609898882384245,0.0
temporal,LOG_TRAIN_P50,0.99,0.05,0.9,0.01,37580,1222,0.03251729643427355,212,0.1734860883797054,0.1514368059453241,0.17505539908838472,0.10213356308716683,0.9669505055880787,0.0005321979776476849,0.0
temporal,LOG_TRAIN_P50,0.99,0.05,0.9,0.02,37580,1222,0.03251729643427355,212,0.1734860883797054,0.1514368059453241,0.17505539908838472,0.10162052423671444,0.9605375199574242,0.0069451836083022885,0.0
temporal,LOG_TRAIN_P50,0.99,0.05,0.9,0.05,37580,1222,0.03251729643427355,212,0.1734860883797054,0.1514368059453241,0.17505539908838472,0.10077752264012052,0.95,0.01748270356572645,0.0
temporal,LOG_TRAIN_P50,0.99,0.05,0.9,0.1,37580,1222,0.03251729643427355,212,0.1734860883797054,0.1514368059453241,0.17505539908838472,0.10072430284235576,0.9493347525279404,0.018147951037786058,0.0
temporal,LOG_TRAIN_P50,0.99,0.05,0.95,0.01,37580,1222,0.03251729643427355,212,0.1734860883797054,0.1514368059453241,0.17505539908838472,0.10213356308716683,0.9669505055880787,0.0005321979776476849,0.0
temporal,LOG_TRAIN_P50,0.99,0.05,0.95,0.02,37580,1222,0.03251729643427355,212,0.1734860883797054,0.1514368059453241,0.17505539908838472,0.10162052423671444,0.9605375199574242,0.0069451836083022885,0.0
temporal,LOG_TRAIN_P50,0.99,0.05,0.95,0.05,37580,1222,0.03251729643427355,212,0.1734860883797054,0.1514368059453241,0.17505539908838472,0.10077752264012052,0.95,0.01748270356572645,0.0
temporal,LOG_TRAIN_P50,0.99,0.05,0.95,0.1,37580,1222,0.03251729643427355,212,0.1734860883797054,0.1514368059453241,0.17505539908838472,0.10072856042617694,0.9493879723257052,0.018094731240021287,0.0
temporal,LOG_TRAIN_P50,0.99,0.05,0.97,0.01,37580,1222,0.03251729643427355,212,0.1734860883797054,0.1514368059453241,0.17505539908838472,0.10213356308716683,0.9669505055880787,0.0005321979776476849,0.0
temporal,LOG_TRAIN_P50,0.99,0.05,0.97,0.02,37580,1222,0.03251729643427355,212,0.1734860883797054,0.1514368059453241,0.17505539908838472,0.10162052423671444,0.9605375199574242,0.0069451836083022885,0.0
temporal,LOG_TRAIN_P50,0.99,0.05,0.97,0.05,37580,1222,0.03251729643427355,212,0.1734860883797054,0.1514368059453241,0.17505539908838472,0.10083712881361707,0.9507450771687067,0.01673762639701969,0.0
temporal,LOG_TRAIN_P50,0.99,0.05,0.97,0.1,37580,1222,0.03251729643427355,212,0.1734860883797054,0.1514368059453241,0.17505539908838472,0.10083712881361707,0.9507450771687067,0.01673762639701969,0.0
temporal,LOG_TRAIN_P50,0.99,0.05,0.99,0.01,37580,1222,0.03251729643427355,212,0.1734860883797054,0.1514368059453241,0.17505539908838472,0.10215485100627272,0.9672166045769026,0.00026609898882384245,0.0
temporal,LOG_TRAIN_P50,0.99,0.05,0.99,0.02,37580,1222,0.03251729643427355,212,0.1734860883797054,0.1514368059453241,0.17505539908838472,0.10215485100627272,0.9672166045769026,0.00026609898882384245,0.0
temporal,LOG_TRAIN_P50,0.99,0.05,0.99,0.05,37580,1222,0.03251729643427355,212,0.1734860883797054,0.1514368059453241,0.17505539908838472,0.10215485100627272,0.9672166045769026,0.00026609898882384245,0.0
temporal,LOG_TRAIN_P50,0.99,0.05,0.99,0.1,37580,1222,0.03251729643427355,212,0.1734860883797054,0.1514368059453241,0.17505539908838472,0.10215485100627272,0.9672166045769026,0.00026609898882384245,0.0
temporal,LOG_TRAIN_P50,0.99,0.1,0.9,0.01,37580,1222,0.03251729643427355,212,0.1734860883797054,0.1514368059453241,0.17505539908838472,0.10213356308716683,0.9669505055880787,0.0005321979776476849,0.0
temporal,LOG_TRAIN_P50,0.99,0.1,0.9,0.02,37580,1222,0.03251729643427355,212,0.1734860883797054,0.1514368059453241,0.17505539908838472,0.10162052423671444,0.9605375199574242,0.0069451836083022885,0.0
temporal,LOG_TRAIN_P50,0.99,0.1,0.9,0.05,37580,1222,0.03251729643427355,212,0.1734860883797054,0.1514368059453241,0.17505539908838472,0.10077752264012052,0.95,0.01748270356572645,0.0
temporal,LOG_TRAIN_P50,0.99,0.1,0.9,0.1,37580,1222,0.03251729643427355,212,0.1734860883797054,0.1514368059453241,0.17505539908838472,0.10072430284235576,0.9493347525279404,0.018147951037786058,0.0
temporal,LOG_TRAIN_P50,0.99,0.1,0.95,0.01,37580,1222,0.03251729643427355,212,0.1734860883797054,0.1514368059453241,0.17505539908838472,0.10213356308716683,0.9669505055880787,0.0005321979776476849,0.0
temporal,LOG_TRAIN_P50,0.99,0.1,0.95,0.02,37580,1222,0.03251729643427355,212,0.1734860883797054,0.1514368059453241,0.17505539908838472,0.10162052423671444,0.9605375199574242,0.0069451836083022885,0.0
temporal,LOG_TRAIN_P50,0.99,0.1,0.95,0.05,37580,1222,0.03251729643427355,212,0.1734860883797054,0.1514368059453241,0.17505539908838472,0.10077752264012052,0.95,0.01748270356572645,0.0
temporal,LOG_TRAIN_P50,0.99,0.1,0.95,0.1,37580,1222,0.03251729643427355,212,0.1734860883797054,0.1514368059453241,0.17505539908838472,0.10072856042617694,0.9493879723257052,0.018094731240021287,0.0
temporal,LOG_TRAIN_P50,0.99,0.1,0.97,0.01,37580,1222,0.03251729643427355,212,0.1734860883797054,0.1514368059453241,0.17505539908838472,0.10213356308716683,0.9669505055880787,0.0005321979776476849,0.0
temporal,LOG_TRAIN_P50,0.99,0.1,0.97,0.02,37580,1222,0.03251729643427355,212,0.1734860883797054,0.1514368059453241,0.17505539908838472,0.10162052423671444,0.9605375199574242,0.0069451836083022885,0.0
temporal,LOG_TRAIN_P50,0.99,0.1,0.97,0.05,37580,1222,0.03251729643427355,212,0.1734860883797054,0.1514368059453241,0.17505539908838472,0.10083712881361707,0.9507450771687067,0.01673762639701969,0.0
temporal,LOG_TRAIN_P50,0.99,0.1,0.97,0.1,37580,1222,0.03251729643427355,212,0.1734860883797054,0.1514368059453241,0.17505539908838472,0.10083712881361707,0.9507450771687067,0.01673762639701969,0.0
temporal,LOG_TRAIN_P50,0.99,0.1,0.99,0.01,37580,1222,0.03251729643427355,212,0.1734860883797054,0.1514368059453241,0.17505539908838472,0.10215485100627272,0.9672166045769026,0.00026609898882384245,0.0
temporal,LOG_TRAIN_P50,0.99,0.1,0.99,0.02,37580,1222,0.03251729643427355,212,0.1734860883797054,0.1514368059453241,0.17505539908838472,0.10215485100627272,0.9672166045769026,0.00026609898882384245,0.0
temporal,LOG_TRAIN_P50,0.99,0.1,0.99,0.05,37580,1222,0.03251729643427355,212,0.1734860883797054,0.1514368059453241,0.17505539908838472,0.10215485100627272,0.9672166045769026,0.00026609898882384245,0.0
temporal,LOG_TRAIN_P50,0.99,0.1,0.99,0.1,37580,1222,0.03251729643427355,212,0.1734860883797054,0.1514368059453241,0.17505539908838472,0.10215485100627272,0.9672166045769026,0.00026609898882384245,0.0
temporal,LOG_TRAIN_P50,0.99,0.2,0.9,0.01,37580,1222,0.03251729643427355,212,0.1734860883797054,0.1514368059453241,0.17505539908838472,0.10213356308716683,0.9669505055880787,0.0005321979776476849,0.0
temporal,LOG_TRAIN_P50,0.99,0.2,0.9,0.02,37580,1222,0.03251729643427355,212,0.1734860883797054,0.1514368059453241,0.17505539908838472,0.10162052423671444,0.9605375199574242,0.0069451836083022885,0.0
temporal,LOG_TRAIN_P50,0.99,0.2,0.9,0.05,37580,1222,0.03251729643427355,212,0.1734860883797054,0.1514368059453241,0.17505539908838472,0.10077752264012052,0.95,0.01748270356572645,0.0
temporal,LOG_TRAIN_P50,0.99,0.2,0.9,0.1,37580,1222,0.03251729643427355,212,0.1734860883797054,0.1514368059453241,0.17505539908838472,0.10072430284235576,0.9493347525279404,0.018147951037786058,0.0
temporal,LOG_TRAIN_P50,0.99,0.2,0.95,0.01,37580,1222,0.03251729643427355,212,0.1734860883797054,0.1514368059453241,0.17505539908838472,0.10213356308716683,0.9669505055880787,0.0005321979776476849,0.0
temporal,LOG_TRAIN_P50,0.99,0.2,0.95,0.02,37580,1222,0.03251729643427355,212,0.1734860883797054,0.1514368059453241,0.17505539908838472,0.10162052423671444,0.9605375199574242,0.0069451836083022885,0.0
temporal,LOG_TRAIN_P50,0.99,0.2,0.95,0.05,37580,1222,0.03251729643427355,212,0.1734860883797054,0.1514368059453241,0.17505539908838472,0.10077752264012052,0.95,0.01748270356572645,0.0
temporal,LOG_TRAIN_P50,0.99,0.2,0.95,0.1,37580,1222,0.03251729643427355,212,0.1734860883797054,0.1514368059453241,0.17505539908838472,0.10072856042617694,0.9493879723257052,0.018094731240021287,0.0
temporal,LOG_TRAIN_P50,0.99,0.2,0.97,0.01,37580,1222,0.03251729643427355,212,0.1734860883797054,0.1514368059453241,0.17505539908838472,0.10213356308716683,0.9669505055880787,0.0005321979776476849,0.0
temporal,LOG_TRAIN_P50,0.99,0.2,0.97,0.02,37580,1222,0.03251729643427355,212,0.1734860883797054,0.1514368059453241,0.17505539908838472,0.10162052423671444,0.9605375199574242,0.0069451836083022885,0.0
temporal,LOG_TRAIN_P50,0.99,0.2,0.97,0.05,37580,1222,0.03251729643427355,212,0.1734860883797054,0.1514368059453241,0.17505539908838472,0.10083712881361707,0.9507450771687067,0.01673762639701969,0.0
temporal,LOG_TRAIN_P50,0.99,0.2,0.97,0.1,37580,1222,0.03251729643427355,212,0.1734860883797054,0.1514368059453241,0.17505539908838472,0.10083712881361707,0.9507450771687067,0.01673762639701969,0.0
temporal,LOG_TRAIN_P50,0.99,0.2,0.99,0.01,37580,1222,0.03251729643427355,212,0.1734860883797054,0.1514368059453241,0.17505539908838472,0.10215485100627272,0.9672166045769026,0.00026609898882384245,0.0
temporal,LOG_TRAIN_P50,0.99,0.2,0.99,0.02,37580,1222,0.03251729643427355,212,0.1734860883797054,0.1514368059453241,0.17505539908838472,0.10215485100627272,0.9672166045769026,0.00026609898882384245,0.0
temporal,LOG_TRAIN_P50,0.99,0.2,0.99,0.05,37580,1222,0.03251729643427355,212,0.1734860883797054,0.1514368059453241,0.17505539908838472,0.10215485100627272,0.9672166045769026,0.00026609898882384245,0.0
temporal,LOG_TRAIN_P50,0.99,0.2,0.99,0.1,37580,1222,0.03251729643427355,212,0.1734860883797054,0.1514368059453241,0.17505539908838472,0.10215485100627272,0.9672166045769026,0.00026609898882384245,0.0
temporal,LOG_TRAIN_P99,0.9,0.01,0.9,0.01,37580,3192,0.08493879723257051,548,0.17167919799498746,0.1957547357781119,0.17439837466649696,0.09876630558474214,0.9108834486428952,0.004177754124534327,0.0
temporal,LOG_TRAIN_P99,0.9,0.01,0.9,0.02,37580,3192,0.08493879723257051,548,0.17167919799498746,0.1957547357781119,0.17439837466649696,0.0977870613058704,0.8986428951569984,0.01641830761043108,0.0
temporal,LOG_TRAIN_P99,0.9,0.01,0.9,0.05,37580,3192,0.08493879723257051,548,0.17167919799498746,0.1957547357781119,0.17439837466649696,0.09764868983168201,0.8969132517296434,0.018147951037786058,0.0
temporal,LOG_TRAIN_P99,0.9,0.01,0.9,0.1,37580,3192,0.08493879723257051,548,0.17167919799498746,0.1957547357781119,0.17439837466649696,0.09762101553684432,0.8965673230441724,0.018493879723257053,0.0
temporal,LOG_TRAIN_P99,0.9,0.01,0.95,0.01,37580,3192,0.08493879723257051,548,0.17167919799498746,0.1957547357781119,0.17439837466649696,0.09876630558474214,0.9108834486428952,0.004177754124534327,0.0
temporal,LOG_TRAIN_P99,0.9,0.01,0.95,0.02,37580,3192,0.08493879723257051,548,0.17167919799498746,0.1957547357781119,0.17439837466649696,0.0977870613058704,0.8986428951569984,0.01641830761043108,0.0
temporal,LOG_TRAIN_P99,0.9,0.01,0.95,0.05,37580,3192,0.08493879723257051,548,0.17167919799498746,0.1957547357781119,0.17439837466649696,0.09765294741550319,0.8969664715274082,0.018094731240021287,0.0
temporal,LOG_TRAIN_P99,0.9,0.01,0.95,0.1,37580,3192,0.08493879723257051,548,0.17167919799498746,0.1957547357781119,0.17439837466649696,0.09765294741550319,0.8969664715274082,0.018094731240021287,0.0
temporal,LOG_TRAIN_P99,0.9,0.01,0.97,0.01,37580,3192,0.08493879723257051,548,0.17167919799498746,0.1957547357781119,0.17439837466649696,0.09876630558474214,0.9108834486428952,0.004177754124534327,0.0
temporal,LOG_TRAIN_P99,0.9,0.01,0.97,0.02,37580,3192,0.08493879723257051,548,0.17167919799498746,0.1957547357781119,0.17439837466649696,0.0978126068087975,0.898962213943587,0.016098988823842468,0.0
temporal,LOG_TRAIN_P99,0.9,0.01,0.97,0.05,37580,3192,0.08493879723257051,548,0.17167919799498746,0.1957547357781119,0.17439837466649696,0.09776151580294332,0.8983235763704098,0.01673762639701969,0.0
temporal,LOG_TRAIN_P99,0.9,0.01,0.97,0.1,37580,3192,0.08493879723257051,548,0.17167919799498746,0.1957547357781119,0.17439837466649696,0.09776151580294332,0.8983235763704098,0.01673762639701969,0.0
temporal,LOG_TRAIN_P99,0.9,0.01,0.99,0.01,37580,3192,0.08493879723257051,548,0.17167919799498746,0.1957547357781119,0.17439837466649696,0.09907923799559898,0.9147951037786056,0.00026609898882384245,0.0
temporal,LOG_TRAIN_P99,0.9,0.01,0.99,0.02,37580,3192,0.08493879723257051,548,0.17167919799498746,0.1957547357781119,0.17439837466649696,0.09907923799559898,0.9147951037786056,0.00026609898882384245,0.0
temporal,LOG_TRAIN_P99,0.9,0.01,0.99,0.05,37580,3192,0.08493879723257051,548,0.17167919799498746,0.1957547357781119,0.17439837466649696,0.09907923799559898,0.9147951037786056,0.00026609898882384245,0.0
temporal,LOG_TRAIN_P99,0.9,0.01,0.99,0.1,37580,3192,0.08493879723257051,548,0.17167919799498746,0.1957547357781119,0.17439837466649696,0.09907923799559898,0.9147951037786056,0.00026609898882384245,0.0
temporal,LOG_TRAIN_P99,0.9,0.02,0.9,0.01,37580,7134,0.18983501862692923,1216,0.17045135968601066,0.17059000010223066,0.17132455766614826,0.09933061792664044,0.8059872272485364,0.004177754124534327,0.0
temporal,LOG_TRAIN_P99,0.9,0.02,0.9,0.02,37580,7134,0.18983501862692923,1216,0.17045135968601066,0.17059000010223066,0.17132455766614826,0.09835137364776869,0.7937466737626397,0.01641830761043108,0.0
temporal,LOG_TRAIN_P99,0.9,0.02,0.9,0.05,37580,7134,0.18983501862692923,1216,0.17045135968601066,0.17059000010223066,0.17132455766614826,0.0982130021735803,0.7920170303352847,0.018147951037786058,0.0
temporal,LOG_TRAIN_P99,0.9,0.02,0.9,0.1,37580,7134,0.18983501862692923,1216,0.17045135968601066,0.17059000010223066,0.17132455766614826,0.09818532787874262,0.7916711016498137,0.018493879723257053,0.0
temporal,LOG_TRAIN_P99,0.9,0.02,0.95,0.01,37580,7134,0.18983501862692923,1216,0.17045135968601066,0.17059000010223066,0.17132455766614826,0.09933061792664044,0.8059872272485364,0.004177754124534327,0.0
temporal,LOG_TRAIN_P99,0.9,0.02,0.95,0.02,37580,7134,0.18983501862692923,1216,0.17045135968601066,0.17059000010223066,0.17132455766614826,0.09835137364776869,0.7937466737626397,0.01641830761043108,0.0
temporal,LOG_TRAIN_P99,0.9,0.02,0.95,0.05,37580,7134,0.18983501862692923,1216,0.17045135968601066,0.17059000010223066,0.17132455766614826,0.09821725975740148,0.7920702501330495,0.018094731240021287,0.0
temporal,LOG_TRAIN_P99,0.9,0.02,0.95,0.1,37580,7134,0.18983501862692923,1216,0.17045135968601066,0.17059000010223066,0.17132455766614826,0.09821725975740148,0.7920702501330495,0.018094731240021287,0.0
temporal,LOG_TRAIN_P99,0.9,0.02,0.97,0.01,37580,7134,0.18983501862692923,1216,0.17045135968601066,0.17059000010223066,0.17132455766614826,0.09933061792664044,0.8059872272485364,0.004177754124534327,0.0
temporal,LOG_TRAIN_P99,0.9,0.02,0.97,0.02,37580,7134,0.18983501862692923,1216,0.17045135968601066,0.17059000010223066,0.17132455766614826,0.09837691915069578,0.7940659925492283,0.016098988823842468,0.0
temporal,LOG_TRAIN_P99,0.9,0.02,0.97,0.05,37580,7134,0.18983501862692923,1216,0.17045135968601066,0.17059000010223066,0.17132455766614826,0.0983258281448416,0.7934273549760511,0.01673762639701969,0.0
temporal,LOG_TRAIN_P99,0.9,0.02,0.97,0.1,37580,7134,0.18983501862692923,1216,0.17045135968601066,0.17059000010223066,0.17132455766614826,0.0983258281448416,0.7934273549760511,0.01673762639701969,0.0
temporal,LOG_TRAIN_P99,0.9,0.02,0.99,0.01,37580,7134,0.18983501862692923,1216,0.17045135968601066,0.17059000010223066,0.17132455766614826,0.09964355033749726,0.8098988823842469,0.00026609898882384245,0.0
temporal,LOG_TRAIN_P99,0.9,0.02,0.99,0.02,37580,7134,0.18983501862692923,1216,0.17045135968601066,0.17059000010223066,0.17132455766614826,0.09964355033749726,0.8098988823842469,0.00026609898882384245,0.0
temporal,LOG_TRAIN_P99,0.9,0.02,0.99,0.05,37580,7134,0.18983501862692923,1216,0.17045135968601066,0.17059000010223066,0.17132455766614826,0.09964355033749726,0.8098988823842469,0.00026609898882384245,0.0
temporal,LOG_TRAIN_P99,0.9,0.02,0.99,0.1,37580,7134,0.18983501862692923,1216,0.17045135968601066,0.17059000010223066,0.17132455766614826,0.09964355033749726,0.8098988823842469,0.00026609898882384245,0.0
temporal,LOG_TRAIN_P99,0.9,0.05,0.9,0.01,37580,8357,0.22237892496008516,1442,0.1725499581189422,0.1725631322144247,0.17366145646064102,0.10064039174792792,0.7734433209153805,0.004177754124534327,0.0
temporal,LOG_TRAIN_P99,0.9,0.05,0.9,0.02,37580,8357,0.22237892496008516,1442,0.1725499581189422,0.1725631322144247,0.17366145646064102,0.09966114746905619,0.7612027674294838,0.01641830761043108,0.0
temporal,LOG_TRAIN_P99,0.9,0.05,0.9,0.05,37580,8357,0.22237892496008516,1442,0.1725499581189422,0.1725631322144247,0.17366145646064102,0.09952277599486778,0.7594731240021287,0.018147951037786058,0.0
temporal,LOG_TRAIN_P99,0.9,0.05,0.9,0.1,37580,8357,0.22237892496008516,1442,0.1725499581189422,0.1725631322144247,0.17366145646064102,0.09949510170003009,0.7591271953166578,0.018493879723257053,0.0
temporal,LOG_TRAIN_P99,0.9,0.05,0.95,0.01,37580,8357,0.22237892496008516,1442,0.1725499581189422,0.1725631322144247,0.17366145646064102,0.10064039174792792,0.7734433209153805,0.004177754124534327,0.0
temporal,LOG_TRAIN_P99,0.9,0.05,0.95,0.02,37580,8357,0.22237892496008516,1442,0.1725499581189422,0.1725631322144247,0.17366145646064102,0.09966114746905619,0.7612027674294838,0.01641830761043108,0.0
temporal,LOG_TRAIN_P99,0.9,0.05,0.95,0.05,37580,8357,0.22237892496008516,1442,0.1725499581189422,0.1725631322144247,0.17366145646064102,0.09952703357868897,0.7595263437998936,0.018094731240021287,0.0
temporal,LOG_TRAIN_P99,0.9,0.05,0.95,0.1,37580,8357,0.22237892496008516,1442,0.1725499581189422,0.1725631322144247,0.17366145646064102,0.09952703357868897,0.7595263437998936,0.018094731240021287,0.0
temporal,LOG_TRAIN_P99,0.9,0.05,0.97,0.01,37580,8357,0.22237892496008516,1442,0.1725499581189422,0.1725631322144247,0.17366145646064102,0.10064039174792792,0.7734433209153805,0.004177754124534327,0.0
temporal,LOG_TRAIN_P99,0.9,0.05,0.97,0.02,37580,8357,0.22237892496008516,1442,0.1725499581189422,0.1725631322144247,0.17366145646064102,0.09968669297198327,0.7615220862160724,0.016098988823842468,0.0
temporal,LOG_TRAIN_P99,0.9,0.05,0.97,0.05,37580,8357,0.22237892496008516,1442,0.1725499581189422,0.1725631322144247,0.17366145646064102,0.0996356019661291,0.7608834486428951,0.01673762639701969,0.0
temporal,LOG_TRAIN_P99,0.9,0.05,0.97,0.1,37580,8357,0.22237892496008516,1442,0.1725499581189422,0.1725631322144247,0.17366145646064102,0.0996356019661291,0.7608834486428951,0.01673762639701969,0.0
temporal,LOG_TRAIN_P99,0.9,0.05,0.99,0.01,37580,8357,0.22237892496008516,1442,0.1725499581189422,0.1725631322144247,0.17366145646064102,0.10095332415878476,0.777354976051091,0.00026609898882384245,0.0
temporal,LOG_TRAIN_P99,0.9,0.05,0.99,0.02,37580,8357,0.22237892496008516,1442,0.1725499581189422,0.1725631322144247,0.17366145646064102,0.10095332415878476,0.777354976051091,0.00026609898882384245,0.0
temporal,LOG_TRAIN_P99,0.9,0.05,0.99,0.05,37580,8357,0.22237892496008516,1442,0.1725499581189422,0.1725631322144247,0.17366145646064102,0.10095332415878476,0.777354976051091,0.00026609898882384245,0.0
temporal,LOG_TRAIN_P99,0.9,0.05,0.99,0.1,37580,8357,0.22237892496008516,1442,0.1725499581189422,0.1725631322144247,0.17366145646064102,0.10095332415878476,0.777354976051091,0.00026609898882384245,0.0
temporal,LOG_TRAIN_P99,0.9,0.1,0.9,0.01,37580,8494,0.2260244811069718,1461,0.17200376736519896,0.1671569330936515,0.17281896329706567,0.10070882772496965,0.7697977647684939,0.004177754124534327,0.0
temporal,LOG_TRAIN_P99,0.9,0.1,0.9,0.02,37580,8494,0.2260244811069718,1461,0.17200376736519896,0.1671569330936515,0.17281896329706567,0.09972958344609792,0.7575572112825971,0.01641830761043108,0.0
temporal,LOG_TRAIN_P99,0.9,0.1,0.9,0.05,37580,8494,0.2260244811069718,1461,0.17200376736519896,0.1671569330936515,0.17281896329706567,0.09959121197190952,0.7558275678552422,0.018147951037786058,0.0
temporal,LOG_TRAIN_P99,0.9,0.1,0.9,0.1,37580,8494,0.2260244811069718,1461,0.17200376736519896,0.1671569330936515,0.17281896329706567,0.09956353767707185,0.7554816391697712,0.018493879723257053,0.0
temporal,LOG_TRAIN_P99,0.9,0.1,0.95,0.01,37580,8494,0.2260244811069718,1461,0.17200376736519896,0.1671569330936515,0.17281896329706567,0.10070882772496965,0.7697977647684939,0.004177754124534327,0.0
temporal,LOG_TRAIN_P99,0.9,0.1,0.95,0.02,37580,8494,0.2260244811069718,1461,0.17200376736519896,0.1671569330936515,0.17281896329706567,0.09972958344609792,0.7575572112825971,0.01641830761043108,0.0
temporal,LOG_TRAIN_P99,0.9,0.1,0.95,0.05,37580,8494,0.2260244811069718,1461,0.17200376736519896,0.1671569330936515,0.17281896329706567,0.0995954695557307,0.7558807876530069,0.018094731240021287,0.0
temporal,LOG_TRAIN_P99,0.9,0.1,0.95,0.1,37580,8494,0.2260244811069718,1461,0.17200376736519896,0.1671569330936515,0.17281896329706567,0.0995954695557307,0.7558807876530069,0.018094731240021287,0.0
temporal,LOG_TRAIN_P99,0.9,0.1,0.97,0.01,37580,8494,0.2260244811069718,1461,0.17200376736519896,0.1671569330936515,0.17281896329706567,0.10070882772496965,0.7697977647684939,0.004177754124534327,0.0
temporal,LOG_TRAIN_P99,0.9,0.1,0.97,0.02,37580,8494,0.2260244811069718,1461,0.17200376736519896,0.1671569330936515,0.17281896329706567,0.09975512894902501,0.7578765300691858,0.016098988823842468,0.0
temporal,LOG_TRAIN_P99,0.9,0.1,0.97,0.05,37580,8494,0.2260244811069718,1461,0.17200376736519896,0.1671569330936515,0.17281896329706567,0.09970403794317083,0.7572378924960085,0.01673762639701969,0.0
temporal,LOG_TRAIN_P99,0.9,0.1,0.97,0.1,37580,8494,0.2260244811069718,1461,0.17200376736519896,0.1671569330936515,0.17281896329706567,0.09970403794317083,0.7572378924960085,0.01673762639701969,0.0
temporal,LOG_TRAIN_P99,0.9,0.1,0.99,0.01,37580,8494,0.2260244811069718,1461,0.17200376736519896,0.1671569330936515,0.17281896329706567,0.1010217601358265,0.7737094199042044,0.00026609898882384245,0.0
temporal,LOG_TRAIN_P99,0.9,0.1,0.99,0.02,37580,8494,0.2260244811069718,1461,0.17200376736519896,0.1671569330936515,0.17281896329706567,0.1010217601358265,0.7737094199042044,0.00026609898882384245,0.0
temporal,LOG_TRAIN_P99,0.9,0.1,0.99,0.05,37580,8494,0.2260244811069718,1461,0.17200376736519896,0.1671569330936515,0.17281896329706567,0.1010217601358265,0.7737094199042044,0.00026609898882384245,0.0
temporal,LOG_TRAIN_P99,0.9,0.1,0.99,0.1,37580,8494,0.2260244811069718,1461,0.17200376736519896,0.1671569330936515,0.17281896329706567,0.1010217601358265,0.7737094199042044,0.00026609898882384245,0.0
temporal,LOG_TRAIN_P99,0.9,0.2,0.9,0.01,37580,8494,0.2260244811069718,1461,0.17200376736519896,0.1671569330936515,0.17281896329706567,0.10070882772496965,0.7697977647684939,0.004177754124534327,0.0
temporal,LOG_TRAIN_P99,0.9,0.2,0.9,0.02,37580,8494,0.2260244811069718,1461,0.17200376736519896,0.1671569330936515,0.17281896329706567,0.09972958344609792,0.7575572112825971,0.01641830761043108,0.0
temporal,LOG_TRAIN_P99,0.9,0.2,0.9,0.05,37580,8494,0.2260244811069718,1461,0.17200376736519896,0.1671569330936515,0.17281896329706567,0.09959121197190952,0.7558275678552422,0.018147951037786058,0.0
temporal,LOG_TRAIN_P99,0.9,0.2,0.9,0.1,37580,8494,0.2260244811069718,1461,0.17200376736519896,0.1671569330936515,0.17281896329706567,0.09956353767707185,0.7554816391697712,0.018493879723257053,0.0
temporal,LOG_TRAIN_P99,0.9,0.2,0.95,0.01,37580,8494,0.2260244811069718,1461,0.17200376736519896,0.1671569330936515,0.17281896329706567,0.10070882772496965,0.7697977647684939,0.004177754124534327,0.0
temporal,LOG_TRAIN_P99,0.9,0.2,0.95,0.02,37580,8494,0.2260244811069718,1461,0.17200376736519896,0.1671569330936515,0.17281896329706567,0.09972958344609792,0.7575572112825971,0.01641830761043108,0.0
temporal,LOG_TRAIN_P99,0.9,0.2,0.95,0.05,37580,8494,0.2260244811069718,1461,0.17200376736519896,0.1671569330936515,0.17281896329706567,0.0995954695557307,0.7558807876530069,0.018094731240021287,0.0
temporal,LOG_TRAIN_P99,0.9,0.2,0.95,0.1,37580,8494,0.2260244811069718,1461,0.17200376736519896,0.1671569330936515,0.17281896329706567,0.0995954695557307,0.7558807876530069,0.018094731240021287,0.0
temporal,LOG_TRAIN_P99,0.9,0.2,0.97,0.01,37580,8494,0.2260244811069718,1461,0.17200376736519896,0.1671569330936515,0.17281896329706567,0.10070882772496965,0.7697977647684939,0.004177754124534327,0.0
temporal,LOG_TRAIN_P99,0.9,0.2,0.97,0.02,37580,8494,0.2260244811069718,1461,0.17200376736519896,0.1671569330936515,0.17281896329706567,0.09975512894902501,0.7578765300691858,0.016098988823842468,0.0
temporal,LOG_TRAIN_P99,0.9,0.2,0.97,0.05,37580,8494,0.2260244811069718,1461,0.17200376736519896,0.1671569330936515,0.17281896329706567,0.09970403794317083,0.7572378924960085,0.01673762639701969,0.0
temporal,LOG_TRAIN_P99,0.9,0.2,0.97,0.1,37580,8494,0.2260244811069718,1461,0.17200376736519896,0.1671569330936515,0.17281896329706567,0.09970403794317083,0.7572378924960085,0.01673762639701969,0.0
temporal,LOG_TRAIN_P99,0.9,0.2,0.99,0.01,37580,8494,0.2260244811069718,1461,0.17200376736519896,0.1671569330936515,0.17281896329706567,0.1010217601358265,0.7737094199042044,0.00026609898882384245,0.0
temporal,LOG_TRAIN_P99,0.9,0.2,0.99,0.02,37580,8494,0.2260244811069718,1461,0.17200376736519896,0.1671569330936515,0.17281896329706567,0.1010217601358265,0.7737094199042044,0.00026609898882384245,0.0
temporal,LOG_TRAIN_P99,0.9,0.2,0.99,0.05,37580,8494,0.2260244811069718,1461,0.17200376736519896,0.1671569330936515,0.17281896329706567,0.1010217601358265,0.7737094199042044,0.00026609898882384245,0.0
temporal,LOG_TRAIN_P99,0.9,0.2,0.99,0.1,37580,8494,0.2260244811069718,1461,0.17200376736519896,0.1671569330936515,0.17281896329706567,0.1010217601358265,0.7737094199042044,0.00026609898882384245,0.0
temporal,LOG_TRAIN_P99,0.95,0.01,0.9,0.01,37580,3192,0.08493879723257051,548,0.17167919799498746,0.1957547357781119,0.17439837466649696,0.09876630558474214,0.9108834486428952,0.004177754124534327,0.0
temporal,LOG_TRAIN_P99,0.95,0.01,0.9,0.02,37580,3192,0.08493879723257051,548,0.17167919799498746,0.1957547357781119,0.17439837466649696,0.0977870613058704,0.8986428951569984,0.01641830761043108,0.0
temporal,LOG_TRAIN_P99,0.95,0.01,0.9,0.05,37580,3192,0.08493879723257051,548,0.17167919799498746,0.1957547357781119,0.17439837466649696,0.09764868983168201,0.8969132517296434,0.018147951037786058,0.0
temporal,LOG_TRAIN_P99,0.95,0.01,0.9,0.1,37580,3192,0.08493879723257051,548,0.17167919799498746,0.1957547357781119,0.17439837466649696,0.09762101553684432,0.8965673230441724,0.018493879723257053,0.0
temporal,LOG_TRAIN_P99,0.95,0.01,0.95,0.01,37580,3192,0.08493879723257051,548,0.17167919799498746,0.1957547357781119,0.17439837466649696,0.09876630558474214,0.9108834486428952,0.004177754124534327,0.0
temporal,LOG_TRAIN_P99,0.95,0.01,0.95,0.02,37580,3192,0.08493879723257051,548,0.17167919799498746,0.1957547357781119,0.17439837466649696,0.0977870613058704,0.8986428951569984,0.01641830761043108,0.0
temporal,LOG_TRAIN_P99,0.95,0.01,0.95,0.05,37580,3192,0.08493879723257051,548,0.17167919799498746,0.1957547357781119,0.17439837466649696,0.09765294741550319,0.8969664715274082,0.018094731240021287,0.0
temporal,LOG_TRAIN_P99,0.95,0.01,0.95,0.1,37580,3192,0.08493879723257051,548,0.17167919799498746,0.1957547357781119,0.17439837466649696,0.09765294741550319,0.8969664715274082,0.018094731240021287,0.0
temporal,LOG_TRAIN_P99,0.95,0.01,0.97,0.01,37580,3192,0.08493879723257051,548,0.17167919799498746,0.1957547357781119,0.17439837466649696,0.09876630558474214,0.9108834486428952,0.004177754124534327,0.0
temporal,LOG_TRAIN_P99,0.95,0.01,0.97,0.02,37580,3192,0.08493879723257051,548,0.17167919799498746,0.1957547357781119,0.17439837466649696,0.0978126068087975,0.898962213943587,0.016098988823842468,0.0
temporal,LOG_TRAIN_P99,0.95,0.01,0.97,0.05,37580,3192,0.08493879723257051,548,0.17167919799498746,0.1957547357781119,0.17439837466649696,0.09776151580294332,0.8983235763704098,0.01673762639701969,0.0
temporal,LOG_TRAIN_P99,0.95,0.01,0.97,0.1,37580,3192,0.08493879723257051,548,0.17167919799498746,0.1957547357781119,0.17439837466649696,0.09776151580294332,0.8983235763704098,0.01673762639701969,0.0
temporal,LOG_TRAIN_P99,0.95,0.01,0.99,0.01,37580,3192,0.08493879723257051,548,0.17167919799498746,0.1957547357781119,0.17439837466649696,0.09907923799559898,0.9147951037786056,0.00026609898882384245,0.0
temporal,LOG_TRAIN_P99,0.95,0.01,0.99,0.02,37580,3192,0.08493879723257051,548,0.17167919799498746,0.1957547357781119,0.17439837466649696,0.09907923799559898,0.9147951037786056,0.00026609898882384245,0.0
temporal,LOG_TRAIN_P99,0.95,0.01,0.99,0.05,37580,3192,0.08493879723257051,548,0.17167919799498746,0.1957547357781119,0.17439837466649696,0.09907923799559898,0.9147951037786056,0.00026609898882384245,0.0
temporal,LOG_TRAIN_P99,0.95,0.01,0.99,0.1,37580,3192,0.08493879723257051,548,0.17167919799498746,0.1957547357781119,0.17439837466649696,0.09907923799559898,0.9147951037786056,0.00026609898882384245,0.0
temporal,LOG_TRAIN_P99,0.95,0.02,0.9,0.01,37580,7134,0.18983501862692923,1216,0.17045135968601066,0.17059000010223066,0.17132455766614826,0.09933061792664044,0.8059872272485364,0.004177754124534327,0.0
temporal,LOG_TRAIN_P99,0.95,0.02,0.9,0.02,37580,7134,0.18983501862692923,1216,0.17045135968601066,0.17059000010223066,0.17132455766614826,0.09835137364776869,0.7937466737626397,0.01641830761043108,0.0
temporal,LOG_TRAIN_P99,0.95,0.02,0.9,0.05,37580,7134,0.18983501862692923,1216,0.17045135968601066,0.17059000010223066,0.17132455766614826,0.0982130021735803,0.7920170303352847,0.018147951037786058,0.0
temporal,LOG_TRAIN_P99,0.95,0.02,0.9,0.1,37580,7134,0.18983501862692923,1216,0.17045135968601066,0.17059000010223066,0.17132455766614826,0.09818532787874262,0.7916711016498137,0.018493879723257053,0.0
temporal,LOG_TRAIN_P99,0.95,0.02,0.95,0.01,37580,7134,0.18983501862692923,1216,0.17045135968601066,0.17059000010223066,0.17132455766614826,0.09933061792664044,0.8059872272485364,0.004177754124534327,0.0
temporal,LOG_TRAIN_P99,0.95,0.02,0.95,0.02,37580,7134,0.18983501862692923,1216,0.17045135968601066,0.17059000010223066,0.17132455766614826,0.09835137364776869,0.7937466737626397,0.01641830761043108,0.0
temporal,LOG_TRAIN_P99,0.95,0.02,0.95,0.05,37580,7134,0.18983501862692923,1216,0.17045135968601066,0.17059000010223066,0.17132455766614826,0.09821725975740148,0.7920702501330495,0.018094731240021287,0.0
temporal,LOG_TRAIN_P99,0.95,0.02,0.95,0.1,37580,7134,0.18983501862692923,1216,0.17045135968601066,0.17059000010223066,0.17132455766614826,0.09821725975740148,0.7920702501330495,0.018094731240021287,0.0
temporal,LOG_TRAIN_P99,0.95,0.02,0.97,0.01,37580,7134,0.18983501862692923,1216,0.17045135968601066,0.17059000010223066,0.17132455766614826,0.09933061792664044,0.8059872272485364,0.004177754124534327,0.0
temporal,LOG_TRAIN_P99,0.95,0.02,0.97,0.02,37580,7134,0.18983501862692923,1216,0.17045135968601066,0.17059000010223066,0.17132455766614826,0.09837691915069578,0.7940659925492283,0.016098988823842468,0.0
temporal,LOG_TRAIN_P99,0.95,0.02,0.97,0.05,37580,7134,0.18983501862692923,1216,0.17045135968601066,0.17059000010223066,0.17132455766614826,0.0983258281448416,0.7934273549760511,0.01673762639701969,0.0
temporal,LOG_TRAIN_P99,0.95,0.02,0.97,0.1,37580,7134,0.18983501862692923,1216,0.17045135968601066,0.17059000010223066,0.17132455766614826,0.0983258281448416,0.7934273549760511,0.01673762639701969,0.0
temporal,LOG_TRAIN_P99,0.95,0.02,0.99,0.01,37580,7134,0.18983501862692923,1216,0.17045135968601066,0.17059000010223066,0.17132455766614826,0.09964355033749726,0.8098988823842469,0.00026609898882384245,0.0
temporal,LOG_TRAIN_P99,0.95,0.02,0.99,0.02,37580,7134,0.18983501862692923,1216,0.17045135968601066,0.17059000010223066,0.17132455766614826,0.09964355033749726,0.8098988823842469,0.00026609898882384245,0.0
temporal,LOG_TRAIN_P99,0.95,0.02,0.99,0.05,37580,7134,0.18983501862692923,1216,0.17045135968601066,0.17059000010223066,0.17132455766614826,0.09964355033749726,0.8098988823842469,0.00026609898882384245,0.0
temporal,LOG_TRAIN_P99,0.95,0.02,0.99,0.1,37580,7134,0.18983501862692923,1216,0.17045135968601066,0.17059000010223066,0.17132455766614826,0.09964355033749726,0.8098988823842469,0.00026609898882384245,0.0
temporal,LOG_TRAIN_P99,0.95,0.05,0.9,0.01,37580,8233,0.2190792974986695,1417,0.17211223126442365,0.1718444770168085,0.1730977546972042,0.1004999307411604,0.7767429483767961,0.004177754124534327,0.0
temporal,LOG_TRAIN_P99,0.95,0.05,0.9,0.02,37580,8233,0.2190792974986695,1417,0.17211223126442365,0.1718444770168085,0.1730977546972042,0.09952068646228866,0.7645023948908994,0.01641830761043108,0.0
temporal,LOG_TRAIN_P99,0.95,0.05,0.9,0.05,37580,8233,0.2190792974986695,1417,0.17211223126442365,0.1718444770168085,0.1730977546972042,0.09938231498810025,0.7627727514635444,0.018147951037786058,0.0
temporal,LOG_TRAIN_P99,0.95,0.05,0.9,0.1,37580,8233,0.2190792974986695,1417,0.17211223126442365,0.1718444770168085,0.1730977546972042,0.09935464069326258,0.7624268227780735,0.018493879723257053,0.0
temporal,LOG_TRAIN_P99,0.95,0.05,0.95,0.01,37580,8233,0.2190792974986695,1417,0.17211223126442365,0.1718444770168085,0.1730977546972042,0.1004999307411604,0.7767429483767961,0.004177754124534327,0.0
temporal,LOG_TRAIN_P99,0.95,0.05,0.95,0.02,37580,8233,0.2190792974986695,1417,0.17211223126442365,0.1718444770168085,0.1730977546972042,0.09952068646228866,0.7645023948908994,0.01641830761043108,0.0
temporal,LOG_TRAIN_P99,0.95,0.05,0.95,0.05,37580,8233,0.2190792974986695,1417,0.17211223126442365,0.1718444770168085,0.1730977546972042,0.09938657257192145,0.7628259712613092,0.018094731240021287,0.0
temporal,LOG_TRAIN_P99,0.95,0.05,0.95,0.1,37580,8233,0.2190792974986695,1417,0.17211223126442365,0.1718444770168085,0.1730977546972042,0.09938657257192145,0.7628259712613092,0.018094731240021287,0.0
temporal,LOG_TRAIN_P99,0.95,0.05,0.97,0.01,37580,8233,0.2190792974986695,1417,0.17211223126442365,0.1718444770168085,0.1730977546972042,0.1004999307411604,0.7767429483767961,0.004177754124534327,0.0
temporal,LOG_TRAIN_P99,0.95,0.05,0.97,0.02,37580,8233,0.2190792974986695,1417,0.17211223126442365,0.1718444770168085,0.1730977546972042,0.09954623196521575,0.7648217136774881,0.016098988823842468,0.0
temporal,LOG_TRAIN_P99,0.95,0.05,0.97,0.05,37580,8233,0.2190792974986695,1417,0.17211223126442365,0.1718444770168085,0.1730977546972042,0.09949514095936157,0.7641830761043108,0.01673762639701969,0.0
temporal,LOG_TRAIN_P99,0.95,0.05,0.97,0.1,37580,8233,0.2190792974986695,1417,0.17211223126442365,0.1718444770168085,0.1730977546972042,0.09949514095936157,0.7641830761043108,0.01673762639701969,0.0
temporal,LOG_TRAIN_P99,0.95,0.05,0.99,0.01,37580,8233,0.2190792974986695,1417,0.17211223126442365,0.1718444770168085,0.1730977546972042,0.10081286315201723,0.7806546035125067,0.00026609898882384245,0.0
temporal,LOG_TRAIN_P99,0.95,0.05,0.99,0.02,37580,8233,0.2190792974986695,1417,0.17211223126442365,0.1718444770168085,0.1730977546972042,0.10081286315201723,0.7806546035125067,0.00026609898882384245,0.0
temporal,LOG_TRAIN_P99,0.95,0.05,0.99,0.05,37580,8233,0.2190792974986695,1417,0.17211223126442365,0.1718444770168085,0.1730977546972042,0.10081286315201723,0.7806546035125067,0.00026609898882384245,0.0
temporal,LOG_TRAIN_P99,0.95,0.05,0.99,0.1,37580,8233,0.2190792974986695,1417,0.17211223126442365,0.1718444770168085,0.1730977546972042,0.10081286315201723,0.7806546035125067,0.00026609898882384245,0.0
temporal,LOG_TRAIN_P99,0.95,0.1,0.9,0.01,37580,8233,0.2190792974986695,1417,0.17211223126442365,0.1718444770168085,0.1730977546972042,0.1004999307411604,0.7767429483767961,0.004177754124534327,0.0
temporal,LOG_TRAIN_P99,0.95,0.1,0.9,0.02,37580,8233,0.2190792974986695,1417,0.17211223126442365,0.1718444770168085,0.1730977546972042,0.09952068646228866,0.7645023948908994,0.01641830761043108,0.0
temporal,LOG_TRAIN_P99,0.95,0.1,0.9,0.05,37580,8233,0.2190792974986695,1417,0.17211223126442365,0.1718444770168085,0.1730977546972042,0.09938231498810025,0.7627727514635444,0.018147951037786058,0.0
temporal,LOG_TRAIN_P99,0.95,0.1,0.9,0.1,37580,8233,0.2190792974986695,1417,0.17211223126442365,0.1718444770168085,0.1730977546972042,0.09935464069326258,0.7624268227780735,0.018493879723257053,0.0
temporal,LOG_TRAIN_P99,0.95,0.1,0.95,0.01,37580,8233,0.2190792974986695,1417,0.17211223126442365,0.1718444770168085,0.1730977546972042,0.1004999307411604,0.7767429483767961,0.004177754124534327,0.0
temporal,LOG_TRAIN_P99,0.95,0.1,0.95,0.02,37580,8233,0.2190792974986695,1417,0.17211223126442365,0.1718444770168085,0.1730977546972042,0.09952068646228866,0.7645023948908994,0.01641830761043108,0.0
temporal,LOG_TRAIN_P99,0.95,0.1,0.95,0.05,37580,8233,0.2190792974986695,1417,0.17211223126442365,0.1718444770168085,0.1730977546972042,0.09938657257192145,0.7628259712613092,0.018094731240021287,0.0
temporal,LOG_TRAIN_P99,0.95,0.1,0.95,0.1,37580,8233,0.2190792974986695,1417,0.17211223126442365,0.1718444770168085,0.1730977546972042,0.09938657257192145,0.7628259712613092,0.018094731240021287,0.0
temporal,LOG_TRAIN_P99,0.95,0.1,0.97,0.01,37580,8233,0.2190792974986695,1417,0.17211223126442365,0.1718444770168085,0.1730977546972042,0.1004999307411604,0.7767429483767961,0.004177754124534327,0.0
temporal,LOG_TRAIN_P99,0.95,0.1,0.97,0.02,37580,8233,0.2190792974986695,1417,0.17211223126442365,0.1718444770168085,0.1730977546972042,0.09954623196521575,0.7648217136774881,0.016098988823842468,0.0
temporal,LOG_TRAIN_P99,0.95,0.1,0.97,0.05,37580,8233,0.2190792974986695,1417,0.17211223126442365,0.1718444770168085,0.1730977546972042,0.09949514095936157,0.7641830761043108,0.01673762639701969,0.0
temporal,LOG_TRAIN_P99,0.95,0.1,0.97,0.1,37580,8233,0.2190792974986695,1417,0.17211223126442365,0.1718444770168085,0.1730977546972042,0.09949514095936157,0.7641830761043108,0.01673762639701969,0.0
temporal,LOG_TRAIN_P99,0.95,0.1,0.99,0.01,37580,8233,0.2190792974986695,1417,0.17211223126442365,0.1718444770168085,0.1730977546972042,0.10081286315201723,0.7806546035125067,0.00026609898882384245,0.0
temporal,LOG_TRAIN_P99,0.95,0.1,0.99,0.02,37580,8233,0.2190792974986695,1417,0.17211223126442365,0.1718444770168085,0.1730977546972042,0.10081286315201723,0.7806546035125067,0.00026609898882384245,0.0
temporal,LOG_TRAIN_P99,0.95,0.1,0.99,0.05,37580,8233,0.2190792974986695,1417,0.17211223126442365,0.1718444770168085,0.1730977546972042,0.10081286315201723,0.7806546035125067,0.00026609898882384245,0.0
temporal,LOG_TRAIN_P99,0.95,0.1,0.99,0.1,37580,8233,0.2190792974986695,1417,0.17211223126442365,0.1718444770168085,0.1730977546972042,0.10081286315201723,0.7806546035125067,0.00026609898882384245,0.0
temporal,LOG_TRAIN_P99,0.95,0.2,0.9,0.01,37580,8233,0.2190792974986695,1417,0.17211223126442365,0.1718444770168085,0.1730977546972042,0.1004999307411604,0.7767429483767961,0.004177754124534327,0.0
temporal,LOG_TRAIN_P99,0.95,0.2,0.9,0.02,37580,8233,0.2190792974986695,1417,0.17211223126442365,0.1718444770168085,0.1730977546972042,0.09952068646228866,0.7645023948908994,0.01641830761043108,0.0
temporal,LOG_TRAIN_P99,0.95,0.2,0.9,0.05,37580,8233,0.2190792974986695,1417,0.17211223126442365,0.1718444770168085,0.1730977546972042,0.09938231498810025,0.7627727514635444,0.018147951037786058,0.0
temporal,LOG_TRAIN_P99,0.95,0.2,0.9,0.1,37580,8233,0.2190792974986695,1417,0.17211223126442365,0.1718444770168085,0.1730977546972042,0.09935464069326258,0.7624268227780735,0.018493879723257053,0.0
temporal,LOG_TRAIN_P99,0.95,0.2,0.95,0.01,37580,8233,0.2190792974986695,1417,0.17211223126442365,0.1718444770168085,0.1730977546972042,0.1004999307411604,0.7767429483767961,0.004177754124534327,0.0
temporal,LOG_TRAIN_P99,0.95,0.2,0.95,0.02,37580,8233,0.2190792974986695,1417,0.17211223126442365,0.1718444770168085,0.1730977546972042,0.09952068646228866,0.7645023948908994,0.01641830761043108,0.0
temporal,LOG_TRAIN_P99,0.95,0.2,0.95,0.05,37580,8233,0.2190792974986695,1417,0.17211223126442365,0.1718444770168085,0.1730977546972042,0.09938657257192145,0.7628259712613092,0.018094731240021287,0.0
temporal,LOG_TRAIN_P99,0.95,0.2,0.95,0.1,37580,8233,0.2190792974986695,1417,0.17211223126442365,0.1718444770168085,0.1730977546972042,0.09938657257192145,0.7628259712613092,0.018094731240021287,0.0
temporal,LOG_TRAIN_P99,0.95,0.2,0.97,0.01,37580,8233,0.2190792974986695,1417,0.17211223126442365,0.1718444770168085,0.1730977546972042,0.1004999307411604,0.7767429483767961,0.004177754124534327,0.0
temporal,LOG_TRAIN_P99,0.95,0.2,0.97,0.02,37580,8233,0.2190792974986695,1417,0.17211223126442365,0.1718444770168085,0.1730977546972042,0.09954623196521575,0.7648217136774881,0.016098988823842468,0.0
temporal,LOG_TRAIN_P99,0.95,0.2,0.97,0.05,37580,8233,0.2190792974986695,1417,0.17211223126442365,0.1718444770168085,0.1730977546972042,0.09949514095936157,0.7641830761043108,0.01673762639701969,0.0
temporal,LOG_TRAIN_P99,0.95,0.2,0.97,0.1,37580,8233,0.2190792974986695,1417,0.17211223126442365,0.1718444770168085,0.1730977546972042,0.09949514095936157,0.7641830761043108,0.01673762639701969,0.0
temporal,LOG_TRAIN_P99,0.95,0.2,0.99,0.01,37580,8233,0.2190792974986695,1417,0.17211223126442365,0.1718444770168085,0.1730977546972042,0.10081286315201723,0.7806546035125067,0.00026609898882384245,0.0
temporal,LOG_TRAIN_P99,0.95,0.2,0.99,0.02,37580,8233,0.2190792974986695,1417,0.17211223126442365,0.1718444770168085,0.1730977546972042,0.10081286315201723,0.7806546035125067,0.00026609898882384245,0.0
temporal,LOG_TRAIN_P99,0.95,0.2,0.99,0.05,37580,8233,0.2190792974986695,1417,0.17211223126442365,0.1718444770168085,0.1730977546972042,0.10081286315201723,0.7806546035125067,0.00026609898882384245,0.0
temporal,LOG_TRAIN_P99,0.95,0.2,0.99,0.1,37580,8233,0.2190792974986695,1417,0.17211223126442365,0.1718444770168085,0.1730977546972042,0.10081286315201723,0.7806546035125067,0.00026609898882384245,0.0
temporal,LOG_TRAIN_P99,0.97,0.01,0.9,0.01,37580,3184,0.08472591804151144,546,0.17148241206030151,0.19575282658016288,0.17430702330523065,0.09877410549748657,0.9110963278339542,0.004177754124534327,0.0
temporal,LOG_TRAIN_P99,0.97,0.01,0.9,0.02,37580,3184,0.08472591804151144,546,0.17148241206030151,0.19575282658016288,0.17430702330523065,0.09779486121861482,0.8988557743480575,0.01641830761043108,0.0
temporal,LOG_TRAIN_P99,0.97,0.01,0.9,0.05,37580,3184,0.08472591804151144,546,0.17148241206030151,0.19575282658016288,0.17430702330523065,0.09765648974442642,0.8971261309207025,0.018147951037786058,0.0
temporal,LOG_TRAIN_P99,0.97,0.01,0.9,0.1,37580,3184,0.08472591804151144,546,0.17148241206030151,0.19575282658016288,0.17430702330523065,0.09762881544958875,0.8967802022352315,0.018493879723257053,0.0
temporal,LOG_TRAIN_P99,0.97,0.01,0.95,0.01,37580,3184,0.08472591804151144,546,0.17148241206030151,0.19575282658016288,0.17430702330523065,0.09877410549748657,0.9110963278339542,0.004177754124534327,0.0
temporal,LOG_TRAIN_P99,0.97,0.01,0.95,0.02,37580,3184,0.08472591804151144,546,0.17148241206030151,0.19575282658016288,0.17430702330523065,0.09779486121861482,0.8988557743480575,0.01641830761043108,0.0
temporal,LOG_TRAIN_P99,0.97,0.01,0.95,0.05,37580,3184,0.08472591804151144,546,0.17148241206030151,0.19575282658016288,0.17430702330523065,0.09766074732824762,0.8971793507184672,0.018094731240021287,0.0
temporal,LOG_TRAIN_P99,0.97,0.01,0.95,0.1,37580,3184,0.08472591804151144,546,0.17148241206030151,0.19575282658016288,0.17430702330523065,0.09766074732824762,0.8971793507184672,0.018094731240021287,0.0
temporal,LOG_TRAIN_P99,0.97,0.01,0.97,0.01,37580,3184,0.08472591804151144,546,0.17148241206030151,0.19575282658016288,0.17430702330523065,0.09877410549748657,0.9110963278339542,0.004177754124534327,0.0
temporal,LOG_TRAIN_P99,0.97,0.01,0.97,0.02,37580,3184,0.08472591804151144,546,0.17148241206030151,0.19575282658016288,0.17430702330523065,0.09782040672154191,0.899175093134646,0.016098988823842468,0.0
temporal,LOG_TRAIN_P99,0.97,0.01,0.97,0.05,37580,3184,0.08472591804151144,546,0.17148241206030151,0.19575282658016288,0.17430702330523065,0.09776931571568773,0.8985364555614689,0.01673762639701969,0.0
temporal,LOG_TRAIN_P99,0.97,0.01,0.97,0.1,37580,3184,0.08472591804151144,546,0.17148241206030151,0.19575282658016288,0.17430702330523065,0.09776931571568773,0.8985364555614689,0.01673762639701969,0.0
temporal,LOG_TRAIN_P99,0.97,0.01,0.99,0.01,37580,3184,0.08472591804151144,546,0.17148241206030151,0.19575282658016288,0.17430702330523065,0.09908703790834342,0.9150079829696647,0.00026609898882384245,0.0
temporal,LOG_TRAIN_P99,0.97,0.01,0.99,0.02,37580,3184,0.08472591804151144,546,0.17148241206030151,0.19575282658016288,0.17430702330523065,0.09908703790834342,0.9150079829696647,0.00026609898882384245,0.0
temporal,LOG_TRAIN_P99,0.97,0.01,0.99,0.05,37580,3184,0.08472591804151144,546,0.17148241206030151,0.19575282658016288,0.17430702330523065,0.09908703790834342,0.9150079829696647,0.00026609898882384245,0.0
temporal,LOG_TRAIN_P99,0.97,0.01,0.99,0.1,37580,3184,0.08472591804151144,546,0.17148241206030151,0.19575282658016288,0.17430702330523065,0.09908703790834342,0.9150079829696647,0.00026609898882384245,0.0
temporal,LOG_TRAIN_P99,0.97,0.02,0.9,0.01,37580,6603,0.1757051623203832,1112,0.16840829925791306,0.17044635682007936,0.16973053499104493,0.09953081379375439,0.8201170835550825,0.004177754124534327,0.0
temporal,LOG_TRAIN_P99,0.97,0.02,0.9,0.02,37580,6603,0.1757051623203832,1112,0.16840829925791306,0.17044635682007936,0.16973053499104493,0.09855156951488266,0.8078765300691857,0.01641830761043108,0.0
temporal,LOG_TRAIN_P99,0.97,0.02,0.9,0.05,37580,6603,0.1757051623203832,1112,0.16840829925791306,0.17044635682007936,0.16973053499104493,0.09841319804069426,0.8061468866418308,0.018147951037786058,0.0
temporal,LOG_TRAIN_P99,0.97,0.02,0.9,0.1,37580,6603,0.1757051623203832,1112,0.16840829925791306,0.17044635682007936,0.16973053499104493,0.09838552374585659,0.8058009579563598,0.018493879723257053,0.0
temporal,LOG_TRAIN_P99,0.97,0.02,0.95,0.01,37580,6603,0.1757051623203832,1112,0.16840829925791306,0.17044635682007936,0.16973053499104493,0.09953081379375439,0.8201170835550825,0.004177754124534327,0.0
temporal,LOG_TRAIN_P99,0.97,0.02,0.95,0.02,37580,6603,0.1757051623203832,1112,0.16840829925791306,0.17044635682007936,0.16973053499104493,0.09855156951488266,0.8078765300691857,0.01641830761043108,0.0
temporal,LOG_TRAIN_P99,0.97,0.02,0.95,0.05,37580,6603,0.1757051623203832,1112,0.16840829925791306,0.17044635682007936,0.16973053499104493,0.09841745562451544,0.8062001064395955,0.018094731240021287,0.0
temporal,LOG_TRAIN_P99,0.97,0.02,0.95,0.1,37580,6603,0.1757051623203832,1112,0.16840829925791306,0.17044635682007936,0.16973053499104493,0.09841745562451544,0.8062001064395955,0.018094731240021287,0.0
temporal,LOG_TRAIN_P99,0.97,0.02,0.97,0.01,37580,6603,0.1757051623203832,1112,0.16840829925791306,0.17044635682007936,0.16973053499104493,0.09953081379375439,0.8201170835550825,0.004177754124534327,0.0
temporal,LOG_TRAIN_P99,0.97,0.02,0.97,0.02,37580,6603,0.1757051623203832,1112,0.16840829925791306,0.17044635682007936,0.16973053499104493,0.09857711501780975,0.8081958488557743,0.016098988823842468,0.0
temporal,LOG_TRAIN_P99,0.97,0.02,0.97,0.05,37580,6603,0.1757051623203832,1112,0.16840829925791306,0.17044635682007936,0.16973053499104493,0.09852602401195557,0.8075572112825972,0.01673762639701969,0.0
temporal,LOG_TRAIN_P99,0.97,0.02,0.97,0.1,37580,6603,0.1757051623203832,1112,0.16840829925791306,0.17044635682007936,0.16973053499104493,0.09852602401195557,0.8075572112825972,0.01673762639701969,0.0
temporal,LOG_TRAIN_P99,0.97,0.02,0.99,0.01,37580,6603,0.1757051623203832,1112,0.16840829925791306,0.17044635682007936,0.16973053499104493,0.09984374620461124,0.824028738690793,0.00026609898882384245,0.0
temporal,LOG_TRAIN_P99,0.97,0.02,0.99,0.02,37580,6603,0.1757051623203832,1112,0.16840829925791306,0.17044635682007936,0.16973053499104493,0.09984374620461124,0.824028738690793,0.00026609898882384245,0.0
temporal,LOG_TRAIN_P99,0.97,0.02,0.99,0.05,37580,6603,0.1757051623203832,1112,0.16840829925791306,0.17044635682007936,0.16973053499104493,0.09984374620461124,0.824028738690793,0.00026609898882384245,0.0
temporal,LOG_TRAIN_P99,0.97,0.02,0.99,0.1,37580,6603,0.1757051623203832,1112,0.16840829925791306,0.17044635682007936,0.16973053499104493,0.09984374620461124,0.824028738690793,0.00026609898882384245,0.0
temporal,LOG_TRAIN_P99,0.97,0.05,0.9,0.01,37580,6657,0.17714209686003193,1121,0.16839417154874567,0.15880884381111857,0.16963322211349682,0.09962674172519538,0.8186801490154337,0.004177754124534327,0.0
temporal,LOG_TRAIN_P99,0.97,0.05,0.9,0.02,37580,6657,0.17714209686003193,1121,0.16839417154874567,0.15880884381111857,0.16963322211349682,0.09864749744632365,0.806439595529537,0.01641830761043108,0.0
temporal,LOG_TRAIN_P99,0.97,0.05,0.9,0.05,37580,6657,0.17714209686003193,1121,0.16839417154874567,0.15880884381111857,0.16963322211349682,0.09850912597213525,0.804709952102182,0.018147951037786058,0.0
temporal,LOG_TRAIN_P99,0.97,0.05,0.9,0.1,37580,6657,0.17714209686003193,1121,0.16839417154874567,0.15880884381111857,0.16963322211349682,0.09848145167729756,0.804364023416711,0.018493879723257053,0.0
temporal,LOG_TRAIN_P99,0.97,0.05,0.95,0.01,37580,6657,0.17714209686003193,1121,0.16839417154874567,0.15880884381111857,0.16963322211349682,0.09962674172519538,0.8186801490154337,0.004177754124534327,0.0
temporal,LOG_TRAIN_P99,0.97,0.05,0.95,0.02,37580,6657,0.17714209686003193,1121,0.16839417154874567,0.15880884381111857,0.16963322211349682,0.09864749744632365,0.806439595529537,0.01641830761043108,0.0
temporal,LOG_TRAIN_P99,0.97,0.05,0.95,0.05,37580,6657,0.17714209686003193,1121,0.16839417154874567,0.15880884381111857,0.16963322211349682,0.09851338355595643,0.8047631718999467,0.018094731240021287,0.0
temporal,LOG_TRAIN_P99,0.97,0.05,0.95,0.1,37580,6657,0.17714209686003193,1121,0.16839417154874567,0.15880884381111857,0.16963322211349682,0.09851338355595643,0.8047631718999467,0.018094731240021287,0.0
temporal,LOG_TRAIN_P99,0.97,0.05,0.97,0.01,37580,6657,0.17714209686003193,1121,0.16839417154874567,0.15880884381111857,0.16963322211349682,0.09962674172519538,0.8186801490154337,0.004177754124534327,0.0
temporal,LOG_TRAIN_P99,0.97,0.05,0.97,0.02,37580,6657,0.17714209686003193,1121,0.16839417154874567,0.15880884381111857,0.16963322211349682,0.09867304294925074,0.8067589143161256,0.016098988823842468,0.0
temporal,LOG_TRAIN_P99,0.97,0.05,0.97,0.05,37580,6657,0.17714209686003193,1121,0.16839417154874567,0.15880884381111857,0.16963322211349682,0.09862195194339657,0.8061202767429484,0.01673762639701969,0.0
temporal,LOG_TRAIN_P99,0.97,0.05,0.97,0.1,37580,6657,0.17714209686003193,1121,0.16839417154874567,0.15880884381111857,0.16963322211349682,0.09862195194339657,0.8061202767429484,0.01673762639701969,0.0
temporal,LOG_TRAIN_P99,0.97,0.05,0.99,0.01,37580,6657,0.17714209686003193,1121,0.16839417154874567,0.15880884381111857,0.16963322211349682,0.09993967413605222,0.8225918041511442,0.00026609898882384245,0.0
temporal,LOG_TRAIN_P99,0.97,0.05,0.99,0.02,37580,6657,0.17714209686003193,1121,0.16839417154874567,0.15880884381111857,0.16963322211349682,0.09993967413605222,0.8225918041511442,0.00026609898882384245,0.0
temporal,LOG_TRAIN_P99,0.97,0.05,0.99,0.05,37580,6657,0.17714209686003193,1121,0.16839417154874567,0.15880884381111857,0.16963322211349682,0.09993967413605222,0.8225918041511442,0.00026609898882384245,0.0
temporal,LOG_TRAIN_P99,0.97,0.05,0.99,0.1,37580,6657,0.17714209686003193,1121,0.16839417154874567,0.15880884381111857,0.16963322211349682,0.09993967413605222,0.8225918041511442,0.00026609898882384245,0.0
temporal,LOG_TRAIN_P99,0.97,0.1,0.9,0.01,37580,6657,0.17714209686003193,1121,0.16839417154874567,0.15880884381111857,0.16963322211349682,0.09962674172519538,0.8186801490154337,0.004177754124534327,0.0
temporal,LOG_TRAIN_P99,0.97,0.1,0.9,0.02,37580,6657,0.17714209686003193,1121,0.16839417154874567,0.15880884381111857,0.16963322211349682,0.09864749744632365,0.806439595529537,0.01641830761043108,0.0
temporal,LOG_TRAIN_P99,0.97,0.1,0.9,0.05,37580,6657,0.17714209686003193,1121,0.16839417154874567,0.15880884381111857,0.16963322211349682,0.09850912597213525,0.804709952102182,0.018147951037786058,0.0
temporal,LOG_TRAIN_P99,0.97,0.1,0.9,0.1,37580,6657,0.17714209686003193,1121,0.16839417154874567,0.15880884381111857,0.16963322211349682,0.09848145167729756,0.804364023416711,0.018493879723257053,0.0
temporal,LOG_TRAIN_P99,0.97,0.1,0.95,0.01,37580,6657,0.17714209686003193,1121,0.16839417154874567,0.15880884381111857,0.16963322211349682,0.09962674172519538,0.8186801490154337,0.004177754124534327,0.0
temporal,LOG_TRAIN_P99,0.97,0.1,0.95,0.02,37580,6657,0.17714209686003193,1121,0.16839417154874567,0.15880884381111857,0.16963322211349682,0.09864749744632365,0.806439595529537,0.01641830761043108,0.0
temporal,LOG_TRAIN_P99,0.97,0.1,0.95,0.05,37580,6657,0.17714209686003193,1121,0.16839417154874567,0.15880884381111857,0.16963322211349682,0.09851338355595643,0.8047631718999467,0.018094731240021287,0.0
temporal,LOG_TRAIN_P99,0.97,0.1,0.95,0.1,37580,6657,0.17714209686003193,1121,0.16839417154874567,0.15880884381111857,0.16963322211349682,0.09851338355595643,0.8047631718999467,0.018094731240021287,0.0
temporal,LOG_TRAIN_P99,0.97,0.1,0.97,0.01,37580,6657,0.17714209686003193,1121,0.16839417154874567,0.15880884381111857,0.16963322211349682,0.09962674172519538,0.8186801490154337,0.004177754124534327,0.0
temporal,LOG_TRAIN_P99,0.97,0.1,0.97,0.02,37580,6657,0.17714209686003193,1121,0.16839417154874567,0.15880884381111857,0.16963322211349682,0.09867304294925074,0.8067589143161256,0.016098988823842468,0.0
temporal,LOG_TRAIN_P99,0.97,0.1,0.97,0.05,37580,6657,0.17714209686003193,1121,0.16839417154874567,0.15880884381111857,0.16963322211349682,0.09862195194339657,0.8061202767429484,0.01673762639701969,0.0
temporal,LOG_TRAIN_P99,0.97,0.1,0.97,0.1,37580,6657,0.17714209686003193,1121,0.16839417154874567,0.15880884381111857,0.16963322211349682,0.09862195194339657,0.8061202767429484,0.01673762639701969,0.0
temporal,LOG_TRAIN_P99,0.97,0.1,0.99,0.01,37580,6657,0.17714209686003193,1121,0.16839417154874567,0.15880884381111857,0.16963322211349682,0.09993967413605222,0.8225918041511442,0.00026609898882384245,0.0
temporal,LOG_TRAIN_P99,0.97,0.1,0.99,0.02,37580,6657,0.17714209686003193,1121,0.16839417154874567,0.15880884381111857,0.16963322211349682,0.09993967413605222,0.8225918041511442,0.00026609898882384245,0.0
temporal,LOG_TRAIN_P99,0.97,0.1,0.99,0.05,37580,6657,0.17714209686003193,1121,0.16839417154874567,0.15880884381111857,0.16963322211349682,0.09993967413605222,0.8225918041511442,0.00026609898882384245,0.0
temporal,LOG_TRAIN_P99,0.97,0.1,0.99,0.1,37580,6657,0.17714209686003193,1121,0.16839417154874567,0.15880884381111857,0.16963322211349682,0.09993967413605222,0.8225918041511442,0.00026609898882384245,0.0
temporal,LOG_TRAIN_P99,0.97,0.2,0.9,0.01,37580,6657,0.17714209686003193,1121,0.16839417154874567,0.15880884381111857,0.16963322211349682,0.09962674172519538,0.8186801490154337,0.004177754124534327,0.0
temporal,LOG_TRAIN_P99,0.97,0.2,0.9,0.02,37580,6657,0.17714209686003193,1121,0.16839417154874567,0.15880884381111857,0.16963322211349682,0.09864749744632365,0.806439595529537,0.01641830761043108,0.0
temporal,LOG_TRAIN_P99,0.97,0.2,0.9,0.05,37580,6657,0.17714209686003193,1121,0.16839417154874567,0.15880884381111857,0.16963322211349682,0.09850912597213525,0.804709952102182,0.018147951037786058,0.0
temporal,LOG_TRAIN_P99,0.97,0.2,0.9,0.1,37580,6657,0.17714209686003193,1121,0.16839417154874567,0.15880884381111857,0.16963322211349682,0.09848145167729756,0.804364023416711,0.018493879723257053,0.0
temporal,LOG_TRAIN_P99,0.97,0.2,0.95,0.01,37580,6657,0.17714209686003193,1121,0.16839417154874567,0.15880884381111857,0.16963322211349682,0.09962674172519538,0.8186801490154337,0.004177754124534327,0.0
temporal,LOG_TRAIN_P99,0.97,0.2,0.95,0.02,37580,6657,0.17714209686003193,1121,0.16839417154874567,0.15880884381111857,0.16963322211349682,0.09864749744632365,0.806439595529537,0.01641830761043108,0.0
temporal,LOG_TRAIN_P99,0.97,0.2,0.95,0.05,37580,6657,0.17714209686003193,1121,0.16839417154874567,0.15880884381111857,0.16963322211349682,0.09851338355595643,0.8047631718999467,0.018094731240021287,0.0
temporal,LOG_TRAIN_P99,0.97,0.2,0.95,0.1,37580,6657,0.17714209686003193,1121,0.16839417154874567,0.15880884381111857,0.16963322211349682,0.09851338355595643,0.8047631718999467,0.018094731240021287,0.0
temporal,LOG_TRAIN_P99,0.97,0.2,0.97,0.01,37580,6657,0.17714209686003193,1121,0.16839417154874567,0.15880884381111857,0.16963322211349682,0.09962674172519538,0.8186801490154337,0.004177754124534327,0.0
temporal,LOG_TRAIN_P99,0.97,0.2,0.97,0.02,37580,6657,0.17714209686003193,1121,0.16839417154874567,0.15880884381111857,0.16963322211349682,0.09867304294925074,0.8067589143161256,0.016098988823842468,0.0
temporal,LOG_TRAIN_P99,0.97,0.2,0.97,0.05,37580,6657,0.17714209686003193,1121,0.16839417154874567,0.15880884381111857,0.16963322211349682,0.09862195194339657,0.8061202767429484,0.01673762639701969,0.0
temporal,LOG_TRAIN_P99,0.97,0.2,0.97,0.1,37580,6657,0.17714209686003193,1121,0.16839417154874567,0.15880884381111857,0.16963322211349682,0.09862195194339657,0.8061202767429484,0.01673762639701969,0.0
temporal,LOG_TRAIN_P99,0.97,0.2,0.99,0.01,37580,6657,0.17714209686003193,1121,0.16839417154874567,0.15880884381111857,0.16963322211349682,0.09993967413605222,0.8225918041511442,0.00026609898882384245,0.0
temporal,LOG_TRAIN_P99,0.97,0.2,0.99,0.02,37580,6657,0.17714209686003193,1121,0.16839417154874567,0.15880884381111857,0.16963322211349682,0.09993967413605222,0.8225918041511442,0.00026609898882384245,0.0
temporal,LOG_TRAIN_P99,0.97,0.2,0.99,0.05,37580,6657,0.17714209686003193,1121,0.16839417154874567,0.15880884381111857,0.16963322211349682,0.09993967413605222,0.8225918041511442,0.00026609898882384245,0.0
temporal,LOG_TRAIN_P99,0.97,0.2,0.99,0.1,37580,6657,0.17714209686003193,1121,0.16839417154874567,0.15880884381111857,0.16963322211349682,0.09993967413605222,0.8225918041511442,0.00026609898882384245,0.0
temporal,LOG_TRAIN_P99,0.99,0.01,0.9,0.01,37580,1221,0.03249068653539117,212,0.17362817362817362,0.19001737211168843,0.1753617641296705,0.09959367619076162,0.9633315593400745,0.004177754124534327,0.0
temporal,LOG_TRAIN_P99,0.99,0.01,0.9,0.02,37580,1221,0.03249068653539117,212,0.17362817362817362,0.19001737211168843,0.1753617641296705,0.09861443191188989,0.9510910058541777,0.01641830761043108,0.0
temporal,LOG_TRAIN_P99,0.99,0.01,0.9,0.05,37580,1221,0.03249068653539117,212,0.17362817362817362,0.19001737211168843,0.1753617641296705,0.09847606043770148,0.9493613624268228,0.018147951037786058,0.0
temporal,LOG_TRAIN_P99,0.99,0.01,0.9,0.1,37580,1221,0.03249068653539117,212,0.17362817362817362,0.19001737211168843,0.1753617641296705,0.0984483861428638,0.9490154337413518,0.018493879723257053,0.0
temporal,LOG_TRAIN_P99,0.99,0.01,0.95,0.01,37580,1221,0.03249068653539117,212,0.17362817362817362,0.19001737211168843,0.1753617641296705,0.09959367619076162,0.9633315593400745,0.004177754124534327,0.0
temporal,LOG_TRAIN_P99,0.99,0.01,0.95,0.02,37580,1221,0.03249068653539117,212,0.17362817362817362,0.19001737211168843,0.1753617641296705,0.09861443191188989,0.9510910058541777,0.01641830761043108,0.0
temporal,LOG_TRAIN_P99,0.99,0.01,0.95,0.05,37580,1221,0.03249068653539117,212,0.17362817362817362,0.19001737211168843,0.1753617641296705,0.09848031802152266,0.9494145822245875,0.018094731240021287,0.0
temporal,LOG_TRAIN_P99,0.99,0.01,0.95,0.1,37580,1221,0.03249068653539117,212,0.17362817362817362,0.19001737211168843,0.1753617641296705,0.09848031802152266,0.9494145822245875,0.018094731240021287,0.0
temporal,LOG_TRAIN_P99,0.99,0.01,0.97,0.01,37580,1221,0.03249068653539117,212,0.17362817362817362,0.19001737211168843,0.1753617641296705,0.09959367619076162,0.9633315593400745,0.004177754124534327,0.0
temporal,LOG_TRAIN_P99,0.99,0.01,0.97,0.02,37580,1221,0.03249068653539117,212,0.17362817362817362,0.19001737211168843,0.1753617641296705,0.09863997741481698,0.9514103246407664,0.016098988823842468,0.0
temporal,LOG_TRAIN_P99,0.99,0.01,0.97,0.05,37580,1221,0.03249068653539117,212,0.17362817362817362,0.19001737211168843,0.1753617641296705,0.0985888864089628,0.9507716870675892,0.01673762639701969,0.0
temporal,LOG_TRAIN_P99,0.99,0.01,0.97,0.1,37580,1221,0.03249068653539117,212,0.17362817362817362,0.19001737211168843,0.1753617641296705,0.0985888864089628,0.9507716870675892,0.01673762639701969,0.0
temporal,LOG_TRAIN_P99,0.99,0.01,0.99,0.01,37580,1221,0.03249068653539117,212,0.17362817362817362,0.19001737211168843,0.1753617641296705,0.09990660860161846,0.967243214475785,0.00026609898882384245,0.0
temporal,LOG_TRAIN_P99,0.99,0.01,0.99,0.02,37580,1221,0.03249068653539117,212,0.17362817362817362,0.19001737211168843,0.1753617641296705,0.09990660860161846,0.967243214475785,0.00026609898882384245,0.0
temporal,LOG_TRAIN_P99,0.99,0.01,0.99,0.05,37580,1221,0.03249068653539117,212,0.17362817362817362,0.19001737211168843,0.1753617641296705,0.09990660860161846,0.967243214475785,0.00026609898882384245,0.0
temporal,LOG_TRAIN_P99,0.99,0.01,0.99,0.1,37580,1221,0.03249068653539117,212,0.17362817362817362,0.19001737211168843,0.1753617641296705,0.09990660860161846,0.967243214475785,0.00026609898882384245,0.0
temporal,LOG_TRAIN_P99,0.99,0.02,0.9,0.01,37580,1222,0.03251729643427355,212,0.1734860883797054,0.1514368059453241,0.17505539908838472,0.09959101520087338,0.9633049494411922,0.004177754124534327,0.0
temporal,LOG_TRAIN_P99,0.99,0.02,0.9,0.02,37580,1222,0.03251729643427355,212,0.1734860883797054,0.1514368059453241,0.17505539908838472,0.09861177092200164,0.9510643959552953,0.01641830761043108,0.0
temporal,LOG_TRAIN_P99,0.99,0.02,0.9,0.05,37580,1222,0.03251729643427355,212,0.1734860883797054,0.1514368059453241,0.17505539908838472,0.09847339944781325,0.9493347525279404,0.018147951037786058,0.0
temporal,LOG_TRAIN_P99,0.99,0.02,0.9,0.1,37580,1222,0.03251729643427355,212,0.1734860883797054,0.1514368059453241,0.17505539908838472,0.09844572515297556,0.9489888238424694,0.018493879723257053,0.0
temporal,LOG_TRAIN_P99,0.99,0.02,0.95,0.01,37580,1222,0.03251729643427355,212,0.1734860883797054,0.1514368059453241,0.17505539908838472,0.09959101520087338,0.9633049494411922,0.004177754124534327,0.0
temporal,LOG_TRAIN_P99,0.99,0.02,0.95,0.02,37580,1222,0.03251729643427355,212,0.1734860883797054,0.1514368059453241,0.17505539908838472,0.09861177092200164,0.9510643959552953,0.01641830761043108,0.0
temporal,LOG_TRAIN_P99,0.99,0.02,0.95,0.05,37580,1222,0.03251729643427355,212,0.1734860883797054,0.1514368059453241,0.17505539908838472,0.09847765703163441,0.9493879723257052,0.018094731240021287,0.0
temporal,LOG_TRAIN_P99,0.99,0.02,0.95,0.1,37580,1222,0.03251729643427355,212,0.1734860883797054,0.1514368059453241,0.17505539908838472,0.09847765703163441,0.9493879723257052,0.018094731240021287,0.0
temporal,LOG_TRAIN_P99,0.99,0.02,0.97,0.01,37580,1222,0.03251729643427355,212,0.1734860883797054,0.1514368059453241,0.17505539908838472,0.09959101520087338,0.9633049494411922,0.004177754124534327,0.0
temporal,LOG_TRAIN_P99,0.99,0.02,0.97,0.02,37580,1222,0.03251729643427355,212,0.1734860883797054,0.1514368059453241,0.17505539908838472,0.09863731642492873,0.951383714741884,0.016098988823842468,0.0
temporal,LOG_TRAIN_P99,0.99,0.02,0.97,0.05,37580,1222,0.03251729643427355,212,0.1734860883797054,0.1514368059453241,0.17505539908838472,0.09858622541907455,0.9507450771687067,0.01673762639701969,0.0
temporal,LOG_TRAIN_P99,0.99,0.02,0.97,0.1,37580,1222,0.03251729643427355,212,0.1734860883797054,0.1514368059453241,0.17505539908838472,0.09858622541907455,0.9507450771687067,0.01673762639701969,0.0
temporal,LOG_TRAIN_P99,0.99,0.02,0.99,0.01,37580,1222,0.03251729643427355,212,0.1734860883797054,0.1514368059453241,0.17505539908838472,0.09990394761173023,0.9672166045769026,0.00026609898882384245,0.0
temporal,LOG_TRAIN_P99,0.99,0.02,0.99,0.02,37580,1222,0.03251729643427355,212,0.1734860883797054,0.1514368059453241,0.17505539908838472,0.09990394761173023,0.9672166045769026,0.00026609898882384245,0.0
temporal,LOG_TRAIN_P99,0.99,0.02,0.99,0.05,37580,1222,0.03251729643427355,212,0.1734860883797054,0.1514368059453241,0.17505539908838472,0.09990394761173023,0.9672166045769026,0.00026609898882384245,0.0
temporal,LOG_TRAIN_P99,0.99,0.02,0.99,0.1,37580,1222,0.03251729643427355,212,0.1734860883797054,0.1514368059453241,0.17505539908838472,0.09990394761173023,0.9672166045769026,0.00026609898882384245,0.0
temporal,LOG_TRAIN_P99,0.99,0.05,0.9,0.01,37580,1222,0.03251729643427355,212,0.1734860883797054,0.1514368059453241,0.17505539908838472,0.09959101520087338,0.9633049494411922,0.004177754124534327,0.0
temporal,LOG_TRAIN_P99,0.99,0.05,0.9,0.02,37580,1222,0.03251729643427355,212,0.1734860883797054,0.1514368059453241,0.17505539908838472,0.09861177092200164,0.9510643959552953,0.01641830761043108,0.0
temporal,LOG_TRAIN_P99,0.99,0.05,0.9,0.05,37580,1222,0.03251729643427355,212,0.1734860883797054,0.1514368059453241,0.17505539908838472,0.09847339944781325,0.9493347525279404,0.018147951037786058,0.0
temporal,LOG_TRAIN_P99,0.99,0.05,0.9,0.1,37580,1222,0.03251729643427355,212,0.1734860883797054,0.1514368059453241,0.17505539908838472,0.09844572515297556,0.9489888238424694,0.018493879723257053,0.0
temporal,LOG_TRAIN_P99,0.99,0.05,0.95,0.01,37580,1222,0.03251729643427355,212,0.1734860883797054,0.1514368059453241,0.17505539908838472,0.09959101520087338,0.9633049494411922,0.004177754124534327,0.0
temporal,LOG_TRAIN_P99,0.99,0.05,0.95,0.02,37580,1222,0.03251729643427355,212,0.1734860883797054,0.1514368059453241,0.17505539908838472,0.09861177092200164,0.9510643959552953,0.01641830761043108,0.0
temporal,LOG_TRAIN_P99,0.99,0.05,0.95,0.05,37580,1222,0.03251729643427355,212,0.1734860883797054,0.1514368059453241,0.17505539908838472,0.09847765703163441,0.9493879723257052,0.018094731240021287,0.0
temporal,LOG_TRAIN_P99,0.99,0.05,0.95,0.1,37580,1222,0.03251729643427355,212,0.1734860883797054,0.1514368059453241,0.17505539908838472,0.09847765703163441,0.9493879723257052,0.018094731240021287,0.0
temporal,LOG_TRAIN_P99,0.99,0.05,0.97,0.01,37580,1222,0.03251729643427355,212,0.1734860883797054,0.1514368059453241,0.17505539908838472,0.09959101520087338,0.9633049494411922,0.004177754124534327,0.0
temporal,LOG_TRAIN_P99,0.99,0.05,0.97,0.02,37580,1222,0.03251729643427355,212,0.1734860883797054,0.1514368059453241,0.17505539908838472,0.09863731642492873,0.951383714741884,0.016098988823842468,0.0
temporal,LOG_TRAIN_P99,0.99,0.05,0.97,0.05,37580,1222,0.03251729643427355,212,0.1734860883797054,0.1514368059453241,0.17505539908838472,0.09858622541907455,0.9507450771687067,0.01673762639701969,0.0
temporal,LOG_TRAIN_P99,0.99,0.05,0.97,0.1,37580,1222,0.03251729643427355,212,0.1734860883797054,0.1514368059453241,0.17505539908838472,0.09858622541907455,0.9507450771687067,0.01673762639701969,0.0
temporal,LOG_TRAIN_P99,0.99,0.05,0.99,0.01,37580,1222,0.03251729643427355,212,0.1734860883797054,0.1514368059453241,0.17505539908838472,0.09990394761173023,0.9672166045769026,0.00026609898882384245,0.0
temporal,LOG_TRAIN_P99,0.99,0.05,0.99,0.02,37580,1222,0.03251729643427355,212,0.1734860883797054,0.1514368059453241,0.17505539908838472,0.09990394761173023,0.9672166045769026,0.00026609898882384245,0.0
temporal,LOG_TRAIN_P99,0.99,0.05,0.99,0.05,37580,1222,0.03251729643427355,212,0.1734860883797054,0.1514368059453241,0.17505539908838472,0.09990394761173023,0.9672166045769026,0.00026609898882384245,0.0
temporal,LOG_TRAIN_P99,0.99,0.05,0.99,0.1,37580,1222,0.03251729643427355,212,0.1734860883797054,0.1514368059453241,0.17505539908838472,0.09990394761173023,0.9672166045769026,0.00026609898882384245,0.0
temporal,LOG_TRAIN_P99,0.99,0.1,0.9,0.01,37580,1222,0.03251729643427355,212,0.1734860883797054,0.1514368059453241,0.17505539908838472,0.09959101520087338,0.9633049494411922,0.004177754124534327,0.0
temporal,LOG_TRAIN_P99,0.99,0.1,0.9,0.02,37580,1222,0.03251729643427355,212,0.1734860883797054,0.1514368059453241,0.17505539908838472,0.09861177092200164,0.9510643959552953,0.01641830761043108,0.0
temporal,LOG_TRAIN_P99,0.99,0.1,0.9,0.05,37580,1222,0.03251729643427355,212,0.1734860883797054,0.1514368059453241,0.17505539908838472,0.09847339944781325,0.9493347525279404,0.018147951037786058,0.0
temporal,LOG_TRAIN_P99,0.99,0.1,0.9,0.1,37580,1222,0.03251729643427355,212,0.1734860883797054,0.1514368059453241,0.17505539908838472,0.09844572515297556,0.9489888238424694,0.018493879723257053,0.0
temporal,LOG_TRAIN_P99,0.99,0.1,0.95,0.01,37580,1222,0.03251729643427355,212,0.1734860883797054,0.1514368059453241,0.17505539908838472,0.09959101520087338,0.9633049494411922,0.004177754124534327,0.0
temporal,LOG_TRAIN_P99,0.99,0.1,0.95,0.02,37580,1222,0.03251729643427355,212,0.1734860883797054,0.1514368059453241,0.17505539908838472,0.09861177092200164,0.9510643959552953,0.01641830761043108,0.0
temporal,LOG_TRAIN_P99,0.99,0.1,0.95,0.05,37580,1222,0.03251729643427355,212,0.1734860883797054,0.1514368059453241,0.17505539908838472,0.09847765703163441,0.9493879723257052,0.018094731240021287,0.0
temporal,LOG_TRAIN_P99,0.99,0.1,0.95,0.1,37580,1222,0.03251729643427355,212,0.1734860883797054,0.1514368059453241,0.17505539908838472,0.09847765703163441,0.9493879723257052,0.018094731240021287,0.0
temporal,LOG_TRAIN_P99,0.99,0.1,0.97,0.01,37580,1222,0.03251729643427355,212,0.1734860883797054,0.1514368059453241,0.17505539908838472,0.09959101520087338,0.9633049494411922,0.004177754124534327,0.0
temporal,LOG_TRAIN_P99,0.99,0.1,0.97,0.02,37580,1222,0.03251729643427355,212,0.1734860883797054,0.1514368059453241,0.17505539908838472,0.09863731642492873,0.951383714741884,0.016098988823842468,0.0
temporal,LOG_TRAIN_P99,0.99,0.1,0.97,0.05,37580,1222,0.03251729643427355,212,0.1734860883797054,0.1514368059453241,0.17505539908838472,0.09858622541907455,0.9507450771687067,0.01673762639701969,0.0
temporal,LOG_TRAIN_P99,0.99,0.1,0.97,0.1,37580,1222,0.03251729643427355,212,0.1734860883797054,0.1514368059453241,0.17505539908838472,0.09858622541907455,0.9507450771687067,0.01673762639701969,0.0
temporal,LOG_TRAIN_P99,0.99,0.1,0.99,0.01,37580,1222,0.03251729643427355,212,0.1734860883797054,0.1514368059453241,0.17505539908838472,0.09990394761173023,0.9672166045769026,0.00026609898882384245,0.0
temporal,LOG_TRAIN_P99,0.99,0.1,0.99,0.02,37580,1222,0.03251729643427355,212,0.1734860883797054,0.1514368059453241,0.17505539908838472,0.09990394761173023,0.9672166045769026,0.00026609898882384245,0.0
temporal,LOG_TRAIN_P99,0.99,0.1,0.99,0.05,37580,1222,0.03251729643427355,212,0.1734860883797054,0.1514368059453241,0.17505539908838472,0.09990394761173023,0.9672166045769026,0.00026609898882384245,0.0
temporal,LOG_TRAIN_P99,0.99,0.1,0.99,0.1,37580,1222,0.03251729643427355,212,0.1734860883797054,0.1514368059453241,0.17505539908838472,0.09990394761173023,0.9672166045769026,0.00026609898882384245,0.0
temporal,LOG_TRAIN_P99,0.99,0.2,0.9,0.01,37580,1222,0.03251729643427355,212,0.1734860883797054,0.1514368059453241,0.17505539908838472,0.09959101520087338,0.9633049494411922,0.004177754124534327,0.0
temporal,LOG_TRAIN_P99,0.99,0.2,0.9,0.02,37580,1222,0.03251729643427355,212,0.1734860883797054,0.1514368059453241,0.17505539908838472,0.09861177092200164,0.9510643959552953,0.01641830761043108,0.0
temporal,LOG_TRAIN_P99,0.99,0.2,0.9,0.05,37580,1222,0.03251729643427355,212,0.1734860883797054,0.1514368059453241,0.17505539908838472,0.09847339944781325,0.9493347525279404,0.018147951037786058,0.0
temporal,LOG_TRAIN_P99,0.99,0.2,0.9,0.1,37580,1222,0.03251729643427355,212,0.1734860883797054,0.1514368059453241,0.17505539908838472,0.09844572515297556,0.9489888238424694,0.018493879723257053,0.0
temporal,LOG_TRAIN_P99,0.99,0.2,0.95,0.01,37580,1222,0.03251729643427355,212,0.1734860883797054,0.1514368059453241,0.17505539908838472,0.09959101520087338,0.9633049494411922,0.004177754124534327,0.0
temporal,LOG_TRAIN_P99,0.99,0.2,0.95,0.02,37580,1222,0.03251729643427355,212,0.1734860883797054,0.1514368059453241,0.17505539908838472,0.09861177092200164,0.9510643959552953,0.01641830761043108,0.0
temporal,LOG_TRAIN_P99,0.99,0.2,0.95,0.05,37580,1222,0.03251729643427355,212,0.1734860883797054,0.1514368059453241,0.17505539908838472,0.09847765703163441,0.9493879723257052,0.018094731240021287,0.0
temporal,LOG_TRAIN_P99,0.99,0.2,0.95,0.1,37580,1222,0.03251729643427355,212,0.1734860883797054,0.1514368059453241,0.17505539908838472,0.09847765703163441,0.9493879723257052,0.018094731240021287,0.0
temporal,LOG_TRAIN_P99,0.99,0.2,0.97,0.01,37580,1222,0.03251729643427355,212,0.1734860883797054,0.1514368059453241,0.17505539908838472,0.09959101520087338,0.9633049494411922,0.004177754124534327,0.0
temporal,LOG_TRAIN_P99,0.99,0.2,0.97,0.02,37580,1222,0.03251729643427355,212,0.1734860883797054,0.1514368059453241,0.17505539908838472,0.09863731642492873,0.951383714741884,0.016098988823842468,0.0
temporal,LOG_TRAIN_P99,0.99,0.2,0.97,0.05,37580,1222,0.03251729643427355,212,0.1734860883797054,0.1514368059453241,0.17505539908838472,0.09858622541907455,0.9507450771687067,0.01673762639701969,0.0
temporal,LOG_TRAIN_P99,0.99,0.2,0.97,0.1,37580,1222,0.03251729643427355,212,0.1734860883797054,0.1514368059453241,0.17505539908838472,0.09858622541907455,0.9507450771687067,0.01673762639701969,0.0
temporal,LOG_TRAIN_P99,0.99,0.2,0.99,0.01,37580,1222,0.03251729643427355,212,0.1734860883797054,0.1514368059453241,0.17505539908838472,0.09990394761173023,0.9672166045769026,0.00026609898882384245,0.0
temporal,LOG_TRAIN_P99,0.99,0.2,0.99,0.02,37580,1222,0.03251729643427355,212,0.1734860883797054,0.1514368059453241,0.17505539908838472,0.09990394761173023,0.9672166045769026,0.00026609898882384245,0.0
temporal,LOG_TRAIN_P99,0.99,0.2,0.99,0.05,37580,1222,0.03251729643427355,212,0.1734860883797054,0.1514368059453241,0.17505539908838472,0.09990394761173023,0.9672166045769026,0.00026609898882384245,0.0
temporal,LOG_TRAIN_P99,0.99,0.2,0.99,0.1,37580,1222,0.03251729643427355,212,0.1734860883797054,0.1514368059453241,0.17505539908838472,0.09990394761173023,0.9672166045769026,0.00026609898882384245,0.0
ood_exposure,LOG_TRAIN_P90,0.9,0.01,0.9,0.01,2536,8,0.0031545741324921135,1,0.125,0.1565625188598531,0.12787275472688395,0.10013278400281266,0.9960567823343849,0.0007886435331230284,0.0
ood_exposure,LOG_TRAIN_P90,0.9,0.01,0.9,0.02,2536,8,0.0031545741324921135,1,0.125,0.1565625188598531,0.12787275472688395,0.10013278400281266,0.9960567823343849,0.0007886435331230284,0.0
ood_exposure,LOG_TRAIN_P90,0.9,0.01,0.9,0.05,2536,8,0.0031545741324921135,1,0.125,0.1565625188598531,0.12787275472688395,0.0982715852646423,0.9727917981072555,0.024053627760252366,0.0
ood_exposure,LOG_TRAIN_P90,0.9,0.01,0.9,0.1,2536,8,0.0031545741324921135,1,0.125,0.1565625188598531,0.12787275472688395,0.09817694804066755,0.9716088328075709,0.025236593059936908,0.0
ood_exposure,LOG_TRAIN_P90,0.9,0.01,0.95,0.01,2536,8,0.0031545741324921135,1,0.125,0.1565625188598531,0.12787275472688395,0.10013278400281266,0.9960567823343849,0.0007886435331230284,0.0
ood_exposure,LOG_TRAIN_P90,0.9,0.01,0.95,0.02,2536,8,0.0031545741324921135,1,0.125,0.1565625188598531,0.12787275472688395,0.10013278400281266,0.9960567823343849,0.0007886435331230284,0.0
ood_exposure,LOG_TRAIN_P90,0.9,0.01,0.95,0.05,2536,8,0.0031545741324921135,1,0.125,0.1565625188598531,0.12787275472688395,0.0982715852646423,0.9727917981072555,0.024053627760252366,0.0
ood_exposure,LOG_TRAIN_P90,0.9,0.01,0.95,0.1,2536,8,0.0031545741324921135,1,0.125,0.1565625188598531,0.12787275472688395,0.09817694804066755,0.9716088328075709,0.025236593059936908,0.0
ood_exposure,LOG_TRAIN_P90,0.9,0.01,0.97,0.01,2536,8,0.0031545741324921135,1,0.125,0.1565625188598531,0.12787275472688395,0.10013278400281266,0.9960567823343849,0.0007886435331230284,0.0
ood_exposure,LOG_TRAIN_P90,0.9,0.01,0.97,0.02,2536,8,0.0031545741324921135,1,0.125,0.1565625188598531,0.12787275472688395,0.10013278400281266,0.9960567823343849,0.0007886435331230284,0.0
ood_exposure,LOG_TRAIN_P90,0.9,0.01,0.97,0.05,2536,8,0.0031545741324921135,1,0.125,0.1565625188598531,0.12787275472688395,0.0994387776936644,0.9873817034700315,0.00946372239747634,0.0
ood_exposure,LOG_TRAIN_P90,0.9,0.01,0.97,0.1,2536,8,0.0031545741324921135,1,0.125,0.1565625188598531,0.12787275472688395,0.0994387776936644,0.9873817034700315,0.00946372239747634,0.0
ood_exposure,LOG_TRAIN_P90,0.9,0.01,0.99,0.01,2536,8,0.0031545741324921135,1,0.125,0.1565625188598531,0.12787275472688395,0.10013278400281266,0.9960567823343849,0.0007886435331230284,0.0
ood_exposure,LOG_TRAIN_P90,0.9,0.01,0.99,0.02,2536,8,0.0031545741324921135,1,0.125,0.1565625188598531,0.12787275472688395,0.10013278400281266,0.9960567823343849,0.0007886435331230284,0.0
ood_exposure,LOG_TRAIN_P90,0.9,0.01,0.99,0.05,2536,8,0.0031545741324921135,1,0.125,0.1565625188598531,0.12787275472688395,0.10013278400281266,0.9960567823343849,0.0007886435331230284,0.0
ood_exposure,LOG_TRAIN_P90,0.9,0.01,0.99,0.1,2536,8,0.0031545741324921135,1,0.125,0.1565625188598531,0.12787275472688395,0.10013278400281266,0.9960567823343849,0.0007886435331230284,0.0
ood_exposure,LOG_TRAIN_P90,0.9,0.02,0.9,0.01,2536,12,0.00473186119873817,3,0.25,0.29194231967455403,0.25411721846470003,0.10100265559991525,0.9944794952681388,0.0007886435331230284,0.0
ood_exposure,LOG_TRAIN_P90,0.9,0.02,0.9,0.02,2536,12,0.00473186119873817,3,0.25,0.29194231967455403,0.25411721846470003,0.10100265559991525,0.9944794952681388,0.0007886435331230284,0.0
ood_exposure,LOG_TRAIN_P90,0.9,0.02,0.9,0.05,2536,12,0.00473186119873817,3,0.25,0.29194231967455403,0.25411721846470003,0.09914145686174491,0.9712145110410094,0.024053627760252366,0.0
ood_exposure,LOG_TRAIN_P90,0.9,0.02,0.9,0.1,2536,12,0.00473186119873817,3,0.25,0.29194231967455403,0.25411721846470003,0.09904681963777015,0.9700315457413249,0.025236593059936908,0.0
ood_exposure,LOG_TRAIN_P90,0.9,0.02,0.95,0.01,2536,12,0.00473186119873817,3,0.25,0.29194231967455403,0.25411721846470003,0.10100265559991525,0.9944794952681388,0.0007886435331230284,0.0
ood_exposure,LOG_TRAIN_P90,0.9,0.02,0.95,0.02,2536,12,0.00473186119873817,3,0.25,0.29194231967455403,0.25411721846470003,0.10100265559991525,0.9944794952681388,0.0007886435331230284,0.0
ood_exposure,LOG_TRAIN_P90,0.9,0.02,0.95,0.05,2536,12,0.00473186119873817,3,0.25,0.29194231967455403,0.25411721846470003,0.09914145686174491,0.9712145110410094,0.024053627760252366,0.0
ood_exposure,LOG_TRAIN_P90,0.9,0.02,0.95,0.1,2536,12,0.00473186119873817,3,0.25,0.29194231967455403,0.25411721846470003,0.09904681963777015,0.9700315457413249,0.025236593059936908,0.0
ood_exposure,LOG_TRAIN_P90,0.9,0.02,0.97,0.01,2536,12,0.00473186119873817,3,0.25,0.29194231967455403,0.25411721846470003,0.10100265559991525,0.9944794952681388,0.0007886435331230284,0.0
ood_exposure,LOG_TRAIN_P90,0.9,0.02,0.97,0.02,2536,12,0.00473186119873817,3,0.25,0.29194231967455403,0.25411721846470003,0.10100265559991525,0.9944794952681388,0.0007886435331230284,0.0
ood_exposure,LOG_TRAIN_P90,0.9,0.02,0.97,0.05,2536,12,0.00473186119873817,3,0.25,0.29194231967455403,0.25411721846470003,0.100308649290767,0.9858044164037855,0.00946372239747634,0.0
ood_exposure,LOG_TRAIN_P90,0.9,0.02,0.97,0.1,2536,12,0.00473186119873817,3,0.25,0.29194231967455403,0.25411721846470003,0.100308649290767,0.9858044164037855,0.00946372239747634,0.0
ood_exposure,LOG_TRAIN_P90,0.9,0.02,0.99,0.01,2536,12,0.00473186119873817,3,0.25,0.29194231967455403,0.25411721846470003,0.10100265559991525,0.9944794952681388,0.0007886435331230284,0.0
ood_exposure,LOG_TRAIN_P90,0.9,0.02,0.99,0.02,2536,12,0.00473186119873817,3,0.25,0.29194231967455403,0.25411721846470003,0.10100265559991525,0.9944794952681388,0.0007886435331230284,0.0
ood_exposure,LOG_TRAIN_P90,0.9,0.02,0.99,0.05,2536,12,0.00473186119873817,3,0.25,0.29194231967455403,0.25411721846470003,0.10100265559991525,0.9944794952681388,0.0007886435331230284,0.0
ood_exposure,LOG_TRAIN_P90,0.9,0.02,0.99,0.1,2536,12,0.00473186119873817,3,0.25,0.29194231967455403,0.25411721846470003,0.10100265559991525,0.9944794952681388,0.0007886435331230284,0.0
ood_exposure,LOG_TRAIN_P90,0.9,0.05,0.9,0.01,2536,23,0.009069400630914827,5,0.21739130434782608,0.2962075994110268,0.22382155497408596,0.10162914003927907,0.9901419558359621,0.0007886435331230284,0.0
ood_exposure,LOG_TRAIN_P90,0.9,0.05,0.9,0.02,2536,23,0.009069400630914827,5,0.21739130434782608,0.2962075994110268,0.22382155497408596,0.10162914003927907,0.9901419558359621,0.0007886435331230284,0.0
ood_exposure,LOG_TRAIN_P90,0.9,0.05,0.9,0.05,2536,23,0.009069400630914827,5,0.21739130434782608,0.2962075994110268,0.22382155497408596,0.09976794130110875,0.9668769716088328,0.024053627760252366,0.0
ood_exposure,LOG_TRAIN_P90,0.9,0.05,0.9,0.1,2536,23,0.009069400630914827,5,0.21739130434782608,0.2962075994110268,0.22382155497408596,0.09967330407713398,0.9656940063091483,0.025236593059936908,0.0
ood_exposure,LOG_TRAIN_P90,0.9,0.05,0.95,0.01,2536,23,0.009069400630914827,5,0.21739130434782608,0.2962075994110268,0.22382155497408596,0.10162914003927907,0.9901419558359621,0.0007886435331230284,0.0
ood_exposure,LOG_TRAIN_P90,0.9,0.05,0.95,0.02,2536,23,0.009069400630914827,5,0.21739130434782608,0.2962075994110268,0.22382155497408596,0.10162914003927907,0.9901419558359621,0.0007886435331230284,0.0
ood_exposure,LOG_TRAIN_P90,0.9,0.05,0.95,0.05,2536,23,0.009069400630914827,5,0.21739130434782608,0.2962075994110268,0.22382155497408596,0.09976794130110875,0.9668769716088328,0.024053627760252366,0.0
ood_exposure,LOG_TRAIN_P90,0.9,0.05,0.95,0.1,2536,23,0.009069400630914827,5,0.21739130434782608,0.2962075994110268,0.22382155497408596,0.09967330407713398,0.9656940063091483,0.025236593059936908,0.0
ood_exposure,LOG_TRAIN_P90,0.9,0.05,0.97,0.01,2536,23,0.009069400630914827,5,0.21739130434782608,0.2962075994110268,0.22382155497408596,0.10162914003927907,0.9901419558359621,0.0007886435331230284,0.0
ood_exposure,LOG_TRAIN_P90,0.9,0.05,0.97,0.02,2536,23,0.009069400630914827,5,0.21739130434782608,0.2962075994110268,0.22382155497408596,0.10162914003927907,0.9901419558359621,0.0007886435331230284,0.0
ood_exposure,LOG_TRAIN_P90,0.9,0.05,0.97,0.05,2536,23,0.009069400630914827,5,0.21739130434782608,0.2962075994110268,0.22382155497408596,0.10093513373013083,0.9814668769716088,0.00946372239747634,0.0
ood_exposure,LOG_TRAIN_P90,0.9,0.05,0.97,0.1,2536,23,0.009069400630914827,5,0.21739130434782608,0.2962075994110268,0.22382155497408596,0.10093513373013083,0.9814668769716088,0.00946372239747634,0.0
ood_exposure,LOG_TRAIN_P90,0.9,0.05,0.99,0.01,2536,23,0.009069400630914827,5,0.21739130434782608,0.2962075994110268,0.22382155497408596,0.10162914003927907,0.9901419558359621,0.0007886435331230284,0.0
ood_exposure,LOG_TRAIN_P90,0.9,0.05,0.99,0.02,2536,23,0.009069400630914827,5,0.21739130434782608,0.2962075994110268,0.22382155497408596,0.10162914003927907,0.9901419558359621,0.0007886435331230284,0.0
ood_exposure,LOG_TRAIN_P90,0.9,0.05,0.99,0.05,2536,23,0.009069400630914827,5,0.21739130434782608,0.2962075994110268,0.22382155497408596,0.10162914003927907,0.9901419558359621,0.0007886435331230284,0.0
ood_exposure,LOG_TRAIN_P90,0.9,0.05,0.99,0.1,2536,23,0.009069400630914827,5,0.21739130434782608,0.2962075994110268,0.22382155497408596,0.10162914003927907,0.9901419558359621,0.0007886435331230284,0.0
ood_exposure,LOG_TRAIN_P90,0.9,0.1,0.9,0.01,2536,83,0.032728706624605676,34,0.40963855421686746,0.41102697173153435,0.4095857102050534,0.1135159039293333,0.9664826498422713,0.0007886435331230284,0.0
ood_exposure,LOG_TRAIN_P90,0.9,0.1,0.9,0.02,2536,83,0.032728706624605676,34,0.40963855421686746,0.41102697173153435,0.4095857102050534,0.1135159039293333,0.9664826498422713,0.0007886435331230284,0.0
ood_exposure,LOG_TRAIN_P90,0.9,0.1,0.9,0.05,2536,83,0.032728706624605676,34,0.40963855421686746,0.41102697173153435,0.4095857102050534,0.11165470519116295,0.943217665615142,0.024053627760252366,0.0
ood_exposure,LOG_TRAIN_P90,0.9,0.1,0.9,0.1,2536,83,0.032728706624605676,34,0.40963855421686746,0.41102697173153435,0.4095857102050534,0.11156006796718819,0.9420347003154574,0.025236593059936908,0.0
ood_exposure,LOG_TRAIN_P90,0.9,0.1,0.95,0.01,2536,83,0.032728706624605676,34,0.40963855421686746,0.41102697173153435,0.4095857102050534,0.1135159039293333,0.9664826498422713,0.0007886435331230284,0.0
ood_exposure,LOG_TRAIN_P90,0.9,0.1,0.95,0.02,2536,83,0.032728706624605676,34,0.40963855421686746,0.41102697173153435,0.4095857102050534,0.1135159039293333,0.9664826498422713,0.0007886435331230284,0.0
ood_exposure,LOG_TRAIN_P90,0.9,0.1,0.95,0.05,2536,83,0.032728706624605676,34,0.40963855421686746,0.41102697173153435,0.4095857102050534,0.11165470519116295,0.943217665615142,0.024053627760252366,0.0
ood_exposure,LOG_TRAIN_P90,0.9,0.1,0.95,0.1,2536,83,0.032728706624605676,34,0.40963855421686746,0.41102697173153435,0.4095857102050534,0.11156006796718819,0.9420347003154574,0.025236593059936908,0.0
ood_exposure,LOG_TRAIN_P90,0.9,0.1,0.97,0.01,2536,83,0.032728706624605676,34,0.40963855421686746,0.41102697173153435,0.4095857102050534,0.1135159039293333,0.9664826498422713,0.0007886435331230284,0.0
ood_exposure,LOG_TRAIN_P90,0.9,0.1,0.97,0.02,2536,83,0.032728706624605676,34,0.40963855421686746,0.41102697173153435,0.4095857102050534,0.1135159039293333,0.9664826498422713,0.0007886435331230284,0.0
ood_exposure,LOG_TRAIN_P90,0.9,0.1,0.97,0.05,2536,83,0.032728706624605676,34,0.40963855421686746,0.41102697173153435,0.4095857102050534,0.11282189762018505,0.957807570977918,0.00946372239747634,0.0
ood_exposure,LOG_TRAIN_P90,0.9,0.1,0.97,0.1,2536,83,0.032728706624605676,34,0.40963855421686746,0.41102697173153435,0.4095857102050534,0.11282189762018505,0.957807570977918,0.00946372239747634,0.0
ood_exposure,LOG_TRAIN_P90,0.9,0.1,0.99,0.01,2536,83,0.032728706624605676,34,0.40963855421686746,0.41102697173153435,0.4095857102050534,0.1135159039293333,0.9664826498422713,0.0007886435331230284,0.0
ood_exposure,LOG_TRAIN_P90,0.9,0.1,0.99,0.02,2536,83,0.032728706624605676,34,0.40963855421686746,0.41102697173153435,0.4095857102050534,0.1135159039293333,0.9664826498422713,0.0007886435331230284,0.0
ood_exposure,LOG_TRAIN_P90,0.9,0.1,0.99,0.05,2536,83,0.032728706624605676,34,0.40963855421686746,0.41102697173153435,0.4095857102050534,0.1135159039293333,0.9664826498422713,0.0007886435331230284,0.0
ood_exposure,LOG_TRAIN_P90,0.9,0.1,0.99,0.1,2536,83,0.032728706624605676,34,0.40963855421686746,0.41102697173153435,0.4095857102050534,0.1135159039293333,0.9664826498422713,0.0007886435331230284,0.0
ood_exposure,LOG_TRAIN_P90,0.9,0.2,0.9,0.01,2536,83,0.032728706624605676,34,0.40963855421686746,0.41102697173153435,0.4095857102050534,0.1135159039293333,0.9664826498422713,0.0007886435331230284,0.0
ood_exposure,LOG_TRAIN_P90,0.9,0.2,0.9,0.02,2536,83,0.032728706624605676,34,0.40963855421686746,0.41102697173153435,0.4095857102050534,0.1135159039293333,0.9664826498422713,0.0007886435331230284,0.0
ood_exposure,LOG_TRAIN_P90,0.9,0.2,0.9,0.05,2536,83,0.032728706624605676,34,0.40963855421686746,0.41102697173153435,0.4095857102050534,0.11165470519116295,0.943217665615142,0.024053627760252366,0.0
ood_exposure,LOG_TRAIN_P90,0.9,0.2,0.9,0.1,2536,83,0.032728706624605676,34,0.40963855421686746,0.41102697173153435,0.4095857102050534,0.11156006796718819,0.9420347003154574,0.025236593059936908,0.0
ood_exposure,LOG_TRAIN_P90,0.9,0.2,0.95,0.01,2536,83,0.032728706624605676,34,0.40963855421686746,0.41102697173153435,0.4095857102050534,0.1135159039293333,0.9664826498422713,0.0007886435331230284,0.0
ood_exposure,LOG_TRAIN_P90,0.9,0.2,0.95,0.02,2536,83,0.032728706624605676,34,0.40963855421686746,0.41102697173153435,0.4095857102050534,0.1135159039293333,0.9664826498422713,0.0007886435331230284,0.0
ood_exposure,LOG_TRAIN_P90,0.9,0.2,0.95,0.05,2536,83,0.032728706624605676,34,0.40963855421686746,0.41102697173153435,0.4095857102050534,0.11165470519116295,0.943217665615142,0.024053627760252366,0.0
ood_exposure,LOG_TRAIN_P90,0.9,0.2,0.95,0.1,2536,83,0.032728706624605676,34,0.40963855421686746,0.41102697173153435,0.4095857102050534,0.11156006796718819,0.9420347003154574,0.025236593059936908,0.0
ood_exposure,LOG_TRAIN_P90,0.9,0.2,0.97,0.01,2536,83,0.032728706624605676,34,0.40963855421686746,0.41102697173153435,0.4095857102050534,0.1135159039293333,0.9664826498422713,0.0007886435331230284,0.0
ood_exposure,LOG_TRAIN_P90,0.9,0.2,0.97,0.02,2536,83,0.032728706624605676,34,0.40963855421686746,0.41102697173153435,0.4095857102050534,0.1135159039293333,0.9664826498422713,0.0007886435331230284,0.0
ood_exposure,LOG_TRAIN_P90,0.9,0.2,0.97,0.05,2536,83,0.032728706624605676,34,0.40963855421686746,0.41102697173153435,0.4095857102050534,0.11282189762018505,0.957807570977918,0.00946372239747634,0.0
ood_exposure,LOG_TRAIN_P90,0.9,0.2,0.97,0.1,2536,83,0.032728706624605676,34,0.40963855421686746,0.41102697173153435,0.4095857102050534,0.11282189762018505,0.957807570977918,0.00946372239747634,0.0
ood_exposure,LOG_TRAIN_P90,0.9,0.2,0.99,0.01,2536,83,0.032728706624605676,34,0.40963855421686746,0.41102697173153435,0.4095857102050534,0.1135159039293333,0.9664826498422713,0.0007886435331230284,0.0
ood_exposure,LOG_TRAIN_P90,0.9,0.2,0.99,0.02,2536,83,0.032728706624605676,34,0.40963855421686746,0.41102697173153435,0.4095857102050534,0.1135159039293333,0.9664826498422713,0.0007886435331230284,0.0
ood_exposure,LOG_TRAIN_P90,0.9,0.2,0.99,0.05,2536,83,0.032728706624605676,34,0.40963855421686746,0.41102697173153435,0.4095857102050534,0.1135159039293333,0.9664826498422713,0.0007886435331230284,0.0
ood_exposure,LOG_TRAIN_P90,0.9,0.2,0.99,0.1,2536,83,0.032728706624605676,34,0.40963855421686746,0.41102697173153435,0.4095857102050534,0.1135159039293333,0.9664826498422713,0.0007886435331230284,0.0
ood_exposure,LOG_TRAIN_P90,0.95,0.01,0.9,0.01,2536,8,0.0031545741324921135,1,0.125,0.1565625188598531,0.12787275472688395,0.10013278400281266,0.9960567823343849,0.0007886435331230284,0.0
ood_exposure,LOG_TRAIN_P90,0.95,0.01,0.9,0.02,2536,8,0.0031545741324921135,1,0.125,0.1565625188598531,0.12787275472688395,0.10013278400281266,0.9960567823343849,0.0007886435331230284,0.0
ood_exposure,LOG_TRAIN_P90,0.95,0.01,0.9,0.05,2536,8,0.0031545741324921135,1,0.125,0.1565625188598531,0.12787275472688395,0.0982715852646423,0.9727917981072555,0.024053627760252366,0.0
ood_exposure,LOG_TRAIN_P90,0.95,0.01,0.9,0.1,2536,8,0.0031545741324921135,1,0.125,0.1565625188598531,0.12787275472688395,0.09817694804066755,0.9716088328075709,0.025236593059936908,0.0
ood_exposure,LOG_TRAIN_P90,0.95,0.01,0.95,0.01,2536,8,0.0031545741324921135,1,0.125,0.1565625188598531,0.12787275472688395,0.10013278400281266,0.9960567823343849,0.0007886435331230284,0.0
ood_exposure,LOG_TRAIN_P90,0.95,0.01,0.95,0.02,2536,8,0.0031545741324921135,1,0.125,0.1565625188598531,0.12787275472688395,0.10013278400281266,0.9960567823343849,0.0007886435331230284,0.0
ood_exposure,LOG_TRAIN_P90,0.95,0.01,0.95,0.05,2536,8,0.0031545741324921135,1,0.125,0.1565625188598531,0.12787275472688395,0.0982715852646423,0.9727917981072555,0.024053627760252366,0.0
ood_exposure,LOG_TRAIN_P90,0.95,0.01,0.95,0.1,2536,8,0.0031545741324921135,1,0.125,0.1565625188598531,0.12787275472688395,0.09817694804066755,0.9716088328075709,0.025236593059936908,0.0
ood_exposure,LOG_TRAIN_P90,0.95,0.01,0.97,0.01,2536,8,0.0031545741324921135,1,0.125,0.1565625188598531,0.12787275472688395,0.10013278400281266,0.9960567823343849,0.0007886435331230284,0.0
ood_exposure,LOG_TRAIN_P90,0.95,0.01,0.97,0.02,2536,8,0.0031545741324921135,1,0.125,0.1565625188598531,0.12787275472688395,0.10013278400281266,0.9960567823343849,0.0007886435331230284,0.0
ood_exposure,LOG_TRAIN_P90,0.95,0.01,0.97,0.05,2536,8,0.0031545741324921135,1,0.125,0.1565625188598531,0.12787275472688395,0.0994387776936644,0.9873817034700315,0.00946372239747634,0.0
ood_exposure,LOG_TRAIN_P90,0.95,0.01,0.97,0.1,2536,8,0.0031545741324921135,1,0.125,0.1565625188598531,0.12787275472688395,0.0994387776936644,0.9873817034700315,0.00946372239747634,0.0
ood_exposure,LOG_TRAIN_P90,0.95,0.01,0.99,0.01,2536,8,0.0031545741324921135,1,0.125,0.1565625188598531,0.12787275472688395,0.10013278400281266,0.9960567823343849,0.0007886435331230284,0.0
ood_exposure,LOG_TRAIN_P90,0.95,0.01,0.99,0.02,2536,8,0.0031545741324921135,1,0.125,0.1565625188598531,0.12787275472688395,0.10013278400281266,0.9960567823343849,0.0007886435331230284,0.0
ood_exposure,LOG_TRAIN_P90,0.95,0.01,0.99,0.05,2536,8,0.0031545741324921135,1,0.125,0.1565625188598531,0.12787275472688395,0.10013278400281266,0.9960567823343849,0.0007886435331230284,0.0
ood_exposure,LOG_TRAIN_P90,0.95,0.01,0.99,0.1,2536,8,0.0031545741324921135,1,0.125,0.1565625188598531,0.12787275472688395,0.10013278400281266,0.9960567823343849,0.0007886435331230284,0.0
ood_exposure,LOG_TRAIN_P90,0.95,0.02,0.9,0.01,2536,12,0.00473186119873817,3,0.25,0.29194231967455403,0.25411721846470003,0.10100265559991525,0.9944794952681388,0.0007886435331230284,0.0
ood_exposure,LOG_TRAIN_P90,0.95,0.02,0.9,0.02,2536,12,0.00473186119873817,3,0.25,0.29194231967455403,0.25411721846470003,0.10100265559991525,0.9944794952681388,0.0007886435331230284,0.0
ood_exposure,LOG_TRAIN_P90,0.95,0.02,0.9,0.05,2536,12,0.00473186119873817,3,0.25,0.29194231967455403,0.25411721846470003,0.09914145686174491,0.9712145110410094,0.024053627760252366,0.0
ood_exposure,LOG_TRAIN_P90,0.95,0.02,0.9,0.1,2536,12,0.00473186119873817,3,0.25,0.29194231967455403,0.25411721846470003,0.09904681963777015,0.9700315457413249,0.025236593059936908,0.0
ood_exposure,LOG_TRAIN_P90,0.95,0.02,0.95,0.01,2536,12,0.00473186119873817,3,0.25,0.29194231967455403,0.25411721846470003,0.10100265559991525,0.9944794952681388,0.0007886435331230284,0.0
ood_exposure,LOG_TRAIN_P90,0.95,0.02,0.95,0.02,2536,12,0.00473186119873817,3,0.25,0.29194231967455403,0.25411721846470003,0.10100265559991525,0.9944794952681388,0.0007886435331230284,0.0
ood_exposure,LOG_TRAIN_P90,0.95,0.02,0.95,0.05,2536,12,0.00473186119873817,3,0.25,0.29194231967455403,0.25411721846470003,0.09914145686174491,0.9712145110410094,0.024053627760252366,0.0
ood_exposure,LOG_TRAIN_P90,0.95,0.02,0.95,0.1,2536,12,0.00473186119873817,3,0.25,0.29194231967455403,0.25411721846470003,0.09904681963777015,0.9700315457413249,0.025236593059936908,0.0
ood_exposure,LOG_TRAIN_P90,0.95,0.02,0.97,0.01,2536,12,0.00473186119873817,3,0.25,0.29194231967455403,0.25411721846470003,0.10100265559991525,0.9944794952681388,0.0007886435331230284,0.0
ood_exposure,LOG_TRAIN_P90,0.95,0.02,0.97,0.02,2536,12,0.00473186119873817,3,0.25,0.29194231967455403,0.25411721846470003,0.10100265559991525,0.9944794952681388,0.0007886435331230284,0.0
ood_exposure,LOG_TRAIN_P90,0.95,0.02,0.97,0.05,2536,12,0.00473186119873817,3,0.25,0.29194231967455403,0.25411721846470003,0.100308649290767,0.9858044164037855,0.00946372239747634,0.0
ood_exposure,LOG_TRAIN_P90,0.95,0.02,0.97,0.1,2536,12,0.00473186119873817,3,0.25,0.29194231967455403,0.25411721846470003,0.100308649290767,0.9858044164037855,0.00946372239747634,0.0
ood_exposure,LOG_TRAIN_P90,0.95,0.02,0.99,0.01,2536,12,0.00473186119873817,3,0.25,0.29194231967455403,0.25411721846470003,0.10100265559991525,0.9944794952681388,0.0007886435331230284,0.0
ood_exposure,LOG_TRAIN_P90,0.95,0.02,0.99,0.02,2536,12,0.00473186119873817,3,0.25,0.29194231967455403,0.25411721846470003,0.10100265559991525,0.9944794952681388,0.0007886435331230284,0.0
ood_exposure,LOG_TRAIN_P90,0.95,0.02,0.99,0.05,2536,12,0.00473186119873817,3,0.25,0.29194231967455403,0.25411721846470003,0.10100265559991525,0.9944794952681388,0.0007886435331230284,0.0
ood_exposure,LOG_TRAIN_P90,0.95,0.02,0.99,0.1,2536,12,0.00473186119873817,3,0.25,0.29194231967455403,0.25411721846470003,0.10100265559991525,0.9944794952681388,0.0007886435331230284,0.0
ood_exposure,LOG_TRAIN_P90,0.95,0.05,0.9,0.01,2536,23,0.009069400630914827,5,0.21739130434782608,0.2962075994110268,0.22382155497408596,0.10162914003927907,0.9901419558359621,0.0007886435331230284,0.0
ood_exposure,LOG_TRAIN_P90,0.95,0.05,0.9,0.02,2536,23,0.009069400630914827,5,0.21739130434782608,0.2962075994110268,0.22382155497408596,0.10162914003927907,0.9901419558359621,0.0007886435331230284,0.0
ood_exposure,LOG_TRAIN_P90,0.95,0.05,0.9,0.05,2536,23,0.009069400630914827,5,0.21739130434782608,0.2962075994110268,0.22382155497408596,0.09976794130110875,0.9668769716088328,0.024053627760252366,0.0
ood_exposure,LOG_TRAIN_P90,0.95,0.05,0.9,0.1,2536,23,0.009069400630914827,5,0.21739130434782608,0.2962075994110268,0.22382155497408596,0.09967330407713398,0.9656940063091483,0.025236593059936908,0.0
ood_exposure,LOG_TRAIN_P90,0.95,0.05,0.95,0.01,2536,23,0.009069400630914827,5,0.21739130434782608,0.2962075994110268,0.22382155497408596,0.10162914003927907,0.9901419558359621,0.0007886435331230284,0.0
ood_exposure,LOG_TRAIN_P90,0.95,0.05,0.95,0.02,2536,23,0.009069400630914827,5,0.21739130434782608,0.2962075994110268,0.22382155497408596,0.10162914003927907,0.9901419558359621,0.0007886435331230284,0.0
ood_exposure,LOG_TRAIN_P90,0.95,0.05,0.95,0.05,2536,23,0.009069400630914827,5,0.21739130434782608,0.2962075994110268,0.22382155497408596,0.09976794130110875,0.9668769716088328,0.024053627760252366,0.0
ood_exposure,LOG_TRAIN_P90,0.95,0.05,0.95,0.1,2536,23,0.009069400630914827,5,0.21739130434782608,0.2962075994110268,0.22382155497408596,0.09967330407713398,0.9656940063091483,0.025236593059936908,0.0
ood_exposure,LOG_TRAIN_P90,0.95,0.05,0.97,0.01,2536,23,0.009069400630914827,5,0.21739130434782608,0.2962075994110268,0.22382155497408596,0.10162914003927907,0.9901419558359621,0.0007886435331230284,0.0
ood_exposure,LOG_TRAIN_P90,0.95,0.05,0.97,0.02,2536,23,0.009069400630914827,5,0.21739130434782608,0.2962075994110268,0.22382155497408596,0.10162914003927907,0.9901419558359621,0.0007886435331230284,0.0
ood_exposure,LOG_TRAIN_P90,0.95,0.05,0.97,0.05,2536,23,0.009069400630914827,5,0.21739130434782608,0.2962075994110268,0.22382155497408596,0.10093513373013083,0.9814668769716088,0.00946372239747634,0.0
ood_exposure,LOG_TRAIN_P90,0.95,0.05,0.97,0.1,2536,23,0.009069400630914827,5,0.21739130434782608,0.2962075994110268,0.22382155497408596,0.10093513373013083,0.9814668769716088,0.00946372239747634,0.0
ood_exposure,LOG_TRAIN_P90,0.95,0.05,0.99,0.01,2536,23,0.009069400630914827,5,0.21739130434782608,0.2962075994110268,0.22382155497408596,0.10162914003927907,0.9901419558359621,0.0007886435331230284,0.0
ood_exposure,LOG_TRAIN_P90,0.95,0.05,0.99,0.02,2536,23,0.009069400630914827,5,0.21739130434782608,0.2962075994110268,0.22382155497408596,0.10162914003927907,0.9901419558359621,0.0007886435331230284,0.0
ood_exposure,LOG_TRAIN_P90,0.95,0.05,0.99,0.05,2536,23,0.009069400630914827,5,0.21739130434782608,0.2962075994110268,0.22382155497408596,0.10162914003927907,0.9901419558359621,0.0007886435331230284,0.0
ood_exposure,LOG_TRAIN_P90,0.95,0.05,0.99,0.1,2536,23,0.009069400630914827,5,0.21739130434782608,0.2962075994110268,0.22382155497408596,0.10162914003927907,0.9901419558359621,0.0007886435331230284,0.0
ood_exposure,LOG_TRAIN_P90,0.95,0.1,0.9,0.01,2536,38,0.01498422712933754,8,0.21052631578947367,0.2597883486341137,0.21437188550802871,0.10252174040594152,0.9842271293375394,0.0007886435331230284,0.0
ood_exposure,LOG_TRAIN_P90,0.95,0.1,0.9,0.02,2536,38,0.01498422712933754,8,0.21052631578947367,0.2597883486341137,0.21437188550802871,0.10252174040594152,0.9842271293375394,0.0007886435331230284,0.0
ood_exposure,LOG_TRAIN_P90,0.95,0.1,0.9,0.05,2536,38,0.01498422712933754,8,0.21052631578947367,0.2597883486341137,0.21437188550802871,0.10066054166777118,0.9609621451104101,0.024053627760252366,0.0
ood_exposure,LOG_TRAIN_P90,0.95,0.1,0.9,0.1,2536,38,0.01498422712933754,8,0.21052631578947367,0.2597883486341137,0.21437188550802871,0.10056590444379641,0.9597791798107256,0.025236593059936908,0.0
ood_exposure,LOG_TRAIN_P90,0.95,0.1,0.95,0.01,2536,38,0.01498422712933754,8,0.21052631578947367,0.2597883486341137,0.21437188550802871,0.10252174040594152,0.9842271293375394,0.0007886435331230284,0.0
ood_exposure,LOG_TRAIN_P90,0.95,0.1,0.95,0.02,2536,38,0.01498422712933754,8,0.21052631578947367,0.2597883486341137,0.21437188550802871,0.10252174040594152,0.9842271293375394,0.0007886435331230284,0.0
ood_exposure,LOG_TRAIN_P90,0.95,0.1,0.95,0.05,2536,38,0.01498422712933754,8,0.21052631578947367,0.2597883486341137,0.21437188550802871,0.10066054166777118,0.9609621451104101,0.024053627760252366,0.0
ood_exposure,LOG_TRAIN_P90,0.95,0.1,0.95,0.1,2536,38,0.01498422712933754,8,0.21052631578947367,0.2597883486341137,0.21437188550802871,0.10056590444379641,0.9597791798107256,0.025236593059936908,0.0
ood_exposure,LOG_TRAIN_P90,0.95,0.1,0.97,0.01,2536,38,0.01498422712933754,8,0.21052631578947367,0.2597883486341137,0.21437188550802871,0.10252174040594152,0.9842271293375394,0.0007886435331230284,0.0
ood_exposure,LOG_TRAIN_P90,0.95,0.1,0.97,0.02,2536,38,0.01498422712933754,8,0.21052631578947367,0.2597883486341137,0.21437188550802871,0.10252174040594152,0.9842271293375394,0.0007886435331230284,0.0
ood_exposure,LOG_TRAIN_P90,0.95,0.1,0.97,0.05,2536,38,0.01498422712933754,8,0.21052631578947367,0.2597883486341137,0.21437188550802871,0.10182773409679326,0.9755520504731862,0.00946372239747634,0.0
ood_exposure,LOG_TRAIN_P90,0.95,0.1,0.97,0.1,2536,38,0.01498422712933754,8,0.21052631578947367,0.2597883486341137,0.21437188550802871,0.10182773409679326,0.9755520504731862,0.00946372239747634,0.0
ood_exposure,LOG_TRAIN_P90,0.95,0.1,0.99,0.01,2536,38,0.01498422712933754,8,0.21052631578947367,0.2597883486341137,0.21437188550802871,0.10252174040594152,0.9842271293375394,0.0007886435331230284,0.0
ood_exposure,LOG_TRAIN_P90,0.95,0.1,0.99,0.02,2536,38,0.01498422712933754,8,0.21052631578947367,0.2597883486341137,0.21437188550802871,0.10252174040594152,0.9842271293375394,0.0007886435331230284,0.0
ood_exposure,LOG_TRAIN_P90,0.95,0.1,0.99,0.05,2536,38,0.01498422712933754,8,0.21052631578947367,0.2597883486341137,0.21437188550802871,0.10252174040594152,0.9842271293375394,0.0007886435331230284,0.0
ood_exposure,LOG_TRAIN_P90,0.95,0.1,0.99,0.1,2536,38,0.01498422712933754,8,0.21052631578947367,0.2597883486341137,0.21437188550802871,0.10252174040594152,0.9842271293375394,0.0007886435331230284,0.0
ood_exposure,LOG_TRAIN_P90,0.95,0.2,0.9,0.01,2536,38,0.01498422712933754,8,0.21052631578947367,0.2597883486341137,0.21437188550802871,0.10252174040594152,0.9842271293375394,0.0007886435331230284,0.0
ood_exposure,LOG_TRAIN_P90,0.95,0.2,0.9,0.02,2536,38,0.01498422712933754,8,0.21052631578947367,0.2597883486341137,0.21437188550802871,0.10252174040594152,0.9842271293375394,0.0007886435331230284,0.0
ood_exposure,LOG_TRAIN_P90,0.95,0.2,0.9,0.05,2536,38,0.01498422712933754,8,0.21052631578947367,0.2597883486341137,0.21437188550802871,0.10066054166777118,0.9609621451104101,0.024053627760252366,0.0
ood_exposure,LOG_TRAIN_P90,0.95,0.2,0.9,0.1,2536,38,0.01498422712933754,8,0.21052631578947367,0.2597883486341137,0.21437188550802871,0.10056590444379641,0.9597791798107256,0.025236593059936908,0.0
ood_exposure,LOG_TRAIN_P90,0.95,0.2,0.95,0.01,2536,38,0.01498422712933754,8,0.21052631578947367,0.2597883486341137,0.21437188550802871,0.10252174040594152,0.9842271293375394,0.0007886435331230284,0.0
ood_exposure,LOG_TRAIN_P90,0.95,0.2,0.95,0.02,2536,38,0.01498422712933754,8,0.21052631578947367,0.2597883486341137,0.21437188550802871,0.10252174040594152,0.9842271293375394,0.0007886435331230284,0.0
ood_exposure,LOG_TRAIN_P90,0.95,0.2,0.95,0.05,2536,38,0.01498422712933754,8,0.21052631578947367,0.2597883486341137,0.21437188550802871,0.10066054166777118,0.9609621451104101,0.024053627760252366,0.0
ood_exposure,LOG_TRAIN_P90,0.95,0.2,0.95,0.1,2536,38,0.01498422712933754,8,0.21052631578947367,0.2597883486341137,0.21437188550802871,0.10056590444379641,0.9597791798107256,0.025236593059936908,0.0
ood_exposure,LOG_TRAIN_P90,0.95,0.2,0.97,0.01,2536,38,0.01498422712933754,8,0.21052631578947367,0.2597883486341137,0.21437188550802871,0.10252174040594152,0.9842271293375394,0.0007886435331230284,0.0
ood_exposure,LOG_TRAIN_P90,0.95,0.2,0.97,0.02,2536,38,0.01498422712933754,8,0.21052631578947367,0.2597883486341137,0.21437188550802871,0.10252174040594152,0.9842271293375394,0.0007886435331230284,0.0
ood_exposure,LOG_TRAIN_P90,0.95,0.2,0.97,0.05,2536,38,0.01498422712933754,8,0.21052631578947367,0.2597883486341137,0.21437188550802871,0.10182773409679326,0.9755520504731862,0.00946372239747634,0.0
ood_exposure,LOG_TRAIN_P90,0.95,0.2,0.97,0.1,2536,38,0.01498422712933754,8,0.21052631578947367,0.2597883486341137,0.21437188550802871,0.10182773409679326,0.9755520504731862,0.00946372239747634,0.0
ood_exposure,LOG_TRAIN_P90,0.95,0.2,0.99,0.01,2536,38,0.01498422712933754,8,0.21052631578947367,0.2597883486341137,0.21437188550802871,0.10252174040594152,0.9842271293375394,0.0007886435331230284,0.0
ood_exposure,LOG_TRAIN_P90,0.95,0.2,0.99,0.02,2536,38,0.01498422712933754,8,0.21052631578947367,0.2597883486341137,0.21437188550802871,0.10252174040594152,0.9842271293375394,0.0007886435331230284,0.0
ood_exposure,LOG_TRAIN_P90,0.95,0.2,0.99,0.05,2536,38,0.01498422712933754,8,0.21052631578947367,0.2597883486341137,0.21437188550802871,0.10252174040594152,0.9842271293375394,0.0007886435331230284,0.0
ood_exposure,LOG_TRAIN_P90,0.95,0.2,0.99,0.1,2536,38,0.01498422712933754,8,0.21052631578947367,0.2597883486341137,0.21437188550802871,0.10252174040594152,0.9842271293375394,0.0007886435331230284,0.0
ood_exposure,LOG_TRAIN_P90,0.97,0.01,0.9,0.01,2536,8,0.0031545741324921135,1,0.125,0.1565625188598531,0.12787275472688395,0.10013278400281266,0.9960567823343849,0.0007886435331230284,0.0
ood_exposure,LOG_TRAIN_P90,0.97,0.01,0.9,0.02,2536,8,0.0031545741324921135,1,0.125,0.1565625188598531,0.12787275472688395,0.10013278400281266,0.9960567823343849,0.0007886435331230284,0.0
ood_exposure,LOG_TRAIN_P90,0.97,0.01,0.9,0.05,2536,8,0.0031545741324921135,1,0.125,0.1565625188598531,0.12787275472688395,0.0982715852646423,0.9727917981072555,0.024053627760252366,0.0
ood_exposure,LOG_TRAIN_P90,0.97,0.01,0.9,0.1,2536,8,0.0031545741324921135,1,0.125,0.1565625188598531,0.12787275472688395,0.09817694804066755,0.9716088328075709,0.025236593059936908,0.0
ood_exposure,LOG_TRAIN_P90,0.97,0.01,0.95,0.01,2536,8,0.0031545741324921135,1,0.125,0.1565625188598531,0.12787275472688395,0.10013278400281266,0.9960567823343849,0.0007886435331230284,0.0
ood_exposure,LOG_TRAIN_P90,0.97,0.01,0.95,0.02,2536,8,0.0031545741324921135,1,0.125,0.1565625188598531,0.12787275472688395,0.10013278400281266,0.9960567823343849,0.0007886435331230284,0.0
ood_exposure,LOG_TRAIN_P90,0.97,0.01,0.95,0.05,2536,8,0.0031545741324921135,1,0.125,0.1565625188598531,0.12787275472688395,0.0982715852646423,0.9727917981072555,0.024053627760252366,0.0
ood_exposure,LOG_TRAIN_P90,0.97,0.01,0.95,0.1,2536,8,0.0031545741324921135,1,0.125,0.1565625188598531,0.12787275472688395,0.09817694804066755,0.9716088328075709,0.025236593059936908,0.0
ood_exposure,LOG_TRAIN_P90,0.97,0.01,0.97,0.01,2536,8,0.0031545741324921135,1,0.125,0.1565625188598531,0.12787275472688395,0.10013278400281266,0.9960567823343849,0.0007886435331230284,0.0
ood_exposure,LOG_TRAIN_P90,0.97,0.01,0.97,0.02,2536,8,0.0031545741324921135,1,0.125,0.1565625188598531,0.12787275472688395,0.10013278400281266,0.9960567823343849,0.0007886435331230284,0.0
ood_exposure,LOG_TRAIN_P90,0.97,0.01,0.97,0.05,2536,8,0.0031545741324921135,1,0.125,0.1565625188598531,0.12787275472688395,0.0994387776936644,0.9873817034700315,0.00946372239747634,0.0
ood_exposure,LOG_TRAIN_P90,0.97,0.01,0.97,0.1,2536,8,0.0031545741324921135,1,0.125,0.1565625188598531,0.12787275472688395,0.0994387776936644,0.9873817034700315,0.00946372239747634,0.0
ood_exposure,LOG_TRAIN_P90,0.97,0.01,0.99,0.01,2536,8,0.0031545741324921135,1,0.125,0.1565625188598531,0.12787275472688395,0.10013278400281266,0.9960567823343849,0.0007886435331230284,0.0
ood_exposure,LOG_TRAIN_P90,0.97,0.01,0.99,0.02,2536,8,0.0031545741324921135,1,0.125,0.1565625188598531,0.12787275472688395,0.10013278400281266,0.9960567823343849,0.0007886435331230284,0.0
ood_exposure,LOG_TRAIN_P90,0.97,0.01,0.99,0.05,2536,8,0.0031545741324921135,1,0.125,0.1565625188598531,0.12787275472688395,0.10013278400281266,0.9960567823343849,0.0007886435331230284,0.0
ood_exposure,LOG_TRAIN_P90,0.97,0.01,0.99,0.1,2536,8,0.0031545741324921135,1,0.125,0.1565625188598531,0.12787275472688395,0.10013278400281266,0.9960567823343849,0.0007886435331230284,0.0
ood_exposure,LOG_TRAIN_P90,0.97,0.02,0.9,0.01,2536,12,0.00473186119873817,3,0.25,0.29194231967455403,0.25411721846470003,0.10100265559991525,0.9944794952681388,0.0007886435331230284,0.0
ood_exposure,LOG_TRAIN_P90,0.97,0.02,0.9,0.02,2536,12,0.00473186119873817,3,0.25,0.29194231967455403,0.25411721846470003,0.10100265559991525,0.9944794952681388,0.0007886435331230284,0.0
ood_exposure,LOG_TRAIN_P90,0.97,0.02,0.9,0.05,2536,12,0.00473186119873817,3,0.25,0.29194231967455403,0.25411721846470003,0.09914145686174491,0.9712145110410094,0.024053627760252366,0.0
ood_exposure,LOG_TRAIN_P90,0.97,0.02,0.9,0.1,2536,12,0.00473186119873817,3,0.25,0.29194231967455403,0.25411721846470003,0.09904681963777015,0.9700315457413249,0.025236593059936908,0.0
ood_exposure,LOG_TRAIN_P90,0.97,0.02,0.95,0.01,2536,12,0.00473186119873817,3,0.25,0.29194231967455403,0.25411721846470003,0.10100265559991525,0.9944794952681388,0.0007886435331230284,0.0
ood_exposure,LOG_TRAIN_P90,0.97,0.02,0.95,0.02,2536,12,0.00473186119873817,3,0.25,0.29194231967455403,0.25411721846470003,0.10100265559991525,0.9944794952681388,0.0007886435331230284,0.0
ood_exposure,LOG_TRAIN_P90,0.97,0.02,0.95,0.05,2536,12,0.00473186119873817,3,0.25,0.29194231967455403,0.25411721846470003,0.09914145686174491,0.9712145110410094,0.024053627760252366,0.0
ood_exposure,LOG_TRAIN_P90,0.97,0.02,0.95,0.1,2536,12,0.00473186119873817,3,0.25,0.29194231967455403,0.25411721846470003,0.09904681963777015,0.9700315457413249,0.025236593059936908,0.0
ood_exposure,LOG_TRAIN_P90,0.97,0.02,0.97,0.01,2536,12,0.00473186119873817,3,0.25,0.29194231967455403,0.25411721846470003,0.10100265559991525,0.9944794952681388,0.0007886435331230284,0.0
ood_exposure,LOG_TRAIN_P90,0.97,0.02,0.97,0.02,2536,12,0.00473186119873817,3,0.25,0.29194231967455403,0.25411721846470003,0.10100265559991525,0.9944794952681388,0.0007886435331230284,0.0
ood_exposure,LOG_TRAIN_P90,0.97,0.02,0.97,0.05,2536,12,0.00473186119873817,3,0.25,0.29194231967455403,0.25411721846470003,0.100308649290767,0.9858044164037855,0.00946372239747634,0.0
ood_exposure,LOG_TRAIN_P90,0.97,0.02,0.97,0.1,2536,12,0.00473186119873817,3,0.25,0.29194231967455403,0.25411721846470003,0.100308649290767,0.9858044164037855,0.00946372239747634,0.0
ood_exposure,LOG_TRAIN_P90,0.97,0.02,0.99,0.01,2536,12,0.00473186119873817,3,0.25,0.29194231967455403,0.25411721846470003,0.10100265559991525,0.9944794952681388,0.0007886435331230284,0.0
ood_exposure,LOG_TRAIN_P90,0.97,0.02,0.99,0.02,2536,12,0.00473186119873817,3,0.25,0.29194231967455403,0.25411721846470003,0.10100265559991525,0.9944794952681388,0.0007886435331230284,0.0
ood_exposure,LOG_TRAIN_P90,0.97,0.02,0.99,0.05,2536,12,0.00473186119873817,3,0.25,0.29194231967455403,0.25411721846470003,0.10100265559991525,0.9944794952681388,0.0007886435331230284,0.0
ood_exposure,LOG_TRAIN_P90,0.97,0.02,0.99,0.1,2536,12,0.00473186119873817,3,0.25,0.29194231967455403,0.25411721846470003,0.10100265559991525,0.9944794952681388,0.0007886435331230284,0.0
ood_exposure,LOG_TRAIN_P90,0.97,0.05,0.9,0.01,2536,23,0.009069400630914827,5,0.21739130434782608,0.2962075994110268,0.22382155497408596,0.10162914003927907,0.9901419558359621,0.0007886435331230284,0.0
ood_exposure,LOG_TRAIN_P90,0.97,0.05,0.9,0.02,2536,23,0.009069400630914827,5,0.21739130434782608,0.2962075994110268,0.22382155497408596,0.10162914003927907,0.9901419558359621,0.0007886435331230284,0.0
ood_exposure,LOG_TRAIN_P90,0.97,0.05,0.9,0.05,2536,23,0.009069400630914827,5,0.21739130434782608,0.2962075994110268,0.22382155497408596,0.09976794130110875,0.9668769716088328,0.024053627760252366,0.0
ood_exposure,LOG_TRAIN_P90,0.97,0.05,0.9,0.1,2536,23,0.009069400630914827,5,0.21739130434782608,0.2962075994110268,0.22382155497408596,0.09967330407713398,0.9656940063091483,0.025236593059936908,0.0
ood_exposure,LOG_TRAIN_P90,0.97,0.05,0.95,0.01,2536,23,0.009069400630914827,5,0.21739130434782608,0.2962075994110268,0.22382155497408596,0.10162914003927907,0.9901419558359621,0.0007886435331230284,0.0
ood_exposure,LOG_TRAIN_P90,0.97,0.05,0.95,0.02,2536,23,0.009069400630914827,5,0.21739130434782608,0.2962075994110268,0.22382155497408596,0.10162914003927907,0.9901419558359621,0.0007886435331230284,0.0
ood_exposure,LOG_TRAIN_P90,0.97,0.05,0.95,0.05,2536,23,0.009069400630914827,5,0.21739130434782608,0.2962075994110268,0.22382155497408596,0.09976794130110875,0.9668769716088328,0.024053627760252366,0.0
ood_exposure,LOG_TRAIN_P90,0.97,0.05,0.95,0.1,2536,23,0.009069400630914827,5,0.21739130434782608,0.2962075994110268,0.22382155497408596,0.09967330407713398,0.9656940063091483,0.025236593059936908,0.0
ood_exposure,LOG_TRAIN_P90,0.97,0.05,0.97,0.01,2536,23,0.009069400630914827,5,0.21739130434782608,0.2962075994110268,0.22382155497408596,0.10162914003927907,0.9901419558359621,0.0007886435331230284,0.0
ood_exposure,LOG_TRAIN_P90,0.97,0.05,0.97,0.02,2536,23,0.009069400630914827,5,0.21739130434782608,0.2962075994110268,0.22382155497408596,0.10162914003927907,0.9901419558359621,0.0007886435331230284,0.0
ood_exposure,LOG_TRAIN_P90,0.97,0.05,0.97,0.05,2536,23,0.009069400630914827,5,0.21739130434782608,0.2962075994110268,0.22382155497408596,0.10093513373013083,0.9814668769716088,0.00946372239747634,0.0
ood_exposure,LOG_TRAIN_P90,0.97,0.05,0.97,0.1,2536,23,0.009069400630914827,5,0.21739130434782608,0.2962075994110268,0.22382155497408596,0.10093513373013083,0.9814668769716088,0.00946372239747634,0.0
ood_exposure,LOG_TRAIN_P90,0.97,0.05,0.99,0.01,2536,23,0.009069400630914827,5,0.21739130434782608,0.2962075994110268,0.22382155497408596,0.10162914003927907,0.9901419558359621,0.0007886435331230284,0.0
ood_exposure,LOG_TRAIN_P90,0.97,0.05,0.99,0.02,2536,23,0.009069400630914827,5,0.21739130434782608,0.2962075994110268,0.22382155497408596,0.10162914003927907,0.9901419558359621,0.0007886435331230284,0.0
ood_exposure,LOG_TRAIN_P90,0.97,0.05,0.99,0.05,2536,23,0.009069400630914827,5,0.21739130434782608,0.2962075994110268,0.22382155497408596,0.10162914003927907,0.9901419558359621,0.0007886435331230284,0.0
ood_exposure,LOG_TRAIN_P90,0.97,0.05,0.99,0.1,2536,23,0.009069400630914827,5,0.21739130434782608,0.2962075994110268,0.22382155497408596,0.10162914003927907,0.9901419558359621,0.0007886435331230284,0.0
ood_exposure,LOG_TRAIN_P90,0.97,0.1,0.9,0.01,2536,23,0.009069400630914827,5,0.21739130434782608,0.2962075994110268,0.22382155497408596,0.10162914003927907,0.9901419558359621,0.0007886435331230284,0.0
ood_exposure,LOG_TRAIN_P90,0.97,0.1,0.9,0.02,2536,23,0.009069400630914827,5,0.21739130434782608,0.2962075994110268,0.22382155497408596,0.10162914003927907,0.9901419558359621,0.0007886435331230284,0.0
ood_exposure,LOG_TRAIN_P90,0.97,0.1,0.9,0.05,2536,23,0.009069400630914827,5,0.21739130434782608,0.2962075994110268,0.22382155497408596,0.09976794130110875,0.9668769716088328,0.024053627760252366,0.0
ood_exposure,LOG_TRAIN_P90,0.97,0.1,0.9,0.1,2536,23,0.009069400630914827,5,0.21739130434782608,0.2962075994110268,0.22382155497408596,0.09967330407713398,0.9656940063091483,0.025236593059936908,0.0
ood_exposure,LOG_TRAIN_P90,0.97,0.1,0.95,0.01,2536,23,0.009069400630914827,5,0.21739130434782608,0.2962075994110268,0.22382155497408596,0.10162914003927907,0.9901419558359621,0.0007886435331230284,0.0
ood_exposure,LOG_TRAIN_P90,0.97,0.1,0.95,0.02,2536,23,0.009069400630914827,5,0.21739130434782608,0.2962075994110268,0.22382155497408596,0.10162914003927907,0.9901419558359621,0.0007886435331230284,0.0
ood_exposure,LOG_TRAIN_P90,0.97,0.1,0.95,0.05,2536,23,0.009069400630914827,5,0.21739130434782608,0.2962075994110268,0.22382155497408596,0.09976794130110875,0.9668769716088328,0.024053627760252366,0.0
ood_exposure,LOG_TRAIN_P90,0.97,0.1,0.95,0.1,2536,23,0.009069400630914827,5,0.21739130434782608,0.2962075994110268,0.22382155497408596,0.09967330407713398,0.9656940063091483,0.025236593059936908,0.0
ood_exposure,LOG_TRAIN_P90,0.97,0.1,0.97,0.01,2536,23,0.009069400630914827,5,0.21739130434782608,0.2962075994110268,0.22382155497408596,0.10162914003927907,0.9901419558359621,0.0007886435331230284,0.0
ood_exposure,LOG_TRAIN_P90,0.97,0.1,0.97,0.02,2536,23,0.009069400630914827,5,0.21739130434782608,0.2962075994110268,0.22382155497408596,0.10162914003927907,0.9901419558359621,0.0007886435331230284,0.0
ood_exposure,LOG_TRAIN_P90,0.97,0.1,0.97,0.05,2536,23,0.009069400630914827,5,0.21739130434782608,0.2962075994110268,0.22382155497408596,0.10093513373013083,0.9814668769716088,0.00946372239747634,0.0
ood_exposure,LOG_TRAIN_P90,0.97,0.1,0.97,0.1,2536,23,0.009069400630914827,5,0.21739130434782608,0.2962075994110268,0.22382155497408596,0.10093513373013083,0.9814668769716088,0.00946372239747634,0.0
ood_exposure,LOG_TRAIN_P90,0.97,0.1,0.99,0.01,2536,23,0.009069400630914827,5,0.21739130434782608,0.2962075994110268,0.22382155497408596,0.10162914003927907,0.9901419558359621,0.0007886435331230284,0.0
ood_exposure,LOG_TRAIN_P90,0.97,0.1,0.99,0.02,2536,23,0.009069400630914827,5,0.21739130434782608,0.2962075994110268,0.22382155497408596,0.10162914003927907,0.9901419558359621,0.0007886435331230284,0.0
ood_exposure,LOG_TRAIN_P90,0.97,0.1,0.99,0.05,2536,23,0.009069400630914827,5,0.21739130434782608,0.2962075994110268,0.22382155497408596,0.10162914003927907,0.9901419558359621,0.0007886435331230284,0.0
ood_exposure,LOG_TRAIN_P90,0.97,0.1,0.99,0.1,2536,23,0.009069400630914827,5,0.21739130434782608,0.2962075994110268,0.22382155497408596,0.10162914003927907,0.9901419558359621,0.0007886435331230284,0.0
ood_exposure,LOG_TRAIN_P90,0.97,0.2,0.9,0.01,2536,23,0.009069400630914827,5,0.21739130434782608,0.2962075994110268,0.22382155497408596,0.10162914003927907,0.9901419558359621,0.0007886435331230284,0.0
ood_exposure,LOG_TRAIN_P90,0.97,0.2,0.9,0.02,2536,23,0.009069400630914827,5,0.21739130434782608,0.2962075994110268,0.22382155497408596,0.10162914003927907,0.9901419558359621,0.0007886435331230284,0.0
ood_exposure,LOG_TRAIN_P90,0.97,0.2,0.9,0.05,2536,23,0.009069400630914827,5,0.21739130434782608,0.2962075994110268,0.22382155497408596,0.09976794130110875,0.9668769716088328,0.024053627760252366,0.0
ood_exposure,LOG_TRAIN_P90,0.97,0.2,0.9,0.1,2536,23,0.009069400630914827,5,0.21739130434782608,0.2962075994110268,0.22382155497408596,0.09967330407713398,0.9656940063091483,0.025236593059936908,0.0
ood_exposure,LOG_TRAIN_P90,0.97,0.2,0.95,0.01,2536,23,0.009069400630914827,5,0.21739130434782608,0.2962075994110268,0.22382155497408596,0.10162914003927907,0.9901419558359621,0.0007886435331230284,0.0
ood_exposure,LOG_TRAIN_P90,0.97,0.2,0.95,0.02,2536,23,0.009069400630914827,5,0.21739130434782608,0.2962075994110268,0.22382155497408596,0.10162914003927907,0.9901419558359621,0.0007886435331230284,0.0
ood_exposure,LOG_TRAIN_P90,0.97,0.2,0.95,0.05,2536,23,0.009069400630914827,5,0.21739130434782608,0.2962075994110268,0.22382155497408596,0.09976794130110875,0.9668769716088328,0.024053627760252366,0.0
ood_exposure,LOG_TRAIN_P90,0.97,0.2,0.95,0.1,2536,23,0.009069400630914827,5,0.21739130434782608,0.2962075994110268,0.22382155497408596,0.09967330407713398,0.9656940063091483,0.025236593059936908,0.0
ood_exposure,LOG_TRAIN_P90,0.97,0.2,0.97,0.01,2536,23,0.009069400630914827,5,0.21739130434782608,0.2962075994110268,0.22382155497408596,0.10162914003927907,0.9901419558359621,0.0007886435331230284,0.0
ood_exposure,LOG_TRAIN_P90,0.97,0.2,0.97,0.02,2536,23,0.009069400630914827,5,0.21739130434782608,0.2962075994110268,0.22382155497408596,0.10162914003927907,0.9901419558359621,0.0007886435331230284,0.0
ood_exposure,LOG_TRAIN_P90,0.97,0.2,0.97,0.05,2536,23,0.009069400630914827,5,0.21739130434782608,0.2962075994110268,0.22382155497408596,0.10093513373013083,0.9814668769716088,0.00946372239747634,0.0
ood_exposure,LOG_TRAIN_P90,0.97,0.2,0.97,0.1,2536,23,0.009069400630914827,5,0.21739130434782608,0.2962075994110268,0.22382155497408596,0.10093513373013083,0.9814668769716088,0.00946372239747634,0.0
ood_exposure,LOG_TRAIN_P90,0.97,0.2,0.99,0.01,2536,23,0.009069400630914827,5,0.21739130434782608,0.2962075994110268,0.22382155497408596,0.10162914003927907,0.9901419558359621,0.0007886435331230284,0.0
ood_exposure,LOG_TRAIN_P90,0.97,0.2,0.99,0.02,2536,23,0.009069400630914827,5,0.21739130434782608,0.2962075994110268,0.22382155497408596,0.10162914003927907,0.9901419558359621,0.0007886435331230284,0.0
ood_exposure,LOG_TRAIN_P90,0.97,0.2,0.99,0.05,2536,23,0.009069400630914827,5,0.21739130434782608,0.2962075994110268,0.22382155497408596,0.10162914003927907,0.9901419558359621,0.0007886435331230284,0.0
ood_exposure,LOG_TRAIN_P90,0.97,0.2,0.99,0.1,2536,23,0.009069400630914827,5,0.21739130434782608,0.2962075994110268,0.22382155497408596,0.10162914003927907,0.9901419558359621,0.0007886435331230284,0.0
ood_exposure,LOG_TRAIN_P90,0.99,0.01,0.9,0.01,2536,8,0.0031545741324921135,1,0.125,0.1565625188598531,0.12787275472688395,0.10013278400281266,0.9960567823343849,0.0007886435331230284,0.0
ood_exposure,LOG_TRAIN_P90,0.99,0.01,0.9,0.02,2536,8,0.0031545741324921135,1,0.125,0.1565625188598531,0.12787275472688395,0.10013278400281266,0.9960567823343849,0.0007886435331230284,0.0
ood_exposure,LOG_TRAIN_P90,0.99,0.01,0.9,0.05,2536,8,0.0031545741324921135,1,0.125,0.1565625188598531,0.12787275472688395,0.0982715852646423,0.9727917981072555,0.024053627760252366,0.0
ood_exposure,LOG_TRAIN_P90,0.99,0.01,0.9,0.1,2536,8,0.0031545741324921135,1,0.125,0.1565625188598531,0.12787275472688395,0.09817694804066755,0.9716088328075709,0.025236593059936908,0.0
ood_exposure,LOG_TRAIN_P90,0.99,0.01,0.95,0.01,2536,8,0.0031545741324921135,1,0.125,0.1565625188598531,0.12787275472688395,0.10013278400281266,0.9960567823343849,0.0007886435331230284,0.0
ood_exposure,LOG_TRAIN_P90,0.99,0.01,0.95,0.02,2536,8,0.0031545741324921135,1,0.125,0.1565625188598531,0.12787275472688395,0.10013278400281266,0.9960567823343849,0.0007886435331230284,0.0
ood_exposure,LOG_TRAIN_P90,0.99,0.01,0.95,0.05,2536,8,0.0031545741324921135,1,0.125,0.1565625188598531,0.12787275472688395,0.0982715852646423,0.9727917981072555,0.024053627760252366,0.0
ood_exposure,LOG_TRAIN_P90,0.99,0.01,0.95,0.1,2536,8,0.0031545741324921135,1,0.125,0.1565625188598531,0.12787275472688395,0.09817694804066755,0.9716088328075709,0.025236593059936908,0.0
ood_exposure,LOG_TRAIN_P90,0.99,0.01,0.97,0.01,2536,8,0.0031545741324921135,1,0.125,0.1565625188598531,0.12787275472688395,0.10013278400281266,0.9960567823343849,0.0007886435331230284,0.0
ood_exposure,LOG_TRAIN_P90,0.99,0.01,0.97,0.02,2536,8,0.0031545741324921135,1,0.125,0.1565625188598531,0.12787275472688395,0.10013278400281266,0.9960567823343849,0.0007886435331230284,0.0
ood_exposure,LOG_TRAIN_P90,0.99,0.01,0.97,0.05,2536,8,0.0031545741324921135,1,0.125,0.1565625188598531,0.12787275472688395,0.0994387776936644,0.9873817034700315,0.00946372239747634,0.0
ood_exposure,LOG_TRAIN_P90,0.99,0.01,0.97,0.1,2536,8,0.0031545741324921135,1,0.125,0.1565625188598531,0.12787275472688395,0.0994387776936644,0.9873817034700315,0.00946372239747634,0.0
ood_exposure,LOG_TRAIN_P90,0.99,0.01,0.99,0.01,2536,8,0.0031545741324921135,1,0.125,0.1565625188598531,0.12787275472688395,0.10013278400281266,0.9960567823343849,0.0007886435331230284,0.0
ood_exposure,LOG_TRAIN_P90,0.99,0.01,0.99,0.02,2536,8,0.0031545741324921135,1,0.125,0.1565625188598531,0.12787275472688395,0.10013278400281266,0.9960567823343849,0.0007886435331230284,0.0
ood_exposure,LOG_TRAIN_P90,0.99,0.01,0.99,0.05,2536,8,0.0031545741324921135,1,0.125,0.1565625188598531,0.12787275472688395,0.10013278400281266,0.9960567823343849,0.0007886435331230284,0.0
ood_exposure,LOG_TRAIN_P90,0.99,0.01,0.99,0.1,2536,8,0.0031545741324921135,1,0.125,0.1565625188598531,0.12787275472688395,0.10013278400281266,0.9960567823343849,0.0007886435331230284,0.0
ood_exposure,LOG_TRAIN_P90,0.99,0.02,0.9,0.01,2536,9,0.003548895899053628,1,0.1111111111111111,0.13459727790045214,0.11332836530482569,0.10009335182615649,0.9956624605678234,0.0007886435331230284,0.0
ood_exposure,LOG_TRAIN_P90,0.99,0.02,0.9,0.02,2536,9,0.003548895899053628,1,0.1111111111111111,0.13459727790045214,0.11332836530482569,0.10009335182615649,0.9956624605678234,0.0007886435331230284,0.0
ood_exposure,LOG_TRAIN_P90,0.99,0.02,0.9,0.05,2536,9,0.003548895899053628,1,0.1111111111111111,0.13459727790045214,0.11332836530482569,0.09823215308798616,0.972397476340694,0.024053627760252366,0.0
ood_exposure,LOG_TRAIN_P90,0.99,0.02,0.9,0.1,2536,9,0.003548895899053628,1,0.1111111111111111,0.13459727790045214,0.11332836530482569,0.09813751586401138,0.9712145110410094,0.025236593059936908,0.0
ood_exposure,LOG_TRAIN_P90,0.99,0.02,0.95,0.01,2536,9,0.003548895899053628,1,0.1111111111111111,0.13459727790045214,0.11332836530482569,0.10009335182615649,0.9956624605678234,0.0007886435331230284,0.0
ood_exposure,LOG_TRAIN_P90,0.99,0.02,0.95,0.02,2536,9,0.003548895899053628,1,0.1111111111111111,0.13459727790045214,0.11332836530482569,0.10009335182615649,0.9956624605678234,0.0007886435331230284,0.0
ood_exposure,LOG_TRAIN_P90,0.99,0.02,0.95,0.05,2536,9,0.003548895899053628,1,0.1111111111111111,0.13459727790045214,0.11332836530482569,0.09823215308798616,0.972397476340694,0.024053627760252366,0.0
ood_exposure,LOG_TRAIN_P90,0.99,0.02,0.95,0.1,2536,9,0.003548895899053628,1,0.1111111111111111,0.13459727790045214,0.11332836530482569,0.09813751586401138,0.9712145110410094,0.025236593059936908,0.0
ood_exposure,LOG_TRAIN_P90,0.99,0.02,0.97,0.01,2536,9,0.003548895899053628,1,0.1111111111111111,0.13459727790045214,0.11332836530482569,0.10009335182615649,0.9956624605678234,0.0007886435331230284,0.0
ood_exposure,LOG_TRAIN_P90,0.99,0.02,0.97,0.02,2536,9,0.003548895899053628,1,0.1111111111111111,0.13459727790045214,0.11332836530482569,0.10009335182615649,0.9956624605678234,0.0007886435331230284,0.0
ood_exposure,LOG_TRAIN_P90,0.99,0.02,0.97,0.05,2536,9,0.003548895899053628,1,0.1111111111111111,0.13459727790045214,0.11332836530482569,0.09939934551700823,0.98698738170347,0.00946372239747634,0.0
ood_exposure,LOG_TRAIN_P90,0.99,0.02,0.97,0.1,2536,9,0.003548895899053628,1,0.1111111111111111,0.13459727790045214,0.11332836530482569,0.09939934551700823,0.98698738170347,0.00946372239747634,0.0
ood_exposure,LOG_TRAIN_P90,0.99,0.02,0.99,0.01,2536,9,0.003548895899053628,1,0.1111111111111111,0.13459727790045214,0.11332836530482569,0.10009335182615649,0.9956624605678234,0.0007886435331230284,0.0
ood_exposure,LOG_TRAIN_P90,0.99,0.02,0.99,0.02,2536,9,0.003548895899053628,1,0.1111111111111111,0.13459727790045214,0.11332836530482569,0.10009335182615649,0.9956624605678234,0.0007886435331230284,0.0
ood_exposure,LOG_TRAIN_P90,0.99,0.02,0.99,0.05,2536,9,0.003548895899053628,1,0.1111111111111111,0.13459727790045214,0.11332836530482569,0.10009335182615649,0.9956624605678234,0.0007886435331230284,0.0
ood_exposure,LOG_TRAIN_P90,0.99,0.02,0.99,0.1,2536,9,0.003548895899053628,1,0.1111111111111111,0.13459727790045214,0.11332836530482569,0.10009335182615649,0.9956624605678234,0.0007886435331230284,0.0
ood_exposure,LOG_TRAIN_P90,0.99,0.05,0.9,0.01,2536,9,0.003548895899053628,1,0.1111111111111111,0.13459727790045214,0.11332836530482569,0.10009335182615649,0.9956624605678234,0.0007886435331230284,0.0
ood_exposure,LOG_TRAIN_P90,0.99,0.05,0.9,0.02,2536,9,0.003548895899053628,1,0.1111111111111111,0.13459727790045214,0.11332836530482569,0.10009335182615649,0.9956624605678234,0.0007886435331230284,0.0
ood_exposure,LOG_TRAIN_P90,0.99,0.05,0.9,0.05,2536,9,0.003548895899053628,1,0.1111111111111111,0.13459727790045214,0.11332836530482569,0.09823215308798616,0.972397476340694,0.024053627760252366,0.0
ood_exposure,LOG_TRAIN_P90,0.99,0.05,0.9,0.1,2536,9,0.003548895899053628,1,0.1111111111111111,0.13459727790045214,0.11332836530482569,0.09813751586401138,0.9712145110410094,0.025236593059936908,0.0
ood_exposure,LOG_TRAIN_P90,0.99,0.05,0.95,0.01,2536,9,0.003548895899053628,1,0.1111111111111111,0.13459727790045214,0.11332836530482569,0.10009335182615649,0.9956624605678234,0.0007886435331230284,0.0
ood_exposure,LOG_TRAIN_P90,0.99,0.05,0.95,0.02,2536,9,0.003548895899053628,1,0.1111111111111111,0.13459727790045214,0.11332836530482569,0.10009335182615649,0.9956624605678234,0.0007886435331230284,0.0
ood_exposure,LOG_TRAIN_P90,0.99,0.05,0.95,0.05,2536,9,0.003548895899053628,1,0.1111111111111111,0.13459727790045214,0.11332836530482569,0.09823215308798616,0.972397476340694,0.024053627760252366,0.0
ood_exposure,LOG_TRAIN_P90,0.99,0.05,0.95,0.1,2536,9,0.003548895899053628,1,0.1111111111111111,0.13459727790045214,0.11332836530482569,0.09813751586401138,0.9712145110410094,0.025236593059936908,0.0
ood_exposure,LOG_TRAIN_P90,0.99,0.05,0.97,0.01,2536,9,0.003548895899053628,1,0.1111111111111111,0.13459727790045214,0.11332836530482569,0.10009335182615649,0.9956624605678234,0.0007886435331230284,0.0
ood_exposure,LOG_TRAIN_P90,0.99,0.05,0.97,0.02,2536,9,0.003548895899053628,1,0.1111111111111111,0.13459727790045214,0.11332836530482569,0.10009335182615649,0.9956624605678234,0.0007886435331230284,0.0
ood_exposure,LOG_TRAIN_P90,0.99,0.05,0.97,0.05,2536,9,0.003548895899053628,1,0.1111111111111111,0.13459727790045214,0.11332836530482569,0.09939934551700823,0.98698738170347,0.00946372239747634,0.0
ood_exposure,LOG_TRAIN_P90,0.99,0.05,0.97,0.1,2536,9,0.003548895899053628,1,0.1111111111111111,0.13459727790045214,0.11332836530482569,0.09939934551700823,0.98698738170347,0.00946372239747634,0.0
ood_exposure,LOG_TRAIN_P90,0.99,0.05,0.99,0.01,2536,9,0.003548895899053628,1,0.1111111111111111,0.13459727790045214,0.11332836530482569,0.10009335182615649,0.9956624605678234,0.0007886435331230284,0.0
ood_exposure,LOG_TRAIN_P90,0.99,0.05,0.99,0.02,2536,9,0.003548895899053628,1,0.1111111111111111,0.13459727790045214,0.11332836530482569,0.10009335182615649,0.9956624605678234,0.0007886435331230284,0.0
ood_exposure,LOG_TRAIN_P90,0.99,0.05,0.99,0.05,2536,9,0.003548895899053628,1,0.1111111111111111,0.13459727790045214,0.11332836530482569,0.10009335182615649,0.9956624605678234,0.0007886435331230284,0.0
ood_exposure,LOG_TRAIN_P90,0.99,0.05,0.99,0.1,2536,9,0.003548895899053628,1,0.1111111111111111,0.13459727790045214,0.11332836530482569,0.10009335182615649,0.9956624605678234,0.0007886435331230284,0.0
ood_exposure,LOG_TRAIN_P90,0.99,0.1,0.9,0.01,2536,9,0.003548895899053628,1,0.1111111111111111,0.13459727790045214,0.11332836530482569,0.10009335182615649,0.9956624605678234,0.0007886435331230284,0.0
ood_exposure,LOG_TRAIN_P90,0.99,0.1,0.9,0.02,2536,9,0.003548895899053628,1,0.1111111111111111,0.13459727790045214,0.11332836530482569,0.10009335182615649,0.9956624605678234,0.0007886435331230284,0.0
ood_exposure,LOG_TRAIN_P90,0.99,0.1,0.9,0.05,2536,9,0.003548895899053628,1,0.1111111111111111,0.13459727790045214,0.11332836530482569,0.09823215308798616,0.972397476340694,0.024053627760252366,0.0
ood_exposure,LOG_TRAIN_P90,0.99,0.1,0.9,0.1,2536,9,0.003548895899053628,1,0.1111111111111111,0.13459727790045214,0.11332836530482569,0.09813751586401138,0.9712145110410094,0.025236593059936908,0.0
ood_exposure,LOG_TRAIN_P90,0.99,0.1,0.95,0.01,2536,9,0.003548895899053628,1,0.1111111111111111,0.13459727790045214,0.11332836530482569,0.10009335182615649,0.9956624605678234,0.0007886435331230284,0.0
ood_exposure,LOG_TRAIN_P90,0.99,0.1,0.95,0.02,2536,9,0.003548895899053628,1,0.1111111111111111,0.13459727790045214,0.11332836530482569,0.10009335182615649,0.9956624605678234,0.0007886435331230284,0.0
ood_exposure,LOG_TRAIN_P90,0.99,0.1,0.95,0.05,2536,9,0.003548895899053628,1,0.1111111111111111,0.13459727790045214,0.11332836530482569,0.09823215308798616,0.972397476340694,0.024053627760252366,0.0
ood_exposure,LOG_TRAIN_P90,0.99,0.1,0.95,0.1,2536,9,0.003548895899053628,1,0.1111111111111111,0.13459727790045214,0.11332836530482569,0.09813751586401138,0.9712145110410094,0.025236593059936908,0.0
ood_exposure,LOG_TRAIN_P90,0.99,0.1,0.97,0.01,2536,9,0.003548895899053628,1,0.1111111111111111,0.13459727790045214,0.11332836530482569,0.10009335182615649,0.9956624605678234,0.0007886435331230284,0.0
ood_exposure,LOG_TRAIN_P90,0.99,0.1,0.97,0.02,2536,9,0.003548895899053628,1,0.1111111111111111,0.13459727790045214,0.11332836530482569,0.10009335182615649,0.9956624605678234,0.0007886435331230284,0.0
ood_exposure,LOG_TRAIN_P90,0.99,0.1,0.97,0.05,2536,9,0.003548895899053628,1,0.1111111111111111,0.13459727790045214,0.11332836530482569,0.09939934551700823,0.98698738170347,0.00946372239747634,0.0
ood_exposure,LOG_TRAIN_P90,0.99,0.1,0.97,0.1,2536,9,0.003548895899053628,1,0.1111111111111111,0.13459727790045214,0.11332836530482569,0.09939934551700823,0.98698738170347,0.00946372239747634,0.0
ood_exposure,LOG_TRAIN_P90,0.99,0.1,0.99,0.01,2536,9,0.003548895899053628,1,0.1111111111111111,0.13459727790045214,0.11332836530482569,0.10009335182615649,0.9956624605678234,0.0007886435331230284,0.0
ood_exposure,LOG_TRAIN_P90,0.99,0.1,0.99,0.02,2536,9,0.003548895899053628,1,0.1111111111111111,0.13459727790045214,0.11332836530482569,0.10009335182615649,0.9956624605678234,0.0007886435331230284,0.0
ood_exposure,LOG_TRAIN_P90,0.99,0.1,0.99,0.05,2536,9,0.003548895899053628,1,0.1111111111111111,0.13459727790045214,0.11332836530482569,0.10009335182615649,0.9956624605678234,0.0007886435331230284,0.0
ood_exposure,LOG_TRAIN_P90,0.99,0.1,0.99,0.1,2536,9,0.003548895899053628,1,0.1111111111111111,0.13459727790045214,0.11332836530482569,0.10009335182615649,0.9956624605678234,0.0007886435331230284,0.0
ood_exposure,LOG_TRAIN_P90,0.99,0.2,0.9,0.01,2536,9,0.003548895899053628,1,0.1111111111111111,0.13459727790045214,0.11332836530482569,0.10009335182615649,0.9956624605678234,0.0007886435331230284,0.0
ood_exposure,LOG_TRAIN_P90,0.99,0.2,0.9,0.02,2536,9,0.003548895899053628,1,0.1111111111111111,0.13459727790045214,0.11332836530482569,0.10009335182615649,0.9956624605678234,0.0007886435331230284,0.0
ood_exposure,LOG_TRAIN_P90,0.99,0.2,0.9,0.05,2536,9,0.003548895899053628,1,0.1111111111111111,0.13459727790045214,0.11332836530482569,0.09823215308798616,0.972397476340694,0.024053627760252366,0.0
ood_exposure,LOG_TRAIN_P90,0.99,0.2,0.9,0.1,2536,9,0.003548895899053628,1,0.1111111111111111,0.13459727790045214,0.11332836530482569,0.09813751586401138,0.9712145110410094,0.025236593059936908,0.0
ood_exposure,LOG_TRAIN_P90,0.99,0.2,0.95,0.01,2536,9,0.003548895899053628,1,0.1111111111111111,0.13459727790045214,0.11332836530482569,0.10009335182615649,0.9956624605678234,0.0007886435331230284,0.0
ood_exposure,LOG_TRAIN_P90,0.99,0.2,0.95,0.02,2536,9,0.003548895899053628,1,0.1111111111111111,0.13459727790045214,0.11332836530482569,0.10009335182615649,0.9956624605678234,0.0007886435331230284,0.0
ood_exposure,LOG_TRAIN_P90,0.99,0.2,0.95,0.05,2536,9,0.003548895899053628,1,0.1111111111111111,0.13459727790045214,0.11332836530482569,0.09823215308798616,0.972397476340694,0.024053627760252366,0.0
ood_exposure,LOG_TRAIN_P90,0.99,0.2,0.95,0.1,2536,9,0.003548895899053628,1,0.1111111111111111,0.13459727790045214,0.11332836530482569,0.09813751586401138,0.9712145110410094,0.025236593059936908,0.0
ood_exposure,LOG_TRAIN_P90,0.99,0.2,0.97,0.01,2536,9,0.003548895899053628,1,0.1111111111111111,0.13459727790045214,0.11332836530482569,0.10009335182615649,0.9956624605678234,0.0007886435331230284,0.0
ood_exposure,LOG_TRAIN_P90,0.99,0.2,0.97,0.02,2536,9,0.003548895899053628,1,0.1111111111111111,0.13459727790045214,0.11332836530482569,0.10009335182615649,0.9956624605678234,0.0007886435331230284,0.0
ood_exposure,LOG_TRAIN_P90,0.99,0.2,0.97,0.05,2536,9,0.003548895899053628,1,0.1111111111111111,0.13459727790045214,0.11332836530482569,0.09939934551700823,0.98698738170347,0.00946372239747634,0.0
ood_exposure,LOG_TRAIN_P90,0.99,0.2,0.97,0.1,2536,9,0.003548895899053628,1,0.1111111111111111,0.13459727790045214,0.11332836530482569,0.09939934551700823,0.98698738170347,0.00946372239747634,0.0
ood_exposure,LOG_TRAIN_P90,0.99,0.2,0.99,0.01,2536,9,0.003548895899053628,1,0.1111111111111111,0.13459727790045214,0.11332836530482569,0.10009335182615649,0.9956624605678234,0.0007886435331230284,0.0
ood_exposure,LOG_TRAIN_P90,0.99,0.2,0.99,0.02,2536,9,0.003548895899053628,1,0.1111111111111111,0.13459727790045214,0.11332836530482569,0.10009335182615649,0.9956624605678234,0.0007886435331230284,0.0
ood_exposure,LOG_TRAIN_P90,0.99,0.2,0.99,0.05,2536,9,0.003548895899053628,1,0.1111111111111111,0.13459727790045214,0.11332836530482569,0.10009335182615649,0.9956624605678234,0.0007886435331230284,0.0
ood_exposure,LOG_TRAIN_P90,0.99,0.2,0.99,0.1,2536,9,0.003548895899053628,1,0.1111111111111111,0.13459727790045214,0.11332836530482569,0.10009335182615649,0.9956624605678234,0.0007886435331230284,0.0
ood_exposure,UNIFORM,0.9,0.01,0.9,0.01,2536,9,0.003548895899053628,1,0.1111111111111111,0.13459727790045214,0.1111111111111111,0.0999763406940063,0.9956624605678234,0.0007886435331230284,0.0
ood_exposure,UNIFORM,0.9,0.01,0.9,0.02,2536,9,0.003548895899053628,1,0.1111111111111111,0.13459727790045214,0.1111111111111111,0.09928233438485803,0.98698738170347,0.00946372239747634,0.0
ood_exposure,UNIFORM,0.9,0.01,0.9,0.05,2536,9,0.003548895899053628,1,0.1111111111111111,0.13459727790045214,0.1111111111111111,0.09802050473186119,0.9712145110410094,0.025236593059936908,0.0
ood_exposure,UNIFORM,0.9,0.01,0.9,0.1,2536,9,0.003548895899053628,1,0.1111111111111111,0.13459727790045214,0.1111111111111111,0.09770504731861197,0.9672712933753943,0.02917981072555205,0.0
ood_exposure,UNIFORM,0.9,0.01,0.95,0.01,2536,9,0.003548895899053628,1,0.1111111111111111,0.13459727790045214,0.1111111111111111,0.0999763406940063,0.9956624605678234,0.0007886435331230284,0.0
ood_exposure,UNIFORM,0.9,0.01,0.95,0.02,2536,9,0.003548895899053628,1,0.1111111111111111,0.13459727790045214,0.1111111111111111,0.09928233438485803,0.98698738170347,0.00946372239747634,0.0
ood_exposure,UNIFORM,0.9,0.01,0.95,0.05,2536,9,0.003548895899053628,1,0.1111111111111111,0.13459727790045214,0.1111111111111111,0.09802050473186119,0.9712145110410094,0.025236593059936908,0.0
ood_exposure,UNIFORM,0.9,0.01,0.95,0.1,2536,9,0.003548895899053628,1,0.1111111111111111,0.13459727790045214,0.1111111111111111,0.09802050473186119,0.9712145110410094,0.025236593059936908,0.0
ood_exposure,UNIFORM,0.9,0.01,0.97,0.01,2536,9,0.003548895899053628,1,0.1111111111111111,0.13459727790045214,0.1111111111111111,0.0999763406940063,0.9956624605678234,0.0007886435331230284,0.0
ood_exposure,UNIFORM,0.9,0.01,0.97,0.02,2536,9,0.003548895899053628,1,0.1111111111111111,0.13459727790045214,0.1111111111111111,0.09928233438485803,0.98698738170347,0.00946372239747634,0.0
ood_exposure,UNIFORM,0.9,0.01,0.97,0.05,2536,9,0.003548895899053628,1,0.1111111111111111,0.13459727790045214,0.1111111111111111,0.09928233438485803,0.98698738170347,0.00946372239747634,0.0
ood_exposure,UNIFORM,0.9,0.01,0.97,0.1,2536,9,0.003548895899053628,1,0.1111111111111111,0.13459727790045214,0.1111111111111111,0.09928233438485803,0.98698738170347,0.00946372239747634,0.0
ood_exposure,UNIFORM,0.9,0.01,0.99,0.01,2536,9,0.003548895899053628,1,0.1111111111111111,0.13459727790045214,0.1111111111111111,0.0999763406940063,0.9956624605678234,0.0007886435331230284,0.0
ood_exposure,UNIFORM,0.9,0.01,0.99,0.02,2536,9,0.003548895899053628,1,0.1111111111111111,0.13459727790045214,0.1111111111111111,0.0999763406940063,0.9956624605678234,0.0007886435331230284,0.0
ood_exposure,UNIFORM,0.9,0.01,0.99,0.05,2536,9,0.003548895899053628,1,0.1111111111111111,0.13459727790045214,0.1111111111111111,0.0999763406940063,0.9956624605678234,0.0007886435331230284,0.0
ood_exposure,UNIFORM,0.9,0.01,0.99,0.1,2536,9,0.003548895899053628,1,0.1111111111111111,0.13459727790045214,0.1111111111111111,0.0999763406940063,0.9956624605678234,0.0007886435331230284,0.0
ood_exposure,UNIFORM,0.9,0.02,0.9,0.01,2536,15,0.005914826498422713,5,0.3333333333333333,0.4223998470098114,0.3333333333333333,0.10131703470031546,0.9932965299684543,0.0007886435331230284,0.0
ood_exposure,UNIFORM,0.9,0.02,0.9,0.02,2536,15,0.005914826498422713,5,0.3333333333333333,0.4223998470098114,0.3333333333333333,0.10062302839116719,0.9846214511041009,0.00946372239747634,0.0
ood_exposure,UNIFORM,0.9,0.02,0.9,0.05,2536,15,0.005914826498422713,5,0.3333333333333333,0.4223998470098114,0.3333333333333333,0.09936119873817034,0.9688485804416404,0.025236593059936908,0.0
ood_exposure,UNIFORM,0.9,0.02,0.9,0.1,2536,15,0.005914826498422713,5,0.3333333333333333,0.4223998470098114,0.3333333333333333,0.09904574132492112,0.9649053627760252,0.02917981072555205,0.0
ood_exposure,UNIFORM,0.9,0.02,0.95,0.01,2536,15,0.005914826498422713,5,0.3333333333333333,0.4223998470098114,0.3333333333333333,0.10131703470031546,0.9932965299684543,0.0007886435331230284,0.0
ood_exposure,UNIFORM,0.9,0.02,0.95,0.02,2536,15,0.005914826498422713,5,0.3333333333333333,0.4223998470098114,0.3333333333333333,0.10062302839116719,0.9846214511041009,0.00946372239747634,0.0
ood_exposure,UNIFORM,0.9,0.02,0.95,0.05,2536,15,0.005914826498422713,5,0.3333333333333333,0.4223998470098114,0.3333333333333333,0.09936119873817034,0.9688485804416404,0.025236593059936908,0.0
ood_exposure,UNIFORM,0.9,0.02,0.95,0.1,2536,15,0.005914826498422713,5,0.3333333333333333,0.4223998470098114,0.3333333333333333,0.09936119873817034,0.9688485804416404,0.025236593059936908,0.0
ood_exposure,UNIFORM,0.9,0.02,0.97,0.01,2536,15,0.005914826498422713,5,0.3333333333333333,0.4223998470098114,0.3333333333333333,0.10131703470031546,0.9932965299684543,0.0007886435331230284,0.0
ood_exposure,UNIFORM,0.9,0.02,0.97,0.02,2536,15,0.005914826498422713,5,0.3333333333333333,0.4223998470098114,0.3333333333333333,0.10062302839116719,0.9846214511041009,0.00946372239747634,0.0
ood_exposure,UNIFORM,0.9,0.02,0.97,0.05,2536,15,0.005914826498422713,5,0.3333333333333333,0.4223998470098114,0.3333333333333333,0.10062302839116719,0.9846214511041009,0.00946372239747634,0.0
ood_exposure,UNIFORM,0.9,0.02,0.97,0.1,2536,15,0.005914826498422713,5,0.3333333333333333,0.4223998470098114,0.3333333333333333,0.10062302839116719,0.9846214511041009,0.00946372239747634,0.0
ood_exposure,UNIFORM,0.9,0.02,0.99,0.01,2536,15,0.005914826498422713,5,0.3333333333333333,0.4223998470098114,0.3333333333333333,0.10131703470031546,0.9932965299684543,0.0007886435331230284,0.0
ood_exposure,UNIFORM,0.9,0.02,0.99,0.02,2536,15,0.005914826498422713,5,0.3333333333333333,0.4223998470098114,0.3333333333333333,0.10131703470031546,0.9932965299684543,0.0007886435331230284,0.0
ood_exposure,UNIFORM,0.9,0.02,0.99,0.05,2536,15,0.005914826498422713,5,0.3333333333333333,0.4223998470098114,0.3333333333333333,0.10131703470031546,0.9932965299684543,0.0007886435331230284,0.0
ood_exposure,UNIFORM,0.9,0.02,0.99,0.1,2536,15,0.005914826498422713,5,0.3333333333333333,0.4223998470098114,0.3333333333333333,0.10131703470031546,0.9932965299684543,0.0007886435331230284,0.0
ood_exposure,UNIFORM,0.9,0.05,0.9,0.01,2536,38,0.01498422712933754,8,0.21052631578947367,0.2597883486341137,0.21052631578947367,0.10159305993690851,0.9842271293375394,0.0007886435331230284,0.0
ood_exposure,UNIFORM,0.9,0.05,0.9,0.02,2536,38,0.01498422712933754,8,0.21052631578947367,0.2597883486341137,0.21052631578947367,0.10089905362776025,0.9755520504731862,0.00946372239747634,0.0
ood_exposure,UNIFORM,0.9,0.05,0.9,0.05,2536,38,0.01498422712933754,8,0.21052631578947367,0.2597883486341137,0.21052631578947367,0.0996372239747634,0.9597791798107256,0.025236593059936908,0.0
ood_exposure,UNIFORM,0.9,0.05,0.9,0.1,2536,38,0.01498422712933754,8,0.21052631578947367,0.2597883486341137,0.21052631578947367,0.09932176656151419,0.9558359621451105,0.02917981072555205,0.0
ood_exposure,UNIFORM,0.9,0.05,0.95,0.01,2536,38,0.01498422712933754,8,0.21052631578947367,0.2597883486341137,0.21052631578947367,0.10159305993690851,0.9842271293375394,0.0007886435331230284,0.0
ood_exposure,UNIFORM,0.9,0.05,0.95,0.02,2536,38,0.01498422712933754,8,0.21052631578947367,0.2597883486341137,0.21052631578947367,0.10089905362776025,0.9755520504731862,0.00946372239747634,0.0
ood_exposure,UNIFORM,0.9,0.05,0.95,0.05,2536,38,0.01498422712933754,8,0.21052631578947367,0.2597883486341137,0.21052631578947367,0.0996372239747634,0.9597791798107256,0.025236593059936908,0.0
ood_exposure,UNIFORM,0.9,0.05,0.95,0.1,2536,38,0.01498422712933754,8,0.21052631578947367,0.2597883486341137,0.21052631578947367,0.0996372239747634,0.9597791798107256,0.025236593059936908,0.0
ood_exposure,UNIFORM,0.9,0.05,0.97,0.01,2536,38,0.01498422712933754,8,0.21052631578947367,0.2597883486341137,0.21052631578947367,0.10159305993690851,0.9842271293375394,0.0007886435331230284,0.0
ood_exposure,UNIFORM,0.9,0.05,0.97,0.02,2536,38,0.01498422712933754,8,0.21052631578947367,0.2597883486341137,0.21052631578947367,0.10089905362776025,0.9755520504731862,0.00946372239747634,0.0
ood_exposure,UNIFORM,0.9,0.05,0.97,0.05,2536,38,0.01498422712933754,8,0.21052631578947367,0.2597883486341137,0.21052631578947367,0.10089905362776025,0.9755520504731862,0.00946372239747634,0.0
ood_exposure,UNIFORM,0.9,0.05,0.97,0.1,2536,38,0.01498422712933754,8,0.21052631578947367,0.2597883486341137,0.21052631578947367,0.10089905362776025,0.9755520504731862,0.00946372239747634,0.0
ood_exposure,UNIFORM,0.9,0.05,0.99,0.01,2536,38,0.01498422712933754,8,0.21052631578947367,0.2597883486341137,0.21052631578947367,0.10159305993690851,0.9842271293375394,0.0007886435331230284,0.0
ood_exposure,UNIFORM,0.9,0.05,0.99,0.02,2536,38,0.01498422712933754,8,0.21052631578947367,0.2597883486341137,0.21052631578947367,0.10159305993690851,0.9842271293375394,0.0007886435331230284,0.0
ood_exposure,UNIFORM,0.9,0.05,0.99,0.05,2536,38,0.01498422712933754,8,0.21052631578947367,0.2597883486341137,0.21052631578947367,0.10159305993690851,0.9842271293375394,0.0007886435331230284,0.0
ood_exposure,UNIFORM,0.9,0.05,0.99,0.1,2536,38,0.01498422712933754,8,0.21052631578947367,0.2597883486341137,0.21052631578947367,0.10159305993690851,0.9842271293375394,0.0007886435331230284,0.0
ood_exposure,UNIFORM,0.9,0.1,0.9,0.01,2536,99,0.039037854889589906,39,0.3939393939393939,0.3877742216475992,0.3939393939393939,0.1114116719242902,0.9601735015772871,0.0007886435331230284,0.0
ood_exposure,UNIFORM,0.9,0.1,0.9,0.02,2536,99,0.039037854889589906,39,0.3939393939393939,0.3877742216475992,0.3939393939393939,0.11071766561514194,0.9514984227129337,0.00946372239747634,0.0
ood_exposure,UNIFORM,0.9,0.1,0.9,0.05,2536,99,0.039037854889589906,39,0.3939393939393939,0.3877742216475992,0.3939393939393939,0.1094558359621451,0.9357255520504731,0.025236593059936908,0.0
ood_exposure,UNIFORM,0.9,0.1,0.9,0.1,2536,99,0.039037854889589906,39,0.3939393939393939,0.3877742216475992,0.3939393939393939,0.10914037854889588,0.931782334384858,0.02917981072555205,0.0
ood_exposure,UNIFORM,0.9,0.1,0.95,0.01,2536,99,0.039037854889589906,39,0.3939393939393939,0.3877742216475992,0.3939393939393939,0.1114116719242902,0.9601735015772871,0.0007886435331230284,0.0
ood_exposure,UNIFORM,0.9,0.1,0.95,0.02,2536,99,0.039037854889589906,39,0.3939393939393939,0.3877742216475992,0.3939393939393939,0.11071766561514194,0.9514984227129337,0.00946372239747634,0.0
ood_exposure,UNIFORM,0.9,0.1,0.95,0.05,2536,99,0.039037854889589906,39,0.3939393939393939,0.3877742216475992,0.3939393939393939,0.1094558359621451,0.9357255520504731,0.025236593059936908,0.0
ood_exposure,UNIFORM,0.9,0.1,0.95,0.1,2536,99,0.039037854889589906,39,0.3939393939393939,0.3877742216475992,0.3939393939393939,0.1094558359621451,0.9357255520504731,0.025236593059936908,0.0
ood_exposure,UNIFORM,0.9,0.1,0.97,0.01,2536,99,0.039037854889589906,39,0.3939393939393939,0.3877742216475992,0.3939393939393939,0.1114116719242902,0.9601735015772871,0.0007886435331230284,0.0
ood_exposure,UNIFORM,0.9,0.1,0.97,0.02,2536,99,0.039037854889589906,39,0.3939393939393939,0.3877742216475992,0.3939393939393939,0.11071766561514194,0.9514984227129337,0.00946372239747634,0.0
ood_exposure,UNIFORM,0.9,0.1,0.97,0.05,2536,99,0.039037854889589906,39,0.3939393939393939,0.3877742216475992,0.3939393939393939,0.11071766561514194,0.9514984227129337,0.00946372239747634,0.0
ood_exposure,UNIFORM,0.9,0.1,0.97,0.1,2536,99,0.039037854889589906,39,0.3939393939393939,0.3877742216475992,0.3939393939393939,0.11071766561514194,0.9514984227129337,0.00946372239747634,0.0
ood_exposure,UNIFORM,0.9,0.1,0.99,0.01,2536,99,0.039037854889589906,39,0.3939393939393939,0.3877742216475992,0.3939393939393939,0.1114116719242902,0.9601735015772871,0.0007886435331230284,0.0
ood_exposure,UNIFORM,0.9,0.1,0.99,0.02,2536,99,0.039037854889589906,39,0.3939393939393939,0.3877742216475992,0.3939393939393939,0.1114116719242902,0.9601735015772871,0.0007886435331230284,0.0
ood_exposure,UNIFORM,0.9,0.1,0.99,0.05,2536,99,0.039037854889589906,39,0.3939393939393939,0.3877742216475992,0.3939393939393939,0.1114116719242902,0.9601735015772871,0.0007886435331230284,0.0
ood_exposure,UNIFORM,0.9,0.1,0.99,0.1,2536,99,0.039037854889589906,39,0.3939393939393939,0.3877742216475992,0.3939393939393939,0.1114116719242902,0.9601735015772871,0.0007886435331230284,0.0
ood_exposure,UNIFORM,0.9,0.2,0.9,0.01,2536,99,0.039037854889589906,39,0.3939393939393939,0.3877742216475992,0.3939393939393939,0.1114116719242902,0.9601735015772871,0.0007886435331230284,0.0
ood_exposure,UNIFORM,0.9,0.2,0.9,0.02,2536,99,0.039037854889589906,39,0.3939393939393939,0.3877742216475992,0.3939393939393939,0.11071766561514194,0.9514984227129337,0.00946372239747634,0.0
ood_exposure,UNIFORM,0.9,0.2,0.9,0.05,2536,99,0.039037854889589906,39,0.3939393939393939,0.3877742216475992,0.3939393939393939,0.1094558359621451,0.9357255520504731,0.025236593059936908,0.0
ood_exposure,UNIFORM,0.9,0.2,0.9,0.1,2536,99,0.039037854889589906,39,0.3939393939393939,0.3877742216475992,0.3939393939393939,0.10914037854889588,0.931782334384858,0.02917981072555205,0.0
ood_exposure,UNIFORM,0.9,0.2,0.95,0.01,2536,99,0.039037854889589906,39,0.3939393939393939,0.3877742216475992,0.3939393939393939,0.1114116719242902,0.9601735015772871,0.0007886435331230284,0.0
ood_exposure,UNIFORM,0.9,0.2,0.95,0.02,2536,99,0.039037854889589906,39,0.3939393939393939,0.3877742216475992,0.3939393939393939,0.11071766561514194,0.9514984227129337,0.00946372239747634,0.0
ood_exposure,UNIFORM,0.9,0.2,0.95,0.05,2536,99,0.039037854889589906,39,0.3939393939393939,0.3877742216475992,0.3939393939393939,0.1094558359621451,0.9357255520504731,0.025236593059936908,0.0
ood_exposure,UNIFORM,0.9,0.2,0.95,0.1,2536,99,0.039037854889589906,39,0.3939393939393939,0.3877742216475992,0.3939393939393939,0.1094558359621451,0.9357255520504731,0.025236593059936908,0.0
ood_exposure,UNIFORM,0.9,0.2,0.97,0.01,2536,99,0.039037854889589906,39,0.3939393939393939,0.3877742216475992,0.3939393939393939,0.1114116719242902,0.9601735015772871,0.0007886435331230284,0.0
ood_exposure,UNIFORM,0.9,0.2,0.97,0.02,2536,99,0.039037854889589906,39,0.3939393939393939,0.3877742216475992,0.3939393939393939,0.11071766561514194,0.9514984227129337,0.00946372239747634,0.0
ood_exposure,UNIFORM,0.9,0.2,0.97,0.05,2536,99,0.039037854889589906,39,0.3939393939393939,0.3877742216475992,0.3939393939393939,0.11071766561514194,0.9514984227129337,0.00946372239747634,0.0
ood_exposure,UNIFORM,0.9,0.2,0.97,0.1,2536,99,0.039037854889589906,39,0.3939393939393939,0.3877742216475992,0.3939393939393939,0.11071766561514194,0.9514984227129337,0.00946372239747634,0.0
ood_exposure,UNIFORM,0.9,0.2,0.99,0.01,2536,99,0.039037854889589906,39,0.3939393939393939,0.3877742216475992,0.3939393939393939,0.1114116719242902,0.9601735015772871,0.0007886435331230284,0.0
ood_exposure,UNIFORM,0.9,0.2,0.99,0.02,2536,99,0.039037854889589906,39,0.3939393939393939,0.3877742216475992,0.3939393939393939,0.1114116719242902,0.9601735015772871,0.0007886435331230284,0.0
ood_exposure,UNIFORM,0.9,0.2,0.99,0.05,2536,99,0.039037854889589906,39,0.3939393939393939,0.3877742216475992,0.3939393939393939,0.1114116719242902,0.9601735015772871,0.0007886435331230284,0.0
ood_exposure,UNIFORM,0.9,0.2,0.99,0.1,2536,99,0.039037854889589906,39,0.3939393939393939,0.3877742216475992,0.3939393939393939,0.1114116719242902,0.9601735015772871,0.0007886435331230284,0.0
ood_exposure,UNIFORM,0.95,0.01,0.9,0.01,2536,9,0.003548895899053628,1,0.1111111111111111,0.13459727790045214,0.1111111111111111,0.0999763406940063,0.9956624605678234,0.0007886435331230284,0.0
ood_exposure,UNIFORM,0.95,0.01,0.9,0.02,2536,9,0.003548895899053628,1,0.1111111111111111,0.13459727790045214,0.1111111111111111,0.09928233438485803,0.98698738170347,0.00946372239747634,0.0
ood_exposure,UNIFORM,0.95,0.01,0.9,0.05,2536,9,0.003548895899053628,1,0.1111111111111111,0.13459727790045214,0.1111111111111111,0.09802050473186119,0.9712145110410094,0.025236593059936908,0.0
ood_exposure,UNIFORM,0.95,0.01,0.9,0.1,2536,9,0.003548895899053628,1,0.1111111111111111,0.13459727790045214,0.1111111111111111,0.09770504731861197,0.9672712933753943,0.02917981072555205,0.0
ood_exposure,UNIFORM,0.95,0.01,0.95,0.01,2536,9,0.003548895899053628,1,0.1111111111111111,0.13459727790045214,0.1111111111111111,0.0999763406940063,0.9956624605678234,0.0007886435331230284,0.0
ood_exposure,UNIFORM,0.95,0.01,0.95,0.02,2536,9,0.003548895899053628,1,0.1111111111111111,0.13459727790045214,0.1111111111111111,0.09928233438485803,0.98698738170347,0.00946372239747634,0.0
ood_exposure,UNIFORM,0.95,0.01,0.95,0.05,2536,9,0.003548895899053628,1,0.1111111111111111,0.13459727790045214,0.1111111111111111,0.09802050473186119,0.9712145110410094,0.025236593059936908,0.0
ood_exposure,UNIFORM,0.95,0.01,0.95,0.1,2536,9,0.003548895899053628,1,0.1111111111111111,0.13459727790045214,0.1111111111111111,0.09802050473186119,0.9712145110410094,0.025236593059936908,0.0
ood_exposure,UNIFORM,0.95,0.01,0.97,0.01,2536,9,0.003548895899053628,1,0.1111111111111111,0.13459727790045214,0.1111111111111111,0.0999763406940063,0.9956624605678234,0.0007886435331230284,0.0
ood_exposure,UNIFORM,0.95,0.01,0.97,0.02,2536,9,0.003548895899053628,1,0.1111111111111111,0.13459727790045214,0.1111111111111111,0.09928233438485803,0.98698738170347,0.00946372239747634,0.0
ood_exposure,UNIFORM,0.95,0.01,0.97,0.05,2536,9,0.003548895899053628,1,0.1111111111111111,0.13459727790045214,0.1111111111111111,0.09928233438485803,0.98698738170347,0.00946372239747634,0.0
ood_exposure,UNIFORM,0.95,0.01,0.97,0.1,2536,9,0.003548895899053628,1,0.1111111111111111,0.13459727790045214,0.1111111111111111,0.09928233438485803,0.98698738170347,0.00946372239747634,0.0
ood_exposure,UNIFORM,0.95,0.01,0.99,0.01,2536,9,0.003548895899053628,1,0.1111111111111111,0.13459727790045214,0.1111111111111111,0.0999763406940063,0.9956624605678234,0.0007886435331230284,0.0
ood_exposure,UNIFORM,0.95,0.01,0.99,0.02,2536,9,0.003548895899053628,1,0.1111111111111111,0.13459727790045214,0.1111111111111111,0.0999763406940063,0.9956624605678234,0.0007886435331230284,0.0
ood_exposure,UNIFORM,0.95,0.01,0.99,0.05,2536,9,0.003548895899053628,1,0.1111111111111111,0.13459727790045214,0.1111111111111111,0.0999763406940063,0.9956624605678234,0.0007886435331230284,0.0
ood_exposure,UNIFORM,0.95,0.01,0.99,0.1,2536,9,0.003548895899053628,1,0.1111111111111111,0.13459727790045214,0.1111111111111111,0.0999763406940063,0.9956624605678234,0.0007886435331230284,0.0
ood_exposure,UNIFORM,0.95,0.02,0.9,0.01,2536,15,0.005914826498422713,5,0.3333333333333333,0.4223998470098114,0.3333333333333333,0.10131703470031546,0.9932965299684543,0.0007886435331230284,0.0
ood_exposure,UNIFORM,0.95,0.02,0.9,0.02,2536,15,0.005914826498422713,5,0.3333333333333333,0.4223998470098114,0.3333333333333333,0.10062302839116719,0.9846214511041009,0.00946372239747634,0.0
ood_exposure,UNIFORM,0.95,0.02,0.9,0.05,2536,15,0.005914826498422713,5,0.3333333333333333,0.4223998470098114,0.3333333333333333,0.09936119873817034,0.9688485804416404,0.025236593059936908,0.0
ood_exposure,UNIFORM,0.95,0.02,0.9,0.1,2536,15,0.005914826498422713,5,0.3333333333333333,0.4223998470098114,0.3333333333333333,0.09904574132492112,0.9649053627760252,0.02917981072555205,0.0
ood_exposure,UNIFORM,0.95,0.02,0.95,0.01,2536,15,0.005914826498422713,5,0.3333333333333333,0.4223998470098114,0.3333333333333333,0.10131703470031546,0.9932965299684543,0.0007886435331230284,0.0
ood_exposure,UNIFORM,0.95,0.02,0.95,0.02,2536,15,0.005914826498422713,5,0.3333333333333333,0.4223998470098114,0.3333333333333333,0.10062302839116719,0.9846214511041009,0.00946372239747634,0.0
ood_exposure,UNIFORM,0.95,0.02,0.95,0.05,2536,15,0.005914826498422713,5,0.3333333333333333,0.4223998470098114,0.3333333333333333,0.09936119873817034,0.9688485804416404,0.025236593059936908,0.0
ood_exposure,UNIFORM,0.95,0.02,0.95,0.1,2536,15,0.005914826498422713,5,0.3333333333333333,0.4223998470098114,0.3333333333333333,0.09936119873817034,0.9688485804416404,0.025236593059936908,0.0
ood_exposure,UNIFORM,0.95,0.02,0.97,0.01,2536,15,0.005914826498422713,5,0.3333333333333333,0.4223998470098114,0.3333333333333333,0.10131703470031546,0.9932965299684543,0.0007886435331230284,0.0
ood_exposure,UNIFORM,0.95,0.02,0.97,0.02,2536,15,0.005914826498422713,5,0.3333333333333333,0.4223998470098114,0.3333333333333333,0.10062302839116719,0.9846214511041009,0.00946372239747634,0.0
ood_exposure,UNIFORM,0.95,0.02,0.97,0.05,2536,15,0.005914826498422713,5,0.3333333333333333,0.4223998470098114,0.3333333333333333,0.10062302839116719,0.9846214511041009,0.00946372239747634,0.0
ood_exposure,UNIFORM,0.95,0.02,0.97,0.1,2536,15,0.005914826498422713,5,0.3333333333333333,0.4223998470098114,0.3333333333333333,0.10062302839116719,0.9846214511041009,0.00946372239747634,0.0
ood_exposure,UNIFORM,0.95,0.02,0.99,0.01,2536,15,0.005914826498422713,5,0.3333333333333333,0.4223998470098114,0.3333333333333333,0.10131703470031546,0.9932965299684543,0.0007886435331230284,0.0
ood_exposure,UNIFORM,0.95,0.02,0.99,0.02,2536,15,0.005914826498422713,5,0.3333333333333333,0.4223998470098114,0.3333333333333333,0.10131703470031546,0.9932965299684543,0.0007886435331230284,0.0
ood_exposure,UNIFORM,0.95,0.02,0.99,0.05,2536,15,0.005914826498422713,5,0.3333333333333333,0.4223998470098114,0.3333333333333333,0.10131703470031546,0.9932965299684543,0.0007886435331230284,0.0
ood_exposure,UNIFORM,0.95,0.02,0.99,0.1,2536,15,0.005914826498422713,5,0.3333333333333333,0.4223998470098114,0.3333333333333333,0.10131703470031546,0.9932965299684543,0.0007886435331230284,0.0
ood_exposure,UNIFORM,0.95,0.05,0.9,0.01,2536,38,0.01498422712933754,8,0.21052631578947367,0.2597883486341137,0.21052631578947367,0.10159305993690851,0.9842271293375394,0.0007886435331230284,0.0
ood_exposure,UNIFORM,0.95,0.05,0.9,0.02,2536,38,0.01498422712933754,8,0.21052631578947367,0.2597883486341137,0.21052631578947367,0.10089905362776025,0.9755520504731862,0.00946372239747634,0.0
ood_exposure,UNIFORM,0.95,0.05,0.9,0.05,2536,38,0.01498422712933754,8,0.21052631578947367,0.2597883486341137,0.21052631578947367,0.0996372239747634,0.9597791798107256,0.025236593059936908,0.0
ood_exposure,UNIFORM,0.95,0.05,0.9,0.1,2536,38,0.01498422712933754,8,0.21052631578947367,0.2597883486341137,0.21052631578947367,0.09932176656151419,0.9558359621451105,0.02917981072555205,0.0
ood_exposure,UNIFORM,0.95,0.05,0.95,0.01,2536,38,0.01498422712933754,8,0.21052631578947367,0.2597883486341137,0.21052631578947367,0.10159305993690851,0.9842271293375394,0.0007886435331230284,0.0
ood_exposure,UNIFORM,0.95,0.05,0.95,0.02,2536,38,0.01498422712933754,8,0.21052631578947367,0.2597883486341137,0.21052631578947367,0.10089905362776025,0.9755520504731862,0.00946372239747634,0.0
ood_exposure,UNIFORM,0.95,0.05,0.95,0.05,2536,38,0.01498422712933754,8,0.21052631578947367,0.2597883486341137,0.21052631578947367,0.0996372239747634,0.9597791798107256,0.025236593059936908,0.0
ood_exposure,UNIFORM,0.95,0.05,0.95,0.1,2536,38,0.01498422712933754,8,0.21052631578947367,0.2597883486341137,0.21052631578947367,0.0996372239747634,0.9597791798107256,0.025236593059936908,0.0
ood_exposure,UNIFORM,0.95,0.05,0.97,0.01,2536,38,0.01498422712933754,8,0.21052631578947367,0.2597883486341137,0.21052631578947367,0.10159305993690851,0.9842271293375394,0.0007886435331230284,0.0
ood_exposure,UNIFORM,0.95,0.05,0.97,0.02,2536,38,0.01498422712933754,8,0.21052631578947367,0.2597883486341137,0.21052631578947367,0.10089905362776025,0.9755520504731862,0.00946372239747634,0.0
ood_exposure,UNIFORM,0.95,0.05,0.97,0.05,2536,38,0.01498422712933754,8,0.21052631578947367,0.2597883486341137,0.21052631578947367,0.10089905362776025,0.9755520504731862,0.00946372239747634,0.0
ood_exposure,UNIFORM,0.95,0.05,0.97,0.1,2536,38,0.01498422712933754,8,0.21052631578947367,0.2597883486341137,0.21052631578947367,0.10089905362776025,0.9755520504731862,0.00946372239747634,0.0
ood_exposure,UNIFORM,0.95,0.05,0.99,0.01,2536,38,0.01498422712933754,8,0.21052631578947367,0.2597883486341137,0.21052631578947367,0.10159305993690851,0.9842271293375394,0.0007886435331230284,0.0
ood_exposure,UNIFORM,0.95,0.05,0.99,0.02,2536,38,0.01498422712933754,8,0.21052631578947367,0.2597883486341137,0.21052631578947367,0.10159305993690851,0.9842271293375394,0.0007886435331230284,0.0
ood_exposure,UNIFORM,0.95,0.05,0.99,0.05,2536,38,0.01498422712933754,8,0.21052631578947367,0.2597883486341137,0.21052631578947367,0.10159305993690851,0.9842271293375394,0.0007886435331230284,0.0
ood_exposure,UNIFORM,0.95,0.05,0.99,0.1,2536,38,0.01498422712933754,8,0.21052631578947367,0.2597883486341137,0.21052631578947367,0.10159305993690851,0.9842271293375394,0.0007886435331230284,0.0
ood_exposure,UNIFORM,0.95,0.1,0.9,0.01,2536,38,0.01498422712933754,8,0.21052631578947367,0.2597883486341137,0.21052631578947367,0.10159305993690851,0.9842271293375394,0.0007886435331230284,0.0
ood_exposure,UNIFORM,0.95,0.1,0.9,0.02,2536,38,0.01498422712933754,8,0.21052631578947367,0.2597883486341137,0.21052631578947367,0.10089905362776025,0.9755520504731862,0.00946372239747634,0.0
ood_exposure,UNIFORM,0.95,0.1,0.9,0.05,2536,38,0.01498422712933754,8,0.21052631578947367,0.2597883486341137,0.21052631578947367,0.0996372239747634,0.9597791798107256,0.025236593059936908,0.0
ood_exposure,UNIFORM,0.95,0.1,0.9,0.1,2536,38,0.01498422712933754,8,0.21052631578947367,0.2597883486341137,0.21052631578947367,0.09932176656151419,0.9558359621451105,0.02917981072555205,0.0
ood_exposure,UNIFORM,0.95,0.1,0.95,0.01,2536,38,0.01498422712933754,8,0.21052631578947367,0.2597883486341137,0.21052631578947367,0.10159305993690851,0.9842271293375394,0.0007886435331230284,0.0
ood_exposure,UNIFORM,0.95,0.1,0.95,0.02,2536,38,0.01498422712933754,8,0.21052631578947367,0.2597883486341137,0.21052631578947367,0.10089905362776025,0.9755520504731862,0.00946372239747634,0.0
ood_exposure,UNIFORM,0.95,0.1,0.95,0.05,2536,38,0.01498422712933754,8,0.21052631578947367,0.2597883486341137,0.21052631578947367,0.0996372239747634,0.9597791798107256,0.025236593059936908,0.0
ood_exposure,UNIFORM,0.95,0.1,0.95,0.1,2536,38,0.01498422712933754,8,0.21052631578947367,0.2597883486341137,0.21052631578947367,0.0996372239747634,0.9597791798107256,0.025236593059936908,0.0
ood_exposure,UNIFORM,0.95,0.1,0.97,0.01,2536,38,0.01498422712933754,8,0.21052631578947367,0.2597883486341137,0.21052631578947367,0.10159305993690851,0.9842271293375394,0.0007886435331230284,0.0
ood_exposure,UNIFORM,0.95,0.1,0.97,0.02,2536,38,0.01498422712933754,8,0.21052631578947367,0.2597883486341137,0.21052631578947367,0.10089905362776025,0.9755520504731862,0.00946372239747634,0.0
ood_exposure,UNIFORM,0.95,0.1,0.97,0.05,2536,38,0.01498422712933754,8,0.21052631578947367,0.2597883486341137,0.21052631578947367,0.10089905362776025,0.9755520504731862,0.00946372239747634,0.0
ood_exposure,UNIFORM,0.95,0.1,0.97,0.1,2536,38,0.01498422712933754,8,0.21052631578947367,0.2597883486341137,0.21052631578947367,0.10089905362776025,0.9755520504731862,0.00946372239747634,0.0
ood_exposure,UNIFORM,0.95,0.1,0.99,0.01,2536,38,0.01498422712933754,8,0.21052631578947367,0.2597883486341137,0.21052631578947367,0.10159305993690851,0.9842271293375394,0.0007886435331230284,0.0
ood_exposure,UNIFORM,0.95,0.1,0.99,0.02,2536,38,0.01498422712933754,8,0.21052631578947367,0.2597883486341137,0.21052631578947367,0.10159305993690851,0.9842271293375394,0.0007886435331230284,0.0
ood_exposure,UNIFORM,0.95,0.1,0.99,0.05,2536,38,0.01498422712933754,8,0.21052631578947367,0.2597883486341137,0.21052631578947367,0.10159305993690851,0.9842271293375394,0.0007886435331230284,0.0
ood_exposure,UNIFORM,0.95,0.1,0.99,0.1,2536,38,0.01498422712933754,8,0.21052631578947367,0.2597883486341137,0.21052631578947367,0.10159305993690851,0.9842271293375394,0.0007886435331230284,0.0
ood_exposure,UNIFORM,0.95,0.2,0.9,0.01,2536,38,0.01498422712933754,8,0.21052631578947367,0.2597883486341137,0.21052631578947367,0.10159305993690851,0.9842271293375394,0.0007886435331230284,0.0
ood_exposure,UNIFORM,0.95,0.2,0.9,0.02,2536,38,0.01498422712933754,8,0.21052631578947367,0.2597883486341137,0.21052631578947367,0.10089905362776025,0.9755520504731862,0.00946372239747634,0.0
ood_exposure,UNIFORM,0.95,0.2,0.9,0.05,2536,38,0.01498422712933754,8,0.21052631578947367,0.2597883486341137,0.21052631578947367,0.0996372239747634,0.9597791798107256,0.025236593059936908,0.0
ood_exposure,UNIFORM,0.95,0.2,0.9,0.1,2536,38,0.01498422712933754,8,0.21052631578947367,0.2597883486341137,0.21052631578947367,0.09932176656151419,0.9558359621451105,0.02917981072555205,0.0
ood_exposure,UNIFORM,0.95,0.2,0.95,0.01,2536,38,0.01498422712933754,8,0.21052631578947367,0.2597883486341137,0.21052631578947367,0.10159305993690851,0.9842271293375394,0.0007886435331230284,0.0
ood_exposure,UNIFORM,0.95,0.2,0.95,0.02,2536,38,0.01498422712933754,8,0.21052631578947367,0.2597883486341137,0.21052631578947367,0.10089905362776025,0.9755520504731862,0.00946372239747634,0.0
ood_exposure,UNIFORM,0.95,0.2,0.95,0.05,2536,38,0.01498422712933754,8,0.21052631578947367,0.2597883486341137,0.21052631578947367,0.0996372239747634,0.9597791798107256,0.025236593059936908,0.0
ood_exposure,UNIFORM,0.95,0.2,0.95,0.1,2536,38,0.01498422712933754,8,0.21052631578947367,0.2597883486341137,0.21052631578947367,0.0996372239747634,0.9597791798107256,0.025236593059936908,0.0
ood_exposure,UNIFORM,0.95,0.2,0.97,0.01,2536,38,0.01498422712933754,8,0.21052631578947367,0.2597883486341137,0.21052631578947367,0.10159305993690851,0.9842271293375394,0.0007886435331230284,0.0
ood_exposure,UNIFORM,0.95,0.2,0.97,0.02,2536,38,0.01498422712933754,8,0.21052631578947367,0.2597883486341137,0.21052631578947367,0.10089905362776025,0.9755520504731862,0.00946372239747634,0.0
ood_exposure,UNIFORM,0.95,0.2,0.97,0.05,2536,38,0.01498422712933754,8,0.21052631578947367,0.2597883486341137,0.21052631578947367,0.10089905362776025,0.9755520504731862,0.00946372239747634,0.0
ood_exposure,UNIFORM,0.95,0.2,0.97,0.1,2536,38,0.01498422712933754,8,0.21052631578947367,0.2597883486341137,0.21052631578947367,0.10089905362776025,0.9755520504731862,0.00946372239747634,0.0
ood_exposure,UNIFORM,0.95,0.2,0.99,0.01,2536,38,0.01498422712933754,8,0.21052631578947367,0.2597883486341137,0.21052631578947367,0.10159305993690851,0.9842271293375394,0.0007886435331230284,0.0
ood_exposure,UNIFORM,0.95,0.2,0.99,0.02,2536,38,0.01498422712933754,8,0.21052631578947367,0.2597883486341137,0.21052631578947367,0.10159305993690851,0.9842271293375394,0.0007886435331230284,0.0
ood_exposure,UNIFORM,0.95,0.2,0.99,0.05,2536,38,0.01498422712933754,8,0.21052631578947367,0.2597883486341137,0.21052631578947367,0.10159305993690851,0.9842271293375394,0.0007886435331230284,0.0
ood_exposure,UNIFORM,0.95,0.2,0.99,0.1,2536,38,0.01498422712933754,8,0.21052631578947367,0.2597883486341137,0.21052631578947367,0.10159305993690851,0.9842271293375394,0.0007886435331230284,0.0
ood_exposure,UNIFORM,0.97,0.01,0.9,0.01,2536,9,0.003548895899053628,1,0.1111111111111111,0.13459727790045214,0.1111111111111111,0.0999763406940063,0.9956624605678234,0.0007886435331230284,0.0
ood_exposure,UNIFORM,0.97,0.01,0.9,0.02,2536,9,0.003548895899053628,1,0.1111111111111111,0.13459727790045214,0.1111111111111111,0.09928233438485803,0.98698738170347,0.00946372239747634,0.0
ood_exposure,UNIFORM,0.97,0.01,0.9,0.05,2536,9,0.003548895899053628,1,0.1111111111111111,0.13459727790045214,0.1111111111111111,0.09802050473186119,0.9712145110410094,0.025236593059936908,0.0
ood_exposure,UNIFORM,0.97,0.01,0.9,0.1,2536,9,0.003548895899053628,1,0.1111111111111111,0.13459727790045214,0.1111111111111111,0.09770504731861197,0.9672712933753943,0.02917981072555205,0.0
ood_exposure,UNIFORM,0.97,0.01,0.95,0.01,2536,9,0.003548895899053628,1,0.1111111111111111,0.13459727790045214,0.1111111111111111,0.0999763406940063,0.9956624605678234,0.0007886435331230284,0.0
ood_exposure,UNIFORM,0.97,0.01,0.95,0.02,2536,9,0.003548895899053628,1,0.1111111111111111,0.13459727790045214,0.1111111111111111,0.09928233438485803,0.98698738170347,0.00946372239747634,0.0
ood_exposure,UNIFORM,0.97,0.01,0.95,0.05,2536,9,0.003548895899053628,1,0.1111111111111111,0.13459727790045214,0.1111111111111111,0.09802050473186119,0.9712145110410094,0.025236593059936908,0.0
ood_exposure,UNIFORM,0.97,0.01,0.95,0.1,2536,9,0.003548895899053628,1,0.1111111111111111,0.13459727790045214,0.1111111111111111,0.09802050473186119,0.9712145110410094,0.025236593059936908,0.0
ood_exposure,UNIFORM,0.97,0.01,0.97,0.01,2536,9,0.003548895899053628,1,0.1111111111111111,0.13459727790045214,0.1111111111111111,0.0999763406940063,0.9956624605678234,0.0007886435331230284,0.0
ood_exposure,UNIFORM,0.97,0.01,0.97,0.02,2536,9,0.003548895899053628,1,0.1111111111111111,0.13459727790045214,0.1111111111111111,0.09928233438485803,0.98698738170347,0.00946372239747634,0.0
ood_exposure,UNIFORM,0.97,0.01,0.97,0.05,2536,9,0.003548895899053628,1,0.1111111111111111,0.13459727790045214,0.1111111111111111,0.09928233438485803,0.98698738170347,0.00946372239747634,0.0
ood_exposure,UNIFORM,0.97,0.01,0.97,0.1,2536,9,0.003548895899053628,1,0.1111111111111111,0.13459727790045214,0.1111111111111111,0.09928233438485803,0.98698738170347,0.00946372239747634,0.0
ood_exposure,UNIFORM,0.97,0.01,0.99,0.01,2536,9,0.003548895899053628,1,0.1111111111111111,0.13459727790045214,0.1111111111111111,0.0999763406940063,0.9956624605678234,0.0007886435331230284,0.0
ood_exposure,UNIFORM,0.97,0.01,0.99,0.02,2536,9,0.003548895899053628,1,0.1111111111111111,0.13459727790045214,0.1111111111111111,0.0999763406940063,0.9956624605678234,0.0007886435331230284,0.0
ood_exposure,UNIFORM,0.97,0.01,0.99,0.05,2536,9,0.003548895899053628,1,0.1111111111111111,0.13459727790045214,0.1111111111111111,0.0999763406940063,0.9956624605678234,0.0007886435331230284,0.0
ood_exposure,UNIFORM,0.97,0.01,0.99,0.1,2536,9,0.003548895899053628,1,0.1111111111111111,0.13459727790045214,0.1111111111111111,0.0999763406940063,0.9956624605678234,0.0007886435331230284,0.0
ood_exposure,UNIFORM,0.97,0.02,0.9,0.01,2536,15,0.005914826498422713,5,0.3333333333333333,0.4223998470098114,0.3333333333333333,0.10131703470031546,0.9932965299684543,0.0007886435331230284,0.0
ood_exposure,UNIFORM,0.97,0.02,0.9,0.02,2536,15,0.005914826498422713,5,0.3333333333333333,0.4223998470098114,0.3333333333333333,0.10062302839116719,0.9846214511041009,0.00946372239747634,0.0
ood_exposure,UNIFORM,0.97,0.02,0.9,0.05,2536,15,0.005914826498422713,5,0.3333333333333333,0.4223998470098114,0.3333333333333333,0.09936119873817034,0.9688485804416404,0.025236593059936908,0.0
ood_exposure,UNIFORM,0.97,0.02,0.9,0.1,2536,15,0.005914826498422713,5,0.3333333333333333,0.4223998470098114,0.3333333333333333,0.09904574132492112,0.9649053627760252,0.02917981072555205,0.0
ood_exposure,UNIFORM,0.97,0.02,0.95,0.01,2536,15,0.005914826498422713,5,0.3333333333333333,0.4223998470098114,0.3333333333333333,0.10131703470031546,0.9932965299684543,0.0007886435331230284,0.0
ood_exposure,UNIFORM,0.97,0.02,0.95,0.02,2536,15,0.005914826498422713,5,0.3333333333333333,0.4223998470098114,0.3333333333333333,0.10062302839116719,0.9846214511041009,0.00946372239747634,0.0
ood_exposure,UNIFORM,0.97,0.02,0.95,0.05,2536,15,0.005914826498422713,5,0.3333333333333333,0.4223998470098114,0.3333333333333333,0.09936119873817034,0.9688485804416404,0.025236593059936908,0.0
ood_exposure,UNIFORM,0.97,0.02,0.95,0.1,2536,15,0.005914826498422713,5,0.3333333333333333,0.4223998470098114,0.3333333333333333,0.09936119873817034,0.9688485804416404,0.025236593059936908,0.0
ood_exposure,UNIFORM,0.97,0.02,0.97,0.01,2536,15,0.005914826498422713,5,0.3333333333333333,0.4223998470098114,0.3333333333333333,0.10131703470031546,0.9932965299684543,0.0007886435331230284,0.0
ood_exposure,UNIFORM,0.97,0.02,0.97,0.02,2536,15,0.005914826498422713,5,0.3333333333333333,0.4223998470098114,0.3333333333333333,0.10062302839116719,0.9846214511041009,0.00946372239747634,0.0
ood_exposure,UNIFORM,0.97,0.02,0.97,0.05,2536,15,0.005914826498422713,5,0.3333333333333333,0.4223998470098114,0.3333333333333333,0.10062302839116719,0.9846214511041009,0.00946372239747634,0.0
ood_exposure,UNIFORM,0.97,0.02,0.97,0.1,2536,15,0.005914826498422713,5,0.3333333333333333,0.4223998470098114,0.3333333333333333,0.10062302839116719,0.9846214511041009,0.00946372239747634,0.0
ood_exposure,UNIFORM,0.97,0.02,0.99,0.01,2536,15,0.005914826498422713,5,0.3333333333333333,0.4223998470098114,0.3333333333333333,0.10131703470031546,0.9932965299684543,0.0007886435331230284,0.0
ood_exposure,UNIFORM,0.97,0.02,0.99,0.02,2536,15,0.005914826498422713,5,0.3333333333333333,0.4223998470098114,0.3333333333333333,0.10131703470031546,0.9932965299684543,0.0007886435331230284,0.0
ood_exposure,UNIFORM,0.97,0.02,0.99,0.05,2536,15,0.005914826498422713,5,0.3333333333333333,0.4223998470098114,0.3333333333333333,0.10131703470031546,0.9932965299684543,0.0007886435331230284,0.0
ood_exposure,UNIFORM,0.97,0.02,0.99,0.1,2536,15,0.005914826498422713,5,0.3333333333333333,0.4223998470098114,0.3333333333333333,0.10131703470031546,0.9932965299684543,0.0007886435331230284,0.0
ood_exposure,UNIFORM,0.97,0.05,0.9,0.01,2536,23,0.009069400630914827,5,0.21739130434782608,0.2962075994110268,0.21739130434782608,0.10100157728706624,0.9901419558359621,0.0007886435331230284,0.0
ood_exposure,UNIFORM,0.97,0.05,0.9,0.02,2536,23,0.009069400630914827,5,0.21739130434782608,0.2962075994110268,0.21739130434782608,0.10030757097791798,0.9814668769716088,0.00946372239747634,0.0
ood_exposure,UNIFORM,0.97,0.05,0.9,0.05,2536,23,0.009069400630914827,5,0.21739130434782608,0.2962075994110268,0.21739130434782608,0.09904574132492114,0.9656940063091483,0.025236593059936908,0.0
ood_exposure,UNIFORM,0.97,0.05,0.9,0.1,2536,23,0.009069400630914827,5,0.21739130434782608,0.2962075994110268,0.21739130434782608,0.09873028391167192,0.9617507886435331,0.02917981072555205,0.0
ood_exposure,UNIFORM,0.97,0.05,0.95,0.01,2536,23,0.009069400630914827,5,0.21739130434782608,0.2962075994110268,0.21739130434782608,0.10100157728706624,0.9901419558359621,0.0007886435331230284,0.0
ood_exposure,UNIFORM,0.97,0.05,0.95,0.02,2536,23,0.009069400630914827,5,0.21739130434782608,0.2962075994110268,0.21739130434782608,0.10030757097791798,0.9814668769716088,0.00946372239747634,0.0
ood_exposure,UNIFORM,0.97,0.05,0.95,0.05,2536,23,0.009069400630914827,5,0.21739130434782608,0.2962075994110268,0.21739130434782608,0.09904574132492114,0.9656940063091483,0.025236593059936908,0.0
ood_exposure,UNIFORM,0.97,0.05,0.95,0.1,2536,23,0.009069400630914827,5,0.21739130434782608,0.2962075994110268,0.21739130434782608,0.09904574132492114,0.9656940063091483,0.025236593059936908,0.0
ood_exposure,UNIFORM,0.97,0.05,0.97,0.01,2536,23,0.009069400630914827,5,0.21739130434782608,0.2962075994110268,0.21739130434782608,0.10100157728706624,0.9901419558359621,0.0007886435331230284,0.0
ood_exposure,UNIFORM,0.97,0.05,0.97,0.02,2536,23,0.009069400630914827,5,0.21739130434782608,0.2962075994110268,0.21739130434782608,0.10030757097791798,0.9814668769716088,0.00946372239747634,0.0
ood_exposure,UNIFORM,0.97,0.05,0.97,0.05,2536,23,0.009069400630914827,5,0.21739130434782608,0.2962075994110268,0.21739130434782608,0.10030757097791798,0.9814668769716088,0.00946372239747634,0.0
ood_exposure,UNIFORM,0.97,0.05,0.97,0.1,2536,23,0.009069400630914827,5,0.21739130434782608,0.2962075994110268,0.21739130434782608,0.10030757097791798,0.9814668769716088,0.00946372239747634,0.0
ood_exposure,UNIFORM,0.97,0.05,0.99,0.01,2536,23,0.009069400630914827,5,0.21739130434782608,0.2962075994110268,0.21739130434782608,0.10100157728706624,0.9901419558359621,0.0007886435331230284,0.0
ood_exposure,UNIFORM,0.97,0.05,0.99,0.02,2536,23,0.009069400630914827,5,0.21739130434782608,0.2962075994110268,0.21739130434782608,0.10100157728706624,0.9901419558359621,0.0007886435331230284,0.0
ood_exposure,UNIFORM,0.97,0.05,0.99,0.05,2536,23,0.009069400630914827,5,0.21739130434782608,0.2962075994110268,0.21739130434782608,0.10100157728706624,0.9901419558359621,0.0007886435331230284,0.0
ood_exposure,UNIFORM,0.97,0.05,0.99,0.1,2536,23,0.009069400630914827,5,0.21739130434782608,0.2962075994110268,0.21739130434782608,0.10100157728706624,0.9901419558359621,0.0007886435331230284,0.0
ood_exposure,UNIFORM,0.97,0.1,0.9,0.01,2536,23,0.009069400630914827,5,0.21739130434782608,0.2962075994110268,0.21739130434782608,0.10100157728706624,0.9901419558359621,0.0007886435331230284,0.0
ood_exposure,UNIFORM,0.97,0.1,0.9,0.02,2536,23,0.009069400630914827,5,0.21739130434782608,0.2962075994110268,0.21739130434782608,0.10030757097791798,0.9814668769716088,0.00946372239747634,0.0
ood_exposure,UNIFORM,0.97,0.1,0.9,0.05,2536,23,0.009069400630914827,5,0.21739130434782608,0.2962075994110268,0.21739130434782608,0.09904574132492114,0.9656940063091483,0.025236593059936908,0.0
ood_exposure,UNIFORM,0.97,0.1,0.9,0.1,2536,23,0.009069400630914827,5,0.21739130434782608,0.2962075994110268,0.21739130434782608,0.09873028391167192,0.9617507886435331,0.02917981072555205,0.0
ood_exposure,UNIFORM,0.97,0.1,0.95,0.01,2536,23,0.009069400630914827,5,0.21739130434782608,0.2962075994110268,0.21739130434782608,0.10100157728706624,0.9901419558359621,0.0007886435331230284,0.0
ood_exposure,UNIFORM,0.97,0.1,0.95,0.02,2536,23,0.009069400630914827,5,0.21739130434782608,0.2962075994110268,0.21739130434782608,0.10030757097791798,0.9814668769716088,0.00946372239747634,0.0
ood_exposure,UNIFORM,0.97,0.1,0.95,0.05,2536,23,0.009069400630914827,5,0.21739130434782608,0.2962075994110268,0.21739130434782608,0.09904574132492114,0.9656940063091483,0.025236593059936908,0.0
ood_exposure,UNIFORM,0.97,0.1,0.95,0.1,2536,23,0.009069400630914827,5,0.21739130434782608,0.2962075994110268,0.21739130434782608,0.09904574132492114,0.9656940063091483,0.025236593059936908,0.0
ood_exposure,UNIFORM,0.97,0.1,0.97,0.01,2536,23,0.009069400630914827,5,0.21739130434782608,0.2962075994110268,0.21739130434782608,0.10100157728706624,0.9901419558359621,0.0007886435331230284,0.0
ood_exposure,UNIFORM,0.97,0.1,0.97,0.02,2536,23,0.009069400630914827,5,0.21739130434782608,0.2962075994110268,0.21739130434782608,0.10030757097791798,0.9814668769716088,0.00946372239747634,0.0
ood_exposure,UNIFORM,0.97,0.1,0.97,0.05,2536,23,0.009069400630914827,5,0.21739130434782608,0.2962075994110268,0.21739130434782608,0.10030757097791798,0.9814668769716088,0.00946372239747634,0.0
ood_exposure,UNIFORM,0.97,0.1,0.97,0.1,2536,23,0.009069400630914827,5,0.21739130434782608,0.2962075994110268,0.21739130434782608,0.10030757097791798,0.9814668769716088,0.00946372239747634,0.0
ood_exposure,UNIFORM,0.97,0.1,0.99,0.01,2536,23,0.009069400630914827,5,0.21739130434782608,0.2962075994110268,0.21739130434782608,0.10100157728706624,0.9901419558359621,0.0007886435331230284,0.0
ood_exposure,UNIFORM,0.97,0.1,0.99,0.02,2536,23,0.009069400630914827,5,0.21739130434782608,0.2962075994110268,0.21739130434782608,0.10100157728706624,0.9901419558359621,0.0007886435331230284,0.0
ood_exposure,UNIFORM,0.97,0.1,0.99,0.05,2536,23,0.009069400630914827,5,0.21739130434782608,0.2962075994110268,0.21739130434782608,0.10100157728706624,0.9901419558359621,0.0007886435331230284,0.0
ood_exposure,UNIFORM,0.97,0.1,0.99,0.1,2536,23,0.009069400630914827,5,0.21739130434782608,0.2962075994110268,0.21739130434782608,0.10100157728706624,0.9901419558359621,0.0007886435331230284,0.0
ood_exposure,UNIFORM,0.97,0.2,0.9,0.01,2536,23,0.009069400630914827,5,0.21739130434782608,0.2962075994110268,0.21739130434782608,0.10100157728706624,0.9901419558359621,0.0007886435331230284,0.0
ood_exposure,UNIFORM,0.97,0.2,0.9,0.02,2536,23,0.009069400630914827,5,0.21739130434782608,0.2962075994110268,0.21739130434782608,0.10030757097791798,0.9814668769716088,0.00946372239747634,0.0
ood_exposure,UNIFORM,0.97,0.2,0.9,0.05,2536,23,0.009069400630914827,5,0.21739130434782608,0.2962075994110268,0.21739130434782608,0.09904574132492114,0.9656940063091483,0.025236593059936908,0.0
ood_exposure,UNIFORM,0.97,0.2,0.9,0.1,2536,23,0.009069400630914827,5,0.21739130434782608,0.2962075994110268,0.21739130434782608,0.09873028391167192,0.9617507886435331,0.02917981072555205,0.0
ood_exposure,UNIFORM,0.97,0.2,0.95,0.01,2536,23,0.009069400630914827,5,0.21739130434782608,0.2962075994110268,0.21739130434782608,0.10100157728706624,0.9901419558359621,0.0007886435331230284,0.0
ood_exposure,UNIFORM,0.97,0.2,0.95,0.02,2536,23,0.009069400630914827,5,0.21739130434782608,0.2962075994110268,0.21739130434782608,0.10030757097791798,0.9814668769716088,0.00946372239747634,0.0
ood_exposure,UNIFORM,0.97,0.2,0.95,0.05,2536,23,0.009069400630914827,5,0.21739130434782608,0.2962075994110268,0.21739130434782608,0.09904574132492114,0.9656940063091483,0.025236593059936908,0.0
ood_exposure,UNIFORM,0.97,0.2,0.95,0.1,2536,23,0.009069400630914827,5,0.21739130434782608,0.2962075994110268,0.21739130434782608,0.09904574132492114,0.9656940063091483,0.025236593059936908,0.0
ood_exposure,UNIFORM,0.97,0.2,0.97,0.01,2536,23,0.009069400630914827,5,0.21739130434782608,0.2962075994110268,0.21739130434782608,0.10100157728706624,0.9901419558359621,0.0007886435331230284,0.0
ood_exposure,UNIFORM,0.97,0.2,0.97,0.02,2536,23,0.009069400630914827,5,0.21739130434782608,0.2962075994110268,0.21739130434782608,0.10030757097791798,0.9814668769716088,0.00946372239747634,0.0
ood_exposure,UNIFORM,0.97,0.2,0.97,0.05,2536,23,0.009069400630914827,5,0.21739130434782608,0.2962075994110268,0.21739130434782608,0.10030757097791798,0.9814668769716088,0.00946372239747634,0.0
ood_exposure,UNIFORM,0.97,0.2,0.97,0.1,2536,23,0.009069400630914827,5,0.21739130434782608,0.2962075994110268,0.21739130434782608,0.10030757097791798,0.9814668769716088,0.00946372239747634,0.0
ood_exposure,UNIFORM,0.97,0.2,0.99,0.01,2536,23,0.009069400630914827,5,0.21739130434782608,0.2962075994110268,0.21739130434782608,0.10100157728706624,0.9901419558359621,0.0007886435331230284,0.0
ood_exposure,UNIFORM,0.97,0.2,0.99,0.02,2536,23,0.009069400630914827,5,0.21739130434782608,0.2962075994110268,0.21739130434782608,0.10100157728706624,0.9901419558359621,0.0007886435331230284,0.0
ood_exposure,UNIFORM,0.97,0.2,0.99,0.05,2536,23,0.009069400630914827,5,0.21739130434782608,0.2962075994110268,0.21739130434782608,0.10100157728706624,0.9901419558359621,0.0007886435331230284,0.0
ood_exposure,UNIFORM,0.97,0.2,0.99,0.1,2536,23,0.009069400630914827,5,0.21739130434782608,0.2962075994110268,0.21739130434782608,0.10100157728706624,0.9901419558359621,0.0007886435331230284,0.0
ood_exposure,UNIFORM,0.99,0.01,0.9,0.01,2536,9,0.003548895899053628,1,0.1111111111111111,0.13459727790045214,0.1111111111111111,0.0999763406940063,0.9956624605678234,0.0007886435331230284,0.0
ood_exposure,UNIFORM,0.99,0.01,0.9,0.02,2536,9,0.003548895899053628,1,0.1111111111111111,0.13459727790045214,0.1111111111111111,0.09928233438485803,0.98698738170347,0.00946372239747634,0.0
ood_exposure,UNIFORM,0.99,0.01,0.9,0.05,2536,9,0.003548895899053628,1,0.1111111111111111,0.13459727790045214,0.1111111111111111,0.09802050473186119,0.9712145110410094,0.025236593059936908,0.0
ood_exposure,UNIFORM,0.99,0.01,0.9,0.1,2536,9,0.003548895899053628,1,0.1111111111111111,0.13459727790045214,0.1111111111111111,0.09770504731861197,0.9672712933753943,0.02917981072555205,0.0
ood_exposure,UNIFORM,0.99,0.01,0.95,0.01,2536,9,0.003548895899053628,1,0.1111111111111111,0.13459727790045214,0.1111111111111111,0.0999763406940063,0.9956624605678234,0.0007886435331230284,0.0
ood_exposure,UNIFORM,0.99,0.01,0.95,0.02,2536,9,0.003548895899053628,1,0.1111111111111111,0.13459727790045214,0.1111111111111111,0.09928233438485803,0.98698738170347,0.00946372239747634,0.0
ood_exposure,UNIFORM,0.99,0.01,0.95,0.05,2536,9,0.003548895899053628,1,0.1111111111111111,0.13459727790045214,0.1111111111111111,0.09802050473186119,0.9712145110410094,0.025236593059936908,0.0
ood_exposure,UNIFORM,0.99,0.01,0.95,0.1,2536,9,0.003548895899053628,1,0.1111111111111111,0.13459727790045214,0.1111111111111111,0.09802050473186119,0.9712145110410094,0.025236593059936908,0.0
ood_exposure,UNIFORM,0.99,0.01,0.97,0.01,2536,9,0.003548895899053628,1,0.1111111111111111,0.13459727790045214,0.1111111111111111,0.0999763406940063,0.9956624605678234,0.0007886435331230284,0.0
ood_exposure,UNIFORM,0.99,0.01,0.97,0.02,2536,9,0.003548895899053628,1,0.1111111111111111,0.13459727790045214,0.1111111111111111,0.09928233438485803,0.98698738170347,0.00946372239747634,0.0
ood_exposure,UNIFORM,0.99,0.01,0.97,0.05,2536,9,0.003548895899053628,1,0.1111111111111111,0.13459727790045214,0.1111111111111111,0.09928233438485803,0.98698738170347,0.00946372239747634,0.0
ood_exposure,UNIFORM,0.99,0.01,0.97,0.1,2536,9,0.003548895899053628,1,0.1111111111111111,0.13459727790045214,0.1111111111111111,0.09928233438485803,0.98698738170347,0.00946372239747634,0.0
ood_exposure,UNIFORM,0.99,0.01,0.99,0.01,2536,9,0.003548895899053628,1,0.1111111111111111,0.13459727790045214,0.1111111111111111,0.0999763406940063,0.9956624605678234,0.0007886435331230284,0.0
ood_exposure,UNIFORM,0.99,0.01,0.99,0.02,2536,9,0.003548895899053628,1,0.1111111111111111,0.13459727790045214,0.1111111111111111,0.0999763406940063,0.9956624605678234,0.0007886435331230284,0.0
ood_exposure,UNIFORM,0.99,0.01,0.99,0.05,2536,9,0.003548895899053628,1,0.1111111111111111,0.13459727790045214,0.1111111111111111,0.0999763406940063,0.9956624605678234,0.0007886435331230284,0.0
ood_exposure,UNIFORM,0.99,0.01,0.99,0.1,2536,9,0.003548895899053628,1,0.1111111111111111,0.13459727790045214,0.1111111111111111,0.0999763406940063,0.9956624605678234,0.0007886435331230284,0.0
ood_exposure,UNIFORM,0.99,0.02,0.9,0.01,2536,9,0.003548895899053628,1,0.1111111111111111,0.13459727790045214,0.1111111111111111,0.0999763406940063,0.9956624605678234,0.0007886435331230284,0.0
ood_exposure,UNIFORM,0.99,0.02,0.9,0.02,2536,9,0.003548895899053628,1,0.1111111111111111,0.13459727790045214,0.1111111111111111,0.09928233438485803,0.98698738170347,0.00946372239747634,0.0
ood_exposure,UNIFORM,0.99,0.02,0.9,0.05,2536,9,0.003548895899053628,1,0.1111111111111111,0.13459727790045214,0.1111111111111111,0.09802050473186119,0.9712145110410094,0.025236593059936908,0.0
ood_exposure,UNIFORM,0.99,0.02,0.9,0.1,2536,9,0.003548895899053628,1,0.1111111111111111,0.13459727790045214,0.1111111111111111,0.09770504731861197,0.9672712933753943,0.02917981072555205,0.0
ood_exposure,UNIFORM,0.99,0.02,0.95,0.01,2536,9,0.003548895899053628,1,0.1111111111111111,0.13459727790045214,0.1111111111111111,0.0999763406940063,0.9956624605678234,0.0007886435331230284,0.0
ood_exposure,UNIFORM,0.99,0.02,0.95,0.02,2536,9,0.003548895899053628,1,0.1111111111111111,0.13459727790045214,0.1111111111111111,0.09928233438485803,0.98698738170347,0.00946372239747634,0.0
ood_exposure,UNIFORM,0.99,0.02,0.95,0.05,2536,9,0.003548895899053628,1,0.1111111111111111,0.13459727790045214,0.1111111111111111,0.09802050473186119,0.9712145110410094,0.025236593059936908,0.0
ood_exposure,UNIFORM,0.99,0.02,0.95,0.1,2536,9,0.003548895899053628,1,0.1111111111111111,0.13459727790045214,0.1111111111111111,0.09802050473186119,0.9712145110410094,0.025236593059936908,0.0
ood_exposure,UNIFORM,0.99,0.02,0.97,0.01,2536,9,0.003548895899053628,1,0.1111111111111111,0.13459727790045214,0.1111111111111111,0.0999763406940063,0.9956624605678234,0.0007886435331230284,0.0
ood_exposure,UNIFORM,0.99,0.02,0.97,0.02,2536,9,0.003548895899053628,1,0.1111111111111111,0.13459727790045214,0.1111111111111111,0.09928233438485803,0.98698738170347,0.00946372239747634,0.0
ood_exposure,UNIFORM,0.99,0.02,0.97,0.05,2536,9,0.003548895899053628,1,0.1111111111111111,0.13459727790045214,0.1111111111111111,0.09928233438485803,0.98698738170347,0.00946372239747634,0.0
ood_exposure,UNIFORM,0.99,0.02,0.97,0.1,2536,9,0.003548895899053628,1,0.1111111111111111,0.13459727790045214,0.1111111111111111,0.09928233438485803,0.98698738170347,0.00946372239747634,0.0
ood_exposure,UNIFORM,0.99,0.02,0.99,0.01,2536,9,0.003548895899053628,1,0.1111111111111111,0.13459727790045214,0.1111111111111111,0.0999763406940063,0.9956624605678234,0.0007886435331230284,0.0
ood_exposure,UNIFORM,0.99,0.02,0.99,0.02,2536,9,0.003548895899053628,1,0.1111111111111111,0.13459727790045214,0.1111111111111111,0.0999763406940063,0.9956624605678234,0.0007886435331230284,0.0
ood_exposure,UNIFORM,0.99,0.02,0.99,0.05,2536,9,0.003548895899053628,1,0.1111111111111111,0.13459727790045214,0.1111111111111111,0.0999763406940063,0.9956624605678234,0.0007886435331230284,0.0
ood_exposure,UNIFORM,0.99,0.02,0.99,0.1,2536,9,0.003548895899053628,1,0.1111111111111111,0.13459727790045214,0.1111111111111111,0.0999763406940063,0.9956624605678234,0.0007886435331230284,0.0
ood_exposure,UNIFORM,0.99,0.05,0.9,0.01,2536,9,0.003548895899053628,1,0.1111111111111111,0.13459727790045214,0.1111111111111111,0.0999763406940063,0.9956624605678234,0.0007886435331230284,0.0
ood_exposure,UNIFORM,0.99,0.05,0.9,0.02,2536,9,0.003548895899053628,1,0.1111111111111111,0.13459727790045214,0.1111111111111111,0.09928233438485803,0.98698738170347,0.00946372239747634,0.0
ood_exposure,UNIFORM,0.99,0.05,0.9,0.05,2536,9,0.003548895899053628,1,0.1111111111111111,0.13459727790045214,0.1111111111111111,0.09802050473186119,0.9712145110410094,0.025236593059936908,0.0
ood_exposure,UNIFORM,0.99,0.05,0.9,0.1,2536,9,0.003548895899053628,1,0.1111111111111111,0.13459727790045214,0.1111111111111111,0.09770504731861197,0.9672712933753943,0.02917981072555205,0.0
ood_exposure,UNIFORM,0.99,0.05,0.95,0.01,2536,9,0.003548895899053628,1,0.1111111111111111,0.13459727790045214,0.1111111111111111,0.0999763406940063,0.9956624605678234,0.0007886435331230284,0.0
ood_exposure,UNIFORM,0.99,0.05,0.95,0.02,2536,9,0.003548895899053628,1,0.1111111111111111,0.13459727790045214,0.1111111111111111,0.09928233438485803,0.98698738170347,0.00946372239747634,0.0
ood_exposure,UNIFORM,0.99,0.05,0.95,0.05,2536,9,0.003548895899053628,1,0.1111111111111111,0.13459727790045214,0.1111111111111111,0.09802050473186119,0.9712145110410094,0.025236593059936908,0.0
ood_exposure,UNIFORM,0.99,0.05,0.95,0.1,2536,9,0.003548895899053628,1,0.1111111111111111,0.13459727790045214,0.1111111111111111,0.09802050473186119,0.9712145110410094,0.025236593059936908,0.0
ood_exposure,UNIFORM,0.99,0.05,0.97,0.01,2536,9,0.003548895899053628,1,0.1111111111111111,0.13459727790045214,0.1111111111111111,0.0999763406940063,0.9956624605678234,0.0007886435331230284,0.0
ood_exposure,UNIFORM,0.99,0.05,0.97,0.02,2536,9,0.003548895899053628,1,0.1111111111111111,0.13459727790045214,0.1111111111111111,0.09928233438485803,0.98698738170347,0.00946372239747634,0.0
ood_exposure,UNIFORM,0.99,0.05,0.97,0.05,2536,9,0.003548895899053628,1,0.1111111111111111,0.13459727790045214,0.1111111111111111,0.09928233438485803,0.98698738170347,0.00946372239747634,0.0
ood_exposure,UNIFORM,0.99,0.05,0.97,0.1,2536,9,0.003548895899053628,1,0.1111111111111111,0.13459727790045214,0.1111111111111111,0.09928233438485803,0.98698738170347,0.00946372239747634,0.0
ood_exposure,UNIFORM,0.99,0.05,0.99,0.01,2536,9,0.003548895899053628,1,0.1111111111111111,0.13459727790045214,0.1111111111111111,0.0999763406940063,0.9956624605678234,0.0007886435331230284,0.0
ood_exposure,UNIFORM,0.99,0.05,0.99,0.02,2536,9,0.003548895899053628,1,0.1111111111111111,0.13459727790045214,0.1111111111111111,0.0999763406940063,0.9956624605678234,0.0007886435331230284,0.0
ood_exposure,UNIFORM,0.99,0.05,0.99,0.05,2536,9,0.003548895899053628,1,0.1111111111111111,0.13459727790045214,0.1111111111111111,0.0999763406940063,0.9956624605678234,0.0007886435331230284,0.0
ood_exposure,UNIFORM,0.99,0.05,0.99,0.1,2536,9,0.003548895899053628,1,0.1111111111111111,0.13459727790045214,0.1111111111111111,0.0999763406940063,0.9956624605678234,0.0007886435331230284,0.0
ood_exposure,UNIFORM,0.99,0.1,0.9,0.01,2536,9,0.003548895899053628,1,0.1111111111111111,0.13459727790045214,0.1111111111111111,0.0999763406940063,0.9956624605678234,0.0007886435331230284,0.0
ood_exposure,UNIFORM,0.99,0.1,0.9,0.02,2536,9,0.003548895899053628,1,0.1111111111111111,0.13459727790045214,0.1111111111111111,0.09928233438485803,0.98698738170347,0.00946372239747634,0.0
ood_exposure,UNIFORM,0.99,0.1,0.9,0.05,2536,9,0.003548895899053628,1,0.1111111111111111,0.13459727790045214,0.1111111111111111,0.09802050473186119,0.9712145110410094,0.025236593059936908,0.0
ood_exposure,UNIFORM,0.99,0.1,0.9,0.1,2536,9,0.003548895899053628,1,0.1111111111111111,0.13459727790045214,0.1111111111111111,0.09770504731861197,0.9672712933753943,0.02917981072555205,0.0
ood_exposure,UNIFORM,0.99,0.1,0.95,0.01,2536,9,0.003548895899053628,1,0.1111111111111111,0.13459727790045214,0.1111111111111111,0.0999763406940063,0.9956624605678234,0.0007886435331230284,0.0
ood_exposure,UNIFORM,0.99,0.1,0.95,0.02,2536,9,0.003548895899053628,1,0.1111111111111111,0.13459727790045214,0.1111111111111111,0.09928233438485803,0.98698738170347,0.00946372239747634,0.0
ood_exposure,UNIFORM,0.99,0.1,0.95,0.05,2536,9,0.003548895899053628,1,0.1111111111111111,0.13459727790045214,0.1111111111111111,0.09802050473186119,0.9712145110410094,0.025236593059936908,0.0
ood_exposure,UNIFORM,0.99,0.1,0.95,0.1,2536,9,0.003548895899053628,1,0.1111111111111111,0.13459727790045214,0.1111111111111111,0.09802050473186119,0.9712145110410094,0.025236593059936908,0.0
ood_exposure,UNIFORM,0.99,0.1,0.97,0.01,2536,9,0.003548895899053628,1,0.1111111111111111,0.13459727790045214,0.1111111111111111,0.0999763406940063,0.9956624605678234,0.0007886435331230284,0.0
ood_exposure,UNIFORM,0.99,0.1,0.97,0.02,2536,9,0.003548895899053628,1,0.1111111111111111,0.13459727790045214,0.1111111111111111,0.09928233438485803,0.98698738170347,0.00946372239747634,0.0
ood_exposure,UNIFORM,0.99,0.1,0.97,0.05,2536,9,0.003548895899053628,1,0.1111111111111111,0.13459727790045214,0.1111111111111111,0.09928233438485803,0.98698738170347,0.00946372239747634,0.0
ood_exposure,UNIFORM,0.99,0.1,0.97,0.1,2536,9,0.003548895899053628,1,0.1111111111111111,0.13459727790045214,0.1111111111111111,0.09928233438485803,0.98698738170347,0.00946372239747634,0.0
ood_exposure,UNIFORM,0.99,0.1,0.99,0.01,2536,9,0.003548895899053628,1,0.1111111111111111,0.13459727790045214,0.1111111111111111,0.0999763406940063,0.9956624605678234,0.0007886435331230284,0.0
ood_exposure,UNIFORM,0.99,0.1,0.99,0.02,2536,9,0.003548895899053628,1,0.1111111111111111,0.13459727790045214,0.1111111111111111,0.0999763406940063,0.9956624605678234,0.0007886435331230284,0.0
ood_exposure,UNIFORM,0.99,0.1,0.99,0.05,2536,9,0.003548895899053628,1,0.1111111111111111,0.13459727790045214,0.1111111111111111,0.0999763406940063,0.9956624605678234,0.0007886435331230284,0.0
ood_exposure,UNIFORM,0.99,0.1,0.99,0.1,2536,9,0.003548895899053628,1,0.1111111111111111,0.13459727790045214,0.1111111111111111,0.0999763406940063,0.9956624605678234,0.0007886435331230284,0.0
ood_exposure,UNIFORM,0.99,0.2,0.9,0.01,2536,9,0.003548895899053628,1,0.1111111111111111,0.13459727790045214,0.1111111111111111,0.0999763406940063,0.9956624605678234,0.0007886435331230284,0.0
ood_exposure,UNIFORM,0.99,0.2,0.9,0.02,2536,9,0.003548895899053628,1,0.1111111111111111,0.13459727790045214,0.1111111111111111,0.09928233438485803,0.98698738170347,0.00946372239747634,0.0
ood_exposure,UNIFORM,0.99,0.2,0.9,0.05,2536,9,0.003548895899053628,1,0.1111111111111111,0.13459727790045214,0.1111111111111111,0.09802050473186119,0.9712145110410094,0.025236593059936908,0.0
ood_exposure,UNIFORM,0.99,0.2,0.9,0.1,2536,9,0.003548895899053628,1,0.1111111111111111,0.13459727790045214,0.1111111111111111,0.09770504731861197,0.9672712933753943,0.02917981072555205,0.0
ood_exposure,UNIFORM,0.99,0.2,0.95,0.01,2536,9,0.003548895899053628,1,0.1111111111111111,0.13459727790045214,0.1111111111111111,0.0999763406940063,0.9956624605678234,0.0007886435331230284,0.0
ood_exposure,UNIFORM,0.99,0.2,0.95,0.02,2536,9,0.003548895899053628,1,0.1111111111111111,0.13459727790045214,0.1111111111111111,0.09928233438485803,0.98698738170347,0.00946372239747634,0.0
ood_exposure,UNIFORM,0.99,0.2,0.95,0.05,2536,9,0.003548895899053628,1,0.1111111111111111,0.13459727790045214,0.1111111111111111,0.09802050473186119,0.9712145110410094,0.025236593059936908,0.0
ood_exposure,UNIFORM,0.99,0.2,0.95,0.1,2536,9,0.003548895899053628,1,0.1111111111111111,0.13459727790045214,0.1111111111111111,0.09802050473186119,0.9712145110410094,0.025236593059936908,0.0
ood_exposure,UNIFORM,0.99,0.2,0.97,0.01,2536,9,0.003548895899053628,1,0.1111111111111111,0.13459727790045214,0.1111111111111111,0.0999763406940063,0.9956624605678234,0.0007886435331230284,0.0
ood_exposure,UNIFORM,0.99,0.2,0.97,0.02,2536,9,0.003548895899053628,1,0.1111111111111111,0.13459727790045214,0.1111111111111111,0.09928233438485803,0.98698738170347,0.00946372239747634,0.0
ood_exposure,UNIFORM,0.99,0.2,0.97,0.05,2536,9,0.003548895899053628,1,0.1111111111111111,0.13459727790045214,0.1111111111111111,0.09928233438485803,0.98698738170347,0.00946372239747634,0.0
ood_exposure,UNIFORM,0.99,0.2,0.97,0.1,2536,9,0.003548895899053628,1,0.1111111111111111,0.13459727790045214,0.1111111111111111,0.09928233438485803,0.98698738170347,0.00946372239747634,0.0
ood_exposure,UNIFORM,0.99,0.2,0.99,0.01,2536,9,0.003548895899053628,1,0.1111111111111111,0.13459727790045214,0.1111111111111111,0.0999763406940063,0.9956624605678234,0.0007886435331230284,0.0
ood_exposure,UNIFORM,0.99,0.2,0.99,0.02,2536,9,0.003548895899053628,1,0.1111111111111111,0.13459727790045214,0.1111111111111111,0.0999763406940063,0.9956624605678234,0.0007886435331230284,0.0
ood_exposure,UNIFORM,0.99,0.2,0.99,0.05,2536,9,0.003548895899053628,1,0.1111111111111111,0.13459727790045214,0.1111111111111111,0.0999763406940063,0.9956624605678234,0.0007886435331230284,0.0
ood_exposure,UNIFORM,0.99,0.2,0.99,0.1,2536,9,0.003548895899053628,1,0.1111111111111111,0.13459727790045214,0.1111111111111111,0.0999763406940063,0.9956624605678234,0.0007886435331230284,0.0
ood_exposure,LOG_TRAIN_P50,0.9,0.01,0.9,0.01,2536,8,0.0031545741324921135,1,0.125,0.1565625188598531,0.12787275472688395,0.10033205734977069,0.9960567823343849,0.0007886435331230284,0.0
ood_exposure,LOG_TRAIN_P50,0.9,0.01,0.9,0.02,2536,8,0.0031545741324921135,1,0.125,0.1565625188598531,0.12787275472688395,0.10033205734977069,0.9960567823343849,0.0007886435331230284,0.0
ood_exposure,LOG_TRAIN_P50,0.9,0.01,0.9,0.05,2536,8,0.0031545741324921135,1,0.125,0.1565625188598531,0.12787275472688395,0.09963805104062241,0.9873817034700315,0.00946372239747634,0.0
ood_exposure,LOG_TRAIN_P50,0.9,0.01,0.9,0.1,2536,8,0.0031545741324921135,1,0.125,0.1565625188598531,0.12787275472688395,0.09837622138762557,0.9716088328075709,0.025236593059936908,0.0
ood_exposure,LOG_TRAIN_P50,0.9,0.01,0.95,0.01,2536,8,0.0031545741324921135,1,0.125,0.1565625188598531,0.12787275472688395,0.10033205734977069,0.9960567823343849,0.0007886435331230284,0.0
ood_exposure,LOG_TRAIN_P50,0.9,0.01,0.95,0.02,2536,8,0.0031545741324921135,1,0.125,0.1565625188598531,0.12787275472688395,0.10033205734977069,0.9960567823343849,0.0007886435331230284,0.0
ood_exposure,LOG_TRAIN_P50,0.9,0.01,0.95,0.05,2536,8,0.0031545741324921135,1,0.125,0.1565625188598531,0.12787275472688395,0.09963805104062241,0.9873817034700315,0.00946372239747634,0.0
ood_exposure,LOG_TRAIN_P50,0.9,0.01,0.95,0.1,2536,8,0.0031545741324921135,1,0.125,0.1565625188598531,0.12787275472688395,0.09837622138762557,0.9716088328075709,0.025236593059936908,0.0
ood_exposure,LOG_TRAIN_P50,0.9,0.01,0.97,0.01,2536,8,0.0031545741324921135,1,0.125,0.1565625188598531,0.12787275472688395,0.10033205734977069,0.9960567823343849,0.0007886435331230284,0.0
ood_exposure,LOG_TRAIN_P50,0.9,0.01,0.97,0.02,2536,8,0.0031545741324921135,1,0.125,0.1565625188598531,0.12787275472688395,0.10033205734977069,0.9960567823343849,0.0007886435331230284,0.0
ood_exposure,LOG_TRAIN_P50,0.9,0.01,0.97,0.05,2536,8,0.0031545741324921135,1,0.125,0.1565625188598531,0.12787275472688395,0.09963805104062241,0.9873817034700315,0.00946372239747634,0.0
ood_exposure,LOG_TRAIN_P50,0.9,0.01,0.97,0.1,2536,8,0.0031545741324921135,1,0.125,0.1565625188598531,0.12787275472688395,0.09963805104062241,0.9873817034700315,0.00946372239747634,0.0
ood_exposure,LOG_TRAIN_P50,0.9,0.01,0.99,0.01,2536,8,0.0031545741324921135,1,0.125,0.1565625188598531,0.12787275472688395,0.10033205734977069,0.9960567823343849,0.0007886435331230284,0.0
ood_exposure,LOG_TRAIN_P50,0.9,0.01,0.99,0.02,2536,8,0.0031545741324921135,1,0.125,0.1565625188598531,0.12787275472688395,0.10033205734977069,0.9960567823343849,0.0007886435331230284,0.0
ood_exposure,LOG_TRAIN_P50,0.9,0.01,0.99,0.05,2536,8,0.0031545741324921135,1,0.125,0.1565625188598531,0.12787275472688395,0.10033205734977069,0.9960567823343849,0.0007886435331230284,0.0
ood_exposure,LOG_TRAIN_P50,0.9,0.01,0.99,0.1,2536,8,0.0031545741324921135,1,0.125,0.1565625188598531,0.12787275472688395,0.10033205734977069,0.9960567823343849,0.0007886435331230284,0.0
ood_exposure,LOG_TRAIN_P50,0.9,0.02,0.9,0.01,2536,9,0.003548895899053628,1,0.1111111111111111,0.13459727790045214,0.1133283653048257,0.10029262517311453,0.9956624605678234,0.0007886435331230284,0.0
ood_exposure,LOG_TRAIN_P50,0.9,0.02,0.9,0.02,2536,9,0.003548895899053628,1,0.1111111111111111,0.13459727790045214,0.1133283653048257,0.10029262517311453,0.9956624605678234,0.0007886435331230284,0.0
ood_exposure,LOG_TRAIN_P50,0.9,0.02,0.9,0.05,2536,9,0.003548895899053628,1,0.1111111111111111,0.13459727790045214,0.1133283653048257,0.09959861886396626,0.98698738170347,0.00946372239747634,0.0
ood_exposure,LOG_TRAIN_P50,0.9,0.02,0.9,0.1,2536,9,0.003548895899053628,1,0.1111111111111111,0.13459727790045214,0.1133283653048257,0.09833678921096942,0.9712145110410094,0.025236593059936908,0.0
ood_exposure,LOG_TRAIN_P50,0.9,0.02,0.95,0.01,2536,9,0.003548895899053628,1,0.1111111111111111,0.13459727790045214,0.1133283653048257,0.10029262517311453,0.9956624605678234,0.0007886435331230284,0.0
ood_exposure,LOG_TRAIN_P50,0.9,0.02,0.95,0.02,2536,9,0.003548895899053628,1,0.1111111111111111,0.13459727790045214,0.1133283653048257,0.10029262517311453,0.9956624605678234,0.0007886435331230284,0.0
ood_exposure,LOG_TRAIN_P50,0.9,0.02,0.95,0.05,2536,9,0.003548895899053628,1,0.1111111111111111,0.13459727790045214,0.1133283653048257,0.09959861886396626,0.98698738170347,0.00946372239747634,0.0
ood_exposure,LOG_TRAIN_P50,0.9,0.02,0.95,0.1,2536,9,0.003548895899053628,1,0.1111111111111111,0.13459727790045214,0.1133283653048257,0.09833678921096942,0.9712145110410094,0.025236593059936908,0.0
ood_exposure,LOG_TRAIN_P50,0.9,0.02,0.97,0.01,2536,9,0.003548895899053628,1,0.1111111111111111,0.13459727790045214,0.1133283653048257,0.10029262517311453,0.9956624605678234,0.0007886435331230284,0.0
ood_exposure,LOG_TRAIN_P50,0.9,0.02,0.97,0.02,2536,9,0.003548895899053628,1,0.1111111111111111,0.13459727790045214,0.1133283653048257,0.10029262517311453,0.9956624605678234,0.0007886435331230284,0.0
ood_exposure,LOG_TRAIN_P50,0.9,0.02,0.97,0.05,2536,9,0.003548895899053628,1,0.1111111111111111,0.13459727790045214,0.1133283653048257,0.09959861886396626,0.98698738170347,0.00946372239747634,0.0
ood_exposure,LOG_TRAIN_P50,0.9,0.02,0.97,0.1,2536,9,0.003548895899053628,1,0.1111111111111111,0.13459727790045214,0.1133283653048257,0.09959861886396626,0.98698738170347,0.00946372239747634,0.0
ood_exposure,LOG_TRAIN_P50,0.9,0.02,0.99,0.01,2536,9,0.003548895899053628,1,0.1111111111111111,0.13459727790045214,0.1133283653048257,0.10029262517311453,0.9956624605678234,0.0007886435331230284,0.0
ood_exposure,LOG_TRAIN_P50,0.9,0.02,0.99,0.02,2536,9,0.003548895899053628,1,0.1111111111111111,0.13459727790045214,0.1133283653048257,0.10029262517311453,0.9956624605678234,0.0007886435331230284,0.0
ood_exposure,LOG_TRAIN_P50,0.9,0.02,0.99,0.05,2536,9,0.003548895899053628,1,0.1111111111111111,0.13459727790045214,0.1133283653048257,0.10029262517311453,0.9956624605678234,0.0007886435331230284,0.0
ood_exposure,LOG_TRAIN_P50,0.9,0.02,0.99,0.1,2536,9,0.003548895899053628,1,0.1111111111111111,0.13459727790045214,0.1133283653048257,0.10029262517311453,0.9956624605678234,0.0007886435331230284,0.0
ood_exposure,LOG_TRAIN_P50,0.9,0.05,0.9,0.01,2536,19,0.00749211356466877,5,0.2631578947368421,0.3424090896201,0.2698209907572308,0.10279980106919091,0.9917192429022083,0.0007886435331230284,0.0
ood_exposure,LOG_TRAIN_P50,0.9,0.05,0.9,0.02,2536,19,0.00749211356466877,5,0.2631578947368421,0.3424090896201,0.2698209907572308,0.10279980106919091,0.9917192429022083,0.0007886435331230284,0.0
ood_exposure,LOG_TRAIN_P50,0.9,0.05,0.9,0.05,2536,19,0.00749211356466877,5,0.2631578947368421,0.3424090896201,0.2698209907572308,0.10210579476004264,0.9830441640378549,0.00946372239747634,0.0
ood_exposure,LOG_TRAIN_P50,0.9,0.05,0.9,0.1,2536,19,0.00749211356466877,5,0.2631578947368421,0.3424090896201,0.2698209907572308,0.10084396510704581,0.9672712933753943,0.025236593059936908,0.0
ood_exposure,LOG_TRAIN_P50,0.9,0.05,0.95,0.01,2536,19,0.00749211356466877,5,0.2631578947368421,0.3424090896201,0.2698209907572308,0.10279980106919091,0.9917192429022083,0.0007886435331230284,0.0
ood_exposure,LOG_TRAIN_P50,0.9,0.05,0.95,0.02,2536,19,0.00749211356466877,5,0.2631578947368421,0.3424090896201,0.2698209907572308,0.10279980106919091,0.9917192429022083,0.0007886435331230284,0.0
ood_exposure,LOG_TRAIN_P50,0.9,0.05,0.95,0.05,2536,19,0.00749211356466877,5,0.2631578947368421,0.3424090896201,0.2698209907572308,0.10210579476004264,0.9830441640378549,0.00946372239747634,0.0
ood_exposure,LOG_TRAIN_P50,0.9,0.05,0.95,0.1,2536,19,0.00749211356466877,5,0.2631578947368421,0.3424090896201,0.2698209907572308,0.10084396510704581,0.9672712933753943,0.025236593059936908,0.0
ood_exposure,LOG_TRAIN_P50,0.9,0.05,0.97,0.01,2536,19,0.00749211356466877,5,0.2631578947368421,0.3424090896201,0.2698209907572308,0.10279980106919091,0.9917192429022083,0.0007886435331230284,0.0
ood_exposure,LOG_TRAIN_P50,0.9,0.05,0.97,0.02,2536,19,0.00749211356466877,5,0.2631578947368421,0.3424090896201,0.2698209907572308,0.10279980106919091,0.9917192429022083,0.0007886435331230284,0.0
ood_exposure,LOG_TRAIN_P50,0.9,0.05,0.97,0.05,2536,19,0.00749211356466877,5,0.2631578947368421,0.3424090896201,0.2698209907572308,0.10210579476004264,0.9830441640378549,0.00946372239747634,0.0
ood_exposure,LOG_TRAIN_P50,0.9,0.05,0.97,0.1,2536,19,0.00749211356466877,5,0.2631578947368421,0.3424090896201,0.2698209907572308,0.10210579476004264,0.9830441640378549,0.00946372239747634,0.0
ood_exposure,LOG_TRAIN_P50,0.9,0.05,0.99,0.01,2536,19,0.00749211356466877,5,0.2631578947368421,0.3424090896201,0.2698209907572308,0.10279980106919091,0.9917192429022083,0.0007886435331230284,0.0
ood_exposure,LOG_TRAIN_P50,0.9,0.05,0.99,0.02,2536,19,0.00749211356466877,5,0.2631578947368421,0.3424090896201,0.2698209907572308,0.10279980106919091,0.9917192429022083,0.0007886435331230284,0.0
ood_exposure,LOG_TRAIN_P50,0.9,0.05,0.99,0.05,2536,19,0.00749211356466877,5,0.2631578947368421,0.3424090896201,0.2698209907572308,0.10279980106919091,0.9917192429022083,0.0007886435331230284,0.0
ood_exposure,LOG_TRAIN_P50,0.9,0.05,0.99,0.1,2536,19,0.00749211356466877,5,0.2631578947368421,0.3424090896201,0.2698209907572308,0.10279980106919091,0.9917192429022083,0.0007886435331230284,0.0
ood_exposure,LOG_TRAIN_P50,0.9,0.1,0.9,0.01,2536,39,0.015378548895899053,8,0.20512820512820512,0.25513294962392874,0.2090297530638996,0.10407360777793119,0.9838328075709779,0.0007886435331230284,0.0
ood_exposure,LOG_TRAIN_P50,0.9,0.1,0.9,0.02,2536,39,0.015378548895899053,8,0.20512820512820512,0.25513294962392874,0.2090297530638996,0.10407360777793119,0.9838328075709779,0.0007886435331230284,0.0
ood_exposure,LOG_TRAIN_P50,0.9,0.1,0.9,0.05,2536,39,0.015378548895899053,8,0.20512820512820512,0.25513294962392874,0.2090297530638996,0.10337960146878293,0.9751577287066246,0.00946372239747634,0.0
ood_exposure,LOG_TRAIN_P50,0.9,0.1,0.9,0.1,2536,39,0.015378548895899053,8,0.20512820512820512,0.25513294962392874,0.2090297530638996,0.10211777181578607,0.9593848580441641,0.025236593059936908,0.0
ood_exposure,LOG_TRAIN_P50,0.9,0.1,0.95,0.01,2536,39,0.015378548895899053,8,0.20512820512820512,0.25513294962392874,0.2090297530638996,0.10407360777793119,0.9838328075709779,0.0007886435331230284,0.0
ood_exposure,LOG_TRAIN_P50,0.9,0.1,0.95,0.02,2536,39,0.015378548895899053,8,0.20512820512820512,0.25513294962392874,0.2090297530638996,0.10407360777793119,0.9838328075709779,0.0007886435331230284,0.0
ood_exposure,LOG_TRAIN_P50,0.9,0.1,0.95,0.05,2536,39,0.015378548895899053,8,0.20512820512820512,0.25513294962392874,0.2090297530638996,0.10337960146878293,0.9751577287066246,0.00946372239747634,0.0
ood_exposure,LOG_TRAIN_P50,0.9,0.1,0.95,0.1,2536,39,0.015378548895899053,8,0.20512820512820512,0.25513294962392874,0.2090297530638996,0.10211777181578607,0.9593848580441641,0.025236593059936908,0.0
ood_exposure,LOG_TRAIN_P50,0.9,0.1,0.97,0.01,2536,39,0.015378548895899053,8,0.20512820512820512,0.25513294962392874,0.2090297530638996,0.10407360777793119,0.9838328075709779,0.0007886435331230284,0.0
ood_exposure,LOG_TRAIN_P50,0.9,0.1,0.97,0.02,2536,39,0.015378548895899053,8,0.20512820512820512,0.25513294962392874,0.2090297530638996,0.10407360777793119,0.9838328075709779,0.0007886435331230284,0.0
ood_exposure,LOG_TRAIN_P50,0.9,0.1,0.97,0.05,2536,39,0.015378548895899053,8,0.20512820512820512,0.25513294962392874,0.2090297530638996,0.10337960146878293,0.9751577287066246,0.00946372239747634,0.0
ood_exposure,LOG_TRAIN_P50,0.9,0.1,0.97,0.1,2536,39,0.015378548895899053,8,0.20512820512820512,0.25513294962392874,0.2090297530638996,0.10337960146878293,0.9751577287066246,0.00946372239747634,0.0
ood_exposure,LOG_TRAIN_P50,0.9,0.1,0.99,0.01,2536,39,0.015378548895899053,8,0.20512820512820512,0.25513294962392874,0.2090297530638996,0.10407360777793119,0.9838328075709779,0.0007886435331230284,0.0
ood_exposure,LOG_TRAIN_P50,0.9,0.1,0.99,0.02,2536,39,0.015378548895899053,8,0.20512820512820512,0.25513294962392874,0.2090297530638996,0.10407360777793119,0.9838328075709779,0.0007886435331230284,0.0
ood_exposure,LOG_TRAIN_P50,0.9,0.1,0.99,0.05,2536,39,0.015378548895899053,8,0.20512820512820512,0.25513294962392874,0.2090297530638996,0.10407360777793119,0.9838328075709779,0.0007886435331230284,0.0
ood_exposure,LOG_TRAIN_P50,0.9,0.1,0.99,0.1,2536,39,0.015378548895899053,8,0.20512820512820512,0.25513294962392874,0.2090297530638996,0.10407360777793119,0.9838328075709779,0.0007886435331230284,0.0
ood_exposure,LOG_TRAIN_P50,0.9,0.2,0.9,0.01,2536,39,0.015378548895899053,8,0.20512820512820512,0.25513294962392874,0.2090297530638996,0.10407360777793119,0.9838328075709779,0.0007886435331230284,0.0
ood_exposure,LOG_TRAIN_P50,0.9,0.2,0.9,0.02,2536,39,0.015378548895899053,8,0.20512820512820512,0.25513294962392874,0.2090297530638996,0.10407360777793119,0.9838328075709779,0.0007886435331230284,0.0
ood_exposure,LOG_TRAIN_P50,0.9,0.2,0.9,0.05,2536,39,0.015378548895899053,8,0.20512820512820512,0.25513294962392874,0.2090297530638996,0.10337960146878293,0.9751577287066246,0.00946372239747634,0.0
ood_exposure,LOG_TRAIN_P50,0.9,0.2,0.9,0.1,2536,39,0.015378548895899053,8,0.20512820512820512,0.25513294962392874,0.2090297530638996,0.10211777181578607,0.9593848580441641,0.025236593059936908,0.0
ood_exposure,LOG_TRAIN_P50,0.9,0.2,0.95,0.01,2536,39,0.015378548895899053,8,0.20512820512820512,0.25513294962392874,0.2090297530638996,0.10407360777793119,0.9838328075709779,0.0007886435331230284,0.0
ood_exposure,LOG_TRAIN_P50,0.9,0.2,0.95,0.02,2536,39,0.015378548895899053,8,0.20512820512820512,0.25513294962392874,0.2090297530638996,0.10407360777793119,0.9838328075709779,0.0007886435331230284,0.0
ood_exposure,LOG_TRAIN_P50,0.9,0.2,0.95,0.05,2536,39,0.015378548895899053,8,0.20512820512820512,0.25513294962392874,0.2090297530638996,0.10337960146878293,0.9751577287066246,0.00946372239747634,0.0
ood_exposure,LOG_TRAIN_P50,0.9,0.2,0.95,0.1,2536,39,0.015378548895899053,8,0.20512820512820512,0.25513294962392874,0.2090297530638996,0.10211777181578607,0.9593848580441641,0.025236593059936908,0.0
ood_exposure,LOG_TRAIN_P50,0.9,0.2,0.97,0.01,2536,39,0.015378548895899053,8,0.20512820512820512,0.25513294962392874,0.2090297530638996,0.10407360777793119,0.9838328075709779,0.0007886435331230284,0.0
ood_exposure,LOG_TRAIN_P50,0.9,0.2,0.97,0.02,2536,39,0.015378548895899053,8,0.20512820512820512,0.25513294962392874,0.2090297530638996,0.10407360777793119,0.9838328075709779,0.0007886435331230284,0.0
ood_exposure,LOG_TRAIN_P50,0.9,0.2,0.97,0.05,2536,39,0.015378548895899053,8,0.20512820512820512,0.25513294962392874,0.2090297530638996,0.10337960146878293,0.9751577287066246,0.00946372239747634,0.0
ood_exposure,LOG_TRAIN_P50,0.9,0.2,0.97,0.1,2536,39,0.015378548895899053,8,0.20512820512820512,0.25513294962392874,0.2090297530638996,0.10337960146878293,0.9751577287066246,0.00946372239747634,0.0
ood_exposure,LOG_TRAIN_P50,0.9,0.2,0.99,0.01,2536,39,0.015378548895899053,8,0.20512820512820512,0.25513294962392874,0.2090297530638996,0.10407360777793119,0.9838328075709779,0.0007886435331230284,0.0
ood_exposure,LOG_TRAIN_P50,0.9,0.2,0.99,0.02,2536,39,0.015378548895899053,8,0.20512820512820512,0.25513294962392874,0.2090297530638996,0.10407360777793119,0.9838328075709779,0.0007886435331230284,0.0
ood_exposure,LOG_TRAIN_P50,0.9,0.2,0.99,0.05,2536,39,0.015378548895899053,8,0.20512820512820512,0.25513294962392874,0.2090297530638996,0.10407360777793119,0.9838328075709779,0.0007886435331230284,0.0
ood_exposure,LOG_TRAIN_P50,0.9,0.2,0.99,0.1,2536,39,0.015378548895899053,8,0.20512820512820512,0.25513294962392874,0.2090297530638996,0.10407360777793119,0.9838328075709779,0.0007886435331230284,0.0
ood_exposure,LOG_TRAIN_P50,0.95,0.01,0.9,0.01,2536,8,0.0031545741324921135,1,0.125,0.1565625188598531,0.12787275472688395,0.10033205734977069,0.9960567823343849,0.0007886435331230284,0.0
ood_exposure,LOG_TRAIN_P50,0.95,0.01,0.9,0.02,2536,8,0.0031545741324921135,1,0.125,0.1565625188598531,0.12787275472688395,0.10033205734977069,0.9960567823343849,0.0007886435331230284,0.0
ood_exposure,LOG_TRAIN_P50,0.95,0.01,0.9,0.05,2536,8,0.0031545741324921135,1,0.125,0.1565625188598531,0.12787275472688395,0.09963805104062241,0.9873817034700315,0.00946372239747634,0.0
ood_exposure,LOG_TRAIN_P50,0.95,0.01,0.9,0.1,2536,8,0.0031545741324921135,1,0.125,0.1565625188598531,0.12787275472688395,0.09837622138762557,0.9716088328075709,0.025236593059936908,0.0
ood_exposure,LOG_TRAIN_P50,0.95,0.01,0.95,0.01,2536,8,0.0031545741324921135,1,0.125,0.1565625188598531,0.12787275472688395,0.10033205734977069,0.9960567823343849,0.0007886435331230284,0.0
ood_exposure,LOG_TRAIN_P50,0.95,0.01,0.95,0.02,2536,8,0.0031545741324921135,1,0.125,0.1565625188598531,0.12787275472688395,0.10033205734977069,0.9960567823343849,0.0007886435331230284,0.0
ood_exposure,LOG_TRAIN_P50,0.95,0.01,0.95,0.05,2536,8,0.0031545741324921135,1,0.125,0.1565625188598531,0.12787275472688395,0.09963805104062241,0.9873817034700315,0.00946372239747634,0.0
ood_exposure,LOG_TRAIN_P50,0.95,0.01,0.95,0.1,2536,8,0.0031545741324921135,1,0.125,0.1565625188598531,0.12787275472688395,0.09837622138762557,0.9716088328075709,0.025236593059936908,0.0
ood_exposure,LOG_TRAIN_P50,0.95,0.01,0.97,0.01,2536,8,0.0031545741324921135,1,0.125,0.1565625188598531,0.12787275472688395,0.10033205734977069,0.9960567823343849,0.0007886435331230284,0.0
ood_exposure,LOG_TRAIN_P50,0.95,0.01,0.97,0.02,2536,8,0.0031545741324921135,1,0.125,0.1565625188598531,0.12787275472688395,0.10033205734977069,0.9960567823343849,0.0007886435331230284,0.0
ood_exposure,LOG_TRAIN_P50,0.95,0.01,0.97,0.05,2536,8,0.0031545741324921135,1,0.125,0.1565625188598531,0.12787275472688395,0.09963805104062241,0.9873817034700315,0.00946372239747634,0.0
ood_exposure,LOG_TRAIN_P50,0.95,0.01,0.97,0.1,2536,8,0.0031545741324921135,1,0.125,0.1565625188598531,0.12787275472688395,0.09963805104062241,0.9873817034700315,0.00946372239747634,0.0
ood_exposure,LOG_TRAIN_P50,0.95,0.01,0.99,0.01,2536,8,0.0031545741324921135,1,0.125,0.1565625188598531,0.12787275472688395,0.10033205734977069,0.9960567823343849,0.0007886435331230284,0.0
ood_exposure,LOG_TRAIN_P50,0.95,0.01,0.99,0.02,2536,8,0.0031545741324921135,1,0.125,0.1565625188598531,0.12787275472688395,0.10033205734977069,0.9960567823343849,0.0007886435331230284,0.0
ood_exposure,LOG_TRAIN_P50,0.95,0.01,0.99,0.05,2536,8,0.0031545741324921135,1,0.125,0.1565625188598531,0.12787275472688395,0.10033205734977069,0.9960567823343849,0.0007886435331230284,0.0
ood_exposure,LOG_TRAIN_P50,0.95,0.01,0.99,0.1,2536,8,0.0031545741324921135,1,0.125,0.1565625188598531,0.12787275472688395,0.10033205734977069,0.9960567823343849,0.0007886435331230284,0.0
ood_exposure,LOG_TRAIN_P50,0.95,0.02,0.9,0.01,2536,9,0.003548895899053628,1,0.1111111111111111,0.13459727790045214,0.1133283653048257,0.10029262517311453,0.9956624605678234,0.0007886435331230284,0.0
ood_exposure,LOG_TRAIN_P50,0.95,0.02,0.9,0.02,2536,9,0.003548895899053628,1,0.1111111111111111,0.13459727790045214,0.1133283653048257,0.10029262517311453,0.9956624605678234,0.0007886435331230284,0.0
ood_exposure,LOG_TRAIN_P50,0.95,0.02,0.9,0.05,2536,9,0.003548895899053628,1,0.1111111111111111,0.13459727790045214,0.1133283653048257,0.09959861886396626,0.98698738170347,0.00946372239747634,0.0
ood_exposure,LOG_TRAIN_P50,0.95,0.02,0.9,0.1,2536,9,0.003548895899053628,1,0.1111111111111111,0.13459727790045214,0.1133283653048257,0.09833678921096942,0.9712145110410094,0.025236593059936908,0.0
ood_exposure,LOG_TRAIN_P50,0.95,0.02,0.95,0.01,2536,9,0.003548895899053628,1,0.1111111111111111,0.13459727790045214,0.1133283653048257,0.10029262517311453,0.9956624605678234,0.0007886435331230284,0.0
ood_exposure,LOG_TRAIN_P50,0.95,0.02,0.95,0.02,2536,9,0.003548895899053628,1,0.1111111111111111,0.13459727790045214,0.1133283653048257,0.10029262517311453,0.9956624605678234,0.0007886435331230284,0.0
ood_exposure,LOG_TRAIN_P50,0.95,0.02,0.95,0.05,2536,9,0.003548895899053628,1,0.1111111111111111,0.13459727790045214,0.1133283653048257,0.09959861886396626,0.98698738170347,0.00946372239747634,0.0
ood_exposure,LOG_TRAIN_P50,0.95,0.02,0.95,0.1,2536,9,0.003548895899053628,1,0.1111111111111111,0.13459727790045214,0.1133283653048257,0.09833678921096942,0.9712145110410094,0.025236593059936908,0.0
ood_exposure,LOG_TRAIN_P50,0.95,0.02,0.97,0.01,2536,9,0.003548895899053628,1,0.1111111111111111,0.13459727790045214,0.1133283653048257,0.10029262517311453,0.9956624605678234,0.0007886435331230284,0.0
ood_exposure,LOG_TRAIN_P50,0.95,0.02,0.97,0.02,2536,9,0.003548895899053628,1,0.1111111111111111,0.13459727790045214,0.1133283653048257,0.10029262517311453,0.9956624605678234,0.0007886435331230284,0.0
ood_exposure,LOG_TRAIN_P50,0.95,0.02,0.97,0.05,2536,9,0.003548895899053628,1,0.1111111111111111,0.13459727790045214,0.1133283653048257,0.09959861886396626,0.98698738170347,0.00946372239747634,0.0
ood_exposure,LOG_TRAIN_P50,0.95,0.02,0.97,0.1,2536,9,0.003548895899053628,1,0.1111111111111111,0.13459727790045214,0.1133283653048257,0.09959861886396626,0.98698738170347,0.00946372239747634,0.0
ood_exposure,LOG_TRAIN_P50,0.95,0.02,0.99,0.01,2536,9,0.003548895899053628,1,0.1111111111111111,0.13459727790045214,0.1133283653048257,0.10029262517311453,0.9956624605678234,0.0007886435331230284,0.0
ood_exposure,LOG_TRAIN_P50,0.95,0.02,0.99,0.02,2536,9,0.003548895899053628,1,0.1111111111111111,0.13459727790045214,0.1133283653048257,0.10029262517311453,0.9956624605678234,0.0007886435331230284,0.0
ood_exposure,LOG_TRAIN_P50,0.95,0.02,0.99,0.05,2536,9,0.003548895899053628,1,0.1111111111111111,0.13459727790045214,0.1133283653048257,0.10029262517311453,0.9956624605678234,0.0007886435331230284,0.0
ood_exposure,LOG_TRAIN_P50,0.95,0.02,0.99,0.1,2536,9,0.003548895899053628,1,0.1111111111111111,0.13459727790045214,0.1133283653048257,0.10029262517311453,0.9956624605678234,0.0007886435331230284,0.0
ood_exposure,LOG_TRAIN_P50,0.95,0.05,0.9,0.01,2536,19,0.00749211356466877,5,0.2631578947368421,0.3424090896201,0.2698209907572308,0.10279980106919091,0.9917192429022083,0.0007886435331230284,0.0
ood_exposure,LOG_TRAIN_P50,0.95,0.05,0.9,0.02,2536,19,0.00749211356466877,5,0.2631578947368421,0.3424090896201,0.2698209907572308,0.10279980106919091,0.9917192429022083,0.0007886435331230284,0.0
ood_exposure,LOG_TRAIN_P50,0.95,0.05,0.9,0.05,2536,19,0.00749211356466877,5,0.2631578947368421,0.3424090896201,0.2698209907572308,0.10210579476004264,0.9830441640378549,0.00946372239747634,0.0
ood_exposure,LOG_TRAIN_P50,0.95,0.05,0.9,0.1,2536,19,0.00749211356466877,5,0.2631578947368421,0.3424090896201,0.2698209907572308,0.10084396510704581,0.9672712933753943,0.025236593059936908,0.0
ood_exposure,LOG_TRAIN_P50,0.95,0.05,0.95,0.01,2536,19,0.00749211356466877,5,0.2631578947368421,0.3424090896201,0.2698209907572308,0.10279980106919091,0.9917192429022083,0.0007886435331230284,0.0
ood_exposure,LOG_TRAIN_P50,0.95,0.05,0.95,0.02,2536,19,0.00749211356466877,5,0.2631578947368421,0.3424090896201,0.2698209907572308,0.10279980106919091,0.9917192429022083,0.0007886435331230284,0.0
ood_exposure,LOG_TRAIN_P50,0.95,0.05,0.95,0.05,2536,19,0.00749211356466877,5,0.2631578947368421,0.3424090896201,0.2698209907572308,0.10210579476004264,0.9830441640378549,0.00946372239747634,0.0
ood_exposure,LOG_TRAIN_P50,0.95,0.05,0.95,0.1,2536,19,0.00749211356466877,5,0.2631578947368421,0.3424090896201,0.2698209907572308,0.10084396510704581,0.9672712933753943,0.025236593059936908,0.0
ood_exposure,LOG_TRAIN_P50,0.95,0.05,0.97,0.01,2536,19,0.00749211356466877,5,0.2631578947368421,0.3424090896201,0.2698209907572308,0.10279980106919091,0.9917192429022083,0.0007886435331230284,0.0
ood_exposure,LOG_TRAIN_P50,0.95,0.05,0.97,0.02,2536,19,0.00749211356466877,5,0.2631578947368421,0.3424090896201,0.2698209907572308,0.10279980106919091,0.9917192429022083,0.0007886435331230284,0.0
ood_exposure,LOG_TRAIN_P50,0.95,0.05,0.97,0.05,2536,19,0.00749211356466877,5,0.2631578947368421,0.3424090896201,0.2698209907572308,0.10210579476004264,0.9830441640378549,0.00946372239747634,0.0
ood_exposure,LOG_TRAIN_P50,0.95,0.05,0.97,0.1,2536,19,0.00749211356466877,5,0.2631578947368421,0.3424090896201,0.2698209907572308,0.10210579476004264,0.9830441640378549,0.00946372239747634,0.0
ood_exposure,LOG_TRAIN_P50,0.95,0.05,0.99,0.01,2536,19,0.00749211356466877,5,0.2631578947368421,0.3424090896201,0.2698209907572308,0.10279980106919091,0.9917192429022083,0.0007886435331230284,0.0
ood_exposure,LOG_TRAIN_P50,0.95,0.05,0.99,0.02,2536,19,0.00749211356466877,5,0.2631578947368421,0.3424090896201,0.2698209907572308,0.10279980106919091,0.9917192429022083,0.0007886435331230284,0.0
ood_exposure,LOG_TRAIN_P50,0.95,0.05,0.99,0.05,2536,19,0.00749211356466877,5,0.2631578947368421,0.3424090896201,0.2698209907572308,0.10279980106919091,0.9917192429022083,0.0007886435331230284,0.0
ood_exposure,LOG_TRAIN_P50,0.95,0.05,0.99,0.1,2536,19,0.00749211356466877,5,0.2631578947368421,0.3424090896201,0.2698209907572308,0.10279980106919091,0.9917192429022083,0.0007886435331230284,0.0
ood_exposure,LOG_TRAIN_P50,0.95,0.1,0.9,0.01,2536,38,0.01498422712933754,8,0.21052631578947367,0.2597883486341137,0.21437188550802874,0.10411303995458736,0.9842271293375394,0.0007886435331230284,0.0
ood_exposure,LOG_TRAIN_P50,0.95,0.1,0.9,0.02,2536,38,0.01498422712933754,8,0.21052631578947367,0.2597883486341137,0.21437188550802874,0.10411303995458736,0.9842271293375394,0.0007886435331230284,0.0
ood_exposure,LOG_TRAIN_P50,0.95,0.1,0.9,0.05,2536,38,0.01498422712933754,8,0.21052631578947367,0.2597883486341137,0.21437188550802874,0.10341903364543907,0.9755520504731862,0.00946372239747634,0.0
ood_exposure,LOG_TRAIN_P50,0.95,0.1,0.9,0.1,2536,38,0.01498422712933754,8,0.21052631578947367,0.2597883486341137,0.21437188550802874,0.10215720399244223,0.9597791798107256,0.025236593059936908,0.0
ood_exposure,LOG_TRAIN_P50,0.95,0.1,0.95,0.01,2536,38,0.01498422712933754,8,0.21052631578947367,0.2597883486341137,0.21437188550802874,0.10411303995458736,0.9842271293375394,0.0007886435331230284,0.0
ood_exposure,LOG_TRAIN_P50,0.95,0.1,0.95,0.02,2536,38,0.01498422712933754,8,0.21052631578947367,0.2597883486341137,0.21437188550802874,0.10411303995458736,0.9842271293375394,0.0007886435331230284,0.0
ood_exposure,LOG_TRAIN_P50,0.95,0.1,0.95,0.05,2536,38,0.01498422712933754,8,0.21052631578947367,0.2597883486341137,0.21437188550802874,0.10341903364543907,0.9755520504731862,0.00946372239747634,0.0
ood_exposure,LOG_TRAIN_P50,0.95,0.1,0.95,0.1,2536,38,0.01498422712933754,8,0.21052631578947367,0.2597883486341137,0.21437188550802874,0.10215720399244223,0.9597791798107256,0.025236593059936908,0.0
ood_exposure,LOG_TRAIN_P50,0.95,0.1,0.97,0.01,2536,38,0.01498422712933754,8,0.21052631578947367,0.2597883486341137,0.21437188550802874,0.10411303995458736,0.9842271293375394,0.0007886435331230284,0.0
ood_exposure,LOG_TRAIN_P50,0.95,0.1,0.97,0.02,2536,38,0.01498422712933754,8,0.21052631578947367,0.2597883486341137,0.21437188550802874,0.10411303995458736,0.9842271293375394,0.0007886435331230284,0.0
ood_exposure,LOG_TRAIN_P50,0.95,0.1,0.97,0.05,2536,38,0.01498422712933754,8,0.21052631578947367,0.2597883486341137,0.21437188550802874,0.10341903364543907,0.9755520504731862,0.00946372239747634,0.0
ood_exposure,LOG_TRAIN_P50,0.95,0.1,0.97,0.1,2536,38,0.01498422712933754,8,0.21052631578947367,0.2597883486341137,0.21437188550802874,0.10341903364543907,0.9755520504731862,0.00946372239747634,0.0
ood_exposure,LOG_TRAIN_P50,0.95,0.1,0.99,0.01,2536,38,0.01498422712933754,8,0.21052631578947367,0.2597883486341137,0.21437188550802874,0.10411303995458736,0.9842271293375394,0.0007886435331230284,0.0
ood_exposure,LOG_TRAIN_P50,0.95,0.1,0.99,0.02,2536,38,0.01498422712933754,8,0.21052631578947367,0.2597883486341137,0.21437188550802874,0.10411303995458736,0.9842271293375394,0.0007886435331230284,0.0
ood_exposure,LOG_TRAIN_P50,0.95,0.1,0.99,0.05,2536,38,0.01498422712933754,8,0.21052631578947367,0.2597883486341137,0.21437188550802874,0.10411303995458736,0.9842271293375394,0.0007886435331230284,0.0
ood_exposure,LOG_TRAIN_P50,0.95,0.1,0.99,0.1,2536,38,0.01498422712933754,8,0.21052631578947367,0.2597883486341137,0.21437188550802874,0.10411303995458736,0.9842271293375394,0.0007886435331230284,0.0
ood_exposure,LOG_TRAIN_P50,0.95,0.2,0.9,0.01,2536,38,0.01498422712933754,8,0.21052631578947367,0.2597883486341137,0.21437188550802874,0.10411303995458736,0.9842271293375394,0.0007886435331230284,0.0
ood_exposure,LOG_TRAIN_P50,0.95,0.2,0.9,0.02,2536,38,0.01498422712933754,8,0.21052631578947367,0.2597883486341137,0.21437188550802874,0.10411303995458736,0.9842271293375394,0.0007886435331230284,0.0
ood_exposure,LOG_TRAIN_P50,0.95,0.2,0.9,0.05,2536,38,0.01498422712933754,8,0.21052631578947367,0.2597883486341137,0.21437188550802874,0.10341903364543907,0.9755520504731862,0.00946372239747634,0.0
ood_exposure,LOG_TRAIN_P50,0.95,0.2,0.9,0.1,2536,38,0.01498422712933754,8,0.21052631578947367,0.2597883486341137,0.21437188550802874,0.10215720399244223,0.9597791798107256,0.025236593059936908,0.0
ood_exposure,LOG_TRAIN_P50,0.95,0.2,0.95,0.01,2536,38,0.01498422712933754,8,0.21052631578947367,0.2597883486341137,0.21437188550802874,0.10411303995458736,0.9842271293375394,0.0007886435331230284,0.0
ood_exposure,LOG_TRAIN_P50,0.95,0.2,0.95,0.02,2536,38,0.01498422712933754,8,0.21052631578947367,0.2597883486341137,0.21437188550802874,0.10411303995458736,0.9842271293375394,0.0007886435331230284,0.0
ood_exposure,LOG_TRAIN_P50,0.95,0.2,0.95,0.05,2536,38,0.01498422712933754,8,0.21052631578947367,0.2597883486341137,0.21437188550802874,0.10341903364543907,0.9755520504731862,0.00946372239747634,0.0
ood_exposure,LOG_TRAIN_P50,0.95,0.2,0.95,0.1,2536,38,0.01498422712933754,8,0.21052631578947367,0.2597883486341137,0.21437188550802874,0.10215720399244223,0.9597791798107256,0.025236593059936908,0.0
ood_exposure,LOG_TRAIN_P50,0.95,0.2,0.97,0.01,2536,38,0.01498422712933754,8,0.21052631578947367,0.2597883486341137,0.21437188550802874,0.10411303995458736,0.9842271293375394,0.0007886435331230284,0.0
ood_exposure,LOG_TRAIN_P50,0.95,0.2,0.97,0.02,2536,38,0.01498422712933754,8,0.21052631578947367,0.2597883486341137,0.21437188550802874,0.10411303995458736,0.9842271293375394,0.0007886435331230284,0.0
ood_exposure,LOG_TRAIN_P50,0.95,0.2,0.97,0.05,2536,38,0.01498422712933754,8,0.21052631578947367,0.2597883486341137,0.21437188550802874,0.10341903364543907,0.9755520504731862,0.00946372239747634,0.0
ood_exposure,LOG_TRAIN_P50,0.95,0.2,0.97,0.1,2536,38,0.01498422712933754,8,0.21052631578947367,0.2597883486341137,0.21437188550802874,0.10341903364543907,0.9755520504731862,0.00946372239747634,0.0
ood_exposure,LOG_TRAIN_P50,0.95,0.2,0.99,0.01,2536,38,0.01498422712933754,8,0.21052631578947367,0.2597883486341137,0.21437188550802874,0.10411303995458736,0.9842271293375394,0.0007886435331230284,0.0
ood_exposure,LOG_TRAIN_P50,0.95,0.2,0.99,0.02,2536,38,0.01498422712933754,8,0.21052631578947367,0.2597883486341137,0.21437188550802874,0.10411303995458736,0.9842271293375394,0.0007886435331230284,0.0
ood_exposure,LOG_TRAIN_P50,0.95,0.2,0.99,0.05,2536,38,0.01498422712933754,8,0.21052631578947367,0.2597883486341137,0.21437188550802874,0.10411303995458736,0.9842271293375394,0.0007886435331230284,0.0
ood_exposure,LOG_TRAIN_P50,0.95,0.2,0.99,0.1,2536,38,0.01498422712933754,8,0.21052631578947367,0.2597883486341137,0.21437188550802874,0.10411303995458736,0.9842271293375394,0.0007886435331230284,0.0
ood_exposure,LOG_TRAIN_P50,0.97,0.01,0.9,0.01,2536,8,0.0031545741324921135,1,0.125,0.1565625188598531,0.12787275472688395,0.10033205734977069,0.9960567823343849,0.0007886435331230284,0.0
ood_exposure,LOG_TRAIN_P50,0.97,0.01,0.9,0.02,2536,8,0.0031545741324921135,1,0.125,0.1565625188598531,0.12787275472688395,0.10033205734977069,0.9960567823343849,0.0007886435331230284,0.0
ood_exposure,LOG_TRAIN_P50,0.97,0.01,0.9,0.05,2536,8,0.0031545741324921135,1,0.125,0.1565625188598531,0.12787275472688395,0.09963805104062241,0.9873817034700315,0.00946372239747634,0.0
ood_exposure,LOG_TRAIN_P50,0.97,0.01,0.9,0.1,2536,8,0.0031545741324921135,1,0.125,0.1565625188598531,0.12787275472688395,0.09837622138762557,0.9716088328075709,0.025236593059936908,0.0
ood_exposure,LOG_TRAIN_P50,0.97,0.01,0.95,0.01,2536,8,0.0031545741324921135,1,0.125,0.1565625188598531,0.12787275472688395,0.10033205734977069,0.9960567823343849,0.0007886435331230284,0.0
ood_exposure,LOG_TRAIN_P50,0.97,0.01,0.95,0.02,2536,8,0.0031545741324921135,1,0.125,0.1565625188598531,0.12787275472688395,0.10033205734977069,0.9960567823343849,0.0007886435331230284,0.0
ood_exposure,LOG_TRAIN_P50,0.97,0.01,0.95,0.05,2536,8,0.0031545741324921135,1,0.125,0.1565625188598531,0.12787275472688395,0.09963805104062241,0.9873817034700315,0.00946372239747634,0.0
ood_exposure,LOG_TRAIN_P50,0.97,0.01,0.95,0.1,2536,8,0.0031545741324921135,1,0.125,0.1565625188598531,0.12787275472688395,0.09837622138762557,0.9716088328075709,0.025236593059936908,0.0
ood_exposure,LOG_TRAIN_P50,0.97,0.01,0.97,0.01,2536,8,0.0031545741324921135,1,0.125,0.1565625188598531,0.12787275472688395,0.10033205734977069,0.9960567823343849,0.0007886435331230284,0.0
ood_exposure,LOG_TRAIN_P50,0.97,0.01,0.97,0.02,2536,8,0.0031545741324921135,1,0.125,0.1565625188598531,0.12787275472688395,0.10033205734977069,0.9960567823343849,0.0007886435331230284,0.0
ood_exposure,LOG_TRAIN_P50,0.97,0.01,0.97,0.05,2536,8,0.0031545741324921135,1,0.125,0.1565625188598531,0.12787275472688395,0.09963805104062241,0.9873817034700315,0.00946372239747634,0.0
ood_exposure,LOG_TRAIN_P50,0.97,0.01,0.97,0.1,2536,8,0.0031545741324921135,1,0.125,0.1565625188598531,0.12787275472688395,0.09963805104062241,0.9873817034700315,0.00946372239747634,0.0
ood_exposure,LOG_TRAIN_P50,0.97,0.01,0.99,0.01,2536,8,0.0031545741324921135,1,0.125,0.1565625188598531,0.12787275472688395,0.10033205734977069,0.9960567823343849,0.0007886435331230284,0.0
ood_exposure,LOG_TRAIN_P50,0.97,0.01,0.99,0.02,2536,8,0.0031545741324921135,1,0.125,0.1565625188598531,0.12787275472688395,0.10033205734977069,0.9960567823343849,0.0007886435331230284,0.0
ood_exposure,LOG_TRAIN_P50,0.97,0.01,0.99,0.05,2536,8,0.0031545741324921135,1,0.125,0.1565625188598531,0.12787275472688395,0.10033205734977069,0.9960567823343849,0.0007886435331230284,0.0
ood_exposure,LOG_TRAIN_P50,0.97,0.01,0.99,0.1,2536,8,0.0031545741324921135,1,0.125,0.1565625188598531,0.12787275472688395,0.10033205734977069,0.9960567823343849,0.0007886435331230284,0.0
ood_exposure,LOG_TRAIN_P50,0.97,0.02,0.9,0.01,2536,9,0.003548895899053628,1,0.1111111111111111,0.13459727790045214,0.1133283653048257,0.10029262517311453,0.9956624605678234,0.0007886435331230284,0.0
ood_exposure,LOG_TRAIN_P50,0.97,0.02,0.9,0.02,2536,9,0.003548895899053628,1,0.1111111111111111,0.13459727790045214,0.1133283653048257,0.10029262517311453,0.9956624605678234,0.0007886435331230284,0.0
ood_exposure,LOG_TRAIN_P50,0.97,0.02,0.9,0.05,2536,9,0.003548895899053628,1,0.1111111111111111,0.13459727790045214,0.1133283653048257,0.09959861886396626,0.98698738170347,0.00946372239747634,0.0
ood_exposure,LOG_TRAIN_P50,0.97,0.02,0.9,0.1,2536,9,0.003548895899053628,1,0.1111111111111111,0.13459727790045214,0.1133283653048257,0.09833678921096942,0.9712145110410094,0.025236593059936908,0.0
ood_exposure,LOG_TRAIN_P50,0.97,0.02,0.95,0.01,2536,9,0.003548895899053628,1,0.1111111111111111,0.13459727790045214,0.1133283653048257,0.10029262517311453,0.9956624605678234,0.0007886435331230284,0.0
ood_exposure,LOG_TRAIN_P50,0.97,0.02,0.95,0.02,2536,9,0.003548895899053628,1,0.1111111111111111,0.13459727790045214,0.1133283653048257,0.10029262517311453,0.9956624605678234,0.0007886435331230284,0.0
ood_exposure,LOG_TRAIN_P50,0.97,0.02,0.95,0.05,2536,9,0.003548895899053628,1,0.1111111111111111,0.13459727790045214,0.1133283653048257,0.09959861886396626,0.98698738170347,0.00946372239747634,0.0
ood_exposure,LOG_TRAIN_P50,0.97,0.02,0.95,0.1,2536,9,0.003548895899053628,1,0.1111111111111111,0.13459727790045214,0.1133283653048257,0.09833678921096942,0.9712145110410094,0.025236593059936908,0.0
ood_exposure,LOG_TRAIN_P50,0.97,0.02,0.97,0.01,2536,9,0.003548895899053628,1,0.1111111111111111,0.13459727790045214,0.1133283653048257,0.10029262517311453,0.9956624605678234,0.0007886435331230284,0.0
ood_exposure,LOG_TRAIN_P50,0.97,0.02,0.97,0.02,2536,9,0.003548895899053628,1,0.1111111111111111,0.13459727790045214,0.1133283653048257,0.10029262517311453,0.9956624605678234,0.0007886435331230284,0.0
ood_exposure,LOG_TRAIN_P50,0.97,0.02,0.97,0.05,2536,9,0.003548895899053628,1,0.1111111111111111,0.13459727790045214,0.1133283653048257,0.09959861886396626,0.98698738170347,0.00946372239747634,0.0
ood_exposure,LOG_TRAIN_P50,0.97,0.02,0.97,0.1,2536,9,0.003548895899053628,1,0.1111111111111111,0.13459727790045214,0.1133283653048257,0.09959861886396626,0.98698738170347,0.00946372239747634,0.0
ood_exposure,LOG_TRAIN_P50,0.97,0.02,0.99,0.01,2536,9,0.003548895899053628,1,0.1111111111111111,0.13459727790045214,0.1133283653048257,0.10029262517311453,0.9956624605678234,0.0007886435331230284,0.0
ood_exposure,LOG_TRAIN_P50,0.97,0.02,0.99,0.02,2536,9,0.003548895899053628,1,0.1111111111111111,0.13459727790045214,0.1133283653048257,0.10029262517311453,0.9956624605678234,0.0007886435331230284,0.0
ood_exposure,LOG_TRAIN_P50,0.97,0.02,0.99,0.05,2536,9,0.003548895899053628,1,0.1111111111111111,0.13459727790045214,0.1133283653048257,0.10029262517311453,0.9956624605678234,0.0007886435331230284,0.0
ood_exposure,LOG_TRAIN_P50,0.97,0.02,0.99,0.1,2536,9,0.003548895899053628,1,0.1111111111111111,0.13459727790045214,0.1133283653048257,0.10029262517311453,0.9956624605678234,0.0007886435331230284,0.0
ood_exposure,LOG_TRAIN_P50,0.97,0.05,0.9,0.01,2536,19,0.00749211356466877,5,0.2631578947368421,0.3424090896201,0.2698209907572308,0.10279980106919091,0.9917192429022083,0.0007886435331230284,0.0
ood_exposure,LOG_TRAIN_P50,0.97,0.05,0.9,0.02,2536,19,0.00749211356466877,5,0.2631578947368421,0.3424090896201,0.2698209907572308,0.10279980106919091,0.9917192429022083,0.0007886435331230284,0.0
ood_exposure,LOG_TRAIN_P50,0.97,0.05,0.9,0.05,2536,19,0.00749211356466877,5,0.2631578947368421,0.3424090896201,0.2698209907572308,0.10210579476004264,0.9830441640378549,0.00946372239747634,0.0
ood_exposure,LOG_TRAIN_P50,0.97,0.05,0.9,0.1,2536,19,0.00749211356466877,5,0.2631578947368421,0.3424090896201,0.2698209907572308,0.10084396510704581,0.9672712933753943,0.025236593059936908,0.0
ood_exposure,LOG_TRAIN_P50,0.97,0.05,0.95,0.01,2536,19,0.00749211356466877,5,0.2631578947368421,0.3424090896201,0.2698209907572308,0.10279980106919091,0.9917192429022083,0.0007886435331230284,0.0
ood_exposure,LOG_TRAIN_P50,0.97,0.05,0.95,0.02,2536,19,0.00749211356466877,5,0.2631578947368421,0.3424090896201,0.2698209907572308,0.10279980106919091,0.9917192429022083,0.0007886435331230284,0.0
ood_exposure,LOG_TRAIN_P50,0.97,0.05,0.95,0.05,2536,19,0.00749211356466877,5,0.2631578947368421,0.3424090896201,0.2698209907572308,0.10210579476004264,0.9830441640378549,0.00946372239747634,0.0
ood_exposure,LOG_TRAIN_P50,0.97,0.05,0.95,0.1,2536,19,0.00749211356466877,5,0.2631578947368421,0.3424090896201,0.2698209907572308,0.10084396510704581,0.9672712933753943,0.025236593059936908,0.0
ood_exposure,LOG_TRAIN_P50,0.97,0.05,0.97,0.01,2536,19,0.00749211356466877,5,0.2631578947368421,0.3424090896201,0.2698209907572308,0.10279980106919091,0.9917192429022083,0.0007886435331230284,0.0
ood_exposure,LOG_TRAIN_P50,0.97,0.05,0.97,0.02,2536,19,0.00749211356466877,5,0.2631578947368421,0.3424090896201,0.2698209907572308,0.10279980106919091,0.9917192429022083,0.0007886435331230284,0.0
ood_exposure,LOG_TRAIN_P50,0.97,0.05,0.97,0.05,2536,19,0.00749211356466877,5,0.2631578947368421,0.3424090896201,0.2698209907572308,0.10210579476004264,0.9830441640378549,0.00946372239747634,0.0
ood_exposure,LOG_TRAIN_P50,0.97,0.05,0.97,0.1,2536,19,0.00749211356466877,5,0.2631578947368421,0.3424090896201,0.2698209907572308,0.10210579476004264,0.9830441640378549,0.00946372239747634,0.0
ood_exposure,LOG_TRAIN_P50,0.97,0.05,0.99,0.01,2536,19,0.00749211356466877,5,0.2631578947368421,0.3424090896201,0.2698209907572308,0.10279980106919091,0.9917192429022083,0.0007886435331230284,0.0
ood_exposure,LOG_TRAIN_P50,0.97,0.05,0.99,0.02,2536,19,0.00749211356466877,5,0.2631578947368421,0.3424090896201,0.2698209907572308,0.10279980106919091,0.9917192429022083,0.0007886435331230284,0.0
ood_exposure,LOG_TRAIN_P50,0.97,0.05,0.99,0.05,2536,19,0.00749211356466877,5,0.2631578947368421,0.3424090896201,0.2698209907572308,0.10279980106919091,0.9917192429022083,0.0007886435331230284,0.0
ood_exposure,LOG_TRAIN_P50,0.97,0.05,0.99,0.1,2536,19,0.00749211356466877,5,0.2631578947368421,0.3424090896201,0.2698209907572308,0.10279980106919091,0.9917192429022083,0.0007886435331230284,0.0
ood_exposure,LOG_TRAIN_P50,0.97,0.1,0.9,0.01,2536,23,0.009069400630914827,5,0.21739130434782608,0.2962075994110268,0.22382155497408593,0.10264207236256631,0.9901419558359621,0.0007886435331230284,0.0
ood_exposure,LOG_TRAIN_P50,0.97,0.1,0.9,0.02,2536,23,0.009069400630914827,5,0.21739130434782608,0.2962075994110268,0.22382155497408593,0.10264207236256631,0.9901419558359621,0.0007886435331230284,0.0
ood_exposure,LOG_TRAIN_P50,0.97,0.1,0.9,0.05,2536,23,0.009069400630914827,5,0.21739130434782608,0.2962075994110268,0.22382155497408593,0.10194806605341805,0.9814668769716088,0.00946372239747634,0.0
ood_exposure,LOG_TRAIN_P50,0.97,0.1,0.9,0.1,2536,23,0.009069400630914827,5,0.21739130434782608,0.2962075994110268,0.22382155497408593,0.1006862364004212,0.9656940063091483,0.025236593059936908,0.0
ood_exposure,LOG_TRAIN_P50,0.97,0.1,0.95,0.01,2536,23,0.009069400630914827,5,0.21739130434782608,0.2962075994110268,0.22382155497408593,0.10264207236256631,0.9901419558359621,0.0007886435331230284,0.0
ood_exposure,LOG_TRAIN_P50,0.97,0.1,0.95,0.02,2536,23,0.009069400630914827,5,0.21739130434782608,0.2962075994110268,0.22382155497408593,0.10264207236256631,0.9901419558359621,0.0007886435331230284,0.0
ood_exposure,LOG_TRAIN_P50,0.97,0.1,0.95,0.05,2536,23,0.009069400630914827,5,0.21739130434782608,0.2962075994110268,0.22382155497408593,0.10194806605341805,0.9814668769716088,0.00946372239747634,0.0
ood_exposure,LOG_TRAIN_P50,0.97,0.1,0.95,0.1,2536,23,0.009069400630914827,5,0.21739130434782608,0.2962075994110268,0.22382155497408593,0.1006862364004212,0.9656940063091483,0.025236593059936908,0.0
ood_exposure,LOG_TRAIN_P50,0.97,0.1,0.97,0.01,2536,23,0.009069400630914827,5,0.21739130434782608,0.2962075994110268,0.22382155497408593,0.10264207236256631,0.9901419558359621,0.0007886435331230284,0.0
ood_exposure,LOG_TRAIN_P50,0.97,0.1,0.97,0.02,2536,23,0.009069400630914827,5,0.21739130434782608,0.2962075994110268,0.22382155497408593,0.10264207236256631,0.9901419558359621,0.0007886435331230284,0.0
ood_exposure,LOG_TRAIN_P50,0.97,0.1,0.97,0.05,2536,23,0.009069400630914827,5,0.21739130434782608,0.2962075994110268,0.22382155497408593,0.10194806605341805,0.9814668769716088,0.00946372239747634,0.0
ood_exposure,LOG_TRAIN_P50,0.97,0.1,0.97,0.1,2536,23,0.009069400630914827,5,0.21739130434782608,0.2962075994110268,0.22382155497408593,0.10194806605341805,0.9814668769716088,0.00946372239747634,0.0
ood_exposure,LOG_TRAIN_P50,0.97,0.1,0.99,0.01,2536,23,0.009069400630914827,5,0.21739130434782608,0.2962075994110268,0.22382155497408593,0.10264207236256631,0.9901419558359621,0.0007886435331230284,0.0
ood_exposure,LOG_TRAIN_P50,0.97,0.1,0.99,0.02,2536,23,0.009069400630914827,5,0.21739130434782608,0.2962075994110268,0.22382155497408593,0.10264207236256631,0.9901419558359621,0.0007886435331230284,0.0
ood_exposure,LOG_TRAIN_P50,0.97,0.1,0.99,0.05,2536,23,0.009069400630914827,5,0.21739130434782608,0.2962075994110268,0.22382155497408593,0.10264207236256631,0.9901419558359621,0.0007886435331230284,0.0
ood_exposure,LOG_TRAIN_P50,0.97,0.1,0.99,0.1,2536,23,0.009069400630914827,5,0.21739130434782608,0.2962075994110268,0.22382155497408593,0.10264207236256631,0.9901419558359621,0.0007886435331230284,0.0
ood_exposure,LOG_TRAIN_P50,0.97,0.2,0.9,0.01,2536,23,0.009069400630914827,5,0.21739130434782608,0.2962075994110268,0.22382155497408593,0.10264207236256631,0.9901419558359621,0.0007886435331230284,0.0
ood_exposure,LOG_TRAIN_P50,0.97,0.2,0.9,0.02,2536,23,0.009069400630914827,5,0.21739130434782608,0.2962075994110268,0.22382155497408593,0.10264207236256631,0.9901419558359621,0.0007886435331230284,0.0
ood_exposure,LOG_TRAIN_P50,0.97,0.2,0.9,0.05,2536,23,0.009069400630914827,5,0.21739130434782608,0.2962075994110268,0.22382155497408593,0.10194806605341805,0.9814668769716088,0.00946372239747634,0.0
ood_exposure,LOG_TRAIN_P50,0.97,0.2,0.9,0.1,2536,23,0.009069400630914827,5,0.21739130434782608,0.2962075994110268,0.22382155497408593,0.1006862364004212,0.9656940063091483,0.025236593059936908,0.0
ood_exposure,LOG_TRAIN_P50,0.97,0.2,0.95,0.01,2536,23,0.009069400630914827,5,0.21739130434782608,0.2962075994110268,0.22382155497408593,0.10264207236256631,0.9901419558359621,0.0007886435331230284,0.0
ood_exposure,LOG_TRAIN_P50,0.97,0.2,0.95,0.02,2536,23,0.009069400630914827,5,0.21739130434782608,0.2962075994110268,0.22382155497408593,0.10264207236256631,0.9901419558359621,0.0007886435331230284,0.0
ood_exposure,LOG_TRAIN_P50,0.97,0.2,0.95,0.05,2536,23,0.009069400630914827,5,0.21739130434782608,0.2962075994110268,0.22382155497408593,0.10194806605341805,0.9814668769716088,0.00946372239747634,0.0
ood_exposure,LOG_TRAIN_P50,0.97,0.2,0.95,0.1,2536,23,0.009069400630914827,5,0.21739130434782608,0.2962075994110268,0.22382155497408593,0.1006862364004212,0.9656940063091483,0.025236593059936908,0.0
ood_exposure,LOG_TRAIN_P50,0.97,0.2,0.97,0.01,2536,23,0.009069400630914827,5,0.21739130434782608,0.2962075994110268,0.22382155497408593,0.10264207236256631,0.9901419558359621,0.0007886435331230284,0.0
ood_exposure,LOG_TRAIN_P50,0.97,0.2,0.97,0.02,2536,23,0.009069400630914827,5,0.21739130434782608,0.2962075994110268,0.22382155497408593,0.10264207236256631,0.9901419558359621,0.0007886435331230284,0.0
ood_exposure,LOG_TRAIN_P50,0.97,0.2,0.97,0.05,2536,23,0.009069400630914827,5,0.21739130434782608,0.2962075994110268,0.22382155497408593,0.10194806605341805,0.9814668769716088,0.00946372239747634,0.0
ood_exposure,LOG_TRAIN_P50,0.97,0.2,0.97,0.1,2536,23,0.009069400630914827,5,0.21739130434782608,0.2962075994110268,0.22382155497408593,0.10194806605341805,0.9814668769716088,0.00946372239747634,0.0
ood_exposure,LOG_TRAIN_P50,0.97,0.2,0.99,0.01,2536,23,0.009069400630914827,5,0.21739130434782608,0.2962075994110268,0.22382155497408593,0.10264207236256631,0.9901419558359621,0.0007886435331230284,0.0
ood_exposure,LOG_TRAIN_P50,0.97,0.2,0.99,0.02,2536,23,0.009069400630914827,5,0.21739130434782608,0.2962075994110268,0.22382155497408593,0.10264207236256631,0.9901419558359621,0.0007886435331230284,0.0
ood_exposure,LOG_TRAIN_P50,0.97,0.2,0.99,0.05,2536,23,0.009069400630914827,5,0.21739130434782608,0.2962075994110268,0.22382155497408593,0.10264207236256631,0.9901419558359621,0.0007886435331230284,0.0
ood_exposure,LOG_TRAIN_P50,0.97,0.2,0.99,0.1,2536,23,0.009069400630914827,5,0.21739130434782608,0.2962075994110268,0.22382155497408593,0.10264207236256631,0.9901419558359621,0.0007886435331230284,0.0
ood_exposure,LOG_TRAIN_P50,0.99,0.01,0.9,0.01,2536,8,0.0031545741324921135,1,0.125,0.1565625188598531,0.12787275472688395,0.10033205734977069,0.9960567823343849,0.0007886435331230284,0.0
ood_exposure,LOG_TRAIN_P50,0.99,0.01,0.9,0.02,2536,8,0.0031545741324921135,1,0.125,0.1565625188598531,0.12787275472688395,0.10033205734977069,0.9960567823343849,0.0007886435331230284,0.0
ood_exposure,LOG_TRAIN_P50,0.99,0.01,0.9,0.05,2536,8,0.0031545741324921135,1,0.125,0.1565625188598531,0.12787275472688395,0.09963805104062241,0.9873817034700315,0.00946372239747634,0.0
ood_exposure,LOG_TRAIN_P50,0.99,0.01,0.9,0.1,2536,8,0.0031545741324921135,1,0.125,0.1565625188598531,0.12787275472688395,0.09837622138762557,0.9716088328075709,0.025236593059936908,0.0
ood_exposure,LOG_TRAIN_P50,0.99,0.01,0.95,0.01,2536,8,0.0031545741324921135,1,0.125,0.1565625188598531,0.12787275472688395,0.10033205734977069,0.9960567823343849,0.0007886435331230284,0.0
ood_exposure,LOG_TRAIN_P50,0.99,0.01,0.95,0.02,2536,8,0.0031545741324921135,1,0.125,0.1565625188598531,0.12787275472688395,0.10033205734977069,0.9960567823343849,0.0007886435331230284,0.0
ood_exposure,LOG_TRAIN_P50,0.99,0.01,0.95,0.05,2536,8,0.0031545741324921135,1,0.125,0.1565625188598531,0.12787275472688395,0.09963805104062241,0.9873817034700315,0.00946372239747634,0.0
ood_exposure,LOG_TRAIN_P50,0.99,0.01,0.95,0.1,2536,8,0.0031545741324921135,1,0.125,0.1565625188598531,0.12787275472688395,0.09837622138762557,0.9716088328075709,0.025236593059936908,0.0
ood_exposure,LOG_TRAIN_P50,0.99,0.01,0.97,0.01,2536,8,0.0031545741324921135,1,0.125,0.1565625188598531,0.12787275472688395,0.10033205734977069,0.9960567823343849,0.0007886435331230284,0.0
ood_exposure,LOG_TRAIN_P50,0.99,0.01,0.97,0.02,2536,8,0.0031545741324921135,1,0.125,0.1565625188598531,0.12787275472688395,0.10033205734977069,0.9960567823343849,0.0007886435331230284,0.0
ood_exposure,LOG_TRAIN_P50,0.99,0.01,0.97,0.05,2536,8,0.0031545741324921135,1,0.125,0.1565625188598531,0.12787275472688395,0.09963805104062241,0.9873817034700315,0.00946372239747634,0.0
ood_exposure,LOG_TRAIN_P50,0.99,0.01,0.97,0.1,2536,8,0.0031545741324921135,1,0.125,0.1565625188598531,0.12787275472688395,0.09963805104062241,0.9873817034700315,0.00946372239747634,0.0
ood_exposure,LOG_TRAIN_P50,0.99,0.01,0.99,0.01,2536,8,0.0031545741324921135,1,0.125,0.1565625188598531,0.12787275472688395,0.10033205734977069,0.9960567823343849,0.0007886435331230284,0.0
ood_exposure,LOG_TRAIN_P50,0.99,0.01,0.99,0.02,2536,8,0.0031545741324921135,1,0.125,0.1565625188598531,0.12787275472688395,0.10033205734977069,0.9960567823343849,0.0007886435331230284,0.0
ood_exposure,LOG_TRAIN_P50,0.99,0.01,0.99,0.05,2536,8,0.0031545741324921135,1,0.125,0.1565625188598531,0.12787275472688395,0.10033205734977069,0.9960567823343849,0.0007886435331230284,0.0
ood_exposure,LOG_TRAIN_P50,0.99,0.01,0.99,0.1,2536,8,0.0031545741324921135,1,0.125,0.1565625188598531,0.12787275472688395,0.10033205734977069,0.9960567823343849,0.0007886435331230284,0.0
ood_exposure,LOG_TRAIN_P50,0.99,0.02,0.9,0.01,2536,9,0.003548895899053628,1,0.1111111111111111,0.13459727790045214,0.1133283653048257,0.10029262517311453,0.9956624605678234,0.0007886435331230284,0.0
ood_exposure,LOG_TRAIN_P50,0.99,0.02,0.9,0.02,2536,9,0.003548895899053628,1,0.1111111111111111,0.13459727790045214,0.1133283653048257,0.10029262517311453,0.9956624605678234,0.0007886435331230284,0.0
ood_exposure,LOG_TRAIN_P50,0.99,0.02,0.9,0.05,2536,9,0.003548895899053628,1,0.1111111111111111,0.13459727790045214,0.1133283653048257,0.09959861886396626,0.98698738170347,0.00946372239747634,0.0
ood_exposure,LOG_TRAIN_P50,0.99,0.02,0.9,0.1,2536,9,0.003548895899053628,1,0.1111111111111111,0.13459727790045214,0.1133283653048257,0.09833678921096942,0.9712145110410094,0.025236593059936908,0.0
ood_exposure,LOG_TRAIN_P50,0.99,0.02,0.95,0.01,2536,9,0.003548895899053628,1,0.1111111111111111,0.13459727790045214,0.1133283653048257,0.10029262517311453,0.9956624605678234,0.0007886435331230284,0.0
ood_exposure,LOG_TRAIN_P50,0.99,0.02,0.95,0.02,2536,9,0.003548895899053628,1,0.1111111111111111,0.13459727790045214,0.1133283653048257,0.10029262517311453,0.9956624605678234,0.0007886435331230284,0.0
ood_exposure,LOG_TRAIN_P50,0.99,0.02,0.95,0.05,2536,9,0.003548895899053628,1,0.1111111111111111,0.13459727790045214,0.1133283653048257,0.09959861886396626,0.98698738170347,0.00946372239747634,0.0
ood_exposure,LOG_TRAIN_P50,0.99,0.02,0.95,0.1,2536,9,0.003548895899053628,1,0.1111111111111111,0.13459727790045214,0.1133283653048257,0.09833678921096942,0.9712145110410094,0.025236593059936908,0.0
ood_exposure,LOG_TRAIN_P50,0.99,0.02,0.97,0.01,2536,9,0.003548895899053628,1,0.1111111111111111,0.13459727790045214,0.1133283653048257,0.10029262517311453,0.9956624605678234,0.0007886435331230284,0.0
ood_exposure,LOG_TRAIN_P50,0.99,0.02,0.97,0.02,2536,9,0.003548895899053628,1,0.1111111111111111,0.13459727790045214,0.1133283653048257,0.10029262517311453,0.9956624605678234,0.0007886435331230284,0.0
ood_exposure,LOG_TRAIN_P50,0.99,0.02,0.97,0.05,2536,9,0.003548895899053628,1,0.1111111111111111,0.13459727790045214,0.1133283653048257,0.09959861886396626,0.98698738170347,0.00946372239747634,0.0
ood_exposure,LOG_TRAIN_P50,0.99,0.02,0.97,0.1,2536,9,0.003548895899053628,1,0.1111111111111111,0.13459727790045214,0.1133283653048257,0.09959861886396626,0.98698738170347,0.00946372239747634,0.0
ood_exposure,LOG_TRAIN_P50,0.99,0.02,0.99,0.01,2536,9,0.003548895899053628,1,0.1111111111111111,0.13459727790045214,0.1133283653048257,0.10029262517311453,0.9956624605678234,0.0007886435331230284,0.0
ood_exposure,LOG_TRAIN_P50,0.99,0.02,0.99,0.02,2536,9,0.003548895899053628,1,0.1111111111111111,0.13459727790045214,0.1133283653048257,0.10029262517311453,0.9956624605678234,0.0007886435331230284,0.0
ood_exposure,LOG_TRAIN_P50,0.99,0.02,0.99,0.05,2536,9,0.003548895899053628,1,0.1111111111111111,0.13459727790045214,0.1133283653048257,0.10029262517311453,0.9956624605678234,0.0007886435331230284,0.0
ood_exposure,LOG_TRAIN_P50,0.99,0.02,0.99,0.1,2536,9,0.003548895899053628,1,0.1111111111111111,0.13459727790045214,0.1133283653048257,0.10029262517311453,0.9956624605678234,0.0007886435331230284,0.0
ood_exposure,LOG_TRAIN_P50,0.99,0.05,0.9,0.01,2536,9,0.003548895899053628,1,0.1111111111111111,0.13459727790045214,0.1133283653048257,0.10029262517311453,0.9956624605678234,0.0007886435331230284,0.0
ood_exposure,LOG_TRAIN_P50,0.99,0.05,0.9,0.02,2536,9,0.003548895899053628,1,0.1111111111111111,0.13459727790045214,0.1133283653048257,0.10029262517311453,0.9956624605678234,0.0007886435331230284,0.0
ood_exposure,LOG_TRAIN_P50,0.99,0.05,0.9,0.05,2536,9,0.003548895899053628,1,0.1111111111111111,0.13459727790045214,0.1133283653048257,0.09959861886396626,0.98698738170347,0.00946372239747634,0.0
ood_exposure,LOG_TRAIN_P50,0.99,0.05,0.9,0.1,2536,9,0.003548895899053628,1,0.1111111111111111,0.13459727790045214,0.1133283653048257,0.09833678921096942,0.9712145110410094,0.025236593059936908,0.0
ood_exposure,LOG_TRAIN_P50,0.99,0.05,0.95,0.01,2536,9,0.003548895899053628,1,0.1111111111111111,0.13459727790045214,0.1133283653048257,0.10029262517311453,0.9956624605678234,0.0007886435331230284,0.0
ood_exposure,LOG_TRAIN_P50,0.99,0.05,0.95,0.02,2536,9,0.003548895899053628,1,0.1111111111111111,0.13459727790045214,0.1133283653048257,0.10029262517311453,0.9956624605678234,0.0007886435331230284,0.0
ood_exposure,LOG_TRAIN_P50,0.99,0.05,0.95,0.05,2536,9,0.003548895899053628,1,0.1111111111111111,0.13459727790045214,0.1133283653048257,0.09959861886396626,0.98698738170347,0.00946372239747634,0.0
ood_exposure,LOG_TRAIN_P50,0.99,0.05,0.95,0.1,2536,9,0.003548895899053628,1,0.1111111111111111,0.13459727790045214,0.1133283653048257,0.09833678921096942,0.9712145110410094,0.025236593059936908,0.0
ood_exposure,LOG_TRAIN_P50,0.99,0.05,0.97,0.01,2536,9,0.003548895899053628,1,0.1111111111111111,0.13459727790045214,0.1133283653048257,0.10029262517311453,0.9956624605678234,0.0007886435331230284,0.0
ood_exposure,LOG_TRAIN_P50,0.99,0.05,0.97,0.02,2536,9,0.003548895899053628,1,0.1111111111111111,0.13459727790045214,0.1133283653048257,0.10029262517311453,0.9956624605678234,0.0007886435331230284,0.0
ood_exposure,LOG_TRAIN_P50,0.99,0.05,0.97,0.05,2536,9,0.003548895899053628,1,0.1111111111111111,0.13459727790045214,0.1133283653048257,0.09959861886396626,0.98698738170347,0.00946372239747634,0.0
ood_exposure,LOG_TRAIN_P50,0.99,0.05,0.97,0.1,2536,9,0.003548895899053628,1,0.1111111111111111,0.13459727790045214,0.1133283653048257,0.09959861886396626,0.98698738170347,0.00946372239747634,0.0
ood_exposure,LOG_TRAIN_P50,0.99,0.05,0.99,0.01,2536,9,0.003548895899053628,1,0.1111111111111111,0.13459727790045214,0.1133283653048257,0.10029262517311453,0.9956624605678234,0.0007886435331230284,0.0
ood_exposure,LOG_TRAIN_P50,0.99,0.05,0.99,0.02,2536,9,0.003548895899053628,1,0.1111111111111111,0.13459727790045214,0.1133283653048257,0.10029262517311453,0.9956624605678234,0.0007886435331230284,0.0
ood_exposure,LOG_TRAIN_P50,0.99,0.05,0.99,0.05,2536,9,0.003548895899053628,1,0.1111111111111111,0.13459727790045214,0.1133283653048257,0.10029262517311453,0.9956624605678234,0.0007886435331230284,0.0
ood_exposure,LOG_TRAIN_P50,0.99,0.05,0.99,0.1,2536,9,0.003548895899053628,1,0.1111111111111111,0.13459727790045214,0.1133283653048257,0.10029262517311453,0.9956624605678234,0.0007886435331230284,0.0
ood_exposure,LOG_TRAIN_P50,0.99,0.1,0.9,0.01,2536,9,0.003548895899053628,1,0.1111111111111111,0.13459727790045214,0.1133283653048257,0.10029262517311453,0.9956624605678234,0.0007886435331230284,0.0
ood_exposure,LOG_TRAIN_P50,0.99,0.1,0.9,0.02,2536,9,0.003548895899053628,1,0.1111111111111111,0.13459727790045214,0.1133283653048257,0.10029262517311453,0.9956624605678234,0.0007886435331230284,0.0
ood_exposure,LOG_TRAIN_P50,0.99,0.1,0.9,0.05,2536,9,0.003548895899053628,1,0.1111111111111111,0.13459727790045214,0.1133283653048257,0.09959861886396626,0.98698738170347,0.00946372239747634,0.0
ood_exposure,LOG_TRAIN_P50,0.99,0.1,0.9,0.1,2536,9,0.003548895899053628,1,0.1111111111111111,0.13459727790045214,0.1133283653048257,0.09833678921096942,0.9712145110410094,0.025236593059936908,0.0
ood_exposure,LOG_TRAIN_P50,0.99,0.1,0.95,0.01,2536,9,0.003548895899053628,1,0.1111111111111111,0.13459727790045214,0.1133283653048257,0.10029262517311453,0.9956624605678234,0.0007886435331230284,0.0
ood_exposure,LOG_TRAIN_P50,0.99,0.1,0.95,0.02,2536,9,0.003548895899053628,1,0.1111111111111111,0.13459727790045214,0.1133283653048257,0.10029262517311453,0.9956624605678234,0.0007886435331230284,0.0
ood_exposure,LOG_TRAIN_P50,0.99,0.1,0.95,0.05,2536,9,0.003548895899053628,1,0.1111111111111111,0.13459727790045214,0.1133283653048257,0.09959861886396626,0.98698738170347,0.00946372239747634,0.0
ood_exposure,LOG_TRAIN_P50,0.99,0.1,0.95,0.1,2536,9,0.003548895899053628,1,0.1111111111111111,0.13459727790045214,0.1133283653048257,0.09833678921096942,0.9712145110410094,0.025236593059936908,0.0
ood_exposure,LOG_TRAIN_P50,0.99,0.1,0.97,0.01,2536,9,0.003548895899053628,1,0.1111111111111111,0.13459727790045214,0.1133283653048257,0.10029262517311453,0.9956624605678234,0.0007886435331230284,0.0
ood_exposure,LOG_TRAIN_P50,0.99,0.1,0.97,0.02,2536,9,0.003548895899053628,1,0.1111111111111111,0.13459727790045214,0.1133283653048257,0.10029262517311453,0.9956624605678234,0.0007886435331230284,0.0
ood_exposure,LOG_TRAIN_P50,0.99,0.1,0.97,0.05,2536,9,0.003548895899053628,1,0.1111111111111111,0.13459727790045214,0.1133283653048257,0.09959861886396626,0.98698738170347,0.00946372239747634,0.0
ood_exposure,LOG_TRAIN_P50,0.99,0.1,0.97,0.1,2536,9,0.003548895899053628,1,0.1111111111111111,0.13459727790045214,0.1133283653048257,0.09959861886396626,0.98698738170347,0.00946372239747634,0.0
ood_exposure,LOG_TRAIN_P50,0.99,0.1,0.99,0.01,2536,9,0.003548895899053628,1,0.1111111111111111,0.13459727790045214,0.1133283653048257,0.10029262517311453,0.9956624605678234,0.0007886435331230284,0.0
ood_exposure,LOG_TRAIN_P50,0.99,0.1,0.99,0.02,2536,9,0.003548895899053628,1,0.1111111111111111,0.13459727790045214,0.1133283653048257,0.10029262517311453,0.9956624605678234,0.0007886435331230284,0.0
ood_exposure,LOG_TRAIN_P50,0.99,0.1,0.99,0.05,2536,9,0.003548895899053628,1,0.1111111111111111,0.13459727790045214,0.1133283653048257,0.10029262517311453,0.9956624605678234,0.0007886435331230284,0.0
ood_exposure,LOG_TRAIN_P50,0.99,0.1,0.99,0.1,2536,9,0.003548895899053628,1,0.1111111111111111,0.13459727790045214,0.1133283653048257,0.10029262517311453,0.9956624605678234,0.0007886435331230284,0.0
ood_exposure,LOG_TRAIN_P50,0.99,0.2,0.9,0.01,2536,9,0.003548895899053628,1,0.1111111111111111,0.13459727790045214,0.1133283653048257,0.10029262517311453,0.9956624605678234,0.0007886435331230284,0.0
ood_exposure,LOG_TRAIN_P50,0.99,0.2,0.9,0.02,2536,9,0.003548895899053628,1,0.1111111111111111,0.13459727790045214,0.1133283653048257,0.10029262517311453,0.9956624605678234,0.0007886435331230284,0.0
ood_exposure,LOG_TRAIN_P50,0.99,0.2,0.9,0.05,2536,9,0.003548895899053628,1,0.1111111111111111,0.13459727790045214,0.1133283653048257,0.09959861886396626,0.98698738170347,0.00946372239747634,0.0
ood_exposure,LOG_TRAIN_P50,0.99,0.2,0.9,0.1,2536,9,0.003548895899053628,1,0.1111111111111111,0.13459727790045214,0.1133283653048257,0.09833678921096942,0.9712145110410094,0.025236593059936908,0.0
ood_exposure,LOG_TRAIN_P50,0.99,0.2,0.95,0.01,2536,9,0.003548895899053628,1,0.1111111111111111,0.13459727790045214,0.1133283653048257,0.10029262517311453,0.9956624605678234,0.0007886435331230284,0.0
ood_exposure,LOG_TRAIN_P50,0.99,0.2,0.95,0.02,2536,9,0.003548895899053628,1,0.1111111111111111,0.13459727790045214,0.1133283653048257,0.10029262517311453,0.9956624605678234,0.0007886435331230284,0.0
ood_exposure,LOG_TRAIN_P50,0.99,0.2,0.95,0.05,2536,9,0.003548895899053628,1,0.1111111111111111,0.13459727790045214,0.1133283653048257,0.09959861886396626,0.98698738170347,0.00946372239747634,0.0
ood_exposure,LOG_TRAIN_P50,0.99,0.2,0.95,0.1,2536,9,0.003548895899053628,1,0.1111111111111111,0.13459727790045214,0.1133283653048257,0.09833678921096942,0.9712145110410094,0.025236593059936908,0.0
ood_exposure,LOG_TRAIN_P50,0.99,0.2,0.97,0.01,2536,9,0.003548895899053628,1,0.1111111111111111,0.13459727790045214,0.1133283653048257,0.10029262517311453,0.9956624605678234,0.0007886435331230284,0.0
ood_exposure,LOG_TRAIN_P50,0.99,0.2,0.97,0.02,2536,9,0.003548895899053628,1,0.1111111111111111,0.13459727790045214,0.1133283653048257,0.10029262517311453,0.9956624605678234,0.0007886435331230284,0.0
ood_exposure,LOG_TRAIN_P50,0.99,0.2,0.97,0.05,2536,9,0.003548895899053628,1,0.1111111111111111,0.13459727790045214,0.1133283653048257,0.09959861886396626,0.98698738170347,0.00946372239747634,0.0
ood_exposure,LOG_TRAIN_P50,0.99,0.2,0.97,0.1,2536,9,0.003548895899053628,1,0.1111111111111111,0.13459727790045214,0.1133283653048257,0.09959861886396626,0.98698738170347,0.00946372239747634,0.0
ood_exposure,LOG_TRAIN_P50,0.99,0.2,0.99,0.01,2536,9,0.003548895899053628,1,0.1111111111111111,0.13459727790045214,0.1133283653048257,0.10029262517311453,0.9956624605678234,0.0007886435331230284,0.0
ood_exposure,LOG_TRAIN_P50,0.99,0.2,0.99,0.02,2536,9,0.003548895899053628,1,0.1111111111111111,0.13459727790045214,0.1133283653048257,0.10029262517311453,0.9956624605678234,0.0007886435331230284,0.0
ood_exposure,LOG_TRAIN_P50,0.99,0.2,0.99,0.05,2536,9,0.003548895899053628,1,0.1111111111111111,0.13459727790045214,0.1133283653048257,0.10029262517311453,0.9956624605678234,0.0007886435331230284,0.0
ood_exposure,LOG_TRAIN_P50,0.99,0.2,0.99,0.1,2536,9,0.003548895899053628,1,0.1111111111111111,0.13459727790045214,0.1133283653048257,0.10029262517311453,0.9956624605678234,0.0007886435331230284,0.0
ood_exposure,LOG_TRAIN_P99,0.9,0.01,0.9,0.01,2536,8,0.0031545741324921135,1,0.125,0.1565625188598531,0.12787275472688395,0.10004558387240918,0.9960567823343849,0.0007886435331230284,0.0
ood_exposure,LOG_TRAIN_P99,0.9,0.01,0.9,0.02,2536,8,0.0031545741324921135,1,0.125,0.1565625188598531,0.12787275472688395,0.10004558387240918,0.9960567823343849,0.0007886435331230284,0.0
ood_exposure,LOG_TRAIN_P99,0.9,0.01,0.9,0.05,2536,8,0.0031545741324921135,1,0.125,0.1565625188598531,0.12787275472688395,0.09808974791026406,0.9716088328075709,0.025236593059936908,0.0
ood_exposure,LOG_TRAIN_P99,0.9,0.01,0.9,0.1,2536,8,0.0031545741324921135,1,0.125,0.1565625188598531,0.12787275472688395,0.09780583623833979,0.9680599369085173,0.028785488958990538,0.0
ood_exposure,LOG_TRAIN_P99,0.9,0.01,0.95,0.01,2536,8,0.0031545741324921135,1,0.125,0.1565625188598531,0.12787275472688395,0.10004558387240918,0.9960567823343849,0.0007886435331230284,0.0
ood_exposure,LOG_TRAIN_P99,0.9,0.01,0.95,0.02,2536,8,0.0031545741324921135,1,0.125,0.1565625188598531,0.12787275472688395,0.10004558387240918,0.9960567823343849,0.0007886435331230284,0.0
ood_exposure,LOG_TRAIN_P99,0.9,0.01,0.95,0.05,2536,8,0.0031545741324921135,1,0.125,0.1565625188598531,0.12787275472688395,0.09808974791026406,0.9716088328075709,0.025236593059936908,0.0
ood_exposure,LOG_TRAIN_P99,0.9,0.01,0.95,0.1,2536,8,0.0031545741324921135,1,0.125,0.1565625188598531,0.12787275472688395,0.09808974791026406,0.9716088328075709,0.025236593059936908,0.0
ood_exposure,LOG_TRAIN_P99,0.9,0.01,0.97,0.01,2536,8,0.0031545741324921135,1,0.125,0.1565625188598531,0.12787275472688395,0.10004558387240918,0.9960567823343849,0.0007886435331230284,0.0
ood_exposure,LOG_TRAIN_P99,0.9,0.01,0.97,0.02,2536,8,0.0031545741324921135,1,0.125,0.1565625188598531,0.12787275472688395,0.10004558387240918,0.9960567823343849,0.0007886435331230284,0.0
ood_exposure,LOG_TRAIN_P99,0.9,0.01,0.97,0.05,2536,8,0.0031545741324921135,1,0.125,0.1565625188598531,0.12787275472688395,0.0993515775632609,0.9873817034700315,0.00946372239747634,0.0
ood_exposure,LOG_TRAIN_P99,0.9,0.01,0.97,0.1,2536,8,0.0031545741324921135,1,0.125,0.1565625188598531,0.12787275472688395,0.0993515775632609,0.9873817034700315,0.00946372239747634,0.0
ood_exposure,LOG_TRAIN_P99,0.9,0.01,0.99,0.01,2536,8,0.0031545741324921135,1,0.125,0.1565625188598531,0.12787275472688395,0.10004558387240918,0.9960567823343849,0.0007886435331230284,0.0
ood_exposure,LOG_TRAIN_P99,0.9,0.01,0.99,0.02,2536,8,0.0031545741324921135,1,0.125,0.1565625188598531,0.12787275472688395,0.10004558387240918,0.9960567823343849,0.0007886435331230284,0.0
ood_exposure,LOG_TRAIN_P99,0.9,0.01,0.99,0.05,2536,8,0.0031545741324921135,1,0.125,0.1565625188598531,0.12787275472688395,0.10004558387240918,0.9960567823343849,0.0007886435331230284,0.0
ood_exposure,LOG_TRAIN_P99,0.9,0.01,0.99,0.1,2536,8,0.0031545741324921135,1,0.125,0.1565625188598531,0.12787275472688395,0.10004558387240918,0.9960567823343849,0.0007886435331230284,0.0
ood_exposure,LOG_TRAIN_P99,0.9,0.02,0.9,0.01,2536,14,0.005520504731861199,4,0.2857142857142857,0.3493750760740784,0.29143550950349006,0.10109829250003449,0.9936908517350158,0.0007886435331230284,0.0
ood_exposure,LOG_TRAIN_P99,0.9,0.02,0.9,0.02,2536,14,0.005520504731861199,4,0.2857142857142857,0.3493750760740784,0.29143550950349006,0.10109829250003449,0.9936908517350158,0.0007886435331230284,0.0
ood_exposure,LOG_TRAIN_P99,0.9,0.02,0.9,0.05,2536,14,0.005520504731861199,4,0.2857142857142857,0.3493750760740784,0.29143550950349006,0.09914245653788939,0.9692429022082019,0.025236593059936908,0.0
ood_exposure,LOG_TRAIN_P99,0.9,0.02,0.9,0.1,2536,14,0.005520504731861199,4,0.2857142857142857,0.3493750760740784,0.29143550950349006,0.0988585448659651,0.9656940063091483,0.028785488958990538,0.0
ood_exposure,LOG_TRAIN_P99,0.9,0.02,0.95,0.01,2536,14,0.005520504731861199,4,0.2857142857142857,0.3493750760740784,0.29143550950349006,0.10109829250003449,0.9936908517350158,0.0007886435331230284,0.0
ood_exposure,LOG_TRAIN_P99,0.9,0.02,0.95,0.02,2536,14,0.005520504731861199,4,0.2857142857142857,0.3493750760740784,0.29143550950349006,0.10109829250003449,0.9936908517350158,0.0007886435331230284,0.0
ood_exposure,LOG_TRAIN_P99,0.9,0.02,0.95,0.05,2536,14,0.005520504731861199,4,0.2857142857142857,0.3493750760740784,0.29143550950349006,0.09914245653788939,0.9692429022082019,0.025236593059936908,0.0
ood_exposure,LOG_TRAIN_P99,0.9,0.02,0.95,0.1,2536,14,0.005520504731861199,4,0.2857142857142857,0.3493750760740784,0.29143550950349006,0.09914245653788939,0.9692429022082019,0.025236593059936908,0.0
ood_exposure,LOG_TRAIN_P99,0.9,0.02,0.97,0.01,2536,14,0.005520504731861199,4,0.2857142857142857,0.3493750760740784,0.29143550950349006,0.10109829250003449,0.9936908517350158,0.0007886435331230284,0.0
ood_exposure,LOG_TRAIN_P99,0.9,0.02,0.97,0.02,2536,14,0.005520504731861199,4,0.2857142857142857,0.3493750760740784,0.29143550950349006,0.10109829250003449,0.9936908517350158,0.0007886435331230284,0.0
ood_exposure,LOG_TRAIN_P99,0.9,0.02,0.97,0.05,2536,14,0.005520504731861199,4,0.2857142857142857,0.3493750760740784,0.29143550950349006,0.10040428619088625,0.9850157728706624,0.00946372239747634,0.0
ood_exposure,LOG_TRAIN_P99,0.9,0.02,0.97,0.1,2536,14,0.005520504731861199,4,0.2857142857142857,0.3493750760740784,0.29143550950349006,0.10040428619088625,0.9850157728706624,0.00946372239747634,0.0
ood_exposure,LOG_TRAIN_P99,0.9,0.02,0.99,0.01,2536,14,0.005520504731861199,4,0.2857142857142857,0.3493750760740784,0.29143550950349006,0.10109829250003449,0.9936908517350158,0.0007886435331230284,0.0
ood_exposure,LOG_TRAIN_P99,0.9,0.02,0.99,0.02,2536,14,0.005520504731861199,4,0.2857142857142857,0.3493750760740784,0.29143550950349006,0.10109829250003449,0.9936908517350158,0.0007886435331230284,0.0
ood_exposure,LOG_TRAIN_P99,0.9,0.02,0.99,0.05,2536,14,0.005520504731861199,4,0.2857142857142857,0.3493750760740784,0.29143550950349006,0.10109829250003449,0.9936908517350158,0.0007886435331230284,0.0
ood_exposure,LOG_TRAIN_P99,0.9,0.02,0.99,0.1,2536,14,0.005520504731861199,4,0.2857142857142857,0.3493750760740784,0.29143550950349006,0.10109829250003449,0.9936908517350158,0.0007886435331230284,0.0
ood_exposure,LOG_TRAIN_P99,0.9,0.05,0.9,0.01,2536,33,0.013012618296529969,6,0.18181818181818182,0.24698184548772847,0.18675284197502437,0.10119646727428386,0.986198738170347,0.0007886435331230284,0.0
ood_exposure,LOG_TRAIN_P99,0.9,0.05,0.9,0.02,2536,33,0.013012618296529969,6,0.18181818181818182,0.24698184548772847,0.18675284197502437,0.10119646727428386,0.986198738170347,0.0007886435331230284,0.0
ood_exposure,LOG_TRAIN_P99,0.9,0.05,0.9,0.05,2536,33,0.013012618296529969,6,0.18181818181818182,0.24698184548772847,0.18675284197502437,0.09924063131213876,0.9617507886435331,0.025236593059936908,0.0
ood_exposure,LOG_TRAIN_P99,0.9,0.05,0.9,0.1,2536,33,0.013012618296529969,6,0.18181818181818182,0.24698184548772847,0.18675284197502437,0.09895671964021445,0.9582018927444795,0.028785488958990538,0.0
ood_exposure,LOG_TRAIN_P99,0.9,0.05,0.95,0.01,2536,33,0.013012618296529969,6,0.18181818181818182,0.24698184548772847,0.18675284197502437,0.10119646727428386,0.986198738170347,0.0007886435331230284,0.0
ood_exposure,LOG_TRAIN_P99,0.9,0.05,0.95,0.02,2536,33,0.013012618296529969,6,0.18181818181818182,0.24698184548772847,0.18675284197502437,0.10119646727428386,0.986198738170347,0.0007886435331230284,0.0
ood_exposure,LOG_TRAIN_P99,0.9,0.05,0.95,0.05,2536,33,0.013012618296529969,6,0.18181818181818182,0.24698184548772847,0.18675284197502437,0.09924063131213876,0.9617507886435331,0.025236593059936908,0.0
ood_exposure,LOG_TRAIN_P99,0.9,0.05,0.95,0.1,2536,33,0.013012618296529969,6,0.18181818181818182,0.24698184548772847,0.18675284197502437,0.09924063131213876,0.9617507886435331,0.025236593059936908,0.0
ood_exposure,LOG_TRAIN_P99,0.9,0.05,0.97,0.01,2536,33,0.013012618296529969,6,0.18181818181818182,0.24698184548772847,0.18675284197502437,0.10119646727428386,0.986198738170347,0.0007886435331230284,0.0
ood_exposure,LOG_TRAIN_P99,0.9,0.05,0.97,0.02,2536,33,0.013012618296529969,6,0.18181818181818182,0.24698184548772847,0.18675284197502437,0.10119646727428386,0.986198738170347,0.0007886435331230284,0.0
ood_exposure,LOG_TRAIN_P99,0.9,0.05,0.97,0.05,2536,33,0.013012618296529969,6,0.18181818181818182,0.24698184548772847,0.18675284197502437,0.1005024609651356,0.9775236593059937,0.00946372239747634,0.0
ood_exposure,LOG_TRAIN_P99,0.9,0.05,0.97,0.1,2536,33,0.013012618296529969,6,0.18181818181818182,0.24698184548772847,0.18675284197502437,0.1005024609651356,0.9775236593059937,0.00946372239747634,0.0
ood_exposure,LOG_TRAIN_P99,0.9,0.05,0.99,0.01,2536,33,0.013012618296529969,6,0.18181818181818182,0.24698184548772847,0.18675284197502437,0.10119646727428386,0.986198738170347,0.0007886435331230284,0.0
ood_exposure,LOG_TRAIN_P99,0.9,0.05,0.99,0.02,2536,33,0.013012618296529969,6,0.18181818181818182,0.24698184548772847,0.18675284197502437,0.10119646727428386,0.986198738170347,0.0007886435331230284,0.0
ood_exposure,LOG_TRAIN_P99,0.9,0.05,0.99,0.05,2536,33,0.013012618296529969,6,0.18181818181818182,0.24698184548772847,0.18675284197502437,0.10119646727428386,0.986198738170347,0.0007886435331230284,0.0
ood_exposure,LOG_TRAIN_P99,0.9,0.05,0.99,0.1,2536,33,0.013012618296529969,6,0.18181818181818182,0.24698184548772847,0.18675284197502437,0.10119646727428386,0.986198738170347,0.0007886435331230284,0.0
ood_exposure,LOG_TRAIN_P99,0.9,0.1,0.9,0.01,2536,84,0.033123028391167195,35,0.4166666666666667,0.41933620726200443,0.4167414127016946,0.11102132945737792,0.9660883280757098,0.0007886435331230284,0.0
ood_exposure,LOG_TRAIN_P99,0.9,0.1,0.9,0.02,2536,84,0.033123028391167195,35,0.4166666666666667,0.41933620726200443,0.4167414127016946,0.11102132945737792,0.9660883280757098,0.0007886435331230284,0.0
ood_exposure,LOG_TRAIN_P99,0.9,0.1,0.9,0.05,2536,84,0.033123028391167195,35,0.4166666666666667,0.41933620726200443,0.4167414127016946,0.10906549349523281,0.9416403785488959,0.025236593059936908,0.0
ood_exposure,LOG_TRAIN_P99,0.9,0.1,0.9,0.1,2536,84,0.033123028391167195,35,0.4166666666666667,0.41933620726200443,0.4167414127016946,0.10878158182330853,0.9380914826498423,0.028785488958990538,0.0
ood_exposure,LOG_TRAIN_P99,0.9,0.1,0.95,0.01,2536,84,0.033123028391167195,35,0.4166666666666667,0.41933620726200443,0.4167414127016946,0.11102132945737792,0.9660883280757098,0.0007886435331230284,0.0
ood_exposure,LOG_TRAIN_P99,0.9,0.1,0.95,0.02,2536,84,0.033123028391167195,35,0.4166666666666667,0.41933620726200443,0.4167414127016946,0.11102132945737792,0.9660883280757098,0.0007886435331230284,0.0
ood_exposure,LOG_TRAIN_P99,0.9,0.1,0.95,0.05,2536,84,0.033123028391167195,35,0.4166666666666667,0.41933620726200443,0.4167414127016946,0.10906549349523281,0.9416403785488959,0.025236593059936908,0.0
ood_exposure,LOG_TRAIN_P99,0.9,0.1,0.95,0.1,2536,84,0.033123028391167195,35,0.4166666666666667,0.41933620726200443,0.4167414127016946,0.10906549349523281,0.9416403785488959,0.025236593059936908,0.0
ood_exposure,LOG_TRAIN_P99,0.9,0.1,0.97,0.01,2536,84,0.033123028391167195,35,0.4166666666666667,0.41933620726200443,0.4167414127016946,0.11102132945737792,0.9660883280757098,0.0007886435331230284,0.0
ood_exposure,LOG_TRAIN_P99,0.9,0.1,0.97,0.02,2536,84,0.033123028391167195,35,0.4166666666666667,0.41933620726200443,0.4167414127016946,0.11102132945737792,0.9660883280757098,0.0007886435331230284,0.0
ood_exposure,LOG_TRAIN_P99,0.9,0.1,0.97,0.05,2536,84,0.033123028391167195,35,0.4166666666666667,0.41933620726200443,0.4167414127016946,0.11032732314822966,0.9574132492113565,0.00946372239747634,0.0
ood_exposure,LOG_TRAIN_P99,0.9,0.1,0.97,0.1,2536,84,0.033123028391167195,35,0.4166666666666667,0.41933620726200443,0.4167414127016946,0.11032732314822966,0.9574132492113565,0.00946372239747634,0.0
ood_exposure,LOG_TRAIN_P99,0.9,0.1,0.99,0.01,2536,84,0.033123028391167195,35,0.4166666666666667,0.41933620726200443,0.4167414127016946,0.11102132945737792,0.9660883280757098,0.0007886435331230284,0.0
ood_exposure,LOG_TRAIN_P99,0.9,0.1,0.99,0.02,2536,84,0.033123028391167195,35,0.4166666666666667,0.41933620726200443,0.4167414127016946,0.11102132945737792,0.9660883280757098,0.0007886435331230284,0.0
ood_exposure,LOG_TRAIN_P99,0.9,0.1,0.99,0.05,2536,84,0.033123028391167195,35,0.4166666666666667,0.41933620726200443,0.4167414127016946,0.11102132945737792,0.9660883280757098,0.0007886435331230284,0.0
ood_exposure,LOG_TRAIN_P99,0.9,0.1,0.99,0.1,2536,84,0.033123028391167195,35,0.4166666666666667,0.41933620726200443,0.4167414127016946,0.11102132945737792,0.9660883280757098,0.0007886435331230284,0.0
ood_exposure,LOG_TRAIN_P99,0.9,0.2,0.9,0.01,2536,84,0.033123028391167195,35,0.4166666666666667,0.41933620726200443,0.4167414127016946,0.11102132945737792,0.9660883280757098,0.0007886435331230284,0.0
ood_exposure,LOG_TRAIN_P99,0.9,0.2,0.9,0.02,2536,84,0.033123028391167195,35,0.4166666666666667,0.41933620726200443,0.4167414127016946,0.11102132945737792,0.9660883280757098,0.0007886435331230284,0.0
ood_exposure,LOG_TRAIN_P99,0.9,0.2,0.9,0.05,2536,84,0.033123028391167195,35,0.4166666666666667,0.41933620726200443,0.4167414127016946,0.10906549349523281,0.9416403785488959,0.025236593059936908,0.0
ood_exposure,LOG_TRAIN_P99,0.9,0.2,0.9,0.1,2536,84,0.033123028391167195,35,0.4166666666666667,0.41933620726200443,0.4167414127016946,0.10878158182330853,0.9380914826498423,0.028785488958990538,0.0
ood_exposure,LOG_TRAIN_P99,0.9,0.2,0.95,0.01,2536,84,0.033123028391167195,35,0.4166666666666667,0.41933620726200443,0.4167414127016946,0.11102132945737792,0.9660883280757098,0.0007886435331230284,0.0
ood_exposure,LOG_TRAIN_P99,0.9,0.2,0.95,0.02,2536,84,0.033123028391167195,35,0.4166666666666667,0.41933620726200443,0.4167414127016946,0.11102132945737792,0.9660883280757098,0.0007886435331230284,0.0
ood_exposure,LOG_TRAIN_P99,0.9,0.2,0.95,0.05,2536,84,0.033123028391167195,35,0.4166666666666667,0.41933620726200443,0.4167414127016946,0.10906549349523281,0.9416403785488959,0.025236593059936908,0.0
ood_exposure,LOG_TRAIN_P99,0.9,0.2,0.95,0.1,2536,84,0.033123028391167195,35,0.4166666666666667,0.41933620726200443,0.4167414127016946,0.10906549349523281,0.9416403785488959,0.025236593059936908,0.0
ood_exposure,LOG_TRAIN_P99,0.9,0.2,0.97,0.01,2536,84,0.033123028391167195,35,0.4166666666666667,0.41933620726200443,0.4167414127016946,0.11102132945737792,0.9660883280757098,0.0007886435331230284,0.0
ood_exposure,LOG_TRAIN_P99,0.9,0.2,0.97,0.02,2536,84,0.033123028391167195,35,0.4166666666666667,0.41933620726200443,0.4167414127016946,0.11102132945737792,0.9660883280757098,0.0007886435331230284,0.0
ood_exposure,LOG_TRAIN_P99,0.9,0.2,0.97,0.05,2536,84,0.033123028391167195,35,0.4166666666666667,0.41933620726200443,0.4167414127016946,0.11032732314822966,0.9574132492113565,0.00946372239747634,0.0
ood_exposure,LOG_TRAIN_P99,0.9,0.2,0.97,0.1,2536,84,0.033123028391167195,35,0.4166666666666667,0.41933620726200443,0.4167414127016946,0.11032732314822966,0.9574132492113565,0.00946372239747634,0.0
ood_exposure,LOG_TRAIN_P99,0.9,0.2,0.99,0.01,2536,84,0.033123028391167195,35,0.4166666666666667,0.41933620726200443,0.4167414127016946,0.11102132945737792,0.9660883280757098,0.0007886435331230284,0.0
ood_exposure,LOG_TRAIN_P99,0.9,0.2,0.99,0.02,2536,84,0.033123028391167195,35,0.4166666666666667,0.41933620726200443,0.4167414127016946,0.11102132945737792,0.9660883280757098,0.0007886435331230284,0.0
ood_exposure,LOG_TRAIN_P99,0.9,0.2,0.99,0.05,2536,84,0.033123028391167195,35,0.4166666666666667,0.41933620726200443,0.4167414127016946,0.11102132945737792,0.9660883280757098,0.0007886435331230284,0.0
ood_exposure,LOG_TRAIN_P99,0.9,0.2,0.99,0.1,2536,84,0.033123028391167195,35,0.4166666666666667,0.41933620726200443,0.4167414127016946,0.11102132945737792,0.9660883280757098,0.0007886435331230284,0.0
ood_exposure,LOG_TRAIN_P99,0.95,0.01,0.9,0.01,2536,8,0.0031545741324921135,1,0.125,0.1565625188598531,0.12787275472688395,0.10004558387240918,0.9960567823343849,0.0007886435331230284,0.0
ood_exposure,LOG_TRAIN_P99,0.95,0.01,0.9,0.02,2536,8,0.0031545741324921135,1,0.125,0.1565625188598531,0.12787275472688395,0.10004558387240918,0.9960567823343849,0.0007886435331230284,0.0
ood_exposure,LOG_TRAIN_P99,0.95,0.01,0.9,0.05,2536,8,0.0031545741324921135,1,0.125,0.1565625188598531,0.12787275472688395,0.09808974791026406,0.9716088328075709,0.025236593059936908,0.0
ood_exposure,LOG_TRAIN_P99,0.95,0.01,0.9,0.1,2536,8,0.0031545741324921135,1,0.125,0.1565625188598531,0.12787275472688395,0.09780583623833979,0.9680599369085173,0.028785488958990538,0.0
ood_exposure,LOG_TRAIN_P99,0.95,0.01,0.95,0.01,2536,8,0.0031545741324921135,1,0.125,0.1565625188598531,0.12787275472688395,0.10004558387240918,0.9960567823343849,0.0007886435331230284,0.0
ood_exposure,LOG_TRAIN_P99,0.95,0.01,0.95,0.02,2536,8,0.0031545741324921135,1,0.125,0.1565625188598531,0.12787275472688395,0.10004558387240918,0.9960567823343849,0.0007886435331230284,0.0
ood_exposure,LOG_TRAIN_P99,0.95,0.01,0.95,0.05,2536,8,0.0031545741324921135,1,0.125,0.1565625188598531,0.12787275472688395,0.09808974791026406,0.9716088328075709,0.025236593059936908,0.0
ood_exposure,LOG_TRAIN_P99,0.95,0.01,0.95,0.1,2536,8,0.0031545741324921135,1,0.125,0.1565625188598531,0.12787275472688395,0.09808974791026406,0.9716088328075709,0.025236593059936908,0.0
ood_exposure,LOG_TRAIN_P99,0.95,0.01,0.97,0.01,2536,8,0.0031545741324921135,1,0.125,0.1565625188598531,0.12787275472688395,0.10004558387240918,0.9960567823343849,0.0007886435331230284,0.0
ood_exposure,LOG_TRAIN_P99,0.95,0.01,0.97,0.02,2536,8,0.0031545741324921135,1,0.125,0.1565625188598531,0.12787275472688395,0.10004558387240918,0.9960567823343849,0.0007886435331230284,0.0
ood_exposure,LOG_TRAIN_P99,0.95,0.01,0.97,0.05,2536,8,0.0031545741324921135,1,0.125,0.1565625188598531,0.12787275472688395,0.0993515775632609,0.9873817034700315,0.00946372239747634,0.0
ood_exposure,LOG_TRAIN_P99,0.95,0.01,0.97,0.1,2536,8,0.0031545741324921135,1,0.125,0.1565625188598531,0.12787275472688395,0.0993515775632609,0.9873817034700315,0.00946372239747634,0.0
ood_exposure,LOG_TRAIN_P99,0.95,0.01,0.99,0.01,2536,8,0.0031545741324921135,1,0.125,0.1565625188598531,0.12787275472688395,0.10004558387240918,0.9960567823343849,0.0007886435331230284,0.0
ood_exposure,LOG_TRAIN_P99,0.95,0.01,0.99,0.02,2536,8,0.0031545741324921135,1,0.125,0.1565625188598531,0.12787275472688395,0.10004558387240918,0.9960567823343849,0.0007886435331230284,0.0
ood_exposure,LOG_TRAIN_P99,0.95,0.01,0.99,0.05,2536,8,0.0031545741324921135,1,0.125,0.1565625188598531,0.12787275472688395,0.10004558387240918,0.9960567823343849,0.0007886435331230284,0.0
ood_exposure,LOG_TRAIN_P99,0.95,0.01,0.99,0.1,2536,8,0.0031545741324921135,1,0.125,0.1565625188598531,0.12787275472688395,0.10004558387240918,0.9960567823343849,0.0007886435331230284,0.0
ood_exposure,LOG_TRAIN_P99,0.95,0.02,0.9,0.01,2536,14,0.005520504731861199,4,0.2857142857142857,0.3493750760740784,0.29143550950349006,0.10109829250003449,0.9936908517350158,0.0007886435331230284,0.0
ood_exposure,LOG_TRAIN_P99,0.95,0.02,0.9,0.02,2536,14,0.005520504731861199,4,0.2857142857142857,0.3493750760740784,0.29143550950349006,0.10109829250003449,0.9936908517350158,0.0007886435331230284,0.0
ood_exposure,LOG_TRAIN_P99,0.95,0.02,0.9,0.05,2536,14,0.005520504731861199,4,0.2857142857142857,0.3493750760740784,0.29143550950349006,0.09914245653788939,0.9692429022082019,0.025236593059936908,0.0
ood_exposure,LOG_TRAIN_P99,0.95,0.02,0.9,0.1,2536,14,0.005520504731861199,4,0.2857142857142857,0.3493750760740784,0.29143550950349006,0.0988585448659651,0.9656940063091483,0.028785488958990538,0.0
ood_exposure,LOG_TRAIN_P99,0.95,0.02,0.95,0.01,2536,14,0.005520504731861199,4,0.2857142857142857,0.3493750760740784,0.29143550950349006,0.10109829250003449,0.9936908517350158,0.0007886435331230284,0.0
ood_exposure,LOG_TRAIN_P99,0.95,0.02,0.95,0.02,2536,14,0.005520504731861199,4,0.2857142857142857,0.3493750760740784,0.29143550950349006,0.10109829250003449,0.9936908517350158,0.0007886435331230284,0.0
ood_exposure,LOG_TRAIN_P99,0.95,0.02,0.95,0.05,2536,14,0.005520504731861199,4,0.2857142857142857,0.3493750760740784,0.29143550950349006,0.09914245653788939,0.9692429022082019,0.025236593059936908,0.0
ood_exposure,LOG_TRAIN_P99,0.95,0.02,0.95,0.1,2536,14,0.005520504731861199,4,0.2857142857142857,0.3493750760740784,0.29143550950349006,0.09914245653788939,0.9692429022082019,0.025236593059936908,0.0
ood_exposure,LOG_TRAIN_P99,0.95,0.02,0.97,0.01,2536,14,0.005520504731861199,4,0.2857142857142857,0.3493750760740784,0.29143550950349006,0.10109829250003449,0.9936908517350158,0.0007886435331230284,0.0
ood_exposure,LOG_TRAIN_P99,0.95,0.02,0.97,0.02,2536,14,0.005520504731861199,4,0.2857142857142857,0.3493750760740784,0.29143550950349006,0.10109829250003449,0.9936908517350158,0.0007886435331230284,0.0
ood_exposure,LOG_TRAIN_P99,0.95,0.02,0.97,0.05,2536,14,0.005520504731861199,4,0.2857142857142857,0.3493750760740784,0.29143550950349006,0.10040428619088625,0.9850157728706624,0.00946372239747634,0.0
ood_exposure,LOG_TRAIN_P99,0.95,0.02,0.97,0.1,2536,14,0.005520504731861199,4,0.2857142857142857,0.3493750760740784,0.29143550950349006,0.10040428619088625,0.9850157728706624,0.00946372239747634,0.0
ood_exposure,LOG_TRAIN_P99,0.95,0.02,0.99,0.01,2536,14,0.005520504731861199,4,0.2857142857142857,0.3493750760740784,0.29143550950349006,0.10109829250003449,0.9936908517350158,0.0007886435331230284,0.0
ood_exposure,LOG_TRAIN_P99,0.95,0.02,0.99,0.02,2536,14,0.005520504731861199,4,0.2857142857142857,0.3493750760740784,0.29143550950349006,0.10109829250003449,0.9936908517350158,0.0007886435331230284,0.0
ood_exposure,LOG_TRAIN_P99,0.95,0.02,0.99,0.05,2536,14,0.005520504731861199,4,0.2857142857142857,0.3493750760740784,0.29143550950349006,0.10109829250003449,0.9936908517350158,0.0007886435331230284,0.0
ood_exposure,LOG_TRAIN_P99,0.95,0.02,0.99,0.1,2536,14,0.005520504731861199,4,0.2857142857142857,0.3493750760740784,0.29143550950349006,0.10109829250003449,0.9936908517350158,0.0007886435331230284,0.0
ood_exposure,LOG_TRAIN_P99,0.95,0.05,0.9,0.01,2536,33,0.013012618296529969,6,0.18181818181818182,0.24698184548772847,0.18675284197502437,0.10119646727428386,0.986198738170347,0.0007886435331230284,0.0
ood_exposure,LOG_TRAIN_P99,0.95,0.05,0.9,0.02,2536,33,0.013012618296529969,6,0.18181818181818182,0.24698184548772847,0.18675284197502437,0.10119646727428386,0.986198738170347,0.0007886435331230284,0.0
ood_exposure,LOG_TRAIN_P99,0.95,0.05,0.9,0.05,2536,33,0.013012618296529969,6,0.18181818181818182,0.24698184548772847,0.18675284197502437,0.09924063131213876,0.9617507886435331,0.025236593059936908,0.0
ood_exposure,LOG_TRAIN_P99,0.95,0.05,0.9,0.1,2536,33,0.013012618296529969,6,0.18181818181818182,0.24698184548772847,0.18675284197502437,0.09895671964021445,0.9582018927444795,0.028785488958990538,0.0
ood_exposure,LOG_TRAIN_P99,0.95,0.05,0.95,0.01,2536,33,0.013012618296529969,6,0.18181818181818182,0.24698184548772847,0.18675284197502437,0.10119646727428386,0.986198738170347,0.0007886435331230284,0.0
ood_exposure,LOG_TRAIN_P99,0.95,0.05,0.95,0.02,2536,33,0.013012618296529969,6,0.18181818181818182,0.24698184548772847,0.18675284197502437,0.10119646727428386,0.986198738170347,0.0007886435331230284,0.0
ood_exposure,LOG_TRAIN_P99,0.95,0.05,0.95,0.05,2536,33,0.013012618296529969,6,0.18181818181818182,0.24698184548772847,0.18675284197502437,0.09924063131213876,0.9617507886435331,0.025236593059936908,0.0
ood_exposure,LOG_TRAIN_P99,0.95,0.05,0.95,0.1,2536,33,0.013012618296529969,6,0.18181818181818182,0.24698184548772847,0.18675284197502437,0.09924063131213876,0.9617507886435331,0.025236593059936908,0.0
ood_exposure,LOG_TRAIN_P99,0.95,0.05,0.97,0.01,2536,33,0.013012618296529969,6,0.18181818181818182,0.24698184548772847,0.18675284197502437,0.10119646727428386,0.986198738170347,0.0007886435331230284,0.0
ood_exposure,LOG_TRAIN_P99,0.95,0.05,0.97,0.02,2536,33,0.013012618296529969,6,0.18181818181818182,0.24698184548772847,0.18675284197502437,0.10119646727428386,0.986198738170347,0.0007886435331230284,0.0
ood_exposure,LOG_TRAIN_P99,0.95,0.05,0.97,0.05,2536,33,0.013012618296529969,6,0.18181818181818182,0.24698184548772847,0.18675284197502437,0.1005024609651356,0.9775236593059937,0.00946372239747634,0.0
ood_exposure,LOG_TRAIN_P99,0.95,0.05,0.97,0.1,2536,33,0.013012618296529969,6,0.18181818181818182,0.24698184548772847,0.18675284197502437,0.1005024609651356,0.9775236593059937,0.00946372239747634,0.0
ood_exposure,LOG_TRAIN_P99,0.95,0.05,0.99,0.01,2536,33,0.013012618296529969,6,0.18181818181818182,0.24698184548772847,0.18675284197502437,0.10119646727428386,0.986198738170347,0.0007886435331230284,0.0
ood_exposure,LOG_TRAIN_P99,0.95,0.05,0.99,0.02,2536,33,0.013012618296529969,6,0.18181818181818182,0.24698184548772847,0.18675284197502437,0.10119646727428386,0.986198738170347,0.0007886435331230284,0.0
ood_exposure,LOG_TRAIN_P99,0.95,0.05,0.99,0.05,2536,33,0.013012618296529969,6,0.18181818181818182,0.24698184548772847,0.18675284197502437,0.10119646727428386,0.986198738170347,0.0007886435331230284,0.0
ood_exposure,LOG_TRAIN_P99,0.95,0.05,0.99,0.1,2536,33,0.013012618296529969,6,0.18181818181818182,0.24698184548772847,0.18675284197502437,0.10119646727428386,0.986198738170347,0.0007886435331230284,0.0
ood_exposure,LOG_TRAIN_P99,0.95,0.1,0.9,0.01,2536,38,0.01498422712933754,8,0.21052631578947367,0.2597883486341137,0.21437188550802877,0.10182540278592798,0.9842271293375394,0.0007886435331230284,0.0
ood_exposure,LOG_TRAIN_P99,0.95,0.1,0.9,0.02,2536,38,0.01498422712933754,8,0.21052631578947367,0.2597883486341137,0.21437188550802877,0.10182540278592798,0.9842271293375394,0.0007886435331230284,0.0
ood_exposure,LOG_TRAIN_P99,0.95,0.1,0.9,0.05,2536,38,0.01498422712933754,8,0.21052631578947367,0.2597883486341137,0.21437188550802877,0.09986956682378285,0.9597791798107256,0.025236593059936908,0.0
ood_exposure,LOG_TRAIN_P99,0.95,0.1,0.9,0.1,2536,38,0.01498422712933754,8,0.21052631578947367,0.2597883486341137,0.21437188550802877,0.09958565515185858,0.956230283911672,0.028785488958990538,0.0
ood_exposure,LOG_TRAIN_P99,0.95,0.1,0.95,0.01,2536,38,0.01498422712933754,8,0.21052631578947367,0.2597883486341137,0.21437188550802877,0.10182540278592798,0.9842271293375394,0.0007886435331230284,0.0
ood_exposure,LOG_TRAIN_P99,0.95,0.1,0.95,0.02,2536,38,0.01498422712933754,8,0.21052631578947367,0.2597883486341137,0.21437188550802877,0.10182540278592798,0.9842271293375394,0.0007886435331230284,0.0
ood_exposure,LOG_TRAIN_P99,0.95,0.1,0.95,0.05,2536,38,0.01498422712933754,8,0.21052631578947367,0.2597883486341137,0.21437188550802877,0.09986956682378285,0.9597791798107256,0.025236593059936908,0.0
ood_exposure,LOG_TRAIN_P99,0.95,0.1,0.95,0.1,2536,38,0.01498422712933754,8,0.21052631578947367,0.2597883486341137,0.21437188550802877,0.09986956682378285,0.9597791798107256,0.025236593059936908,0.0
ood_exposure,LOG_TRAIN_P99,0.95,0.1,0.97,0.01,2536,38,0.01498422712933754,8,0.21052631578947367,0.2597883486341137,0.21437188550802877,0.10182540278592798,0.9842271293375394,0.0007886435331230284,0.0
ood_exposure,LOG_TRAIN_P99,0.95,0.1,0.97,0.02,2536,38,0.01498422712933754,8,0.21052631578947367,0.2597883486341137,0.21437188550802877,0.10182540278592798,0.9842271293375394,0.0007886435331230284,0.0
ood_exposure,LOG_TRAIN_P99,0.95,0.1,0.97,0.05,2536,38,0.01498422712933754,8,0.21052631578947367,0.2597883486341137,0.21437188550802877,0.1011313964767797,0.9755520504731862,0.00946372239747634,0.0
ood_exposure,LOG_TRAIN_P99,0.95,0.1,0.97,0.1,2536,38,0.01498422712933754,8,0.21052631578947367,0.2597883486341137,0.21437188550802877,0.1011313964767797,0.9755520504731862,0.00946372239747634,0.0
ood_exposure,LOG_TRAIN_P99,0.95,0.1,0.99,0.01,2536,38,0.01498422712933754,8,0.21052631578947367,0.2597883486341137,0.21437188550802877,0.10182540278592798,0.9842271293375394,0.0007886435331230284,0.0
ood_exposure,LOG_TRAIN_P99,0.95,0.1,0.99,0.02,2536,38,0.01498422712933754,8,0.21052631578947367,0.2597883486341137,0.21437188550802877,0.10182540278592798,0.9842271293375394,0.0007886435331230284,0.0
ood_exposure,LOG_TRAIN_P99,0.95,0.1,0.99,0.05,2536,38,0.01498422712933754,8,0.21052631578947367,0.2597883486341137,0.21437188550802877,0.10182540278592798,0.9842271293375394,0.0007886435331230284,0.0
ood_exposure,LOG_TRAIN_P99,0.95,0.1,0.99,0.1,2536,38,0.01498422712933754,8,0.21052631578947367,0.2597883486341137,0.21437188550802877,0.10182540278592798,0.9842271293375394,0.0007886435331230284,0.0
ood_exposure,LOG_TRAIN_P99,0.95,0.2,0.9,0.01,2536,38,0.01498422712933754,8,0.21052631578947367,0.2597883486341137,0.21437188550802877,0.10182540278592798,0.9842271293375394,0.0007886435331230284,0.0
ood_exposure,LOG_TRAIN_P99,0.95,0.2,0.9,0.02,2536,38,0.01498422712933754,8,0.21052631578947367,0.2597883486341137,0.21437188550802877,0.10182540278592798,0.9842271293375394,0.0007886435331230284,0.0
ood_exposure,LOG_TRAIN_P99,0.95,0.2,0.9,0.05,2536,38,0.01498422712933754,8,0.21052631578947367,0.2597883486341137,0.21437188550802877,0.09986956682378285,0.9597791798107256,0.025236593059936908,0.0
ood_exposure,LOG_TRAIN_P99,0.95,0.2,0.9,0.1,2536,38,0.01498422712933754,8,0.21052631578947367,0.2597883486341137,0.21437188550802877,0.09958565515185858,0.956230283911672,0.028785488958990538,0.0
ood_exposure,LOG_TRAIN_P99,0.95,0.2,0.95,0.01,2536,38,0.01498422712933754,8,0.21052631578947367,0.2597883486341137,0.21437188550802877,0.10182540278592798,0.9842271293375394,0.0007886435331230284,0.0
ood_exposure,LOG_TRAIN_P99,0.95,0.2,0.95,0.02,2536,38,0.01498422712933754,8,0.21052631578947367,0.2597883486341137,0.21437188550802877,0.10182540278592798,0.9842271293375394,0.0007886435331230284,0.0
ood_exposure,LOG_TRAIN_P99,0.95,0.2,0.95,0.05,2536,38,0.01498422712933754,8,0.21052631578947367,0.2597883486341137,0.21437188550802877,0.09986956682378285,0.9597791798107256,0.025236593059936908,0.0
ood_exposure,LOG_TRAIN_P99,0.95,0.2,0.95,0.1,2536,38,0.01498422712933754,8,0.21052631578947367,0.2597883486341137,0.21437188550802877,0.09986956682378285,0.9597791798107256,0.025236593059936908,0.0
ood_exposure,LOG_TRAIN_P99,0.95,0.2,0.97,0.01,2536,38,0.01498422712933754,8,0.21052631578947367,0.2597883486341137,0.21437188550802877,0.10182540278592798,0.9842271293375394,0.0007886435331230284,0.0
ood_exposure,LOG_TRAIN_P99,0.95,0.2,0.97,0.02,2536,38,0.01498422712933754,8,0.21052631578947367,0.2597883486341137,0.21437188550802877,0.10182540278592798,0.9842271293375394,0.0007886435331230284,0.0
ood_exposure,LOG_TRAIN_P99,0.95,0.2,0.97,0.05,2536,38,0.01498422712933754,8,0.21052631578947367,0.2597883486341137,0.21437188550802877,0.1011313964767797,0.9755520504731862,0.00946372239747634,0.0
ood_exposure,LOG_TRAIN_P99,0.95,0.2,0.97,0.1,2536,38,0.01498422712933754,8,0.21052631578947367,0.2597883486341137,0.21437188550802877,0.1011313964767797,0.9755520504731862,0.00946372239747634,0.0
ood_exposure,LOG_TRAIN_P99,0.95,0.2,0.99,0.01,2536,38,0.01498422712933754,8,0.21052631578947367,0.2597883486341137,0.21437188550802877,0.10182540278592798,0.9842271293375394,0.0007886435331230284,0.0
ood_exposure,LOG_TRAIN_P99,0.95,0.2,0.99,0.02,2536,38,0.01498422712933754,8,0.21052631578947367,0.2597883486341137,0.21437188550802877,0.10182540278592798,0.9842271293375394,0.0007886435331230284,0.0
ood_exposure,LOG_TRAIN_P99,0.95,0.2,0.99,0.05,2536,38,0.01498422712933754,8,0.21052631578947367,0.2597883486341137,0.21437188550802877,0.10182540278592798,0.9842271293375394,0.0007886435331230284,0.0
ood_exposure,LOG_TRAIN_P99,0.95,0.2,0.99,0.1,2536,38,0.01498422712933754,8,0.21052631578947367,0.2597883486341137,0.21437188550802877,0.10182540278592798,0.9842271293375394,0.0007886435331230284,0.0
ood_exposure,LOG_TRAIN_P99,0.97,0.01,0.9,0.01,2536,8,0.0031545741324921135,1,0.125,0.1565625188598531,0.12787275472688395,0.10004558387240918,0.9960567823343849,0.0007886435331230284,0.0
ood_exposure,LOG_TRAIN_P99,0.97,0.01,0.9,0.02,2536,8,0.0031545741324921135,1,0.125,0.1565625188598531,0.12787275472688395,0.10004558387240918,0.9960567823343849,0.0007886435331230284,0.0
ood_exposure,LOG_TRAIN_P99,0.97,0.01,0.9,0.05,2536,8,0.0031545741324921135,1,0.125,0.1565625188598531,0.12787275472688395,0.09808974791026406,0.9716088328075709,0.025236593059936908,0.0
ood_exposure,LOG_TRAIN_P99,0.97,0.01,0.9,0.1,2536,8,0.0031545741324921135,1,0.125,0.1565625188598531,0.12787275472688395,0.09780583623833979,0.9680599369085173,0.028785488958990538,0.0
ood_exposure,LOG_TRAIN_P99,0.97,0.01,0.95,0.01,2536,8,0.0031545741324921135,1,0.125,0.1565625188598531,0.12787275472688395,0.10004558387240918,0.9960567823343849,0.0007886435331230284,0.0
ood_exposure,LOG_TRAIN_P99,0.97,0.01,0.95,0.02,2536,8,0.0031545741324921135,1,0.125,0.1565625188598531,0.12787275472688395,0.10004558387240918,0.9960567823343849,0.0007886435331230284,0.0
ood_exposure,LOG_TRAIN_P99,0.97,0.01,0.95,0.05,2536,8,0.0031545741324921135,1,0.125,0.1565625188598531,0.12787275472688395,0.09808974791026406,0.9716088328075709,0.025236593059936908,0.0
ood_exposure,LOG_TRAIN_P99,0.97,0.01,0.95,0.1,2536,8,0.0031545741324921135,1,0.125,0.1565625188598531,0.12787275472688395,0.09808974791026406,0.9716088328075709,0.025236593059936908,0.0
ood_exposure,LOG_TRAIN_P99,0.97,0.01,0.97,0.01,2536,8,0.0031545741324921135,1,0.125,0.1565625188598531,0.12787275472688395,0.10004558387240918,0.9960567823343849,0.0007886435331230284,0.0
ood_exposure,LOG_TRAIN_P99,0.97,0.01,0.97,0.02,2536,8,0.0031545741324921135,1,0.125,0.1565625188598531,0.12787275472688395,0.10004558387240918,0.9960567823343849,0.0007886435331230284,0.0
ood_exposure,LOG_TRAIN_P99,0.97,0.01,0.97,0.05,2536,8,0.0031545741324921135,1,0.125,0.1565625188598531,0.12787275472688395,0.0993515775632609,0.9873817034700315,0.00946372239747634,0.0
ood_exposure,LOG_TRAIN_P99,0.97,0.01,0.97,0.1,2536,8,0.0031545741324921135,1,0.125,0.1565625188598531,0.12787275472688395,0.0993515775632609,0.9873817034700315,0.00946372239747634,0.0
ood_exposure,LOG_TRAIN_P99,0.97,0.01,0.99,0.01,2536,8,0.0031545741324921135,1,0.125,0.1565625188598531,0.12787275472688395,0.10004558387240918,0.9960567823343849,0.0007886435331230284,0.0
ood_exposure,LOG_TRAIN_P99,0.97,0.01,0.99,0.02,2536,8,0.0031545741324921135,1,0.125,0.1565625188598531,0.12787275472688395,0.10004558387240918,0.9960567823343849,0.0007886435331230284,0.0
ood_exposure,LOG_TRAIN_P99,0.97,0.01,0.99,0.05,2536,8,0.0031545741324921135,1,0.125,0.1565625188598531,0.12787275472688395,0.10004558387240918,0.9960567823343849,0.0007886435331230284,0.0
ood_exposure,LOG_TRAIN_P99,0.97,0.01,0.99,0.1,2536,8,0.0031545741324921135,1,0.125,0.1565625188598531,0.12787275472688395,0.10004558387240918,0.9960567823343849,0.0007886435331230284,0.0
ood_exposure,LOG_TRAIN_P99,0.97,0.02,0.9,0.01,2536,14,0.005520504731861199,4,0.2857142857142857,0.3493750760740784,0.29143550950349006,0.10109829250003449,0.9936908517350158,0.0007886435331230284,0.0
ood_exposure,LOG_TRAIN_P99,0.97,0.02,0.9,0.02,2536,14,0.005520504731861199,4,0.2857142857142857,0.3493750760740784,0.29143550950349006,0.10109829250003449,0.9936908517350158,0.0007886435331230284,0.0
ood_exposure,LOG_TRAIN_P99,0.97,0.02,0.9,0.05,2536,14,0.005520504731861199,4,0.2857142857142857,0.3493750760740784,0.29143550950349006,0.09914245653788939,0.9692429022082019,0.025236593059936908,0.0
ood_exposure,LOG_TRAIN_P99,0.97,0.02,0.9,0.1,2536,14,0.005520504731861199,4,0.2857142857142857,0.3493750760740784,0.29143550950349006,0.0988585448659651,0.9656940063091483,0.028785488958990538,0.0
ood_exposure,LOG_TRAIN_P99,0.97,0.02,0.95,0.01,2536,14,0.005520504731861199,4,0.2857142857142857,0.3493750760740784,0.29143550950349006,0.10109829250003449,0.9936908517350158,0.0007886435331230284,0.0
ood_exposure,LOG_TRAIN_P99,0.97,0.02,0.95,0.02,2536,14,0.005520504731861199,4,0.2857142857142857,0.3493750760740784,0.29143550950349006,0.10109829250003449,0.9936908517350158,0.0007886435331230284,0.0
ood_exposure,LOG_TRAIN_P99,0.97,0.02,0.95,0.05,2536,14,0.005520504731861199,4,0.2857142857142857,0.3493750760740784,0.29143550950349006,0.09914245653788939,0.9692429022082019,0.025236593059936908,0.0
ood_exposure,LOG_TRAIN_P99,0.97,0.02,0.95,0.1,2536,14,0.005520504731861199,4,0.2857142857142857,0.3493750760740784,0.29143550950349006,0.09914245653788939,0.9692429022082019,0.025236593059936908,0.0
ood_exposure,LOG_TRAIN_P99,0.97,0.02,0.97,0.01,2536,14,0.005520504731861199,4,0.2857142857142857,0.3493750760740784,0.29143550950349006,0.10109829250003449,0.9936908517350158,0.0007886435331230284,0.0
ood_exposure,LOG_TRAIN_P99,0.97,0.02,0.97,0.02,2536,14,0.005520504731861199,4,0.2857142857142857,0.3493750760740784,0.29143550950349006,0.10109829250003449,0.9936908517350158,0.0007886435331230284,0.0
ood_exposure,LOG_TRAIN_P99,0.97,0.02,0.97,0.05,2536,14,0.005520504731861199,4,0.2857142857142857,0.3493750760740784,0.29143550950349006,0.10040428619088625,0.9850157728706624,0.00946372239747634,0.0
ood_exposure,LOG_TRAIN_P99,0.97,0.02,0.97,0.1,2536,14,0.005520504731861199,4,0.2857142857142857,0.3493750760740784,0.29143550950349006,0.10040428619088625,0.9850157728706624,0.00946372239747634,0.0
ood_exposure,LOG_TRAIN_P99,0.97,0.02,0.99,0.01,2536,14,0.005520504731861199,4,0.2857142857142857,0.3493750760740784,0.29143550950349006,0.10109829250003449,0.9936908517350158,0.0007886435331230284,0.0
ood_exposure,LOG_TRAIN_P99,0.97,0.02,0.99,0.02,2536,14,0.005520504731861199,4,0.2857142857142857,0.3493750760740784,0.29143550950349006,0.10109829250003449,0.9936908517350158,0.0007886435331230284,0.0
ood_exposure,LOG_TRAIN_P99,0.97,0.02,0.99,0.05,2536,14,0.005520504731861199,4,0.2857142857142857,0.3493750760740784,0.29143550950349006,0.10109829250003449,0.9936908517350158,0.0007886435331230284,0.0
ood_exposure,LOG_TRAIN_P99,0.97,0.02,0.99,0.1,2536,14,0.005520504731861199,4,0.2857142857142857,0.3493750760740784,0.29143550950349006,0.10109829250003449,0.9936908517350158,0.0007886435331230284,0.0
ood_exposure,LOG_TRAIN_P99,0.97,0.05,0.9,0.01,2536,23,0.009069400630914827,5,0.21739130434782608,0.2962075994110268,0.22382155497408596,0.10118589044253734,0.9901419558359621,0.0007886435331230284,0.0
ood_exposure,LOG_TRAIN_P99,0.97,0.05,0.9,0.02,2536,23,0.009069400630914827,5,0.21739130434782608,0.2962075994110268,0.22382155497408596,0.10118589044253734,0.9901419558359621,0.0007886435331230284,0.0
ood_exposure,LOG_TRAIN_P99,0.97,0.05,0.9,0.05,2536,23,0.009069400630914827,5,0.21739130434782608,0.2962075994110268,0.22382155497408596,0.09923005448039222,0.9656940063091483,0.025236593059936908,0.0
ood_exposure,LOG_TRAIN_P99,0.97,0.05,0.9,0.1,2536,23,0.009069400630914827,5,0.21739130434782608,0.2962075994110268,0.22382155497408596,0.09894614280846793,0.9621451104100947,0.028785488958990538,0.0
ood_exposure,LOG_TRAIN_P99,0.97,0.05,0.95,0.01,2536,23,0.009069400630914827,5,0.21739130434782608,0.2962075994110268,0.22382155497408596,0.10118589044253734,0.9901419558359621,0.0007886435331230284,0.0
ood_exposure,LOG_TRAIN_P99,0.97,0.05,0.95,0.02,2536,23,0.009069400630914827,5,0.21739130434782608,0.2962075994110268,0.22382155497408596,0.10118589044253734,0.9901419558359621,0.0007886435331230284,0.0
ood_exposure,LOG_TRAIN_P99,0.97,0.05,0.95,0.05,2536,23,0.009069400630914827,5,0.21739130434782608,0.2962075994110268,0.22382155497408596,0.09923005448039222,0.9656940063091483,0.025236593059936908,0.0
ood_exposure,LOG_TRAIN_P99,0.97,0.05,0.95,0.1,2536,23,0.009069400630914827,5,0.21739130434782608,0.2962075994110268,0.22382155497408596,0.09923005448039222,0.9656940063091483,0.025236593059936908,0.0
ood_exposure,LOG_TRAIN_P99,0.97,0.05,0.97,0.01,2536,23,0.009069400630914827,5,0.21739130434782608,0.2962075994110268,0.22382155497408596,0.10118589044253734,0.9901419558359621,0.0007886435331230284,0.0
ood_exposure,LOG_TRAIN_P99,0.97,0.05,0.97,0.02,2536,23,0.009069400630914827,5,0.21739130434782608,0.2962075994110268,0.22382155497408596,0.10118589044253734,0.9901419558359621,0.0007886435331230284,0.0
ood_exposure,LOG_TRAIN_P99,0.97,0.05,0.97,0.05,2536,23,0.009069400630914827,5,0.21739130434782608,0.2962075994110268,0.22382155497408596,0.10049188413338907,0.9814668769716088,0.00946372239747634,0.0
ood_exposure,LOG_TRAIN_P99,0.97,0.05,0.97,0.1,2536,23,0.009069400630914827,5,0.21739130434782608,0.2962075994110268,0.22382155497408596,0.10049188413338907,0.9814668769716088,0.00946372239747634,0.0
ood_exposure,LOG_TRAIN_P99,0.97,0.05,0.99,0.01,2536,23,0.009069400630914827,5,0.21739130434782608,0.2962075994110268,0.22382155497408596,0.10118589044253734,0.9901419558359621,0.0007886435331230284,0.0
ood_exposure,LOG_TRAIN_P99,0.97,0.05,0.99,0.02,2536,23,0.009069400630914827,5,0.21739130434782608,0.2962075994110268,0.22382155497408596,0.10118589044253734,0.9901419558359621,0.0007886435331230284,0.0
ood_exposure,LOG_TRAIN_P99,0.97,0.05,0.99,0.05,2536,23,0.009069400630914827,5,0.21739130434782608,0.2962075994110268,0.22382155497408596,0.10118589044253734,0.9901419558359621,0.0007886435331230284,0.0
ood_exposure,LOG_TRAIN_P99,0.97,0.05,0.99,0.1,2536,23,0.009069400630914827,5,0.21739130434782608,0.2962075994110268,0.22382155497408596,0.10118589044253734,0.9901419558359621,0.0007886435331230284,0.0
ood_exposure,LOG_TRAIN_P99,0.97,0.1,0.9,0.01,2536,23,0.009069400630914827,5,0.21739130434782608,0.2962075994110268,0.22382155497408596,0.10118589044253734,0.9901419558359621,0.0007886435331230284,0.0
ood_exposure,LOG_TRAIN_P99,0.97,0.1,0.9,0.02,2536,23,0.009069400630914827,5,0.21739130434782608,0.2962075994110268,0.22382155497408596,0.10118589044253734,0.9901419558359621,0.0007886435331230284,0.0
ood_exposure,LOG_TRAIN_P99,0.97,0.1,0.9,0.05,2536,23,0.009069400630914827,5,0.21739130434782608,0.2962075994110268,0.22382155497408596,0.09923005448039222,0.9656940063091483,0.025236593059936908,0.0
ood_exposure,LOG_TRAIN_P99,0.97,0.1,0.9,0.1,2536,23,0.009069400630914827,5,0.21739130434782608,0.2962075994110268,0.22382155497408596,0.09894614280846793,0.9621451104100947,0.028785488958990538,0.0
ood_exposure,LOG_TRAIN_P99,0.97,0.1,0.95,0.01,2536,23,0.009069400630914827,5,0.21739130434782608,0.2962075994110268,0.22382155497408596,0.10118589044253734,0.9901419558359621,0.0007886435331230284,0.0
ood_exposure,LOG_TRAIN_P99,0.97,0.1,0.95,0.02,2536,23,0.009069400630914827,5,0.21739130434782608,0.2962075994110268,0.22382155497408596,0.10118589044253734,0.9901419558359621,0.0007886435331230284,0.0
ood_exposure,LOG_TRAIN_P99,0.97,0.1,0.95,0.05,2536,23,0.009069400630914827,5,0.21739130434782608,0.2962075994110268,0.22382155497408596,0.09923005448039222,0.9656940063091483,0.025236593059936908,0.0
ood_exposure,LOG_TRAIN_P99,0.97,0.1,0.95,0.1,2536,23,0.009069400630914827,5,0.21739130434782608,0.2962075994110268,0.22382155497408596,0.09923005448039222,0.9656940063091483,0.025236593059936908,0.0
ood_exposure,LOG_TRAIN_P99,0.97,0.1,0.97,0.01,2536,23,0.009069400630914827,5,0.21739130434782608,0.2962075994110268,0.22382155497408596,0.10118589044253734,0.9901419558359621,0.0007886435331230284,0.0
ood_exposure,LOG_TRAIN_P99,0.97,0.1,0.97,0.02,2536,23,0.009069400630914827,5,0.21739130434782608,0.2962075994110268,0.22382155497408596,0.10118589044253734,0.9901419558359621,0.0007886435331230284,0.0
ood_exposure,LOG_TRAIN_P99,0.97,0.1,0.97,0.05,2536,23,0.009069400630914827,5,0.21739130434782608,0.2962075994110268,0.22382155497408596,0.10049188413338907,0.9814668769716088,0.00946372239747634,0.0
ood_exposure,LOG_TRAIN_P99,0.97,0.1,0.97,0.1,2536,23,0.009069400630914827,5,0.21739130434782608,0.2962075994110268,0.22382155497408596,0.10049188413338907,0.9814668769716088,0.00946372239747634,0.0
ood_exposure,LOG_TRAIN_P99,0.97,0.1,0.99,0.01,2536,23,0.009069400630914827,5,0.21739130434782608,0.2962075994110268,0.22382155497408596,0.10118589044253734,0.9901419558359621,0.0007886435331230284,0.0
ood_exposure,LOG_TRAIN_P99,0.97,0.1,0.99,0.02,2536,23,0.009069400630914827,5,0.21739130434782608,0.2962075994110268,0.22382155497408596,0.10118589044253734,0.9901419558359621,0.0007886435331230284,0.0
ood_exposure,LOG_TRAIN_P99,0.97,0.1,0.99,0.05,2536,23,0.009069400630914827,5,0.21739130434782608,0.2962075994110268,0.22382155497408596,0.10118589044253734,0.9901419558359621,0.0007886435331230284,0.0
ood_exposure,LOG_TRAIN_P99,0.97,0.1,0.99,0.1,2536,23,0.009069400630914827,5,0.21739130434782608,0.2962075994110268,0.22382155497408596,0.10118589044253734,0.9901419558359621,0.0007886435331230284,0.0
ood_exposure,LOG_TRAIN_P99,0.97,0.2,0.9,0.01,2536,23,0.009069400630914827,5,0.21739130434782608,0.2962075994110268,0.22382155497408596,0.10118589044253734,0.9901419558359621,0.0007886435331230284,0.0
ood_exposure,LOG_TRAIN_P99,0.97,0.2,0.9,0.02,2536,23,0.009069400630914827,5,0.21739130434782608,0.2962075994110268,0.22382155497408596,0.10118589044253734,0.9901419558359621,0.0007886435331230284,0.0
ood_exposure,LOG_TRAIN_P99,0.97,0.2,0.9,0.05,2536,23,0.009069400630914827,5,0.21739130434782608,0.2962075994110268,0.22382155497408596,0.09923005448039222,0.9656940063091483,0.025236593059936908,0.0
ood_exposure,LOG_TRAIN_P99,0.97,0.2,0.9,0.1,2536,23,0.009069400630914827,5,0.21739130434782608,0.2962075994110268,0.22382155497408596,0.09894614280846793,0.9621451104100947,0.028785488958990538,0.0
ood_exposure,LOG_TRAIN_P99,0.97,0.2,0.95,0.01,2536,23,0.009069400630914827,5,0.21739130434782608,0.2962075994110268,0.22382155497408596,0.10118589044253734,0.9901419558359621,0.0007886435331230284,0.0
ood_exposure,LOG_TRAIN_P99,0.97,0.2,0.95,0.02,2536,23,0.009069400630914827,5,0.21739130434782608,0.2962075994110268,0.22382155497408596,0.10118589044253734,0.9901419558359621,0.0007886435331230284,0.0
ood_exposure,LOG_TRAIN_P99,0.97,0.2,0.95,0.05,2536,23,0.009069400630914827,5,0.21739130434782608,0.2962075994110268,0.22382155497408596,0.09923005448039222,0.9656940063091483,0.025236593059936908,0.0
ood_exposure,LOG_TRAIN_P99,0.97,0.2,0.95,0.1,2536,23,0.009069400630914827,5,0.21739130434782608,0.2962075994110268,0.22382155497408596,0.09923005448039222,0.9656940063091483,0.025236593059936908,0.0
ood_exposure,LOG_TRAIN_P99,0.97,0.2,0.97,0.01,2536,23,0.009069400630914827,5,0.21739130434782608,0.2962075994110268,0.22382155497408596,0.10118589044253734,0.9901419558359621,0.0007886435331230284,0.0
ood_exposure,LOG_TRAIN_P99,0.97,0.2,0.97,0.02,2536,23,0.009069400630914827,5,0.21739130434782608,0.2962075994110268,0.22382155497408596,0.10118589044253734,0.9901419558359621,0.0007886435331230284,0.0
ood_exposure,LOG_TRAIN_P99,0.97,0.2,0.97,0.05,2536,23,0.009069400630914827,5,0.21739130434782608,0.2962075994110268,0.22382155497408596,0.10049188413338907,0.9814668769716088,0.00946372239747634,0.0
ood_exposure,LOG_TRAIN_P99,0.97,0.2,0.97,0.1,2536,23,0.009069400630914827,5,0.21739130434782608,0.2962075994110268,0.22382155497408596,0.10049188413338907,0.9814668769716088,0.00946372239747634,0.0
ood_exposure,LOG_TRAIN_P99,0.97,0.2,0.99,0.01,2536,23,0.009069400630914827,5,0.21739130434782608,0.2962075994110268,0.22382155497408596,0.10118589044253734,0.9901419558359621,0.0007886435331230284,0.0
ood_exposure,LOG_TRAIN_P99,0.97,0.2,0.99,0.02,2536,23,0.009069400630914827,5,0.21739130434782608,0.2962075994110268,0.22382155497408596,0.10118589044253734,0.9901419558359621,0.0007886435331230284,0.0
ood_exposure,LOG_TRAIN_P99,0.97,0.2,0.99,0.05,2536,23,0.009069400630914827,5,0.21739130434782608,0.2962075994110268,0.22382155497408596,0.10118589044253734,0.9901419558359621,0.0007886435331230284,0.0
ood_exposure,LOG_TRAIN_P99,0.97,0.2,0.99,0.1,2536,23,0.009069400630914827,5,0.21739130434782608,0.2962075994110268,0.22382155497408596,0.10118589044253734,0.9901419558359621,0.0007886435331230284,0.0
ood_exposure,LOG_TRAIN_P99,0.99,0.01,0.9,0.01,2536,8,0.0031545741324921135,1,0.125,0.1565625188598531,0.12787275472688395,0.10004558387240918,0.9960567823343849,0.0007886435331230284,0.0
ood_exposure,LOG_TRAIN_P99,0.99,0.01,0.9,0.02,2536,8,0.0031545741324921135,1,0.125,0.1565625188598531,0.12787275472688395,0.10004558387240918,0.9960567823343849,0.0007886435331230284,0.0
ood_exposure,LOG_TRAIN_P99,0.99,0.01,0.9,0.05,2536,8,0.0031545741324921135,1,0.125,0.1565625188598531,0.12787275472688395,0.09808974791026406,0.9716088328075709,0.025236593059936908,0.0
ood_exposure,LOG_TRAIN_P99,0.99,0.01,0.9,0.1,2536,8,0.0031545741324921135,1,0.125,0.1565625188598531,0.12787275472688395,0.09780583623833979,0.9680599369085173,0.028785488958990538,0.0
ood_exposure,LOG_TRAIN_P99,0.99,0.01,0.95,0.01,2536,8,0.0031545741324921135,1,0.125,0.1565625188598531,0.12787275472688395,0.10004558387240918,0.9960567823343849,0.0007886435331230284,0.0
ood_exposure,LOG_TRAIN_P99,0.99,0.01,0.95,0.02,2536,8,0.0031545741324921135,1,0.125,0.1565625188598531,0.12787275472688395,0.10004558387240918,0.9960567823343849,0.0007886435331230284,0.0
ood_exposure,LOG_TRAIN_P99,0.99,0.01,0.95,0.05,2536,8,0.0031545741324921135,1,0.125,0.1565625188598531,0.12787275472688395,0.09808974791026406,0.9716088328075709,0.025236593059936908,0.0
ood_exposure,LOG_TRAIN_P99,0.99,0.01,0.95,0.1,2536,8,0.0031545741324921135,1,0.125,0.1565625188598531,0.12787275472688395,0.09808974791026406,0.9716088328075709,0.025236593059936908,0.0
ood_exposure,LOG_TRAIN_P99,0.99,0.01,0.97,0.01,2536,8,0.0031545741324921135,1,0.125,0.1565625188598531,0.12787275472688395,0.10004558387240918,0.9960567823343849,0.0007886435331230284,0.0
ood_exposure,LOG_TRAIN_P99,0.99,0.01,0.97,0.02,2536,8,0.0031545741324921135,1,0.125,0.1565625188598531,0.12787275472688395,0.10004558387240918,0.9960567823343849,0.0007886435331230284,0.0
ood_exposure,LOG_TRAIN_P99,0.99,0.01,0.97,0.05,2536,8,0.0031545741324921135,1,0.125,0.1565625188598531,0.12787275472688395,0.0993515775632609,0.9873817034700315,0.00946372239747634,0.0
ood_exposure,LOG_TRAIN_P99,0.99,0.01,0.97,0.1,2536,8,0.0031545741324921135,1,0.125,0.1565625188598531,0.12787275472688395,0.0993515775632609,0.9873817034700315,0.00946372239747634,0.0
ood_exposure,LOG_TRAIN_P99,0.99,0.01,0.99,0.01,2536,8,0.0031545741324921135,1,0.125,0.1565625188598531,0.12787275472688395,0.10004558387240918,0.9960567823343849,0.0007886435331230284,0.0
ood_exposure,LOG_TRAIN_P99,0.99,0.01,0.99,0.02,2536,8,0.0031545741324921135,1,0.125,0.1565625188598531,0.12787275472688395,0.10004558387240918,0.9960567823343849,0.0007886435331230284,0.0
ood_exposure,LOG_TRAIN_P99,0.99,0.01,0.99,0.05,2536,8,0.0031545741324921135,1,0.125,0.1565625188598531,0.12787275472688395,0.10004558387240918,0.9960567823343849,0.0007886435331230284,0.0
ood_exposure,LOG_TRAIN_P99,0.99,0.01,0.99,0.1,2536,8,0.0031545741324921135,1,0.125,0.1565625188598531,0.12787275472688395,0.10004558387240918,0.9960567823343849,0.0007886435331230284,0.0
ood_exposure,LOG_TRAIN_P99,0.99,0.02,0.9,0.01,2536,9,0.003548895899053628,1,0.1111111111111111,0.13459727790045214,0.11332836530482572,0.10000615169575304,0.9956624605678234,0.0007886435331230284,0.0
ood_exposure,LOG_TRAIN_P99,0.99,0.02,0.9,0.02,2536,9,0.003548895899053628,1,0.1111111111111111,0.13459727790045214,0.11332836530482572,0.10000615169575304,0.9956624605678234,0.0007886435331230284,0.0
ood_exposure,LOG_TRAIN_P99,0.99,0.02,0.9,0.05,2536,9,0.003548895899053628,1,0.1111111111111111,0.13459727790045214,0.11332836530482572,0.09805031573360792,0.9712145110410094,0.025236593059936908,0.0
ood_exposure,LOG_TRAIN_P99,0.99,0.02,0.9,0.1,2536,9,0.003548895899053628,1,0.1111111111111111,0.13459727790045214,0.11332836530482572,0.09776640406168363,0.9676656151419558,0.028785488958990538,0.0
ood_exposure,LOG_TRAIN_P99,0.99,0.02,0.95,0.01,2536,9,0.003548895899053628,1,0.1111111111111111,0.13459727790045214,0.11332836530482572,0.10000615169575304,0.9956624605678234,0.0007886435331230284,0.0
ood_exposure,LOG_TRAIN_P99,0.99,0.02,0.95,0.02,2536,9,0.003548895899053628,1,0.1111111111111111,0.13459727790045214,0.11332836530482572,0.10000615169575304,0.9956624605678234,0.0007886435331230284,0.0
ood_exposure,LOG_TRAIN_P99,0.99,0.02,0.95,0.05,2536,9,0.003548895899053628,1,0.1111111111111111,0.13459727790045214,0.11332836530482572,0.09805031573360792,0.9712145110410094,0.025236593059936908,0.0
ood_exposure,LOG_TRAIN_P99,0.99,0.02,0.95,0.1,2536,9,0.003548895899053628,1,0.1111111111111111,0.13459727790045214,0.11332836530482572,0.09805031573360792,0.9712145110410094,0.025236593059936908,0.0
ood_exposure,LOG_TRAIN_P99,0.99,0.02,0.97,0.01,2536,9,0.003548895899053628,1,0.1111111111111111,0.13459727790045214,0.11332836530482572,0.10000615169575304,0.9956624605678234,0.0007886435331230284,0.0
ood_exposure,LOG_TRAIN_P99,0.99,0.02,0.97,0.02,2536,9,0.003548895899053628,1,0.1111111111111111,0.13459727790045214,0.11332836530482572,0.10000615169575304,0.9956624605678234,0.0007886435331230284,0.0
ood_exposure,LOG_TRAIN_P99,0.99,0.02,0.97,0.05,2536,9,0.003548895899053628,1,0.1111111111111111,0.13459727790045214,0.11332836530482572,0.09931214538660477,0.98698738170347,0.00946372239747634,0.0
ood_exposure,LOG_TRAIN_P99,0.99,0.02,0.97,0.1,2536,9,0.003548895899053628,1,0.1111111111111111,0.13459727790045214,0.11332836530482572,0.09931214538660477,0.98698738170347,0.00946372239747634,0.0
ood_exposure,LOG_TRAIN_P99,0.99,0.02,0.99,0.01,2536,9,0.003548895899053628,1,0.1111111111111111,0.13459727790045214,0.11332836530482572,0.10000615169575304,0.9956624605678234,0.0007886435331230284,0.0
ood_exposure,LOG_TRAIN_P99,0.99,0.02,0.99,0.02,2536,9,0.003548895899053628,1,0.1111111111111111,0.13459727790045214,0.11332836530482572,0.10000615169575304,0.9956624605678234,0.0007886435331230284,0.0
ood_exposure,LOG_TRAIN_P99,0.99,0.02,0.99,0.05,2536,9,0.003548895899053628,1,0.1111111111111111,0.13459727790045214,0.11332836530482572,0.10000615169575304,0.9956624605678234,0.0007886435331230284,0.0
ood_exposure,LOG_TRAIN_P99,0.99,0.02,0.99,0.1,2536,9,0.003548895899053628,1,0.1111111111111111,0.13459727790045214,0.11332836530482572,0.10000615169575304,0.9956624605678234,0.0007886435331230284,0.0
ood_exposure,LOG_TRAIN_P99,0.99,0.05,0.9,0.01,2536,9,0.003548895899053628,1,0.1111111111111111,0.13459727790045214,0.11332836530482572,0.10000615169575304,0.9956624605678234,0.0007886435331230284,0.0
ood_exposure,LOG_TRAIN_P99,0.99,0.05,0.9,0.02,2536,9,0.003548895899053628,1,0.1111111111111111,0.13459727790045214,0.11332836530482572,0.10000615169575304,0.9956624605678234,0.0007886435331230284,0.0
ood_exposure,LOG_TRAIN_P99,0.99,0.05,0.9,0.05,2536,9,0.003548895899053628,1,0.1111111111111111,0.13459727790045214,0.11332836530482572,0.09805031573360792,0.9712145110410094,0.025236593059936908,0.0
ood_exposure,LOG_TRAIN_P99,0.99,0.05,0.9,0.1,2536,9,0.003548895899053628,1,0.1111111111111111,0.13459727790045214,0.11332836530482572,0.09776640406168363,0.9676656151419558,0.028785488958990538,0.0
ood_exposure,LOG_TRAIN_P99,0.99,0.05,0.95,0.01,2536,9,0.003548895899053628,1,0.1111111111111111,0.13459727790045214,0.11332836530482572,0.10000615169575304,0.9956624605678234,0.0007886435331230284,0.0
ood_exposure,LOG_TRAIN_P99,0.99,0.05,0.95,0.02,2536,9,0.003548895899053628,1,0.1111111111111111,0.13459727790045214,0.11332836530482572,0.10000615169575304,0.9956624605678234,0.0007886435331230284,0.0
ood_exposure,LOG_TRAIN_P99,0.99,0.05,0.95,0.05,2536,9,0.003548895899053628,1,0.1111111111111111,0.13459727790045214,0.11332836530482572,0.09805031573360792,0.9712145110410094,0.025236593059936908,0.0
ood_exposure,LOG_TRAIN_P99,0.99,0.05,0.95,0.1,2536,9,0.003548895899053628,1,0.1111111111111111,0.13459727790045214,0.11332836530482572,0.09805031573360792,0.9712145110410094,0.025236593059936908,0.0
ood_exposure,LOG_TRAIN_P99,0.99,0.05,0.97,0.01,2536,9,0.003548895899053628,1,0.1111111111111111,0.13459727790045214,0.11332836530482572,0.10000615169575304,0.9956624605678234,0.0007886435331230284,0.0
ood_exposure,LOG_TRAIN_P99,0.99,0.05,0.97,0.02,2536,9,0.003548895899053628,1,0.1111111111111111,0.13459727790045214,0.11332836530482572,0.10000615169575304,0.9956624605678234,0.0007886435331230284,0.0
ood_exposure,LOG_TRAIN_P99,0.99,0.05,0.97,0.05,2536,9,0.003548895899053628,1,0.1111111111111111,0.13459727790045214,0.11332836530482572,0.09931214538660477,0.98698738170347,0.00946372239747634,0.0
ood_exposure,LOG_TRAIN_P99,0.99,0.05,0.97,0.1,2536,9,0.003548895899053628,1,0.1111111111111111,0.13459727790045214,0.11332836530482572,0.09931214538660477,0.98698738170347,0.00946372239747634,0.0
ood_exposure,LOG_TRAIN_P99,0.99,0.05,0.99,0.01,2536,9,0.003548895899053628,1,0.1111111111111111,0.13459727790045214,0.11332836530482572,0.10000615169575304,0.9956624605678234,0.0007886435331230284,0.0
ood_exposure,LOG_TRAIN_P99,0.99,0.05,0.99,0.02,2536,9,0.003548895899053628,1,0.1111111111111111,0.13459727790045214,0.11332836530482572,0.10000615169575304,0.9956624605678234,0.0007886435331230284,0.0
ood_exposure,LOG_TRAIN_P99,0.99,0.05,0.99,0.05,2536,9,0.003548895899053628,1,0.1111111111111111,0.13459727790045214,0.11332836530482572,0.10000615169575304,0.9956624605678234,0.0007886435331230284,0.0
ood_exposure,LOG_TRAIN_P99,0.99,0.05,0.99,0.1,2536,9,0.003548895899053628,1,0.1111111111111111,0.13459727790045214,0.11332836530482572,0.10000615169575304,0.9956624605678234,0.0007886435331230284,0.0
ood_exposure,LOG_TRAIN_P99,0.99,0.1,0.9,0.01,2536,9,0.003548895899053628,1,0.1111111111111111,0.13459727790045214,0.11332836530482572,0.10000615169575304,0.9956624605678234,0.0007886435331230284,0.0
ood_exposure,LOG_TRAIN_P99,0.99,0.1,0.9,0.02,2536,9,0.003548895899053628,1,0.1111111111111111,0.13459727790045214,0.11332836530482572,0.10000615169575304,0.9956624605678234,0.0007886435331230284,0.0
ood_exposure,LOG_TRAIN_P99,0.99,0.1,0.9,0.05,2536,9,0.003548895899053628,1,0.1111111111111111,0.13459727790045214,0.11332836530482572,0.09805031573360792,0.9712145110410094,0.025236593059936908,0.0
ood_exposure,LOG_TRAIN_P99,0.99,0.1,0.9,0.1,2536,9,0.003548895899053628,1,0.1111111111111111,0.13459727790045214,0.11332836530482572,0.09776640406168363,0.9676656151419558,0.028785488958990538,0.0
ood_exposure,LOG_TRAIN_P99,0.99,0.1,0.95,0.01,2536,9,0.003548895899053628,1,0.1111111111111111,0.13459727790045214,0.11332836530482572,0.10000615169575304,0.9956624605678234,0.0007886435331230284,0.0
ood_exposure,LOG_TRAIN_P99,0.99,0.1,0.95,0.02,2536,9,0.003548895899053628,1,0.1111111111111111,0.13459727790045214,0.11332836530482572,0.10000615169575304,0.9956624605678234,0.0007886435331230284,0.0
ood_exposure,LOG_TRAIN_P99,0.99,0.1,0.95,0.05,2536,9,0.003548895899053628,1,0.1111111111111111,0.13459727790045214,0.11332836530482572,0.09805031573360792,0.9712145110410094,0.025236593059936908,0.0
ood_exposure,LOG_TRAIN_P99,0.99,0.1,0.95,0.1,2536,9,0.003548895899053628,1,0.1111111111111111,0.13459727790045214,0.11332836530482572,0.09805031573360792,0.9712145110410094,0.025236593059936908,0.0
ood_exposure,LOG_TRAIN_P99,0.99,0.1,0.97,0.01,2536,9,0.003548895899053628,1,0.1111111111111111,0.13459727790045214,0.11332836530482572,0.10000615169575304,0.9956624605678234,0.0007886435331230284,0.0
ood_exposure,LOG_TRAIN_P99,0.99,0.1,0.97,0.02,2536,9,0.003548895899053628,1,0.1111111111111111,0.13459727790045214,0.11332836530482572,0.10000615169575304,0.9956624605678234,0.0007886435331230284,0.0
ood_exposure,LOG_TRAIN_P99,0.99,0.1,0.97,0.05,2536,9,0.003548895899053628,1,0.1111111111111111,0.13459727790045214,0.11332836530482572,0.09931214538660477,0.98698738170347,0.00946372239747634,0.0
ood_exposure,LOG_TRAIN_P99,0.99,0.1,0.97,0.1,2536,9,0.003548895899053628,1,0.1111111111111111,0.13459727790045214,0.11332836530482572,0.09931214538660477,0.98698738170347,0.00946372239747634,0.0
ood_exposure,LOG_TRAIN_P99,0.99,0.1,0.99,0.01,2536,9,0.003548895899053628,1,0.1111111111111111,0.13459727790045214,0.11332836530482572,0.10000615169575304,0.9956624605678234,0.0007886435331230284,0.0
ood_exposure,LOG_TRAIN_P99,0.99,0.1,0.99,0.02,2536,9,0.003548895899053628,1,0.1111111111111111,0.13459727790045214,0.11332836530482572,0.10000615169575304,0.9956624605678234,0.0007886435331230284,0.0
ood_exposure,LOG_TRAIN_P99,0.99,0.1,0.99,0.05,2536,9,0.003548895899053628,1,0.1111111111111111,0.13459727790045214,0.11332836530482572,0.10000615169575304,0.9956624605678234,0.0007886435331230284,0.0
ood_exposure,LOG_TRAIN_P99,0.99,0.1,0.99,0.1,2536,9,0.003548895899053628,1,0.1111111111111111,0.13459727790045214,0.11332836530482572,0.10000615169575304,0.9956624605678234,0.0007886435331230284,0.0
ood_exposure,LOG_TRAIN_P99,0.99,0.2,0.9,0.01,2536,9,0.003548895899053628,1,0.1111111111111111,0.13459727790045214,0.11332836530482572,0.10000615169575304,0.9956624605678234,0.0007886435331230284,0.0
ood_exposure,LOG_TRAIN_P99,0.99,0.2,0.9,0.02,2536,9,0.003548895899053628,1,0.1111111111111111,0.13459727790045214,0.11332836530482572,0.10000615169575304,0.9956624605678234,0.0007886435331230284,0.0
ood_exposure,LOG_TRAIN_P99,0.99,0.2,0.9,0.05,2536,9,0.003548895899053628,1,0.1111111111111111,0.13459727790045214,0.11332836530482572,0.09805031573360792,0.9712145110410094,0.025236593059936908,0.0
ood_exposure,LOG_TRAIN_P99,0.99,0.2,0.9,0.1,2536,9,0.003548895899053628,1,0.1111111111111111,0.13459727790045214,0.11332836530482572,0.09776640406168363,0.9676656151419558,0.028785488958990538,0.0
ood_exposure,LOG_TRAIN_P99,0.99,0.2,0.95,0.01,2536,9,0.003548895899053628,1,0.1111111111111111,0.13459727790045214,0.11332836530482572,0.10000615169575304,0.9956624605678234,0.0007886435331230284,0.0
ood_exposure,LOG_TRAIN_P99,0.99,0.2,0.95,0.02,2536,9,0.003548895899053628,1,0.1111111111111111,0.13459727790045214,0.11332836530482572,0.10000615169575304,0.9956624605678234,0.0007886435331230284,0.0
ood_exposure,LOG_TRAIN_P99,0.99,0.2,0.95,0.05,2536,9,0.003548895899053628,1,0.1111111111111111,0.13459727790045214,0.11332836530482572,0.09805031573360792,0.9712145110410094,0.025236593059936908,0.0
ood_exposure,LOG_TRAIN_P99,0.99,0.2,0.95,0.1,2536,9,0.003548895899053628,1,0.1111111111111111,0.13459727790045214,0.11332836530482572,0.09805031573360792,0.9712145110410094,0.025236593059936908,0.0
ood_exposure,LOG_TRAIN_P99,0.99,0.2,0.97,0.01,2536,9,0.003548895899053628,1,0.1111111111111111,0.13459727790045214,0.11332836530482572,0.10000615169575304,0.9956624605678234,0.0007886435331230284,0.0
ood_exposure,LOG_TRAIN_P99,0.99,0.2,0.97,0.02,2536,9,0.003548895899053628,1,0.1111111111111111,0.13459727790045214,0.11332836530482572,0.10000615169575304,0.9956624605678234,0.0007886435331230284,0.0
ood_exposure,LOG_TRAIN_P99,0.99,0.2,0.97,0.05,2536,9,0.003548895899053628,1,0.1111111111111111,0.13459727790045214,0.11332836530482572,0.09931214538660477,0.98698738170347,0.00946372239747634,0.0
ood_exposure,LOG_TRAIN_P99,0.99,0.2,0.97,0.1,2536,9,0.003548895899053628,1,0.1111111111111111,0.13459727790045214,0.11332836530482572,0.09931214538660477,0.98698738170347,0.00946372239747634,0.0
ood_exposure,LOG_TRAIN_P99,0.99,0.2,0.99,0.01,2536,9,0.003548895899053628,1,0.1111111111111111,0.13459727790045214,0.11332836530482572,0.10000615169575304,0.9956624605678234,0.0007886435331230284,0.0
ood_exposure,LOG_TRAIN_P99,0.99,0.2,0.99,0.02,2536,9,0.003548895899053628,1,0.1111111111111111,0.13459727790045214,0.11332836530482572,0.10000615169575304,0.9956624605678234,0.0007886435331230284,0.0
ood_exposure,LOG_TRAIN_P99,0.99,0.2,0.99,0.05,2536,9,0.003548895899053628,1,0.1111111111111111,0.13459727790045214,0.11332836530482572,0.10000615169575304,0.9956624605678234,0.0007886435331230284,0.0
ood_exposure,LOG_TRAIN_P99,0.99,0.2,0.99,0.1,2536,9,0.003548895899053628,1,0.1111111111111111,0.13459727790045214,0.11332836530482572,0.10000615169575304,0.9956624605678234,0.0007886435331230284,0.0
